stimp,skill,slope_pct,clock,length_ft,rollout_m,solve_ok,make,make_se,three_plus,exp_strokes,exp_strokes_se,mean_past_miss_m,pct_miss_short,mean_leave_m,de_vs_best,de_pair_se
10,tour,0,12,10,0.00,true,0.27063,0.00497,0.00003,1.72940,0.00497,0.1609,0.6213,0.1957,0.12103,0.00477
10,tour,0,12,10,0.10,true,0.34000,0.00530,0.00007,1.66007,0.00530,0.2093,0.4134,0.2132,0.05170,0.00382
10,tour,0,12,10,0.20,true,0.38062,0.00543,0.00027,1.61964,0.00543,0.2729,0.2343,0.2667,0.01127,0.00259
10,tour,0,12,10,0.30,true,0.39250,0.00546,0.00087,1.60837,0.00547,0.3473,0.1121,0.3446,0.00000,0.00000
10,tour,0,12,10,0.40,true,0.38975,0.00545,0.00233,1.61258,0.00547,0.4323,0.0514,0.4342,0.00420,0.00199
10,tour,0,12,10,0.50,true,0.37825,0.00542,0.00516,1.62691,0.00547,0.5224,0.0215,0.5283,0.01854,0.00258
10,tour,0,12,10,0.60,true,0.36625,0.00539,0.01000,1.64375,0.00548,0.6168,0.0069,0.6259,0.03537,0.00297
10,tour,0,12,10,0.70,true,0.35213,0.00534,0.01743,1.66530,0.00549,0.7152,0.0031,0.7241,0.05693,0.00322
10,tour,0,12,10,0.80,true,0.33675,0.00528,0.02778,1.69103,0.00552,0.8147,0.0011,0.8235,0.08266,0.00349
10,tour,0,12,10,0.90,true,0.32450,0.00523,0.04103,1.71653,0.00557,0.9142,0.0002,0.9229,0.10816,0.00371
10,tour,0,12,10,1.00,true,0.30725,0.00516,0.05788,1.75063,0.00562,1.0149,0.0002,1.0228,0.14226,0.00400
10,tour,0,12,10,1.10,true,0.29063,0.00508,0.07776,1.78713,0.00568,1.1150,0.0000,1.1226,0.17876,0.00426
10,tour,0,12,10,1.20,true,0.27675,0.00500,0.10020,1.82345,0.00575,1.2155,0.0000,1.2226,0.21508,0.00449
10,tour,0,12,15,0.00,true,0.16550,0.00415,0.00077,1.83527,0.00416,0.2370,0.5755,0.2872,0.06381,0.00397
10,tour,0,12,15,0.10,true,0.19862,0.00446,0.00109,1.80246,0.00447,0.2844,0.4386,0.3021,0.03101,0.00344
10,tour,0,12,15,0.20,true,0.21875,0.00462,0.00207,1.78332,0.00464,0.3412,0.3179,0.3391,0.01187,0.00279
10,tour,0,12,15,0.30,true,0.23012,0.00471,0.00398,1.77385,0.00473,0.4035,0.2145,0.3953,0.00240,0.00198
10,tour,0,12,15,0.40,true,0.23575,0.00475,0.00720,1.77145,0.00480,0.4729,0.1315,0.4686,0.00000,0.00000
10,tour,0,12,15,0.50,true,0.23638,0.00475,0.01215,1.77577,0.00484,0.5536,0.0823,0.5515,0.00432,0.00172
10,tour,0,12,15,0.60,true,0.23175,0.00472,0.01942,1.78767,0.00485,0.6374,0.0444,0.6427,0.01622,0.00233
10,tour,0,12,15,0.70,true,0.22400,0.00466,0.02924,1.80524,0.00487,0.7261,0.0237,0.7358,0.03379,0.00266
10,tour,0,12,15,0.80,true,0.21575,0.00460,0.04189,1.82614,0.00489,0.8204,0.0135,0.8317,0.05469,0.00291
10,tour,0,12,15,0.90,true,0.20575,0.00452,0.05752,1.85177,0.00491,0.9156,0.0068,0.9288,0.08032,0.00314
10,tour,0,12,15,1.00,true,0.19912,0.00446,0.07581,1.87669,0.00497,1.0142,0.0030,1.0283,0.10524,0.00336
10,tour,0,12,15,1.10,true,0.18700,0.00436,0.09726,1.91026,0.00498,1.1140,0.0018,1.1275,0.13881,0.00362
10,tour,0,12,15,1.20,true,0.17663,0.00426,0.12094,1.94432,0.00501,1.2144,0.0011,1.2275,0.17287,0.00385
10,tour,0,12,20,0.00,true,0.11525,0.00357,0.00367,1.88842,0.00359,0.3209,0.5514,0.3839,0.03019,0.00328
10,tour,0,12,20,0.10,true,0.12987,0.00376,0.00437,1.87450,0.00378,0.3671,0.4505,0.3972,0.01627,0.00284
10,tour,0,12,20,0.20,true,0.13875,0.00386,0.00630,1.86755,0.00390,0.4187,0.3567,0.4267,0.00932,0.00233
10,tour,0,12,20,0.30,true,0.14888,0.00398,0.00964,1.86077,0.00404,0.4764,0.2735,0.4725,0.00254,0.00170
10,tour,0,12,20,0.40,true,0.15650,0.00406,0.01473,1.85823,0.00415,0.5401,0.1993,0.5336,0.00000,0.00000
10,tour,0,12,20,0.50,true,0.15675,0.00406,0.02185,1.86510,0.00420,0.6074,0.1387,0.6041,0.00687,0.00160
10,tour,0,12,20,0.60,true,0.15513,0.00405,0.03111,1.87599,0.00424,0.6822,0.0951,0.6827,0.01776,0.00212
10,tour,0,12,20,0.70,true,0.15075,0.00400,0.04295,1.89220,0.00427,0.7626,0.0634,0.7678,0.03397,0.00248
10,tour,0,12,20,0.80,true,0.14888,0.00398,0.05725,1.90838,0.00434,0.8499,0.0422,0.8590,0.05015,0.00276
10,tour,0,12,20,0.90,true,0.14375,0.00392,0.07416,1.93042,0.00438,0.9396,0.0274,0.9523,0.07219,0.00300
10,tour,0,12,20,1.00,true,0.13712,0.00385,0.09377,1.95665,0.00441,1.0331,0.0177,1.0484,0.09842,0.00322
10,tour,0,12,20,1.10,true,0.13025,0.00376,0.11538,1.98514,0.00443,1.1286,0.0114,1.1458,0.12691,0.00345
10,tour,0,12,20,1.20,true,0.12275,0.00367,0.13911,2.01638,0.00445,1.2233,0.0054,1.2440,0.15815,0.00364
10,scratch,0,12,10,0.00,true,0.23550,0.00474,0.00012,1.76462,0.00474,0.1728,0.6042,0.2108,0.10290,0.00452
10,scratch,0,12,10,0.10,true,0.29113,0.00508,0.00022,1.70910,0.00508,0.2221,0.4105,0.2294,0.04738,0.00360
10,scratch,0,12,10,0.20,true,0.32788,0.00525,0.00068,1.67280,0.00525,0.2827,0.2414,0.2804,0.01108,0.00235
10,scratch,0,12,10,0.30,true,0.34025,0.00530,0.00197,1.66172,0.00531,0.3542,0.1271,0.3532,0.00000,0.00000
10,scratch,0,12,10,0.40,true,0.34075,0.00530,0.00469,1.66394,0.00534,0.4370,0.0639,0.4396,0.00222,0.00192
10,scratch,0,12,10,0.50,true,0.33137,0.00526,0.00963,1.67826,0.00534,0.5269,0.0303,0.5332,0.01654,0.00254
10,scratch,0,12,10,0.60,true,0.32075,0.00522,0.01736,1.69661,0.00536,0.6198,0.0132,0.6292,0.03489,0.00290
10,scratch,0,12,10,0.70,true,0.30538,0.00515,0.02844,1.72306,0.00538,0.7164,0.0052,0.7273,0.06135,0.00325
10,scratch,0,12,10,0.80,true,0.28950,0.00507,0.04297,1.75347,0.00541,0.8150,0.0026,0.8256,0.09176,0.00354
10,scratch,0,12,10,0.90,true,0.27625,0.00500,0.06084,1.78459,0.00546,0.9143,0.0010,0.9249,0.12287,0.00379
10,scratch,0,12,10,1.00,true,0.26238,0.00492,0.08201,1.81964,0.00552,1.0135,0.0002,1.0240,0.15793,0.00404
10,scratch,0,12,10,1.10,true,0.25038,0.00484,0.10607,1.85571,0.00560,1.1138,0.0002,1.1237,0.19399,0.00426
10,scratch,0,12,10,1.20,true,0.23738,0.00476,0.13311,1.89576,0.00567,1.2148,0.0000,1.2244,0.23404,0.00448
10,scratch,0,12,15,0.00,true,0.13887,0.00387,0.00204,1.86317,0.00388,0.2562,0.5642,0.3149,0.04260,0.00371
10,scratch,0,12,15,0.10,true,0.16237,0.00412,0.00268,1.84031,0.00414,0.3013,0.4350,0.3296,0.01974,0.00316
10,scratch,0,12,15,0.20,true,0.17613,0.00426,0.00452,1.82840,0.00429,0.3578,0.3226,0.3656,0.00783,0.00253
10,scratch,0,12,15,0.30,true,0.18500,0.00434,0.00783,1.82283,0.00439,0.4196,0.2275,0.4190,0.00227,0.00180
10,scratch,0,12,15,0.40,true,0.19262,0.00441,0.01319,1.82057,0.00450,0.4885,0.1500,0.4887,0.00000,0.00000
10,scratch,0,12,15,0.50,true,0.19150,0.00440,0.02089,1.82940,0.00454,0.5657,0.0993,0.5671,0.00883,0.00158
10,scratch,0,12,15,0.60,true,0.19087,0.00439,0.03151,1.84064,0.00460,0.6467,0.0592,0.6547,0.02007,0.00212
10,scratch,0,12,15,0.70,true,0.18438,0.00434,0.04516,1.86079,0.00463,0.7328,0.0340,0.7460,0.04022,0.00251
10,scratch,0,12,15,0.80,true,0.17800,0.00428,0.06187,1.88388,0.00468,0.8237,0.0187,0.8406,0.06331,0.00281
10,scratch,0,12,15,0.90,true,0.16650,0.00416,0.08203,1.91554,0.00468,0.9186,0.0111,0.9365,0.09497,0.00311
10,scratch,0,12,15,1.00,true,0.15975,0.00410,0.10448,1.94474,0.00474,1.0141,0.0058,1.0334,0.12417,0.00329
10,scratch,0,12,15,1.10,true,0.15413,0.00404,0.12956,1.97546,0.00481,1.1134,0.0031,1.1330,0.15489,0.00350
10,scratch,0,12,15,1.20,true,0.14550,0.00394,0.15727,2.01181,0.00485,1.2140,0.0018,1.2332,0.19124,0.00374
10,scratch,0,12,20,0.00,true,0.09062,0.00321,0.00826,1.91764,0.00325,0.3423,0.5395,0.4259,0.01408,0.00262
10,scratch,0,12,20,0.10,true,0.10038,0.00336,0.00958,1.90921,0.00341,0.3880,0.4460,0.4395,0.00564,0.00216
10,scratch,0,12,20,0.20,true,0.10775,0.00347,0.01280,1.90505,0.00354,0.4389,0.3586,0.4687,0.00149,0.00155
10,scratch,0,12,20,0.30,true,0.11450,0.00356,0.01806,1.90356,0.00366,0.4951,0.2789,0.5127,0.00000,0.00000
10,scratch,0,12,20,0.40,true,0.12000,0.00363,0.02571,1.90571,0.00379,0.5591,0.2126,0.5699,0.00215,0.00148
10,scratch,0,12,20,0.50,true,0.12087,0.00364,0.03589,1.91502,0.00386,0.6262,0.1571,0.6361,0.01145,0.00196
10,scratch,0,12,20,0.60,true,0.12037,0.00364,0.04866,1.92829,0.00393,0.6965,0.1097,0.7112,0.02472,0.00236
10,scratch,0,12,20,0.70,true,0.11962,0.00363,0.06425,1.94463,0.00402,0.7775,0.0788,0.7938,0.04107,0.00266
10,scratch,0,12,20,0.80,true,0.11663,0.00359,0.08271,1.96610,0.00409,0.8606,0.0532,0.8818,0.06253,0.00293
10,scratch,0,12,20,0.90,true,0.11100,0.00351,0.10396,1.99298,0.00412,0.9492,0.0364,0.9733,0.08942,0.00320
10,scratch,0,12,20,1.00,true,0.10562,0.00344,0.12702,2.02142,0.00416,1.0383,0.0240,1.0657,0.11786,0.00339
10,scratch,0,12,20,1.10,true,0.09963,0.00335,0.15213,2.05255,0.00419,1.1310,0.0162,1.1600,0.14899,0.00356
10,scratch,0,12,20,1.20,true,0.09438,0.00327,0.17889,2.08457,0.00422,1.2264,0.0113,1.2562,0.18101,0.00373
10,mid,0,12,10,0.00,true,0.18413,0.00433,0.00085,1.81673,0.00434,0.1887,0.5779,0.2368,0.07001,0.00410
10,mid,0,12,10,0.10,true,0.22387,0.00466,0.00130,1.77742,0.00467,0.2373,0.4055,0.2558,0.03071,0.00331
10,mid,0,12,10,0.20,true,0.25212,0.00485,0.00305,1.75093,0.00488,0.2978,0.2544,0.3045,0.00421,0.00227
10,mid,0,12,10,0.30,true,0.26025,0.00491,0.00696,1.74672,0.00496,0.3673,0.1462,0.3729,0.00000,0.00000
10,mid,0,12,10,0.40,true,0.25900,0.00490,0.01385,1.75485,0.00500,0.4457,0.0798,0.4541,0.00814,0.00185
10,mid,0,12,10,0.50,true,0.25175,0.00485,0.02472,1.77298,0.00504,0.5314,0.0416,0.5433,0.02626,0.00245
10,mid,0,12,10,0.60,true,0.24525,0.00481,0.03987,1.79463,0.00510,0.6220,0.0202,0.6372,0.04791,0.00280
10,mid,0,12,10,0.70,true,0.23638,0.00475,0.05952,1.82317,0.00518,0.7173,0.0106,0.7334,0.07645,0.00306
10,mid,0,12,10,0.80,true,0.22500,0.00467,0.08352,1.85856,0.00525,0.8138,0.0045,0.8312,0.11184,0.00335
10,mid,0,12,10,0.90,true,0.21150,0.00457,0.11114,1.89970,0.00531,0.9120,0.0027,0.9288,0.15298,0.00362
10,mid,0,12,10,1.00,true,0.20037,0.00448,0.14161,1.94133,0.00539,1.0107,0.0011,1.0276,0.19461,0.00385
10,mid,0,12,10,1.10,true,0.19000,0.00439,0.17430,1.98444,0.00547,1.1106,0.0002,1.1275,0.23772,0.00409
10,mid,0,12,10,1.20,true,0.17900,0.00429,0.20875,2.02995,0.00553,1.2115,0.0002,1.2277,0.28323,0.00432
10,mid,0,12,15,0.00,true,0.10000,0.00335,0.00831,1.90832,0.00340,0.2817,0.5486,0.3645,0.02044,0.00259
10,mid,0,12,15,0.10,true,0.11575,0.00358,0.01008,1.89433,0.00363,0.3274,0.4320,0.3811,0.00646,0.00178
10,mid,0,12,15,0.20,true,0.12662,0.00372,0.01449,1.88787,0.00380,0.3823,0.3300,0.4160,0.00000,0.00000
10,mid,0,12,15,0.30,true,0.12987,0.00376,0.02204,1.89218,0.00389,0.4405,0.2405,0.4654,0.00430,0.00160
10,mid,0,12,15,0.40,true,0.13350,0.00380,0.03299,1.89951,0.00401,0.5080,0.1715,0.5288,0.01163,0.00214
10,mid,0,12,15,0.50,true,0.13662,0.00384,0.04739,1.91079,0.00414,0.5792,0.1145,0.6032,0.02292,0.00253
10,mid,0,12,15,0.60,true,0.13650,0.00384,0.06549,1.92903,0.00426,0.6601,0.0789,0.6848,0.04115,0.00283
10,mid,0,12,15,0.70,true,0.13225,0.00379,0.08766,1.95546,0.00433,0.7427,0.0481,0.7733,0.06759,0.00317
10,mid,0,12,15,0.80,true,0.12662,0.00372,0.11299,1.98645,0.00440,0.8305,0.0302,0.8638,0.09857,0.00339
10,mid,0,12,15,0.90,true,0.12112,0.00365,0.14123,2.02023,0.00448,0.9221,0.0178,0.9582,0.13235,0.00361
10,mid,0,12,15,1.00,true,0.11638,0.00359,0.17148,2.05527,0.00456,1.0171,0.0113,1.0537,0.16740,0.00379
10,mid,0,12,15,1.10,true,0.11150,0.00352,0.20306,2.09178,0.00462,1.1119,0.0068,1.1491,0.20391,0.00393
10,mid,0,12,15,1.20,true,0.10600,0.00344,0.23612,2.13042,0.00467,1.2090,0.0038,1.2465,0.24254,0.00407
10,mid,0,12,20,0.00,true,0.06162,0.00269,0.02846,1.96685,0.00284,0.3715,0.5286,0.5062,0.00245,0.00129
10,mid,0,12,20,0.10,true,0.06725,0.00280,0.03164,1.96440,0.00297,0.4169,0.4438,0.5212,0.00000,0.00000
10,mid,0,12,20,0.20,true,0.07050,0.00286,0.03832,1.96784,0.00308,0.4693,0.3655,0.5504,0.00344,0.00140
10,mid,0,12,20,0.30,true,0.07325,0.00291,0.04847,1.97525,0.00320,0.5256,0.2944,0.5918,0.01085,0.00190
10,mid,0,12,20,0.40,true,0.07637,0.00297,0.06203,1.98569,0.00334,0.5876,0.2324,0.6453,0.02129,0.00231
10,mid,0,12,20,0.50,true,0.07838,0.00300,0.07877,2.00045,0.00348,0.6519,0.1778,0.7074,0.03605,0.00261
10,mid,0,12,20,0.60,true,0.07863,0.00301,0.09866,2.02011,0.00360,0.7205,0.1325,0.7773,0.05571,0.00286
10,mid,0,12,20,0.70,true,0.07687,0.00298,0.12150,2.04473,0.00370,0.7949,0.0976,0.8534,0.08033,0.00309
10,mid,0,12,20,0.80,true,0.07362,0.00292,0.14710,2.07361,0.00377,0.8744,0.0711,0.9349,0.10921,0.00330
10,mid,0,12,20,0.90,true,0.07137,0.00288,0.17464,2.10346,0.00385,0.9574,0.0505,1.0209,0.13906,0.00350
10,mid,0,12,20,1.00,true,0.06888,0.00283,0.20408,2.13546,0.00393,1.0456,0.0360,1.1111,0.17106,0.00370
10,mid,0,12,20,1.10,true,0.06413,0.00274,0.23469,2.17090,0.00394,1.1364,0.0271,1.2015,0.20650,0.00385
10,mid,0,12,20,1.20,true,0.05875,0.00263,0.26657,2.20825,0.00393,1.2264,0.0179,1.2943,0.24385,0.00397
10,high,0,12,10,0.00,true,0.14400,0.00393,0.00346,1.85946,0.00394,0.2064,0.5599,0.2662,0.04824,0.00367
10,high,0,12,10,0.10,true,0.17413,0.00424,0.00496,1.83084,0.00427,0.2576,0.4102,0.2862,0.01961,0.00293
10,high,0,12,10,0.20,true,0.19587,0.00444,0.00939,1.81352,0.00450,0.3153,0.2756,0.3307,0.00230,0.00200
10,high,0,12,10,0.30,true,0.20650,0.00453,0.01771,1.81122,0.00465,0.3801,0.1679,0.3947,0.00000,0.00000
10,high,0,12,10,0.40,true,0.20863,0.00454,0.03087,1.82227,0.00476,0.4570,0.1003,0.4727,0.01104,0.00175
10,high,0,12,10,0.50,true,0.20325,0.00450,0.04939,1.84619,0.00485,0.5391,0.0562,0.5585,0.03497,0.00237
10,high,0,12,10,0.60,true,0.19525,0.00443,0.07300,1.87784,0.00494,0.6281,0.0334,0.6488,0.06661,0.00275
10,high,0,12,10,0.70,true,0.18800,0.00437,0.10119,1.91333,0.00505,0.7199,0.0172,0.7438,0.10211,0.00311
10,high,0,12,10,0.80,true,0.17913,0.00429,0.13342,1.95450,0.00515,0.8152,0.0091,0.8404,0.14328,0.00341
10,high,0,12,10,0.90,true,0.16787,0.00418,0.16874,2.00117,0.00522,0.9113,0.0044,0.9373,0.18995,0.00368
10,high,0,12,10,1.00,true,0.15925,0.00409,0.20581,2.04701,0.00531,1.0103,0.0028,1.0356,0.23578,0.00390
10,high,0,12,10,1.10,true,0.15188,0.00401,0.24358,2.09232,0.00539,1.1095,0.0018,1.1345,0.28109,0.00411
10,high,0,12,10,1.20,true,0.14275,0.00391,0.28202,2.14011,0.00543,1.2078,0.0004,1.2333,0.32889,0.00431
10,high,0,12,15,0.00,true,0.07650,0.00297,0.02475,1.94828,0.00311,0.3099,0.5391,0.4215,0.00852,0.00225
10,high,0,12,15,0.10,true,0.08825,0.00317,0.02853,1.94031,0.00333,0.3561,0.4371,0.4387,0.00056,0.00167
10,high,0,12,15,0.20,true,0.09700,0.00331,0.03672,1.93976,0.00353,0.4092,0.3421,0.4730,0.00000,0.00000
10,high,0,12,15,0.30,true,0.09925,0.00334,0.04953,1.95034,0.00365,0.4681,0.2620,0.5199,0.01058,0.00141
10,high,0,12,15,0.40,true,0.10250,0.00339,0.06647,1.96406,0.00381,0.5333,0.1955,0.5795,0.02431,0.00199
10,high,0,12,15,0.50,true,0.10262,0.00339,0.08776,1.98528,0.00395,0.6029,0.1419,0.6484,0.04552,0.00235
10,high,0,12,15,0.60,true,0.10262,0.00339,0.11311,2.01069,0.00409,0.6788,0.1004,0.7261,0.07093,0.00270
10,high,0,12,15,0.70,true,0.10075,0.00337,0.14175,2.04129,0.00422,0.7597,0.0709,0.8090,0.10154,0.00298
10,high,0,12,15,0.80,true,0.09975,0.00335,0.17274,2.07339,0.00436,0.8413,0.0457,0.8965,0.13364,0.00322
10,high,0,12,15,0.90,true,0.09638,0.00330,0.20601,2.11018,0.00446,0.9288,0.0300,0.9869,0.17043,0.00344
10,high,0,12,15,1.00,true,0.09062,0.00321,0.24113,2.15123,0.00450,1.0184,0.0190,1.0789,0.21147,0.00364
10,high,0,12,15,1.10,true,0.08425,0.00311,0.27744,2.19413,0.00451,1.1126,0.0130,1.1731,0.25438,0.00381
10,high,0,12,15,1.20,true,0.07913,0.00302,0.31387,2.23595,0.00453,1.2082,0.0088,1.2688,0.29619,0.00396
10,high,0,12,20,0.00,true,0.04500,0.00232,0.07333,2.02843,0.00274,0.4083,0.5247,0.5984,0.00000,0.00000
10,high,0,12,20,0.10,true,0.04700,0.00237,0.07909,2.03220,0.00282,0.4537,0.4482,0.6145,0.00377,0.00110
10,high,0,12,20,0.20,true,0.04938,0.00242,0.08903,2.03979,0.00295,0.5053,0.3787,0.6429,0.01136,0.00156
10,high,0,12,20,0.30,true,0.05075,0.00245,0.10321,2.05265,0.00307,0.5599,0.3133,0.6823,0.02422,0.00196
10,high,0,12,20,0.40,true,0.05400,0.00253,0.12139,2.06763,0.00326,0.6210,0.2557,0.7332,0.03921,0.00236
10,high,0,12,20,0.50,true,0.05550,0.00256,0.14287,2.08769,0.00341,0.6836,0.2045,0.7915,0.05926,0.00268
10,high,0,12,20,0.60,true,0.05462,0.00254,0.16751,2.11331,0.00353,0.7504,0.1607,0.8568,0.08488,0.00295
10,high,0,12,20,0.70,true,0.05175,0.00248,0.19499,2.14379,0.00359,0.8179,0.1210,0.9278,0.11537,0.00318
10,high,0,12,20,0.80,true,0.05050,0.00245,0.22452,2.17474,0.00369,0.8943,0.0923,1.0055,0.14631,0.00343
10,high,0,12,20,0.90,true,0.04688,0.00236,0.25553,2.20956,0.00372,0.9738,0.0702,1.0859,0.18113,0.00361
10,high,0,12,20,1.00,true,0.04575,0.00234,0.28719,2.24257,0.00379,1.0564,0.0519,1.1713,0.21414,0.00379
10,high,0,12,20,1.10,true,0.04412,0.00230,0.31964,2.27692,0.00384,1.1446,0.0398,1.2600,0.24850,0.00396
10,high,0,12,20,1.20,true,0.04175,0.00224,0.35245,2.31242,0.00385,1.2338,0.0299,1.3503,0.28399,0.00408
10,hcp30,0,12,10,0.00,true,0.12687,0.00372,0.06347,1.93761,0.00419,0.4065,0.5588,0.4440,0.01269,0.00276
10,hcp30,0,12,10,0.10,true,0.14538,0.00394,0.06922,1.92500,0.00447,0.4659,0.4835,0.4645,0.00009,0.00187
10,hcp30,0,12,10,0.20,true,0.15700,0.00407,0.08045,1.92492,0.00470,0.5226,0.4084,0.4972,0.00000,0.00000
10,hcp30,0,12,10,0.30,true,0.16562,0.00416,0.09678,1.93309,0.00494,0.5852,0.3393,0.5438,0.00818,0.00194
10,hcp30,0,12,10,0.40,true,0.17125,0.00421,0.11778,1.94913,0.00517,0.6552,0.2824,0.6016,0.02421,0.00272
10,hcp30,0,12,10,0.50,true,0.17713,0.00427,0.14191,1.96822,0.00542,0.7217,0.2254,0.6692,0.04331,0.00329
10,hcp30,0,12,10,0.60,true,0.17938,0.00429,0.16910,1.99423,0.00564,0.7999,0.1842,0.7454,0.06931,0.00384
10,hcp30,0,12,10,0.70,true,0.17750,0.00427,0.19842,2.02669,0.00583,0.8769,0.1473,0.8261,0.10177,0.00430
10,hcp30,0,12,10,0.80,true,0.17613,0.00426,0.22950,2.06066,0.00601,0.9597,0.1173,0.9138,0.13575,0.00476
10,hcp30,0,12,10,0.90,true,0.17087,0.00421,0.26197,2.10018,0.00615,1.0462,0.0953,1.0037,0.17526,0.00513
10,hcp30,0,12,10,1.00,true,0.16500,0.00415,0.29446,2.14058,0.00626,1.1326,0.0766,1.0953,0.21566,0.00543
10,hcp30,0,12,10,1.10,true,0.15912,0.00409,0.32718,2.18145,0.00635,1.2202,0.0601,1.1902,0.25653,0.00573
10,hcp30,0,12,10,1.20,true,0.15138,0.00401,0.35978,2.22434,0.00640,1.3110,0.0488,1.2854,0.29942,0.00597
10,hcp30,0,12,15,0.00,true,0.07562,0.00296,0.15710,2.08538,0.00411,0.6118,0.5367,0.6706,0.00005,0.00141
10,hcp30,0,12,15,0.10,true,0.08188,0.00307,0.16300,2.08533,0.00426,0.6672,0.4865,0.6882,0.00000,0.00000
10,hcp30,0,12,15,0.20,true,0.08650,0.00314,0.17291,2.09114,0.00442,0.7221,0.4339,0.7165,0.00581,0.00153
10,hcp30,0,12,15,0.30,true,0.09025,0.00320,0.18610,2.10129,0.00458,0.7787,0.3836,0.7539,0.01596,0.00221
10,hcp30,0,12,15,0.40,true,0.09425,0.00327,0.20202,2.11412,0.00476,0.8429,0.3410,0.7995,0.02878,0.00276
10,hcp30,0,12,15,0.50,true,0.09463,0.00327,0.22123,2.13407,0.00489,0.9091,0.3019,0.8517,0.04874,0.00324
10,hcp30,0,12,15,0.60,true,0.09388,0.00326,0.24248,2.15742,0.00501,0.9762,0.2662,0.9096,0.07209,0.00366
10,hcp30,0,12,15,0.70,true,0.09325,0.00325,0.26518,2.18232,0.00513,1.0412,0.2308,0.9731,0.09698,0.00403
10,hcp30,0,12,15,0.80,true,0.09275,0.00324,0.28965,2.20908,0.00525,1.1190,0.2046,1.0436,0.12375,0.00443
10,hcp30,0,12,15,0.90,true,0.09125,0.00322,0.31511,2.23805,0.00536,1.1944,0.1788,1.1182,0.15272,0.00480
10,hcp30,0,12,15,1.00,true,0.08900,0.00318,0.34180,2.26929,0.00544,1.2735,0.1556,1.1986,0.18396,0.00517
10,hcp30,0,12,15,1.10,true,0.08662,0.00314,0.36842,2.30079,0.00551,1.3516,0.1340,1.2814,0.21545,0.00547
10,hcp30,0,12,15,1.20,true,0.08525,0.00312,0.39509,2.33155,0.00558,1.4275,0.1111,1.3691,0.24621,0.00578
10,hcp30,0,12,20,0.00,true,0.04838,0.00240,0.25143,2.21145,0.00411,0.8131,0.5212,0.8960,0.00000,0.00000
10,hcp30,0,12,20,0.10,true,0.05050,0.00245,0.25741,2.21577,0.00419,0.8640,0.4803,0.9145,0.00432,0.00124
10,hcp30,0,12,20,0.20,true,0.05187,0.00248,0.26609,2.22378,0.00428,0.9198,0.4417,0.9406,0.01233,0.00184
10,hcp30,0,12,20,0.30,true,0.05175,0.00248,0.27693,2.23565,0.00434,0.9786,0.4068,0.9719,0.02420,0.00229
10,hcp30,0,12,20,0.40,true,0.05200,0.00248,0.29016,2.24975,0.00442,1.0392,0.3722,1.0113,0.03830,0.00281
10,hcp30,0,12,20,0.50,true,0.05212,0.00249,0.30464,2.26542,0.00451,1.0973,0.3385,1.0551,0.05397,0.00320
10,hcp30,0,12,20,0.60,true,0.05125,0.00247,0.32086,2.28404,0.00458,1.1620,0.3095,1.1042,0.07258,0.00361
10,hcp30,0,12,20,0.70,true,0.04963,0.00243,0.33902,2.30561,0.00463,1.2266,0.2803,1.1594,0.09416,0.00402
10,hcp30,0,12,20,0.80,true,0.05125,0.00247,0.35739,2.32430,0.00476,1.3001,0.2568,1.2207,0.11285,0.00439
10,hcp30,0,12,20,0.90,true,0.04988,0.00243,0.37748,2.34798,0.00481,1.3695,0.2322,1.2854,0.13652,0.00475
10,hcp30,0,12,20,1.00,true,0.04850,0.00240,0.39815,2.37242,0.00486,1.4389,0.2085,1.3541,0.16097,0.00508
10,hcp30,0,12,20,1.10,true,0.04725,0.00237,0.41877,2.39687,0.00490,1.5093,0.1868,1.4255,0.18542,0.00537
10,hcp30,0,12,20,1.20,true,0.04650,0.00235,0.43963,2.42126,0.00494,1.5853,0.1686,1.5011,0.20981,0.00563
10,tour,1,12,10,0.00,true,0.28587,0.00505,0.00003,1.71415,0.00505,0.1634,0.6447,0.1964,0.13102,0.00484
10,tour,1,12,10,0.10,true,0.35613,0.00535,0.00010,1.64397,0.00535,0.2121,0.4403,0.2116,0.06083,0.00394
10,tour,1,12,10,0.20,true,0.39687,0.00547,0.00036,1.60349,0.00547,0.2726,0.2566,0.2610,0.02035,0.00266
10,tour,1,12,10,0.30,true,0.41800,0.00551,0.00114,1.58314,0.00553,0.3448,0.1229,0.3384,0.00000,0.00000
10,tour,1,12,10,0.40,true,0.41487,0.00551,0.00290,1.58803,0.00554,0.4277,0.0515,0.4287,0.00489,0.00220
10,tour,1,12,10,0.50,true,0.40100,0.00548,0.00630,1.60530,0.00554,0.5175,0.0219,0.5223,0.02216,0.00276
10,tour,1,12,10,0.60,true,0.38900,0.00545,0.01191,1.62291,0.00556,0.6130,0.0080,0.6204,0.03977,0.00312
10,tour,1,12,10,0.70,true,0.37475,0.00541,0.01985,1.64510,0.00559,0.7084,0.0034,0.7162,0.06196,0.00340
10,tour,1,12,10,0.80,true,0.35800,0.00536,0.03078,1.67278,0.00563,0.8055,0.0008,0.8138,0.08964,0.00367
10,tour,1,12,10,0.90,true,0.34213,0.00530,0.04514,1.70301,0.00569,0.9067,0.0004,0.9143,0.11987,0.00392
10,tour,1,12,10,1.00,true,0.32750,0.00525,0.06175,1.73425,0.00576,1.0026,0.0002,1.0098,0.15111,0.00412
10,tour,1,12,10,1.10,true,0.31212,0.00518,0.08183,1.76971,0.00584,1.1021,0.0002,1.1088,0.18657,0.00435
10,tour,1,12,10,1.20,true,0.29762,0.00511,0.10602,1.80840,0.00594,1.2084,0.0002,1.2146,0.22526,0.00460
10,tour,1,12,15,0.00,true,0.18050,0.00430,0.00072,1.82022,0.00430,0.2429,0.5746,0.2845,0.06960,0.00421
10,tour,1,12,15,0.10,true,0.21163,0.00457,0.00122,1.78960,0.00457,0.2904,0.4375,0.3000,0.03898,0.00357
10,tour,1,12,15,0.20,true,0.23763,0.00476,0.00242,1.76480,0.00478,0.3458,0.3086,0.3404,0.01418,0.00280
10,tour,1,12,15,0.30,true,0.25225,0.00486,0.00472,1.75247,0.00489,0.4110,0.2116,0.3982,0.00185,0.00210
10,tour,1,12,15,0.40,true,0.25800,0.00489,0.00862,1.75062,0.00496,0.4845,0.1336,0.4737,0.00000,0.00000
10,tour,1,12,15,0.50,true,0.25888,0.00490,0.01452,1.75564,0.00501,0.5635,0.0789,0.5590,0.00502,0.00175
10,tour,1,12,15,0.60,true,0.25562,0.00488,0.02279,1.76717,0.00505,0.6487,0.0450,0.6500,0.01655,0.00229
10,tour,1,12,15,0.70,true,0.24975,0.00484,0.03362,1.78388,0.00509,0.7369,0.0240,0.7436,0.03326,0.00263
10,tour,1,12,15,0.80,true,0.23950,0.00477,0.04746,1.80796,0.00512,0.8289,0.0117,0.8393,0.05734,0.00294
10,tour,1,12,15,0.90,true,0.22825,0.00469,0.06430,1.83605,0.00515,0.9241,0.0057,0.9361,0.08543,0.00318
10,tour,1,12,15,1.00,true,0.21688,0.00461,0.08410,1.86723,0.00518,1.0215,0.0027,1.0340,0.11661,0.00341
10,tour,1,12,15,1.10,true,0.20913,0.00455,0.10593,1.89681,0.00526,1.1198,0.0014,1.1322,0.14619,0.00359
10,tour,1,12,15,1.20,true,0.19875,0.00446,0.13085,1.93211,0.00531,1.2214,0.0009,1.2332,0.18149,0.00382
10,tour,1,12,20,0.00,true,0.12287,0.00367,0.00375,1.88088,0.00369,0.3235,0.5544,0.3796,0.03445,0.00334
10,tour,1,12,20,0.10,true,0.14037,0.00388,0.00495,1.86457,0.00391,0.3690,0.4548,0.3920,0.01814,0.00293
10,tour,1,12,20,0.20,true,0.15063,0.00400,0.00749,1.85686,0.00404,0.4203,0.3597,0.4213,0.01043,0.00235
10,tour,1,12,20,0.30,true,0.16437,0.00414,0.01152,1.84715,0.00422,0.4786,0.2727,0.4692,0.00072,0.00159
10,tour,1,12,20,0.40,true,0.17075,0.00421,0.01718,1.84643,0.00432,0.5412,0.2021,0.5282,0.00000,0.00000
10,tour,1,12,20,0.50,true,0.17588,0.00426,0.02511,1.84924,0.00442,0.6113,0.1409,0.6016,0.00281,0.00166
10,tour,1,12,20,0.60,true,0.17575,0.00426,0.03518,1.85943,0.00449,0.6857,0.0958,0.6816,0.01300,0.00219
10,tour,1,12,20,0.70,true,0.17213,0.00422,0.04780,1.87567,0.00454,0.7659,0.0642,0.7669,0.02924,0.00254
10,tour,1,12,20,0.80,true,0.16900,0.00419,0.06309,1.89409,0.00461,0.8530,0.0430,0.8581,0.04766,0.00282
10,tour,1,12,20,0.90,true,0.16250,0.00412,0.08142,1.91892,0.00465,0.9444,0.0272,0.9541,0.07249,0.00310
10,tour,1,12,20,1.00,true,0.15725,0.00407,0.10139,1.94415,0.00471,1.0361,0.0174,1.0487,0.09772,0.00329
10,tour,1,12,20,1.10,true,0.14938,0.00399,0.12423,1.97486,0.00475,1.1326,0.0112,1.1469,0.12843,0.00351
10,tour,1,12,20,1.20,true,0.14325,0.00392,0.14840,2.00516,0.00480,1.2295,0.0069,1.2454,0.15873,0.00371
10,tour,1,3,10,0.00,true,0.25638,0.00488,0.00003,1.74365,0.00488,0.1553,0.6231,0.2001,0.13223,0.00510
10,tour,1,3,10,0.10,true,0.33300,0.00527,0.00008,1.66708,0.00527,0.2136,0.4114,0.2178,0.05566,0.00388
10,tour,1,3,10,0.20,true,0.37325,0.00541,0.00031,1.62706,0.00541,0.2777,0.2347,0.2713,0.01564,0.00255
10,tour,1,3,10,0.30,true,0.38950,0.00545,0.00092,1.61142,0.00546,0.3450,0.1167,0.3437,0.00000,0.00000
10,tour,1,3,10,0.40,true,0.38875,0.00545,0.00244,1.61369,0.00547,0.4288,0.0558,0.4315,0.00227,0.00204
10,tour,1,3,10,0.50,true,0.38288,0.00543,0.00533,1.62246,0.00548,0.5143,0.0209,0.5233,0.01104,0.00266
10,tour,1,3,10,0.60,true,0.37062,0.00540,0.01078,1.64016,0.00550,0.6121,0.0066,0.6237,0.02874,0.00306
10,tour,1,3,10,0.70,true,0.35875,0.00536,0.01907,1.66032,0.00553,0.7111,0.0016,0.7234,0.04890,0.00333
10,tour,1,3,10,0.80,true,0.34637,0.00532,0.03104,1.68467,0.00559,0.8144,0.0002,0.8263,0.07325,0.00357
10,tour,1,3,10,0.90,true,0.33325,0.00527,0.04615,1.71290,0.00566,0.9148,0.0002,0.9259,0.10148,0.00381
10,tour,1,3,10,1.00,true,0.31438,0.00519,0.06507,1.75070,0.00572,1.0151,0.0002,1.0255,0.13928,0.00409
10,tour,1,3,10,1.10,true,0.29962,0.00512,0.08691,1.78730,0.00581,1.1162,0.0000,1.1265,0.17587,0.00434
10,tour,1,3,10,1.20,true,0.28400,0.00504,0.10938,1.82539,0.00587,1.2089,0.0000,1.2189,0.21397,0.00456
10,tour,1,3,15,0.00,true,0.15625,0.00406,0.00075,1.84450,0.00406,0.2223,0.5833,0.2881,0.06977,0.00460
10,tour,1,3,15,0.10,true,0.19075,0.00439,0.00108,1.81033,0.00440,0.2862,0.4379,0.3024,0.03561,0.00378
10,tour,1,3,15,0.20,true,0.21125,0.00456,0.00202,1.79077,0.00458,0.3385,0.3239,0.3367,0.01605,0.00307
10,tour,1,3,15,0.30,true,0.22300,0.00465,0.00400,1.78100,0.00468,0.3966,0.2107,0.3936,0.00628,0.00218
10,tour,1,3,15,0.40,true,0.23275,0.00472,0.00747,1.77472,0.00478,0.4689,0.1323,0.4676,0.00000,0.00000
10,tour,1,3,15,0.50,true,0.23125,0.00471,0.01278,1.78153,0.00480,0.5441,0.0808,0.5470,0.00681,0.00170
10,tour,1,3,15,0.60,true,0.22475,0.00467,0.02103,1.79628,0.00481,0.6318,0.0471,0.6385,0.02156,0.00232
10,tour,1,3,15,0.70,true,0.21550,0.00460,0.03243,1.81693,0.00482,0.7244,0.0261,0.7349,0.04221,0.00277
10,tour,1,3,15,0.80,true,0.21025,0.00456,0.04535,1.83510,0.00487,0.8115,0.0144,0.8251,0.06038,0.00306
10,tour,1,3,15,0.90,true,0.20225,0.00449,0.06202,1.85978,0.00491,0.9056,0.0078,0.9207,0.08505,0.00328
10,tour,1,3,15,1.00,true,0.19450,0.00443,0.08117,1.88668,0.00496,0.9999,0.0040,1.0160,0.11196,0.00354
10,tour,1,3,15,1.10,true,0.18425,0.00433,0.10467,1.92044,0.00500,1.1030,0.0020,1.1193,0.14571,0.00376
10,tour,1,3,15,1.20,true,0.17425,0.00424,0.12933,1.95509,0.00503,1.2021,0.0012,1.2180,0.18037,0.00397
10,tour,1,3,20,0.00,true,0.09850,0.00333,0.00366,1.90516,0.00335,0.2965,0.5546,0.3803,0.03742,0.00398
10,tour,1,3,20,0.10,true,0.11737,0.00360,0.00462,1.88724,0.00362,0.3609,0.4448,0.3947,0.01951,0.00318
10,tour,1,3,20,0.20,true,0.13175,0.00378,0.00659,1.87484,0.00382,0.4099,0.3555,0.4234,0.00711,0.00264
10,tour,1,3,20,0.30,true,0.14125,0.00389,0.01040,1.86915,0.00395,0.4682,0.2643,0.4713,0.00141,0.00187
10,tour,1,3,20,0.40,true,0.14813,0.00397,0.01586,1.86774,0.00407,0.5281,0.1865,0.5322,0.00000,0.00000
10,tour,1,3,20,0.50,true,0.14788,0.00397,0.02348,1.87560,0.00411,0.5991,0.1336,0.6023,0.00787,0.00162
10,tour,1,3,20,0.60,true,0.14600,0.00395,0.03440,1.88840,0.00416,0.6802,0.0881,0.6876,0.02066,0.00229
10,tour,1,3,20,0.70,true,0.14463,0.00393,0.04606,1.90143,0.00422,0.7565,0.0628,0.7661,0.03370,0.00265
10,tour,1,3,20,0.80,true,0.14100,0.00389,0.06072,1.91973,0.00427,0.8393,0.0429,0.8521,0.05199,0.00289
10,tour,1,3,20,0.90,true,0.13525,0.00382,0.07962,1.94438,0.00430,0.9323,0.0262,0.9499,0.07664,0.00316
10,tour,1,3,20,1.00,true,0.12837,0.00374,0.10084,1.97247,0.00433,1.0263,0.0149,1.0478,0.10474,0.00339
10,tour,1,3,20,1.10,true,0.12150,0.00365,0.12279,2.00131,0.00435,1.1182,0.0102,1.1402,0.13357,0.00359
10,tour,1,3,20,1.20,true,0.11600,0.00358,0.14718,2.03121,0.00439,1.2145,0.0058,1.2382,0.16347,0.00376
10,tour,1,6,10,0.00,true,0.26162,0.00491,0.00003,1.73841,0.00491,0.1678,0.6177,0.1998,0.11133,0.00475
10,tour,1,6,10,0.10,true,0.32775,0.00525,0.00005,1.67230,0.00525,0.2146,0.4076,0.2188,0.04523,0.00381
10,tour,1,6,10,0.20,true,0.36462,0.00538,0.00020,1.63557,0.00538,0.2775,0.2306,0.2722,0.00850,0.00251
10,tour,1,6,10,0.30,true,0.37362,0.00541,0.00070,1.62708,0.00541,0.3526,0.1145,0.3497,0.00000,0.00000
10,tour,1,6,10,0.40,true,0.37188,0.00540,0.00195,1.63008,0.00542,0.4367,0.0503,0.4397,0.00300,0.00201
10,tour,1,6,10,0.50,true,0.36450,0.00538,0.00446,1.63996,0.00542,0.5246,0.0179,0.5334,0.01288,0.00252
10,tour,1,6,10,0.60,true,0.35025,0.00533,0.00902,1.65877,0.00541,0.6222,0.0062,0.6326,0.03170,0.00291
10,tour,1,6,10,0.70,true,0.33537,0.00528,0.01602,1.68064,0.00541,0.7214,0.0026,0.7315,0.05356,0.00322
10,tour,1,6,10,0.80,true,0.32088,0.00522,0.02561,1.70473,0.00543,0.8194,0.0007,0.8294,0.07766,0.00348
10,tour,1,6,10,0.90,true,0.30425,0.00514,0.03841,1.73416,0.00545,0.9201,0.0002,0.9294,0.10709,0.00376
10,tour,1,6,10,1.00,true,0.29050,0.00508,0.05442,1.76392,0.00549,1.0223,0.0000,1.0311,0.13684,0.00398
10,tour,1,6,10,1.10,true,0.27363,0.00498,0.07281,1.79919,0.00552,1.1200,0.0000,1.1282,0.17211,0.00425
10,tour,1,6,10,1.20,true,0.25562,0.00488,0.09556,1.83994,0.00555,1.2245,0.0000,1.2322,0.21286,0.00452
10,tour,1,6,15,0.00,true,0.14638,0.00395,0.00082,1.85445,0.00396,0.2432,0.5816,0.2917,0.06277,0.00388
10,tour,1,6,15,0.10,true,0.17725,0.00427,0.00089,1.82364,0.00427,0.2879,0.4439,0.3059,0.03197,0.00329
10,tour,1,6,15,0.20,true,0.19662,0.00444,0.00159,1.80497,0.00445,0.3400,0.3166,0.3421,0.01329,0.00270
10,tour,1,6,15,0.30,true,0.20738,0.00453,0.00313,1.79576,0.00455,0.4022,0.2167,0.3969,0.00408,0.00195
10,tour,1,6,15,0.40,true,0.21425,0.00459,0.00592,1.79167,0.00463,0.4719,0.1346,0.4694,0.00000,0.00000
10,tour,1,6,15,0.50,true,0.21638,0.00460,0.01039,1.79401,0.00467,0.5506,0.0802,0.5528,0.00234,0.00161
10,tour,1,6,15,0.60,true,0.21088,0.00456,0.01682,1.80594,0.00467,0.6342,0.0477,0.6401,0.01427,0.00217
10,tour,1,6,15,0.70,true,0.20375,0.00450,0.02583,1.82208,0.00467,0.7246,0.0270,0.7342,0.03041,0.00256
10,tour,1,6,15,0.80,true,0.19475,0.00443,0.03754,1.84279,0.00467,0.8172,0.0147,0.8294,0.05112,0.00281
10,tour,1,6,15,0.90,true,0.18475,0.00434,0.05199,1.86724,0.00467,0.9120,0.0081,0.9256,0.07557,0.00306
10,tour,1,6,15,1.00,true,0.17400,0.00424,0.06978,1.89579,0.00467,1.0107,0.0033,1.0259,0.10411,0.00330
10,tour,1,6,15,1.10,true,0.16525,0.00415,0.08980,1.92456,0.00469,1.1102,0.0015,1.1255,0.13289,0.00350
10,tour,1,6,15,1.20,true,0.15313,0.00403,0.11222,1.95911,0.00467,1.2098,0.0009,1.2244,0.16743,0.00373
10,tour,1,6,20,0.00,true,0.10262,0.00339,0.00433,1.90171,0.00341,0.3207,0.5428,0.3910,0.03121,0.00280
10,tour,1,6,20,0.10,true,0.11912,0.00362,0.00462,1.88550,0.00365,0.3676,0.4425,0.4060,0.01500,0.00226
10,tour,1,6,20,0.20,true,0.13037,0.00376,0.00612,1.87575,0.00380,0.4222,0.3529,0.4372,0.00524,0.00162
10,tour,1,6,20,0.30,true,0.13850,0.00386,0.00900,1.87050,0.00391,0.4778,0.2670,0.4830,0.00000,0.00000
10,tour,1,6,20,0.40,true,0.14275,0.00391,0.01352,1.87077,0.00399,0.5425,0.1969,0.5431,0.00027,0.00162
10,tour,1,6,20,0.50,true,0.14288,0.00391,0.01985,1.87698,0.00403,0.6104,0.1388,0.6127,0.00648,0.00217
10,tour,1,6,20,0.60,true,0.14037,0.00388,0.02847,1.88810,0.00405,0.6868,0.0963,0.6918,0.01760,0.00258
10,tour,1,6,20,0.70,true,0.13837,0.00386,0.03923,1.90086,0.00410,0.7689,0.0669,0.7765,0.03036,0.00287
10,tour,1,6,20,0.80,true,0.13475,0.00382,0.05258,1.91783,0.00413,0.8552,0.0454,0.8662,0.04733,0.00308
10,tour,1,6,20,0.90,true,0.13100,0.00377,0.06824,1.93725,0.00417,0.9454,0.0302,0.9597,0.06675,0.00329
10,tour,1,6,20,1.00,true,0.12487,0.00370,0.08632,1.96146,0.00419,1.0364,0.0184,1.0550,0.09096,0.00350
10,tour,1,6,20,1.10,true,0.11787,0.00361,0.10649,1.98863,0.00420,1.1309,0.0115,1.1515,0.11813,0.00367
10,tour,1,6,20,1.20,true,0.10925,0.00349,0.12859,2.01935,0.00418,1.2280,0.0081,1.2486,0.14885,0.00385
10,scratch,1,12,10,0.00,true,0.24988,0.00484,0.00011,1.75024,0.00484,0.1763,0.6267,0.2113,0.10627,0.00460
10,scratch,1,12,10,0.10,true,0.30775,0.00516,0.00028,1.69253,0.00516,0.2231,0.4334,0.2273,0.04856,0.00367
10,scratch,1,12,10,0.20,true,0.34075,0.00530,0.00090,1.66015,0.00531,0.2836,0.2687,0.2739,0.01618,0.00251
10,scratch,1,12,10,0.30,true,0.35850,0.00536,0.00247,1.64397,0.00538,0.3536,0.1424,0.3465,0.00000,0.00000
10,scratch,1,12,10,0.40,true,0.36000,0.00537,0.00562,1.64562,0.00542,0.4319,0.0654,0.4327,0.00165,0.00216
10,scratch,1,12,10,0.50,true,0.34737,0.00532,0.01131,1.66393,0.00542,0.5194,0.0295,0.5249,0.01996,0.00275
10,scratch,1,12,10,0.60,true,0.33487,0.00528,0.01997,1.68510,0.00545,0.6120,0.0126,0.6203,0.04113,0.00311
10,scratch,1,12,10,0.70,true,0.32088,0.00522,0.03195,1.71107,0.00549,0.7063,0.0057,0.7156,0.06710,0.00339
10,scratch,1,12,10,0.80,true,0.30700,0.00516,0.04770,1.74070,0.00555,0.8035,0.0022,0.8134,0.09674,0.00364
10,scratch,1,12,10,0.90,true,0.29325,0.00509,0.06749,1.77424,0.00563,0.9041,0.0005,0.9141,0.13027,0.00388
10,scratch,1,12,10,1.00,true,0.28000,0.00502,0.08974,1.80974,0.00571,1.0019,0.0003,1.0112,0.16578,0.00411
10,scratch,1,12,10,1.10,true,0.26663,0.00494,0.11566,1.84905,0.00580,1.1034,0.0002,1.1123,0.20508,0.00436
10,scratch,1,12,10,1.20,true,0.25488,0.00487,0.14475,1.88989,0.00591,1.2089,0.0002,1.2173,0.24593,0.00457
10,scratch,1,12,15,0.00,true,0.14875,0.00398,0.00184,1.85309,0.00399,0.2597,0.5587,0.3103,0.04889,0.00344
10,scratch,1,12,15,0.10,true,0.17425,0.00424,0.00281,1.82856,0.00426,0.3071,0.4323,0.3267,0.02436,0.00277
10,scratch,1,12,15,0.20,true,0.19587,0.00444,0.00509,1.80922,0.00447,0.3623,0.3152,0.3653,0.00501,0.00185
10,scratch,1,12,15,0.30,true,0.20488,0.00451,0.00908,1.80420,0.00457,0.4247,0.2232,0.4193,0.00000,0.00000
10,scratch,1,12,15,0.40,true,0.20913,0.00455,0.01532,1.80620,0.00465,0.4951,0.1508,0.4887,0.00199,0.00187
10,scratch,1,12,15,0.50,true,0.21125,0.00456,0.02433,1.81308,0.00473,0.5703,0.0937,0.5697,0.00888,0.00246
10,scratch,1,12,15,0.60,true,0.20788,0.00454,0.03667,1.82880,0.00479,0.6545,0.0567,0.6591,0.02459,0.00289
10,scratch,1,12,15,0.70,true,0.20187,0.00449,0.05194,1.85007,0.00485,0.7403,0.0337,0.7496,0.04586,0.00314
10,scratch,1,12,15,0.80,true,0.19500,0.00443,0.07058,1.87559,0.00491,0.8314,0.0191,0.8444,0.07138,0.00338
10,scratch,1,12,15,0.90,true,0.18663,0.00436,0.09253,1.90592,0.00497,0.9248,0.0094,0.9412,0.10171,0.00358
10,scratch,1,12,15,1.00,true,0.17700,0.00427,0.11722,1.94024,0.00501,1.0212,0.0049,1.0386,0.13603,0.00379
10,scratch,1,12,15,1.10,true,0.17075,0.00421,0.14360,1.97286,0.00510,1.1185,0.0026,1.1362,0.16866,0.00395
10,scratch,1,12,15,1.20,true,0.16337,0.00413,0.17243,2.00908,0.00517,1.2191,0.0013,1.2366,0.20488,0.00413
10,scratch,1,12,20,0.00,true,0.09850,0.00333,0.00843,1.90993,0.00338,0.3466,0.5452,0.4198,0.01785,0.00273
10,scratch,1,12,20,0.10,true,0.11075,0.00351,0.01055,1.89980,0.00357,0.3908,0.4511,0.4327,0.00771,0.00230
10,scratch,1,12,20,0.20,true,0.11825,0.00361,0.01465,1.89640,0.00370,0.4426,0.3650,0.4611,0.00432,0.00164
10,scratch,1,12,20,0.30,true,0.12887,0.00375,0.02096,1.89209,0.00388,0.5008,0.2854,0.5066,0.00000,0.00000
10,scratch,1,12,20,0.40,true,0.13162,0.00378,0.02966,1.89803,0.00397,0.5609,0.2152,0.5628,0.00595,0.00154
10,scratch,1,12,20,0.50,true,0.13537,0.00383,0.04130,1.90593,0.00409,0.6307,0.1576,0.6327,0.01384,0.00212
10,scratch,1,12,20,0.60,true,0.13550,0.00383,0.05525,1.91975,0.00418,0.7022,0.1119,0.7086,0.02767,0.00251
10,scratch,1,12,20,0.70,true,0.13362,0.00380,0.07217,1.93855,0.00427,0.7785,0.0755,0.7917,0.04647,0.00283
10,scratch,1,12,20,0.80,true,0.12962,0.00376,0.09163,1.96201,0.00433,0.8631,0.0543,0.8779,0.06993,0.00307
10,scratch,1,12,20,0.90,true,0.12462,0.00369,0.11428,1.98967,0.00439,0.9513,0.0361,0.9705,0.09759,0.00329
10,scratch,1,12,20,1.00,true,0.11937,0.00362,0.13849,2.01914,0.00445,1.0398,0.0233,1.0630,0.12706,0.00350
10,scratch,1,12,20,1.10,true,0.11413,0.00355,0.16496,2.05087,0.00450,1.1347,0.0159,1.1593,0.15878,0.00370
10,scratch,1,12,20,1.20,true,0.10825,0.00347,0.19282,2.08461,0.00454,1.2298,0.0107,1.2556,0.19253,0.00386
10,scratch,1,3,10,0.00,true,0.22562,0.00467,0.00013,1.77450,0.00467,0.1669,0.6087,0.2153,0.11295,0.00492
10,scratch,1,3,10,0.10,true,0.29263,0.00509,0.00028,1.70765,0.00509,0.2262,0.4177,0.2330,0.04610,0.00375
10,scratch,1,3,10,0.20,true,0.32550,0.00524,0.00086,1.67536,0.00525,0.2876,0.2467,0.2840,0.01381,0.00246
10,scratch,1,3,10,0.30,true,0.34063,0.00530,0.00218,1.66155,0.00532,0.3552,0.1369,0.3533,0.00000,0.00000
10,scratch,1,3,10,0.40,true,0.34250,0.00531,0.00495,1.66245,0.00535,0.4340,0.0684,0.4374,0.00090,0.00210
10,scratch,1,3,10,0.50,true,0.33825,0.00529,0.00979,1.67154,0.00537,0.5173,0.0298,0.5268,0.00999,0.00268
10,scratch,1,3,10,0.60,true,0.32700,0.00524,0.01806,1.69106,0.00540,0.6125,0.0102,0.6261,0.02951,0.00310
10,scratch,1,3,10,0.70,true,0.31575,0.00520,0.02985,1.71411,0.00545,0.7112,0.0029,0.7260,0.05255,0.00341
10,scratch,1,3,10,0.80,true,0.30050,0.00513,0.04573,1.74523,0.00550,0.8110,0.0007,0.8255,0.08368,0.00366
10,scratch,1,3,10,0.90,true,0.28487,0.00505,0.06566,1.78080,0.00556,0.9127,0.0003,0.9264,0.11925,0.00395
10,scratch,1,3,10,1.00,true,0.26913,0.00496,0.08941,1.82030,0.00563,1.0145,0.0002,1.0276,0.15875,0.00419
10,scratch,1,3,10,1.10,true,0.25525,0.00487,0.11553,1.86030,0.00571,1.1148,0.0002,1.1274,0.19874,0.00438
10,scratch,1,3,10,1.20,true,0.24475,0.00481,0.14125,1.89653,0.00580,1.2070,0.0000,1.2195,0.23498,0.00458
10,scratch,1,3,15,0.00,true,0.12837,0.00374,0.00205,1.87367,0.00375,0.2401,0.5731,0.3141,0.04821,0.00396
10,scratch,1,3,15,0.10,true,0.15525,0.00405,0.00279,1.84754,0.00406,0.3060,0.4381,0.3304,0.02208,0.00308
10,scratch,1,3,15,0.20,true,0.16912,0.00419,0.00451,1.83539,0.00422,0.3552,0.3314,0.3622,0.00992,0.00218
10,scratch,1,3,15,0.30,true,0.18250,0.00432,0.00797,1.82547,0.00437,0.4132,0.2289,0.4158,0.00000,0.00000
10,scratch,1,3,15,0.40,true,0.18750,0.00436,0.01350,1.82600,0.00445,0.4795,0.1478,0.4843,0.00053,0.00207
10,scratch,1,3,15,0.50,true,0.18837,0.00437,0.02144,1.83306,0.00451,0.5522,0.0923,0.5617,0.00760,0.00269
10,scratch,1,3,15,0.60,true,0.18513,0.00434,0.03297,1.84785,0.00456,0.6383,0.0578,0.6501,0.02239,0.00295
10,scratch,1,3,15,0.70,true,0.17800,0.00428,0.04827,1.87028,0.00459,0.7294,0.0350,0.7442,0.04481,0.00320
10,scratch,1,3,15,0.80,true,0.17087,0.00421,0.06505,1.89419,0.00463,0.8143,0.0213,0.8319,0.06872,0.00343
10,scratch,1,3,15,0.90,true,0.16350,0.00413,0.08607,1.92258,0.00468,0.9084,0.0123,0.9281,0.09712,0.00367
10,scratch,1,3,15,1.00,true,0.15600,0.00406,0.10909,1.95311,0.00472,1.0007,0.0073,1.0215,0.12765,0.00389
10,scratch,1,3,15,1.10,true,0.14900,0.00398,0.13641,1.98744,0.00479,1.1016,0.0037,1.1234,0.16197,0.00409
10,scratch,1,3,15,1.20,true,0.14012,0.00388,0.16499,2.02491,0.00482,1.1998,0.0020,1.2216,0.19944,0.00428
10,scratch,1,3,20,0.00,true,0.07863,0.00301,0.00857,1.92994,0.00305,0.3224,0.5466,0.4229,0.01942,0.00288
10,scratch,1,3,20,0.10,true,0.09400,0.00326,0.01011,1.91611,0.00331,0.3819,0.4447,0.4366,0.00558,0.00184
10,scratch,1,3,20,0.20,true,0.10275,0.00339,0.01328,1.91053,0.00347,0.4309,0.3607,0.4646,0.00000,0.00000
10,scratch,1,3,20,0.30,true,0.10825,0.00347,0.01910,1.91085,0.00358,0.4892,0.2773,0.5096,0.00033,0.00180
10,scratch,1,3,20,0.40,true,0.11363,0.00355,0.02703,1.91341,0.00371,0.5499,0.2079,0.5664,0.00288,0.00241
10,scratch,1,3,20,0.50,true,0.11513,0.00357,0.03764,1.92252,0.00380,0.6133,0.1471,0.6333,0.01200,0.00278
10,scratch,1,3,20,0.60,true,0.11400,0.00355,0.05221,1.93822,0.00387,0.6952,0.1047,0.7147,0.02769,0.00309
10,scratch,1,3,20,0.70,true,0.11250,0.00353,0.06754,1.95505,0.00394,0.7695,0.0758,0.7916,0.04453,0.00335
10,scratch,1,3,20,0.80,true,0.10887,0.00348,0.08610,1.97724,0.00400,0.8509,0.0543,0.8751,0.06672,0.00353
10,scratch,1,3,20,0.90,true,0.10487,0.00343,0.10898,2.00413,0.00406,0.9427,0.0369,0.9698,0.09360,0.00373
10,scratch,1,3,20,1.00,true,0.10125,0.00337,0.13363,2.03241,0.00413,1.0334,0.0227,1.0654,0.12189,0.00393
10,scratch,1,3,20,1.10,true,0.09513,0.00328,0.15871,2.06363,0.00415,1.1210,0.0148,1.1553,0.15311,0.00409
10,scratch,1,3,20,1.20,true,0.09087,0.00321,0.18613,2.09531,0.00419,1.2163,0.0100,1.2512,0.18478,0.00419
10,scratch,1,6,10,0.00,true,0.22500,0.00467,0.00012,1.77512,0.00467,0.1809,0.5992,0.2157,0.10034,0.00440
10,scratch,1,6,10,0.10,true,0.27863,0.00501,0.00020,1.72158,0.00501,0.2278,0.4060,0.2353,0.04680,0.00349
10,scratch,1,6,10,0.20,true,0.31188,0.00518,0.00059,1.68872,0.00518,0.2878,0.2432,0.2852,0.01394,0.00234
10,scratch,1,6,10,0.30,true,0.32688,0.00524,0.00165,1.67478,0.00526,0.3606,0.1317,0.3588,0.00000,0.00000
10,scratch,1,6,10,0.40,true,0.32662,0.00524,0.00404,1.67741,0.00528,0.4418,0.0620,0.4462,0.00263,0.00198
10,scratch,1,6,10,0.50,true,0.31788,0.00521,0.00844,1.69057,0.00528,0.5305,0.0284,0.5391,0.01579,0.00257
10,scratch,1,6,10,0.60,true,0.30462,0.00515,0.01564,1.71101,0.00527,0.6240,0.0108,0.6358,0.03624,0.00299
10,scratch,1,6,10,0.70,true,0.29325,0.00509,0.02600,1.73275,0.00529,0.7210,0.0035,0.7341,0.05798,0.00326
10,scratch,1,6,10,0.80,true,0.27750,0.00501,0.03969,1.76220,0.00531,0.8190,0.0019,0.8313,0.08742,0.00357
10,scratch,1,6,10,0.90,true,0.26375,0.00493,0.05708,1.79334,0.00535,0.9195,0.0007,0.9313,0.11856,0.00383
10,scratch,1,6,10,1.00,true,0.24788,0.00483,0.07822,1.83035,0.00538,1.0213,0.0002,1.0327,0.15557,0.00410
10,scratch,1,6,10,1.10,true,0.23262,0.00472,0.10157,1.86897,0.00542,1.1197,0.0000,1.1305,0.19419,0.00436
10,scratch,1,6,10,1.20,true,0.21438,0.00459,0.12938,1.91503,0.00543,1.2238,0.0000,1.2341,0.24026,0.00462
10,scratch,1,6,15,0.00,true,0.12175,0.00366,0.00208,1.88033,0.00367,0.2599,0.5707,0.3194,0.04350,0.00358
10,scratch,1,6,15,0.10,true,0.14488,0.00394,0.00230,1.85743,0.00395,0.3046,0.4423,0.3339,0.02060,0.00302
10,scratch,1,6,15,0.20,true,0.15962,0.00409,0.00366,1.84404,0.00412,0.3563,0.3260,0.3684,0.00721,0.00247
10,scratch,1,6,15,0.30,true,0.16875,0.00419,0.00647,1.83772,0.00423,0.4168,0.2290,0.4211,0.00090,0.00170
10,scratch,1,6,15,0.40,true,0.17438,0.00424,0.01120,1.83682,0.00431,0.4851,0.1523,0.4891,0.00000,0.00000
10,scratch,1,6,15,0.50,true,0.17525,0.00425,0.01825,1.84300,0.00437,0.5611,0.0956,0.5689,0.00618,0.00169
10,scratch,1,6,15,0.60,true,0.17150,0.00421,0.02774,1.85624,0.00439,0.6422,0.0611,0.6527,0.01942,0.00214
10,scratch,1,6,15,0.70,true,0.16662,0.00417,0.04037,1.87375,0.00442,0.7286,0.0361,0.7434,0.03693,0.00247
10,scratch,1,6,15,0.80,true,0.15925,0.00409,0.05617,1.89692,0.00444,0.8193,0.0208,0.8373,0.06010,0.00275
10,scratch,1,6,15,0.90,true,0.15113,0.00400,0.07493,1.92382,0.00446,0.9139,0.0135,0.9322,0.08700,0.00300
10,scratch,1,6,15,1.00,true,0.14062,0.00389,0.09727,1.95667,0.00445,1.0109,0.0068,1.0315,0.11985,0.00327
10,scratch,1,6,15,1.10,true,0.13362,0.00380,0.12127,1.98767,0.00449,1.1085,0.0033,1.1300,0.15085,0.00346
10,scratch,1,6,15,1.20,true,0.12475,0.00369,0.14722,2.02251,0.00449,1.2069,0.0019,1.2281,0.18569,0.00366
10,scratch,1,6,20,0.00,true,0.08250,0.00308,0.00963,1.92713,0.00312,0.3444,0.5347,0.4358,0.01401,0.00217
10,scratch,1,6,20,0.10,true,0.09413,0.00326,0.01025,1.91613,0.00332,0.3901,0.4410,0.4510,0.00300,0.00154
10,scratch,1,6,20,0.20,true,0.09963,0.00335,0.01275,1.91313,0.00342,0.4427,0.3565,0.4804,0.00000,0.00000
10,scratch,1,6,20,0.30,true,0.10412,0.00341,0.01740,1.91327,0.00351,0.4996,0.2786,0.5244,0.00015,0.00144
10,scratch,1,6,20,0.40,true,0.10925,0.00349,0.02421,1.91496,0.00363,0.5615,0.2106,0.5812,0.00184,0.00199
10,scratch,1,6,20,0.50,true,0.10950,0.00349,0.03349,1.92400,0.00369,0.6299,0.1569,0.6475,0.01087,0.00238
10,scratch,1,6,20,0.60,true,0.11000,0.00350,0.04533,1.93534,0.00377,0.7022,0.1118,0.7228,0.02221,0.00269
10,scratch,1,6,20,0.70,true,0.10938,0.00349,0.05969,1.95032,0.00384,0.7816,0.0808,0.8036,0.03720,0.00293
10,scratch,1,6,20,0.80,true,0.10587,0.00344,0.07694,1.97109,0.00389,0.8664,0.0580,0.8902,0.05796,0.00317
10,scratch,1,6,20,0.90,true,0.10200,0.00338,0.09656,1.99459,0.00393,0.9532,0.0399,0.9805,0.08146,0.00339
10,scratch,1,6,20,1.00,true,0.09825,0.00333,0.11811,2.01990,0.00399,1.0421,0.0272,1.0724,0.10677,0.00354
10,scratch,1,6,20,1.10,true,0.09262,0.00324,0.14212,2.04954,0.00400,1.1342,0.0171,1.1681,0.13642,0.00373
10,scratch,1,6,20,1.20,true,0.08588,0.00313,0.16775,2.08195,0.00399,1.2300,0.0113,1.2650,0.16882,0.00393
10,mid,1,12,10,0.00,true,0.19487,0.00443,0.00080,1.80592,0.00443,0.1928,0.5999,0.2362,0.06600,0.00405
10,mid,1,12,10,0.10,true,0.23513,0.00474,0.00150,1.76638,0.00475,0.2381,0.4257,0.2524,0.02645,0.00329
10,mid,1,12,10,0.20,true,0.25712,0.00489,0.00357,1.74645,0.00491,0.2953,0.2785,0.2950,0.00652,0.00232
10,mid,1,12,10,0.30,true,0.26800,0.00495,0.00792,1.73992,0.00501,0.3625,0.1641,0.3608,0.00000,0.00000
10,mid,1,12,10,0.40,true,0.27150,0.00497,0.01567,1.74418,0.00509,0.4385,0.0849,0.4432,0.00425,0.00199
10,mid,1,12,10,0.50,true,0.26512,0.00493,0.02781,1.76269,0.00515,0.5224,0.0398,0.5334,0.02277,0.00257
10,mid,1,12,10,0.60,true,0.25575,0.00488,0.04452,1.78878,0.00522,0.6147,0.0207,0.6276,0.04886,0.00294
10,mid,1,12,10,0.70,true,0.24413,0.00480,0.06542,1.82132,0.00529,0.7076,0.0093,0.7226,0.08139,0.00331
10,mid,1,12,10,0.80,true,0.23275,0.00472,0.09053,1.85781,0.00537,0.8047,0.0049,0.8197,0.11789,0.00358
10,mid,1,12,10,0.90,true,0.22050,0.00464,0.11984,1.89938,0.00546,0.9046,0.0019,0.9201,0.15946,0.00386
10,mid,1,12,10,1.00,true,0.20838,0.00454,0.15061,1.94231,0.00554,1.0007,0.0009,1.0159,0.20238,0.00411
10,mid,1,12,10,1.10,true,0.19812,0.00446,0.18404,1.98602,0.00563,1.1003,0.0005,1.1150,0.24609,0.00433
10,mid,1,12,10,1.20,true,0.18663,0.00436,0.22109,2.03461,0.00570,1.2057,0.0003,1.2199,0.29468,0.00456
10,mid,1,12,15,0.00,true,0.10825,0.00347,0.00740,1.89915,0.00351,0.2805,0.5421,0.3559,0.02251,0.00258
10,mid,1,12,15,0.10,true,0.12475,0.00369,0.00988,1.88513,0.00375,0.3279,0.4283,0.3729,0.00849,0.00188
10,mid,1,12,15,0.20,true,0.13862,0.00386,0.01526,1.87664,0.00396,0.3820,0.3220,0.4095,0.00000,0.00000
10,mid,1,12,15,0.30,true,0.14325,0.00392,0.02383,1.88059,0.00407,0.4407,0.2333,0.4601,0.00395,0.00167
10,mid,1,12,15,0.40,true,0.14650,0.00395,0.03612,1.88963,0.00419,0.5095,0.1670,0.5243,0.01299,0.00220
10,mid,1,12,15,0.50,true,0.14813,0.00397,0.05233,1.90422,0.00431,0.5849,0.1149,0.6002,0.02758,0.00263
10,mid,1,12,15,0.60,true,0.14750,0.00396,0.07242,1.92494,0.00443,0.6637,0.0736,0.6840,0.04830,0.00294
10,mid,1,12,15,0.70,true,0.14400,0.00393,0.09606,1.95209,0.00453,0.7483,0.0473,0.7724,0.07546,0.00325
10,mid,1,12,15,0.80,true,0.13775,0.00385,0.12315,1.98546,0.00461,0.8364,0.0296,0.8638,0.10882,0.00350
10,mid,1,12,15,0.90,true,0.13137,0.00378,0.15324,2.02195,0.00469,0.9286,0.0183,0.9583,0.14531,0.00370
10,mid,1,12,15,1.00,true,0.12600,0.00371,0.18514,2.05926,0.00477,1.0218,0.0097,1.0545,0.18262,0.00389
10,mid,1,12,15,1.10,true,0.11937,0.00362,0.21846,2.09925,0.00482,1.1171,0.0053,1.1508,0.22261,0.00408
10,mid,1,12,15,1.20,true,0.11175,0.00352,0.25364,2.14211,0.00485,1.2162,0.0030,1.2498,0.26547,0.00423
10,mid,1,12,20,0.00,true,0.06538,0.00276,0.02765,1.96229,0.00292,0.3799,0.5334,0.4963,0.00117,0.00138
10,mid,1,12,20,0.10,true,0.07100,0.00287,0.03211,1.96112,0.00306,0.4229,0.4474,0.5103,0.00000,0.00000
10,mid,1,12,20,0.20,true,0.07500,0.00294,0.03992,1.96493,0.00318,0.4745,0.3701,0.5383,0.00381,0.00139
10,mid,1,12,20,0.30,true,0.08050,0.00304,0.05102,1.97054,0.00336,0.5294,0.2974,0.5798,0.00942,0.00191
10,mid,1,12,20,0.40,true,0.08350,0.00309,0.06543,1.98196,0.00350,0.5887,0.2340,0.6323,0.02084,0.00230
10,mid,1,12,20,0.50,true,0.08475,0.00311,0.08350,1.99879,0.00364,0.6542,0.1796,0.6953,0.03767,0.00259
10,mid,1,12,20,0.60,true,0.08612,0.00314,0.10424,2.01817,0.00379,0.7217,0.1334,0.7657,0.05705,0.00289
10,mid,1,12,20,0.70,true,0.08625,0.00314,0.12791,2.04174,0.00392,0.7955,0.0978,0.8426,0.08062,0.00311
10,mid,1,12,20,0.80,true,0.08488,0.00312,0.15418,2.06941,0.00403,0.8736,0.0697,0.9250,0.10829,0.00332
10,mid,1,12,20,0.90,true,0.08350,0.00309,0.18308,2.09973,0.00415,0.9606,0.0510,1.0132,0.13861,0.00350
10,mid,1,12,20,1.00,true,0.07975,0.00303,0.21291,2.13336,0.00421,1.0457,0.0361,1.1012,0.17224,0.00367
10,mid,1,12,20,1.10,true,0.07487,0.00294,0.24475,2.17013,0.00423,1.1356,0.0253,1.1931,0.20901,0.00381
10,mid,1,12,20,1.20,true,0.07137,0.00288,0.27716,2.20611,0.00427,1.2288,0.0180,1.2872,0.24500,0.00396
10,mid,1,3,10,0.00,true,0.17913,0.00429,0.00077,1.82165,0.00429,0.1829,0.5855,0.2411,0.08024,0.00456
10,mid,1,3,10,0.10,true,0.22575,0.00467,0.00131,1.77556,0.00468,0.2421,0.4154,0.2590,0.03416,0.00345
10,mid,1,3,10,0.20,true,0.25238,0.00486,0.00328,1.75091,0.00488,0.3008,0.2566,0.3074,0.00950,0.00228
10,mid,1,3,10,0.30,true,0.26562,0.00494,0.00703,1.74141,0.00499,0.3659,0.1552,0.3714,0.00000,0.00000
10,mid,1,3,10,0.40,true,0.26875,0.00496,0.01383,1.74509,0.00506,0.4402,0.0827,0.4507,0.00368,0.00201
10,mid,1,3,10,0.50,true,0.25912,0.00490,0.02437,1.76525,0.00509,0.5221,0.0464,0.5347,0.02384,0.00267
10,mid,1,3,10,0.60,true,0.25162,0.00485,0.04059,1.78898,0.00516,0.6160,0.0202,0.6335,0.04757,0.00314
10,mid,1,3,10,0.70,true,0.24025,0.00478,0.06150,1.82127,0.00523,0.7116,0.0081,0.7317,0.07987,0.00348
10,mid,1,3,10,0.80,true,0.22825,0.00469,0.08712,1.85891,0.00532,0.8103,0.0026,0.8314,0.11750,0.00372
10,mid,1,3,10,0.90,true,0.21925,0.00463,0.11590,1.89671,0.00543,0.9098,0.0008,0.9306,0.15530,0.00395
10,mid,1,3,10,1.00,true,0.20563,0.00452,0.14855,1.94302,0.00550,1.0105,0.0005,1.0305,0.20161,0.00417
10,mid,1,3,10,1.10,true,0.19237,0.00441,0.18327,1.99103,0.00556,1.1103,0.0002,1.1298,0.24962,0.00439
10,mid,1,3,10,1.20,true,0.18225,0.00432,0.21577,2.03370,0.00562,1.2015,0.0002,1.2206,0.29230,0.00456
10,mid,1,3,15,0.00,true,0.09175,0.00323,0.00794,1.91619,0.00327,0.2705,0.5592,0.3638,0.02266,0.00292
10,mid,1,3,15,0.10,true,0.10912,0.00349,0.00994,1.90082,0.00354,0.3290,0.4381,0.3789,0.00729,0.00190
10,mid,1,3,15,0.20,true,0.12075,0.00364,0.01428,1.89353,0.00373,0.3764,0.3392,0.4099,0.00000,0.00000
10,mid,1,3,15,0.30,true,0.12762,0.00373,0.02190,1.89428,0.00386,0.4335,0.2485,0.4584,0.00075,0.00188
10,mid,1,3,15,0.40,true,0.13087,0.00377,0.03288,1.90202,0.00398,0.4953,0.1684,0.5214,0.00848,0.00256
10,mid,1,3,15,0.50,true,0.13212,0.00379,0.04760,1.91550,0.00409,0.5678,0.1142,0.5952,0.02196,0.00301
10,mid,1,3,15,0.60,true,0.12937,0.00375,0.06723,1.93788,0.00417,0.6494,0.0731,0.6799,0.04435,0.00327
10,mid,1,3,15,0.70,true,0.12450,0.00369,0.09083,1.96637,0.00425,0.7371,0.0473,0.7697,0.07284,0.00349
10,mid,1,3,15,0.80,true,0.11800,0.00361,0.11535,1.99742,0.00430,0.8200,0.0329,0.8534,0.10389,0.00369
10,mid,1,3,15,0.90,true,0.11338,0.00354,0.14411,2.03083,0.00438,0.9105,0.0206,0.9462,0.13730,0.00391
10,mid,1,3,15,1.00,true,0.10862,0.00348,0.17418,2.06570,0.00445,1.0001,0.0128,1.0376,0.17216,0.00409
10,mid,1,3,15,1.10,true,0.10187,0.00338,0.20908,2.10740,0.00449,1.0996,0.0074,1.1383,0.21387,0.00430
10,mid,1,3,15,1.20,true,0.09600,0.00329,0.24337,2.14763,0.00452,1.1962,0.0046,1.2352,0.25410,0.00443
10,mid,1,3,20,0.00,true,0.05488,0.00255,0.02854,1.97368,0.00269,0.3611,0.5403,0.5026,0.00545,0.00252
10,mid,1,3,20,0.10,true,0.06225,0.00270,0.03226,1.97002,0.00288,0.4147,0.4487,0.5175,0.00179,0.00165
10,mid,1,3,20,0.20,true,0.07050,0.00286,0.03872,1.96823,0.00308,0.4601,0.3687,0.5457,0.00000,0.00000
10,mid,1,3,20,0.30,true,0.07287,0.00291,0.04963,1.97678,0.00320,0.5215,0.2965,0.5887,0.00855,0.00157
10,mid,1,3,20,0.40,true,0.07400,0.00293,0.06344,1.98947,0.00331,0.5783,0.2296,0.6408,0.02124,0.00211
10,mid,1,3,20,0.50,true,0.07687,0.00298,0.08043,2.00361,0.00347,0.6418,0.1728,0.7042,0.03538,0.00254
10,mid,1,3,20,0.60,true,0.07587,0.00296,0.10226,2.02646,0.00358,0.7174,0.1262,0.7797,0.05823,0.00285
10,mid,1,3,20,0.70,true,0.07487,0.00294,0.12412,2.04934,0.00368,0.7880,0.0944,0.8521,0.08111,0.00312
10,mid,1,3,20,0.80,true,0.07200,0.00289,0.14873,2.07686,0.00375,0.8642,0.0698,0.9298,0.10863,0.00328
10,mid,1,3,20,0.90,true,0.06750,0.00280,0.17801,2.11069,0.00380,0.9535,0.0525,1.0179,0.14246,0.00344
10,mid,1,3,20,1.00,true,0.06538,0.00276,0.20875,2.14361,0.00388,1.0434,0.0370,1.1104,0.17538,0.00360
10,mid,1,3,20,1.10,true,0.06313,0.00272,0.23831,2.17548,0.00394,1.1273,0.0256,1.1978,0.20725,0.00376
10,mid,1,3,20,1.20,true,0.05838,0.00262,0.27044,2.21245,0.00394,1.2181,0.0177,1.2901,0.24422,0.00383
10,mid,1,6,10,0.00,true,0.17525,0.00425,0.00083,1.82558,0.00426,0.1969,0.5762,0.2424,0.06927,0.00395
10,mid,1,6,10,0.10,true,0.21450,0.00459,0.00124,1.78674,0.00460,0.2444,0.4053,0.2627,0.03043,0.00320
10,mid,1,6,10,0.20,true,0.23913,0.00477,0.00282,1.76369,0.00479,0.3021,0.2558,0.3098,0.00738,0.00218
10,mid,1,6,10,0.30,true,0.24988,0.00484,0.00619,1.75631,0.00488,0.3712,0.1503,0.3775,0.00000,0.00000
10,mid,1,6,10,0.40,true,0.25050,0.00484,0.01239,1.76190,0.00493,0.4494,0.0781,0.4606,0.00558,0.00198
10,mid,1,6,10,0.50,true,0.24350,0.00480,0.02191,1.77841,0.00496,0.5353,0.0416,0.5493,0.02210,0.00255
10,mid,1,6,10,0.60,true,0.23375,0.00473,0.03571,1.80197,0.00499,0.6256,0.0183,0.6438,0.04566,0.00293
10,mid,1,6,10,0.70,true,0.22150,0.00464,0.05393,1.83245,0.00502,0.7210,0.0082,0.7405,0.07614,0.00327
10,mid,1,6,10,0.80,true,0.20938,0.00455,0.07597,1.86664,0.00506,0.8171,0.0032,0.8372,0.11033,0.00356
10,mid,1,6,10,0.90,true,0.19575,0.00444,0.10246,1.90679,0.00510,0.9172,0.0019,0.9363,0.15047,0.00382
10,mid,1,6,10,1.00,true,0.18425,0.00433,0.13235,1.94821,0.00516,1.0187,0.0008,1.0373,0.19189,0.00406
10,mid,1,6,10,1.10,true,0.17213,0.00422,0.16349,1.99152,0.00520,1.1158,0.0002,1.1341,0.23521,0.00428
10,mid,1,6,10,1.20,true,0.15900,0.00409,0.19838,2.03961,0.00521,1.2191,0.0001,1.2367,0.28330,0.00449
10,mid,1,6,15,0.00,true,0.08588,0.00313,0.00862,1.92275,0.00317,0.2836,0.5563,0.3704,0.02370,0.00277
10,mid,1,6,15,0.10,true,0.10113,0.00337,0.00949,1.90837,0.00342,0.3257,0.4371,0.3858,0.00932,0.00222
10,mid,1,6,15,0.20,true,0.11300,0.00354,0.01292,1.89992,0.00361,0.3773,0.3340,0.4189,0.00087,0.00160
10,mid,1,6,15,0.30,true,0.12025,0.00364,0.01929,1.89905,0.00375,0.4374,0.2461,0.4685,0.00000,0.00000
10,mid,1,6,15,0.40,true,0.12137,0.00365,0.02882,1.90745,0.00382,0.5017,0.1726,0.5303,0.00840,0.00144
10,mid,1,6,15,0.50,true,0.12287,0.00367,0.04188,1.91902,0.00392,0.5763,0.1183,0.6050,0.01997,0.00205
10,mid,1,6,15,0.60,true,0.12025,0.00364,0.05814,1.93793,0.00399,0.6524,0.0777,0.6844,0.03888,0.00238
10,mid,1,6,15,0.70,true,0.11513,0.00357,0.07829,1.96322,0.00403,0.7359,0.0504,0.7705,0.06417,0.00269
10,mid,1,6,15,0.80,true,0.11013,0.00350,0.10167,1.99163,0.00409,0.8250,0.0330,0.8612,0.09258,0.00298
10,mid,1,6,15,0.90,true,0.10587,0.00344,0.12746,2.02171,0.00416,0.9136,0.0200,0.9526,0.12266,0.00315
10,mid,1,6,15,1.00,true,0.09850,0.00333,0.15724,2.05891,0.00418,1.0114,0.0133,1.0503,0.15986,0.00341
10,mid,1,6,15,1.10,true,0.09262,0.00324,0.18814,2.09575,0.00422,1.1072,0.0084,1.1467,0.19669,0.00358
10,mid,1,6,15,1.20,true,0.08800,0.00317,0.21954,2.13185,0.00426,1.2011,0.0036,1.2429,0.23280,0.00372
10,mid,1,6,20,0.00,true,0.05525,0.00255,0.03219,1.97695,0.00273,0.3745,0.5250,0.5208,0.00680,0.00132
10,mid,1,6,20,0.10,true,0.06388,0.00273,0.03400,1.97014,0.00292,0.4206,0.4413,0.5377,0.00000,0.00000
10,mid,1,6,20,0.20,true,0.06588,0.00277,0.03916,1.97330,0.00299,0.4715,0.3641,0.5660,0.00316,0.00123
10,mid,1,6,20,0.30,true,0.06838,0.00282,0.04751,1.97916,0.00309,0.5262,0.2929,0.6068,0.00902,0.00164
10,mid,1,6,20,0.40,true,0.07312,0.00291,0.05923,1.98615,0.00326,0.5881,0.2305,0.6606,0.01600,0.00209
10,mid,1,6,20,0.50,true,0.07475,0.00294,0.07406,1.99937,0.00338,0.6555,0.1800,0.7228,0.02923,0.00242
10,mid,1,6,20,0.60,true,0.07500,0.00294,0.09222,2.01730,0.00348,0.7257,0.1357,0.7931,0.04716,0.00272
10,mid,1,6,20,0.70,true,0.07412,0.00293,0.11305,2.03904,0.00358,0.7997,0.1006,0.8688,0.06890,0.00295
10,mid,1,6,20,0.80,true,0.07087,0.00287,0.13683,2.06612,0.00364,0.8796,0.0744,0.9497,0.09597,0.00317
10,mid,1,6,20,0.90,true,0.06788,0.00281,0.16253,2.09487,0.00370,0.9630,0.0548,1.0344,0.12472,0.00336
10,mid,1,6,20,1.00,true,0.06475,0.00275,0.19006,2.12558,0.00375,1.0497,0.0398,1.1227,0.15544,0.00355
10,mid,1,6,20,1.10,true,0.06225,0.00270,0.21882,2.15693,0.00381,1.1395,0.0288,1.2140,0.18679,0.00369
10,mid,1,6,20,1.20,true,0.05750,0.00260,0.24879,2.19175,0.00381,1.2288,0.0194,1.3060,0.22161,0.00381
10,high,1,12,10,0.00,true,0.15588,0.00406,0.00328,1.84741,0.00407,0.2098,0.5818,0.2643,0.03789,0.00370
10,high,1,12,10,0.10,true,0.18288,0.00432,0.00518,1.82231,0.00435,0.2556,0.4227,0.2816,0.01279,0.00299
10,high,1,12,10,0.20,true,0.19975,0.00447,0.01015,1.81041,0.00454,0.3137,0.2927,0.3227,0.00089,0.00218
10,high,1,12,10,0.30,true,0.20975,0.00455,0.01925,1.80952,0.00469,0.3797,0.1863,0.3849,0.00000,0.00000
10,high,1,12,10,0.40,true,0.21238,0.00457,0.03351,1.82116,0.00482,0.4527,0.1079,0.4622,0.01165,0.00191
10,high,1,12,10,0.50,true,0.20838,0.00454,0.05325,1.84492,0.00493,0.5335,0.0584,0.5485,0.03540,0.00255
10,high,1,12,10,0.60,true,0.20050,0.00448,0.07807,1.87765,0.00503,0.6191,0.0300,0.6388,0.06813,0.00293
10,high,1,12,10,0.70,true,0.19137,0.00440,0.10728,1.91602,0.00513,0.7110,0.0178,0.7313,0.10651,0.00326
10,high,1,12,10,0.80,true,0.18300,0.00432,0.14055,1.95773,0.00525,0.8053,0.0084,0.8278,0.14822,0.00356
10,high,1,12,10,0.90,true,0.17313,0.00423,0.17715,2.00429,0.00534,0.9039,0.0048,0.9263,0.19477,0.00381
10,high,1,12,10,1.00,true,0.16425,0.00414,0.21415,2.05027,0.00543,0.9992,0.0025,1.0219,0.24075,0.00404
10,high,1,12,10,1.10,true,0.15575,0.00405,0.25316,2.09793,0.00551,1.0983,0.0010,1.1211,0.28841,0.00425
10,high,1,12,10,1.20,true,0.14688,0.00396,0.29416,2.14799,0.00556,1.2025,0.0004,1.2250,0.33847,0.00443
10,high,1,12,15,0.00,true,0.08375,0.00310,0.02216,1.93843,0.00322,0.3068,0.5342,0.4090,0.00614,0.00158
10,high,1,12,15,0.10,true,0.09488,0.00328,0.02714,1.93229,0.00344,0.3538,0.4325,0.4263,0.00000,0.00000
10,high,1,12,15,0.20,true,0.10337,0.00340,0.03669,1.93334,0.00363,0.4061,0.3339,0.4613,0.00105,0.00167
10,high,1,12,15,0.30,true,0.10787,0.00347,0.05081,1.94298,0.00379,0.4654,0.2521,0.5102,0.01069,0.00228
10,high,1,12,15,0.40,true,0.10837,0.00348,0.06952,1.96123,0.00392,0.5323,0.1890,0.5701,0.02893,0.00267
10,high,1,12,15,0.50,true,0.10887,0.00348,0.09273,1.98397,0.00407,0.6050,0.1384,0.6406,0.05168,0.00298
10,high,1,12,15,0.60,true,0.10862,0.00348,0.12030,2.01185,0.00423,0.6817,0.0955,0.7209,0.07956,0.00332
10,high,1,12,15,0.70,true,0.10600,0.00344,0.15073,2.04498,0.00435,0.7621,0.0654,0.8047,0.11268,0.00358
10,high,1,12,15,0.80,true,0.10387,0.00341,0.18360,2.08006,0.00448,0.8464,0.0438,0.8927,0.14777,0.00379
10,high,1,12,15,0.90,true,0.09863,0.00333,0.21931,2.12114,0.00456,0.9356,0.0288,0.9848,0.18885,0.00401
10,high,1,12,15,1.00,true,0.09400,0.00326,0.25568,2.16229,0.00462,1.0265,0.0186,1.0781,0.23000,0.00417
10,high,1,12,15,1.10,true,0.09025,0.00320,0.29196,2.20251,0.00469,1.1186,0.0114,1.1723,0.27022,0.00428
10,high,1,12,15,1.20,true,0.08500,0.00312,0.32955,2.24557,0.00471,1.2154,0.0068,1.2701,0.31328,0.00440
10,high,1,12,20,0.00,true,0.04688,0.00236,0.06875,2.02197,0.00277,0.4134,0.5285,0.5814,0.00000,0.00000
10,high,1,12,20,0.10,true,0.05087,0.00246,0.07575,2.02498,0.00292,0.4572,0.4519,0.5969,0.00301,0.00113
10,high,1,12,20,0.20,true,0.05500,0.00255,0.08688,2.03201,0.00309,0.5086,0.3825,0.6248,0.01004,0.00159
10,high,1,12,20,0.30,true,0.05813,0.00262,0.10220,2.04424,0.00326,0.5624,0.3159,0.6641,0.02226,0.00199
10,high,1,12,20,0.40,true,0.06112,0.00268,0.12107,2.06015,0.00344,0.6209,0.2580,0.7134,0.03818,0.00234
10,high,1,12,20,0.50,true,0.06150,0.00269,0.14399,2.08276,0.00358,0.6837,0.2046,0.7724,0.06079,0.00267
10,high,1,12,20,0.60,true,0.06075,0.00267,0.16930,2.10891,0.00369,0.7485,0.1604,0.8370,0.08694,0.00294
10,high,1,12,20,0.70,true,0.06162,0.00269,0.19708,2.13592,0.00385,0.8195,0.1242,0.9094,0.11395,0.00319
10,high,1,12,20,0.80,true,0.06037,0.00266,0.22708,2.16730,0.00395,0.8935,0.0935,0.9870,0.14532,0.00343
10,high,1,12,20,0.90,true,0.05950,0.00264,0.25931,2.20057,0.00405,0.9734,0.0678,1.0717,0.17859,0.00365
10,high,1,12,20,1.00,true,0.05663,0.00258,0.29136,2.23568,0.00410,1.0567,0.0523,1.1553,0.21370,0.00378
10,high,1,12,20,1.10,true,0.05437,0.00254,0.32470,2.27151,0.00414,1.1443,0.0393,1.2445,0.24953,0.00391
10,high,1,12,20,1.20,true,0.05137,0.00247,0.35852,2.30859,0.00415,1.2343,0.0291,1.3361,0.28662,0.00407
10,high,1,3,10,0.00,true,0.14188,0.00390,0.00357,1.86169,0.00392,0.2018,0.5709,0.2703,0.05189,0.00379
10,high,1,3,10,0.10,true,0.17863,0.00428,0.00526,1.82664,0.00431,0.2607,0.4173,0.2893,0.01683,0.00250
10,high,1,3,10,0.20,true,0.20037,0.00448,0.01017,1.80981,0.00454,0.3163,0.2729,0.3340,0.00000,0.00000
10,high,1,3,10,0.30,true,0.20813,0.00454,0.01849,1.81038,0.00467,0.3810,0.1782,0.3942,0.00058,0.00220
10,high,1,3,10,0.40,true,0.20725,0.00453,0.03181,1.82458,0.00476,0.4539,0.1063,0.4696,0.01478,0.00291
10,high,1,3,10,0.50,true,0.20513,0.00451,0.04948,1.84441,0.00487,0.5324,0.0629,0.5513,0.03460,0.00333
10,high,1,3,10,0.60,true,0.19950,0.00447,0.07345,1.87403,0.00498,0.6202,0.0328,0.6438,0.06422,0.00362
10,high,1,3,10,0.70,true,0.19062,0.00439,0.10253,1.91204,0.00509,0.7131,0.0159,0.7400,0.10224,0.00393
10,high,1,3,10,0.80,true,0.18263,0.00432,0.13570,1.95328,0.00521,0.8102,0.0073,0.8388,0.14348,0.00417
10,high,1,3,10,0.90,true,0.17162,0.00422,0.17181,2.00049,0.00529,0.9071,0.0029,0.9365,0.19068,0.00438
10,high,1,3,10,1.00,true,0.16150,0.00411,0.21051,2.04945,0.00537,1.0075,0.0010,1.0369,0.23964,0.00458
10,high,1,3,10,1.10,true,0.15188,0.00401,0.24968,2.09840,0.00543,1.1074,0.0006,1.1362,0.28859,0.00476
10,high,1,3,10,1.20,true,0.14213,0.00390,0.28631,2.14497,0.00545,1.1998,0.0004,1.2280,0.33517,0.00492
10,high,1,3,15,0.00,true,0.07237,0.00290,0.02421,1.95185,0.00303,0.3043,0.5550,0.4204,0.00583,0.00212
10,high,1,3,15,0.10,true,0.08250,0.00308,0.02849,1.94602,0.00324,0.3569,0.4441,0.4352,0.00000,0.00000
10,high,1,3,15,0.20,true,0.08662,0.00314,0.03657,1.94998,0.00336,0.4036,0.3523,0.4651,0.00396,0.00171
10,high,1,3,15,0.30,true,0.09237,0.00324,0.04915,1.95683,0.00354,0.4602,0.2697,0.5112,0.01081,0.00238
10,high,1,3,15,0.40,true,0.09438,0.00327,0.06621,1.97192,0.00368,0.5194,0.1939,0.5697,0.02590,0.00284
10,high,1,3,15,0.50,true,0.09688,0.00331,0.08676,1.99001,0.00385,0.5879,0.1416,0.6369,0.04399,0.00314
10,high,1,3,15,0.60,true,0.09463,0.00327,0.11357,2.01913,0.00397,0.6663,0.0961,0.7182,0.07311,0.00347
10,high,1,3,15,0.70,true,0.09150,0.00322,0.14389,2.05266,0.00408,0.7510,0.0654,0.8051,0.10664,0.00376
10,high,1,3,15,0.80,true,0.08712,0.00315,0.17345,2.08669,0.00414,0.8287,0.0455,0.8854,0.14067,0.00395
10,high,1,3,15,0.90,true,0.08238,0.00307,0.20731,2.12543,0.00421,0.9179,0.0328,0.9746,0.17941,0.00415
10,high,1,3,15,1.00,true,0.07900,0.00302,0.24132,2.16298,0.00427,1.0051,0.0224,1.0639,0.21696,0.00431
10,high,1,3,15,1.10,true,0.07487,0.00294,0.27908,2.20507,0.00432,1.1016,0.0146,1.1620,0.25905,0.00446
10,high,1,3,15,1.20,true,0.07075,0.00287,0.31564,2.24599,0.00434,1.1963,0.0096,1.2579,0.29997,0.00456
10,high,1,3,20,0.00,true,0.04113,0.00222,0.07360,2.03258,0.00265,0.4093,0.5358,0.5956,0.00000,0.00000
10,high,1,3,20,0.10,true,0.04625,0.00235,0.08016,2.03402,0.00282,0.4585,0.4562,0.6132,0.00145,0.00187
10,high,1,3,20,0.20,true,0.05050,0.00245,0.08954,2.03918,0.00298,0.5013,0.3852,0.6397,0.00660,0.00233
10,high,1,3,20,0.30,true,0.05275,0.00250,0.10450,2.05193,0.00313,0.5589,0.3153,0.6814,0.01935,0.00278
10,high,1,3,20,0.40,true,0.05237,0.00249,0.12239,2.07025,0.00323,0.6165,0.2575,0.7297,0.03767,0.00305
10,high,1,3,20,0.50,true,0.05412,0.00253,0.14359,2.08977,0.00339,0.6756,0.2023,0.7880,0.05720,0.00331
10,high,1,3,20,0.60,true,0.05400,0.00253,0.16947,2.11587,0.00353,0.7430,0.1510,0.8583,0.08329,0.00351
10,high,1,3,20,0.70,true,0.05325,0.00251,0.19463,2.14190,0.00363,0.8133,0.1216,0.9260,0.10932,0.00371
10,high,1,3,20,0.80,true,0.05125,0.00247,0.22270,2.17211,0.00370,0.8861,0.0933,1.0008,0.13954,0.00385
10,high,1,3,20,0.90,true,0.04925,0.00242,0.25448,2.20608,0.00377,0.9686,0.0690,1.0856,0.17351,0.00400
10,high,1,3,20,1.00,true,0.04612,0.00235,0.28744,2.24239,0.00380,1.0571,0.0536,1.1731,0.20981,0.00411
10,high,1,3,20,1.10,true,0.04387,0.00229,0.31848,2.27592,0.00382,1.1397,0.0414,1.2570,0.24334,0.00422
10,high,1,3,20,1.20,true,0.04138,0.00223,0.35099,2.31121,0.00383,1.2265,0.0304,1.3465,0.27863,0.00427
10,high,1,6,10,0.00,true,0.14062,0.00389,0.00351,1.86289,0.00391,0.2149,0.5613,0.2731,0.04096,0.00363
10,high,1,6,10,0.10,true,0.16812,0.00418,0.00470,1.83658,0.00421,0.2621,0.4084,0.2931,0.01465,0.00296
10,high,1,6,10,0.20,true,0.18600,0.00435,0.00860,1.82261,0.00441,0.3173,0.2704,0.3372,0.00068,0.00207
10,high,1,6,10,0.30,true,0.19412,0.00442,0.01604,1.82193,0.00453,0.3861,0.1728,0.4011,0.00000,0.00000
10,high,1,6,10,0.40,true,0.19387,0.00442,0.02785,1.83401,0.00461,0.4608,0.1009,0.4787,0.01207,0.00180
10,high,1,6,10,0.50,true,0.18987,0.00438,0.04414,1.85433,0.00468,0.5418,0.0559,0.5642,0.03239,0.00241
10,high,1,6,10,0.60,true,0.18325,0.00433,0.06576,1.88262,0.00476,0.6320,0.0301,0.6573,0.06069,0.00283
10,high,1,6,10,0.70,true,0.17475,0.00425,0.09148,1.91689,0.00484,0.7234,0.0151,0.7513,0.09496,0.00314
10,high,1,6,10,0.80,true,0.16437,0.00414,0.12099,1.95688,0.00490,0.8175,0.0076,0.8462,0.13494,0.00343
10,high,1,6,10,0.90,true,0.15613,0.00406,0.15419,1.99844,0.00498,0.9160,0.0037,0.9450,0.17651,0.00366
10,high,1,6,10,1.00,true,0.14563,0.00394,0.19040,2.04532,0.00503,1.0171,0.0022,1.0453,0.22339,0.00391
10,high,1,6,10,1.10,true,0.13612,0.00383,0.22612,2.09073,0.00507,1.1125,0.0010,1.1405,0.26879,0.00409
10,high,1,6,10,1.20,true,0.12587,0.00371,0.26514,2.14024,0.00508,1.2148,0.0004,1.2424,0.31831,0.00429
10,high,1,6,15,0.00,true,0.06650,0.00279,0.02631,1.95983,0.00292,0.3104,0.5503,0.4288,0.00881,0.00219
10,high,1,6,15,0.10,true,0.07650,0.00297,0.02859,1.95212,0.00312,0.3521,0.4409,0.4454,0.00110,0.00163
10,high,1,6,15,0.20,true,0.08400,0.00310,0.03498,1.95102,0.00330,0.4059,0.3485,0.4784,0.00000,0.00000
10,high,1,6,15,0.30,true,0.08825,0.00317,0.04554,1.95736,0.00343,0.4627,0.2664,0.5242,0.00634,0.00136
10,high,1,6,15,0.40,true,0.08800,0.00317,0.06035,1.97245,0.00352,0.5261,0.1993,0.5815,0.02143,0.00182
10,high,1,6,15,0.50,true,0.08975,0.00320,0.07922,1.98963,0.00367,0.5948,0.1419,0.6507,0.03861,0.00227
10,high,1,6,15,0.60,true,0.08937,0.00319,0.10163,2.01248,0.00379,0.6693,0.1003,0.7266,0.06146,0.00261
10,high,1,6,15,0.70,true,0.08712,0.00315,0.12799,2.04119,0.00389,0.7492,0.0693,0.8090,0.09017,0.00286
10,high,1,6,15,0.80,true,0.08350,0.00309,0.15739,2.07433,0.00398,0.8345,0.0477,0.8960,0.12331,0.00311
10,high,1,6,15,0.90,true,0.08050,0.00304,0.18846,2.10856,0.00406,0.9215,0.0324,0.9851,0.15754,0.00332
10,high,1,6,15,1.00,true,0.07475,0.00294,0.22237,2.14841,0.00409,1.0130,0.0213,1.0782,0.19739,0.00351
10,high,1,6,15,1.10,true,0.07050,0.00286,0.25692,2.18744,0.00413,1.1067,0.0143,1.1727,0.23642,0.00368
10,high,1,6,15,1.20,true,0.06600,0.00278,0.29196,2.22725,0.00414,1.2029,0.0107,1.2681,0.27623,0.00384
10,high,1,6,20,0.00,true,0.04113,0.00222,0.08090,2.03989,0.00270,0.4099,0.5244,0.6167,0.00060,0.00121
10,high,1,6,20,0.10,true,0.04537,0.00233,0.08453,2.03929,0.00282,0.4550,0.4474,0.6345,0.00000,0.00000
10,high,1,6,20,0.20,true,0.04863,0.00240,0.09233,2.04388,0.00295,0.5071,0.3779,0.6642,0.00458,0.00108
10,high,1,6,20,0.30,true,0.04963,0.00243,0.10412,2.05471,0.00304,0.5618,0.3134,0.7033,0.01542,0.00151
10,high,1,6,20,0.40,true,0.05137,0.00247,0.11968,2.06859,0.00317,0.6190,0.2531,0.7528,0.02930,0.00188
10,high,1,6,20,0.50,true,0.05262,0.00250,0.13887,2.08662,0.00331,0.6835,0.2029,0.8118,0.04733,0.00226
10,high,1,6,20,0.60,true,0.05300,0.00250,0.16114,2.10863,0.00343,0.7533,0.1625,0.8774,0.06933,0.00253
10,high,1,6,20,0.70,true,0.05400,0.00253,0.18571,2.13233,0.00357,0.8227,0.1247,0.9492,0.09304,0.00280
10,high,1,6,20,0.80,true,0.05050,0.00245,0.21299,2.16329,0.00361,0.8980,0.0960,1.0250,0.12400,0.00304
10,high,1,6,20,0.90,true,0.04888,0.00241,0.24149,2.19362,0.00368,0.9774,0.0736,1.1055,0.15433,0.00323
10,high,1,6,20,1.00,true,0.04587,0.00234,0.27129,2.22666,0.00371,1.0610,0.0574,1.1887,0.18737,0.00339
10,high,1,6,20,1.10,true,0.04312,0.00227,0.30264,2.26105,0.00373,1.1466,0.0421,1.2774,0.22176,0.00358
10,high,1,6,20,1.20,true,0.04088,0.00221,0.33382,2.29481,0.00375,1.2366,0.0327,1.3672,0.25551,0.00372
10,hcp30,1,12,10,0.00,true,0.13800,0.00386,0.06355,1.92659,0.00433,0.4150,0.5764,0.4483,0.00834,0.00272
10,hcp30,1,12,10,0.10,true,0.15138,0.00401,0.06958,1.91936,0.00455,0.4622,0.4930,0.4643,0.00110,0.00190
10,hcp30,1,12,10,0.20,true,0.16412,0.00414,0.08098,1.91826,0.00479,0.5214,0.4211,0.4953,0.00000,0.00000
10,hcp30,1,12,10,0.30,true,0.17350,0.00423,0.09782,1.92613,0.00504,0.5851,0.3542,0.5400,0.00787,0.00191
10,hcp30,1,12,10,0.40,true,0.17575,0.00426,0.11915,1.94580,0.00524,0.6530,0.2969,0.5940,0.02754,0.00268
10,hcp30,1,12,10,0.50,true,0.17838,0.00428,0.14401,1.96879,0.00547,0.7231,0.2448,0.6583,0.05054,0.00332
10,hcp30,1,12,10,0.60,true,0.18125,0.00431,0.17147,1.99436,0.00570,0.7973,0.2000,0.7316,0.07610,0.00384
10,hcp30,1,12,10,0.70,true,0.17975,0.00429,0.20136,2.02694,0.00590,0.8736,0.1618,0.8108,0.10868,0.00436
10,hcp30,1,12,10,0.80,true,0.17675,0.00426,0.23299,2.06300,0.00607,0.9550,0.1319,0.8951,0.14474,0.00478
10,hcp30,1,12,10,0.90,true,0.17513,0.00425,0.26511,2.09841,0.00625,1.0367,0.1033,0.9853,0.18016,0.00514
10,hcp30,1,12,10,1.00,true,0.17037,0.00420,0.29684,2.13673,0.00637,1.1177,0.0817,1.0744,0.21847,0.00545
10,hcp30,1,12,10,1.10,true,0.16550,0.00415,0.32949,2.17640,0.00648,1.2062,0.0649,1.1694,0.25815,0.00575
10,hcp30,1,12,10,1.20,true,0.16137,0.00411,0.36277,2.21630,0.00659,1.3001,0.0498,1.2715,0.29805,0.00602
10,hcp30,1,12,15,0.00,true,0.08600,0.00313,0.14989,2.06755,0.00424,0.6052,0.5335,0.6584,0.00000,0.00000
10,hcp30,1,12,15,0.10,true,0.09175,0.00323,0.15800,2.07016,0.00439,0.6597,0.4807,0.6772,0.00261,0.00144
10,hcp30,1,12,15,0.20,true,0.09725,0.00331,0.16973,2.07681,0.00457,0.7166,0.4295,0.7060,0.00927,0.00215
10,hcp30,1,12,15,0.30,true,0.10013,0.00336,0.18466,2.08951,0.00473,0.7753,0.3817,0.7427,0.02196,0.00270
10,hcp30,1,12,15,0.40,true,0.10262,0.00339,0.20326,2.10647,0.00490,0.8370,0.3346,0.7904,0.03892,0.00328
10,hcp30,1,12,15,0.50,true,0.10425,0.00342,0.22444,2.12708,0.00506,0.9048,0.2940,0.8455,0.05954,0.00380
10,hcp30,1,12,15,0.60,true,0.10537,0.00343,0.24711,2.14990,0.00522,0.9714,0.2560,0.9062,0.08235,0.00420
10,hcp30,1,12,15,0.70,true,0.10325,0.00340,0.27222,2.17868,0.00534,1.0434,0.2232,0.9732,0.11113,0.00464
10,hcp30,1,12,15,0.80,true,0.10088,0.00337,0.29803,2.20863,0.00544,1.1234,0.1989,1.0444,0.14108,0.00499
10,hcp30,1,12,15,0.90,true,0.09950,0.00335,0.32472,2.23870,0.00555,1.2026,0.1742,1.1217,0.17115,0.00533
10,hcp30,1,12,15,1.00,true,0.09713,0.00331,0.35170,2.27025,0.00563,1.2792,0.1506,1.2013,0.20270,0.00561
10,hcp30,1,12,15,1.10,true,0.09400,0.00326,0.37888,2.30298,0.00569,1.3597,0.1315,1.2838,0.23543,0.00588
10,hcp30,1,12,15,1.20,true,0.09000,0.00320,0.40681,2.33763,0.00572,1.4436,0.1141,1.3710,0.27009,0.00614
10,hcp30,1,12,20,0.00,true,0.05462,0.00254,0.24552,2.19929,0.00424,0.8201,0.5260,0.8903,0.00000,0.00000
10,hcp30,1,12,20,0.10,true,0.05613,0.00257,0.25207,2.20474,0.00432,0.8690,0.4842,0.9076,0.00546,0.00130
10,hcp30,1,12,20,0.20,true,0.05625,0.00258,0.26128,2.21444,0.00439,0.9223,0.4453,0.9314,0.01515,0.00188
10,hcp30,1,12,20,0.30,true,0.05838,0.00262,0.27245,2.22430,0.00450,0.9824,0.4110,0.9629,0.02501,0.00233
10,hcp30,1,12,20,0.40,true,0.05937,0.00264,0.28552,2.23739,0.00461,1.0408,0.3773,0.9999,0.03810,0.00275
10,hcp30,1,12,20,0.50,true,0.06062,0.00267,0.30112,2.25298,0.00472,1.1024,0.3437,1.0449,0.05370,0.00321
10,hcp30,1,12,20,0.60,true,0.06037,0.00266,0.31820,2.27177,0.00481,1.1668,0.3140,1.0944,0.07248,0.00364
10,hcp30,1,12,20,0.70,true,0.06062,0.00267,0.33636,2.29134,0.00491,1.2348,0.2872,1.1492,0.09205,0.00403
10,hcp30,1,12,20,0.80,true,0.06162,0.00269,0.35518,2.31101,0.00502,1.2968,0.2578,1.2093,0.11172,0.00439
10,hcp30,1,12,20,0.90,true,0.06225,0.00270,0.37539,2.33272,0.00512,1.3693,0.2330,1.2762,0.13343,0.00475
10,hcp30,1,12,20,1.00,true,0.05950,0.00264,0.39625,2.35863,0.00515,1.4388,0.2103,1.3434,0.15935,0.00506
10,hcp30,1,12,20,1.10,true,0.05912,0.00264,0.41726,2.38253,0.00522,1.5129,0.1892,1.4170,0.18324,0.00536
10,hcp30,1,12,20,1.20,true,0.05625,0.00258,0.43906,2.40993,0.00523,1.5857,0.1695,1.4917,0.21064,0.00563
10,hcp30,1,3,10,0.00,true,0.12162,0.00365,0.06908,1.94852,0.00415,0.3884,0.5645,0.4528,0.01094,0.00288
10,hcp30,1,3,10,0.10,true,0.13900,0.00387,0.07534,1.93758,0.00444,0.4693,0.4853,0.4706,0.00000,0.00000
10,hcp30,1,3,10,0.20,true,0.15213,0.00402,0.08826,1.93772,0.00470,0.5336,0.4112,0.5054,0.00014,0.00245
10,hcp30,1,3,10,0.30,true,0.16300,0.00413,0.10435,1.94341,0.00497,0.5902,0.3456,0.5489,0.00583,0.00321
10,hcp30,1,3,10,0.40,true,0.17100,0.00421,0.12504,1.95676,0.00523,0.6542,0.2857,0.6048,0.01918,0.00387
10,hcp30,1,3,10,0.50,true,0.17288,0.00423,0.14891,1.97960,0.00543,0.7212,0.2370,0.6668,0.04202,0.00435
10,hcp30,1,3,10,0.60,true,0.17112,0.00421,0.17901,2.01263,0.00564,0.8012,0.1923,0.7449,0.07505,0.00492
10,hcp30,1,3,10,0.70,true,0.17075,0.00421,0.20945,2.04480,0.00585,0.8815,0.1568,0.8263,0.10722,0.00535
10,hcp30,1,3,10,0.80,true,0.16775,0.00418,0.24205,2.08201,0.00602,0.9631,0.1253,0.9132,0.14443,0.00569
10,hcp30,1,3,10,0.90,true,0.16487,0.00415,0.27448,2.11911,0.00618,1.0430,0.0977,1.0022,0.18153,0.00599
10,hcp30,1,3,10,1.00,true,0.16000,0.00410,0.30831,2.15992,0.00630,1.1305,0.0772,1.0963,0.22234,0.00624
10,hcp30,1,3,10,1.10,true,0.15500,0.00405,0.34150,2.20043,0.00640,1.2200,0.0614,1.1920,0.26285,0.00647
10,hcp30,1,3,10,1.20,true,0.14613,0.00395,0.37319,2.24340,0.00641,1.3060,0.0515,1.2809,0.30583,0.00660
10,hcp30,1,3,15,0.00,true,0.07075,0.00287,0.15902,2.09210,0.00401,0.5594,0.5457,0.6675,0.00000,0.00000
10,hcp30,1,3,15,0.10,true,0.07600,0.00296,0.16654,2.09471,0.00417,0.6586,0.4893,0.6858,0.00261,0.00272
10,hcp30,1,3,15,0.20,true,0.08163,0.00306,0.17588,2.09888,0.00434,0.7151,0.4460,0.7093,0.00678,0.00335
10,hcp30,1,3,15,0.30,true,0.08662,0.00314,0.18916,2.10782,0.00453,0.7688,0.3959,0.7434,0.01572,0.00395
10,hcp30,1,3,15,0.40,true,0.08650,0.00314,0.20602,2.12570,0.00465,0.8281,0.3517,0.7843,0.03360,0.00432
10,hcp30,1,3,15,0.50,true,0.08687,0.00315,0.22497,2.14534,0.00478,0.8888,0.3113,0.8327,0.05324,0.00470
10,hcp30,1,3,15,0.60,true,0.08812,0.00317,0.24797,2.16846,0.00494,0.9575,0.2707,0.8938,0.07636,0.00511
10,hcp30,1,3,15,0.70,true,0.08787,0.00317,0.27364,2.19604,0.00509,1.0294,0.2328,0.9636,0.10394,0.00544
10,hcp30,1,3,15,0.80,true,0.08463,0.00311,0.29730,2.22459,0.00515,1.0935,0.2043,1.0268,0.13249,0.00570
10,hcp30,1,3,15,0.90,true,0.08338,0.00309,0.32327,2.25378,0.00525,1.1642,0.1756,1.1007,0.16168,0.00593
10,hcp30,1,3,15,1.00,true,0.08275,0.00308,0.34864,2.28187,0.00535,1.2353,0.1509,1.1766,0.18977,0.00614
10,hcp30,1,3,15,1.10,true,0.08038,0.00304,0.37726,2.31538,0.00541,1.3194,0.1295,1.2636,0.22328,0.00636
10,hcp30,1,3,15,1.20,true,0.07725,0.00299,0.40452,2.34839,0.00544,1.4002,0.1122,1.3479,0.25628,0.00651
10,hcp30,1,3,20,0.00,true,0.04450,0.00231,0.25265,2.21660,0.00404,0.7451,0.5289,0.8877,0.00000,0.00000
10,hcp30,1,3,20,0.10,true,0.04575,0.00234,0.25870,2.22183,0.00411,0.8417,0.4815,0.9036,0.00524,0.00227
10,hcp30,1,3,20,0.20,true,0.04800,0.00239,0.26689,2.22838,0.00421,0.8978,0.4450,0.9268,0.01178,0.00291
10,hcp30,1,3,20,0.30,true,0.04950,0.00243,0.27871,2.23963,0.00432,0.9628,0.4078,0.9604,0.02303,0.00344
10,hcp30,1,3,20,0.40,true,0.05200,0.00248,0.29162,2.25109,0.00445,1.0192,0.3712,0.9991,0.03449,0.00386
10,hcp30,1,3,20,0.50,true,0.05212,0.00249,0.30767,2.26833,0.00454,1.0848,0.3390,1.0455,0.05174,0.00419
10,hcp30,1,3,20,0.60,true,0.05300,0.00250,0.32564,2.28702,0.00465,1.1501,0.3049,1.0997,0.07043,0.00455
10,hcp30,1,3,20,0.70,true,0.05212,0.00249,0.34348,2.30737,0.00471,1.2096,0.2763,1.1528,0.09078,0.00478
10,hcp30,1,3,20,0.80,true,0.05112,0.00246,0.36236,2.32912,0.00477,1.2773,0.2523,1.2109,0.11252,0.00496
10,hcp30,1,3,20,0.90,true,0.05025,0.00244,0.38308,2.35290,0.00483,1.3497,0.2276,1.2775,0.13630,0.00520
10,hcp30,1,3,20,1.00,true,0.04788,0.00239,0.40494,2.37955,0.00484,1.4160,0.2005,1.3482,0.16295,0.00540
10,hcp30,1,3,20,1.10,true,0.04662,0.00236,0.42499,2.40322,0.00488,1.4810,0.1791,1.4166,0.18662,0.00559
10,hcp30,1,3,20,1.20,true,0.04625,0.00235,0.44576,2.42701,0.00492,1.5541,0.1599,1.4922,0.21042,0.00576
10,hcp30,1,6,10,0.00,true,0.12462,0.00369,0.06596,1.94238,0.00417,0.4236,0.5608,0.4534,0.00866,0.00201
10,hcp30,1,6,10,0.10,true,0.13887,0.00387,0.07136,1.93372,0.00440,0.4751,0.4802,0.4729,0.00000,0.00000
10,hcp30,1,6,10,0.20,true,0.14825,0.00397,0.08245,1.93580,0.00461,0.5324,0.4050,0.5067,0.00208,0.00198
10,hcp30,1,6,10,0.30,true,0.15588,0.00406,0.09859,1.94486,0.00483,0.5923,0.3330,0.5543,0.01113,0.00279
10,hcp30,1,6,10,0.40,true,0.16000,0.00410,0.11865,1.96151,0.00504,0.6607,0.2746,0.6124,0.02779,0.00339
10,hcp30,1,6,10,0.50,true,0.16275,0.00413,0.14244,1.98348,0.00526,0.7347,0.2248,0.6812,0.04976,0.00397
10,hcp30,1,6,10,0.60,true,0.16312,0.00413,0.16883,2.01063,0.00545,0.8127,0.1852,0.7560,0.07691,0.00442
10,hcp30,1,6,10,0.70,true,0.16262,0.00413,0.19754,2.04119,0.00564,0.8894,0.1478,0.8375,0.10746,0.00484
10,hcp30,1,6,10,0.80,true,0.15712,0.00407,0.22830,2.07901,0.00577,0.9701,0.1200,0.9215,0.14529,0.00521
10,hcp30,1,6,10,0.90,true,0.15338,0.00403,0.25998,2.11624,0.00591,1.0536,0.0955,1.0112,0.18251,0.00553
10,hcp30,1,6,10,1.00,true,0.14863,0.00398,0.29295,2.15603,0.00602,1.1404,0.0740,1.1064,0.22231,0.00584
10,hcp30,1,6,10,1.10,true,0.14175,0.00390,0.32524,2.19742,0.00608,1.2281,0.0599,1.1989,0.26369,0.00612
10,hcp30,1,6,10,1.20,true,0.13375,0.00381,0.35966,2.24246,0.00611,1.3236,0.0478,1.2994,0.30874,0.00638
10,hcp30,1,6,15,0.00,true,0.06525,0.00276,0.16098,2.09964,0.00391,0.6168,0.5477,0.6759,0.00119,0.00149
10,hcp30,1,6,15,0.10,true,0.07125,0.00288,0.16549,2.09845,0.00406,0.6588,0.4873,0.6928,0.00000,0.00000
10,hcp30,1,6,15,0.20,true,0.07550,0.00295,0.17388,2.10310,0.00420,0.7151,0.4375,0.7191,0.00465,0.00140
10,hcp30,1,6,15,0.30,true,0.08063,0.00304,0.18539,2.11017,0.00438,0.7775,0.3939,0.7547,0.01172,0.00204
10,hcp30,1,6,15,0.40,true,0.08225,0.00307,0.20059,2.12466,0.00451,0.8375,0.3477,0.7991,0.02621,0.00262
10,hcp30,1,6,15,0.50,true,0.08275,0.00308,0.21820,2.14286,0.00464,0.8988,0.3058,0.8493,0.04441,0.00308
10,hcp30,1,6,15,0.60,true,0.08075,0.00305,0.23840,2.16637,0.00473,0.9658,0.2707,0.9054,0.06792,0.00354
10,hcp30,1,6,15,0.70,true,0.08113,0.00305,0.26073,2.18984,0.00486,1.0345,0.2359,0.9702,0.09139,0.00399
10,hcp30,1,6,15,0.80,true,0.08050,0.00304,0.28452,2.21601,0.00497,1.1085,0.2074,1.0396,0.11756,0.00438
10,hcp30,1,6,15,0.90,true,0.07562,0.00296,0.30974,2.24806,0.00501,1.1773,0.1788,1.1111,0.14961,0.00470
10,hcp30,1,6,15,1.00,true,0.07212,0.00289,0.33639,2.28043,0.00505,1.2524,0.1532,1.1899,0.18198,0.00504
10,hcp30,1,6,15,1.10,true,0.07013,0.00285,0.36260,2.31103,0.00511,1.3345,0.1346,1.2716,0.21258,0.00534
10,hcp30,1,6,15,1.20,true,0.06800,0.00281,0.38810,2.34119,0.00516,1.4136,0.1170,1.3541,0.24274,0.00557
10,hcp30,1,6,20,0.00,true,0.04525,0.00232,0.25627,2.21977,0.00405,0.8148,0.5191,0.9099,0.00000,0.00000
10,hcp30,1,6,20,0.10,true,0.04637,0.00235,0.26167,2.22452,0.00411,0.8700,0.4808,0.9283,0.00475,0.00123
10,hcp30,1,6,20,0.20,true,0.04900,0.00241,0.26888,2.22975,0.00421,0.9219,0.4415,0.9541,0.00998,0.00175
10,hcp30,1,6,20,0.30,true,0.05087,0.00246,0.27914,2.23902,0.00430,0.9797,0.4043,0.9881,0.01925,0.00230
10,hcp30,1,6,20,0.40,true,0.04925,0.00242,0.29171,2.25431,0.00434,1.0387,0.3697,1.0262,0.03454,0.00277
10,hcp30,1,6,20,0.50,true,0.04738,0.00238,0.30630,2.27207,0.00437,1.1029,0.3391,1.0704,0.05230,0.00323
10,hcp30,1,6,20,0.60,true,0.04662,0.00236,0.32220,2.29024,0.00443,1.1636,0.3072,1.1205,0.07046,0.00362
10,hcp30,1,6,20,0.70,true,0.04525,0.00232,0.33956,2.31068,0.00448,1.2275,0.2782,1.1756,0.09091,0.00401
10,hcp30,1,6,20,0.80,true,0.04500,0.00232,0.35770,2.33099,0.00456,1.2964,0.2529,1.2357,0.11122,0.00437
10,hcp30,1,6,20,0.90,true,0.04562,0.00233,0.37671,2.35148,0.00465,1.3673,0.2286,1.3017,0.13171,0.00473
10,hcp30,1,6,20,1.00,true,0.04562,0.00233,0.39588,2.37294,0.00472,1.4416,0.2083,1.3700,0.15317,0.00503
10,hcp30,1,6,20,1.10,true,0.04462,0.00231,0.41583,2.39640,0.00476,1.5142,0.1878,1.4417,0.17663,0.00529
10,hcp30,1,6,20,1.20,true,0.04437,0.00230,0.43546,2.41893,0.00482,1.5904,0.1706,1.5160,0.19916,0.00551
10,tour,2,12,10,0.00,true,0.31400,0.00519,0.00002,1.68602,0.00519,0.1687,0.6450,0.1954,0.14539,0.00503
10,tour,2,12,10,0.10,true,0.39150,0.00546,0.00011,1.60861,0.00546,0.2200,0.4542,0.2108,0.06798,0.00411
10,tour,2,12,10,0.20,true,0.44038,0.00555,0.00044,1.56006,0.00555,0.2801,0.2566,0.2638,0.01943,0.00272
10,tour,2,12,10,0.30,true,0.46075,0.00557,0.00138,1.54063,0.00559,0.3537,0.1215,0.3441,0.00000,0.00000
10,tour,2,12,10,0.40,true,0.45800,0.00557,0.00344,1.54544,0.00561,0.4358,0.0496,0.4351,0.00481,0.00218
10,tour,2,12,10,0.50,true,0.44625,0.00556,0.00739,1.56114,0.00564,0.5287,0.0203,0.5322,0.02051,0.00278
10,tour,2,12,10,0.60,true,0.43312,0.00554,0.01368,1.58056,0.00568,0.6241,0.0073,0.6305,0.03993,0.00315
10,tour,2,12,10,0.70,true,0.41450,0.00551,0.02306,1.60856,0.00574,0.7236,0.0023,0.7308,0.06793,0.00350
10,tour,2,12,10,0.80,true,0.39913,0.00548,0.03537,1.63625,0.00582,0.8232,0.0010,0.8301,0.09562,0.00377
10,tour,2,12,10,0.90,true,0.38550,0.00544,0.05015,1.66465,0.00591,0.9191,0.0000,0.9261,0.12402,0.00401
10,tour,2,12,10,1.00,true,0.37388,0.00541,0.06817,1.69430,0.00604,1.0194,0.0000,1.0259,0.15367,0.00423
10,tour,2,12,10,1.10,true,0.35737,0.00536,0.08957,1.73220,0.00615,1.1199,0.0000,1.1260,0.19157,0.00450
10,tour,2,12,10,1.20,true,0.34413,0.00531,0.11303,1.76891,0.00628,1.2201,0.0000,1.2258,0.22827,0.00470
10,tour,2,12,15,0.00,true,0.19762,0.00445,0.00064,1.80302,0.00446,0.2410,0.5968,0.2808,0.07029,0.00397
10,tour,2,12,15,0.10,true,0.23400,0.00473,0.00119,1.76719,0.00474,0.2887,0.4657,0.2930,0.03447,0.00321
10,tour,2,12,15,0.20,true,0.25812,0.00489,0.00250,1.74437,0.00491,0.3412,0.3333,0.3290,0.01165,0.00217
10,tour,2,12,15,0.30,true,0.27225,0.00498,0.00497,1.73272,0.00501,0.4032,0.2241,0.3860,0.00000,0.00000
10,tour,2,12,15,0.40,true,0.27563,0.00500,0.00900,1.73338,0.00507,0.4717,0.1448,0.4560,0.00066,0.00196
10,tour,2,12,15,0.50,true,0.28150,0.00503,0.01527,1.73377,0.00515,0.5506,0.0826,0.5432,0.00105,0.00271
10,tour,2,12,15,0.60,true,0.27863,0.00501,0.02428,1.74565,0.00520,0.6389,0.0468,0.6373,0.01293,0.00312
10,tour,2,12,15,0.70,true,0.27113,0.00497,0.03639,1.76526,0.00525,0.7323,0.0264,0.7350,0.03254,0.00343
10,tour,2,12,15,0.80,true,0.26175,0.00491,0.05048,1.78873,0.00530,0.8212,0.0151,0.8270,0.05601,0.00366
10,tour,2,12,15,0.90,true,0.25325,0.00486,0.06861,1.81536,0.00538,0.9196,0.0080,0.9275,0.08264,0.00388
10,tour,2,12,15,1.00,true,0.24600,0.00482,0.08895,1.84295,0.00547,1.0171,0.0045,1.0261,0.11023,0.00406
10,tour,2,12,15,1.10,true,0.23725,0.00476,0.11139,1.87415,0.00555,1.1135,0.0026,1.1228,0.14142,0.00424
10,tour,2,12,15,1.20,true,0.22962,0.00470,0.13535,1.90573,0.00565,1.2093,0.0016,1.2185,0.17300,0.00442
10,tour,2,12,20,0.00,true,0.12737,0.00373,0.00361,1.87623,0.00375,0.3251,0.5612,0.3736,0.03611,0.00357
10,tour,2,12,20,0.10,true,0.14650,0.00395,0.00517,1.85867,0.00398,0.3700,0.4588,0.3868,0.01855,0.00310
10,tour,2,12,20,0.20,true,0.16362,0.00414,0.00806,1.84444,0.00419,0.4253,0.3651,0.4187,0.00431,0.00251
10,tour,2,12,20,0.30,true,0.17150,0.00421,0.01251,1.84101,0.00430,0.4813,0.2803,0.4635,0.00088,0.00180
10,tour,2,12,20,0.40,true,0.17875,0.00428,0.01888,1.84013,0.00441,0.5413,0.2035,0.5231,0.00000,0.00000
10,tour,2,12,20,0.50,true,0.18450,0.00434,0.02781,1.84331,0.00453,0.6144,0.1436,0.5980,0.00318,0.00171
10,tour,2,12,20,0.60,true,0.18488,0.00434,0.03907,1.85419,0.00461,0.6884,0.0971,0.6785,0.01407,0.00222
10,tour,2,12,20,0.70,true,0.18275,0.00432,0.05233,1.86958,0.00468,0.7676,0.0690,0.7609,0.02946,0.00250
10,tour,2,12,20,0.80,true,0.17913,0.00429,0.06924,1.89012,0.00476,0.8547,0.0451,0.8539,0.04999,0.00279
10,tour,2,12,20,0.90,true,0.17500,0.00425,0.08743,1.91243,0.00483,0.9395,0.0289,0.9440,0.07231,0.00302
10,tour,2,12,20,1.00,true,0.16950,0.00419,0.10938,1.93988,0.00491,1.0352,0.0199,1.0417,0.09976,0.00322
10,tour,2,12,20,1.10,true,0.16375,0.00414,0.13334,1.96959,0.00499,1.1323,0.0133,1.1408,0.12946,0.00343
10,tour,2,12,20,1.20,true,0.15887,0.00409,0.15858,1.99971,0.00507,1.2275,0.0071,1.2398,0.15958,0.00363
10,tour,2,3,10,0.00,true,0.24425,0.00480,0.00003,1.75578,0.00480,0.1464,0.5789,0.2015,0.12883,0.00563
10,tour,2,3,10,0.10,true,0.32112,0.00522,0.00009,1.67896,0.00522,0.2108,0.3966,0.2211,0.05201,0.00462
10,tour,2,3,10,0.20,true,0.36638,0.00539,0.00036,1.63398,0.00539,0.2731,0.2284,0.2746,0.00703,0.00358
10,tour,2,3,10,0.30,true,0.37362,0.00541,0.00116,1.62753,0.00542,0.3438,0.1153,0.3477,0.00058,0.00246
10,tour,2,3,10,0.40,true,0.37600,0.00542,0.00295,1.62695,0.00544,0.4241,0.0569,0.4324,0.00000,0.00000
10,tour,2,3,10,0.50,true,0.37375,0.00541,0.00626,1.63251,0.00547,0.5084,0.0232,0.5219,0.00555,0.00225
10,tour,2,3,10,0.60,true,0.36300,0.00538,0.01288,1.64988,0.00549,0.6124,0.0100,0.6274,0.02293,0.00296
10,tour,2,3,10,0.70,true,0.35150,0.00534,0.02180,1.67030,0.00553,0.7044,0.0033,0.7216,0.04335,0.00341
10,tour,2,3,10,0.80,true,0.34100,0.00530,0.03448,1.69348,0.00560,0.8026,0.0008,0.8204,0.06652,0.00375
10,tour,2,3,10,0.90,true,0.32712,0.00525,0.05089,1.72377,0.00568,0.9018,0.0004,0.9194,0.09682,0.00411
10,tour,2,3,10,1.00,true,0.31488,0.00519,0.07054,1.75567,0.00577,1.0003,0.0002,1.0180,0.12871,0.00436
10,tour,2,3,10,1.10,true,0.30050,0.00513,0.09347,1.79298,0.00587,1.0996,0.0000,1.1175,0.16603,0.00466
10,tour,2,3,10,1.20,true,0.28775,0.00506,0.11945,1.83171,0.00597,1.2020,0.0000,1.2203,0.20475,0.00491
10,tour,2,3,15,0.00,true,0.14563,0.00394,0.00080,1.85518,0.00395,0.1878,0.5783,0.2903,0.06794,0.00516
10,tour,2,3,15,0.10,true,0.18113,0.00431,0.00126,1.82013,0.00431,0.2804,0.4321,0.3064,0.03289,0.00421
10,tour,2,3,15,0.20,true,0.20913,0.00455,0.00234,1.79321,0.00456,0.3336,0.3175,0.3428,0.00597,0.00339
10,tour,2,3,15,0.30,true,0.21725,0.00461,0.00484,1.78760,0.00464,0.3989,0.2044,0.4036,0.00036,0.00227
10,tour,2,3,15,0.40,true,0.22162,0.00464,0.00886,1.78724,0.00470,0.4706,0.1354,0.4742,0.00000,0.00000
10,tour,2,3,15,0.50,true,0.22050,0.00464,0.01519,1.79469,0.00474,0.5456,0.0816,0.5552,0.00745,0.00220
10,tour,2,3,15,0.60,true,0.21650,0.00460,0.02425,1.80775,0.00477,0.6266,0.0447,0.6434,0.02051,0.00287
10,tour,2,3,15,0.70,true,0.21188,0.00457,0.03600,1.82413,0.00482,0.7145,0.0271,0.7336,0.03689,0.00335
10,tour,2,3,15,0.80,true,0.20738,0.00453,0.05113,1.84376,0.00488,0.8060,0.0132,0.8296,0.05652,0.00378
10,tour,2,3,15,0.90,true,0.19812,0.00446,0.06958,1.87146,0.00492,0.9000,0.0075,0.9245,0.08422,0.00406
10,tour,2,3,15,1.00,true,0.18975,0.00438,0.09111,1.90136,0.00498,0.9950,0.0034,1.0211,0.11413,0.00432
10,tour,2,3,15,1.10,true,0.18263,0.00432,0.11497,1.93236,0.00505,1.0927,0.0015,1.1192,0.14512,0.00454
10,tour,2,3,15,1.20,true,0.17413,0.00424,0.14080,1.96669,0.00510,1.1894,0.0006,1.2163,0.17945,0.00474
10,tour,2,3,20,0.00,true,0.09763,0.00332,0.00449,1.90687,0.00334,0.2525,0.5473,0.3854,0.03962,0.00416
10,tour,2,3,20,0.10,true,0.11737,0.00360,0.00568,1.88831,0.00363,0.3523,0.4463,0.3986,0.02106,0.00329
10,tour,2,3,20,0.20,true,0.13387,0.00381,0.00835,1.87448,0.00386,0.4098,0.3503,0.4317,0.00723,0.00228
10,tour,2,3,20,0.30,true,0.14513,0.00394,0.01237,1.86724,0.00401,0.4664,0.2673,0.4774,0.00000,0.00000
10,tour,2,3,20,0.40,true,0.14800,0.00397,0.01839,1.87039,0.00409,0.5280,0.1960,0.5358,0.00315,0.00220
10,tour,2,3,20,0.50,true,0.15213,0.00402,0.02671,1.87459,0.00419,0.5975,0.1408,0.6063,0.00734,0.00289
10,tour,2,3,20,0.60,true,0.15325,0.00403,0.03764,1.88440,0.00427,0.6715,0.0986,0.6841,0.01715,0.00333
10,tour,2,3,20,0.70,true,0.15250,0.00402,0.05133,1.89884,0.00435,0.7517,0.0671,0.7692,0.03159,0.00374
10,tour,2,3,20,0.80,true,0.14825,0.00397,0.06785,1.91961,0.00441,0.8352,0.0443,0.8577,0.05236,0.00401
10,tour,2,3,20,0.90,true,0.14413,0.00393,0.08674,1.94262,0.00447,0.9224,0.0282,0.9496,0.07538,0.00432
10,tour,2,3,20,1.00,true,0.14012,0.00388,0.10824,1.96812,0.00454,1.0122,0.0164,1.0443,0.10088,0.00455
10,tour,2,3,20,1.10,true,0.13462,0.00382,0.13192,1.99731,0.00460,1.1067,0.0105,1.1403,0.13007,0.00471
10,tour,2,3,20,1.20,true,0.12912,0.00375,0.15689,2.02778,0.00465,1.2022,0.0076,1.2359,0.16054,0.00484
10,tour,2,6,10,0.00,true,0.25325,0.00486,0.00004,1.74679,0.00486,0.1593,0.6158,0.1997,0.10825,0.00454
10,tour,2,6,10,0.10,true,0.31500,0.00519,0.00003,1.68503,0.00519,0.2053,0.4022,0.2173,0.04650,0.00363
10,tour,2,6,10,0.20,true,0.34813,0.00533,0.00012,1.65199,0.00533,0.2692,0.2351,0.2676,0.01345,0.00244
10,tour,2,6,10,0.30,true,0.36188,0.00537,0.00041,1.63854,0.00538,0.3430,0.1142,0.3438,0.00000,0.00000
10,tour,2,6,10,0.40,true,0.36125,0.00537,0.00117,1.63992,0.00538,0.4260,0.0472,0.4332,0.00138,0.00201
10,tour,2,6,10,0.50,true,0.34950,0.00533,0.00290,1.65340,0.00536,0.5193,0.0208,0.5284,0.01486,0.00258
10,tour,2,6,10,0.60,true,0.33387,0.00527,0.00598,1.67210,0.00532,0.6115,0.0077,0.6225,0.03357,0.00299
10,tour,2,6,10,0.70,true,0.31788,0.00521,0.01102,1.69314,0.00529,0.7080,0.0027,0.7193,0.05461,0.00326
10,tour,2,6,10,0.80,true,0.30025,0.00512,0.01862,1.71838,0.00527,0.8083,0.0005,0.8195,0.07984,0.00356
10,tour,2,6,10,0.90,true,0.28437,0.00504,0.02888,1.74451,0.00526,0.9099,0.0003,0.9200,0.10597,0.00381
10,tour,2,6,10,1.00,true,0.26750,0.00495,0.04191,1.77441,0.00525,1.0106,0.0002,1.0200,0.13588,0.00406
10,tour,2,6,10,1.10,true,0.24825,0.00483,0.05876,1.81052,0.00524,1.1157,0.0000,1.1246,0.17198,0.00428
10,tour,2,6,10,1.20,true,0.23075,0.00471,0.07698,1.84624,0.00522,1.2115,0.0000,1.2199,0.20770,0.00450
10,tour,2,6,15,0.00,true,0.14213,0.00390,0.00080,1.85867,0.00391,0.2409,0.5718,0.2935,0.06132,0.00380
10,tour,2,6,15,0.10,true,0.17175,0.00422,0.00074,1.82899,0.00422,0.2858,0.4350,0.3080,0.03164,0.00329
10,tour,2,6,15,0.20,true,0.18987,0.00438,0.00121,1.81134,0.00439,0.3405,0.3123,0.3446,0.01398,0.00265
10,tour,2,6,15,0.30,true,0.20187,0.00449,0.00236,1.80049,0.00450,0.4024,0.2085,0.4010,0.00314,0.00180
10,tour,2,6,15,0.40,true,0.20713,0.00453,0.00448,1.79735,0.00456,0.4750,0.1361,0.4724,0.00000,0.00000
10,tour,2,6,15,0.50,true,0.20663,0.00453,0.00794,1.80132,0.00458,0.5516,0.0800,0.5548,0.00397,0.00161
10,tour,2,6,15,0.60,true,0.20062,0.00448,0.01322,1.81260,0.00456,0.6377,0.0453,0.6456,0.01524,0.00221
10,tour,2,6,15,0.70,true,0.19337,0.00442,0.02041,1.82703,0.00454,0.7256,0.0234,0.7385,0.02968,0.00260
10,tour,2,6,15,0.80,true,0.18550,0.00435,0.03003,1.84453,0.00453,0.8196,0.0120,0.8349,0.04718,0.00287
10,tour,2,6,15,0.90,true,0.17663,0.00426,0.04252,1.86590,0.00452,0.9185,0.0062,0.9346,0.06855,0.00311
10,tour,2,6,15,1.00,true,0.16537,0.00415,0.05706,1.89169,0.00449,1.0141,0.0034,1.0302,0.09434,0.00333
10,tour,2,6,15,1.10,true,0.15300,0.00402,0.07488,1.92189,0.00445,1.1148,0.0016,1.1308,0.12454,0.00356
10,tour,2,6,15,1.20,true,0.13875,0.00386,0.09460,1.95587,0.00438,1.2124,0.0006,1.2282,0.15851,0.00380
10,tour,2,6,20,0.00,true,0.10138,0.00337,0.00406,1.90269,0.00339,0.3269,0.5463,0.3936,0.02421,0.00308
10,tour,2,6,20,0.10,true,0.11213,0.00353,0.00403,1.89191,0.00355,0.3712,0.4477,0.4059,0.01342,0.00270
10,tour,2,6,20,0.20,true,0.12200,0.00366,0.00513,1.88313,0.00369,0.4226,0.3519,0.4370,0.00465,0.00219
10,tour,2,6,20,0.30,true,0.12850,0.00374,0.00742,1.87892,0.00378,0.4766,0.2631,0.4831,0.00044,0.00152
10,tour,2,6,20,0.40,true,0.13262,0.00379,0.01111,1.87848,0.00385,0.5392,0.1907,0.5430,0.00000,0.00000
10,tour,2,6,20,0.50,true,0.13275,0.00379,0.01640,1.88365,0.00389,0.6108,0.1359,0.6142,0.00517,0.00145
10,tour,2,6,20,0.60,true,0.13050,0.00377,0.02356,1.89307,0.00390,0.6858,0.0926,0.6932,0.01458,0.00193
10,tour,2,6,20,0.70,true,0.12525,0.00370,0.03264,1.90739,0.00389,0.7658,0.0619,0.7773,0.02891,0.00230
10,tour,2,6,20,0.80,true,0.12050,0.00364,0.04383,1.92333,0.00389,0.8490,0.0382,0.8663,0.04485,0.00257
10,tour,2,6,20,0.90,true,0.11488,0.00357,0.05740,1.94254,0.00389,0.9397,0.0234,0.9605,0.06405,0.00282
10,tour,2,6,20,1.00,true,0.10787,0.00347,0.07335,1.96549,0.00387,1.0335,0.0130,1.0577,0.08701,0.00306
10,tour,2,6,20,1.10,true,0.09950,0.00335,0.09095,1.99147,0.00383,1.1287,0.0086,1.1529,0.11299,0.00326
10,tour,2,6,20,1.20,true,0.08950,0.00319,0.11109,2.02161,0.00375,1.2271,0.0058,1.2509,0.14313,0.00346
10,scratch,2,12,10,0.00,true,0.27763,0.00501,0.00011,1.72249,0.00501,0.1811,0.6252,0.2100,0.11789,0.00482
10,scratch,2,12,10,0.10,true,0.33900,0.00529,0.00037,1.66137,0.00530,0.2311,0.4442,0.2260,0.05677,0.00392
10,scratch,2,12,10,0.20,true,0.37662,0.00542,0.00118,1.62455,0.00543,0.2892,0.2661,0.2751,0.01996,0.00261
10,scratch,2,12,10,0.30,true,0.39850,0.00547,0.00310,1.60460,0.00550,0.3600,0.1372,0.3508,0.00000,0.00000
10,scratch,2,12,10,0.40,true,0.39700,0.00547,0.00685,1.60985,0.00554,0.4419,0.0641,0.4397,0.00525,0.00229
10,scratch,2,12,10,0.50,true,0.38588,0.00544,0.01349,1.62762,0.00557,0.5312,0.0267,0.5354,0.02302,0.00291
10,scratch,2,12,10,0.60,true,0.37562,0.00541,0.02335,1.64773,0.00563,0.6264,0.0118,0.6330,0.04313,0.00325
10,scratch,2,12,10,0.70,true,0.35962,0.00537,0.03720,1.67758,0.00570,0.7248,0.0047,0.7329,0.07298,0.00357
10,scratch,2,12,10,0.80,true,0.34675,0.00532,0.05439,1.70764,0.00580,0.8229,0.0015,0.8316,0.10304,0.00381
10,scratch,2,12,10,0.90,true,0.33363,0.00527,0.07417,1.74055,0.00591,0.9184,0.0008,0.9268,0.13595,0.00404
10,scratch,2,12,10,1.00,true,0.32050,0.00522,0.09766,1.77717,0.00603,1.0179,0.0000,1.0263,0.17257,0.00431
10,scratch,2,12,10,1.10,true,0.30875,0.00517,0.12348,1.81473,0.00616,1.1179,0.0000,1.1258,0.21014,0.00453
10,scratch,2,12,10,1.20,true,0.29337,0.00509,0.15201,1.85864,0.00627,1.2180,0.0000,1.2255,0.25405,0.00477
10,scratch,2,12,15,0.00,true,0.16212,0.00412,0.00181,1.83968,0.00413,0.2572,0.5797,0.3045,0.05068,0.00362
10,scratch,2,12,15,0.10,true,0.19137,0.00440,0.00295,1.81158,0.00442,0.3056,0.4585,0.3181,0.02258,0.00297
10,scratch,2,12,15,0.20,true,0.20825,0.00454,0.00540,1.79715,0.00458,0.3572,0.3386,0.3520,0.00815,0.00211
10,scratch,2,12,15,0.30,true,0.22075,0.00464,0.00975,1.78900,0.00471,0.4162,0.2316,0.4069,0.00000,0.00000
10,scratch,2,12,15,0.40,true,0.22537,0.00467,0.01630,1.79093,0.00479,0.4849,0.1575,0.4743,0.00192,0.00182
10,scratch,2,12,15,0.50,true,0.22862,0.00470,0.02589,1.79726,0.00489,0.5613,0.0990,0.5557,0.00826,0.00247
10,scratch,2,12,15,0.60,true,0.22925,0.00470,0.03878,1.80953,0.00499,0.6449,0.0579,0.6462,0.02053,0.00288
10,scratch,2,12,15,0.70,true,0.22650,0.00468,0.05544,1.82894,0.00509,0.7386,0.0360,0.7430,0.03994,0.00321
10,scratch,2,12,15,0.80,true,0.21912,0.00462,0.07385,1.85473,0.00516,0.8245,0.0215,0.8329,0.06573,0.00345
10,scratch,2,12,15,0.90,true,0.21063,0.00456,0.09703,1.88641,0.00524,0.9216,0.0133,0.9317,0.09741,0.00366
10,scratch,2,12,15,1.00,true,0.20300,0.00450,0.12229,1.91930,0.00533,1.0181,0.0075,1.0301,0.13030,0.00389
10,scratch,2,12,15,1.10,true,0.19600,0.00444,0.14896,1.95297,0.00542,1.1135,0.0042,1.1267,0.16397,0.00409
10,scratch,2,12,15,1.20,true,0.18725,0.00436,0.17695,1.98971,0.00549,1.2083,0.0029,1.2213,0.20071,0.00427
10,scratch,2,12,20,0.00,true,0.09775,0.00332,0.00814,1.91039,0.00336,0.3463,0.5486,0.4106,0.02147,0.00276
10,scratch,2,12,20,0.10,true,0.11313,0.00354,0.01071,1.89758,0.00360,0.3894,0.4537,0.4239,0.00867,0.00229
10,scratch,2,12,20,0.20,true,0.12525,0.00370,0.01529,1.89004,0.00379,0.4428,0.3682,0.4533,0.00112,0.00155
10,scratch,2,12,20,0.30,true,0.13325,0.00380,0.02216,1.88892,0.00394,0.4983,0.2884,0.4967,0.00000,0.00000
10,scratch,2,12,20,0.40,true,0.13900,0.00387,0.03149,1.89249,0.00407,0.5585,0.2188,0.5527,0.00358,0.00156
10,scratch,2,12,20,0.50,true,0.14313,0.00392,0.04398,1.90086,0.00421,0.6287,0.1615,0.6220,0.01194,0.00209
10,scratch,2,12,20,0.60,true,0.14563,0.00394,0.05907,1.91345,0.00434,0.6997,0.1127,0.6992,0.02453,0.00247
10,scratch,2,12,20,0.70,true,0.14413,0.00393,0.07658,1.93246,0.00443,0.7767,0.0806,0.7799,0.04354,0.00277
10,scratch,2,12,20,0.80,true,0.14275,0.00391,0.09791,1.95517,0.00455,0.8644,0.0566,0.8712,0.06625,0.00305
10,scratch,2,12,20,0.90,true,0.13850,0.00386,0.12021,1.98172,0.00463,0.9462,0.0380,0.9585,0.09281,0.00324
10,scratch,2,12,20,1.00,true,0.13387,0.00381,0.14595,2.01209,0.00471,1.0396,0.0268,1.0538,0.12318,0.00342
10,scratch,2,12,20,1.10,true,0.12737,0.00373,0.17406,2.04670,0.00476,1.1348,0.0183,1.1514,0.15779,0.00362
10,scratch,2,12,20,1.20,true,0.12262,0.00367,0.20243,2.07983,0.00482,1.2299,0.0128,1.2481,0.19092,0.00378
10,scratch,2,3,10,0.00,true,0.21900,0.00462,0.00014,1.78114,0.00462,0.1563,0.5743,0.2157,0.10852,0.00515
10,scratch,2,3,10,0.10,true,0.28350,0.00504,0.00030,1.71680,0.00504,0.2210,0.4009,0.2352,0.04418,0.00408
10,scratch,2,3,10,0.20,true,0.31850,0.00521,0.00089,1.68239,0.00522,0.2821,0.2421,0.2854,0.00978,0.00285
10,scratch,2,3,10,0.30,true,0.32987,0.00526,0.00249,1.67262,0.00528,0.3538,0.1315,0.3578,0.00000,0.00000
10,scratch,2,3,10,0.40,true,0.32863,0.00525,0.00569,1.67707,0.00530,0.4309,0.0687,0.4394,0.00445,0.00243
10,scratch,2,3,10,0.50,true,0.32550,0.00524,0.01116,1.68566,0.00533,0.5139,0.0319,0.5276,0.01305,0.00318
10,scratch,2,3,10,0.60,true,0.31738,0.00520,0.02137,1.70400,0.00538,0.6169,0.0134,0.6337,0.03138,0.00372
10,scratch,2,3,10,0.70,true,0.30812,0.00516,0.03406,1.72594,0.00544,0.7071,0.0061,0.7257,0.05332,0.00408
10,scratch,2,3,10,0.80,true,0.29637,0.00511,0.05158,1.75521,0.00552,0.8046,0.0023,0.8242,0.08259,0.00440
10,scratch,2,3,10,0.90,true,0.28250,0.00503,0.07347,1.79097,0.00561,0.9033,0.0007,0.9233,0.11836,0.00470
10,scratch,2,3,10,1.00,true,0.27263,0.00498,0.09806,1.82545,0.00573,1.0014,0.0003,1.0215,0.15283,0.00493
10,scratch,2,3,10,1.10,true,0.26062,0.00491,0.12563,1.86503,0.00583,1.1002,0.0002,1.1204,0.19241,0.00516
10,scratch,2,3,10,1.20,true,0.24775,0.00483,0.15621,1.90849,0.00593,1.2017,0.0000,1.2223,0.23587,0.00537
10,scratch,2,3,15,0.00,true,0.12625,0.00371,0.00225,1.87600,0.00372,0.2084,0.5700,0.3177,0.04764,0.00464
10,scratch,2,3,15,0.10,true,0.15125,0.00401,0.00313,1.85188,0.00402,0.2990,0.4340,0.3335,0.02352,0.00357
10,scratch,2,3,15,0.20,true,0.17238,0.00422,0.00509,1.83272,0.00425,0.3515,0.3243,0.3689,0.00436,0.00250
10,scratch,2,3,15,0.30,true,0.18100,0.00430,0.00936,1.82836,0.00437,0.4157,0.2205,0.4258,0.00000,0.00000
10,scratch,2,3,15,0.40,true,0.18388,0.00433,0.01583,1.83195,0.00444,0.4840,0.1493,0.4932,0.00359,0.00225
10,scratch,2,3,15,0.50,true,0.18325,0.00433,0.02510,1.84185,0.00449,0.5581,0.0978,0.5703,0.01349,0.00300
10,scratch,2,3,15,0.60,true,0.18088,0.00430,0.03794,1.85707,0.00456,0.6377,0.0592,0.6562,0.02870,0.00351
10,scratch,2,3,15,0.70,true,0.17613,0.00426,0.05405,1.87793,0.00462,0.7220,0.0358,0.7448,0.04956,0.00389
10,scratch,2,3,15,0.80,true,0.17375,0.00424,0.07344,1.89970,0.00472,0.8115,0.0209,0.8380,0.07134,0.00421
10,scratch,2,3,15,0.90,true,0.16550,0.00415,0.09651,1.93102,0.00477,0.9032,0.0115,0.9325,0.10266,0.00446
10,scratch,2,3,15,1.00,true,0.15937,0.00409,0.12167,1.96232,0.00485,0.9963,0.0067,1.0268,0.13395,0.00464
10,scratch,2,3,15,1.10,true,0.15288,0.00402,0.14931,1.99647,0.00492,1.0915,0.0034,1.1233,0.16811,0.00480
10,scratch,2,3,15,1.20,true,0.14688,0.00396,0.17835,2.03152,0.00499,1.1875,0.0016,1.2202,0.20316,0.00496
10,scratch,2,3,20,0.00,true,0.08075,0.00305,0.01030,1.92955,0.00310,0.2869,0.5415,0.4289,0.02337,0.00393
10,scratch,2,3,20,0.10,true,0.09388,0.00326,0.01230,1.91842,0.00333,0.3820,0.4492,0.4424,0.01224,0.00309
10,scratch,2,3,20,0.20,true,0.10875,0.00348,0.01612,1.90737,0.00358,0.4328,0.3578,0.4723,0.00119,0.00213
10,scratch,2,3,20,0.30,true,0.11625,0.00358,0.02243,1.90618,0.00372,0.4891,0.2808,0.5153,0.00000,0.00000
10,scratch,2,3,20,0.40,true,0.12012,0.00363,0.03150,1.91138,0.00383,0.5497,0.2101,0.5723,0.00520,0.00206
10,scratch,2,3,20,0.50,true,0.12125,0.00365,0.04334,1.92210,0.00393,0.6201,0.1595,0.6390,0.01592,0.00276
10,scratch,2,3,20,0.60,true,0.12162,0.00365,0.05803,1.93641,0.00403,0.6919,0.1150,0.7142,0.03023,0.00326
10,scratch,2,3,20,0.70,true,0.12075,0.00364,0.07532,1.95459,0.00412,0.7681,0.0822,0.7942,0.04841,0.00361
10,scratch,2,3,20,0.80,true,0.11862,0.00362,0.09570,1.97710,0.00421,0.8505,0.0583,0.8804,0.07091,0.00389
10,scratch,2,3,20,0.90,true,0.11812,0.00361,0.11807,1.99998,0.00433,0.9354,0.0403,0.9698,0.09380,0.00414
10,scratch,2,3,20,1.00,true,0.11375,0.00355,0.14325,2.02954,0.00440,1.0225,0.0262,1.0618,0.12336,0.00433
10,scratch,2,3,20,1.10,true,0.10875,0.00348,0.17004,2.06134,0.00445,1.1125,0.0164,1.1558,0.15516,0.00449
10,scratch,2,3,20,1.20,true,0.10287,0.00340,0.19823,2.09542,0.00448,1.2054,0.0107,1.2506,0.18924,0.00461
10,scratch,2,6,10,0.00,true,0.22350,0.00466,0.00015,1.77665,0.00466,0.1704,0.6003,0.2157,0.08974,0.00427
10,scratch,2,6,10,0.10,true,0.27187,0.00497,0.00017,1.72829,0.00498,0.2177,0.4069,0.2332,0.04138,0.00336
10,scratch,2,6,10,0.20,true,0.30125,0.00513,0.00042,1.69917,0.00513,0.2794,0.2470,0.2815,0.01226,0.00231
10,scratch,2,6,10,0.30,true,0.31425,0.00519,0.00116,1.68691,0.00520,0.3508,0.1320,0.3532,0.00000,0.00000
10,scratch,2,6,10,0.40,true,0.31238,0.00518,0.00281,1.69043,0.00520,0.4296,0.0602,0.4381,0.00352,0.00209
10,scratch,2,6,10,0.50,true,0.30150,0.00513,0.00608,1.70458,0.00518,0.5206,0.0267,0.5323,0.01767,0.00266
10,scratch,2,6,10,0.60,true,0.28913,0.00507,0.01133,1.72221,0.00516,0.6135,0.0135,0.6257,0.03530,0.00301
10,scratch,2,6,10,0.70,true,0.27737,0.00501,0.01931,1.74194,0.00515,0.7088,0.0047,0.7229,0.05503,0.00329
10,scratch,2,6,10,0.80,true,0.26000,0.00490,0.03075,1.77076,0.00513,0.8083,0.0022,0.8218,0.08385,0.00356
10,scratch,2,6,10,0.90,true,0.24313,0.00480,0.04569,1.80257,0.00512,0.9087,0.0005,0.9220,0.11566,0.00382
10,scratch,2,6,10,1.00,true,0.22975,0.00470,0.06341,1.83368,0.00513,1.0079,0.0002,1.0205,0.14677,0.00405
10,scratch,2,6,10,1.10,true,0.21213,0.00457,0.08624,1.87414,0.00513,1.1142,0.0002,1.1259,0.18723,0.00432
10,scratch,2,6,10,1.20,true,0.19162,0.00440,0.11049,1.91890,0.00508,1.2101,0.0000,1.2214,0.23199,0.00458
10,scratch,2,6,15,0.00,true,0.11775,0.00360,0.00222,1.88447,0.00361,0.2583,0.5613,0.3219,0.04325,0.00355
10,scratch,2,6,15,0.10,true,0.14062,0.00389,0.00216,1.86153,0.00390,0.3010,0.4332,0.3363,0.02032,0.00313
10,scratch,2,6,15,0.20,true,0.15500,0.00405,0.00317,1.84817,0.00406,0.3568,0.3210,0.3718,0.00696,0.00257
10,scratch,2,6,15,0.30,true,0.16337,0.00413,0.00540,1.84203,0.00416,0.4168,0.2211,0.4255,0.00081,0.00181
10,scratch,2,6,15,0.40,true,0.16800,0.00418,0.00921,1.84122,0.00423,0.4892,0.1514,0.4942,0.00000,0.00000
10,scratch,2,6,15,0.50,true,0.16825,0.00418,0.01490,1.84666,0.00427,0.5637,0.0975,0.5718,0.00544,0.00145
10,scratch,2,6,15,0.60,true,0.16512,0.00415,0.02305,1.85792,0.00429,0.6442,0.0581,0.6578,0.01671,0.00199
10,scratch,2,6,15,0.70,true,0.16087,0.00411,0.03375,1.87288,0.00431,0.7305,0.0335,0.7485,0.03167,0.00239
10,scratch,2,6,15,0.80,true,0.15350,0.00403,0.04759,1.89410,0.00432,0.8224,0.0190,0.8432,0.05288,0.00269
10,scratch,2,6,15,0.90,true,0.14363,0.00392,0.06484,1.92123,0.00430,0.9186,0.0098,0.9415,0.08002,0.00297
10,scratch,2,6,15,1.00,true,0.13375,0.00381,0.08409,1.95037,0.00428,1.0133,0.0055,1.0365,0.10915,0.00322
10,scratch,2,6,15,1.10,true,0.12312,0.00367,0.10693,1.98385,0.00426,1.1140,0.0031,1.1369,0.14263,0.00345
10,scratch,2,6,15,1.20,true,0.11300,0.00354,0.13089,2.01795,0.00422,1.2105,0.0018,1.2329,0.17674,0.00365
10,scratch,2,6,20,0.00,true,0.07963,0.00303,0.00954,1.92992,0.00307,0.3511,0.5363,0.4396,0.01221,0.00210
10,scratch,2,6,20,0.10,true,0.08600,0.00313,0.00969,1.92369,0.00318,0.3958,0.4464,0.4524,0.00597,0.00153
10,scratch,2,6,20,0.20,true,0.09388,0.00326,0.01159,1.91771,0.00332,0.4456,0.3574,0.4824,0.00000,0.00000
10,scratch,2,6,20,0.30,true,0.09650,0.00330,0.01546,1.91896,0.00338,0.4996,0.2773,0.5254,0.00125,0.00145
10,scratch,2,6,20,0.40,true,0.10050,0.00336,0.02130,1.92080,0.00348,0.5619,0.2098,0.5821,0.00309,0.00198
10,scratch,2,6,20,0.50,true,0.10150,0.00338,0.02941,1.92791,0.00354,0.6273,0.1515,0.6488,0.01020,0.00229
10,scratch,2,6,20,0.60,true,0.09938,0.00334,0.03973,1.94037,0.00357,0.7003,0.1101,0.7226,0.02265,0.00252
10,scratch,2,6,20,0.70,true,0.09575,0.00329,0.05255,1.95682,0.00359,0.7781,0.0770,0.8037,0.03910,0.00278
10,scratch,2,6,20,0.80,true,0.09075,0.00321,0.06784,1.97712,0.00359,0.8583,0.0506,0.8895,0.05940,0.00297
10,scratch,2,6,20,0.90,true,0.08687,0.00315,0.08565,1.99881,0.00362,0.9461,0.0326,0.9811,0.08110,0.00320
10,scratch,2,6,20,1.00,true,0.08188,0.00307,0.10595,2.02412,0.00363,1.0385,0.0208,1.0760,0.10641,0.00339
10,scratch,2,6,20,1.10,true,0.07650,0.00297,0.12760,2.05117,0.00363,1.1302,0.0126,1.1699,0.13345,0.00356
10,scratch,2,6,20,1.20,true,0.06988,0.00285,0.15165,2.08187,0.00360,1.2281,0.0087,1.2672,0.16416,0.00374
10,mid,2,12,10,0.00,true,0.21163,0.00457,0.00072,1.78910,0.00457,0.1940,0.5901,0.2321,0.08301,0.00438
10,mid,2,12,10,0.10,true,0.25538,0.00488,0.00173,1.74636,0.00489,0.2441,0.4266,0.2497,0.04027,0.00354
10,mid,2,12,10,0.20,true,0.28700,0.00506,0.00439,1.71739,0.00509,0.3035,0.2712,0.2976,0.01131,0.00239
10,mid,2,12,10,0.30,true,0.30362,0.00514,0.00971,1.70608,0.00522,0.3736,0.1596,0.3672,0.00000,0.00000
10,mid,2,12,10,0.40,true,0.30562,0.00515,0.01883,1.71321,0.00531,0.4501,0.0806,0.4514,0.00712,0.00215
10,mid,2,12,10,0.50,true,0.29912,0.00512,0.03230,1.73318,0.00539,0.5353,0.0403,0.5418,0.02710,0.00268
10,mid,2,12,10,0.60,true,0.28800,0.00506,0.05071,1.76272,0.00548,0.6263,0.0191,0.6365,0.05663,0.00309
10,mid,2,12,10,0.70,true,0.27650,0.00500,0.07427,1.79778,0.00559,0.7243,0.0092,0.7363,0.09169,0.00343
10,mid,2,12,10,0.80,true,0.26400,0.00493,0.10127,1.83729,0.00571,0.8213,0.0041,0.8343,0.13121,0.00373
10,mid,2,12,10,0.90,true,0.25362,0.00486,0.12997,1.87638,0.00583,0.9159,0.0018,0.9292,0.17030,0.00397
10,mid,2,12,10,1.00,true,0.24313,0.00480,0.16177,1.91869,0.00595,1.0143,0.0008,1.0274,0.21261,0.00420
10,mid,2,12,10,1.10,true,0.23187,0.00472,0.19563,1.96383,0.00606,1.1140,0.0000,1.1272,0.25775,0.00444
10,mid,2,12,10,1.20,true,0.22100,0.00464,0.23022,2.00933,0.00616,1.2142,0.0000,1.2268,0.30324,0.00465
10,mid,2,12,15,0.00,true,0.11800,0.00361,0.00695,1.88896,0.00365,0.2793,0.5601,0.3472,0.02160,0.00315
10,mid,2,12,15,0.10,true,0.13462,0.00382,0.01003,1.87541,0.00388,0.3268,0.4495,0.3614,0.00805,0.00259
10,mid,2,12,15,0.20,true,0.14825,0.00397,0.01590,1.86765,0.00408,0.3791,0.3428,0.3950,0.00030,0.00182
10,mid,2,12,15,0.30,true,0.15775,0.00408,0.02510,1.86735,0.00424,0.4374,0.2477,0.4461,0.00000,0.00000
10,mid,2,12,15,0.40,true,0.16137,0.00411,0.03780,1.87644,0.00437,0.5040,0.1778,0.5090,0.00908,0.00155
10,mid,2,12,15,0.50,true,0.16250,0.00412,0.05481,1.89232,0.00450,0.5773,0.1207,0.5843,0.02497,0.00220
10,mid,2,12,15,0.60,true,0.16100,0.00411,0.07625,1.91527,0.00462,0.6574,0.0776,0.6695,0.04792,0.00268
10,mid,2,12,15,0.70,true,0.15950,0.00409,0.10150,1.94202,0.00477,0.7434,0.0476,0.7611,0.07467,0.00303
10,mid,2,12,15,0.80,true,0.15413,0.00404,0.12830,1.97422,0.00486,0.8303,0.0328,0.8494,0.10686,0.00332
10,mid,2,12,15,0.90,true,0.14813,0.00397,0.15945,2.01139,0.00496,0.9228,0.0200,0.9453,0.14404,0.00354
10,mid,2,12,15,1.00,true,0.14188,0.00390,0.19177,2.04998,0.00505,1.0164,0.0128,1.0403,0.18263,0.00371
10,mid,2,12,15,1.10,true,0.13675,0.00384,0.22457,2.08793,0.00513,1.1094,0.0077,1.1351,0.22058,0.00389
10,mid,2,12,15,1.20,true,0.13150,0.00378,0.25777,2.12642,0.00520,1.2043,0.0053,1.2299,0.25907,0.00407
10,mid,2,12,20,0.00,true,0.07013,0.00285,0.02572,1.95560,0.00300,0.3759,0.5377,0.4817,0.00349,0.00138
10,mid,2,12,20,0.10,true,0.07900,0.00302,0.03110,1.95211,0.00320,0.4202,0.4536,0.4957,0.00000,0.00000
10,mid,2,12,20,0.20,true,0.08637,0.00314,0.03996,1.95360,0.00339,0.4729,0.3747,0.5247,0.00148,0.00150
10,mid,2,12,20,0.30,true,0.09000,0.00320,0.05215,1.96217,0.00353,0.5276,0.3019,0.5655,0.01006,0.00199
10,mid,2,12,20,0.40,true,0.09262,0.00324,0.06751,1.97491,0.00368,0.5846,0.2374,0.6162,0.02280,0.00231
10,mid,2,12,20,0.50,true,0.09613,0.00330,0.08686,1.99076,0.00386,0.6508,0.1813,0.6801,0.03865,0.00262
10,mid,2,12,20,0.60,true,0.09513,0.00328,0.10920,2.01411,0.00398,0.7209,0.1362,0.7509,0.06200,0.00294
10,mid,2,12,20,0.70,true,0.09525,0.00328,0.13322,2.03803,0.00411,0.7922,0.1007,0.8258,0.08592,0.00318
10,mid,2,12,20,0.80,true,0.09262,0.00324,0.16159,2.06905,0.00422,0.8753,0.0737,0.9112,0.11693,0.00343
10,mid,2,12,20,0.90,true,0.09100,0.00322,0.18981,2.09892,0.00433,0.9562,0.0545,0.9949,0.14681,0.00362
10,mid,2,12,20,1.00,true,0.08950,0.00319,0.22107,2.13171,0.00444,1.0438,0.0380,1.0866,0.17960,0.00376
10,mid,2,12,20,1.10,true,0.08612,0.00314,0.25363,2.16769,0.00450,1.1363,0.0278,1.1804,0.21558,0.00392
10,mid,2,12,20,1.20,true,0.08238,0.00307,0.28626,2.20413,0.00454,1.2299,0.0207,1.2747,0.25201,0.00404
10,mid,2,3,10,0.00,true,0.18050,0.00430,0.00094,1.82044,0.00431,0.1727,0.5647,0.2405,0.07428,0.00492
10,mid,2,3,10,0.10,true,0.22437,0.00466,0.00164,1.77726,0.00467,0.2369,0.4021,0.2605,0.03111,0.00391
10,mid,2,3,10,0.20,true,0.24625,0.00482,0.00396,1.75771,0.00485,0.2969,0.2561,0.3075,0.01156,0.00280
10,mid,2,3,10,0.30,true,0.26262,0.00492,0.00878,1.74616,0.00499,0.3664,0.1470,0.3772,0.00000,0.00000
10,mid,2,3,10,0.40,true,0.25825,0.00489,0.01709,1.75884,0.00502,0.4421,0.0834,0.4556,0.01268,0.00235
10,mid,2,3,10,0.50,true,0.25512,0.00487,0.02870,1.77358,0.00509,0.5218,0.0460,0.5389,0.02743,0.00304
10,mid,2,3,10,0.60,true,0.24725,0.00482,0.04781,1.80057,0.00518,0.6218,0.0209,0.6432,0.05441,0.00368
10,mid,2,3,10,0.70,true,0.23800,0.00476,0.06885,1.83087,0.00527,0.7103,0.0107,0.7341,0.08471,0.00405
10,mid,2,3,10,0.80,true,0.22875,0.00470,0.09510,1.86639,0.00538,0.8063,0.0053,0.8313,0.12023,0.00435
10,mid,2,3,10,0.90,true,0.22087,0.00464,0.12460,1.90379,0.00550,0.9032,0.0018,0.9297,0.15763,0.00463
10,mid,2,3,10,1.00,true,0.20938,0.00455,0.15703,1.94774,0.00559,1.0002,0.0006,1.0270,0.20159,0.00487
10,mid,2,3,10,1.10,true,0.19775,0.00445,0.19124,1.99362,0.00567,1.0978,0.0005,1.1244,0.24746,0.00507
10,mid,2,3,10,1.20,true,0.18825,0.00437,0.22736,2.03929,0.00576,1.1991,0.0002,1.2262,0.29313,0.00527
10,mid,2,3,15,0.00,true,0.08900,0.00318,0.00922,1.92022,0.00323,0.2477,0.5516,0.3672,0.02746,0.00372
10,mid,2,3,15,0.10,true,0.11038,0.00350,0.01194,1.90157,0.00357,0.3297,0.4367,0.3843,0.00881,0.00242
10,mid,2,3,15,0.20,true,0.12400,0.00368,0.01676,1.89276,0.00379,0.3781,0.3393,0.4157,0.00000,0.00000
10,mid,2,3,15,0.30,true,0.13012,0.00376,0.02619,1.89607,0.00393,0.4403,0.2426,0.4687,0.00331,0.00227
10,mid,2,3,15,0.40,true,0.13312,0.00380,0.03864,1.90553,0.00404,0.5042,0.1710,0.5313,0.01277,0.00298
10,mid,2,3,15,0.50,true,0.13525,0.00382,0.05472,1.91949,0.00418,0.5767,0.1204,0.6040,0.02673,0.00348
10,mid,2,3,15,0.60,true,0.13537,0.00383,0.07470,1.93936,0.00430,0.6528,0.0801,0.6848,0.04660,0.00381
10,mid,2,3,15,0.70,true,0.13500,0.00382,0.09772,1.96277,0.00444,0.7329,0.0512,0.7704,0.07001,0.00409
10,mid,2,3,15,0.80,true,0.12925,0.00375,0.12422,1.99504,0.00452,0.8161,0.0316,0.8581,0.10228,0.00430
10,mid,2,3,15,0.90,true,0.12312,0.00367,0.15411,2.03109,0.00459,0.9085,0.0215,0.9514,0.13833,0.00449
10,mid,2,3,15,1.00,true,0.11837,0.00361,0.18569,2.06746,0.00467,1.0007,0.0128,1.0466,0.17470,0.00469
10,mid,2,3,15,1.10,true,0.11113,0.00351,0.21923,2.10830,0.00471,1.0943,0.0073,1.1421,0.21554,0.00482
10,mid,2,3,15,1.20,true,0.10537,0.00343,0.25291,2.14780,0.00474,1.1894,0.0048,1.2378,0.25504,0.00495
10,mid,2,3,20,0.00,true,0.05788,0.00261,0.03322,1.97536,0.00280,0.3536,0.5336,0.5109,0.00380,0.00240
10,mid,2,3,20,0.10,true,0.06625,0.00278,0.03780,1.97156,0.00300,0.4299,0.4552,0.5259,0.00000,0.00000
10,mid,2,3,20,0.20,true,0.07312,0.00291,0.04555,1.97245,0.00319,0.4800,0.3775,0.5541,0.00088,0.00211
10,mid,2,3,20,0.30,true,0.07863,0.00301,0.05678,1.97818,0.00336,0.5305,0.3008,0.5955,0.00661,0.00279
10,mid,2,3,20,0.40,true,0.08100,0.00305,0.07138,1.99042,0.00350,0.5875,0.2359,0.6470,0.01885,0.00324
10,mid,2,3,20,0.50,true,0.08375,0.00310,0.08912,2.00542,0.00366,0.6536,0.1854,0.7088,0.03385,0.00356
10,mid,2,3,20,0.60,true,0.08625,0.00314,0.10993,2.02375,0.00383,0.7224,0.1399,0.7798,0.05219,0.00386
10,mid,2,3,20,0.70,true,0.08263,0.00308,0.13346,2.05093,0.00390,0.7974,0.1086,0.8539,0.07936,0.00403
10,mid,2,3,20,0.80,true,0.08100,0.00305,0.15901,2.07814,0.00400,0.8718,0.0785,0.9341,0.10658,0.00422
10,mid,2,3,20,0.90,true,0.07888,0.00301,0.18636,2.10767,0.00409,0.9529,0.0589,1.0177,0.13610,0.00440
10,mid,2,3,20,1.00,true,0.07712,0.00298,0.21554,2.13865,0.00418,1.0361,0.0416,1.1060,0.16708,0.00455
10,mid,2,3,20,1.10,true,0.07425,0.00293,0.24600,2.17206,0.00423,1.1243,0.0311,1.1962,0.20049,0.00466
10,mid,2,3,20,1.20,true,0.07212,0.00289,0.27626,2.20452,0.00429,1.2100,0.0206,1.2870,0.23296,0.00474
10,mid,2,6,10,0.00,true,0.17700,0.00427,0.00089,1.82389,0.00427,0.1860,0.5790,0.2433,0.05993,0.00383
10,mid,2,6,10,0.10,true,0.21075,0.00456,0.00099,1.79024,0.00457,0.2334,0.4050,0.2616,0.02627,0.00297
10,mid,2,6,10,0.20,true,0.23087,0.00471,0.00196,1.77109,0.00472,0.2908,0.2550,0.3066,0.00712,0.00205
10,mid,2,6,10,0.30,true,0.24038,0.00478,0.00434,1.76397,0.00481,0.3627,0.1548,0.3729,0.00000,0.00000
10,mid,2,6,10,0.40,true,0.23863,0.00477,0.00888,1.77026,0.00483,0.4382,0.0791,0.4537,0.00629,0.00194
10,mid,2,6,10,0.50,true,0.23325,0.00473,0.01656,1.78332,0.00484,0.5251,0.0385,0.5443,0.01935,0.00251
10,mid,2,6,10,0.60,true,0.22200,0.00465,0.02760,1.80562,0.00484,0.6152,0.0198,0.6357,0.04165,0.00290
10,mid,2,6,10,0.70,true,0.20788,0.00454,0.04260,1.83475,0.00482,0.7082,0.0104,0.7289,0.07078,0.00319
10,mid,2,6,10,0.80,true,0.19662,0.00444,0.06207,1.86549,0.00485,0.8054,0.0040,0.8272,0.10152,0.00345
10,mid,2,6,10,0.90,true,0.18175,0.00431,0.08605,1.90438,0.00485,0.9056,0.0020,0.9267,0.14041,0.00372
10,mid,2,6,10,1.00,true,0.17075,0.00421,0.11257,1.94195,0.00488,1.0039,0.0005,1.0250,0.17798,0.00395
10,mid,2,6,10,1.10,true,0.15538,0.00405,0.14471,1.98953,0.00487,1.1104,0.0004,1.1302,0.22556,0.00420
10,mid,2,6,10,1.20,true,0.14300,0.00391,0.17578,2.03305,0.00487,1.2059,0.0001,1.2253,0.26908,0.00441
10,mid,2,6,15,0.00,true,0.08525,0.00312,0.00911,1.92386,0.00317,0.2811,0.5480,0.3746,0.02370,0.00273
10,mid,2,6,15,0.10,true,0.09800,0.00332,0.00920,1.91121,0.00337,0.3252,0.4349,0.3894,0.01105,0.00228
10,mid,2,6,15,0.20,true,0.10925,0.00349,0.01178,1.90254,0.00355,0.3773,0.3308,0.4230,0.00238,0.00171
10,mid,2,6,15,0.30,true,0.11688,0.00359,0.01702,1.90016,0.00369,0.4371,0.2401,0.4737,0.00000,0.00000
10,mid,2,6,15,0.40,true,0.11825,0.00361,0.02507,1.90684,0.00375,0.5053,0.1732,0.5357,0.00668,0.00145
10,mid,2,6,15,0.50,true,0.11837,0.00361,0.03630,1.91796,0.00382,0.5774,0.1175,0.6093,0.01780,0.00205
10,mid,2,6,15,0.60,true,0.11538,0.00357,0.05122,1.93589,0.00387,0.6558,0.0762,0.6912,0.03573,0.00241
10,mid,2,6,15,0.70,true,0.11063,0.00351,0.06919,1.95864,0.00391,0.7388,0.0492,0.7769,0.05848,0.00270
10,mid,2,6,15,0.80,true,0.10537,0.00343,0.09081,1.98554,0.00395,0.8265,0.0288,0.8687,0.08538,0.00299
10,mid,2,6,15,0.90,true,0.09900,0.00334,0.11585,2.01700,0.00398,0.9208,0.0179,0.9639,0.11684,0.00322
10,mid,2,6,15,1.00,true,0.09225,0.00324,0.14228,2.05024,0.00399,1.0117,0.0105,1.0561,0.15008,0.00339
10,mid,2,6,15,1.10,true,0.08612,0.00314,0.17162,2.08578,0.00401,1.1084,0.0059,1.1531,0.18563,0.00352
10,mid,2,6,15,1.20,true,0.07963,0.00303,0.20185,2.12261,0.00401,1.2050,0.0038,1.2490,0.22246,0.00371
10,mid,2,6,20,0.00,true,0.05300,0.00250,0.03372,1.98073,0.00269,0.3820,0.5280,0.5266,0.00455,0.00117
10,mid,2,6,20,0.10,true,0.05825,0.00262,0.03441,1.97618,0.00280,0.4266,0.4473,0.5414,0.00000,0.00000
10,mid,2,6,20,0.20,true,0.06162,0.00269,0.03842,1.97681,0.00290,0.4757,0.3677,0.5701,0.00064,0.00125
10,mid,2,6,20,0.30,true,0.06300,0.00272,0.04561,1.98264,0.00297,0.5284,0.2942,0.6107,0.00646,0.00168
10,mid,2,6,20,0.40,true,0.06450,0.00275,0.05607,1.99163,0.00307,0.5860,0.2270,0.6635,0.01545,0.00209
10,mid,2,6,20,0.50,true,0.06600,0.00278,0.06958,2.00366,0.00318,0.6494,0.1721,0.7252,0.02748,0.00234
10,mid,2,6,20,0.60,true,0.06563,0.00277,0.08608,2.02056,0.00326,0.7208,0.1299,0.7953,0.04439,0.00259
10,mid,2,6,20,0.70,true,0.06187,0.00269,0.10533,2.04360,0.00329,0.7969,0.0981,0.8704,0.06742,0.00281
10,mid,2,6,20,0.80,true,0.06012,0.00266,0.12704,2.06711,0.00337,0.8759,0.0710,0.9520,0.09093,0.00300
10,mid,2,6,20,0.90,true,0.05563,0.00256,0.15134,2.09598,0.00338,0.9571,0.0487,1.0373,0.11980,0.00321
10,mid,2,6,20,1.00,true,0.05237,0.00249,0.17773,2.12571,0.00342,1.0446,0.0330,1.1275,0.14953,0.00339
10,mid,2,6,20,1.10,true,0.04925,0.00242,0.20486,2.15606,0.00345,1.1338,0.0229,1.2178,0.17988,0.00356
10,mid,2,6,20,1.20,true,0.04587,0.00234,0.23342,2.18812,0.00346,1.2253,0.0149,1.3107,0.21194,0.00368
10,high,2,12,10,0.00,true,0.16975,0.00420,0.00303,1.83328,0.00422,0.2126,0.5699,0.2598,0.04927,0.00399
10,high,2,12,10,0.10,true,0.20375,0.00450,0.00559,1.80184,0.00454,0.2627,0.4221,0.2786,0.01783,0.00322
10,high,2,12,10,0.20,true,0.22550,0.00467,0.01162,1.78612,0.00476,0.3236,0.2899,0.3234,0.00211,0.00223
10,high,2,12,10,0.30,true,0.23788,0.00476,0.02188,1.78401,0.00493,0.3889,0.1821,0.3876,0.00000,0.00000
10,high,2,12,10,0.40,true,0.24063,0.00478,0.03749,1.79688,0.00507,0.4618,0.1035,0.4664,0.01287,0.00194
10,high,2,12,10,0.50,true,0.23775,0.00476,0.05855,1.82083,0.00521,0.5446,0.0572,0.5544,0.03682,0.00257
10,high,2,12,10,0.60,true,0.22975,0.00470,0.08477,1.85507,0.00534,0.6318,0.0297,0.6465,0.07106,0.00302
10,high,2,12,10,0.70,true,0.22087,0.00464,0.11600,1.89520,0.00548,0.7266,0.0162,0.7432,0.11119,0.00335
10,high,2,12,10,0.80,true,0.21050,0.00456,0.14991,1.93954,0.00561,0.8202,0.0081,0.8388,0.15552,0.00363
10,high,2,12,10,0.90,true,0.19862,0.00446,0.18576,1.98733,0.00570,0.9134,0.0039,0.9329,0.20332,0.00393
10,high,2,12,10,1.00,true,0.18937,0.00438,0.22370,2.03460,0.00581,1.0112,0.0023,1.0305,0.25059,0.00415
10,high,2,12,10,1.10,true,0.18125,0.00431,0.26272,2.08185,0.00591,1.1106,0.0009,1.1301,0.29784,0.00437
10,high,2,12,10,1.20,true,0.17188,0.00422,0.30193,2.13057,0.00598,1.2099,0.0003,1.2294,0.34656,0.00458
10,high,2,12,15,0.00,true,0.08862,0.00318,0.02006,1.93145,0.00329,0.3061,0.5488,0.3968,0.00603,0.00169
10,high,2,12,15,0.10,true,0.10013,0.00336,0.02553,1.92543,0.00351,0.3547,0.4516,0.4118,0.00000,0.00000
10,high,2,12,15,0.20,true,0.10875,0.00348,0.03554,1.92681,0.00371,0.4055,0.3541,0.4439,0.00138,0.00168
10,high,2,12,15,0.30,true,0.11787,0.00361,0.05010,1.93226,0.00394,0.4626,0.2667,0.4925,0.00683,0.00231
10,high,2,12,15,0.40,true,0.11975,0.00363,0.06887,1.94918,0.00409,0.5258,0.1984,0.5511,0.02375,0.00272
10,high,2,12,15,0.50,true,0.11975,0.00363,0.09237,1.97270,0.00424,0.5961,0.1441,0.6204,0.04727,0.00303
10,high,2,12,15,0.60,true,0.11987,0.00363,0.12044,2.00069,0.00441,0.6743,0.1021,0.7002,0.07526,0.00335
10,high,2,12,15,0.70,true,0.12062,0.00364,0.15225,2.03180,0.00460,0.7556,0.0664,0.7882,0.10637,0.00368
10,high,2,12,15,0.80,true,0.11625,0.00358,0.18452,2.06850,0.00470,0.8367,0.0457,0.8723,0.14308,0.00392
10,high,2,12,15,0.90,true,0.11250,0.00353,0.22119,2.10901,0.00482,0.9293,0.0314,0.9668,0.18359,0.00415
10,high,2,12,15,1.00,true,0.10800,0.00347,0.25815,2.15059,0.00490,1.0199,0.0202,1.0606,0.22516,0.00432
10,high,2,12,15,1.10,true,0.10262,0.00339,0.29467,2.19261,0.00495,1.1110,0.0139,1.1527,0.26719,0.00445
10,high,2,12,15,1.20,true,0.09825,0.00333,0.33051,2.23300,0.00500,1.2034,0.0103,1.2453,0.30757,0.00458
10,high,2,12,20,0.00,true,0.05237,0.00249,0.06268,2.01038,0.00287,0.4122,0.5340,0.5627,0.00000,0.00000
10,high,2,12,20,0.10,true,0.05838,0.00262,0.07071,2.01242,0.00306,0.4559,0.4569,0.5780,0.00203,0.00134
10,high,2,12,20,0.20,true,0.06225,0.00270,0.08302,2.02087,0.00323,0.5072,0.3856,0.6054,0.01048,0.00186
10,high,2,12,20,0.30,true,0.06588,0.00277,0.09935,2.03360,0.00341,0.5626,0.3213,0.6443,0.02321,0.00224
10,high,2,12,20,0.40,true,0.06900,0.00283,0.11904,2.05020,0.00360,0.6195,0.2632,0.6921,0.03981,0.00251
10,high,2,12,20,0.50,true,0.06975,0.00285,0.14320,2.07365,0.00376,0.6815,0.2073,0.7512,0.06327,0.00281
10,high,2,12,20,0.60,true,0.06925,0.00284,0.16980,2.10081,0.00389,0.7486,0.1637,0.8164,0.09043,0.00305
10,high,2,12,20,0.70,true,0.06850,0.00282,0.19790,2.12974,0.00401,0.8156,0.1259,0.8866,0.11935,0.00332
10,high,2,12,20,0.80,true,0.06750,0.00280,0.22973,2.16267,0.00414,0.8924,0.0942,0.9668,0.15228,0.00355
10,high,2,12,20,0.90,true,0.06600,0.00278,0.26119,2.19575,0.00423,0.9711,0.0729,1.0471,0.18537,0.00377
10,high,2,12,20,1.00,true,0.06513,0.00276,0.29508,2.23068,0.00433,1.0583,0.0560,1.1355,0.22029,0.00394
10,high,2,12,20,1.10,true,0.06275,0.00271,0.32955,2.26770,0.00438,1.1466,0.0420,1.2262,0.25732,0.00409
10,high,2,12,20,1.20,true,0.06025,0.00266,0.36341,2.30427,0.00441,1.2356,0.0315,1.3173,0.29389,0.00422
10,high,2,3,10,0.00,true,0.15213,0.00402,0.00406,1.85194,0.00404,0.1954,0.5586,0.2707,0.04026,0.00474
10,high,2,3,10,0.10,true,0.18050,0.00430,0.00617,1.82567,0.00434,0.2577,0.4083,0.2908,0.01399,0.00374
10,high,2,3,10,0.20,true,0.19937,0.00447,0.01168,1.81231,0.00455,0.3177,0.2753,0.3363,0.00063,0.00267
10,high,2,3,10,0.30,true,0.20963,0.00455,0.02129,1.81168,0.00470,0.3839,0.1714,0.4007,0.00000,0.00000
10,high,2,3,10,0.40,true,0.20588,0.00452,0.03580,1.82995,0.00478,0.4559,0.1025,0.4757,0.01827,0.00237
10,high,2,3,10,0.50,true,0.20275,0.00450,0.05430,1.85160,0.00488,0.5337,0.0637,0.5553,0.03992,0.00300
10,high,2,3,10,0.60,true,0.20050,0.00448,0.08146,1.88104,0.00505,0.6293,0.0331,0.6560,0.06936,0.00357
10,high,2,3,10,0.70,true,0.19275,0.00441,0.11006,1.91744,0.00517,0.7162,0.0189,0.7459,0.10576,0.00397
10,high,2,3,10,0.80,true,0.18263,0.00432,0.14371,1.96128,0.00527,0.8089,0.0099,0.8409,0.14960,0.00429
10,high,2,3,10,0.90,true,0.17613,0.00426,0.17947,2.00365,0.00540,0.9036,0.0055,0.9369,0.19196,0.00454
10,high,2,3,10,1.00,true,0.16675,0.00417,0.21814,2.05183,0.00549,0.9999,0.0018,1.0352,0.24014,0.00482
10,high,2,3,10,1.10,true,0.15687,0.00407,0.25701,2.10073,0.00555,1.0963,0.0010,1.1317,0.28905,0.00498
10,high,2,3,10,1.20,true,0.14775,0.00397,0.29729,2.15035,0.00560,1.1966,0.0004,1.2325,0.33867,0.00517
10,high,2,3,15,0.00,true,0.06775,0.00281,0.02701,1.95929,0.00296,0.2957,0.5452,0.4254,0.00992,0.00340
10,high,2,3,15,0.10,true,0.08125,0.00305,0.03207,1.95085,0.00324,0.3651,0.4433,0.4418,0.00148,0.00227
10,high,2,3,15,0.20,true,0.09137,0.00322,0.04070,1.94937,0.00347,0.4118,0.3559,0.4722,0.00000,0.00000
10,high,2,3,15,0.30,true,0.10113,0.00337,0.05510,1.95403,0.00372,0.4693,0.2657,0.5216,0.00467,0.00205
10,high,2,3,15,0.40,true,0.10350,0.00341,0.07304,1.96963,0.00388,0.5314,0.2002,0.5790,0.02026,0.00264
10,high,2,3,15,0.50,true,0.10425,0.00342,0.09532,1.99120,0.00403,0.5989,0.1457,0.6472,0.04184,0.00313
10,high,2,3,15,0.60,true,0.10325,0.00340,0.12193,2.01888,0.00418,0.6770,0.1073,0.7253,0.06951,0.00353
10,high,2,3,15,0.70,true,0.10175,0.00338,0.15094,2.04946,0.00431,0.7528,0.0738,0.8071,0.10010,0.00389
10,high,2,3,15,0.80,true,0.09900,0.00334,0.18268,2.08407,0.00443,0.8326,0.0488,0.8931,0.13470,0.00416
10,high,2,3,15,0.90,true,0.09513,0.00328,0.21626,2.12165,0.00452,0.9177,0.0332,0.9815,0.17229,0.00436
10,high,2,3,15,1.00,true,0.08975,0.00320,0.25166,2.16260,0.00456,1.0072,0.0229,1.0730,0.21323,0.00454
10,high,2,3,15,1.10,true,0.08338,0.00309,0.28816,2.20567,0.00457,1.0985,0.0157,1.1662,0.25631,0.00466
10,high,2,3,15,1.20,true,0.07963,0.00303,0.32400,2.24551,0.00460,1.1902,0.0094,1.2613,0.29614,0.00475
10,high,2,3,20,0.00,true,0.04225,0.00225,0.07972,2.03759,0.00274,0.4333,0.5301,0.6057,0.00000,0.00000
10,high,2,3,20,0.10,true,0.04875,0.00241,0.08662,2.03800,0.00295,0.4876,0.4619,0.6220,0.00041,0.00223
10,high,2,3,20,0.20,true,0.05550,0.00256,0.09773,2.04239,0.00318,0.5353,0.3947,0.6510,0.00479,0.00290
10,high,2,3,20,0.30,true,0.05813,0.00262,0.11272,2.05480,0.00334,0.5848,0.3286,0.6899,0.01720,0.00328
10,high,2,3,20,0.40,true,0.05788,0.00261,0.13119,2.07357,0.00345,0.6357,0.2644,0.7379,0.03598,0.00355
10,high,2,3,20,0.50,true,0.06050,0.00267,0.15217,2.09200,0.00363,0.6982,0.2170,0.7949,0.05441,0.00383
10,high,2,3,20,0.60,true,0.06012,0.00266,0.17599,2.11629,0.00375,0.7601,0.1729,0.8575,0.07870,0.00400
10,high,2,3,20,0.70,true,0.06112,0.00268,0.20194,2.14136,0.00390,0.8264,0.1345,0.9279,0.10377,0.00422
10,high,2,3,20,0.80,true,0.06150,0.00269,0.23019,2.16940,0.00403,0.9014,0.1062,1.0046,0.13180,0.00439
10,high,2,3,20,0.90,true,0.05900,0.00263,0.26001,2.20190,0.00409,0.9772,0.0824,1.0838,0.16430,0.00453
10,high,2,3,20,1.00,true,0.05763,0.00261,0.29116,2.23463,0.00416,1.0595,0.0643,1.1687,0.19704,0.00465
10,high,2,3,20,1.10,true,0.05750,0.00260,0.32254,2.26639,0.00425,1.1416,0.0469,1.2577,0.22880,0.00477
10,high,2,3,20,1.20,true,0.05412,0.00253,0.35378,2.30130,0.00424,1.2261,0.0361,1.3451,0.26370,0.00481
10,high,2,6,10,0.00,true,0.14163,0.00390,0.00370,1.86208,0.00392,0.2044,0.5640,0.2749,0.03643,0.00300
10,high,2,6,10,0.10,true,0.16650,0.00416,0.00407,1.83757,0.00419,0.2524,0.4111,0.2936,0.01192,0.00211
10,high,2,6,10,0.20,true,0.18113,0.00431,0.00677,1.82565,0.00435,0.3071,0.2719,0.3360,0.00000,0.00000
10,high,2,6,10,0.30,true,0.18563,0.00435,0.01247,1.82686,0.00443,0.3764,0.1747,0.3981,0.00121,0.00199
10,high,2,6,10,0.40,true,0.18500,0.00434,0.02189,1.83693,0.00448,0.4500,0.1043,0.4729,0.01128,0.00256
10,high,2,6,10,0.50,true,0.18275,0.00432,0.03600,1.85331,0.00456,0.5326,0.0548,0.5606,0.02767,0.00301
10,high,2,6,10,0.60,true,0.17513,0.00425,0.05420,1.87918,0.00460,0.6181,0.0282,0.6495,0.05353,0.00331
10,high,2,6,10,0.70,true,0.16400,0.00414,0.07723,1.91340,0.00462,0.7111,0.0167,0.7420,0.08775,0.00357
10,high,2,6,10,0.80,true,0.15388,0.00403,0.10442,1.95081,0.00466,0.8062,0.0095,0.8373,0.12517,0.00376
10,high,2,6,10,0.90,true,0.14475,0.00393,0.13536,1.99101,0.00472,0.9041,0.0044,0.9359,0.16536,0.00399
10,high,2,6,10,1.00,true,0.13587,0.00383,0.16843,2.03312,0.00477,1.0019,0.0023,1.0334,0.20747,0.00417
10,high,2,6,10,1.10,true,0.12512,0.00370,0.20643,2.08210,0.00479,1.1073,0.0004,1.1390,0.25645,0.00441
10,high,2,6,10,1.20,true,0.11400,0.00355,0.24200,2.12904,0.00476,1.2022,0.0004,1.2329,0.30339,0.00457
10,high,2,6,15,0.00,true,0.06575,0.00277,0.02749,1.96176,0.00292,0.3079,0.5427,0.4345,0.00769,0.00206
10,high,2,6,15,0.10,true,0.07375,0.00292,0.02844,1.95472,0.00307,0.3520,0.4397,0.4504,0.00065,0.00145
10,high,2,6,15,0.20,true,0.07938,0.00302,0.03340,1.95407,0.00320,0.4027,0.3437,0.4824,0.00000,0.00000
10,high,2,6,15,0.30,true,0.08313,0.00309,0.04245,1.95940,0.00333,0.4614,0.2627,0.5289,0.00533,0.00141
10,high,2,6,15,0.40,true,0.08675,0.00315,0.05569,1.96906,0.00347,0.5252,0.1918,0.5891,0.01498,0.00202
10,high,2,6,15,0.50,true,0.08475,0.00311,0.07289,1.98831,0.00354,0.5975,0.1424,0.6570,0.03424,0.00240
10,high,2,6,15,0.60,true,0.08513,0.00312,0.09408,2.00921,0.00367,0.6726,0.0995,0.7345,0.05513,0.00266
10,high,2,6,15,0.70,true,0.08300,0.00308,0.11837,2.03573,0.00376,0.7517,0.0687,0.8162,0.08166,0.00291
10,high,2,6,15,0.80,true,0.07988,0.00303,0.14595,2.06658,0.00384,0.8359,0.0461,0.9033,0.11251,0.00313
10,high,2,6,15,0.90,true,0.07612,0.00297,0.17673,2.10128,0.00391,0.9255,0.0284,0.9966,0.14721,0.00339
10,high,2,6,15,1.00,true,0.07162,0.00288,0.20756,2.13682,0.00395,1.0145,0.0193,1.0863,0.18275,0.00355
10,high,2,6,15,1.10,true,0.06625,0.00278,0.24130,2.17620,0.00396,1.1086,0.0118,1.1817,0.22212,0.00371
10,high,2,6,15,1.20,true,0.06037,0.00266,0.27481,2.21589,0.00394,1.2022,0.0082,1.2746,0.26181,0.00385
10,high,2,6,20,0.00,true,0.03800,0.00214,0.08418,2.04631,0.00264,0.4182,0.5264,0.6249,0.00156,0.00098
10,high,2,6,20,0.10,true,0.04175,0.00224,0.08634,2.04474,0.00274,0.4636,0.4538,0.6419,0.00000,0.00000
10,high,2,6,20,0.20,true,0.04475,0.00231,0.09267,2.04811,0.00286,0.5110,0.3800,0.6711,0.00337,0.00116
10,high,2,6,20,0.30,true,0.04462,0.00231,0.10299,2.05862,0.00292,0.5646,0.3158,0.7094,0.01388,0.00153
10,high,2,6,20,0.40,true,0.04512,0.00232,0.11702,2.07222,0.00301,0.6188,0.2529,0.7583,0.02748,0.00186
10,high,2,6,20,0.50,true,0.04525,0.00232,0.13465,2.08983,0.00311,0.6834,0.2028,0.8168,0.04509,0.00217
10,high,2,6,20,0.60,true,0.04550,0.00233,0.15519,2.11026,0.00323,0.7468,0.1547,0.8829,0.06551,0.00244
10,high,2,6,20,0.70,true,0.04462,0.00231,0.17832,2.13441,0.00332,0.8196,0.1205,0.9548,0.08967,0.00270
10,high,2,6,20,0.80,true,0.04213,0.00225,0.20401,2.16280,0.00337,0.8971,0.0937,1.0316,0.11806,0.00293
10,high,2,6,20,0.90,true,0.03975,0.00218,0.23145,2.19285,0.00341,0.9762,0.0708,1.1125,0.14810,0.00312
10,high,2,6,20,1.00,true,0.03762,0.00213,0.26037,2.22417,0.00345,1.0562,0.0500,1.1976,0.17942,0.00327
10,high,2,6,20,1.10,true,0.03675,0.00210,0.28951,2.25449,0.00351,1.1418,0.0371,1.2845,0.20974,0.00344
10,high,2,6,20,1.20,true,0.03363,0.00202,0.32014,2.28860,0.00350,1.2301,0.0264,1.3746,0.24386,0.00357
10,hcp30,2,12,10,0.00,true,0.15213,0.00402,0.06085,1.90968,0.00448,0.4188,0.5683,0.4452,0.00866,0.00304
10,hcp30,2,12,10,0.10,true,0.16862,0.00419,0.06956,1.90201,0.00474,0.4781,0.4938,0.4645,0.00098,0.00212
10,hcp30,2,12,10,0.20,true,0.18388,0.00433,0.08358,1.90103,0.00503,0.5373,0.4180,0.4990,0.00000,0.00000
10,hcp30,2,12,10,0.30,true,0.19125,0.00440,0.10181,1.91226,0.00527,0.6022,0.3566,0.5424,0.01124,0.00189
10,hcp30,2,12,10,0.40,true,0.19850,0.00446,0.12412,1.92788,0.00553,0.6699,0.2979,0.5987,0.02685,0.00271
10,hcp30,2,12,10,0.50,true,0.20775,0.00454,0.14949,1.94472,0.00582,0.7380,0.2400,0.6673,0.04369,0.00337
10,hcp30,2,12,10,0.60,true,0.21038,0.00456,0.17769,1.97120,0.00607,0.8162,0.1985,0.7423,0.07017,0.00392
10,hcp30,2,12,10,0.70,true,0.21138,0.00456,0.20808,2.00172,0.00630,0.8925,0.1568,0.8254,0.10069,0.00442
10,hcp30,2,12,10,0.80,true,0.21013,0.00455,0.23871,2.03491,0.00650,0.9695,0.1238,0.9104,0.13389,0.00481
10,hcp30,2,12,10,0.90,true,0.20975,0.00455,0.26861,2.06665,0.00670,1.0513,0.1001,0.9977,0.16562,0.00516
10,hcp30,2,12,10,1.00,true,0.20475,0.00451,0.30111,2.10593,0.00684,1.1362,0.0778,1.0916,0.20491,0.00554
10,hcp30,2,12,10,1.10,true,0.19862,0.00446,0.33344,2.14642,0.00695,1.2248,0.0615,1.1870,0.24540,0.00584
10,hcp30,2,12,10,1.20,true,0.19200,0.00440,0.36549,2.18740,0.00704,1.3176,0.0497,1.2848,0.28637,0.00611
10,hcp30,2,12,15,0.00,true,0.09413,0.00326,0.14470,2.05417,0.00434,0.6045,0.5504,0.6554,0.00000,0.00000
10,hcp30,2,12,15,0.10,true,0.09988,0.00335,0.15312,2.05701,0.00451,0.6620,0.5005,0.6718,0.00285,0.00163
10,hcp30,2,12,15,0.20,true,0.10512,0.00343,0.16512,2.06411,0.00468,0.7183,0.4503,0.6974,0.00995,0.00232
10,hcp30,2,12,15,0.30,true,0.10850,0.00348,0.18072,2.07687,0.00485,0.7774,0.4030,0.7317,0.02270,0.00286
10,hcp30,2,12,15,0.40,true,0.11113,0.00351,0.19893,2.09319,0.00503,0.8355,0.3572,0.7742,0.03902,0.00335
10,hcp30,2,12,15,0.50,true,0.11413,0.00355,0.21958,2.11178,0.00522,0.8989,0.3147,0.8257,0.05761,0.00381
10,hcp30,2,12,15,0.60,true,0.11513,0.00357,0.24310,2.13548,0.00539,0.9645,0.2731,0.8860,0.08132,0.00427
10,hcp30,2,12,15,0.70,true,0.11812,0.00361,0.26752,2.15828,0.00558,1.0353,0.2366,0.9539,0.10412,0.00468
10,hcp30,2,12,15,0.80,true,0.11787,0.00361,0.29133,2.18382,0.00572,1.1021,0.2070,1.0200,0.12965,0.00501
10,hcp30,2,12,15,0.90,true,0.11588,0.00358,0.31855,2.21490,0.00583,1.1802,0.1801,1.0969,0.16073,0.00535
10,hcp30,2,12,15,1.00,true,0.11238,0.00353,0.34591,2.24784,0.00591,1.2584,0.1570,1.1758,0.19367,0.00565
10,hcp30,2,12,15,1.10,true,0.11025,0.00350,0.37268,2.27898,0.00600,1.3363,0.1361,1.2572,0.22481,0.00593
10,hcp30,2,12,15,1.20,true,0.10775,0.00347,0.39876,2.30994,0.00606,1.4161,0.1196,1.3390,0.25577,0.00617
10,hcp30,2,12,20,0.00,true,0.05925,0.00264,0.23802,2.18697,0.00431,0.8181,0.5328,0.8805,0.00000,0.00000
10,hcp30,2,12,20,0.10,true,0.06288,0.00271,0.24547,2.19112,0.00444,0.8662,0.4919,0.8971,0.00414,0.00121
10,hcp30,2,12,20,0.20,true,0.06663,0.00279,0.25538,2.19779,0.00459,0.9192,0.4524,0.9218,0.01081,0.00181
10,hcp30,2,12,20,0.30,true,0.06725,0.00280,0.26801,2.21054,0.00468,0.9801,0.4183,0.9522,0.02357,0.00232
10,hcp30,2,12,20,0.40,true,0.06963,0.00285,0.28192,2.22300,0.00482,1.0380,0.3840,0.9892,0.03603,0.00276
10,hcp30,2,12,20,0.50,true,0.07225,0.00289,0.29871,2.23835,0.00497,1.1027,0.3499,1.0361,0.05138,0.00327
10,hcp30,2,12,20,0.60,true,0.07175,0.00289,0.31682,2.25835,0.00506,1.1646,0.3174,1.0859,0.07138,0.00371
10,hcp30,2,12,20,0.70,true,0.07225,0.00289,0.33525,2.27782,0.00517,1.2281,0.2891,1.1399,0.09085,0.00412
10,hcp30,2,12,20,0.80,true,0.07150,0.00288,0.35561,2.30079,0.00526,1.2970,0.2616,1.2008,0.11382,0.00447
10,hcp30,2,12,20,0.90,true,0.07087,0.00287,0.37499,2.32271,0.00534,1.3602,0.2366,1.2614,0.13574,0.00475
10,hcp30,2,12,20,1.00,true,0.06963,0.00285,0.39646,2.34771,0.00540,1.4339,0.2138,1.3309,0.16074,0.00505
10,hcp30,2,12,20,1.10,true,0.06925,0.00284,0.41860,2.37274,0.00548,1.5082,0.1907,1.4067,0.18577,0.00537
10,hcp30,2,12,20,1.20,true,0.06775,0.00281,0.43993,2.39818,0.00553,1.5837,0.1724,1.4813,0.21121,0.00561
10,hcp30,2,3,10,0.00,true,0.10812,0.00347,0.07679,1.97004,0.00403,0.3494,0.5403,0.4529,0.02402,0.00431
10,hcp30,2,3,10,0.10,true,0.13712,0.00385,0.08270,1.94711,0.00448,0.4565,0.4698,0.4717,0.00109,0.00294
10,hcp30,2,3,10,0.20,true,0.15100,0.00400,0.09514,1.94602,0.00475,0.5183,0.3980,0.5044,0.00000,0.00000
10,hcp30,2,3,10,0.30,true,0.16187,0.00412,0.11345,1.95403,0.00503,0.5814,0.3296,0.5523,0.00800,0.00260
10,hcp30,2,3,10,0.40,true,0.16862,0.00419,0.13623,1.97080,0.00529,0.6507,0.2745,0.6113,0.02477,0.00373
10,hcp30,2,3,10,0.50,true,0.17050,0.00420,0.16146,1.99509,0.00550,0.7156,0.2248,0.6747,0.04907,0.00430
10,hcp30,2,3,10,0.60,true,0.16975,0.00420,0.19356,2.02930,0.00572,0.7945,0.1769,0.7562,0.08328,0.00493
10,hcp30,2,3,10,0.70,true,0.16762,0.00418,0.22464,2.06396,0.00590,0.8709,0.1440,0.8358,0.11793,0.00547
10,hcp30,2,3,10,0.80,true,0.16737,0.00417,0.25718,2.09849,0.00610,0.9540,0.1171,0.9223,0.15247,0.00586
10,hcp30,2,3,10,0.90,true,0.16225,0.00412,0.29042,2.13885,0.00623,1.0370,0.0955,1.0095,0.19283,0.00611
10,hcp30,2,3,10,1.00,true,0.15812,0.00408,0.32417,2.17899,0.00634,1.1234,0.0768,1.1018,0.23297,0.00642
10,hcp30,2,3,10,1.10,true,0.15113,0.00400,0.35666,2.22096,0.00640,1.2085,0.0630,1.1912,0.27494,0.00654
10,hcp30,2,3,10,1.20,true,0.14388,0.00392,0.39084,2.26528,0.00644,1.3027,0.0520,1.2893,0.31926,0.00670
10,hcp30,2,3,15,0.00,true,0.06588,0.00277,0.17008,2.10882,0.00401,0.4505,0.5438,0.6685,0.00069,0.00309
10,hcp30,2,3,15,0.10,true,0.07425,0.00293,0.17746,2.10813,0.00422,0.6274,0.4799,0.6858,0.00000,0.00000
10,hcp30,2,3,15,0.20,true,0.07737,0.00299,0.18894,2.11698,0.00435,0.7000,0.4382,0.7119,0.00885,0.00255
10,hcp30,2,3,15,0.30,true,0.08200,0.00307,0.20516,2.12938,0.00454,0.7620,0.3822,0.7516,0.02125,0.00344
10,hcp30,2,3,15,0.40,true,0.08413,0.00310,0.22453,2.14764,0.00470,0.8289,0.3390,0.7986,0.03951,0.00410
10,hcp30,2,3,15,0.50,true,0.08812,0.00317,0.24434,2.16463,0.00489,0.8916,0.2990,0.8507,0.05650,0.00464
10,hcp30,2,3,15,0.60,true,0.08862,0.00318,0.26779,2.18908,0.00504,0.9566,0.2589,0.9123,0.08095,0.00501
10,hcp30,2,3,15,0.70,true,0.08975,0.00320,0.29150,2.21337,0.00518,1.0241,0.2255,0.9777,0.10524,0.00528
10,hcp30,2,3,15,0.80,true,0.08812,0.00317,0.31750,2.24298,0.00528,1.0984,0.1977,1.0489,0.13485,0.00551
10,hcp30,2,3,15,0.90,true,0.08887,0.00318,0.34268,2.26954,0.00541,1.1705,0.1714,1.1232,0.16141,0.00576
10,hcp30,2,3,15,1.00,true,0.08650,0.00314,0.36741,2.29894,0.00547,1.2437,0.1512,1.1961,0.19081,0.00594
10,hcp30,2,3,15,1.10,true,0.08375,0.00310,0.39364,2.33052,0.00552,1.3177,0.1297,1.2759,0.22239,0.00609
10,hcp30,2,3,15,1.20,true,0.08100,0.00305,0.41988,2.36234,0.00555,1.3986,0.1137,1.3591,0.25421,0.00621
10,hcp30,2,3,20,0.00,true,0.04312,0.00227,0.26672,2.23375,0.00412,0.5972,0.5297,0.8962,0.00000,0.00000
10,hcp30,2,3,20,0.10,true,0.04412,0.00230,0.27351,2.23997,0.00418,0.8143,0.4832,0.9123,0.00622,0.00270
10,hcp30,2,3,20,0.20,true,0.04500,0.00232,0.28221,2.24843,0.00425,0.8824,0.4428,0.9347,0.01468,0.00348
10,hcp30,2,3,20,0.30,true,0.04750,0.00238,0.29383,2.25844,0.00436,0.9465,0.4066,0.9665,0.02469,0.00390
10,hcp30,2,3,20,0.40,true,0.05300,0.00250,0.30739,2.26764,0.00455,1.0143,0.3735,1.0081,0.03389,0.00425
10,hcp30,2,3,20,0.50,true,0.05287,0.00250,0.32322,2.28497,0.00462,1.0794,0.3426,1.0524,0.05122,0.00449
10,hcp30,2,3,20,0.60,true,0.05262,0.00250,0.34048,2.30405,0.00469,1.1410,0.3113,1.1025,0.07031,0.00473
10,hcp30,2,3,20,0.70,true,0.05400,0.00253,0.35846,2.32241,0.00479,1.2014,0.2804,1.1582,0.08867,0.00501
10,hcp30,2,3,20,0.80,true,0.05100,0.00246,0.37881,2.34786,0.00480,1.2656,0.2520,1.2183,0.11412,0.00518
10,hcp30,2,3,20,0.90,true,0.05150,0.00247,0.39790,2.36866,0.00489,1.3320,0.2275,1.2819,0.13491,0.00539
10,hcp30,2,3,20,1.00,true,0.05075,0.00245,0.41870,2.39270,0.00494,1.4028,0.2048,1.3511,0.15895,0.00558
10,hcp30,2,3,20,1.10,true,0.05162,0.00247,0.43874,2.41452,0.00502,1.4781,0.1861,1.4233,0.18077,0.00580
10,hcp30,2,3,20,1.20,true,0.05025,0.00244,0.45929,2.43929,0.00504,1.5541,0.1700,1.4963,0.20554,0.00595
10,hcp30,2,6,10,0.00,true,0.12350,0.00368,0.06507,1.94256,0.00416,0.4029,0.5629,0.4494,0.01320,0.00265
10,hcp30,2,6,10,0.10,true,0.13775,0.00385,0.06748,1.93088,0.00436,0.4557,0.4829,0.4677,0.00152,0.00179
10,hcp30,2,6,10,0.20,true,0.14750,0.00396,0.07537,1.92936,0.00454,0.5134,0.4097,0.4992,0.00000,0.00000
10,hcp30,2,6,10,0.30,true,0.15725,0.00407,0.08850,1.93324,0.00475,0.5736,0.3360,0.5461,0.00388,0.00193
10,hcp30,2,6,10,0.40,true,0.15600,0.00406,0.10634,1.95302,0.00488,0.6387,0.2756,0.6011,0.02366,0.00265
10,hcp30,2,6,10,0.50,true,0.15550,0.00405,0.12887,1.97698,0.00505,0.7129,0.2239,0.6692,0.04762,0.00331
10,hcp30,2,6,10,0.60,true,0.15388,0.00403,0.15298,2.00380,0.00520,0.7883,0.1864,0.7399,0.07444,0.00374
10,hcp30,2,6,10,0.70,true,0.14913,0.00398,0.18152,2.03847,0.00533,0.8703,0.1526,0.8211,0.10911,0.00426
10,hcp30,2,6,10,0.80,true,0.14413,0.00393,0.21161,2.07517,0.00546,0.9501,0.1221,0.9056,0.14581,0.00465
10,hcp30,2,6,10,0.90,true,0.13800,0.00386,0.24399,2.11555,0.00556,1.0355,0.0972,0.9963,0.18619,0.00504
10,hcp30,2,6,10,1.00,true,0.13237,0.00379,0.27608,2.15532,0.00565,1.1196,0.0761,1.0878,0.22596,0.00537
10,hcp30,2,6,10,1.10,true,0.12687,0.00372,0.31032,2.19749,0.00574,1.2133,0.0593,1.1881,0.26813,0.00567
10,hcp30,2,6,10,1.20,true,0.12000,0.00363,0.34191,2.23840,0.00576,1.3004,0.0472,1.2809,0.30904,0.00595
10,hcp30,2,6,15,0.00,true,0.06525,0.00276,0.16174,2.10029,0.00391,0.6098,0.5399,0.6781,0.00121,0.00137
10,hcp30,2,6,15,0.10,true,0.06988,0.00285,0.16478,2.09908,0.00402,0.6614,0.4870,0.6950,0.00000,0.00000
10,hcp30,2,6,15,0.20,true,0.07237,0.00290,0.17202,2.10439,0.00411,0.7174,0.4367,0.7214,0.00531,0.00143
10,hcp30,2,6,15,0.30,true,0.07362,0.00292,0.18258,2.11445,0.00421,0.7738,0.3875,0.7565,0.01537,0.00211
10,hcp30,2,6,15,0.40,true,0.07550,0.00295,0.19663,2.12759,0.00434,0.8339,0.3415,0.8012,0.02851,0.00268
10,hcp30,2,6,15,0.50,true,0.07525,0.00295,0.21308,2.14543,0.00444,0.8986,0.3031,0.8511,0.04635,0.00311
10,hcp30,2,6,15,0.60,true,0.07525,0.00295,0.23241,2.16615,0.00456,0.9649,0.2645,0.9101,0.06707,0.00356
10,hcp30,2,6,15,0.70,true,0.07325,0.00291,0.25355,2.19085,0.00464,1.0327,0.2310,0.9733,0.09178,0.00398
10,hcp30,2,6,15,0.80,true,0.07450,0.00294,0.27628,2.21413,0.00478,1.1045,0.1994,1.0451,0.11505,0.00440
10,hcp30,2,6,15,0.90,true,0.07125,0.00288,0.30100,2.24416,0.00484,1.1841,0.1759,1.1196,0.14508,0.00474
10,hcp30,2,6,15,1.00,true,0.06838,0.00282,0.32558,2.27380,0.00489,1.2597,0.1544,1.1950,0.17472,0.00506
10,hcp30,2,6,15,1.10,true,0.06675,0.00279,0.35139,2.30370,0.00496,1.3389,0.1331,1.2779,0.20462,0.00536
10,hcp30,2,6,15,1.20,true,0.06400,0.00274,0.37647,2.33410,0.00499,1.4170,0.1162,1.3591,0.23502,0.00560
10,hcp30,2,6,20,0.00,true,0.04050,0.00220,0.25990,2.22808,0.00393,0.8285,0.5224,0.9119,0.00000,0.00000
10,hcp30,2,6,20,0.10,true,0.04312,0.00227,0.26356,2.22964,0.00401,0.8766,0.4799,0.9315,0.00157,0.00132
10,hcp30,2,6,20,0.20,true,0.04275,0.00226,0.26974,2.23696,0.00403,0.9354,0.4453,0.9553,0.00888,0.00181
10,hcp30,2,6,20,0.30,true,0.04387,0.00229,0.27825,2.24528,0.00411,0.9927,0.4099,0.9870,0.01721,0.00227
10,hcp30,2,6,20,0.40,true,0.04400,0.00229,0.28916,2.25724,0.00417,1.0473,0.3724,1.0256,0.02916,0.00276
10,hcp30,2,6,20,0.50,true,0.04350,0.00228,0.30175,2.27170,0.00423,1.1092,0.3411,1.0690,0.04362,0.00315
10,hcp30,2,6,20,0.60,true,0.04200,0.00224,0.31629,2.28931,0.00427,1.1709,0.3103,1.1182,0.06123,0.00356
10,hcp30,2,6,20,0.70,true,0.04100,0.00222,0.33182,2.30761,0.00433,1.2299,0.2797,1.1716,0.07953,0.00389
10,hcp30,2,6,20,0.80,true,0.03950,0.00218,0.34887,2.32813,0.00437,1.2937,0.2522,1.2304,0.10005,0.00422
10,hcp30,2,6,20,0.90,true,0.03875,0.00216,0.36716,2.34936,0.00443,1.3605,0.2257,1.2957,0.12128,0.00459
10,hcp30,2,6,20,1.00,true,0.03812,0.00214,0.38581,2.37100,0.00448,1.4334,0.2043,1.3643,0.14293,0.00488
10,hcp30,2,6,20,1.10,true,0.03600,0.00208,0.40437,2.39418,0.00450,1.5024,0.1845,1.4324,0.16610,0.00511
10,hcp30,2,6,20,1.20,true,0.03388,0.00202,0.42416,2.41884,0.00450,1.5708,0.1629,1.5068,0.19076,0.00536
10,tour,3,12,10,0.00,true,0.35863,0.00536,0.00001,1.64139,0.00536,0.1650,0.6769,0.1915,0.14777,0.00515
10,tour,3,12,10,0.10,true,0.44212,0.00555,0.00008,1.55796,0.00555,0.2137,0.4687,0.2060,0.06434,0.00414
10,tour,3,12,10,0.20,true,0.48875,0.00559,0.00041,1.51166,0.00559,0.2775,0.2743,0.2578,0.01804,0.00280
10,tour,3,12,10,0.30,true,0.50775,0.00559,0.00137,1.49362,0.00561,0.3526,0.1346,0.3377,0.00000,0.00000
10,tour,3,12,10,0.40,true,0.50775,0.00559,0.00362,1.49587,0.00563,0.4372,0.0561,0.4322,0.00225,0.00219
10,tour,3,12,10,0.50,true,0.49662,0.00559,0.00760,1.51097,0.00568,0.5243,0.0214,0.5261,0.01736,0.00285
10,tour,3,12,10,0.60,true,0.48287,0.00559,0.01396,1.53108,0.00575,0.6177,0.0085,0.6222,0.03746,0.00323
10,tour,3,12,10,0.70,true,0.46663,0.00558,0.02339,1.55677,0.00584,0.7152,0.0030,0.7209,0.06315,0.00355
10,tour,3,12,10,0.80,true,0.45275,0.00557,0.03678,1.58403,0.00596,0.8221,0.0009,0.8280,0.09041,0.00384
10,tour,3,12,10,0.90,true,0.43575,0.00554,0.05125,1.61550,0.00608,0.9131,0.0000,0.9190,0.12188,0.00413
10,tour,3,12,10,1.00,true,0.42087,0.00552,0.06967,1.64879,0.00622,1.0136,0.0000,1.0191,0.15517,0.00439
10,tour,3,12,10,1.10,true,0.40613,0.00549,0.09048,1.68435,0.00637,1.1130,0.0000,1.1181,0.19074,0.00464
10,tour,3,12,10,1.20,true,0.39337,0.00546,0.11307,1.71970,0.00653,1.2122,0.0000,1.2171,0.22608,0.00486
10,tour,3,12,15,0.00,true,0.21912,0.00462,0.00065,1.78153,0.00463,0.2453,0.6008,0.2790,0.09429,0.00455
10,tour,3,12,15,0.10,true,0.25938,0.00490,0.00138,1.74200,0.00491,0.2950,0.4719,0.2920,0.05476,0.00394
10,tour,3,12,15,0.20,true,0.29287,0.00509,0.00298,1.71010,0.00511,0.3504,0.3428,0.3294,0.02286,0.00320
10,tour,3,12,15,0.30,true,0.31138,0.00518,0.00589,1.69451,0.00523,0.4144,0.2354,0.3873,0.00727,0.00221
10,tour,3,12,15,0.40,true,0.32362,0.00523,0.01087,1.68724,0.00532,0.4858,0.1395,0.4669,0.00000,0.00000
10,tour,3,12,15,0.50,true,0.32512,0.00524,0.01819,1.69306,0.00540,0.5663,0.0822,0.5542,0.00582,0.00182
10,tour,3,12,15,0.60,true,0.32112,0.00522,0.02704,1.70592,0.00545,0.6441,0.0521,0.6365,0.01868,0.00231
10,tour,3,12,15,0.70,true,0.31438,0.00519,0.03958,1.72520,0.00553,0.7345,0.0301,0.7321,0.03796,0.00275
10,tour,3,12,15,0.80,true,0.30512,0.00515,0.05612,1.75100,0.00562,0.8330,0.0157,0.8354,0.06376,0.00308
10,tour,3,12,15,0.90,true,0.29550,0.00510,0.07304,1.77754,0.00570,0.9207,0.0083,0.9260,0.09030,0.00337
10,tour,3,12,15,1.00,true,0.28687,0.00506,0.09385,1.80698,0.00581,1.0185,0.0044,1.0252,0.11974,0.00361
10,tour,3,12,15,1.10,true,0.27725,0.00500,0.11694,1.83970,0.00592,1.1154,0.0014,1.1239,0.15245,0.00383
10,tour,3,12,15,1.20,true,0.26725,0.00495,0.14235,1.87510,0.00603,1.2160,0.0005,1.2246,0.18786,0.00407
10,tour,3,12,20,0.00,true,0.13787,0.00385,0.00381,1.86593,0.00388,0.3312,0.5704,0.3664,0.04802,0.00343
10,tour,3,12,20,0.10,true,0.16025,0.00410,0.00579,1.84554,0.00414,0.3701,0.4620,0.3792,0.02763,0.00276
10,tour,3,12,20,0.20,true,0.18175,0.00431,0.00924,1.82749,0.00437,0.4258,0.3679,0.4113,0.00958,0.00193
10,tour,3,12,20,0.30,true,0.19637,0.00444,0.01428,1.81791,0.00454,0.4826,0.2778,0.4594,0.00000,0.00000
10,tour,3,12,20,0.40,true,0.20325,0.00450,0.02155,1.81830,0.00465,0.5467,0.2030,0.5213,0.00040,0.00182
10,tour,3,12,20,0.50,true,0.20850,0.00454,0.03084,1.82234,0.00477,0.6166,0.1467,0.5929,0.00443,0.00237
10,tour,3,12,20,0.60,true,0.21038,0.00456,0.04284,1.83247,0.00487,0.6915,0.1002,0.6743,0.01456,0.00274
10,tour,3,12,20,0.70,true,0.21075,0.00456,0.05680,1.84605,0.00498,0.7698,0.0684,0.7590,0.02814,0.00308
10,tour,3,12,20,0.80,true,0.20750,0.00453,0.07392,1.86642,0.00507,0.8537,0.0445,0.8496,0.04851,0.00331
10,tour,3,12,20,0.90,true,0.20062,0.00448,0.09355,1.89293,0.00514,0.9397,0.0274,0.9420,0.07502,0.00354
10,tour,3,12,20,1.00,true,0.19362,0.00442,0.11589,1.92226,0.00522,1.0342,0.0183,1.0389,0.10436,0.00377
10,tour,3,12,20,1.10,true,0.18862,0.00437,0.13965,1.95103,0.00531,1.1291,0.0116,1.1366,0.13312,0.00395
10,tour,3,12,20,1.20,true,0.18363,0.00433,0.16475,1.98113,0.00541,1.2258,0.0078,1.2345,0.16322,0.00412
10,tour,3,3,10,0.00,true,0.19400,0.00442,0.00005,1.80605,0.00442,0.0986,0.5937,0.2051,0.15327,0.00603
10,tour,3,3,10,0.10,true,0.28150,0.00503,0.00011,1.71861,0.00503,0.2008,0.3975,0.2250,0.06583,0.00503
10,tour,3,3,10,0.20,true,0.32062,0.00522,0.00038,1.67976,0.00522,0.2597,0.2370,0.2731,0.02698,0.00397
10,tour,3,3,10,0.30,true,0.34463,0.00531,0.00120,1.65658,0.00532,0.3259,0.1230,0.3431,0.00380,0.00263
10,tour,3,3,10,0.40,true,0.35050,0.00533,0.00328,1.65278,0.00536,0.4047,0.0566,0.4277,0.00000,0.00000
10,tour,3,3,10,0.50,true,0.34675,0.00532,0.00697,1.66022,0.00538,0.4829,0.0237,0.5106,0.00743,0.00223
10,tour,3,3,10,0.60,true,0.34513,0.00532,0.01355,1.66842,0.00543,0.5757,0.0111,0.6048,0.01564,0.00309
10,tour,3,3,10,0.70,true,0.34175,0.00530,0.02350,1.68175,0.00551,0.6695,0.0027,0.7010,0.02897,0.00370
10,tour,3,3,10,0.80,true,0.33425,0.00527,0.03874,1.70450,0.00561,0.7745,0.0015,0.8060,0.05171,0.00421
10,tour,3,3,10,0.90,true,0.32212,0.00522,0.05587,1.73375,0.00569,0.8643,0.0009,0.8967,0.08096,0.00457
10,tour,3,3,10,1.00,true,0.31312,0.00519,0.07720,1.76408,0.00582,0.9598,0.0004,0.9934,0.11130,0.00488
10,tour,3,3,10,1.10,true,0.30012,0.00512,0.10203,1.80191,0.00594,1.0559,0.0002,1.0909,0.14913,0.00520
10,tour,3,3,10,1.20,true,0.28963,0.00507,0.12935,1.83973,0.00607,1.1539,0.0002,1.1904,0.18695,0.00550
10,tour,3,3,15,0.00,true,0.11400,0.00355,0.00120,1.88720,0.00356,0.1421,0.5499,0.2966,0.08284,0.00515
10,tour,3,3,15,0.10,true,0.15575,0.00405,0.00167,1.84592,0.00406,0.2634,0.4107,0.3141,0.04156,0.00441
10,tour,3,3,15,0.20,true,0.17588,0.00426,0.00305,1.82717,0.00427,0.3286,0.3009,0.3529,0.02281,0.00357
10,tour,3,3,15,0.30,true,0.19675,0.00444,0.00566,1.80891,0.00448,0.3885,0.2048,0.4084,0.00455,0.00254
10,tour,3,3,15,0.40,true,0.20575,0.00452,0.01011,1.80436,0.00459,0.4562,0.1353,0.4767,0.00000,0.00000
10,tour,3,3,15,0.50,true,0.21000,0.00455,0.01717,1.80717,0.00467,0.5293,0.0848,0.5544,0.00281,0.00231
10,tour,3,3,15,0.60,true,0.20963,0.00455,0.02747,1.81784,0.00474,0.6085,0.0476,0.6406,0.01348,0.00324
10,tour,3,3,15,0.70,true,0.20650,0.00453,0.04108,1.83458,0.00481,0.6936,0.0265,0.7302,0.03023,0.00381
10,tour,3,3,15,0.80,true,0.19950,0.00447,0.05789,1.85839,0.00486,0.7801,0.0151,0.8193,0.05404,0.00422
10,tour,3,3,15,0.90,true,0.19387,0.00442,0.07917,1.88530,0.00495,0.8750,0.0081,0.9164,0.08094,0.00456
10,tour,3,3,15,1.00,true,0.18725,0.00436,0.10280,1.91556,0.00503,0.9681,0.0045,1.0110,0.11120,0.00486
10,tour,3,3,15,1.10,true,0.18300,0.00432,0.12870,1.94571,0.00515,1.0630,0.0020,1.1077,0.14135,0.00511
10,tour,3,3,15,1.20,true,0.17838,0.00428,0.15613,1.97777,0.00525,1.1587,0.0011,1.2043,0.17341,0.00534
10,tour,3,3,20,0.00,true,0.07975,0.00303,0.00619,1.92644,0.00306,0.1981,0.5454,0.3925,0.04341,0.00425
10,tour,3,3,20,0.10,true,0.10325,0.00340,0.00743,1.90418,0.00344,0.3269,0.4406,0.4055,0.02115,0.00346
10,tour,3,3,20,0.20,true,0.12187,0.00366,0.01025,1.88837,0.00372,0.3955,0.3458,0.4384,0.00535,0.00252
10,tour,3,3,20,0.30,true,0.13187,0.00378,0.01490,1.88303,0.00388,0.4522,0.2603,0.4840,0.00000,0.00000
10,tour,3,3,20,0.40,true,0.13837,0.00386,0.02187,1.88350,0.00400,0.5167,0.1924,0.5440,0.00047,0.00244
10,tour,3,3,20,0.50,true,0.14313,0.00392,0.03119,1.88807,0.00412,0.5839,0.1399,0.6119,0.00504,0.00332
10,tour,3,3,20,0.60,true,0.14238,0.00391,0.04290,1.90052,0.00419,0.6500,0.0953,0.6842,0.01750,0.00388
10,tour,3,3,20,0.70,true,0.14025,0.00388,0.05868,1.91843,0.00426,0.7306,0.0664,0.7681,0.03540,0.00426
10,tour,3,3,20,0.80,true,0.13912,0.00387,0.07608,1.93696,0.00436,0.8083,0.0439,0.8514,0.05393,0.00455
10,tour,3,3,20,0.90,true,0.13475,0.00382,0.09738,1.96263,0.00443,0.8955,0.0295,0.9420,0.07961,0.00480
10,tour,3,3,20,1.00,true,0.13312,0.00380,0.12064,1.98753,0.00453,0.9861,0.0208,1.0347,0.10450,0.00502
10,tour,3,3,20,1.10,true,0.12987,0.00376,0.14559,2.01573,0.00462,1.0757,0.0145,1.1265,0.13270,0.00518
10,tour,3,3,20,1.20,true,0.12437,0.00369,0.17251,2.04816,0.00467,1.1655,0.0093,1.2195,0.16513,0.00533
10,tour,3,6,10,0.00,true,0.24238,0.00479,0.00004,1.75767,0.00479,0.1649,0.6083,0.2021,0.10536,0.00453
10,tour,3,6,10,0.10,true,0.29838,0.00512,0.00003,1.70165,0.00512,0.2104,0.4017,0.2203,0.04935,0.00363
10,tour,3,6,10,0.20,true,0.33525,0.00528,0.00009,1.66484,0.00528,0.2708,0.2213,0.2730,0.01253,0.00241
10,tour,3,6,10,0.30,true,0.34800,0.00533,0.00030,1.65230,0.00533,0.3459,0.1058,0.3500,0.00000,0.00000
10,tour,3,6,10,0.40,true,0.34125,0.00530,0.00084,1.65959,0.00531,0.4278,0.0493,0.4348,0.00729,0.00187
10,tour,3,6,10,0.50,true,0.33087,0.00526,0.00208,1.67121,0.00528,0.5208,0.0191,0.5315,0.01890,0.00246
10,tour,3,6,10,0.60,true,0.31575,0.00520,0.00434,1.68859,0.00523,0.6170,0.0068,0.6292,0.03628,0.00290
10,tour,3,6,10,0.70,true,0.29712,0.00511,0.00808,1.71095,0.00517,0.7146,0.0032,0.7261,0.05865,0.00324
10,tour,3,6,10,0.80,true,0.27937,0.00502,0.01421,1.73484,0.00512,0.8204,0.0010,0.8316,0.08253,0.00352
10,tour,3,6,10,0.90,true,0.26238,0.00492,0.02213,1.75975,0.00508,0.9185,0.0002,0.9292,0.10745,0.00377
10,tour,3,6,10,1.00,true,0.24225,0.00479,0.03293,1.79068,0.00501,1.0194,0.0002,1.0292,0.13837,0.00405
10,tour,3,6,10,1.10,true,0.22137,0.00464,0.04626,1.82489,0.00494,1.1174,0.0000,1.1267,0.17259,0.00430
10,tour,3,6,10,1.20,true,0.19712,0.00445,0.06406,1.86694,0.00484,1.2233,0.0000,1.2320,0.21464,0.00457
10,tour,3,6,15,0.00,true,0.14113,0.00389,0.00092,1.85979,0.00390,0.2469,0.5621,0.2985,0.05262,0.00377
10,tour,3,6,15,0.10,true,0.16687,0.00417,0.00073,1.83385,0.00417,0.2935,0.4317,0.3144,0.02668,0.00322
10,tour,3,6,15,0.20,true,0.18538,0.00434,0.00102,1.81565,0.00435,0.3459,0.3052,0.3529,0.00847,0.00258
10,tour,3,6,15,0.30,true,0.19187,0.00440,0.00191,1.81003,0.00441,0.4080,0.2043,0.4096,0.00286,0.00183
10,tour,3,6,15,0.40,true,0.19637,0.00444,0.00355,1.80717,0.00446,0.4812,0.1307,0.4828,0.00000,0.00000
10,tour,3,6,15,0.50,true,0.19237,0.00441,0.00624,1.81386,0.00444,0.5580,0.0771,0.5646,0.00669,0.00171
10,tour,3,6,15,0.60,true,0.18538,0.00434,0.01036,1.82498,0.00441,0.6413,0.0422,0.6538,0.01781,0.00226
10,tour,3,6,15,0.70,true,0.17675,0.00426,0.01633,1.83958,0.00436,0.7341,0.0251,0.7481,0.03240,0.00255
10,tour,3,6,15,0.80,true,0.16562,0.00416,0.02431,1.85869,0.00430,0.8269,0.0115,0.8447,0.05151,0.00287
10,tour,3,6,15,0.90,true,0.15450,0.00404,0.03454,1.88005,0.00424,0.9232,0.0053,0.9421,0.07287,0.00313
10,tour,3,6,15,1.00,true,0.14250,0.00391,0.04738,1.90489,0.00417,1.0226,0.0022,1.0416,0.09772,0.00335
10,tour,3,6,15,1.10,true,0.12737,0.00373,0.06316,1.93579,0.00406,1.1251,0.0007,1.1435,0.12862,0.00361
10,tour,3,6,15,1.20,true,0.11425,0.00356,0.08042,1.96619,0.00396,1.2233,0.0003,1.2409,0.15902,0.00381
10,tour,3,6,20,0.00,true,0.09375,0.00326,0.00442,1.91067,0.00328,0.3214,0.5379,0.3927,0.02796,0.00277
10,tour,3,6,20,0.10,true,0.10575,0.00344,0.00391,1.89816,0.00346,0.3641,0.4367,0.4064,0.01546,0.00233
10,tour,3,6,20,0.20,true,0.11887,0.00362,0.00442,1.88555,0.00364,0.4156,0.3383,0.4395,0.00284,0.00169
10,tour,3,6,20,0.30,true,0.12325,0.00368,0.00595,1.88270,0.00371,0.4735,0.2551,0.4863,0.00000,0.00000
10,tour,3,6,20,0.40,true,0.12562,0.00371,0.00868,1.88305,0.00375,0.5375,0.1843,0.5475,0.00035,0.00152
10,tour,3,6,20,0.50,true,0.12612,0.00371,0.01278,1.88666,0.00378,0.6086,0.1293,0.6193,0.00396,0.00202
10,tour,3,6,20,0.60,true,0.12400,0.00368,0.01845,1.89446,0.00379,0.6844,0.0865,0.6993,0.01175,0.00240
10,tour,3,6,20,0.70,true,0.12050,0.00364,0.02591,1.90541,0.00378,0.7668,0.0573,0.7851,0.02271,0.00264
10,tour,3,6,20,0.80,true,0.11288,0.00354,0.03541,1.92254,0.00373,0.8543,0.0368,0.8760,0.03984,0.00290
10,tour,3,6,20,0.90,true,0.10512,0.00343,0.04705,1.94193,0.00368,0.9480,0.0258,0.9696,0.05923,0.00312
10,tour,3,6,20,1.00,true,0.09713,0.00331,0.06104,1.96393,0.00363,1.0433,0.0159,1.0673,0.08122,0.00334
10,tour,3,6,20,1.10,true,0.08975,0.00320,0.07664,1.98691,0.00358,1.1369,0.0089,1.1634,0.10421,0.00352
10,tour,3,6,20,1.20,true,0.07875,0.00301,0.09446,2.01573,0.00346,1.2341,0.0054,1.2608,0.13303,0.00370
10,scratch,3,12,10,0.00,true,0.31550,0.00520,0.00007,1.68457,0.00520,0.1767,0.6488,0.2051,0.12334,0.00487
10,scratch,3,12,10,0.10,true,0.38688,0.00545,0.00032,1.61345,0.00545,0.2249,0.4571,0.2205,0.05221,0.00394
10,scratch,3,12,10,0.20,true,0.42562,0.00553,0.00116,1.57554,0.00554,0.2855,0.2777,0.2692,0.01430,0.00269
10,scratch,3,12,10,0.30,true,0.44200,0.00555,0.00323,1.56123,0.00559,0.3600,0.1499,0.3447,0.00000,0.00000
10,scratch,3,12,10,0.40,true,0.44525,0.00556,0.00744,1.56219,0.00564,0.4422,0.0660,0.4374,0.00096,0.00226
10,scratch,3,12,10,0.50,true,0.43462,0.00554,0.01414,1.57951,0.00569,0.5299,0.0323,0.5296,0.01828,0.00293
10,scratch,3,12,10,0.60,true,0.42013,0.00552,0.02423,1.60411,0.00577,0.6196,0.0129,0.6241,0.04287,0.00337
10,scratch,3,12,10,0.70,true,0.40463,0.00549,0.03816,1.63354,0.00587,0.7156,0.0059,0.7216,0.07231,0.00369
10,scratch,3,12,10,0.80,true,0.39038,0.00545,0.05692,1.66654,0.00600,0.8199,0.0023,0.8266,0.10531,0.00395
10,scratch,3,12,10,0.90,true,0.37950,0.00543,0.07605,1.69655,0.00614,0.9120,0.0008,0.9190,0.13532,0.00420
10,scratch,3,12,10,1.00,true,0.36588,0.00539,0.09969,1.73381,0.00630,1.0123,0.0002,1.0192,0.17258,0.00445
10,scratch,3,12,10,1.10,true,0.35113,0.00534,0.12589,1.77476,0.00644,1.1127,0.0000,1.1194,0.21353,0.00473
10,scratch,3,12,10,1.20,true,0.33675,0.00528,0.15363,1.81689,0.00659,1.2125,0.0000,1.2188,0.25565,0.00497
10,scratch,3,12,15,0.00,true,0.18425,0.00433,0.00176,1.81751,0.00435,0.2636,0.5811,0.3034,0.06732,0.00424
10,scratch,3,12,15,0.10,true,0.21550,0.00460,0.00327,1.78777,0.00462,0.3120,0.4626,0.3165,0.03759,0.00371
10,scratch,3,12,15,0.20,true,0.24175,0.00479,0.00629,1.76454,0.00483,0.3670,0.3450,0.3525,0.01436,0.00302
10,scratch,3,12,15,0.30,true,0.25800,0.00489,0.01129,1.75329,0.00498,0.4303,0.2485,0.4068,0.00311,0.00218
10,scratch,3,12,15,0.40,true,0.26913,0.00496,0.01931,1.75018,0.00511,0.4992,0.1555,0.4824,0.00000,0.00000
10,scratch,3,12,15,0.50,true,0.26787,0.00495,0.03031,1.76243,0.00520,0.5757,0.0983,0.5641,0.01225,0.00177
10,scratch,3,12,15,0.60,true,0.26475,0.00493,0.04319,1.77844,0.00528,0.6514,0.0632,0.6453,0.02825,0.00233
10,scratch,3,12,15,0.70,true,0.25675,0.00488,0.06064,1.80389,0.00536,0.7396,0.0390,0.7382,0.05371,0.00276
10,scratch,3,12,15,0.80,true,0.25112,0.00485,0.08221,1.83108,0.00548,0.8357,0.0209,0.8403,0.08090,0.00307
10,scratch,3,12,15,0.90,true,0.24400,0.00480,0.10368,1.85968,0.00558,0.9247,0.0141,0.9306,0.10950,0.00336
10,scratch,3,12,15,1.00,true,0.23600,0.00475,0.12926,1.89327,0.00570,1.0203,0.0070,1.0295,0.14309,0.00364
10,scratch,3,12,15,1.10,true,0.22625,0.00468,0.15701,1.93077,0.00579,1.1179,0.0042,1.1280,0.18059,0.00390
10,scratch,3,12,15,1.20,true,0.21800,0.00462,0.18585,1.96786,0.00589,1.2150,0.0014,1.2268,0.21767,0.00409
10,scratch,3,12,20,0.00,true,0.10950,0.00349,0.00816,1.89866,0.00354,0.3511,0.5564,0.4015,0.02777,0.00308
10,scratch,3,12,20,0.10,true,0.12900,0.00375,0.01148,1.88248,0.00382,0.3908,0.4580,0.4151,0.01158,0.00254
10,scratch,3,12,20,0.20,true,0.14425,0.00393,0.01690,1.87265,0.00404,0.4469,0.3725,0.4456,0.00175,0.00177
10,scratch,3,12,20,0.30,true,0.15375,0.00403,0.02465,1.87090,0.00420,0.5035,0.2904,0.4908,0.00000,0.00000
10,scratch,3,12,20,0.40,true,0.15950,0.00409,0.03525,1.87575,0.00434,0.5664,0.2186,0.5500,0.00485,0.00167
10,scratch,3,12,20,0.50,true,0.16387,0.00414,0.04836,1.88448,0.00448,0.6335,0.1607,0.6189,0.01359,0.00224
10,scratch,3,12,20,0.60,true,0.16425,0.00414,0.06463,1.90039,0.00460,0.7072,0.1153,0.6966,0.02949,0.00263
10,scratch,3,12,20,0.70,true,0.16300,0.00413,0.08264,1.91964,0.00470,0.7827,0.0832,0.7765,0.04875,0.00296
10,scratch,3,12,20,0.80,true,0.16112,0.00411,0.10397,1.94285,0.00482,0.8635,0.0568,0.8641,0.07196,0.00320
10,scratch,3,12,20,0.90,true,0.15725,0.00407,0.12753,1.97028,0.00492,0.9481,0.0380,0.9545,0.09939,0.00345
10,scratch,3,12,20,1.00,true,0.15263,0.00402,0.15341,2.00080,0.00501,1.0362,0.0240,1.0480,0.12990,0.00364
10,scratch,3,12,20,1.10,true,0.14825,0.00397,0.18080,2.03257,0.00510,1.1304,0.0172,1.1435,0.16167,0.00384
10,scratch,3,12,20,1.20,true,0.14450,0.00393,0.20921,2.06473,0.00519,1.2254,0.0115,1.2405,0.19383,0.00402
10,scratch,3,3,10,0.00,true,0.17775,0.00427,0.00020,1.82245,0.00428,0.1089,0.5926,0.2205,0.12951,0.00569
10,scratch,3,3,10,0.10,true,0.24975,0.00484,0.00037,1.75062,0.00484,0.2085,0.4025,0.2379,0.05768,0.00445
10,scratch,3,3,10,0.20,true,0.28575,0.00505,0.00107,1.71532,0.00506,0.2698,0.2525,0.2847,0.02238,0.00310
10,scratch,3,3,10,0.30,true,0.30988,0.00517,0.00282,1.69294,0.00519,0.3344,0.1380,0.3525,0.00000,0.00000
10,scratch,3,3,10,0.40,true,0.31325,0.00519,0.00675,1.69350,0.00524,0.4129,0.0737,0.4341,0.00056,0.00274
10,scratch,3,3,10,0.50,true,0.31025,0.00517,0.01306,1.70281,0.00528,0.4914,0.0359,0.5179,0.00987,0.00356
10,scratch,3,3,10,0.60,true,0.30712,0.00516,0.02309,1.71596,0.00535,0.5793,0.0157,0.6100,0.02302,0.00414
10,scratch,3,3,10,0.70,true,0.30125,0.00513,0.03723,1.73598,0.00543,0.6722,0.0063,0.7050,0.04304,0.00461
10,scratch,3,3,10,0.80,true,0.29287,0.00509,0.05753,1.76466,0.00555,0.7755,0.0023,0.8096,0.07172,0.00501
10,scratch,3,3,10,0.90,true,0.28275,0.00503,0.07901,1.79627,0.00566,0.8651,0.0014,0.9001,0.10333,0.00534
10,scratch,3,3,10,1.00,true,0.27063,0.00497,0.10552,1.83491,0.00577,0.9609,0.0007,0.9971,0.14197,0.00566
10,scratch,3,3,10,1.10,true,0.25962,0.00490,0.13456,1.87496,0.00589,1.0568,0.0003,1.0942,0.18202,0.00592
10,scratch,3,3,10,1.20,true,0.24775,0.00483,0.16606,1.91834,0.00600,1.1540,0.0002,1.1929,0.22540,0.00620
10,scratch,3,3,15,0.00,true,0.10225,0.00339,0.00305,1.90080,0.00340,0.1639,0.5500,0.3244,0.06218,0.00500
10,scratch,3,3,15,0.10,true,0.13425,0.00381,0.00413,1.86988,0.00383,0.2840,0.4171,0.3422,0.03126,0.00431
10,scratch,3,3,15,0.20,true,0.15675,0.00406,0.00653,1.84978,0.00410,0.3441,0.3153,0.3765,0.01116,0.00359
10,scratch,3,3,15,0.30,true,0.17112,0.00421,0.01101,1.83988,0.00428,0.4050,0.2256,0.4287,0.00126,0.00257
10,scratch,3,3,15,0.40,true,0.17963,0.00429,0.01825,1.83863,0.00441,0.4715,0.1545,0.4947,0.00000,0.00000
10,scratch,3,3,15,0.50,true,0.17800,0.00428,0.02887,1.85087,0.00447,0.5432,0.1013,0.5700,0.01224,0.00248
10,scratch,3,3,15,0.60,true,0.17663,0.00426,0.04329,1.86667,0.00456,0.6215,0.0633,0.6537,0.02805,0.00327
10,scratch,3,3,15,0.70,true,0.17525,0.00425,0.06146,1.88622,0.00466,0.7053,0.0376,0.7433,0.04759,0.00391
10,scratch,3,3,15,0.80,true,0.17075,0.00421,0.08251,1.91177,0.00475,0.7891,0.0222,0.8315,0.07314,0.00428
10,scratch,3,3,15,0.90,true,0.16525,0.00415,0.10728,1.94205,0.00484,0.8794,0.0132,0.9244,0.10342,0.00458
10,scratch,3,3,15,1.00,true,0.16075,0.00411,0.13478,1.97406,0.00495,0.9718,0.0077,1.0190,0.13543,0.00489
10,scratch,3,3,15,1.10,true,0.15650,0.00406,0.16419,2.00773,0.00506,1.0662,0.0041,1.1156,0.16910,0.00515
10,scratch,3,3,15,1.20,true,0.14825,0.00397,0.19507,2.04687,0.00510,1.1600,0.0023,1.2107,0.20824,0.00531
10,scratch,3,3,20,0.00,true,0.06863,0.00283,0.01304,1.94442,0.00290,0.2373,0.5407,0.4372,0.02590,0.00368
10,scratch,3,3,20,0.10,true,0.08800,0.00317,0.01519,1.92719,0.00325,0.3601,0.4504,0.4492,0.00868,0.00247
10,scratch,3,3,20,0.20,true,0.10138,0.00337,0.01989,1.91852,0.00350,0.4253,0.3626,0.4788,0.00000,0.00000
10,scratch,3,3,20,0.30,true,0.10712,0.00346,0.02689,1.91976,0.00363,0.4796,0.2815,0.5205,0.00125,0.00246
10,scratch,3,3,20,0.40,true,0.11463,0.00356,0.03661,1.92199,0.00380,0.5387,0.2118,0.5762,0.00348,0.00340
10,scratch,3,3,20,0.50,true,0.11725,0.00360,0.04964,1.93239,0.00392,0.6069,0.1623,0.6409,0.01388,0.00391
10,scratch,3,3,20,0.60,true,0.11700,0.00359,0.06536,1.94837,0.00402,0.6731,0.1165,0.7119,0.02985,0.00424
10,scratch,3,3,20,0.70,true,0.11713,0.00360,0.08422,1.96711,0.00414,0.7479,0.0835,0.7909,0.04860,0.00449
10,scratch,3,3,20,0.80,true,0.11613,0.00358,0.10556,1.98945,0.00425,0.8268,0.0608,0.8731,0.07094,0.00471
10,scratch,3,3,20,0.90,true,0.11275,0.00354,0.13011,2.01739,0.00433,0.9085,0.0403,0.9616,0.09887,0.00489
10,scratch,3,3,20,1.00,true,0.10925,0.00349,0.15698,2.04777,0.00441,0.9963,0.0281,1.0530,0.12925,0.00501
10,scratch,3,3,20,1.10,true,0.10350,0.00341,0.18522,2.08178,0.00445,1.0852,0.0211,1.1432,0.16326,0.00508
10,scratch,3,3,20,1.20,true,0.09838,0.00333,0.21403,2.11573,0.00448,1.1731,0.0147,1.2343,0.19721,0.00520
10,scratch,3,6,10,0.00,true,0.21075,0.00456,0.00017,1.78942,0.00456,0.1763,0.5934,0.2182,0.08987,0.00426
10,scratch,3,6,10,0.10,true,0.25875,0.00490,0.00012,1.74137,0.00490,0.2213,0.4015,0.2367,0.04182,0.00344
10,scratch,3,6,10,0.20,true,0.29000,0.00507,0.00027,1.71027,0.00508,0.2799,0.2356,0.2860,0.01073,0.00232
10,scratch,3,6,10,0.30,true,0.30125,0.00513,0.00079,1.69954,0.00514,0.3545,0.1258,0.3594,0.00000,0.00000
10,scratch,3,6,10,0.40,true,0.29550,0.00510,0.00198,1.70648,0.00512,0.4341,0.0628,0.4423,0.00693,0.00190
10,scratch,3,6,10,0.50,true,0.28587,0.00505,0.00442,1.71854,0.00508,0.5236,0.0268,0.5362,0.01900,0.00249
10,scratch,3,6,10,0.60,true,0.27263,0.00498,0.00853,1.73590,0.00504,0.6179,0.0119,0.6320,0.03636,0.00290
10,scratch,3,6,10,0.70,true,0.25888,0.00490,0.01484,1.75597,0.00500,0.7149,0.0051,0.7294,0.05642,0.00322
10,scratch,3,6,10,0.80,true,0.23988,0.00477,0.02448,1.78461,0.00494,0.8205,0.0021,0.8346,0.08507,0.00354
10,scratch,3,6,10,0.90,true,0.22337,0.00466,0.03629,1.81293,0.00490,0.9184,0.0010,0.9318,0.11338,0.00379
10,scratch,3,6,10,1.00,true,0.20638,0.00452,0.05126,1.84490,0.00485,1.0177,0.0002,1.0308,0.14535,0.00403
10,scratch,3,6,10,1.10,true,0.18775,0.00437,0.06907,1.88135,0.00478,1.1156,0.0002,1.1279,0.18180,0.00427
10,scratch,3,6,10,1.20,true,0.16825,0.00418,0.09165,1.92344,0.00471,1.2205,0.0000,1.2323,0.22390,0.00451
10,scratch,3,6,15,0.00,true,0.11675,0.00359,0.00246,1.88571,0.00360,0.2654,0.5509,0.3285,0.03599,0.00313
10,scratch,3,6,15,0.10,true,0.13575,0.00383,0.00211,1.86636,0.00384,0.3122,0.4322,0.3446,0.01664,0.00257
10,scratch,3,6,15,0.20,true,0.15200,0.00401,0.00272,1.85072,0.00403,0.3628,0.3131,0.3817,0.00100,0.00175
10,scratch,3,6,15,0.30,true,0.15475,0.00404,0.00447,1.84972,0.00407,0.4246,0.2205,0.4351,0.00000,0.00000
10,scratch,3,6,15,0.40,true,0.15637,0.00406,0.00760,1.85123,0.00410,0.4936,0.1470,0.5034,0.00151,0.00162
10,scratch,3,6,15,0.50,true,0.15513,0.00405,0.01235,1.85723,0.00412,0.5695,0.0920,0.5833,0.00751,0.00225
10,scratch,3,6,15,0.60,true,0.15113,0.00400,0.01897,1.86785,0.00411,0.6496,0.0552,0.6683,0.01813,0.00260
10,scratch,3,6,15,0.70,true,0.14388,0.00392,0.02813,1.88426,0.00408,0.7394,0.0331,0.7606,0.03454,0.00285
10,scratch,3,6,15,0.80,true,0.13362,0.00380,0.04001,1.90640,0.00403,0.8335,0.0206,0.8557,0.05668,0.00310
10,scratch,3,6,15,0.90,true,0.12487,0.00370,0.05420,1.92935,0.00399,0.9254,0.0094,0.9515,0.07963,0.00334
10,scratch,3,6,15,1.00,true,0.11475,0.00356,0.07132,1.95660,0.00394,1.0226,0.0044,1.0495,0.10688,0.00354
10,scratch,3,6,15,1.10,true,0.10262,0.00339,0.09160,1.98903,0.00386,1.1237,0.0021,1.1501,0.13931,0.00374
10,scratch,3,6,15,1.20,true,0.09112,0.00322,0.11326,2.02220,0.00377,1.2214,0.0008,1.2473,0.17248,0.00394
10,scratch,3,6,20,0.00,true,0.07312,0.00291,0.01023,1.93710,0.00296,0.3446,0.5316,0.4387,0.02021,0.00243
10,scratch,3,6,20,0.10,true,0.08313,0.00309,0.00962,1.92650,0.00313,0.3872,0.4367,0.4538,0.00960,0.00204
10,scratch,3,6,20,0.20,true,0.08937,0.00319,0.01065,1.92128,0.00324,0.4364,0.3450,0.4844,0.00438,0.00138
10,scratch,3,6,20,0.30,true,0.09650,0.00330,0.01340,1.91690,0.00337,0.4939,0.2666,0.5302,0.00000,0.00000
10,scratch,3,6,20,0.40,true,0.09813,0.00333,0.01793,1.91980,0.00342,0.5567,0.1996,0.5878,0.00291,0.00146
10,scratch,3,6,20,0.50,true,0.09550,0.00329,0.02450,1.92901,0.00342,0.6253,0.1455,0.6552,0.01211,0.00191
10,scratch,3,6,20,0.60,true,0.09362,0.00326,0.03309,1.93948,0.00343,0.6991,0.1033,0.7308,0.02258,0.00225
10,scratch,3,6,20,0.70,true,0.09162,0.00323,0.04398,1.95237,0.00346,0.7795,0.0717,0.8139,0.03547,0.00252
10,scratch,3,6,20,0.80,true,0.08500,0.00312,0.05741,1.97243,0.00342,0.8645,0.0486,0.9016,0.05553,0.00280
10,scratch,3,6,20,0.90,true,0.07988,0.00303,0.07284,1.99300,0.00341,0.9511,0.0317,0.9915,0.07610,0.00298
10,scratch,3,6,20,1.00,true,0.07387,0.00292,0.09106,2.01724,0.00339,1.0479,0.0235,1.0868,0.10034,0.00318
10,scratch,3,6,20,1.10,true,0.06838,0.00282,0.11064,2.04234,0.00337,1.1399,0.0152,1.1809,0.12544,0.00336
10,scratch,3,6,20,1.20,true,0.06037,0.00266,0.13242,2.07214,0.00329,1.2342,0.0090,1.2768,0.15524,0.00352
10,mid,3,12,10,0.00,true,0.24975,0.00484,0.00059,1.75084,0.00484,0.1927,0.6115,0.2270,0.08194,0.00442
10,mid,3,12,10,0.10,true,0.30200,0.00513,0.00160,1.69960,0.00515,0.2403,0.4337,0.2449,0.03070,0.00357
10,mid,3,12,10,0.20,true,0.32975,0.00526,0.00428,1.67453,0.00529,0.2989,0.2792,0.2900,0.00563,0.00237
10,mid,3,12,10,0.30,true,0.34100,0.00530,0.00990,1.66890,0.00539,0.3704,0.1652,0.3593,0.00000,0.00000
10,mid,3,12,10,0.40,true,0.34187,0.00530,0.01960,1.67773,0.00548,0.4499,0.0851,0.4461,0.00883,0.00220
10,mid,3,12,10,0.50,true,0.33575,0.00528,0.03312,1.69737,0.00558,0.5333,0.0435,0.5354,0.02847,0.00288
10,mid,3,12,10,0.60,true,0.32288,0.00523,0.05179,1.72892,0.00568,0.6217,0.0210,0.6283,0.06002,0.00332
10,mid,3,12,10,0.70,true,0.31212,0.00518,0.07522,1.76310,0.00582,0.7167,0.0094,0.7261,0.09421,0.00366
10,mid,3,12,10,0.80,true,0.29875,0.00512,0.10443,1.80569,0.00598,0.8209,0.0048,0.8308,0.13679,0.00397
10,mid,3,12,10,0.90,true,0.28825,0.00506,0.13186,1.84362,0.00611,0.9106,0.0019,0.9214,0.17472,0.00421
10,mid,3,12,10,1.00,true,0.27587,0.00500,0.16411,1.88826,0.00625,1.0107,0.0010,1.0212,0.21936,0.00448
10,mid,3,12,10,1.10,true,0.26362,0.00493,0.19757,1.93398,0.00638,1.1102,0.0003,1.1208,0.26509,0.00475
10,mid,3,12,10,1.20,true,0.25262,0.00486,0.23135,1.97878,0.00649,1.2095,0.0000,1.2200,0.30988,0.00497
10,mid,3,12,15,0.00,true,0.13462,0.00382,0.00685,1.87223,0.00386,0.2889,0.5589,0.3445,0.02733,0.00287
10,mid,3,12,15,0.10,true,0.15400,0.00404,0.01067,1.85667,0.00410,0.3359,0.4505,0.3588,0.01178,0.00212
10,mid,3,12,15,0.20,true,0.17263,0.00423,0.01752,1.84490,0.00435,0.3911,0.3461,0.3940,0.00000,0.00000
10,mid,3,12,15,0.30,true,0.18088,0.00430,0.02776,1.84689,0.00450,0.4518,0.2585,0.4441,0.00199,0.00195
10,mid,3,12,15,0.40,true,0.18750,0.00436,0.04261,1.85512,0.00467,0.5189,0.1772,0.5124,0.01022,0.00266
10,mid,3,12,15,0.50,true,0.18825,0.00437,0.06137,1.87312,0.00482,0.5906,0.1152,0.5905,0.02822,0.00310
10,mid,3,12,15,0.60,true,0.18688,0.00436,0.08157,1.89471,0.00494,0.6626,0.0776,0.6674,0.04981,0.00342
10,mid,3,12,15,0.70,true,0.18338,0.00433,0.10706,1.92370,0.00508,0.7489,0.0520,0.7567,0.07880,0.00371
10,mid,3,12,15,0.80,true,0.17813,0.00428,0.13693,1.95883,0.00521,0.8429,0.0333,0.8542,0.11394,0.00394
10,mid,3,12,15,0.90,true,0.17300,0.00423,0.16551,1.99255,0.00532,0.9272,0.0213,0.9423,0.14765,0.00417
10,mid,3,12,15,1.00,true,0.16775,0.00418,0.19753,2.02984,0.00543,1.0212,0.0137,1.0383,0.18494,0.00436
10,mid,3,12,15,1.10,true,0.16200,0.00412,0.23070,2.06877,0.00553,1.1158,0.0079,1.1354,0.22387,0.00454
10,mid,3,12,15,1.20,true,0.15625,0.00406,0.26453,2.10839,0.00562,1.2124,0.0046,1.2333,0.26349,0.00467
10,mid,3,12,20,0.00,true,0.07450,0.00294,0.02427,1.94978,0.00308,0.3796,0.5407,0.4669,0.00553,0.00150
10,mid,3,12,20,0.10,true,0.08625,0.00314,0.03049,1.94425,0.00333,0.4204,0.4539,0.4808,0.00000,0.00000
10,mid,3,12,20,0.20,true,0.09425,0.00327,0.04011,1.94587,0.00353,0.4717,0.3741,0.5087,0.00162,0.00150
10,mid,3,12,20,0.30,true,0.10200,0.00338,0.05308,1.95109,0.00374,0.5274,0.3001,0.5511,0.00684,0.00205
10,mid,3,12,20,0.40,true,0.10600,0.00344,0.06981,1.96382,0.00392,0.5870,0.2325,0.6055,0.01957,0.00247
10,mid,3,12,20,0.50,true,0.10963,0.00349,0.08942,1.97981,0.00410,0.6530,0.1789,0.6695,0.03557,0.00284
10,mid,3,12,20,0.60,true,0.11100,0.00351,0.11288,2.00191,0.00426,0.7276,0.1362,0.7435,0.05766,0.00319
10,mid,3,12,20,0.70,true,0.11150,0.00352,0.13754,2.02608,0.00441,0.7986,0.1007,0.8191,0.08183,0.00343
10,mid,3,12,20,0.80,true,0.10887,0.00348,0.16543,2.05661,0.00452,0.8802,0.0767,0.9015,0.11236,0.00364
10,mid,3,12,20,0.90,true,0.10575,0.00344,0.19497,2.08930,0.00461,0.9592,0.0534,0.9873,0.14505,0.00384
10,mid,3,12,20,1.00,true,0.10450,0.00342,0.22597,2.12157,0.00473,1.0459,0.0380,1.0779,0.17732,0.00399
10,mid,3,12,20,1.10,true,0.10038,0.00336,0.25822,2.15798,0.00480,1.1329,0.0253,1.1697,0.21373,0.00414
10,mid,3,12,20,1.20,true,0.09725,0.00331,0.29095,2.19387,0.00486,1.2258,0.0180,1.2641,0.24962,0.00429
10,mid,3,3,10,0.00,true,0.15600,0.00406,0.00110,1.84510,0.00406,0.1313,0.5915,0.2469,0.08633,0.00549
10,mid,3,3,10,0.10,true,0.20713,0.00453,0.00185,1.79472,0.00454,0.2260,0.4143,0.2629,0.03595,0.00434
10,mid,3,3,10,0.20,true,0.23488,0.00474,0.00422,1.76934,0.00477,0.2840,0.2730,0.3051,0.01057,0.00314
10,mid,3,3,10,0.30,true,0.25062,0.00485,0.00939,1.75877,0.00491,0.3513,0.1663,0.3702,0.00000,0.00000
10,mid,3,3,10,0.40,true,0.25312,0.00486,0.01853,1.76541,0.00500,0.4274,0.0919,0.4509,0.00664,0.00287
10,mid,3,3,10,0.50,true,0.24800,0.00483,0.03113,1.78314,0.00506,0.5040,0.0520,0.5317,0.02437,0.00370
10,mid,3,3,10,0.60,true,0.24550,0.00481,0.04873,1.80324,0.00518,0.5880,0.0247,0.6221,0.04447,0.00431
10,mid,3,3,10,0.70,true,0.23913,0.00477,0.07116,1.83205,0.00530,0.6783,0.0123,0.7150,0.07328,0.00475
10,mid,3,3,10,0.80,true,0.22712,0.00468,0.10091,1.87382,0.00541,0.7786,0.0050,0.8180,0.11505,0.00515
10,mid,3,3,10,0.90,true,0.21788,0.00462,0.13013,1.91230,0.00551,0.8676,0.0021,0.9091,0.15353,0.00548
10,mid,3,3,10,1.00,true,0.20788,0.00454,0.16285,1.95506,0.00562,0.9615,0.0013,1.0038,0.19629,0.00571
10,mid,3,3,10,1.10,true,0.19687,0.00445,0.19784,2.00108,0.00570,1.0572,0.0011,1.1003,0.24231,0.00592
10,mid,3,3,10,1.20,true,0.18638,0.00435,0.23370,2.04750,0.00577,1.1528,0.0003,1.1978,0.28873,0.00612
10,mid,3,3,15,0.00,true,0.08413,0.00310,0.01098,1.92686,0.00316,0.2139,0.5473,0.3769,0.02802,0.00404
10,mid,3,3,15,0.10,true,0.11013,0.00350,0.01369,1.90356,0.00358,0.3161,0.4318,0.3917,0.00472,0.00274
10,mid,3,3,15,0.20,true,0.12075,0.00364,0.01959,1.89884,0.00376,0.3767,0.3396,0.4236,0.00000,0.00000
10,mid,3,3,15,0.30,true,0.12587,0.00371,0.02948,1.90361,0.00390,0.4363,0.2533,0.4723,0.00477,0.00254
10,mid,3,3,15,0.40,true,0.13287,0.00380,0.04329,1.91043,0.00408,0.5021,0.1831,0.5357,0.01159,0.00351
10,mid,3,3,15,0.50,true,0.13575,0.00383,0.06036,1.92463,0.00423,0.5689,0.1289,0.6051,0.02578,0.00400
10,mid,3,3,15,0.60,true,0.13450,0.00381,0.08216,1.94769,0.00435,0.6441,0.0882,0.6843,0.04885,0.00442
10,mid,3,3,15,0.70,true,0.13375,0.00381,0.10683,1.97313,0.00449,0.7233,0.0589,0.7690,0.07429,0.00477
10,mid,3,3,15,0.80,true,0.12725,0.00373,0.13441,2.00722,0.00456,0.8017,0.0372,0.8536,0.10838,0.00498
10,mid,3,3,15,0.90,true,0.12125,0.00365,0.16542,2.04427,0.00463,0.8873,0.0223,0.9444,0.14542,0.00515
10,mid,3,3,15,1.00,true,0.11500,0.00357,0.19758,2.08272,0.00469,0.9758,0.0145,1.0355,0.18388,0.00530
10,mid,3,3,15,1.10,true,0.11225,0.00353,0.23130,2.11925,0.00479,1.0704,0.0097,1.1321,0.22041,0.00545
10,mid,3,3,15,1.20,true,0.10862,0.00348,0.26467,2.15630,0.00486,1.1624,0.0059,1.2269,0.25746,0.00556
10,mid,3,3,20,0.00,true,0.05937,0.00264,0.03783,1.97847,0.00287,0.3246,0.5371,0.5246,0.00225,0.00360
10,mid,3,3,20,0.10,true,0.06575,0.00277,0.04294,1.97721,0.00304,0.4292,0.4640,0.5363,0.00098,0.00254
10,mid,3,3,20,0.20,true,0.07525,0.00295,0.05145,1.97622,0.00328,0.4854,0.3892,0.5623,0.00000,0.00000
10,mid,3,3,20,0.30,true,0.07750,0.00299,0.06316,1.98568,0.00340,0.5355,0.3186,0.5987,0.00946,0.00223
10,mid,3,3,20,0.40,true,0.08150,0.00306,0.07903,1.99757,0.00358,0.5903,0.2501,0.6505,0.02135,0.00311
10,mid,3,3,20,0.50,true,0.08475,0.00311,0.09821,2.01351,0.00375,0.6532,0.1952,0.7124,0.03729,0.00368
10,mid,3,3,20,0.60,true,0.08088,0.00305,0.11961,2.03881,0.00382,0.7179,0.1533,0.7764,0.06258,0.00393
10,mid,3,3,20,0.70,true,0.08188,0.00307,0.14305,2.06128,0.00396,0.7853,0.1155,0.8491,0.08505,0.00427
10,mid,3,3,20,0.80,true,0.07787,0.00300,0.16964,2.09190,0.00402,0.8604,0.0884,0.9272,0.11568,0.00445
10,mid,3,3,20,0.90,true,0.07662,0.00297,0.19731,2.12086,0.00413,0.9362,0.0659,1.0085,0.14464,0.00465
10,mid,3,3,20,1.00,true,0.07337,0.00292,0.22697,2.15384,0.00418,1.0170,0.0488,1.0942,0.17762,0.00478
10,mid,3,3,20,1.10,true,0.06888,0.00283,0.25720,2.18864,0.00420,1.0968,0.0349,1.1799,0.21242,0.00485
10,mid,3,3,20,1.20,true,0.06650,0.00279,0.28839,2.22229,0.00425,1.1838,0.0260,1.2706,0.24607,0.00493
10,mid,3,6,10,0.00,true,0.16450,0.00414,0.00099,1.83649,0.00415,0.1909,0.5721,0.2461,0.06129,0.00377
10,mid,3,6,10,0.10,true,0.19950,0.00447,0.00088,1.80138,0.00447,0.2365,0.4015,0.2652,0.02618,0.00311
10,mid,3,6,10,0.20,true,0.21987,0.00463,0.00156,1.78168,0.00464,0.2949,0.2543,0.3112,0.00648,0.00214
10,mid,3,6,10,0.30,true,0.22825,0.00469,0.00345,1.77520,0.00472,0.3641,0.1450,0.3789,0.00000,0.00000
10,mid,3,6,10,0.40,true,0.22662,0.00468,0.00711,1.78049,0.00473,0.4409,0.0756,0.4595,0.00529,0.00194
10,mid,3,6,10,0.50,true,0.21738,0.00461,0.01345,1.79608,0.00470,0.5298,0.0410,0.5491,0.02088,0.00247
10,mid,3,6,10,0.60,true,0.20750,0.00453,0.02283,1.81534,0.00468,0.6200,0.0194,0.6421,0.04014,0.00283
10,mid,3,6,10,0.70,true,0.19512,0.00443,0.03585,1.84076,0.00466,0.7144,0.0093,0.7372,0.06556,0.00314
10,mid,3,6,10,0.80,true,0.18063,0.00430,0.05410,1.87353,0.00464,0.8188,0.0047,0.8411,0.09833,0.00343
10,mid,3,6,10,0.90,true,0.16825,0.00418,0.07437,1.90621,0.00463,0.9146,0.0026,0.9364,0.13101,0.00364
10,mid,3,6,10,1.00,true,0.15425,0.00404,0.09885,1.94475,0.00461,1.0148,0.0012,1.0362,0.16955,0.00391
10,mid,3,6,10,1.10,true,0.14037,0.00388,0.12554,1.98538,0.00457,1.1118,0.0001,1.1331,0.21018,0.00415
10,mid,3,6,10,1.20,true,0.12425,0.00369,0.15718,2.03325,0.00449,1.2169,0.0001,1.2373,0.25805,0.00440
10,mid,3,6,15,0.00,true,0.08350,0.00309,0.01014,1.92665,0.00314,0.2905,0.5396,0.3834,0.01992,0.00269
10,mid,3,6,15,0.10,true,0.09575,0.00329,0.00973,1.91398,0.00334,0.3370,0.4313,0.4010,0.00725,0.00218
10,mid,3,6,15,0.20,true,0.10437,0.00342,0.01164,1.90727,0.00348,0.3846,0.3197,0.4364,0.00054,0.00149
10,mid,3,6,15,0.30,true,0.10938,0.00349,0.01609,1.90673,0.00358,0.4471,0.2380,0.4871,0.00000,0.00000
10,mid,3,6,15,0.40,true,0.10700,0.00346,0.02332,1.91634,0.00358,0.5134,0.1678,0.5503,0.00961,0.00150
10,mid,3,6,15,0.50,true,0.10775,0.00347,0.03338,1.92567,0.00365,0.5848,0.1125,0.6241,0.01894,0.00199
10,mid,3,6,15,0.60,true,0.10450,0.00342,0.04637,1.94193,0.00368,0.6628,0.0750,0.7042,0.03520,0.00234
10,mid,3,6,15,0.70,true,0.09963,0.00335,0.06316,1.96362,0.00370,0.7474,0.0457,0.7932,0.05689,0.00263
10,mid,3,6,15,0.80,true,0.09375,0.00326,0.08284,1.98922,0.00371,0.8376,0.0287,0.8850,0.08249,0.00289
10,mid,3,6,15,0.90,true,0.08712,0.00315,0.10499,2.01805,0.00371,0.9296,0.0194,0.9767,0.11132,0.00307
10,mid,3,6,15,1.00,true,0.07900,0.00302,0.13035,2.05160,0.00368,1.0230,0.0099,1.0730,0.14487,0.00330
10,mid,3,6,15,1.10,true,0.07050,0.00286,0.15832,2.08817,0.00363,1.1217,0.0052,1.1719,0.18144,0.00350
10,mid,3,6,15,1.20,true,0.06212,0.00270,0.18658,2.12493,0.00356,1.2176,0.0033,1.2667,0.21820,0.00368
10,mid,3,6,20,0.00,true,0.04763,0.00238,0.03622,1.98861,0.00258,0.3746,0.5243,0.5287,0.00587,0.00170
10,mid,3,6,20,0.10,true,0.05187,0.00248,0.03608,1.98422,0.00268,0.4157,0.4370,0.5446,0.00148,0.00125
10,mid,3,6,20,0.20,true,0.05625,0.00258,0.03896,1.98274,0.00279,0.4660,0.3570,0.5746,0.00000,0.00000
10,mid,3,6,20,0.30,true,0.05975,0.00265,0.04494,1.98523,0.00290,0.5212,0.2832,0.6177,0.00249,0.00126
10,mid,3,6,20,0.40,true,0.06212,0.00270,0.05393,1.99186,0.00300,0.5835,0.2222,0.6718,0.00912,0.00169
10,mid,3,6,20,0.50,true,0.06237,0.00270,0.06584,2.00354,0.00307,0.6475,0.1668,0.7350,0.02080,0.00200
10,mid,3,6,20,0.60,true,0.06125,0.00268,0.08060,2.01947,0.00313,0.7201,0.1260,0.8057,0.03673,0.00226
10,mid,3,6,20,0.70,true,0.05912,0.00264,0.09818,2.03922,0.00318,0.7972,0.0923,0.8837,0.05648,0.00254
10,mid,3,6,20,0.80,true,0.05588,0.00257,0.11830,2.06265,0.00321,0.8766,0.0646,0.9664,0.07991,0.00277
10,mid,3,6,20,0.90,true,0.05262,0.00250,0.14048,2.08815,0.00324,0.9618,0.0468,1.0520,0.10541,0.00296
10,mid,3,6,20,1.00,true,0.04875,0.00241,0.16507,2.11672,0.00325,1.0505,0.0322,1.1424,0.13398,0.00314
10,mid,3,6,20,1.10,true,0.04325,0.00227,0.19074,2.14800,0.00320,1.1431,0.0253,1.2321,0.16527,0.00330
10,mid,3,6,20,1.20,true,0.04038,0.00220,0.21763,2.17791,0.00321,1.2354,0.0175,1.3256,0.19517,0.00342
10,high,3,12,10,0.00,true,0.20087,0.00448,0.00251,1.80164,0.00450,0.2108,0.5888,0.2523,0.05034,0.00365
10,high,3,12,10,0.10,true,0.23525,0.00474,0.00527,1.77002,0.00478,0.2573,0.4271,0.2704,0.01872,0.00258
10,high,3,12,10,0.20,true,0.26000,0.00490,0.01130,1.75130,0.00499,0.3175,0.2878,0.3157,0.00000,0.00000
10,high,3,12,10,0.30,true,0.26950,0.00496,0.02207,1.75257,0.00514,0.3877,0.1833,0.3813,0.00127,0.00224
10,high,3,12,10,0.40,true,0.27100,0.00497,0.03811,1.76712,0.00529,0.4628,0.1067,0.4610,0.01582,0.00292
10,high,3,12,10,0.50,true,0.26650,0.00494,0.05878,1.79230,0.00543,0.5421,0.0595,0.5465,0.04100,0.00345
10,high,3,12,10,0.60,true,0.25612,0.00488,0.08479,1.82870,0.00555,0.6277,0.0336,0.6359,0.07740,0.00383
10,high,3,12,10,0.70,true,0.24700,0.00482,0.11591,1.86896,0.00571,0.7192,0.0171,0.7315,0.11766,0.00415
10,high,3,12,10,0.80,true,0.23763,0.00476,0.15301,1.91547,0.00589,0.8212,0.0084,0.8357,0.16417,0.00445
10,high,3,12,10,0.90,true,0.22962,0.00470,0.18675,1.95724,0.00603,0.9104,0.0045,0.9258,0.20594,0.00467
10,high,3,12,10,1.00,true,0.22075,0.00464,0.22481,2.00424,0.00618,1.0096,0.0029,1.0248,0.25294,0.00489
10,high,3,12,10,1.10,true,0.21025,0.00456,0.26434,2.05434,0.00629,1.1096,0.0013,1.1253,0.30304,0.00515
10,high,3,12,10,1.20,true,0.20037,0.00448,0.30302,2.10298,0.00637,1.2087,0.0006,1.2244,0.35168,0.00533
10,high,3,12,15,0.00,true,0.10212,0.00339,0.01875,1.91664,0.00350,0.3158,0.5462,0.3912,0.00667,0.00185
10,high,3,12,15,0.10,true,0.11575,0.00358,0.02571,1.90997,0.00374,0.3629,0.4470,0.4070,0.00000,0.00000
10,high,3,12,15,0.20,true,0.12612,0.00371,0.03701,1.91091,0.00396,0.4183,0.3573,0.4393,0.00093,0.00169
10,high,3,12,15,0.30,true,0.13537,0.00383,0.05271,1.91736,0.00419,0.4768,0.2745,0.4874,0.00739,0.00240
10,high,3,12,15,0.40,true,0.14075,0.00389,0.07388,1.93317,0.00441,0.5439,0.2028,0.5505,0.02320,0.00289
10,high,3,12,15,0.50,true,0.14350,0.00392,0.09908,1.95564,0.00461,0.6114,0.1394,0.6239,0.04567,0.00328
10,high,3,12,15,0.60,true,0.14350,0.00392,0.12487,1.98146,0.00477,0.6809,0.1011,0.6964,0.07148,0.00359
10,high,3,12,15,0.70,true,0.14075,0.00389,0.15601,2.01538,0.00492,0.7593,0.0684,0.7801,0.10541,0.00385
10,high,3,12,15,0.80,true,0.13600,0.00383,0.19265,2.05682,0.00506,0.8524,0.0466,0.8758,0.14685,0.00418
10,high,3,12,15,0.90,true,0.13100,0.00377,0.22586,2.09509,0.00515,0.9349,0.0335,0.9606,0.18512,0.00437
10,high,3,12,15,1.00,true,0.12587,0.00371,0.26228,2.13671,0.00524,1.0242,0.0223,1.0531,0.22674,0.00453
10,high,3,12,15,1.10,true,0.11987,0.00363,0.29968,2.18021,0.00530,1.1170,0.0149,1.1481,0.27024,0.00468
10,high,3,12,15,1.20,true,0.11425,0.00356,0.33708,2.22336,0.00534,1.2121,0.0099,1.2448,0.31339,0.00480
10,high,3,12,20,0.00,true,0.05538,0.00256,0.05672,2.00141,0.00291,0.4166,0.5370,0.5421,0.00000,0.00000
10,high,3,12,20,0.10,true,0.06375,0.00273,0.06593,2.00225,0.00316,0.4576,0.4589,0.5572,0.00084,0.00125
10,high,3,12,20,0.20,true,0.06950,0.00284,0.07942,2.01000,0.00337,0.5066,0.3827,0.5852,0.00859,0.00187
10,high,3,12,20,0.30,true,0.07300,0.00291,0.09684,2.02393,0.00356,0.5643,0.3204,0.6240,0.02252,0.00225
10,high,3,12,20,0.40,true,0.07650,0.00297,0.11831,2.04192,0.00376,0.6217,0.2570,0.6749,0.04051,0.00261
10,high,3,12,20,0.50,true,0.07775,0.00299,0.14266,2.06506,0.00393,0.6843,0.2055,0.7335,0.06364,0.00293
10,high,3,12,20,0.60,true,0.08025,0.00304,0.17048,2.09042,0.00413,0.7525,0.1594,0.8026,0.08901,0.00326
10,high,3,12,20,0.70,true,0.08063,0.00304,0.19897,2.11859,0.00428,0.8241,0.1277,0.8731,0.11718,0.00350
10,high,3,12,20,0.80,true,0.08138,0.00306,0.23029,2.14924,0.00443,0.8976,0.0955,0.9522,0.14782,0.00375
10,high,3,12,20,0.90,true,0.08000,0.00303,0.26287,2.18328,0.00454,0.9793,0.0755,1.0341,0.18187,0.00395
10,high,3,12,20,1.00,true,0.07787,0.00300,0.29650,2.21915,0.00462,1.0597,0.0553,1.1200,0.21773,0.00408
10,high,3,12,20,1.10,true,0.07475,0.00294,0.33051,2.25641,0.00466,1.1445,0.0415,1.2079,0.25500,0.00421
10,high,3,12,20,1.20,true,0.07162,0.00288,0.36448,2.29367,0.00469,1.2294,0.0289,1.2979,0.29225,0.00430
10,high,3,3,10,0.00,true,0.13662,0.00384,0.00454,1.86792,0.00386,0.1563,0.5845,0.2776,0.04701,0.00531
10,high,3,3,10,0.10,true,0.17112,0.00421,0.00673,1.83561,0.00425,0.2490,0.4292,0.2927,0.01470,0.00421
10,high,3,3,10,0.20,true,0.18787,0.00437,0.01264,1.82477,0.00445,0.3075,0.2966,0.3335,0.00386,0.00300
10,high,3,3,10,0.30,true,0.20162,0.00449,0.02252,1.82091,0.00464,0.3702,0.1932,0.3931,0.00000,0.00000
10,high,3,3,10,0.40,true,0.20750,0.00453,0.03816,1.83068,0.00481,0.4420,0.1123,0.4706,0.00977,0.00293
10,high,3,3,10,0.50,true,0.20463,0.00451,0.05761,1.85302,0.00493,0.5178,0.0718,0.5486,0.03211,0.00368
10,high,3,3,10,0.60,true,0.19975,0.00447,0.08302,1.88334,0.00506,0.5992,0.0401,0.6363,0.06243,0.00431
10,high,3,3,10,0.70,true,0.19300,0.00441,0.11282,1.91994,0.00519,0.6851,0.0209,0.7274,0.09903,0.00473
10,high,3,3,10,0.80,true,0.18375,0.00433,0.14941,1.96585,0.00532,0.7831,0.0106,0.8287,0.14494,0.00512
10,high,3,3,10,0.90,true,0.17463,0.00424,0.18385,2.00951,0.00541,0.8700,0.0061,0.9180,0.18860,0.00540
10,high,3,3,10,1.00,true,0.16400,0.00414,0.22185,2.05826,0.00548,0.9613,0.0022,1.0121,0.23735,0.00564
10,high,3,3,10,1.10,true,0.15475,0.00404,0.26077,2.10659,0.00555,1.0566,0.0015,1.1084,0.28568,0.00585
10,high,3,3,10,1.20,true,0.14938,0.00399,0.29825,2.14964,0.00564,1.1520,0.0012,1.2052,0.32873,0.00601
10,high,3,3,15,0.00,true,0.07125,0.00288,0.03053,1.95931,0.00305,0.2691,0.5460,0.4368,0.00851,0.00318
10,high,3,3,15,0.10,true,0.08550,0.00313,0.03626,1.95079,0.00335,0.3621,0.4438,0.4522,0.00000,0.00000
10,high,3,3,15,0.20,true,0.09275,0.00324,0.04693,1.95423,0.00354,0.4196,0.3575,0.4842,0.00343,0.00261
10,high,3,3,15,0.30,true,0.09988,0.00335,0.06116,1.96135,0.00375,0.4757,0.2843,0.5273,0.01055,0.00342
10,high,3,3,15,0.40,true,0.10162,0.00338,0.08072,1.97919,0.00391,0.5366,0.2155,0.5850,0.02839,0.00402
10,high,3,3,15,0.50,true,0.10375,0.00341,0.10422,2.00060,0.00409,0.6039,0.1625,0.6524,0.04981,0.00439
10,high,3,3,15,0.60,true,0.10575,0.00344,0.13088,2.02533,0.00428,0.6724,0.1166,0.7268,0.07454,0.00469
10,high,3,3,15,0.70,true,0.10150,0.00338,0.16041,2.05919,0.00437,0.7443,0.0831,0.8041,0.10839,0.00486
10,high,3,3,15,0.80,true,0.09688,0.00331,0.19204,2.09555,0.00445,0.8215,0.0599,0.8856,0.14475,0.00500
10,high,3,3,15,0.90,true,0.09337,0.00325,0.22642,2.13357,0.00455,0.9030,0.0400,0.9739,0.18277,0.00514
10,high,3,3,15,1.00,true,0.08962,0.00319,0.26098,2.17204,0.00462,0.9878,0.0279,1.0630,0.22124,0.00525
10,high,3,3,15,1.10,true,0.08750,0.00316,0.29657,2.20996,0.00471,1.0782,0.0189,1.1577,0.25917,0.00537
10,high,3,3,15,1.20,true,0.08375,0.00310,0.33150,2.24888,0.00474,1.1667,0.0117,1.2511,0.29808,0.00544
10,high,3,3,20,0.00,true,0.04600,0.00234,0.08772,2.04186,0.00291,0.4253,0.5317,0.6259,0.00099,0.00274
10,high,3,3,20,0.10,true,0.05350,0.00252,0.09422,2.04087,0.00313,0.5105,0.4765,0.6367,0.00000,0.00000
10,high,3,3,20,0.20,true,0.05550,0.00256,0.10707,2.05175,0.00326,0.5622,0.4080,0.6643,0.01088,0.00246
10,high,3,3,20,0.30,true,0.05588,0.00257,0.12256,2.06690,0.00338,0.6110,0.3481,0.6995,0.02603,0.00309
10,high,3,3,20,0.40,true,0.05850,0.00262,0.14049,2.08226,0.00355,0.6588,0.2893,0.7443,0.04139,0.00357
10,high,3,3,20,0.50,true,0.05925,0.00264,0.16222,2.10332,0.00370,0.7114,0.2333,0.7994,0.06245,0.00395
10,high,3,3,20,0.60,true,0.05900,0.00263,0.18531,2.12676,0.00382,0.7669,0.1881,0.8584,0.08589,0.00414
10,high,3,3,20,0.70,true,0.05625,0.00258,0.21206,2.15638,0.00389,0.8342,0.1531,0.9259,0.11551,0.00431
10,high,3,3,20,0.80,true,0.05800,0.00261,0.23902,2.18174,0.00404,0.8995,0.1202,0.9985,0.14087,0.00450
10,high,3,3,20,0.90,true,0.05638,0.00258,0.26843,2.21296,0.00412,0.9745,0.0967,1.0768,0.17209,0.00462
10,high,3,3,20,1.00,true,0.05237,0.00249,0.29954,2.24830,0.00413,1.0524,0.0773,1.1586,0.20743,0.00468
10,high,3,3,20,1.10,true,0.05262,0.00250,0.32944,2.27821,0.00422,1.1299,0.0606,1.2427,0.23734,0.00481
10,high,3,3,20,1.20,true,0.04925,0.00242,0.36057,2.31302,0.00421,1.2086,0.0455,1.3293,0.27215,0.00485
10,high,3,6,10,0.00,true,0.13375,0.00381,0.00396,1.87021,0.00383,0.2090,0.5603,0.2786,0.03608,0.00342
10,high,3,6,10,0.10,true,0.15525,0.00405,0.00388,1.84864,0.00407,0.2555,0.4069,0.2980,0.01451,0.00280
10,high,3,6,10,0.20,true,0.17012,0.00420,0.00594,1.83583,0.00424,0.3122,0.2713,0.3416,0.00170,0.00196
10,high,3,6,10,0.30,true,0.17650,0.00426,0.01061,1.83413,0.00433,0.3777,0.1658,0.4047,0.00000,0.00000
10,high,3,6,10,0.40,true,0.17700,0.00427,0.01832,1.84136,0.00438,0.4525,0.0986,0.4802,0.00723,0.00177
10,high,3,6,10,0.50,true,0.17200,0.00422,0.03041,1.85847,0.00441,0.5379,0.0563,0.5673,0.02435,0.00231
10,high,3,6,10,0.60,true,0.16487,0.00415,0.04647,1.88171,0.00444,0.6255,0.0304,0.6576,0.04759,0.00267
10,high,3,6,10,0.70,true,0.15525,0.00405,0.06683,1.91177,0.00446,0.7169,0.0161,0.7505,0.07764,0.00299
10,high,3,6,10,0.80,true,0.14438,0.00393,0.09334,1.94927,0.00448,0.8189,0.0079,0.8530,0.11515,0.00329
10,high,3,6,10,0.90,true,0.13275,0.00379,0.12165,1.98936,0.00448,0.9157,0.0045,0.9492,0.15523,0.00357
10,high,3,6,10,1.00,true,0.12112,0.00365,0.15333,2.03285,0.00447,1.0140,0.0026,1.0469,0.19872,0.00380
10,high,3,6,10,1.10,true,0.11013,0.00350,0.18631,2.07706,0.00445,1.1099,0.0013,1.1425,0.24294,0.00399
10,high,3,6,10,1.20,true,0.09625,0.00330,0.22379,2.12873,0.00436,1.2132,0.0004,1.2454,0.29460,0.00422
10,high,3,6,15,0.00,true,0.06275,0.00271,0.03058,1.96785,0.00288,0.3193,0.5324,0.4464,0.00961,0.00198
10,high,3,6,15,0.10,true,0.07100,0.00287,0.03078,1.95982,0.00304,0.3645,0.4343,0.4646,0.00158,0.00140
10,high,3,6,15,0.20,true,0.07675,0.00298,0.03493,1.95824,0.00317,0.4127,0.3373,0.4984,0.00000,0.00000
10,high,3,6,15,0.30,true,0.07975,0.00303,0.04306,1.96340,0.00327,0.4721,0.2573,0.5468,0.00515,0.00132
10,high,3,6,15,0.40,true,0.07975,0.00303,0.05513,1.97552,0.00334,0.5373,0.1918,0.6066,0.01728,0.00181
10,high,3,6,15,0.50,true,0.08000,0.00303,0.07105,1.99126,0.00344,0.6079,0.1383,0.6768,0.03302,0.00220
10,high,3,6,15,0.60,true,0.07838,0.00300,0.09010,2.01202,0.00352,0.6814,0.0972,0.7527,0.05378,0.00250
10,high,3,6,15,0.70,true,0.07412,0.00293,0.11329,2.03959,0.00356,0.7617,0.0651,0.8364,0.08135,0.00275
10,high,3,6,15,0.80,true,0.06963,0.00285,0.13931,2.07027,0.00360,0.8459,0.0419,0.9243,0.11203,0.00298
10,high,3,6,15,0.90,true,0.06388,0.00273,0.16757,2.10448,0.00361,0.9354,0.0287,1.0143,0.14624,0.00323
10,high,3,6,15,1.00,true,0.05750,0.00260,0.19842,2.14196,0.00359,1.0306,0.0211,1.1080,0.18371,0.00343
10,high,3,6,15,1.10,true,0.05087,0.00246,0.23118,2.18164,0.00355,1.1243,0.0120,1.2046,0.22340,0.00362
10,high,3,6,15,1.20,true,0.04713,0.00237,0.26294,2.21748,0.00354,1.2169,0.0068,1.2986,0.25924,0.00377
10,high,3,6,20,0.00,true,0.03388,0.00202,0.09004,2.05630,0.00258,0.4082,0.5221,0.6303,0.00163,0.00102
10,high,3,6,20,0.10,true,0.03687,0.00211,0.09138,2.05468,0.00266,0.4503,0.4444,0.6481,0.00000,0.00000
10,high,3,6,20,0.20,true,0.04013,0.00219,0.09666,2.05675,0.00278,0.5009,0.3723,0.6783,0.00208,0.00106
10,high,3,6,20,0.30,true,0.04250,0.00226,0.10581,2.06359,0.00289,0.5541,0.3027,0.7200,0.00892,0.00159
10,high,3,6,20,0.40,true,0.04375,0.00229,0.11848,2.07511,0.00299,0.6148,0.2455,0.7712,0.02043,0.00192
10,high,3,6,20,0.50,true,0.04412,0.00230,0.13467,2.09103,0.00308,0.6773,0.1918,0.8317,0.03635,0.00222
10,high,3,6,20,0.60,true,0.04325,0.00227,0.15356,2.11094,0.00316,0.7460,0.1501,0.8981,0.05627,0.00247
10,high,3,6,20,0.70,true,0.04138,0.00223,0.17512,2.13456,0.00321,0.8201,0.1176,0.9701,0.07988,0.00267
10,high,3,6,20,0.80,true,0.03913,0.00217,0.19916,2.16106,0.00325,0.8959,0.0876,1.0486,0.10638,0.00290
10,high,3,6,20,0.90,true,0.03687,0.00211,0.22489,2.18930,0.00328,0.9757,0.0648,1.1308,0.13462,0.00310
10,high,3,6,20,1.00,true,0.03475,0.00205,0.25258,2.21942,0.00331,1.0618,0.0482,1.2176,0.16474,0.00327
10,high,3,6,20,1.10,true,0.03163,0.00196,0.28050,2.25080,0.00329,1.1471,0.0354,1.3042,0.19613,0.00341
10,high,3,6,20,1.20,true,0.02825,0.00185,0.30946,2.28353,0.00326,1.2374,0.0270,1.3935,0.22886,0.00350
10,hcp30,3,12,10,0.00,true,0.17900,0.00429,0.05668,1.87859,0.00474,0.4160,0.5859,0.4374,0.01162,0.00233
10,hcp30,3,12,10,0.10,true,0.20000,0.00447,0.06598,1.86697,0.00503,0.4710,0.5050,0.4564,0.00000,0.00000
10,hcp30,3,12,10,0.20,true,0.21250,0.00457,0.08024,1.86893,0.00528,0.5256,0.4243,0.4884,0.00196,0.00222
10,hcp30,3,12,10,0.30,true,0.22500,0.00467,0.09883,1.87536,0.00556,0.5898,0.3540,0.5350,0.00839,0.00302
10,hcp30,3,12,10,0.40,true,0.23513,0.00474,0.12132,1.88821,0.00585,0.6619,0.2948,0.5941,0.02124,0.00365
10,hcp30,3,12,10,0.50,true,0.23913,0.00477,0.14612,1.90963,0.00609,0.7293,0.2420,0.6589,0.04266,0.00420
10,hcp30,3,12,10,0.60,true,0.24150,0.00479,0.17283,1.93473,0.00633,0.8030,0.2004,0.7303,0.06776,0.00464
10,hcp30,3,12,10,0.70,true,0.24025,0.00478,0.20301,1.96715,0.00655,0.8820,0.1637,0.8107,0.10018,0.00509
10,hcp30,3,12,10,0.80,true,0.23700,0.00475,0.23651,2.00518,0.00677,0.9683,0.1307,0.9016,0.13821,0.00552
10,hcp30,3,12,10,0.90,true,0.23262,0.00472,0.26646,2.04081,0.00693,1.0430,0.1044,0.9848,0.17384,0.00588
10,hcp30,3,12,10,1.00,true,0.22937,0.00470,0.29762,2.07682,0.00710,1.1284,0.0839,1.0766,0.20985,0.00615
10,hcp30,3,12,10,1.10,true,0.22837,0.00469,0.32818,2.11018,0.00727,1.2164,0.0650,1.1739,0.24321,0.00644
10,hcp30,3,12,10,1.20,true,0.22125,0.00464,0.35911,2.15031,0.00737,1.3041,0.0514,1.2685,0.28334,0.00667
10,hcp30,3,12,15,0.00,true,0.10800,0.00347,0.14333,2.03891,0.00456,0.6235,0.5495,0.6598,0.00000,0.00000
10,hcp30,3,12,15,0.10,true,0.11313,0.00354,0.15337,2.04400,0.00472,0.6785,0.4988,0.6763,0.00508,0.00171
10,hcp30,3,12,15,0.20,true,0.12025,0.00364,0.16641,2.05025,0.00493,0.7335,0.4479,0.7029,0.01134,0.00239
10,hcp30,3,12,15,0.30,true,0.12537,0.00370,0.18268,2.06192,0.00513,0.7951,0.4030,0.7380,0.02300,0.00297
10,hcp30,3,12,15,0.40,true,0.12962,0.00376,0.20297,2.07872,0.00535,0.8627,0.3580,0.7849,0.03981,0.00354
10,hcp30,3,12,15,0.50,true,0.13362,0.00380,0.22510,2.09781,0.00556,0.9246,0.3115,0.8396,0.05890,0.00406
10,hcp30,3,12,15,0.60,true,0.13650,0.00384,0.24580,2.11665,0.00574,0.9908,0.2811,0.8932,0.07774,0.00444
10,hcp30,3,12,15,0.70,true,0.13937,0.00387,0.26954,2.13883,0.00593,1.0621,0.2482,0.9581,0.09992,0.00482
10,hcp30,3,12,15,0.80,true,0.13900,0.00387,0.29611,2.16741,0.00609,1.1395,0.2172,1.0315,0.12850,0.00519
10,hcp30,3,12,15,0.90,true,0.14012,0.00388,0.31927,2.19103,0.00624,1.2020,0.1880,1.1005,0.15212,0.00548
10,hcp30,3,12,15,1.00,true,0.14075,0.00389,0.34472,2.21780,0.00638,1.2780,0.1628,1.1801,0.17888,0.00579
10,hcp30,3,12,15,1.10,true,0.13862,0.00386,0.37105,2.24843,0.00648,1.3522,0.1383,1.2629,0.20952,0.00608
10,hcp30,3,12,15,1.20,true,0.13650,0.00384,0.39751,2.27945,0.00657,1.4306,0.1165,1.3507,0.24054,0.00634
10,hcp30,3,12,20,0.00,true,0.06550,0.00277,0.22981,2.17242,0.00442,0.8244,0.5373,0.8687,0.00000,0.00000
10,hcp30,3,12,20,0.10,true,0.06813,0.00282,0.23839,2.17869,0.00454,0.8713,0.4963,0.8843,0.00627,0.00125
10,hcp30,3,12,20,0.20,true,0.07237,0.00290,0.24969,2.18624,0.00470,0.9212,0.4529,0.9099,0.01382,0.00200
10,hcp30,3,12,20,0.30,true,0.07500,0.00294,0.26301,2.19763,0.00484,0.9766,0.4149,0.9409,0.02521,0.00247
10,hcp30,3,12,20,0.40,true,0.07775,0.00299,0.27813,2.21090,0.00499,1.0400,0.3815,0.9792,0.03848,0.00294
10,hcp30,3,12,20,0.50,true,0.07900,0.00302,0.29514,2.22779,0.00511,1.1053,0.3507,1.0238,0.05537,0.00339
10,hcp30,3,12,20,0.60,true,0.08100,0.00305,0.31397,2.24600,0.00526,1.1685,0.3173,1.0763,0.07358,0.00384
10,hcp30,3,12,20,0.70,true,0.08300,0.00308,0.33205,2.26352,0.00539,1.2296,0.2890,1.1293,0.09110,0.00417
10,hcp30,3,12,20,0.80,true,0.08300,0.00308,0.35239,2.28564,0.00550,1.2989,0.2628,1.1899,0.11322,0.00452
10,hcp30,3,12,20,0.90,true,0.08275,0.00308,0.37276,2.30818,0.00559,1.3603,0.2345,1.2532,0.13576,0.00483
10,hcp30,3,12,20,1.00,true,0.08363,0.00309,0.39367,2.33036,0.00570,1.4366,0.2140,1.3226,0.15794,0.00512
10,hcp30,3,12,20,1.10,true,0.08338,0.00309,0.41480,2.35406,0.00578,1.5068,0.1917,1.3948,0.18164,0.00539
10,hcp30,3,12,20,1.20,true,0.08263,0.00308,0.43614,2.37869,0.00585,1.5808,0.1724,1.4702,0.20627,0.00562
10,hcp30,3,3,10,0.00,true,0.09075,0.00321,0.09351,2.00466,0.00389,0.2206,0.5653,0.4610,0.02723,0.00454
10,hcp30,3,3,10,0.10,true,0.11088,0.00351,0.10047,1.99169,0.00426,0.4247,0.4696,0.4782,0.01426,0.00317
10,hcp30,3,3,10,0.20,true,0.13612,0.00383,0.11113,1.97743,0.00469,0.4984,0.4060,0.5100,0.00000,0.00000
10,hcp30,3,3,10,0.30,true,0.14588,0.00395,0.12841,1.98554,0.00495,0.5630,0.3442,0.5533,0.00811,0.00285
10,hcp30,3,3,10,0.40,true,0.15050,0.00400,0.15141,2.00476,0.00518,0.6296,0.2874,0.6083,0.02733,0.00400
10,hcp30,3,3,10,0.50,true,0.15488,0.00404,0.17626,2.02627,0.00541,0.6926,0.2390,0.6690,0.04884,0.00477
10,hcp30,3,3,10,0.60,true,0.15300,0.00402,0.20624,2.05951,0.00559,0.7635,0.1972,0.7398,0.08208,0.00537
10,hcp30,3,3,10,0.70,true,0.15288,0.00402,0.23660,2.09157,0.00578,0.8318,0.1592,0.8140,0.11414,0.00583
10,hcp30,3,3,10,0.80,true,0.15300,0.00402,0.27070,2.12754,0.00598,0.9079,0.1228,0.9007,0.15011,0.00631
10,hcp30,3,3,10,0.90,true,0.14888,0.00398,0.30201,2.16502,0.00610,0.9852,0.1040,0.9799,0.18759,0.00658
10,hcp30,3,3,10,1.00,true,0.14763,0.00397,0.33441,2.20111,0.00624,1.0701,0.0868,1.0683,0.22368,0.00684
10,hcp30,3,3,10,1.10,true,0.14175,0.00390,0.36792,2.24332,0.00631,1.1537,0.0702,1.1589,0.26589,0.00698
10,hcp30,3,3,10,1.20,true,0.13912,0.00387,0.40031,2.28142,0.00641,1.2428,0.0572,1.2544,0.30400,0.00716
10,hcp30,3,3,15,0.00,true,0.05075,0.00245,0.19758,2.15300,0.00390,0.3121,0.5461,0.6792,0.00091,0.00308
10,hcp30,3,3,15,0.10,true,0.06012,0.00266,0.20572,2.15209,0.00413,0.5777,0.4679,0.6988,0.00000,0.00000
10,hcp30,3,3,15,0.20,true,0.06788,0.00281,0.21630,2.15545,0.00434,0.6643,0.4199,0.7256,0.00336,0.00268
10,hcp30,3,3,15,0.30,true,0.07625,0.00297,0.23038,2.16194,0.00458,0.7370,0.3774,0.7626,0.00985,0.00364
10,hcp30,3,3,15,0.40,true,0.08050,0.00304,0.24836,2.17676,0.00476,0.8047,0.3358,0.8082,0.02467,0.00420
10,hcp30,3,3,15,0.50,true,0.08213,0.00307,0.26785,2.19591,0.00489,0.8716,0.3016,0.8573,0.04382,0.00464
10,hcp30,3,3,15,0.60,true,0.08350,0.00309,0.29042,2.21869,0.00503,0.9391,0.2672,0.9154,0.06659,0.00499
10,hcp30,3,3,15,0.70,true,0.08413,0.00310,0.31397,2.24344,0.00515,1.0029,0.2335,0.9782,0.09135,0.00527
10,hcp30,3,3,15,0.80,true,0.08575,0.00313,0.33841,2.26839,0.00530,1.0690,0.2022,1.0475,0.11630,0.00551
10,hcp30,3,3,15,0.90,true,0.08438,0.00311,0.36448,2.29833,0.00538,1.1434,0.1769,1.1218,0.14624,0.00573
10,hcp30,3,3,15,1.00,true,0.08300,0.00308,0.38966,2.32751,0.00546,1.2168,0.1561,1.1961,0.17542,0.00594
10,hcp30,3,3,15,1.10,true,0.08050,0.00304,0.41635,2.35969,0.00550,1.2945,0.1370,1.2764,0.20760,0.00610
10,hcp30,3,3,15,1.20,true,0.07775,0.00299,0.44296,2.39230,0.00553,1.3728,0.1195,1.3594,0.24021,0.00621
10,hcp30,3,3,20,0.00,true,0.03338,0.00201,0.29558,2.27500,0.00403,0.4240,0.5403,0.9060,0.00036,0.00276
10,hcp30,3,3,20,0.10,true,0.03925,0.00217,0.30078,2.27464,0.00419,0.7313,0.4861,0.9199,0.00000,0.00000
10,hcp30,3,3,20,0.20,true,0.04625,0.00235,0.30894,2.27645,0.00439,0.8401,0.4464,0.9450,0.00181,0.00266
10,hcp30,3,3,20,0.30,true,0.05087,0.00246,0.31922,2.28302,0.00454,0.9127,0.4087,0.9759,0.00838,0.00344
10,hcp30,3,3,20,0.40,true,0.05225,0.00249,0.33293,2.29658,0.00463,0.9815,0.3739,1.0141,0.02194,0.00384
10,hcp30,3,3,20,0.50,true,0.05212,0.00249,0.34938,2.31467,0.00469,1.0533,0.3435,1.0598,0.04003,0.00410
10,hcp30,3,3,20,0.60,true,0.05050,0.00245,0.36724,2.33592,0.00472,1.1190,0.3138,1.1094,0.06128,0.00429
10,hcp30,3,3,20,0.70,true,0.05137,0.00247,0.38444,2.35416,0.00480,1.1806,0.2851,1.1628,0.07952,0.00459
10,hcp30,3,3,20,0.80,true,0.05350,0.00252,0.40336,2.37316,0.00491,1.2448,0.2574,1.2239,0.09852,0.00485
10,hcp30,3,3,20,0.90,true,0.05462,0.00254,0.42283,2.39394,0.00500,1.3091,0.2313,1.2885,0.11930,0.00512
10,hcp30,3,3,20,1.00,true,0.05337,0.00251,0.44248,2.41751,0.00503,1.3716,0.2073,1.3534,0.14287,0.00533
10,hcp30,3,3,20,1.10,true,0.05237,0.00249,0.46279,2.44177,0.00507,1.4434,0.1888,1.4230,0.16714,0.00548
10,hcp30,3,3,20,1.20,true,0.04888,0.00241,0.48407,2.46976,0.00503,1.5115,0.1695,1.4944,0.19512,0.00560
10,hcp30,3,6,10,0.00,true,0.11725,0.00360,0.06810,1.95187,0.00409,0.4123,0.5571,0.4549,0.00801,0.00260
10,hcp30,3,6,10,0.10,true,0.12687,0.00372,0.06988,1.94425,0.00423,0.4649,0.4786,0.4733,0.00039,0.00184
10,hcp30,3,6,10,0.20,true,0.13500,0.00382,0.07723,1.94386,0.00439,0.5206,0.4017,0.5064,0.00000,0.00000
10,hcp30,3,6,10,0.30,true,0.14113,0.00389,0.08969,1.95077,0.00457,0.5813,0.3304,0.5533,0.00691,0.00182
10,hcp30,3,6,10,0.40,true,0.14188,0.00390,0.10634,1.96743,0.00470,0.6501,0.2755,0.6093,0.02357,0.00255
10,hcp30,3,6,10,0.50,true,0.14275,0.00391,0.12785,1.98909,0.00487,0.7227,0.2211,0.6792,0.04523,0.00320
10,hcp30,3,6,10,0.60,true,0.14288,0.00391,0.15159,2.01391,0.00504,0.7984,0.1786,0.7544,0.07005,0.00370
10,hcp30,3,6,10,0.70,true,0.13950,0.00387,0.17808,2.04522,0.00517,0.8767,0.1437,0.8348,0.10136,0.00415
10,hcp30,3,6,10,0.80,true,0.13162,0.00378,0.20980,2.08666,0.00526,0.9668,0.1144,0.9273,0.14279,0.00463
10,hcp30,3,6,10,0.90,true,0.12512,0.00370,0.24020,2.12551,0.00534,1.0492,0.0906,1.0161,0.18164,0.00501
10,hcp30,3,6,10,1.00,true,0.11875,0.00362,0.27210,2.16598,0.00540,1.1346,0.0696,1.1098,0.22212,0.00537
10,hcp30,3,6,10,1.10,true,0.11138,0.00352,0.30329,2.20691,0.00542,1.2233,0.0574,1.2013,0.26305,0.00565
10,hcp30,3,6,10,1.20,true,0.10050,0.00336,0.33712,2.25438,0.00537,1.3174,0.0474,1.2979,0.31052,0.00588
10,hcp30,3,6,15,0.00,true,0.06025,0.00266,0.17021,2.11407,0.00384,0.6325,0.5302,0.6908,0.00087,0.00141
10,hcp30,3,6,15,0.10,true,0.06413,0.00274,0.17277,2.11320,0.00393,0.6838,0.4792,0.7090,0.00000,0.00000
10,hcp30,3,6,15,0.20,true,0.06688,0.00279,0.17948,2.11783,0.00403,0.7402,0.4299,0.7375,0.00463,0.00146
10,hcp30,3,6,15,0.30,true,0.06850,0.00282,0.18987,2.12748,0.00413,0.7988,0.3814,0.7758,0.01427,0.00212
10,hcp30,3,6,15,0.40,true,0.06900,0.00283,0.20294,2.14114,0.00422,0.8540,0.3331,0.8209,0.02793,0.00261
10,hcp30,3,6,15,0.50,true,0.06963,0.00285,0.21891,2.15777,0.00433,0.9201,0.2932,0.8751,0.04456,0.00311
10,hcp30,3,6,15,0.60,true,0.06825,0.00282,0.23734,2.17907,0.00442,0.9890,0.2583,0.9352,0.06587,0.00360
10,hcp30,3,6,15,0.70,true,0.06563,0.00277,0.25786,2.20398,0.00448,1.0605,0.2266,1.0007,0.09077,0.00397
10,hcp30,3,6,15,0.80,true,0.06200,0.00270,0.27983,2.23151,0.00452,1.1307,0.1970,1.0701,0.11830,0.00433
10,hcp30,3,6,15,0.90,true,0.05838,0.00262,0.30325,2.26070,0.00455,1.2041,0.1714,1.1438,0.14749,0.00468
10,hcp30,3,6,15,1.00,true,0.05588,0.00257,0.32758,2.28989,0.00459,1.2809,0.1484,1.2227,0.17669,0.00501
10,hcp30,3,6,15,1.10,true,0.05162,0.00247,0.35316,2.32235,0.00459,1.3621,0.1293,1.3051,0.20914,0.00528
10,hcp30,3,6,15,1.20,true,0.04913,0.00242,0.37748,2.35185,0.00461,1.4392,0.1119,1.3870,0.23865,0.00553
10,hcp30,3,6,20,0.00,true,0.03587,0.00208,0.26313,2.23610,0.00381,0.8152,0.5181,0.9049,0.00000,0.00000
10,hcp30,3,6,20,0.10,true,0.03800,0.00214,0.26574,2.23717,0.00387,0.8610,0.4764,0.9231,0.00107,0.00115
10,hcp30,3,6,20,0.20,true,0.03787,0.00213,0.27121,2.24357,0.00390,0.9109,0.4354,0.9479,0.00747,0.00167
10,hcp30,3,6,20,0.30,true,0.03687,0.00211,0.27948,2.25387,0.00391,0.9699,0.3991,0.9803,0.01777,0.00221
10,hcp30,3,6,20,0.40,true,0.03750,0.00212,0.28959,2.26457,0.00398,1.0292,0.3648,1.0194,0.02847,0.00263
10,hcp30,3,6,20,0.50,true,0.03762,0.00213,0.30192,2.27822,0.00404,1.0866,0.3291,1.0651,0.04212,0.00305
10,hcp30,3,6,20,0.60,true,0.03775,0.00213,0.31604,2.29384,0.00411,1.1517,0.2988,1.1172,0.05774,0.00349
10,hcp30,3,6,20,0.70,true,0.03737,0.00212,0.33138,2.31138,0.00417,1.2159,0.2697,1.1734,0.07528,0.00384
10,hcp30,3,6,20,0.80,true,0.03762,0.00213,0.34809,2.32987,0.00425,1.2840,0.2429,1.2359,0.09377,0.00420
10,hcp30,3,6,20,0.90,true,0.03525,0.00206,0.36581,2.35217,0.00425,1.3528,0.2192,1.2999,0.11607,0.00451
10,hcp30,3,6,20,1.00,true,0.03300,0.00200,0.38487,2.37594,0.00426,1.4232,0.1957,1.3700,0.13985,0.00481
10,hcp30,3,6,20,1.10,true,0.03263,0.00199,0.40331,2.39731,0.00431,1.4926,0.1744,1.4419,0.16121,0.00506
10,hcp30,3,6,20,1.20,true,0.03200,0.00197,0.42198,2.41936,0.00435,1.5670,0.1566,1.5169,0.18326,0.00525
10,tour,4,12,10,0.00,true,0.38350,0.00544,0.00003,1.61653,0.00544,0.1669,0.7218,0.1884,0.18493,0.00575
10,tour,4,12,10,0.10,true,0.48512,0.00559,0.00013,1.51500,0.00559,0.2122,0.5096,0.1996,0.08340,0.00480
10,tour,4,12,10,0.20,true,0.54837,0.00556,0.00048,1.45211,0.00557,0.2782,0.2992,0.2521,0.02051,0.00360
10,tour,4,12,10,0.30,true,0.56925,0.00554,0.00141,1.43216,0.00556,0.3511,0.1483,0.3312,0.00056,0.00235
10,tour,4,12,10,0.40,true,0.57188,0.00553,0.00348,1.43160,0.00558,0.4335,0.0645,0.4241,0.00000,0.00000
10,tour,4,12,10,0.50,true,0.56025,0.00555,0.00743,1.44718,0.00565,0.5230,0.0233,0.5225,0.01558,0.00196
10,tour,4,12,10,0.60,true,0.54450,0.00557,0.01378,1.46928,0.00574,0.6176,0.0080,0.6209,0.03768,0.00255
10,tour,4,12,10,0.70,true,0.52787,0.00558,0.02290,1.49502,0.00587,0.7145,0.0021,0.7194,0.06342,0.00302
10,tour,4,12,10,0.80,true,0.51213,0.00559,0.03515,1.52303,0.00601,0.8142,0.0005,0.8193,0.09142,0.00337
10,tour,4,12,10,0.90,true,0.49750,0.00559,0.05014,1.55264,0.00618,0.9135,0.0002,0.9183,0.12104,0.00367
10,tour,4,12,10,1.00,true,0.48287,0.00559,0.06790,1.58503,0.00636,1.0139,0.0002,1.0182,0.15343,0.00398
10,tour,4,12,10,1.10,true,0.47063,0.00558,0.08765,1.61702,0.00655,1.1142,0.0000,1.1185,0.18542,0.00425
10,tour,4,12,10,1.20,true,0.45850,0.00557,0.10903,1.65053,0.00674,1.2137,0.0000,1.2178,0.21893,0.00452
10,tour,4,12,15,0.00,true,0.25275,0.00486,0.00061,1.74786,0.00486,0.2435,0.6226,0.2739,0.10563,0.00473
10,tour,4,12,15,0.10,true,0.29912,0.00512,0.00136,1.70224,0.00513,0.2929,0.4953,0.2849,0.06001,0.00408
10,tour,4,12,15,0.20,true,0.33487,0.00528,0.00296,1.66809,0.00530,0.3467,0.3610,0.3202,0.02586,0.00327
10,tour,4,12,15,0.30,true,0.35763,0.00536,0.00588,1.64825,0.00541,0.4122,0.2483,0.3783,0.00603,0.00233
10,tour,4,12,15,0.40,true,0.36850,0.00539,0.01072,1.64222,0.00549,0.4854,0.1560,0.4558,0.00000,0.00000
10,tour,4,12,15,0.50,true,0.37188,0.00540,0.01730,1.64542,0.00557,0.5571,0.0951,0.5367,0.00320,0.00201
10,tour,4,12,15,0.60,true,0.36888,0.00539,0.02684,1.65796,0.00565,0.6395,0.0535,0.6284,0.01574,0.00259
10,tour,4,12,15,0.70,true,0.36100,0.00537,0.03932,1.67832,0.00574,0.7265,0.0264,0.7243,0.03609,0.00304
10,tour,4,12,15,0.80,true,0.35137,0.00534,0.05479,1.70342,0.00584,0.8200,0.0137,0.8220,0.06120,0.00339
10,tour,4,12,15,0.90,true,0.34150,0.00530,0.07306,1.73156,0.00596,0.9168,0.0076,0.9208,0.08934,0.00367
10,tour,4,12,15,1.00,true,0.33013,0.00526,0.09413,1.76400,0.00608,1.0138,0.0041,1.0192,0.12178,0.00390
10,tour,4,12,15,1.10,true,0.32162,0.00522,0.11669,1.79506,0.00622,1.1120,0.0026,1.1176,0.15284,0.00411
10,tour,4,12,15,1.20,true,0.31075,0.00517,0.14138,1.83064,0.00635,1.2108,0.0015,1.2167,0.18841,0.00435
10,tour,4,12,20,0.00,true,0.17650,0.00426,0.00307,1.82657,0.00428,0.3195,0.5812,0.3552,0.05525,0.00397
10,tour,4,12,20,0.10,true,0.20062,0.00448,0.00510,1.80447,0.00451,0.3649,0.4815,0.3667,0.03314,0.00349
10,tour,4,12,20,0.20,true,0.22412,0.00466,0.00844,1.78431,0.00472,0.4212,0.3859,0.3976,0.01298,0.00287
10,tour,4,12,20,0.30,true,0.23913,0.00477,0.01373,1.77461,0.00487,0.4788,0.2873,0.4465,0.00328,0.00195
10,tour,4,12,20,0.40,true,0.24963,0.00484,0.02095,1.77133,0.00500,0.5441,0.2106,0.5098,0.00000,0.00000
10,tour,4,12,20,0.50,true,0.25125,0.00485,0.03005,1.77880,0.00509,0.6091,0.1528,0.5779,0.00747,0.00177
10,tour,4,12,20,0.60,true,0.25250,0.00486,0.04208,1.78958,0.00519,0.6815,0.1013,0.6595,0.01825,0.00236
10,tour,4,12,20,0.70,true,0.25212,0.00485,0.05674,1.80462,0.00531,0.7638,0.0675,0.7484,0.03329,0.00284
10,tour,4,12,20,0.80,true,0.24888,0.00483,0.07421,1.82534,0.00542,0.8516,0.0453,0.8416,0.05401,0.00317
10,tour,4,12,20,0.90,true,0.24350,0.00480,0.09410,1.85060,0.00553,0.9419,0.0311,0.9358,0.07927,0.00342
10,tour,4,12,20,1.00,true,0.23775,0.00476,0.11597,1.87822,0.00564,1.0326,0.0200,1.0312,0.10689,0.00360
10,tour,4,12,20,1.10,true,0.22937,0.00470,0.14018,1.91081,0.00573,1.1247,0.0109,1.1289,0.13948,0.00385
10,tour,4,12,20,1.20,true,0.22287,0.00465,0.16556,1.94269,0.00583,1.2235,0.0084,1.2276,0.17136,0.00405
10,tour,4,3,10,0.00,true,0.17037,0.00420,0.00012,1.82975,0.00420,0.0815,0.5588,0.2097,0.14501,0.00598
10,tour,4,3,10,0.10,true,0.24925,0.00484,0.00019,1.75094,0.00484,0.1812,0.3605,0.2329,0.06621,0.00561
10,tour,4,3,10,0.20,true,0.28987,0.00507,0.00056,1.71069,0.00508,0.2494,0.2133,0.2839,0.02595,0.00471
10,tour,4,3,10,0.30,true,0.30788,0.00516,0.00174,1.69386,0.00517,0.3188,0.1199,0.3528,0.00913,0.00358
10,tour,4,3,10,0.40,true,0.31912,0.00521,0.00425,1.68513,0.00525,0.3930,0.0641,0.4308,0.00040,0.00254
10,tour,4,3,10,0.50,true,0.32412,0.00523,0.00886,1.68473,0.00531,0.4706,0.0316,0.5141,0.00000,0.00000
10,tour,4,3,10,0.60,true,0.32538,0.00524,0.01677,1.69140,0.00538,0.5575,0.0156,0.6053,0.00667,0.00244
10,tour,4,3,10,0.70,true,0.32600,0.00524,0.02812,1.70212,0.00548,0.6443,0.0059,0.6965,0.01739,0.00326
10,tour,4,3,10,0.80,true,0.32038,0.00522,0.04419,1.72382,0.00559,0.7357,0.0020,0.7920,0.03909,0.00391
10,tour,4,3,10,0.90,true,0.31625,0.00520,0.06307,1.74682,0.00573,0.8249,0.0009,0.8835,0.06209,0.00441
10,tour,4,3,10,1.00,true,0.31250,0.00518,0.08566,1.77317,0.00589,0.9151,0.0000,0.9774,0.08843,0.00484
10,tour,4,3,10,1.10,true,0.30738,0.00516,0.11181,1.80444,0.00607,1.0092,0.0000,1.0750,0.11971,0.00527
10,tour,4,3,10,1.20,true,0.30100,0.00513,0.13980,1.83881,0.00624,1.1023,0.0000,1.1719,0.15408,0.00567
10,tour,4,3,15,0.00,true,0.10187,0.00338,0.00212,1.90024,0.00339,0.1259,0.5339,0.3044,0.07798,0.00501
10,tour,4,3,15,0.10,true,0.13887,0.00387,0.00267,1.86379,0.00388,0.2357,0.3808,0.3229,0.04153,0.00461
10,tour,4,3,15,0.20,true,0.16037,0.00410,0.00435,1.84398,0.00413,0.3144,0.2729,0.3662,0.02172,0.00380
10,tour,4,3,15,0.30,true,0.17863,0.00428,0.00727,1.82864,0.00433,0.3760,0.1948,0.4193,0.00639,0.00262
10,tour,4,3,15,0.40,true,0.19000,0.00439,0.01226,1.82226,0.00447,0.4399,0.1301,0.4843,0.00000,0.00000
10,tour,4,3,15,0.50,true,0.19475,0.00443,0.02016,1.82541,0.00457,0.5114,0.0830,0.5605,0.00315,0.00253
10,tour,4,3,15,0.60,true,0.19787,0.00445,0.03147,1.83360,0.00467,0.5876,0.0508,0.6431,0.01134,0.00349
10,tour,4,3,15,0.70,true,0.19575,0.00444,0.04636,1.85061,0.00476,0.6677,0.0309,0.7278,0.02836,0.00411
10,tour,4,3,15,0.80,true,0.18900,0.00438,0.06566,1.87666,0.00482,0.7518,0.0177,0.8169,0.05440,0.00460
10,tour,4,3,15,0.90,true,0.18575,0.00435,0.08885,1.90311,0.00494,0.8414,0.0106,0.9111,0.08085,0.00503
10,tour,4,3,15,1.00,true,0.18463,0.00434,0.11324,1.92862,0.00508,0.9293,0.0074,1.0010,0.10636,0.00532
10,tour,4,3,15,1.10,true,0.18138,0.00431,0.14081,1.95944,0.00521,1.0186,0.0035,1.0950,0.13719,0.00558
10,tour,4,3,15,1.20,true,0.17625,0.00426,0.16944,1.99320,0.00531,1.1069,0.0015,1.1873,0.17095,0.00581
10,tour,4,3,20,0.00,true,0.07450,0.00294,0.00910,1.93460,0.00298,0.1800,0.5213,0.4081,0.03285,0.00412
10,tour,4,3,20,0.10,true,0.09200,0.00323,0.01036,1.91836,0.00329,0.3002,0.4171,0.4232,0.01661,0.00356
10,tour,4,3,20,0.20,true,0.10700,0.00346,0.01328,1.90628,0.00353,0.3746,0.3260,0.4551,0.00453,0.00255
10,tour,4,3,20,0.30,true,0.11663,0.00359,0.01838,1.90175,0.00370,0.4412,0.2540,0.5013,0.00000,0.00000
10,tour,4,3,20,0.40,true,0.12050,0.00364,0.02632,1.90582,0.00380,0.5066,0.1936,0.5588,0.00407,0.00258
10,tour,4,3,20,0.50,true,0.13037,0.00376,0.03650,1.90612,0.00400,0.5711,0.1450,0.6240,0.00437,0.00349
10,tour,4,3,20,0.60,true,0.13325,0.00380,0.05030,1.91705,0.00412,0.6392,0.1034,0.6971,0.01530,0.00412
10,tour,4,3,20,0.70,true,0.13237,0.00379,0.06741,1.93504,0.00422,0.7136,0.0742,0.7762,0.03329,0.00451
10,tour,4,3,20,0.80,true,0.13500,0.00382,0.08725,1.95225,0.00437,0.7888,0.0486,0.8606,0.05050,0.00482
10,tour,4,3,20,0.90,true,0.13762,0.00385,0.10888,1.97126,0.00454,0.8673,0.0329,0.9452,0.06951,0.00511
10,tour,4,3,20,1.00,true,0.13800,0.00386,0.13344,1.99545,0.00468,0.9515,0.0226,1.0343,0.09370,0.00533
10,tour,4,3,20,1.10,true,0.13712,0.00385,0.15911,2.02200,0.00480,1.0345,0.0142,1.1231,0.12025,0.00553
10,tour,4,3,20,1.20,true,0.13150,0.00378,0.18698,2.05550,0.00486,1.1212,0.0099,1.2131,0.15375,0.00565
10,tour,4,6,10,0.00,true,0.23362,0.00473,0.00004,1.76642,0.00473,0.1563,0.6028,0.2019,0.09575,0.00444
10,tour,4,6,10,0.10,true,0.28887,0.00507,0.00002,1.71114,0.00507,0.2041,0.3994,0.2195,0.04048,0.00354
10,tour,4,6,10,0.20,true,0.32000,0.00522,0.00005,1.68005,0.00522,0.2659,0.2270,0.2694,0.00938,0.00245
10,tour,4,6,10,0.30,true,0.32950,0.00526,0.00017,1.67067,0.00526,0.3397,0.1098,0.3445,0.00000,0.00000
10,tour,4,6,10,0.40,true,0.32225,0.00522,0.00051,1.67826,0.00523,0.4235,0.0446,0.4336,0.00759,0.00204
10,tour,4,6,10,0.50,true,0.31038,0.00517,0.00126,1.69088,0.00518,0.5156,0.0165,0.5284,0.02021,0.00261
10,tour,4,6,10,0.60,true,0.29550,0.00510,0.00271,1.70721,0.00512,0.6131,0.0060,0.6265,0.03654,0.00298
10,tour,4,6,10,0.70,true,0.27987,0.00502,0.00511,1.72524,0.00506,0.7105,0.0016,0.7238,0.05457,0.00327
10,tour,4,6,10,0.80,true,0.26162,0.00491,0.00904,1.74741,0.00498,0.8129,0.0002,0.8255,0.07675,0.00354
10,tour,4,6,10,0.90,true,0.24238,0.00479,0.01439,1.77202,0.00489,0.9099,0.0000,0.9215,0.10135,0.00380
10,tour,4,6,10,1.00,true,0.21775,0.00461,0.02276,1.80501,0.00476,1.0184,0.0000,1.0289,0.13435,0.00409
10,tour,4,6,10,1.10,true,0.19400,0.00442,0.03318,1.83919,0.00462,1.1202,0.0000,1.1299,0.16852,0.00436
10,tour,4,6,10,1.20,true,0.17213,0.00422,0.04552,1.87341,0.00448,1.2162,0.0000,1.2253,0.20274,0.00459
10,tour,4,6,15,0.00,true,0.12925,0.00375,0.00097,1.87172,0.00376,0.2422,0.5520,0.2965,0.05612,0.00366
10,tour,4,6,15,0.10,true,0.15463,0.00404,0.00069,1.84606,0.00405,0.2855,0.4161,0.3132,0.03046,0.00314
10,tour,4,6,15,0.20,true,0.17213,0.00422,0.00081,1.82869,0.00422,0.3427,0.2984,0.3517,0.01308,0.00255
10,tour,4,6,15,0.30,true,0.18288,0.00432,0.00136,1.81849,0.00433,0.4080,0.2033,0.4091,0.00288,0.00186
10,tour,4,6,15,0.40,true,0.18688,0.00436,0.00248,1.81560,0.00437,0.4781,0.1234,0.4829,0.00000,0.00000
10,tour,4,6,15,0.50,true,0.18313,0.00432,0.00432,1.82120,0.00435,0.5550,0.0751,0.5631,0.00560,0.00159
10,tour,4,6,15,0.60,true,0.17613,0.00426,0.00726,1.83113,0.00430,0.6399,0.0411,0.6531,0.01553,0.00212
10,tour,4,6,15,0.70,true,0.16837,0.00418,0.01140,1.84302,0.00425,0.7281,0.0216,0.7450,0.02742,0.00245
10,tour,4,6,15,0.80,true,0.15700,0.00407,0.01727,1.86028,0.00416,0.8230,0.0096,0.8426,0.04468,0.00280
10,tour,4,6,15,0.90,true,0.14238,0.00391,0.02537,1.88300,0.00404,0.9258,0.0052,0.9449,0.06740,0.00310
10,tour,4,6,15,1.00,true,0.12812,0.00374,0.03551,1.90740,0.00392,1.0267,0.0029,1.0452,0.09180,0.00333
10,tour,4,6,15,1.10,true,0.11713,0.00360,0.04670,1.92959,0.00383,1.1205,0.0013,1.1388,0.11399,0.00353
10,tour,4,6,15,1.20,true,0.09800,0.00332,0.06194,1.96395,0.00361,1.2272,0.0008,1.2443,0.14835,0.00380
10,tour,4,6,20,0.00,true,0.08850,0.00318,0.00522,1.91672,0.00320,0.3192,0.5424,0.3974,0.03397,0.00301
10,tour,4,6,20,0.10,true,0.10175,0.00338,0.00432,1.90257,0.00340,0.3599,0.4393,0.4115,0.01982,0.00258
10,tour,4,6,20,0.20,true,0.11375,0.00355,0.00434,1.89059,0.00357,0.4092,0.3403,0.4425,0.00784,0.00213
10,tour,4,6,20,0.30,true,0.12012,0.00363,0.00530,1.88517,0.00366,0.4701,0.2613,0.4886,0.00242,0.00153
10,tour,4,6,20,0.40,true,0.12450,0.00369,0.00725,1.88275,0.00373,0.5353,0.1915,0.5491,0.00000,0.00000
10,tour,4,6,20,0.50,true,0.12175,0.00366,0.01031,1.88856,0.00371,0.6049,0.1339,0.6195,0.00581,0.00154
10,tour,4,6,20,0.60,true,0.11887,0.00362,0.01469,1.89582,0.00369,0.6823,0.0928,0.6987,0.01307,0.00203
10,tour,4,6,20,0.70,true,0.11388,0.00355,0.02061,1.90674,0.00366,0.7673,0.0640,0.7850,0.02399,0.00240
10,tour,4,6,20,0.80,true,0.10875,0.00348,0.02792,1.91918,0.00362,0.8511,0.0417,0.8732,0.03643,0.00267
10,tour,4,6,20,0.90,true,0.10063,0.00336,0.03746,1.93684,0.00355,0.9436,0.0263,0.9688,0.05409,0.00291
10,tour,4,6,20,1.00,true,0.09187,0.00323,0.04834,1.95648,0.00347,1.0351,0.0172,1.0616,0.07373,0.00313
10,tour,4,6,20,1.10,true,0.08288,0.00308,0.06100,1.97815,0.00338,1.1274,0.0102,1.1559,0.09540,0.00331
10,tour,4,6,20,1.20,true,0.07175,0.00289,0.07568,2.00396,0.00323,1.2237,0.0063,1.2524,0.12121,0.00348
10,scratch,4,12,10,0.00,true,0.34000,0.00530,0.00009,1.66009,0.00530,0.1784,0.6911,0.2013,0.15913,0.00527
10,scratch,4,12,10,0.10,true,0.42688,0.00553,0.00035,1.57348,0.00553,0.2253,0.4916,0.2149,0.07252,0.00420
10,scratch,4,12,10,0.20,true,0.47987,0.00559,0.00123,1.52136,0.00560,0.2895,0.3052,0.2638,0.02040,0.00278
10,scratch,4,12,10,0.30,true,0.50225,0.00559,0.00321,1.50096,0.00563,0.3574,0.1570,0.3391,0.00000,0.00000
10,scratch,4,12,10,0.40,true,0.50087,0.00559,0.00712,1.50625,0.00568,0.4383,0.0799,0.4264,0.00529,0.00239
10,scratch,4,12,10,0.50,true,0.49350,0.00559,0.01384,1.52034,0.00575,0.5256,0.0331,0.5233,0.01939,0.00306
10,scratch,4,12,10,0.60,true,0.48013,0.00559,0.02382,1.54369,0.00586,0.6188,0.0132,0.6214,0.04274,0.00349
10,scratch,4,12,10,0.70,true,0.46763,0.00558,0.03708,1.56946,0.00600,0.7150,0.0054,0.7196,0.06850,0.00380
10,scratch,4,12,10,0.80,true,0.45425,0.00557,0.05375,1.59950,0.00616,0.8125,0.0016,0.8184,0.09854,0.00409
10,scratch,4,12,10,0.90,true,0.44075,0.00555,0.07345,1.63270,0.00633,0.9114,0.0004,0.9174,0.13174,0.00436
10,scratch,4,12,10,1.00,true,0.42975,0.00553,0.09548,1.66573,0.00652,1.0111,0.0002,1.0169,0.16478,0.00459
10,scratch,4,12,10,1.10,true,0.41450,0.00551,0.11997,1.70548,0.00670,1.1098,0.0002,1.1152,0.20452,0.00485
10,scratch,4,12,10,1.20,true,0.40187,0.00548,0.14604,1.74417,0.00689,1.2108,0.0000,1.2161,0.24322,0.00511
10,scratch,4,12,15,0.00,true,0.21375,0.00458,0.00156,1.78781,0.00459,0.2589,0.6008,0.2953,0.06974,0.00399
10,scratch,4,12,15,0.10,true,0.25025,0.00484,0.00309,1.75284,0.00487,0.3076,0.4828,0.3070,0.03476,0.00330
10,scratch,4,12,15,0.20,true,0.27850,0.00501,0.00603,1.72753,0.00506,0.3601,0.3583,0.3411,0.00945,0.00230
10,scratch,4,12,15,0.30,true,0.29313,0.00509,0.01120,1.71807,0.00518,0.4257,0.2566,0.3959,0.00000,0.00000
10,scratch,4,12,15,0.40,true,0.30050,0.00513,0.01902,1.71852,0.00529,0.4963,0.1701,0.4683,0.00045,0.00224
10,scratch,4,12,15,0.50,true,0.30688,0.00516,0.02895,1.72208,0.00541,0.5672,0.1111,0.5461,0.00400,0.00285
10,scratch,4,12,15,0.60,true,0.30525,0.00515,0.04257,1.73732,0.00552,0.6456,0.0650,0.6347,0.01924,0.00329
10,scratch,4,12,15,0.70,true,0.29762,0.00511,0.05970,1.76208,0.00562,0.7318,0.0377,0.7279,0.04400,0.00365
10,scratch,4,12,15,0.80,true,0.29050,0.00508,0.07975,1.78925,0.00574,0.8218,0.0201,0.8241,0.07118,0.00394
10,scratch,4,12,15,0.90,true,0.27975,0.00502,0.10297,1.82322,0.00585,0.9154,0.0113,0.9208,0.10515,0.00418
10,scratch,4,12,15,1.00,true,0.27163,0.00497,0.12834,1.85672,0.00599,1.0123,0.0063,1.0195,0.13865,0.00440
10,scratch,4,12,15,1.10,true,0.26350,0.00493,0.15540,1.89191,0.00612,1.1093,0.0037,1.1174,0.17383,0.00458
10,scratch,4,12,15,1.20,true,0.25525,0.00487,0.18340,1.92816,0.00624,1.2070,0.0023,1.2154,0.21009,0.00476
10,scratch,4,12,20,0.00,true,0.14100,0.00389,0.00691,1.86591,0.00393,0.3424,0.5613,0.3892,0.02758,0.00320
10,scratch,4,12,20,0.10,true,0.15825,0.00408,0.01028,1.85203,0.00415,0.3872,0.4693,0.4013,0.01370,0.00268
10,scratch,4,12,20,0.20,true,0.17250,0.00422,0.01578,1.84328,0.00433,0.4417,0.3823,0.4300,0.00495,0.00192
10,scratch,4,12,20,0.30,true,0.18563,0.00435,0.02395,1.83833,0.00452,0.4988,0.2912,0.4775,0.00000,0.00000
10,scratch,4,12,20,0.40,true,0.19200,0.00440,0.03459,1.84259,0.00466,0.5623,0.2218,0.5360,0.00426,0.00171
10,scratch,4,12,20,0.50,true,0.19500,0.00443,0.04753,1.85253,0.00479,0.6302,0.1696,0.6025,0.01421,0.00240
10,scratch,4,12,20,0.60,true,0.19750,0.00445,0.06375,1.86625,0.00493,0.7013,0.1202,0.6802,0.02793,0.00280
10,scratch,4,12,20,0.70,true,0.19700,0.00445,0.08260,1.88560,0.00506,0.7778,0.0836,0.7636,0.04727,0.00310
10,scratch,4,12,20,0.80,true,0.19575,0.00444,0.10431,1.90856,0.00520,0.8613,0.0572,0.8536,0.07023,0.00340
10,scratch,4,12,20,0.90,true,0.19237,0.00441,0.12858,1.93621,0.00532,0.9492,0.0384,0.9475,0.09789,0.00367
10,scratch,4,12,20,1.00,true,0.19000,0.00439,0.15410,1.96411,0.00546,1.0388,0.0259,1.0417,0.12578,0.00385
10,scratch,4,12,20,1.10,true,0.18313,0.00432,0.18173,1.99861,0.00554,1.1322,0.0188,1.1368,0.16028,0.00405
10,scratch,4,12,20,1.20,true,0.17713,0.00427,0.21024,2.03313,0.00563,1.2234,0.0105,1.2337,0.19481,0.00424
10,scratch,4,3,10,0.00,true,0.15637,0.00406,0.00045,1.84407,0.00406,0.0922,0.5593,0.2260,0.12518,0.00574
10,scratch,4,3,10,0.10,true,0.22487,0.00467,0.00064,1.77576,0.00467,0.1909,0.3735,0.2467,0.05687,0.00520
10,scratch,4,3,10,0.20,true,0.26162,0.00491,0.00154,1.73992,0.00493,0.2617,0.2357,0.2961,0.02102,0.00411
10,scratch,4,3,10,0.30,true,0.28137,0.00503,0.00387,1.72249,0.00506,0.3296,0.1381,0.3633,0.00360,0.00271
10,scratch,4,3,10,0.40,true,0.28937,0.00507,0.00827,1.71890,0.00513,0.4017,0.0781,0.4391,0.00000,0.00000
10,scratch,4,3,10,0.50,true,0.29050,0.00508,0.01573,1.72523,0.00520,0.4785,0.0426,0.5215,0.00634,0.00270
10,scratch,4,3,10,0.60,true,0.29087,0.00508,0.02721,1.73633,0.00530,0.5620,0.0213,0.6109,0.01744,0.00365
10,scratch,4,3,10,0.70,true,0.29025,0.00507,0.04250,1.75226,0.00542,0.6476,0.0111,0.7004,0.03336,0.00427
10,scratch,4,3,10,0.80,true,0.28613,0.00505,0.06294,1.77682,0.00555,0.7379,0.0044,0.7960,0.05793,0.00483
10,scratch,4,3,10,0.90,true,0.28275,0.00503,0.08603,1.80329,0.00571,0.8265,0.0016,0.8879,0.08439,0.00524
10,scratch,4,3,10,1.00,true,0.27687,0.00500,0.11275,1.83588,0.00587,0.9171,0.0009,0.9817,0.11699,0.00564
10,scratch,4,3,10,1.10,true,0.27013,0.00496,0.14243,1.87233,0.00604,1.0098,0.0000,1.0785,0.15343,0.00602
10,scratch,4,3,10,1.20,true,0.26275,0.00492,0.17341,1.91069,0.00619,1.1029,0.0000,1.1751,0.19179,0.00631
10,scratch,4,3,15,0.00,true,0.09225,0.00324,0.00510,1.91285,0.00326,0.1493,0.5358,0.3337,0.06034,0.00499
10,scratch,4,3,15,0.10,true,0.11850,0.00361,0.00625,1.88775,0.00365,0.2600,0.3953,0.3512,0.03523,0.00461
10,scratch,4,3,15,0.20,true,0.14475,0.00393,0.00916,1.86441,0.00399,0.3360,0.2989,0.3902,0.01189,0.00389
10,scratch,4,3,15,0.30,true,0.15837,0.00408,0.01369,1.85532,0.00417,0.3950,0.2228,0.4381,0.00280,0.00277
10,scratch,4,3,15,0.40,true,0.16900,0.00419,0.02151,1.85251,0.00433,0.4587,0.1528,0.5030,0.00000,0.00000
10,scratch,4,3,15,0.50,true,0.17100,0.00421,0.03297,1.86197,0.00443,0.5286,0.1045,0.5761,0.00945,0.00265
10,scratch,4,3,15,0.60,true,0.17175,0.00422,0.04863,1.87688,0.00455,0.6043,0.0687,0.6578,0.02437,0.00366
10,scratch,4,3,15,0.70,true,0.16925,0.00419,0.06818,1.89894,0.00465,0.6825,0.0433,0.7425,0.04642,0.00429
10,scratch,4,3,15,0.80,true,0.16250,0.00412,0.09144,1.92895,0.00472,0.7637,0.0276,0.8292,0.07644,0.00470
10,scratch,4,3,15,0.90,true,0.16162,0.00412,0.11785,1.95624,0.00487,0.8499,0.0165,0.9220,0.10372,0.00511
10,scratch,4,3,15,1.00,true,0.15987,0.00410,0.14510,1.98525,0.00500,0.9349,0.0104,1.0109,0.13274,0.00541
10,scratch,4,3,15,1.10,true,0.15425,0.00404,0.17573,2.02152,0.00510,1.0248,0.0074,1.1039,0.16900,0.00563
10,scratch,4,3,15,1.20,true,0.15150,0.00401,0.20623,2.05478,0.00521,1.1122,0.0038,1.1966,0.20227,0.00585
10,scratch,4,3,20,0.00,true,0.06850,0.00282,0.01869,1.95019,0.00293,0.2247,0.5227,0.4574,0.01861,0.00371
10,scratch,4,3,20,0.10,true,0.08113,0.00305,0.02088,1.93976,0.00317,0.3405,0.4327,0.4694,0.00817,0.00280
10,scratch,4,3,20,0.20,true,0.09413,0.00326,0.02571,1.93159,0.00342,0.4141,0.3508,0.4991,0.00000,0.00000
10,scratch,4,3,20,0.30,true,0.09863,0.00333,0.03349,1.93486,0.00354,0.4796,0.2843,0.5407,0.00328,0.00257
10,scratch,4,3,20,0.40,true,0.10562,0.00344,0.04440,1.93878,0.00372,0.5411,0.2225,0.5948,0.00720,0.00358
10,scratch,4,3,20,0.50,true,0.11063,0.00351,0.05836,1.94774,0.00388,0.6042,0.1747,0.6557,0.01616,0.00416
10,scratch,4,3,20,0.60,true,0.11413,0.00355,0.07576,1.96164,0.00404,0.6719,0.1319,0.7270,0.03006,0.00450
10,scratch,4,3,20,0.70,true,0.11675,0.00359,0.09514,1.97840,0.00420,0.7398,0.0982,0.8012,0.04682,0.00479
10,scratch,4,3,20,0.80,true,0.11837,0.00361,0.11807,1.99972,0.00436,0.8130,0.0710,0.8823,0.06813,0.00504
10,scratch,4,3,20,0.90,true,0.11912,0.00362,0.14266,2.02356,0.00450,0.8876,0.0501,0.9653,0.09197,0.00522
10,scratch,4,3,20,1.00,true,0.11750,0.00360,0.16989,2.05243,0.00462,0.9676,0.0344,1.0531,0.12085,0.00537
10,scratch,4,3,20,1.10,true,0.11413,0.00355,0.19848,2.08441,0.00470,1.0503,0.0238,1.1419,0.15283,0.00548
10,scratch,4,3,20,1.20,true,0.11050,0.00351,0.22757,2.11714,0.00477,1.1345,0.0167,1.2313,0.18556,0.00558
10,scratch,4,6,10,0.00,true,0.20338,0.00450,0.00015,1.79678,0.00450,0.1679,0.5890,0.2185,0.07962,0.00421
10,scratch,4,6,10,0.10,true,0.24838,0.00483,0.00008,1.75171,0.00483,0.2159,0.4020,0.2362,0.03455,0.00339
10,scratch,4,6,10,0.20,true,0.27187,0.00497,0.00018,1.72830,0.00498,0.2769,0.2421,0.2837,0.01115,0.00235
10,scratch,4,6,10,0.30,true,0.28337,0.00504,0.00053,1.71716,0.00504,0.3489,0.1268,0.3558,0.00000,0.00000
10,scratch,4,6,10,0.40,true,0.27987,0.00502,0.00140,1.72152,0.00503,0.4311,0.0613,0.4413,0.00436,0.00195
10,scratch,4,6,10,0.50,true,0.27137,0.00497,0.00308,1.73170,0.00499,0.5183,0.0252,0.5332,0.01455,0.00243
10,scratch,4,6,10,0.60,true,0.25850,0.00489,0.00605,1.74755,0.00494,0.6144,0.0101,0.6306,0.03039,0.00285
10,scratch,4,6,10,0.70,true,0.24313,0.00480,0.01058,1.76746,0.00487,0.7111,0.0036,0.7276,0.05030,0.00317
10,scratch,4,6,10,0.80,true,0.22475,0.00467,0.01739,1.79265,0.00478,0.8120,0.0010,0.8279,0.07549,0.00346
10,scratch,4,6,10,0.90,true,0.20563,0.00452,0.02620,1.82059,0.00468,0.9087,0.0000,0.9239,0.10343,0.00374
10,scratch,4,6,10,1.00,true,0.18575,0.00435,0.03891,1.85318,0.00458,1.0171,0.0000,1.0311,0.13602,0.00402
10,scratch,4,6,10,1.10,true,0.16637,0.00416,0.05395,1.88761,0.00447,1.1192,0.0000,1.1324,0.17045,0.00428
10,scratch,4,6,10,1.20,true,0.14388,0.00392,0.07113,1.92730,0.00430,1.2150,0.0000,1.2274,0.21014,0.00452
10,scratch,4,6,15,0.00,true,0.10812,0.00347,0.00257,1.89445,0.00348,0.2587,0.5432,0.3261,0.04074,0.00331
10,scratch,4,6,15,0.10,true,0.13037,0.00376,0.00207,1.87169,0.00378,0.3030,0.4207,0.3432,0.01799,0.00290
10,scratch,4,6,15,0.20,true,0.14138,0.00390,0.00243,1.86105,0.00391,0.3601,0.3113,0.3799,0.00735,0.00234
10,scratch,4,6,15,0.30,true,0.14788,0.00397,0.00370,1.85583,0.00399,0.4225,0.2192,0.4336,0.00213,0.00167
10,scratch,4,6,15,0.40,true,0.15238,0.00402,0.00608,1.85370,0.00405,0.4900,0.1407,0.5033,0.00000,0.00000
10,scratch,4,6,15,0.50,true,0.14963,0.00399,0.00969,1.86007,0.00404,0.5641,0.0895,0.5802,0.00637,0.00149
10,scratch,4,6,15,0.60,true,0.14450,0.00393,0.01504,1.87054,0.00401,0.6469,0.0517,0.6681,0.01684,0.00204
10,scratch,4,6,15,0.70,true,0.13525,0.00382,0.02215,1.88691,0.00394,0.7348,0.0317,0.7577,0.03320,0.00240
10,scratch,4,6,15,0.80,true,0.12612,0.00371,0.03167,1.90556,0.00388,0.8274,0.0163,0.8538,0.05186,0.00270
10,scratch,4,6,15,0.90,true,0.11575,0.00358,0.04386,1.92813,0.00380,0.9261,0.0078,0.9540,0.07443,0.00297
10,scratch,4,6,15,1.00,true,0.10312,0.00340,0.05835,1.95526,0.00369,1.0266,0.0046,1.0536,0.10156,0.00325
10,scratch,4,6,15,1.10,true,0.09212,0.00323,0.07382,1.98175,0.00359,1.1197,0.0030,1.1457,0.12805,0.00344
10,scratch,4,6,15,1.20,true,0.08013,0.00304,0.09357,2.01352,0.00347,1.2239,0.0012,1.2498,0.15982,0.00363
10,scratch,4,6,20,0.00,true,0.07275,0.00290,0.01218,1.93943,0.00297,0.3419,0.5365,0.4459,0.01723,0.00253
10,scratch,4,6,20,0.10,true,0.08113,0.00305,0.01107,1.92995,0.00311,0.3832,0.4428,0.4599,0.00774,0.00212
10,scratch,4,6,20,0.20,true,0.08812,0.00317,0.01150,1.92338,0.00323,0.4333,0.3505,0.4905,0.00117,0.00150
10,scratch,4,6,20,0.30,true,0.09137,0.00322,0.01358,1.92221,0.00329,0.4903,0.2707,0.5347,0.00000,0.00000
10,scratch,4,6,20,0.40,true,0.09362,0.00326,0.01725,1.92363,0.00334,0.5530,0.2041,0.5911,0.00142,0.00137
10,scratch,4,6,20,0.50,true,0.09425,0.00327,0.02268,1.92844,0.00338,0.6220,0.1490,0.6586,0.00623,0.00189
10,scratch,4,6,20,0.60,true,0.09050,0.00321,0.02999,1.93950,0.00336,0.6958,0.1075,0.7325,0.01729,0.00222
10,scratch,4,6,20,0.70,true,0.08775,0.00316,0.03932,1.95159,0.00337,0.7783,0.0776,0.8149,0.02938,0.00249
10,scratch,4,6,20,0.80,true,0.08325,0.00309,0.05034,1.96712,0.00335,0.8606,0.0545,0.8994,0.04492,0.00272
10,scratch,4,6,20,0.90,true,0.07700,0.00298,0.06402,1.98706,0.00331,0.9497,0.0356,0.9921,0.06485,0.00294
10,scratch,4,6,20,1.00,true,0.07050,0.00286,0.07884,2.00841,0.00325,1.0374,0.0241,1.0815,0.08620,0.00310
10,scratch,4,6,20,1.10,true,0.06175,0.00269,0.09576,2.03409,0.00315,1.1293,0.0167,1.1739,0.11189,0.00327
10,scratch,4,6,20,1.20,true,0.05450,0.00254,0.11452,2.06013,0.00307,1.2236,0.0103,1.2697,0.13792,0.00342
10,mid,4,12,10,0.00,true,0.26925,0.00496,0.00063,1.73138,0.00496,0.1961,0.6454,0.2224,0.11839,0.00469
10,mid,4,12,10,0.10,true,0.33750,0.00529,0.00176,1.66426,0.00530,0.2420,0.4685,0.2376,0.05127,0.00379
10,mid,4,12,10,0.20,true,0.38050,0.00543,0.00454,1.62404,0.00547,0.3014,0.3021,0.2834,0.01105,0.00250
10,mid,4,12,10,0.30,true,0.39687,0.00547,0.00986,1.61299,0.00557,0.3674,0.1776,0.3505,0.00000,0.00000
10,mid,4,12,10,0.40,true,0.40087,0.00548,0.01845,1.61757,0.00567,0.4415,0.0962,0.4316,0.00459,0.00219
10,mid,4,12,10,0.50,true,0.39513,0.00547,0.03191,1.63679,0.00579,0.5286,0.0479,0.5259,0.02380,0.00298
10,mid,4,12,10,0.60,true,0.38388,0.00544,0.04996,1.66608,0.00593,0.6182,0.0205,0.6225,0.05310,0.00344
10,mid,4,12,10,0.70,true,0.36838,0.00539,0.07256,1.70419,0.00609,0.7134,0.0091,0.7205,0.09121,0.00389
10,mid,4,12,10,0.80,true,0.35100,0.00534,0.09910,1.74810,0.00624,0.8096,0.0046,0.8173,0.13512,0.00422
10,mid,4,12,10,0.90,true,0.33663,0.00528,0.12840,1.79178,0.00641,0.9070,0.0015,0.9158,0.17880,0.00454
10,mid,4,12,10,1.00,true,0.32250,0.00523,0.16024,1.83776,0.00658,1.0067,0.0004,1.0157,0.22477,0.00484
10,mid,4,12,10,1.10,true,0.31075,0.00517,0.19280,1.88207,0.00674,1.1071,0.0002,1.1157,0.26909,0.00509
10,mid,4,12,10,1.20,true,0.29675,0.00511,0.22644,1.92973,0.00687,1.2069,0.0002,1.2151,0.31675,0.00533
10,mid,4,12,15,0.00,true,0.15887,0.00409,0.00591,1.84704,0.00412,0.2824,0.5736,0.3326,0.03217,0.00349
10,mid,4,12,15,0.10,true,0.18063,0.00430,0.00986,1.82923,0.00437,0.3297,0.4658,0.3452,0.01436,0.00282
10,mid,4,12,15,0.20,true,0.19712,0.00445,0.01664,1.81952,0.00457,0.3800,0.3530,0.3778,0.00465,0.00188
10,mid,4,12,15,0.30,true,0.21213,0.00457,0.02700,1.81487,0.00478,0.4429,0.2604,0.4296,0.00000,0.00000
10,mid,4,12,15,0.40,true,0.21625,0.00460,0.04131,1.82507,0.00492,0.5104,0.1834,0.4949,0.01020,0.00186
10,mid,4,12,15,0.50,true,0.21625,0.00460,0.05802,1.84178,0.00505,0.5775,0.1289,0.5650,0.02691,0.00247
10,mid,4,12,15,0.60,true,0.21600,0.00460,0.07957,1.86358,0.00521,0.6560,0.0851,0.6493,0.04871,0.00300
10,mid,4,12,15,0.70,true,0.21488,0.00459,0.10455,1.88969,0.00538,0.7373,0.0517,0.7392,0.07482,0.00331
10,mid,4,12,15,0.80,true,0.20925,0.00455,0.13270,1.92347,0.00552,0.8247,0.0319,0.8318,0.10860,0.00361
10,mid,4,12,15,0.90,true,0.20438,0.00451,0.16305,1.95870,0.00566,0.9153,0.0187,0.9269,0.14383,0.00385
10,mid,4,12,15,1.00,true,0.19762,0.00445,0.19559,1.99800,0.00578,1.0109,0.0115,1.0246,0.18313,0.00413
10,mid,4,12,15,1.10,true,0.19037,0.00439,0.22865,2.03832,0.00589,1.1056,0.0069,1.1210,0.22345,0.00432
10,mid,4,12,15,1.20,true,0.18338,0.00433,0.26237,2.07906,0.00598,1.2022,0.0041,1.2186,0.26419,0.00450
10,mid,4,12,20,0.00,true,0.09700,0.00331,0.02073,1.92374,0.00344,0.3765,0.5437,0.4491,0.00371,0.00162
10,mid,4,12,20,0.10,true,0.10762,0.00346,0.02765,1.92002,0.00365,0.4192,0.4583,0.4628,0.00000,0.00000
10,mid,4,12,20,0.20,true,0.11650,0.00359,0.03792,1.92143,0.00385,0.4752,0.3824,0.4914,0.00140,0.00166
10,mid,4,12,20,0.30,true,0.12287,0.00367,0.05227,1.92940,0.00404,0.5298,0.2990,0.5358,0.00937,0.00234
10,mid,4,12,20,0.40,true,0.12925,0.00375,0.06939,1.94015,0.00424,0.5938,0.2373,0.5912,0.02012,0.00281
10,mid,4,12,20,0.50,true,0.13175,0.00378,0.08841,1.95668,0.00440,0.6550,0.1851,0.6515,0.03665,0.00314
10,mid,4,12,20,0.60,true,0.13450,0.00381,0.11178,1.97730,0.00459,0.7264,0.1407,0.7243,0.05727,0.00344
10,mid,4,12,20,0.70,true,0.13350,0.00380,0.13820,2.00472,0.00474,0.7992,0.1010,0.8041,0.08469,0.00375
10,mid,4,12,20,0.80,true,0.13100,0.00377,0.16648,2.03552,0.00486,0.8790,0.0745,0.8873,0.11549,0.00398
10,mid,4,12,20,0.90,true,0.12825,0.00374,0.19657,2.06837,0.00498,0.9615,0.0533,0.9748,0.14835,0.00418
10,mid,4,12,20,1.00,true,0.12537,0.00370,0.22799,2.10268,0.00509,1.0481,0.0377,1.0659,0.18266,0.00436
10,mid,4,12,20,1.10,true,0.12112,0.00365,0.26042,2.13939,0.00517,1.1394,0.0284,1.1588,0.21936,0.00452
10,mid,4,12,20,1.20,true,0.11675,0.00359,0.29300,2.17637,0.00523,1.2290,0.0190,1.2530,0.25635,0.00465
10,mid,4,3,10,0.00,true,0.14037,0.00388,0.00198,1.86161,0.00389,0.1161,0.5601,0.2547,0.08591,0.00554
10,mid,4,3,10,0.10,true,0.19175,0.00440,0.00288,1.81113,0.00442,0.2114,0.3942,0.2724,0.03543,0.00477
10,mid,4,3,10,0.20,true,0.22275,0.00465,0.00577,1.78302,0.00469,0.2801,0.2655,0.3168,0.00732,0.00332
10,mid,4,3,10,0.30,true,0.23625,0.00475,0.01195,1.77570,0.00484,0.3489,0.1655,0.3825,0.00000,0.00000
10,mid,4,3,10,0.40,true,0.24388,0.00480,0.02164,1.77777,0.00496,0.4181,0.1022,0.4549,0.00207,0.00288
10,mid,4,3,10,0.50,true,0.24638,0.00482,0.03583,1.78946,0.00509,0.4922,0.0617,0.5348,0.01376,0.00394
10,mid,4,3,10,0.60,true,0.24275,0.00479,0.05518,1.81244,0.00521,0.5718,0.0350,0.6211,0.03674,0.00463
10,mid,4,3,10,0.70,true,0.23788,0.00476,0.07960,1.84175,0.00535,0.6581,0.0198,0.7127,0.06605,0.00519
10,mid,4,3,10,0.80,true,0.23337,0.00473,0.10818,1.87484,0.00552,0.7467,0.0111,0.8070,0.09914,0.00561
10,mid,4,3,10,0.90,true,0.22687,0.00468,0.13786,1.91104,0.00566,0.8306,0.0050,0.8960,0.13534,0.00596
10,mid,4,3,10,1.00,true,0.22087,0.00464,0.16983,1.94903,0.00581,0.9178,0.0027,0.9871,0.17333,0.00624
10,mid,4,3,10,1.10,true,0.21575,0.00460,0.20481,1.98917,0.00597,1.0117,0.0013,1.0854,0.21347,0.00650
10,mid,4,3,10,1.20,true,0.20825,0.00454,0.23971,2.03162,0.00609,1.1035,0.0006,1.1813,0.25592,0.00669
10,mid,4,3,15,0.00,true,0.08013,0.00304,0.01585,1.93573,0.00312,0.2052,0.5328,0.3912,0.02853,0.00422
10,mid,4,3,15,0.10,true,0.10075,0.00337,0.01896,1.91821,0.00348,0.3087,0.4252,0.4044,0.01101,0.00319
10,mid,4,3,15,0.20,true,0.11837,0.00361,0.02557,1.90720,0.00377,0.3777,0.3340,0.4379,0.00000,0.00000
10,mid,4,3,15,0.30,true,0.12712,0.00372,0.03598,1.90886,0.00396,0.4387,0.2618,0.4845,0.00166,0.00285
10,mid,4,3,15,0.40,true,0.13112,0.00377,0.05097,1.91986,0.00411,0.5023,0.1965,0.5443,0.01265,0.00392
10,mid,4,3,15,0.50,true,0.13425,0.00381,0.07001,1.93578,0.00428,0.5669,0.1399,0.6145,0.02858,0.00452
10,mid,4,3,15,0.60,true,0.13062,0.00377,0.09289,1.96229,0.00438,0.6355,0.0994,0.6888,0.05509,0.00487
10,mid,4,3,15,0.70,true,0.12900,0.00375,0.11914,1.99018,0.00451,0.7104,0.0693,0.7706,0.08298,0.00517
10,mid,4,3,15,0.80,true,0.12725,0.00373,0.14803,2.02086,0.00465,0.7878,0.0477,0.8555,0.11365,0.00538
10,mid,4,3,15,0.90,true,0.12487,0.00370,0.17975,2.05498,0.00478,0.8705,0.0320,0.9463,0.14778,0.00561
10,mid,4,3,15,1.00,true,0.12225,0.00366,0.21112,2.08902,0.00489,0.9512,0.0208,1.0340,0.18182,0.00579
10,mid,4,3,15,1.10,true,0.11737,0.00360,0.24381,2.12664,0.00496,1.0346,0.0146,1.1224,0.21943,0.00592
10,mid,4,3,15,1.20,true,0.11088,0.00351,0.27800,2.16740,0.00499,1.1208,0.0090,1.2149,0.26019,0.00598
10,mid,4,3,20,0.00,true,0.05738,0.00260,0.05068,1.99333,0.00292,0.3242,0.5190,0.5540,0.00218,0.00308
10,mid,4,3,20,0.10,true,0.06525,0.00276,0.05637,1.99115,0.00312,0.4406,0.4593,0.5654,0.00000,0.00000
10,mid,4,3,20,0.20,true,0.07087,0.00287,0.06623,1.99538,0.00330,0.5051,0.3872,0.5919,0.00423,0.00277
10,mid,4,3,20,0.30,true,0.07625,0.00297,0.07901,2.00279,0.00349,0.5609,0.3254,0.6286,0.01165,0.00364
10,mid,4,3,20,0.40,true,0.08238,0.00307,0.09470,2.01237,0.00370,0.6189,0.2730,0.6757,0.02123,0.00410
10,mid,4,3,20,0.50,true,0.08538,0.00312,0.11371,2.02840,0.00387,0.6773,0.2245,0.7319,0.03725,0.00438
10,mid,4,3,20,0.60,true,0.09012,0.00320,0.13569,2.04565,0.00409,0.7383,0.1800,0.7967,0.05450,0.00463
10,mid,4,3,20,0.70,true,0.08962,0.00319,0.16030,2.07079,0.00422,0.8054,0.1460,0.8668,0.07965,0.00481
10,mid,4,3,20,0.80,true,0.08837,0.00317,0.18707,2.09885,0.00434,0.8715,0.1128,0.9426,0.10771,0.00497
10,mid,4,3,20,0.90,true,0.08687,0.00315,0.21448,2.12782,0.00444,0.9408,0.0887,1.0197,0.13667,0.00510
10,mid,4,3,20,1.00,true,0.08463,0.00311,0.24374,2.15939,0.00452,1.0137,0.0670,1.1027,0.16825,0.00523
10,mid,4,3,20,1.10,true,0.07975,0.00303,0.27409,2.19470,0.00455,1.0889,0.0499,1.1877,0.20355,0.00528
10,mid,4,3,20,1.20,true,0.07637,0.00297,0.30393,2.22800,0.00458,1.1674,0.0379,1.2741,0.23686,0.00535
10,mid,4,6,10,0.00,true,0.15762,0.00407,0.00104,1.84342,0.00408,0.1848,0.5685,0.2481,0.05871,0.00375
10,mid,4,6,10,0.10,true,0.19050,0.00439,0.00073,1.81023,0.00439,0.2326,0.4018,0.2667,0.02552,0.00302
10,mid,4,6,10,0.20,true,0.21075,0.00456,0.00113,1.79038,0.00457,0.2935,0.2604,0.3118,0.00567,0.00214
10,mid,4,6,10,0.30,true,0.21775,0.00461,0.00246,1.78471,0.00463,0.3616,0.1489,0.3785,0.00000,0.00000
10,mid,4,6,10,0.40,true,0.21575,0.00460,0.00518,1.78943,0.00463,0.4387,0.0776,0.4589,0.00472,0.00182
10,mid,4,6,10,0.50,true,0.20688,0.00453,0.00985,1.80298,0.00459,0.5230,0.0366,0.5472,0.01827,0.00242
10,mid,4,6,10,0.60,true,0.19425,0.00442,0.01717,1.82294,0.00453,0.6160,0.0180,0.6408,0.03823,0.00279
10,mid,4,6,10,0.70,true,0.18363,0.00433,0.02720,1.84361,0.00449,0.7110,0.0083,0.7364,0.05890,0.00311
10,mid,4,6,10,0.80,true,0.16975,0.00420,0.04089,1.87120,0.00444,0.8105,0.0033,0.8357,0.08650,0.00334
10,mid,4,6,10,0.90,true,0.15762,0.00407,0.05694,1.89941,0.00440,0.9063,0.0013,0.9309,0.11470,0.00358
10,mid,4,6,10,1.00,true,0.13975,0.00388,0.07848,1.93889,0.00430,1.0129,0.0001,1.0367,0.15419,0.00383
10,mid,4,6,10,1.10,true,0.12350,0.00368,0.10217,1.97892,0.00420,1.1140,0.0000,1.1367,0.19422,0.00406
10,mid,4,6,10,1.20,true,0.10762,0.00346,0.12751,2.02024,0.00408,1.2101,0.0000,1.2320,0.23553,0.00430
10,mid,4,6,15,0.00,true,0.08038,0.00304,0.01089,1.93051,0.00309,0.2822,0.5332,0.3824,0.01907,0.00268
10,mid,4,6,15,0.10,true,0.09187,0.00323,0.00997,1.91810,0.00328,0.3263,0.4234,0.3992,0.00666,0.00217
10,mid,4,6,15,0.20,true,0.09975,0.00335,0.01120,1.91146,0.00341,0.3793,0.3192,0.4342,0.00002,0.00151
10,mid,4,6,15,0.30,true,0.10325,0.00340,0.01468,1.91144,0.00348,0.4441,0.2386,0.4853,0.00000,0.00000
10,mid,4,6,15,0.40,true,0.10475,0.00342,0.02058,1.91585,0.00353,0.5081,0.1629,0.5493,0.00441,0.00146
10,mid,4,6,15,0.50,true,0.10300,0.00340,0.02877,1.92580,0.00355,0.5793,0.1093,0.6222,0.01436,0.00198
10,mid,4,6,15,0.60,true,0.09763,0.00332,0.03994,1.94237,0.00353,0.6597,0.0719,0.7041,0.03093,0.00227
10,mid,4,6,15,0.70,true,0.09300,0.00325,0.05358,1.96067,0.00353,0.7419,0.0438,0.7906,0.04923,0.00256
10,mid,4,6,15,0.80,true,0.08550,0.00313,0.07032,1.98496,0.00349,0.8321,0.0275,0.8819,0.07352,0.00279
10,mid,4,6,15,0.90,true,0.07825,0.00300,0.09031,2.01226,0.00346,0.9271,0.0155,0.9787,0.10082,0.00301
10,mid,4,6,15,1.00,true,0.06975,0.00285,0.11239,2.04293,0.00340,1.0224,0.0078,1.0752,0.13149,0.00321
10,mid,4,6,15,1.10,true,0.06250,0.00271,0.13496,2.07285,0.00334,1.1146,0.0052,1.1660,0.16141,0.00337
10,mid,4,6,15,1.20,true,0.05387,0.00252,0.16233,2.10898,0.00325,1.2182,0.0030,1.2686,0.19754,0.00354
10,mid,4,6,20,0.00,true,0.04738,0.00238,0.04248,1.99512,0.00262,0.3738,0.5285,0.5407,0.00817,0.00172
10,mid,4,6,20,0.10,true,0.05187,0.00248,0.04152,1.98966,0.00272,0.4141,0.4455,0.5556,0.00272,0.00134
10,mid,4,6,20,0.20,true,0.05650,0.00258,0.04341,1.98694,0.00283,0.4613,0.3598,0.5853,0.00000,0.00000
10,mid,4,6,20,0.30,true,0.05975,0.00265,0.04822,1.98852,0.00292,0.5167,0.2868,0.6272,0.00157,0.00118
10,mid,4,6,20,0.40,true,0.06000,0.00266,0.05574,1.99581,0.00297,0.5765,0.2242,0.6787,0.00886,0.00158
10,mid,4,6,20,0.50,true,0.05975,0.00265,0.06612,2.00647,0.00302,0.6461,0.1747,0.7413,0.01953,0.00196
10,mid,4,6,20,0.60,true,0.05950,0.00264,0.07897,2.01962,0.00309,0.7172,0.1313,0.8116,0.03267,0.00225
10,mid,4,6,20,0.70,true,0.05675,0.00259,0.09441,2.03786,0.00311,0.7931,0.0971,0.8877,0.05092,0.00245
10,mid,4,6,20,0.80,true,0.05312,0.00251,0.11162,2.05876,0.00311,0.8721,0.0726,0.9664,0.07182,0.00264
10,mid,4,6,20,0.90,true,0.04900,0.00241,0.13183,2.08319,0.00311,0.9587,0.0526,1.0537,0.09625,0.00282
10,mid,4,6,20,1.00,true,0.04425,0.00230,0.15302,2.10923,0.00308,1.0428,0.0369,1.1402,0.12229,0.00299
10,mid,4,6,20,1.10,true,0.03925,0.00217,0.17581,2.13715,0.00303,1.1311,0.0264,1.2291,0.15021,0.00317
10,mid,4,6,20,1.20,true,0.03425,0.00203,0.20025,2.16674,0.00297,1.2231,0.0189,1.3210,0.17980,0.00329
10,high,4,12,10,0.00,true,0.22775,0.00469,0.00220,1.77445,0.00470,0.2139,0.6216,0.2474,0.06853,0.00450
10,high,4,12,10,0.10,true,0.27400,0.00499,0.00512,1.73112,0.00503,0.2605,0.4633,0.2625,0.02520,0.00373
10,high,4,12,10,0.20,true,0.30200,0.00513,0.01127,1.70928,0.00523,0.3188,0.3125,0.3056,0.00335,0.00252
10,high,4,12,10,0.30,true,0.31550,0.00520,0.02142,1.70592,0.00539,0.3825,0.1941,0.3694,0.00000,0.00000
10,high,4,12,10,0.40,true,0.31562,0.00520,0.03611,1.72049,0.00553,0.4529,0.1143,0.4451,0.01457,0.00218
10,high,4,12,10,0.50,true,0.30825,0.00516,0.05684,1.74860,0.00567,0.5361,0.0674,0.5323,0.04268,0.00297
10,high,4,12,10,0.60,true,0.30075,0.00513,0.08319,1.78246,0.00585,0.6237,0.0336,0.6278,0.07654,0.00350
10,high,4,12,10,0.70,true,0.28937,0.00507,0.11377,1.82443,0.00603,0.7151,0.0174,0.7231,0.11851,0.00389
10,high,4,12,10,0.80,true,0.27837,0.00501,0.14769,1.86937,0.00620,0.8089,0.0081,0.8199,0.16345,0.00420
10,high,4,12,10,0.90,true,0.26637,0.00494,0.18417,1.91788,0.00637,0.9058,0.0044,0.9174,0.21196,0.00449
10,high,4,12,10,1.00,true,0.25562,0.00488,0.22239,1.96688,0.00652,1.0050,0.0017,1.0178,0.26096,0.00478
10,high,4,12,10,1.10,true,0.24488,0.00481,0.26054,2.01584,0.00666,1.1038,0.0007,1.1167,0.30992,0.00502
10,high,4,12,10,1.20,true,0.23463,0.00474,0.29844,2.06406,0.00677,1.2032,0.0002,1.2161,0.35814,0.00524
10,high,4,12,15,0.00,true,0.12412,0.00369,0.01555,1.89143,0.00379,0.3084,0.5604,0.3754,0.01002,0.00264
10,high,4,12,15,0.10,true,0.13975,0.00388,0.02249,1.88275,0.00403,0.3553,0.4625,0.3888,0.00134,0.00187
10,high,4,12,15,0.20,true,0.15238,0.00402,0.03377,1.88141,0.00426,0.4074,0.3644,0.4204,0.00000,0.00000
10,high,4,12,15,0.30,true,0.16050,0.00410,0.04978,1.88930,0.00447,0.4666,0.2768,0.4681,0.00789,0.00173
10,high,4,12,15,0.40,true,0.16425,0.00414,0.07043,1.90621,0.00466,0.5334,0.2067,0.5290,0.02480,0.00231
10,high,4,12,15,0.50,true,0.16412,0.00414,0.09318,1.92909,0.00482,0.5984,0.1537,0.5943,0.04768,0.00282
10,high,4,12,15,0.60,true,0.16500,0.00415,0.12114,1.95619,0.00502,0.6726,0.1076,0.6735,0.07478,0.00326
10,high,4,12,15,0.70,true,0.16425,0.00414,0.15276,1.98860,0.00521,0.7526,0.0725,0.7601,0.10719,0.00365
10,high,4,12,15,0.80,true,0.16125,0.00411,0.18618,2.02505,0.00537,0.8353,0.0483,0.8486,0.14364,0.00390
10,high,4,12,15,0.90,true,0.15563,0.00405,0.22184,2.06638,0.00549,0.9213,0.0315,0.9396,0.18497,0.00411
10,high,4,12,15,1.00,true,0.15163,0.00401,0.25831,2.10691,0.00562,1.0109,0.0192,1.0339,0.22551,0.00432
10,high,4,12,15,1.10,true,0.14713,0.00396,0.29504,2.14823,0.00572,1.1038,0.0114,1.1300,0.26682,0.00450
10,high,4,12,15,1.20,true,0.14388,0.00392,0.33115,2.18768,0.00583,1.2006,0.0079,1.2274,0.30627,0.00465
10,high,4,12,20,0.00,true,0.06950,0.00284,0.04841,1.97897,0.00315,0.4162,0.5363,0.5178,0.00000,0.00000
10,high,4,12,20,0.10,true,0.07787,0.00300,0.05844,1.98061,0.00339,0.4557,0.4574,0.5323,0.00165,0.00139
10,high,4,12,20,0.20,true,0.08238,0.00307,0.07281,1.99049,0.00357,0.5098,0.3893,0.5588,0.01152,0.00196
10,high,4,12,20,0.30,true,0.08775,0.00316,0.09218,2.00449,0.00380,0.5666,0.3171,0.6013,0.02553,0.00249
10,high,4,12,20,0.40,true,0.09150,0.00322,0.11434,2.02292,0.00401,0.6249,0.2556,0.6524,0.04396,0.00289
10,high,4,12,20,0.50,true,0.09463,0.00327,0.13805,2.04353,0.00421,0.6849,0.2072,0.7089,0.06457,0.00323
10,high,4,12,20,0.60,true,0.09650,0.00330,0.16631,2.06995,0.00440,0.7555,0.1655,0.7769,0.09098,0.00353
10,high,4,12,20,0.70,true,0.09500,0.00328,0.19666,2.10186,0.00453,0.8253,0.1279,0.8497,0.12289,0.00379
10,high,4,12,20,0.80,true,0.09250,0.00324,0.22900,2.13675,0.00465,0.8971,0.0948,0.9281,0.15779,0.00400
10,high,4,12,20,0.90,true,0.09050,0.00321,0.26249,2.17232,0.00475,0.9775,0.0724,1.0114,0.19336,0.00419
10,high,4,12,20,1.00,true,0.08812,0.00317,0.29650,2.20880,0.00484,1.0591,0.0537,1.0975,0.22983,0.00432
10,high,4,12,20,1.10,true,0.08550,0.00313,0.33079,2.24582,0.00490,1.1437,0.0394,1.1864,0.26686,0.00446
10,high,4,12,20,1.20,true,0.08238,0.00307,0.36524,2.28354,0.00494,1.2341,0.0305,1.2781,0.30458,0.00458
10,high,4,3,10,0.00,true,0.12762,0.00373,0.00681,1.87919,0.00377,0.1430,0.5592,0.2878,0.05100,0.00547
10,high,4,3,10,0.10,true,0.16137,0.00411,0.00920,1.84783,0.00417,0.2401,0.4172,0.3038,0.01964,0.00477
10,high,4,3,10,0.20,true,0.18613,0.00435,0.01546,1.82935,0.00446,0.3085,0.2969,0.3461,0.00116,0.00324
10,high,4,3,10,0.30,true,0.19850,0.00446,0.02667,1.82819,0.00465,0.3707,0.1979,0.4053,0.00000,0.00000
10,high,4,3,10,0.40,true,0.20375,0.00450,0.04286,1.83914,0.00482,0.4379,0.1320,0.4744,0.01095,0.00297
10,high,4,3,10,0.50,true,0.20438,0.00451,0.06505,1.86073,0.00498,0.5102,0.0834,0.5537,0.03254,0.00408
10,high,4,3,10,0.60,true,0.20200,0.00449,0.09198,1.89007,0.00515,0.5873,0.0526,0.6376,0.06188,0.00474
10,high,4,3,10,0.70,true,0.19925,0.00447,0.12300,1.92388,0.00533,0.6702,0.0329,0.7268,0.09570,0.00533
10,high,4,3,10,0.80,true,0.19412,0.00442,0.15718,1.96326,0.00550,0.7539,0.0205,0.8172,0.13507,0.00568
10,high,4,3,10,0.90,true,0.18725,0.00436,0.19203,2.00508,0.00563,0.8360,0.0118,0.9053,0.17690,0.00595
10,high,4,3,10,1.00,true,0.18275,0.00432,0.22852,2.04619,0.00578,0.9239,0.0069,0.9988,0.21800,0.00621
10,high,4,3,10,1.10,true,0.17650,0.00426,0.26689,2.09098,0.00590,1.0159,0.0032,1.0967,0.26280,0.00648
10,high,4,3,10,1.20,true,0.16937,0.00419,0.30329,2.13471,0.00597,1.1054,0.0017,1.1910,0.30652,0.00662
10,high,4,3,15,0.00,true,0.07013,0.00285,0.03923,1.96914,0.00310,0.2647,0.5296,0.4558,0.01008,0.00346
10,high,4,3,15,0.10,true,0.08612,0.00314,0.04514,1.95906,0.00343,0.3672,0.4443,0.4685,0.00000,0.00000
10,high,4,3,15,0.20,true,0.09525,0.00328,0.05749,1.96230,0.00366,0.4377,0.3652,0.5017,0.00324,0.00312
10,high,4,3,15,0.30,true,0.10125,0.00337,0.07366,1.97249,0.00387,0.4963,0.2972,0.5461,0.01342,0.00404
10,high,4,3,15,0.40,true,0.10325,0.00340,0.09403,1.99089,0.00404,0.5542,0.2350,0.6002,0.03183,0.00450
10,high,4,3,15,0.50,true,0.10387,0.00341,0.11810,2.01439,0.00420,0.6141,0.1813,0.6632,0.05532,0.00480
10,high,4,3,15,0.60,true,0.10237,0.00339,0.14600,2.04386,0.00434,0.6791,0.1376,0.7343,0.08479,0.00506
10,high,4,3,15,0.70,true,0.10138,0.00337,0.17600,2.07495,0.00449,0.7459,0.1008,0.8104,0.11589,0.00527
10,high,4,3,15,0.80,true,0.10013,0.00336,0.20735,2.10767,0.00463,0.8180,0.0761,0.8898,0.14860,0.00546
10,high,4,3,15,0.90,true,0.09575,0.00329,0.24239,2.14724,0.00471,0.8964,0.0552,0.9775,0.18818,0.00559
10,high,4,3,15,1.00,true,0.09550,0.00329,0.27522,2.18050,0.00484,0.9744,0.0398,1.0641,0.22144,0.00573
10,high,4,3,15,1.10,true,0.09350,0.00325,0.30794,2.21544,0.00492,1.0520,0.0281,1.1505,0.25638,0.00585
10,high,4,3,15,1.20,true,0.08875,0.00318,0.34125,2.25378,0.00494,1.1322,0.0192,1.2392,0.29471,0.00589
10,high,4,3,20,0.00,true,0.04700,0.00237,0.10792,2.06114,0.00308,0.4354,0.5171,0.6645,0.00000,0.00000
10,high,4,3,20,0.10,true,0.05162,0.00247,0.11642,2.06502,0.00325,0.5516,0.4715,0.6763,0.00388,0.00311
10,high,4,3,20,0.20,true,0.05688,0.00259,0.12848,2.07185,0.00345,0.6111,0.4154,0.7010,0.01071,0.00371
10,high,4,3,20,0.30,true,0.05887,0.00263,0.14432,2.08574,0.00360,0.6592,0.3581,0.7357,0.02460,0.00394
10,high,4,3,20,0.40,true,0.06263,0.00271,0.16317,2.10091,0.00380,0.7166,0.3132,0.7808,0.03977,0.00416
10,high,4,3,20,0.50,true,0.06563,0.00277,0.18395,2.11878,0.00399,0.7688,0.2676,0.8328,0.05764,0.00438
10,high,4,3,20,0.60,true,0.06725,0.00280,0.20748,2.14080,0.00415,0.8274,0.2278,0.8922,0.07966,0.00458
10,high,4,3,20,0.70,true,0.06800,0.00281,0.23247,2.16520,0.00429,0.8861,0.1914,0.9568,0.10405,0.00476
10,high,4,3,20,0.80,true,0.06588,0.00277,0.25954,2.19457,0.00437,0.9474,0.1588,1.0263,0.13343,0.00489
10,high,4,3,20,0.90,true,0.06475,0.00275,0.28653,2.22291,0.00446,1.0094,0.1311,1.0981,0.16177,0.00503
10,high,4,3,20,1.00,true,0.06125,0.00268,0.31598,2.25614,0.00449,1.0791,0.1076,1.1772,0.19500,0.00510
10,high,4,3,20,1.10,true,0.05950,0.00264,0.34350,2.28572,0.00454,1.1440,0.0860,1.2551,0.22458,0.00520
10,high,4,3,20,1.20,true,0.05862,0.00263,0.37116,2.31462,0.00459,1.2156,0.0698,1.3372,0.25348,0.00531
10,high,4,6,10,0.00,true,0.12600,0.00371,0.00404,1.87805,0.00373,0.2037,0.5569,0.2816,0.03751,0.00334
10,high,4,6,10,0.10,true,0.14963,0.00399,0.00337,1.85375,0.00401,0.2509,0.4070,0.3004,0.01321,0.00274
10,high,4,6,10,0.20,true,0.16175,0.00412,0.00457,1.84283,0.00414,0.3083,0.2736,0.3426,0.00229,0.00190
10,high,4,6,10,0.30,true,0.16750,0.00417,0.00802,1.84054,0.00422,0.3752,0.1719,0.4046,0.00000,0.00000
10,high,4,6,10,0.40,true,0.16862,0.00419,0.01427,1.84568,0.00427,0.4504,0.1000,0.4813,0.00514,0.00172
10,high,4,6,10,0.50,true,0.16325,0.00413,0.02388,1.86069,0.00428,0.5335,0.0569,0.5663,0.02015,0.00226
10,high,4,6,10,0.60,true,0.15500,0.00405,0.03734,1.88245,0.00427,0.6202,0.0283,0.6568,0.04191,0.00259
10,high,4,6,10,0.70,true,0.14488,0.00394,0.05427,1.90958,0.00425,0.7117,0.0153,0.7485,0.06904,0.00288
10,high,4,6,10,0.80,true,0.13512,0.00382,0.07610,1.94127,0.00425,0.8109,0.0074,0.8482,0.10073,0.00320
10,high,4,6,10,0.90,true,0.12275,0.00367,0.10015,1.97784,0.00421,0.9052,0.0036,0.9422,0.13730,0.00347
10,high,4,6,10,1.00,true,0.10975,0.00349,0.13000,2.02090,0.00417,1.0106,0.0014,1.0470,0.18036,0.00372
10,high,4,6,10,1.10,true,0.09588,0.00329,0.16117,2.06621,0.00408,1.1112,0.0007,1.1465,0.22567,0.00395
10,high,4,6,10,1.20,true,0.08325,0.00309,0.19233,2.11029,0.00397,1.2051,0.0000,1.2402,0.26976,0.00414
10,high,4,6,15,0.00,true,0.06012,0.00266,0.03200,1.97190,0.00283,0.3088,0.5276,0.4454,0.01061,0.00207
10,high,4,6,15,0.10,true,0.06800,0.00281,0.03126,1.96330,0.00299,0.3533,0.4285,0.4636,0.00201,0.00148
10,high,4,6,15,0.20,true,0.07300,0.00291,0.03423,1.96129,0.00310,0.4046,0.3308,0.4981,0.00000,0.00000
10,high,4,6,15,0.30,true,0.07575,0.00296,0.04086,1.96520,0.00319,0.4667,0.2544,0.5463,0.00391,0.00139
10,high,4,6,15,0.40,true,0.07637,0.00297,0.05110,1.97487,0.00326,0.5328,0.1907,0.6057,0.01358,0.00175
10,high,4,6,15,0.50,true,0.07387,0.00292,0.06486,1.99120,0.00329,0.5996,0.1338,0.6744,0.02991,0.00214
10,high,4,6,15,0.60,true,0.07150,0.00288,0.08218,2.01100,0.00334,0.6770,0.0930,0.7529,0.04971,0.00245
10,high,4,6,15,0.70,true,0.06675,0.00279,0.10210,2.03579,0.00335,0.7563,0.0640,0.8342,0.07451,0.00271
10,high,4,6,15,0.80,true,0.06288,0.00271,0.12526,2.06300,0.00338,0.8411,0.0411,0.9226,0.10171,0.00294
10,high,4,6,15,0.90,true,0.05600,0.00257,0.15176,2.09660,0.00335,0.9336,0.0270,1.0158,0.13531,0.00314
10,high,4,6,15,1.00,true,0.05137,0.00247,0.17938,2.12911,0.00335,1.0258,0.0169,1.1094,0.16782,0.00330
10,high,4,6,15,1.10,true,0.04612,0.00235,0.20666,2.16193,0.00331,1.1131,0.0101,1.1980,0.20064,0.00344
10,high,4,6,15,1.20,true,0.03925,0.00217,0.23875,2.20128,0.00322,1.2151,0.0060,1.2994,0.23999,0.00361
10,high,4,6,20,0.00,true,0.03488,0.00205,0.10089,2.06618,0.00269,0.4082,0.5275,0.6469,0.00223,0.00148
10,high,4,6,20,0.10,true,0.03712,0.00211,0.10106,2.06414,0.00275,0.4484,0.4526,0.6633,0.00019,0.00112
10,high,4,6,20,0.20,true,0.04113,0.00222,0.10481,2.06395,0.00287,0.4950,0.3756,0.6931,0.00000,0.00000
10,high,4,6,20,0.30,true,0.04213,0.00225,0.11229,2.07051,0.00294,0.5473,0.3054,0.7333,0.00656,0.00106
10,high,4,6,20,0.40,true,0.04200,0.00224,0.12317,2.08162,0.00299,0.6091,0.2499,0.7829,0.01767,0.00149
10,high,4,6,20,0.50,true,0.04138,0.00223,0.13722,2.09642,0.00305,0.6719,0.1974,0.8412,0.03246,0.00180
10,high,4,6,20,0.60,true,0.04063,0.00221,0.15385,2.11396,0.00311,0.7419,0.1574,0.9065,0.05001,0.00207
10,high,4,6,20,0.70,true,0.03925,0.00217,0.17310,2.13478,0.00316,0.8135,0.1203,0.9789,0.07083,0.00231
10,high,4,6,20,0.80,true,0.03687,0.00211,0.19400,2.15829,0.00318,0.8896,0.0938,1.0540,0.09434,0.00252
10,high,4,6,20,0.90,true,0.03475,0.00205,0.21784,2.18454,0.00320,0.9733,0.0714,1.1377,0.12058,0.00273
10,high,4,6,20,1.00,true,0.03138,0.00195,0.24210,2.21249,0.00318,1.0565,0.0555,1.2205,0.14854,0.00293
10,high,4,6,20,1.10,true,0.02863,0.00186,0.26739,2.24089,0.00316,1.1391,0.0403,1.3064,0.17693,0.00311
10,high,4,6,20,1.20,true,0.02562,0.00177,0.29370,2.27062,0.00313,1.2268,0.0298,1.3953,0.20667,0.00322
10,hcp30,4,12,10,0.00,true,0.20237,0.00449,0.05158,1.85004,0.00492,0.4231,0.6197,0.4352,0.02089,0.00334
10,hcp30,4,12,10,0.10,true,0.22525,0.00467,0.06088,1.83655,0.00521,0.4751,0.5408,0.4488,0.00740,0.00240
10,hcp30,4,12,10,0.20,true,0.24700,0.00482,0.07501,1.82914,0.00553,0.5332,0.4603,0.4796,0.00000,0.00000
10,hcp30,4,12,10,0.30,true,0.26238,0.00492,0.09259,1.83167,0.00581,0.5926,0.3869,0.5223,0.00252,0.00228
10,hcp30,4,12,10,0.40,true,0.26963,0.00496,0.11362,1.84589,0.00607,0.6566,0.3236,0.5755,0.01675,0.00322
10,hcp30,4,12,10,0.50,true,0.27463,0.00499,0.13818,1.86606,0.00633,0.7260,0.2661,0.6403,0.03692,0.00391
10,hcp30,4,12,10,0.60,true,0.27887,0.00501,0.16499,1.88938,0.00660,0.7981,0.2151,0.7144,0.06024,0.00449
10,hcp30,4,12,10,0.70,true,0.27850,0.00501,0.19442,1.92014,0.00684,0.8730,0.1700,0.7966,0.09100,0.00505
10,hcp30,4,12,10,0.80,true,0.27575,0.00500,0.22433,1.95391,0.00706,0.9532,0.1374,0.8814,0.12477,0.00546
10,hcp30,4,12,10,0.90,true,0.27287,0.00498,0.25486,1.98866,0.00726,1.0373,0.1104,0.9716,0.15952,0.00584
10,hcp30,4,12,10,1.00,true,0.27087,0.00497,0.28502,2.02233,0.00746,1.1236,0.0881,1.0652,0.19319,0.00617
10,hcp30,4,12,10,1.10,true,0.26800,0.00495,0.31450,2.05640,0.00764,1.2133,0.0719,1.1602,0.22726,0.00644
10,hcp30,4,12,10,1.20,true,0.26288,0.00492,0.34405,2.09301,0.00778,1.3013,0.0568,1.2562,0.26386,0.00670
10,hcp30,4,12,15,0.00,true,0.12900,0.00375,0.13127,2.00562,0.00477,0.6084,0.5647,0.6451,0.00000,0.00000
10,hcp30,4,12,15,0.10,true,0.13850,0.00386,0.14119,2.00620,0.00499,0.6632,0.5154,0.6600,0.00058,0.00172
10,hcp30,4,12,15,0.20,true,0.14538,0.00394,0.15495,2.01341,0.00520,0.7191,0.4638,0.6845,0.00779,0.00246
10,hcp30,4,12,15,0.30,true,0.15175,0.00401,0.17198,2.02457,0.00542,0.7838,0.4173,0.7194,0.01895,0.00311
10,hcp30,4,12,15,0.40,true,0.15787,0.00408,0.19159,2.03875,0.00565,0.8409,0.3654,0.7641,0.03313,0.00367
10,hcp30,4,12,15,0.50,true,0.15987,0.00410,0.21137,2.05734,0.00583,0.8981,0.3241,0.8111,0.05172,0.00410
10,hcp30,4,12,15,0.60,true,0.16250,0.00412,0.23316,2.07752,0.00602,0.9641,0.2875,0.8662,0.07189,0.00447
10,hcp30,4,12,15,0.70,true,0.16487,0.00415,0.25739,2.10064,0.00622,1.0338,0.2510,0.9318,0.09501,0.00489
10,hcp30,4,12,15,0.80,true,0.16450,0.00414,0.28258,2.12765,0.00638,1.1086,0.2219,1.0007,0.12203,0.00527
10,hcp30,4,12,15,0.90,true,0.16350,0.00413,0.30776,2.15548,0.00652,1.1810,0.1941,1.0728,0.14986,0.00557
10,hcp30,4,12,15,1.00,true,0.16325,0.00413,0.33433,2.18422,0.00667,1.2602,0.1685,1.1541,0.17860,0.00593
10,hcp30,4,12,15,1.10,true,0.16150,0.00411,0.35999,2.21368,0.00678,1.3396,0.1485,1.2342,0.20806,0.00617
10,hcp30,4,12,15,1.20,true,0.16037,0.00410,0.38527,2.24236,0.00690,1.4175,0.1279,1.3186,0.23674,0.00639
10,hcp30,4,12,20,0.00,true,0.08188,0.00307,0.21911,2.14499,0.00466,0.8207,0.5374,0.8567,0.00000,0.00000
10,hcp30,4,12,20,0.10,true,0.08637,0.00314,0.22840,2.15008,0.00481,0.8685,0.4977,0.8727,0.00509,0.00133
10,hcp30,4,12,20,0.20,true,0.08987,0.00320,0.24083,2.15954,0.00497,0.9209,0.4564,0.8975,0.01455,0.00202
10,hcp30,4,12,20,0.30,true,0.09312,0.00325,0.25530,2.17151,0.00513,0.9834,0.4198,0.9295,0.02653,0.00254
10,hcp30,4,12,20,0.40,true,0.09450,0.00327,0.27181,2.18760,0.00526,1.0491,0.3880,0.9677,0.04262,0.00306
10,hcp30,4,12,20,0.50,true,0.09775,0.00332,0.28804,2.20163,0.00542,1.1066,0.3566,1.0098,0.05664,0.00347
10,hcp30,4,12,20,0.60,true,0.09988,0.00335,0.30701,2.21978,0.00557,1.1663,0.3223,1.0605,0.07480,0.00391
10,hcp30,4,12,20,0.70,true,0.10287,0.00340,0.32605,2.23733,0.00574,1.2284,0.2909,1.1165,0.09234,0.00428
10,hcp30,4,12,20,0.80,true,0.10275,0.00339,0.34646,2.25960,0.00585,1.2991,0.2658,1.1761,0.11461,0.00462
10,hcp30,4,12,20,0.90,true,0.10362,0.00341,0.36775,2.28195,0.00597,1.3690,0.2397,1.2426,0.13696,0.00500
10,hcp30,4,12,20,1.00,true,0.10300,0.00340,0.38910,2.30607,0.00606,1.4393,0.2161,1.3113,0.16108,0.00530
10,hcp30,4,12,20,1.10,true,0.10337,0.00340,0.41068,2.32963,0.00617,1.5132,0.1943,1.3855,0.18465,0.00562
10,hcp30,4,12,20,1.20,true,0.10312,0.00340,0.43136,2.35308,0.00625,1.5881,0.1760,1.4601,0.20809,0.00584
10,hcp30,4,3,10,0.00,true,0.06713,0.00280,0.11645,2.05205,0.00367,0.1586,0.5458,0.4629,0.02918,0.00414
10,hcp30,4,3,10,0.10,true,0.09575,0.00329,0.12140,2.02855,0.00420,0.3591,0.4459,0.4824,0.00568,0.00309
10,hcp30,4,3,10,0.20,true,0.11388,0.00355,0.13339,2.02287,0.00455,0.4593,0.3792,0.5174,0.00000,0.00000
10,hcp30,4,3,10,0.30,true,0.12425,0.00369,0.15266,2.03249,0.00483,0.5332,0.3160,0.5659,0.00962,0.00303
10,hcp30,4,3,10,0.40,true,0.13062,0.00377,0.17671,2.05119,0.00508,0.6062,0.2703,0.6226,0.02832,0.00404
10,hcp30,4,3,10,0.50,true,0.13812,0.00386,0.20384,2.07215,0.00535,0.6734,0.2257,0.6874,0.04928,0.00492
10,hcp30,4,3,10,0.60,true,0.14413,0.00393,0.23265,2.09650,0.00561,0.7412,0.1888,0.7563,0.07363,0.00556
10,hcp30,4,3,10,0.70,true,0.14600,0.00395,0.26311,2.12695,0.00582,0.8122,0.1603,0.8283,0.10408,0.00598
10,hcp30,4,3,10,0.80,true,0.14638,0.00395,0.29668,2.16247,0.00601,0.8892,0.1341,0.9099,0.13960,0.00638
10,hcp30,4,3,10,0.90,true,0.14875,0.00398,0.32707,2.19290,0.00620,0.9628,0.1138,0.9885,0.17003,0.00673
10,hcp30,4,3,10,1.00,true,0.14638,0.00395,0.35917,2.23023,0.00633,1.0375,0.0945,1.0712,0.20736,0.00694
10,hcp30,4,3,10,1.10,true,0.14375,0.00392,0.39186,2.26881,0.00644,1.1145,0.0753,1.1597,0.24594,0.00715
10,hcp30,4,3,10,1.20,true,0.14188,0.00390,0.42182,2.30409,0.00654,1.1927,0.0618,1.2468,0.28122,0.00732
10,hcp30,4,3,15,0.00,true,0.04263,0.00226,0.23105,2.19675,0.00394,0.2385,0.5307,0.6890,0.00303,0.00285
10,hcp30,4,3,15,0.10,true,0.05137,0.00247,0.23648,2.19372,0.00414,0.4808,0.4553,0.7047,0.00000,0.00000
10,hcp30,4,3,15,0.20,true,0.05875,0.00263,0.24801,2.19854,0.00434,0.6069,0.4053,0.7351,0.00482,0.00269
10,hcp30,4,3,15,0.30,true,0.06488,0.00275,0.26233,2.20762,0.00452,0.6886,0.3633,0.7722,0.01390,0.00361
10,hcp30,4,3,15,0.40,true,0.07025,0.00286,0.27961,2.22070,0.00470,0.7596,0.3233,0.8168,0.02698,0.00417
10,hcp30,4,3,15,0.50,true,0.07450,0.00294,0.29928,2.23758,0.00487,0.8302,0.2913,0.8677,0.04387,0.00458
10,hcp30,4,3,15,0.60,true,0.07863,0.00301,0.32158,2.25754,0.00505,0.8995,0.2599,0.9264,0.06383,0.00497
10,hcp30,4,3,15,0.70,true,0.08150,0.00306,0.34507,2.28024,0.00520,0.9658,0.2303,0.9888,0.08653,0.00529
10,hcp30,4,3,15,0.80,true,0.08275,0.00308,0.37081,2.30722,0.00532,1.0386,0.2052,1.0582,0.11350,0.00556
10,hcp30,4,3,15,0.90,true,0.08075,0.00305,0.39794,2.33924,0.00538,1.1119,0.1825,1.1315,0.14552,0.00573
10,hcp30,4,3,15,1.00,true,0.08138,0.00306,0.42316,2.36684,0.00548,1.1808,0.1602,1.2056,0.17312,0.00594
10,hcp30,4,3,15,1.10,true,0.07975,0.00303,0.44836,2.39689,0.00553,1.2475,0.1398,1.2799,0.20317,0.00611
10,hcp30,4,3,15,1.20,true,0.07712,0.00298,0.47490,2.42973,0.00555,1.3220,0.1227,1.3608,0.23601,0.00623
10,hcp30,4,3,20,0.00,true,0.03062,0.00193,0.34023,2.32649,0.00417,0.3476,0.5260,0.9320,0.00000,0.00000
10,hcp30,4,3,20,0.10,true,0.03350,0.00201,0.34390,2.32758,0.00424,0.6085,0.4721,0.9418,0.00109,0.00263
10,hcp30,4,3,20,0.20,true,0.03737,0.00212,0.35241,2.33292,0.00435,0.7479,0.4303,0.9657,0.00642,0.00318
10,hcp30,4,3,20,0.30,true,0.03963,0.00218,0.36364,2.34289,0.00443,0.8456,0.3953,0.9964,0.01640,0.00350
10,hcp30,4,3,20,0.40,true,0.04325,0.00227,0.37730,2.35429,0.00455,0.9292,0.3633,1.0367,0.02780,0.00382
10,hcp30,4,3,20,0.50,true,0.04575,0.00234,0.39212,2.36818,0.00465,1.0039,0.3363,1.0802,0.04169,0.00410
10,hcp30,4,3,20,0.60,true,0.04800,0.00239,0.40922,2.38497,0.00475,1.0739,0.3070,1.1317,0.05848,0.00440
10,hcp30,4,3,20,0.70,true,0.04525,0.00232,0.42929,2.41012,0.00473,1.1471,0.2828,1.1871,0.08363,0.00457
10,hcp30,4,3,20,0.80,true,0.04512,0.00232,0.44855,2.43207,0.00477,1.2145,0.2587,1.2462,0.10557,0.00479
10,hcp30,4,3,20,0.90,true,0.04775,0.00238,0.46701,2.45060,0.00488,1.2782,0.2347,1.3093,0.12411,0.00507
10,hcp30,4,3,20,1.00,true,0.04763,0.00238,0.48612,2.47283,0.00492,1.3457,0.2150,1.3738,0.14633,0.00528
10,hcp30,4,3,20,1.10,true,0.04988,0.00243,0.50507,2.49279,0.00502,1.4152,0.1959,1.4445,0.16630,0.00551
10,hcp30,4,3,20,1.20,true,0.04988,0.00243,0.52432,2.51556,0.00506,1.4875,0.1802,1.5162,0.18906,0.00566
10,hcp30,4,6,10,0.00,true,0.11175,0.00352,0.07162,1.96093,0.00403,0.4010,0.5564,0.4552,0.00875,0.00265
10,hcp30,4,6,10,0.10,true,0.12000,0.00363,0.07195,1.95321,0.00414,0.4537,0.4767,0.4731,0.00103,0.00186
10,hcp30,4,6,10,0.20,true,0.12712,0.00372,0.07765,1.95218,0.00428,0.5147,0.4036,0.5061,0.00000,0.00000
10,hcp30,4,6,10,0.30,true,0.13350,0.00380,0.08855,1.95729,0.00444,0.5797,0.3344,0.5537,0.00511,0.00197
10,hcp30,4,6,10,0.40,true,0.13550,0.00383,0.10366,1.97117,0.00457,0.6472,0.2760,0.6099,0.01899,0.00259
10,hcp30,4,6,10,0.50,true,0.13575,0.00383,0.12289,1.99115,0.00471,0.7199,0.2264,0.6764,0.03897,0.00315
10,hcp30,4,6,10,0.60,true,0.13175,0.00378,0.14558,2.01907,0.00482,0.7939,0.1827,0.7498,0.06689,0.00362
10,hcp30,4,6,10,0.70,true,0.12850,0.00374,0.17044,2.04862,0.00493,0.8746,0.1502,0.8295,0.09644,0.00408
10,hcp30,4,6,10,0.80,true,0.12225,0.00366,0.19882,2.08501,0.00501,0.9560,0.1166,0.9181,0.13283,0.00454
10,hcp30,4,6,10,0.90,true,0.11413,0.00355,0.22659,2.12277,0.00504,1.0361,0.0944,1.0023,0.17059,0.00487
10,hcp30,4,6,10,1.00,true,0.10475,0.00342,0.25873,2.16659,0.00504,1.1261,0.0723,1.1000,0.21441,0.00524
10,hcp30,4,6,10,1.10,true,0.09663,0.00330,0.28916,2.20754,0.00504,1.2152,0.0588,1.1927,0.25536,0.00550
10,hcp30,4,6,10,1.20,true,0.08812,0.00317,0.31834,2.24770,0.00500,1.2994,0.0472,1.2822,0.29552,0.00575
10,hcp30,4,6,15,0.00,true,0.05738,0.00260,0.17334,2.12024,0.00378,0.6118,0.5247,0.6824,0.00034,0.00130
10,hcp30,4,6,15,0.10,true,0.05950,0.00264,0.17468,2.11990,0.00383,0.6645,0.4751,0.7002,0.00000,0.00000
10,hcp30,4,6,15,0.20,true,0.06288,0.00271,0.17995,2.12247,0.00392,0.7195,0.4226,0.7298,0.00257,0.00144
10,hcp30,4,6,15,0.30,true,0.06550,0.00277,0.18864,2.12939,0.00402,0.7741,0.3701,0.7686,0.00949,0.00209
10,hcp30,4,6,15,0.40,true,0.06463,0.00275,0.20063,2.14334,0.00407,0.8391,0.3274,0.8146,0.02343,0.00263
10,hcp30,4,6,15,0.50,true,0.06350,0.00273,0.21524,2.16033,0.00413,0.9087,0.2930,0.8663,0.04043,0.00308
10,hcp30,4,6,15,0.60,true,0.06250,0.00271,0.23282,2.18042,0.00421,0.9775,0.2563,0.9268,0.06052,0.00351
10,hcp30,4,6,15,0.70,true,0.06087,0.00267,0.25156,2.20244,0.00427,1.0484,0.2271,0.9897,0.08254,0.00386
10,hcp30,4,6,15,0.80,true,0.05800,0.00261,0.27237,2.22805,0.00431,1.1190,0.1976,1.0587,0.10815,0.00418
10,hcp30,4,6,15,0.90,true,0.05488,0.00255,0.29553,2.25656,0.00435,1.1934,0.1688,1.1361,0.13666,0.00455
10,hcp30,4,6,15,1.00,true,0.05137,0.00247,0.31894,2.28585,0.00436,1.2695,0.1449,1.2154,0.16595,0.00487
10,hcp30,4,6,15,1.10,true,0.04750,0.00238,0.34115,2.31433,0.00435,1.3383,0.1239,1.2910,0.19443,0.00511
10,hcp30,4,6,15,1.20,true,0.04350,0.00228,0.36592,2.34596,0.00434,1.4213,0.1060,1.3780,0.22606,0.00531
10,hcp30,4,6,20,0.00,true,0.03687,0.00211,0.27766,2.25066,0.00387,0.8107,0.5226,0.9167,0.00000,0.00000
10,hcp30,4,6,20,0.10,true,0.03712,0.00211,0.27919,2.25251,0.00387,0.8569,0.4841,0.9320,0.00185,0.00099
10,hcp30,4,6,20,0.20,true,0.03875,0.00216,0.28340,2.25589,0.00393,0.9083,0.4434,0.9571,0.00523,0.00159
10,hcp30,4,6,20,0.30,true,0.03825,0.00214,0.28972,2.26370,0.00394,0.9595,0.4043,0.9871,0.01304,0.00204
10,hcp30,4,6,20,0.40,true,0.03950,0.00218,0.29850,2.27243,0.00401,1.0168,0.3673,1.0268,0.02176,0.00256
10,hcp30,4,6,20,0.50,true,0.03825,0.00214,0.30941,2.28600,0.00402,1.0758,0.3329,1.0709,0.03534,0.00296
10,hcp30,4,6,20,0.60,true,0.03587,0.00208,0.32202,2.30259,0.00401,1.1337,0.2990,1.1202,0.05193,0.00337
10,hcp30,4,6,20,0.70,true,0.03562,0.00207,0.33586,2.31850,0.00406,1.2030,0.2722,1.1762,0.06784,0.00371
10,hcp30,4,6,20,0.80,true,0.03300,0.00200,0.35098,2.33823,0.00405,1.2701,0.2475,1.2339,0.08757,0.00403
10,hcp30,4,6,20,0.90,true,0.03163,0.00196,0.36761,2.35850,0.00407,1.3393,0.2215,1.3000,0.10784,0.00436
10,hcp30,4,6,20,1.00,true,0.03100,0.00194,0.38389,2.37772,0.00411,1.4094,0.2005,1.3664,0.12706,0.00462
10,hcp30,4,6,20,1.10,true,0.02937,0.00189,0.40080,2.39874,0.00411,1.4813,0.1817,1.4355,0.14808,0.00485
10,hcp30,4,6,20,1.20,true,0.02875,0.00187,0.41849,2.41978,0.00414,1.5583,0.1646,1.5105,0.16912,0.00508
10,tour,5,12,10,0.00,true,0.44950,0.00556,0.00002,1.55052,0.00556,0.1711,0.7727,0.1925,0.21714,0.00593
10,tour,5,12,10,0.10,true,0.55888,0.00555,0.00011,1.44124,0.00555,0.2222,0.5911,0.1977,0.10785,0.00500
10,tour,5,12,10,0.20,true,0.63513,0.00538,0.00046,1.36534,0.00539,0.2915,0.3679,0.2485,0.03195,0.00367
10,tour,5,12,10,0.30,true,0.66612,0.00527,0.00130,1.33518,0.00529,0.3587,0.1988,0.3245,0.00179,0.00241
10,tour,5,12,10,0.40,true,0.66975,0.00526,0.00313,1.33338,0.00531,0.4402,0.0935,0.4186,0.00000,0.00000
10,tour,5,12,10,0.50,true,0.66212,0.00529,0.00661,1.34448,0.00540,0.5288,0.0326,0.5224,0.01110,0.00211
10,tour,5,12,10,0.60,true,0.64975,0.00533,0.01219,1.36244,0.00553,0.6233,0.0100,0.6240,0.02906,0.00271
10,tour,5,12,10,0.70,true,0.63362,0.00539,0.02010,1.38647,0.00570,0.7184,0.0020,0.7221,0.05309,0.00316
10,tour,5,12,10,0.80,true,0.61675,0.00544,0.03097,1.41422,0.00590,0.8199,0.0013,0.8232,0.08084,0.00352
10,tour,5,12,10,0.90,true,0.60025,0.00548,0.04405,1.44380,0.00611,0.9180,0.0000,0.9219,0.11042,0.00388
10,tour,5,12,10,1.00,true,0.58500,0.00551,0.05952,1.47452,0.00633,1.0171,0.0000,1.0206,0.14113,0.00419
10,tour,5,12,10,1.10,true,0.57012,0.00553,0.07739,1.50727,0.00657,1.1189,0.0000,1.1222,0.17389,0.00450
10,tour,5,12,10,1.20,true,0.55375,0.00556,0.09702,1.54327,0.00681,1.2185,0.0000,1.2216,0.20989,0.00483
10,tour,5,12,15,0.00,true,0.31012,0.00517,0.00056,1.69044,0.00518,0.2466,0.6478,0.2656,0.12404,0.00510
10,tour,5,12,15,0.10,true,0.36375,0.00538,0.00135,1.63760,0.00539,0.2937,0.5147,0.2757,0.07121,0.00440
10,tour,5,12,15,0.20,true,0.40550,0.00549,0.00311,1.59761,0.00552,0.3517,0.3654,0.3155,0.03122,0.00342
10,tour,5,12,15,0.30,true,0.43038,0.00554,0.00583,1.57546,0.00560,0.4138,0.2563,0.3726,0.00906,0.00244
10,tour,5,12,15,0.40,true,0.44400,0.00555,0.01039,1.56639,0.00567,0.4861,0.1594,0.4514,0.00000,0.00000
10,tour,5,12,15,0.50,true,0.44562,0.00556,0.01709,1.57147,0.00575,0.5639,0.0958,0.5382,0.00508,0.00208
10,tour,5,12,15,0.60,true,0.44175,0.00555,0.02655,1.58480,0.00584,0.6498,0.0562,0.6325,0.01841,0.00273
10,tour,5,12,15,0.70,true,0.43238,0.00554,0.03909,1.60672,0.00596,0.7400,0.0293,0.7316,0.04033,0.00325
10,tour,5,12,15,0.80,true,0.42125,0.00552,0.05441,1.63316,0.00609,0.8329,0.0138,0.8313,0.06677,0.00362
10,tour,5,12,15,0.90,true,0.40975,0.00550,0.07222,1.66247,0.00624,0.9277,0.0068,0.9294,0.09608,0.00389
10,tour,5,12,15,1.00,true,0.39937,0.00548,0.09235,1.69298,0.00640,1.0250,0.0031,1.0285,0.12659,0.00413
10,tour,5,12,15,1.10,true,0.38862,0.00545,0.11437,1.72575,0.00656,1.1232,0.0018,1.1270,0.15936,0.00438
10,tour,5,12,15,1.20,true,0.37750,0.00542,0.13827,1.76077,0.00672,1.2233,0.0008,1.2276,0.19438,0.00463
10,tour,5,12,20,0.00,true,0.21088,0.00456,0.00320,1.79232,0.00458,0.3285,0.5915,0.3517,0.07368,0.00459
10,tour,5,12,20,0.10,true,0.24238,0.00479,0.00531,1.76294,0.00483,0.3724,0.4948,0.3631,0.04430,0.00410
10,tour,5,12,20,0.20,true,0.27087,0.00497,0.00902,1.73815,0.00504,0.4257,0.3863,0.3961,0.01951,0.00344
10,tour,5,12,20,0.30,true,0.28900,0.00507,0.01419,1.72519,0.00519,0.4876,0.3049,0.4428,0.00655,0.00282
10,tour,5,12,20,0.40,true,0.30212,0.00513,0.02162,1.71949,0.00532,0.5546,0.2291,0.5053,0.00085,0.00198
10,tour,5,12,20,0.50,true,0.31262,0.00518,0.03126,1.71864,0.00546,0.6252,0.1626,0.5813,0.00000,0.00000
10,tour,5,12,20,0.60,true,0.31412,0.00519,0.04359,1.72947,0.00558,0.7023,0.1146,0.6644,0.01083,0.00178
10,tour,5,12,20,0.70,true,0.31512,0.00519,0.05839,1.74327,0.00572,0.7832,0.0768,0.7549,0.02463,0.00240
10,tour,5,12,20,0.80,true,0.31012,0.00517,0.07583,1.76570,0.00585,0.8692,0.0518,0.8483,0.04707,0.00288
10,tour,5,12,20,0.90,true,0.30662,0.00516,0.09542,1.78880,0.00599,0.9570,0.0315,0.9456,0.07016,0.00323
10,tour,5,12,20,1.00,true,0.30025,0.00512,0.11685,1.81660,0.00612,1.0472,0.0191,1.0422,0.09796,0.00350
10,tour,5,12,20,1.10,true,0.29125,0.00508,0.14046,1.84922,0.00624,1.1407,0.0106,1.1411,0.13058,0.00381
10,tour,5,12,20,1.20,true,0.28237,0.00503,0.16502,1.88265,0.00636,1.2358,0.0059,1.2391,0.16401,0.00404
10,tour,5,3,10,0.00,true,0.14250,0.00391,0.00033,1.85783,0.00391,0.0826,0.5614,0.2156,0.12641,0.00541
10,tour,5,3,10,0.10,true,0.21288,0.00458,0.00042,1.78755,0.00458,0.1570,0.2892,0.2413,0.05613,0.00534
10,tour,5,3,10,0.20,true,0.23750,0.00476,0.00085,1.76335,0.00476,0.2299,0.1641,0.2921,0.03193,0.00473
10,tour,5,3,10,0.30,true,0.25325,0.00486,0.00210,1.74885,0.00488,0.2986,0.0929,0.3574,0.01743,0.00380
10,tour,5,3,10,0.40,true,0.26687,0.00495,0.00487,1.73800,0.00498,0.3709,0.0520,0.4335,0.00657,0.00259
10,tour,5,3,10,0.50,true,0.27875,0.00501,0.01017,1.73142,0.00509,0.4464,0.0289,0.5152,0.00000,0.00000
10,tour,5,3,10,0.60,true,0.28675,0.00506,0.01892,1.73217,0.00520,0.5234,0.0137,0.6010,0.00074,0.00247
10,tour,5,3,10,0.70,true,0.29213,0.00508,0.03137,1.73925,0.00533,0.6032,0.0067,0.6884,0.00783,0.00340
10,tour,5,3,10,0.80,true,0.29200,0.00508,0.04765,1.75565,0.00546,0.6833,0.0030,0.7767,0.02423,0.00416
10,tour,5,3,10,0.90,true,0.29187,0.00508,0.06753,1.77565,0.00562,0.7647,0.0014,0.8662,0.04423,0.00472
10,tour,5,3,10,1.00,true,0.29213,0.00508,0.09144,1.79931,0.00580,0.8513,0.0009,0.9611,0.06789,0.00523
10,tour,5,3,10,1.10,true,0.29075,0.00508,0.11625,1.82550,0.00598,0.9323,0.0002,1.0502,0.09408,0.00565
10,tour,5,3,10,1.20,true,0.28575,0.00505,0.14458,1.85883,0.00616,1.0169,0.0000,1.1442,0.12741,0.00604
10,tour,5,3,15,0.00,true,0.08250,0.00308,0.00396,1.92146,0.00309,0.1312,0.5307,0.3155,0.06598,0.00447
10,tour,5,3,15,0.10,true,0.11787,0.00361,0.00433,1.88645,0.00363,0.2033,0.3428,0.3341,0.03097,0.00428
10,tour,5,3,15,0.20,true,0.13825,0.00386,0.00572,1.86747,0.00389,0.2792,0.2296,0.3748,0.01199,0.00368
10,tour,5,3,15,0.30,true,0.15250,0.00402,0.00893,1.85643,0.00407,0.3542,0.1543,0.4340,0.00094,0.00263
10,tour,5,3,15,0.40,true,0.15912,0.00409,0.01461,1.85549,0.00418,0.4269,0.1036,0.5025,0.00000,0.00000
10,tour,5,3,15,0.50,true,0.16437,0.00414,0.02372,1.85934,0.00429,0.5016,0.0728,0.5774,0.00385,0.00262
10,tour,5,3,15,0.60,true,0.16762,0.00418,0.03625,1.86863,0.00440,0.5737,0.0485,0.6555,0.01314,0.00351
10,tour,5,3,15,0.70,true,0.17100,0.00421,0.05294,1.88194,0.00455,0.6501,0.0315,0.7396,0.02645,0.00419
10,tour,5,3,15,0.80,true,0.17238,0.00422,0.07270,1.90033,0.00469,0.7266,0.0213,0.8238,0.04484,0.00474
10,tour,5,3,15,0.90,true,0.18013,0.00430,0.09537,1.91525,0.00491,0.8067,0.0142,0.9120,0.05976,0.00517
10,tour,5,3,15,1.00,true,0.17888,0.00428,0.12056,1.94169,0.00505,0.8842,0.0088,0.9984,0.08620,0.00547
10,tour,5,3,15,1.10,true,0.17525,0.00425,0.14846,1.97322,0.00517,0.9630,0.0036,1.0873,0.11773,0.00572
10,tour,5,3,15,1.20,true,0.17600,0.00426,0.17608,2.00009,0.00533,1.0420,0.0018,1.1747,0.14460,0.00598
10,tour,5,3,20,0.00,true,0.06050,0.00267,0.01654,1.95604,0.00276,0.1914,0.5241,0.4285,0.03325,0.00402
10,tour,5,3,20,0.10,true,0.07888,0.00301,0.01748,1.93860,0.00311,0.2637,0.3853,0.4420,0.01582,0.00378
10,tour,5,3,20,0.20,true,0.09100,0.00322,0.02043,1.92943,0.00333,0.3426,0.2855,0.4763,0.00665,0.00330
10,tour,5,3,20,0.30,true,0.10237,0.00339,0.02564,1.92326,0.00354,0.4147,0.2132,0.5237,0.00048,0.00245
10,tour,5,3,20,0.40,true,0.11075,0.00351,0.03353,1.92279,0.00371,0.4856,0.1605,0.5818,0.00000,0.00000
10,tour,5,3,20,0.50,true,0.11475,0.00356,0.04488,1.93013,0.00384,0.5576,0.1190,0.6497,0.00734,0.00244
10,tour,5,3,20,0.60,true,0.11750,0.00360,0.05950,1.94200,0.00396,0.6290,0.0880,0.7225,0.01921,0.00339
10,tour,5,3,20,0.70,true,0.11887,0.00362,0.07686,1.95799,0.00409,0.7018,0.0681,0.7975,0.03520,0.00412
10,tour,5,3,20,0.80,true,0.11937,0.00362,0.09750,1.97813,0.00421,0.7732,0.0494,0.8764,0.05534,0.00446
10,tour,5,3,20,0.90,true,0.12412,0.00369,0.12074,1.99662,0.00441,0.8507,0.0360,0.9619,0.07384,0.00486
10,tour,5,3,20,1.00,true,0.11962,0.00363,0.14663,2.02701,0.00448,0.9254,0.0251,1.0457,0.10423,0.00505
10,tour,5,3,20,1.10,true,0.11663,0.00359,0.17424,2.05763,0.00457,1.0022,0.0171,1.1317,0.13484,0.00524
10,tour,5,3,20,1.20,true,0.11425,0.00356,0.20353,2.08931,0.00466,1.0823,0.0117,1.2206,0.16652,0.00537
10,tour,5,6,10,0.00,true,0.22150,0.00464,0.00009,1.77859,0.00464,0.1606,0.5983,0.2039,0.09383,0.00444
10,tour,5,6,10,0.10,true,0.27325,0.00498,0.00005,1.72680,0.00498,0.2079,0.4047,0.2210,0.04204,0.00370
10,tour,5,6,10,0.20,true,0.30525,0.00515,0.00009,1.69484,0.00515,0.2682,0.2249,0.2720,0.01008,0.00245
10,tour,5,6,10,0.30,true,0.31550,0.00520,0.00026,1.68476,0.00520,0.3420,0.1056,0.3484,0.00000,0.00000
10,tour,5,6,10,0.40,true,0.31350,0.00519,0.00065,1.68715,0.00519,0.4271,0.0446,0.4376,0.00239,0.00196
10,tour,5,6,10,0.50,true,0.29988,0.00512,0.00137,1.70150,0.00513,0.5164,0.0186,0.5291,0.01674,0.00258
10,tour,5,6,10,0.60,true,0.28225,0.00503,0.00271,1.72046,0.00505,0.6176,0.0070,0.6310,0.03570,0.00301
10,tour,5,6,10,0.70,true,0.26512,0.00493,0.00475,1.73963,0.00497,0.7160,0.0027,0.7291,0.05487,0.00331
10,tour,5,6,10,0.80,true,0.24550,0.00481,0.00786,1.76236,0.00486,0.8183,0.0017,0.8301,0.07760,0.00358
10,tour,5,6,10,0.90,true,0.22625,0.00468,0.01188,1.78564,0.00475,0.9142,0.0010,0.9252,0.10088,0.00384
10,tour,5,6,10,1.00,true,0.20200,0.00449,0.01765,1.81566,0.00459,1.0164,0.0000,1.0273,0.13090,0.00413
10,tour,5,6,10,1.10,true,0.17538,0.00425,0.02511,1.84974,0.00439,1.1186,0.0000,1.1286,0.16498,0.00440
10,tour,5,6,10,1.20,true,0.14388,0.00392,0.03448,1.89062,0.00410,1.2197,0.0000,1.2290,0.20586,0.00467
10,tour,5,6,15,0.00,true,0.13612,0.00383,0.00132,1.86520,0.00384,0.2418,0.5373,0.3023,0.04748,0.00338
10,tour,5,6,15,0.10,true,0.15787,0.00408,0.00100,1.84312,0.00408,0.2904,0.4158,0.3196,0.02540,0.00280
10,tour,5,6,15,0.20,true,0.17663,0.00426,0.00112,1.82449,0.00427,0.3444,0.2904,0.3599,0.00677,0.00195
10,tour,5,6,15,0.30,true,0.18400,0.00433,0.00172,1.81772,0.00434,0.4121,0.1984,0.4186,0.00000,0.00000
10,tour,5,6,15,0.40,true,0.18463,0.00434,0.00282,1.81820,0.00435,0.4836,0.1277,0.4900,0.00048,0.00182
10,tour,5,6,15,0.50,true,0.18038,0.00430,0.00471,1.82434,0.00433,0.5648,0.0746,0.5757,0.00662,0.00245
10,tour,5,6,15,0.60,true,0.17313,0.00423,0.00741,1.83429,0.00427,0.6498,0.0416,0.6653,0.01657,0.00283
10,tour,5,6,15,0.70,true,0.16200,0.00412,0.01126,1.84926,0.00418,0.7429,0.0225,0.7610,0.03154,0.00312
10,tour,5,6,15,0.80,true,0.15050,0.00400,0.01610,1.86560,0.00408,0.8350,0.0109,0.8557,0.04788,0.00337
10,tour,5,6,15,0.90,true,0.13325,0.00380,0.02279,1.88954,0.00391,0.9378,0.0061,0.9580,0.07182,0.00360
10,tour,5,6,15,1.00,true,0.11775,0.00360,0.03016,1.91242,0.00375,1.0312,0.0038,1.0506,0.09470,0.00379
10,tour,5,6,15,1.10,true,0.10200,0.00338,0.03977,1.93778,0.00357,1.1348,0.0021,1.1535,0.12006,0.00399
10,tour,5,6,15,1.20,true,0.08750,0.00316,0.05019,1.96271,0.00338,1.2299,0.0010,1.2483,0.14499,0.00413
10,tour,5,6,20,0.00,true,0.09000,0.00320,0.00612,1.91612,0.00323,0.3253,0.5378,0.4014,0.02727,0.00273
10,tour,5,6,20,0.10,true,0.10200,0.00338,0.00531,1.90331,0.00341,0.3675,0.4445,0.4148,0.01445,0.00229
10,tour,5,6,20,0.20,true,0.11338,0.00354,0.00542,1.89205,0.00357,0.4175,0.3474,0.4461,0.00320,0.00168
10,tour,5,6,20,0.30,true,0.11762,0.00360,0.00648,1.88885,0.00363,0.4707,0.2549,0.4927,0.00000,0.00000
10,tour,5,6,20,0.40,true,0.11887,0.00362,0.00846,1.88959,0.00366,0.5358,0.1885,0.5514,0.00073,0.00146
10,tour,5,6,20,0.50,true,0.11525,0.00357,0.01144,1.89619,0.00363,0.6070,0.1348,0.6212,0.00734,0.00199
10,tour,5,6,20,0.60,true,0.11163,0.00352,0.01553,1.90391,0.00360,0.6801,0.0855,0.7017,0.01506,0.00242
10,tour,5,6,20,0.70,true,0.10425,0.00342,0.02089,1.91664,0.00352,0.7651,0.0565,0.7888,0.02779,0.00269
10,tour,5,6,20,0.80,true,0.09850,0.00333,0.02753,1.92904,0.00347,0.8557,0.0376,0.8808,0.04018,0.00289
10,tour,5,6,20,0.90,true,0.08887,0.00318,0.03540,1.94654,0.00335,0.9506,0.0263,0.9754,0.05768,0.00315
10,tour,5,6,20,1.00,true,0.07863,0.00301,0.04421,1.96561,0.00321,1.0393,0.0159,1.0672,0.07676,0.00335
10,tour,5,6,20,1.10,true,0.06863,0.00283,0.05425,1.98566,0.00307,1.1316,0.0101,1.1603,0.09680,0.00349
10,tour,5,6,20,1.20,true,0.05875,0.00263,0.06626,2.00755,0.00291,1.2310,0.0058,1.2603,0.11870,0.00363
10,scratch,5,12,10,0.00,true,0.40587,0.00549,0.00008,1.59421,0.00549,0.1813,0.7364,0.2043,0.18965,0.00546
10,scratch,5,12,10,0.10,true,0.50275,0.00559,0.00034,1.49759,0.00559,0.2313,0.5616,0.2118,0.09303,0.00441
10,scratch,5,12,10,0.20,true,0.56575,0.00554,0.00118,1.43543,0.00556,0.2993,0.3636,0.2591,0.03087,0.00286
10,scratch,5,12,10,0.30,true,0.59837,0.00548,0.00294,1.40456,0.00552,0.3631,0.2057,0.3304,0.00000,0.00000
10,scratch,5,12,10,0.40,true,0.59888,0.00548,0.00652,1.40765,0.00557,0.4425,0.1044,0.4202,0.00308,0.00251
10,scratch,5,12,10,0.50,true,0.59375,0.00549,0.01272,1.41897,0.00567,0.5324,0.0431,0.5234,0.01441,0.00331
10,scratch,5,12,10,0.60,true,0.58213,0.00551,0.02161,1.43948,0.00582,0.6250,0.0182,0.6228,0.03492,0.00374
10,scratch,5,12,10,0.70,true,0.56575,0.00554,0.03378,1.46803,0.00600,0.7199,0.0055,0.7227,0.06346,0.00413
10,scratch,5,12,10,0.80,true,0.54737,0.00557,0.04945,1.50208,0.00621,0.8202,0.0014,0.8246,0.09752,0.00448
10,scratch,5,12,10,0.90,true,0.52938,0.00558,0.06738,1.53800,0.00643,0.9174,0.0008,0.9216,0.13344,0.00479
10,scratch,5,12,10,1.00,true,0.51450,0.00559,0.08737,1.57287,0.00665,1.0153,0.0000,1.0197,0.16831,0.00504
10,scratch,5,12,10,1.10,true,0.49925,0.00559,0.11019,1.61094,0.00688,1.1177,0.0000,1.1218,0.20638,0.00534
10,scratch,5,12,10,1.20,true,0.48375,0.00559,0.13411,1.65037,0.00710,1.2178,0.0000,1.2217,0.24581,0.00563
10,scratch,5,12,15,0.00,true,0.26225,0.00492,0.00148,1.73923,0.00493,0.2598,0.6171,0.2847,0.08426,0.00470
10,scratch,5,12,15,0.10,true,0.30412,0.00514,0.00322,1.69910,0.00517,0.3082,0.4927,0.2967,0.04412,0.00405
10,scratch,5,12,15,0.20,true,0.33837,0.00529,0.00658,1.66820,0.00535,0.3664,0.3584,0.3357,0.01323,0.00319
10,scratch,5,12,15,0.30,true,0.35550,0.00535,0.01123,1.65573,0.00546,0.4252,0.2589,0.3883,0.00075,0.00226
10,scratch,5,12,15,0.40,true,0.36362,0.00538,0.01860,1.65498,0.00556,0.4939,0.1715,0.4601,0.00000,0.00000
10,scratch,5,12,15,0.50,true,0.36862,0.00539,0.02906,1.66043,0.00568,0.5714,0.1063,0.5463,0.00545,0.00202
10,scratch,5,12,15,0.60,true,0.36538,0.00538,0.04262,1.67725,0.00580,0.6550,0.0660,0.6371,0.02227,0.00266
10,scratch,5,12,15,0.70,true,0.35775,0.00536,0.05992,1.70217,0.00593,0.7443,0.0391,0.7338,0.04719,0.00316
10,scratch,5,12,15,0.80,true,0.34887,0.00533,0.07993,1.73106,0.00607,0.8359,0.0211,0.8323,0.07608,0.00357
10,scratch,5,12,15,0.90,true,0.33800,0.00529,0.10283,1.76484,0.00622,0.9283,0.0098,0.9306,0.10986,0.00389
10,scratch,5,12,15,1.00,true,0.32762,0.00525,0.12790,1.80028,0.00637,1.0255,0.0056,1.0294,0.14530,0.00417
10,scratch,5,12,15,1.10,true,0.31825,0.00521,0.15408,1.83584,0.00652,1.1218,0.0028,1.1272,0.18086,0.00442
10,scratch,5,12,15,1.20,true,0.30812,0.00516,0.18207,1.87395,0.00666,1.2214,0.0016,1.2271,0.21898,0.00465
10,scratch,5,12,20,0.00,true,0.17112,0.00421,0.00693,1.83580,0.00426,0.3532,0.5717,0.3828,0.03998,0.00346
10,scratch,5,12,20,0.10,true,0.19500,0.00443,0.01063,1.81563,0.00451,0.3965,0.4815,0.3953,0.01981,0.00287
10,scratch,5,12,20,0.20,true,0.21713,0.00461,0.01674,1.79961,0.00474,0.4499,0.3835,0.4275,0.00379,0.00190
10,scratch,5,12,20,0.30,true,0.22875,0.00470,0.02457,1.79582,0.00489,0.5049,0.3039,0.4706,0.00000,0.00000
10,scratch,5,12,20,0.40,true,0.23775,0.00476,0.03534,1.79759,0.00505,0.5725,0.2371,0.5294,0.00177,0.00185
10,scratch,5,12,20,0.50,true,0.24400,0.00480,0.04869,1.80469,0.00520,0.6404,0.1763,0.5991,0.00886,0.00259
10,scratch,5,12,20,0.60,true,0.24638,0.00482,0.06509,1.81872,0.00535,0.7128,0.1252,0.6790,0.02289,0.00308
10,scratch,5,12,20,0.70,true,0.24638,0.00482,0.08413,1.83776,0.00550,0.7930,0.0897,0.7651,0.04194,0.00345
10,scratch,5,12,20,0.80,true,0.24375,0.00480,0.10557,1.86182,0.00564,0.8741,0.0610,0.8552,0.06600,0.00377
10,scratch,5,12,20,0.90,true,0.23913,0.00477,0.12905,1.88993,0.00578,0.9611,0.0432,0.9474,0.09411,0.00403
10,scratch,5,12,20,1.00,true,0.23588,0.00475,0.15442,1.91855,0.00592,1.0494,0.0272,1.0439,0.12273,0.00427
10,scratch,5,12,20,1.10,true,0.23125,0.00471,0.18078,1.94954,0.00606,1.1400,0.0172,1.1400,0.15372,0.00447
10,scratch,5,12,20,1.20,true,0.22400,0.00466,0.20879,1.98481,0.00616,1.2335,0.0101,1.2380,0.18899,0.00467
10,scratch,5,3,10,0.00,true,0.13075,0.00377,0.00092,1.87017,0.00377,0.0944,0.5600,0.2337,0.10678,0.00516
10,scratch,5,3,10,0.10,true,0.19237,0.00441,0.00118,1.80881,0.00441,0.1697,0.3167,0.2569,0.04542,0.00492
10,scratch,5,3,10,0.20,true,0.22150,0.00464,0.00213,1.78063,0.00466,0.2405,0.1895,0.3050,0.01724,0.00418
10,scratch,5,3,10,0.30,true,0.23387,0.00473,0.00456,1.77069,0.00476,0.3093,0.1165,0.3679,0.00730,0.00287
10,scratch,5,3,10,0.40,true,0.24575,0.00481,0.00914,1.76339,0.00488,0.3793,0.0699,0.4414,0.00000,0.00000
10,scratch,5,3,10,0.50,true,0.25362,0.00486,0.01740,1.76377,0.00499,0.4523,0.0405,0.5215,0.00038,0.00276
10,scratch,5,3,10,0.60,true,0.26462,0.00493,0.02984,1.76521,0.00516,0.5293,0.0240,0.6067,0.00182,0.00372
10,scratch,5,3,10,0.70,true,0.26338,0.00492,0.04702,1.78364,0.00528,0.6064,0.0110,0.6936,0.02025,0.00453
10,scratch,5,3,10,0.80,true,0.26500,0.00493,0.06790,1.80290,0.00545,0.6862,0.0056,0.7820,0.03951,0.00512
10,scratch,5,3,10,0.90,true,0.26350,0.00493,0.09240,1.82890,0.00562,0.7668,0.0031,0.8706,0.06551,0.00559
10,scratch,5,3,10,1.00,true,0.26438,0.00493,0.12041,1.85605,0.00583,0.8522,0.0014,0.9650,0.09266,0.00604
10,scratch,5,3,10,1.10,true,0.25950,0.00490,0.14927,1.88979,0.00600,0.9332,0.0008,1.0535,0.12640,0.00637
10,scratch,5,3,10,1.20,true,0.25488,0.00487,0.18057,1.92573,0.00617,1.0171,0.0002,1.1471,0.16234,0.00668
10,scratch,5,3,15,0.00,true,0.07650,0.00297,0.00876,1.93226,0.00302,0.1564,0.5310,0.3489,0.05057,0.00419
10,scratch,5,3,15,0.10,true,0.10575,0.00344,0.00957,1.90382,0.00349,0.2302,0.3707,0.3651,0.02213,0.00374
10,scratch,5,3,15,0.20,true,0.12487,0.00370,0.01227,1.88740,0.00377,0.3054,0.2632,0.4029,0.00571,0.00287
10,scratch,5,3,15,0.30,true,0.13600,0.00383,0.01769,1.88169,0.00394,0.3781,0.1897,0.4565,0.00000,0.00000
10,scratch,5,3,15,0.40,true,0.14463,0.00393,0.02660,1.88198,0.00410,0.4483,0.1336,0.5220,0.00029,0.00274
10,scratch,5,3,15,0.50,true,0.15088,0.00400,0.03944,1.88857,0.00425,0.5195,0.0952,0.5945,0.00688,0.00381
10,scratch,5,3,15,0.60,true,0.15075,0.00400,0.05669,1.90594,0.00436,0.5938,0.0708,0.6718,0.02425,0.00437
10,scratch,5,3,15,0.70,true,0.15662,0.00406,0.07636,1.91975,0.00455,0.6634,0.0492,0.7504,0.03806,0.00487
10,scratch,5,3,15,0.80,true,0.15875,0.00409,0.09979,1.94105,0.00472,0.7358,0.0331,0.8331,0.05936,0.00521
10,scratch,5,3,15,0.90,true,0.15862,0.00408,0.12734,1.96873,0.00488,0.8159,0.0224,0.9222,0.08704,0.00551
10,scratch,5,3,15,1.00,true,0.15950,0.00409,0.15527,1.99580,0.00505,0.8924,0.0155,1.0080,0.11411,0.00576
10,scratch,5,3,15,1.10,true,0.15962,0.00409,0.18424,2.02467,0.00521,0.9699,0.0110,1.0943,0.14298,0.00600
10,scratch,5,3,15,1.20,true,0.15500,0.00405,0.21561,2.06067,0.00531,1.0493,0.0064,1.1839,0.17898,0.00615
10,scratch,5,3,20,0.00,true,0.05538,0.00256,0.03143,1.97606,0.00275,0.2400,0.5252,0.4840,0.02202,0.00377
10,scratch,5,3,20,0.10,true,0.06800,0.00281,0.03366,1.96566,0.00302,0.3168,0.4122,0.4962,0.01162,0.00339
10,scratch,5,3,20,0.20,true,0.07900,0.00302,0.03853,1.95953,0.00326,0.3911,0.3225,0.5253,0.00549,0.00257
10,scratch,5,3,20,0.30,true,0.09200,0.00323,0.04603,1.95404,0.00352,0.4625,0.2589,0.5676,0.00000,0.00000
10,scratch,5,3,20,0.40,true,0.09788,0.00332,0.05762,1.95976,0.00369,0.5323,0.2047,0.6218,0.00572,0.00258
10,scratch,5,3,20,0.50,true,0.10300,0.00340,0.07210,1.96911,0.00385,0.6003,0.1618,0.6838,0.01507,0.00362
10,scratch,5,3,20,0.60,true,0.10612,0.00344,0.08954,1.98343,0.00401,0.6665,0.1263,0.7512,0.02939,0.00429
10,scratch,5,3,20,0.70,true,0.10887,0.00348,0.10993,2.00108,0.00417,0.7326,0.0964,0.8237,0.04704,0.00461
10,scratch,5,3,20,0.80,true,0.10687,0.00345,0.13385,2.02701,0.00427,0.8053,0.0764,0.9013,0.07297,0.00483
10,scratch,5,3,20,0.90,true,0.10600,0.00344,0.16061,2.05465,0.00439,0.8799,0.0586,0.9845,0.10062,0.00504
10,scratch,5,3,20,1.00,true,0.10187,0.00338,0.18860,2.08679,0.00446,0.9542,0.0457,1.0675,0.13275,0.00517
10,scratch,5,3,20,1.10,true,0.09938,0.00334,0.21769,2.11840,0.00455,1.0272,0.0330,1.1526,0.16436,0.00530
10,scratch,5,3,20,1.20,true,0.09563,0.00329,0.24777,2.15226,0.00461,1.1023,0.0239,1.2388,0.19822,0.00539
10,scratch,5,6,10,0.00,true,0.19250,0.00441,0.00026,1.80776,0.00441,0.1718,0.5858,0.2205,0.07990,0.00416
10,scratch,5,6,10,0.10,true,0.23425,0.00474,0.00017,1.76592,0.00474,0.2197,0.4063,0.2382,0.03806,0.00344
10,scratch,5,6,10,0.20,true,0.25938,0.00490,0.00026,1.74089,0.00490,0.2788,0.2424,0.2857,0.01302,0.00239
10,scratch,5,6,10,0.30,true,0.27275,0.00498,0.00062,1.72787,0.00498,0.3499,0.1232,0.3587,0.00000,0.00000
10,scratch,5,6,10,0.40,true,0.27013,0.00496,0.00140,1.73128,0.00497,0.4327,0.0582,0.4448,0.00341,0.00201
10,scratch,5,6,10,0.50,true,0.26312,0.00492,0.00278,1.73966,0.00494,0.5195,0.0265,0.5346,0.01179,0.00255
10,scratch,5,6,10,0.60,true,0.24675,0.00482,0.00524,1.75849,0.00486,0.6188,0.0106,0.6354,0.03063,0.00298
10,scratch,5,6,10,0.70,true,0.23175,0.00472,0.00880,1.77705,0.00477,0.7163,0.0047,0.7327,0.04919,0.00325
10,scratch,5,6,10,0.80,true,0.21350,0.00458,0.01399,1.80050,0.00467,0.8181,0.0021,0.8339,0.07263,0.00353
10,scratch,5,6,10,0.90,true,0.19362,0.00442,0.02046,1.82685,0.00454,0.9136,0.0016,0.9281,0.09898,0.00379
10,scratch,5,6,10,1.00,true,0.17000,0.00420,0.02936,1.85939,0.00436,1.0153,0.0009,1.0289,0.13152,0.00407
10,scratch,5,6,10,1.10,true,0.14500,0.00394,0.04051,1.89555,0.00415,1.1162,0.0000,1.1297,0.16768,0.00434
10,scratch,5,6,10,1.20,true,0.12450,0.00369,0.05383,1.92939,0.00395,1.2169,0.0000,1.2297,0.20153,0.00450
10,scratch,5,6,15,0.00,true,0.11375,0.00355,0.00342,1.88967,0.00357,0.2592,0.5283,0.3332,0.03336,0.00314
10,scratch,5,6,15,0.10,true,0.12987,0.00376,0.00281,1.87293,0.00377,0.3078,0.4165,0.3506,0.01661,0.00260
10,scratch,5,6,15,0.20,true,0.14250,0.00391,0.00309,1.86059,0.00392,0.3619,0.3019,0.3891,0.00427,0.00184
10,scratch,5,6,15,0.30,true,0.14800,0.00397,0.00432,1.85632,0.00399,0.4260,0.2097,0.4450,0.00000,0.00000
10,scratch,5,6,15,0.40,true,0.14813,0.00397,0.00646,1.85834,0.00401,0.4965,0.1428,0.5127,0.00202,0.00161
10,scratch,5,6,15,0.50,true,0.14575,0.00395,0.00994,1.86420,0.00400,0.5768,0.0915,0.5946,0.00788,0.00219
10,scratch,5,6,15,0.60,true,0.14088,0.00389,0.01461,1.87374,0.00397,0.6589,0.0557,0.6808,0.01743,0.00256
10,scratch,5,6,15,0.70,true,0.12987,0.00376,0.02103,1.89117,0.00387,0.7497,0.0319,0.7751,0.03485,0.00291
10,scratch,5,6,15,0.80,true,0.11937,0.00362,0.02872,1.90937,0.00377,0.8395,0.0182,0.8672,0.05305,0.00316
10,scratch,5,6,15,0.90,true,0.10525,0.00343,0.03888,1.93366,0.00362,0.9385,0.0092,0.9677,0.07735,0.00340
10,scratch,5,6,15,1.00,true,0.09575,0.00329,0.04969,1.95399,0.00353,1.0307,0.0057,1.0594,0.09767,0.00355
10,scratch,5,6,15,1.10,true,0.08413,0.00310,0.06330,1.97924,0.00339,1.1330,0.0037,1.1606,0.12292,0.00371
10,scratch,5,6,15,1.20,true,0.07050,0.00286,0.07766,2.00726,0.00320,1.2283,0.0024,1.2549,0.15094,0.00386
10,scratch,5,6,20,0.00,true,0.07075,0.00287,0.01445,1.94370,0.00294,0.3490,0.5308,0.4503,0.01733,0.00239
10,scratch,5,6,20,0.10,true,0.08038,0.00304,0.01349,1.93312,0.00311,0.3895,0.4437,0.4642,0.00675,0.00205
10,scratch,5,6,20,0.20,true,0.08575,0.00313,0.01400,1.92825,0.00320,0.4390,0.3540,0.4937,0.00188,0.00145
10,scratch,5,6,20,0.30,true,0.08975,0.00320,0.01612,1.92637,0.00328,0.4929,0.2701,0.5382,0.00000,0.00000
10,scratch,5,6,20,0.40,true,0.09037,0.00321,0.01966,1.92930,0.00331,0.5545,0.2028,0.5942,0.00293,0.00131
10,scratch,5,6,20,0.50,true,0.09050,0.00321,0.02480,1.93432,0.00334,0.6250,0.1505,0.6613,0.00794,0.00178
10,scratch,5,6,20,0.60,true,0.08363,0.00309,0.03148,1.94788,0.00326,0.6991,0.1068,0.7366,0.02151,0.00220
10,scratch,5,6,20,0.70,true,0.08000,0.00303,0.03979,1.95983,0.00324,0.7777,0.0713,0.8197,0.03345,0.00247
10,scratch,5,6,20,0.80,true,0.07237,0.00290,0.04977,1.97744,0.00315,0.8647,0.0488,0.9080,0.05107,0.00270
10,scratch,5,6,20,0.90,true,0.06650,0.00279,0.06108,1.99464,0.00308,0.9546,0.0343,0.9982,0.06827,0.00289
10,scratch,5,6,20,1.00,true,0.05950,0.00264,0.07351,2.01410,0.00300,1.0445,0.0241,1.0888,0.08773,0.00307
10,scratch,5,6,20,1.10,true,0.05325,0.00251,0.08705,2.03391,0.00291,1.1331,0.0154,1.1795,0.10754,0.00321
10,scratch,5,6,20,1.20,true,0.04600,0.00234,0.10290,2.05705,0.00280,1.2311,0.0101,1.2778,0.13068,0.00333
10,mid,5,12,10,0.00,true,0.33437,0.00527,0.00058,1.66620,0.00528,0.1964,0.6830,0.2228,0.12953,0.00519
10,mid,5,12,10,0.10,true,0.40137,0.00548,0.00169,1.60032,0.00550,0.2453,0.5147,0.2332,0.06364,0.00423
10,mid,5,12,10,0.20,true,0.45425,0.00557,0.00451,1.55026,0.00562,0.3135,0.3415,0.2813,0.01359,0.00269
10,mid,5,12,10,0.30,true,0.47250,0.00558,0.00917,1.53667,0.00569,0.3747,0.2145,0.3437,0.00000,0.00000
10,mid,5,12,10,0.40,true,0.48013,0.00559,0.01752,1.53740,0.00579,0.4492,0.1108,0.4306,0.00072,0.00254
10,mid,5,12,10,0.50,true,0.47287,0.00558,0.02988,1.55700,0.00593,0.5354,0.0614,0.5229,0.02033,0.00325
10,mid,5,12,10,0.60,true,0.46213,0.00557,0.04714,1.58502,0.00612,0.6265,0.0270,0.6236,0.04834,0.00384
10,mid,5,12,10,0.70,true,0.44700,0.00556,0.06819,1.62120,0.00631,0.7190,0.0122,0.7209,0.08452,0.00423
10,mid,5,12,10,0.80,true,0.43088,0.00554,0.09406,1.66320,0.00654,0.8201,0.0042,0.8252,0.12652,0.00468
10,mid,5,12,10,0.90,true,0.41587,0.00551,0.12059,1.70472,0.00674,0.9147,0.0015,0.9209,0.16805,0.00496
10,mid,5,12,10,1.00,true,0.40137,0.00548,0.14978,1.74842,0.00696,1.0140,0.0008,1.0201,0.21175,0.00526
10,mid,5,12,10,1.10,true,0.38700,0.00545,0.18081,1.79384,0.00716,1.1149,0.0000,1.1213,0.25716,0.00553
10,mid,5,12,10,1.20,true,0.37425,0.00541,0.21143,1.83722,0.00735,1.2144,0.0000,1.2206,0.30054,0.00578
10,mid,5,12,15,0.00,true,0.19350,0.00442,0.00541,1.81191,0.00445,0.2824,0.5794,0.3177,0.03822,0.00383
10,mid,5,12,15,0.10,true,0.22050,0.00464,0.00963,1.78913,0.00471,0.3305,0.4665,0.3317,0.01544,0.00310
10,mid,5,12,15,0.20,true,0.24163,0.00479,0.01693,1.77530,0.00492,0.3836,0.3440,0.3684,0.00161,0.00213
10,mid,5,12,15,0.30,true,0.25262,0.00486,0.02632,1.77369,0.00508,0.4423,0.2579,0.4179,0.00000,0.00000
10,mid,5,12,15,0.40,true,0.25938,0.00490,0.04018,1.78080,0.00524,0.5108,0.1813,0.4855,0.00711,0.00199
10,mid,5,12,15,0.50,true,0.26388,0.00493,0.05804,1.79417,0.00542,0.5858,0.1206,0.5660,0.02048,0.00276
10,mid,5,12,15,0.60,true,0.25988,0.00490,0.08005,1.82018,0.00557,0.6656,0.0797,0.6515,0.04649,0.00324
10,mid,5,12,15,0.70,true,0.25425,0.00487,0.10619,1.85195,0.00573,0.7517,0.0501,0.7446,0.07826,0.00370
10,mid,5,12,15,0.80,true,0.24775,0.00483,0.13450,1.88677,0.00588,0.8394,0.0316,0.8376,0.11308,0.00398
10,mid,5,12,15,0.90,true,0.23938,0.00477,0.16594,1.92659,0.00603,0.9320,0.0191,0.9349,0.15290,0.00430
10,mid,5,12,15,1.00,true,0.23325,0.00473,0.19823,1.96502,0.00618,1.0253,0.0101,1.0329,0.19133,0.00453
10,mid,5,12,15,1.10,true,0.22587,0.00468,0.23106,2.00524,0.00631,1.1203,0.0058,1.1297,0.23155,0.00476
10,mid,5,12,15,1.20,true,0.21750,0.00461,0.26498,2.04756,0.00641,1.2187,0.0037,1.2289,0.27387,0.00495
10,mid,5,12,20,0.00,true,0.12125,0.00365,0.01919,1.89794,0.00378,0.3840,0.5486,0.4352,0.00761,0.00236
10,mid,5,12,20,0.10,true,0.13537,0.00383,0.02622,1.89085,0.00401,0.4264,0.4688,0.4477,0.00052,0.00179
10,mid,5,12,20,0.20,true,0.14675,0.00396,0.03708,1.89033,0.00423,0.4762,0.3810,0.4767,0.00000,0.00000
10,mid,5,12,20,0.30,true,0.15687,0.00407,0.05014,1.89328,0.00444,0.5306,0.3096,0.5180,0.00295,0.00164
10,mid,5,12,20,0.40,true,0.16225,0.00412,0.06700,1.90476,0.00463,0.5927,0.2459,0.5714,0.01443,0.00224
10,mid,5,12,20,0.50,true,0.16725,0.00417,0.08681,1.91958,0.00483,0.6589,0.1908,0.6356,0.02924,0.00271
10,mid,5,12,20,0.60,true,0.17100,0.00421,0.11016,1.93918,0.00503,0.7315,0.1432,0.7114,0.04885,0.00320
10,mid,5,12,20,0.70,true,0.16937,0.00419,0.13626,1.96691,0.00518,0.8075,0.1073,0.7913,0.07658,0.00355
10,mid,5,12,20,0.80,true,0.16675,0.00417,0.16434,1.99763,0.00533,0.8865,0.0795,0.8753,0.10730,0.00381
10,mid,5,12,20,0.90,true,0.16387,0.00414,0.19421,2.03039,0.00547,0.9668,0.0553,0.9640,0.14006,0.00406
10,mid,5,12,20,1.00,true,0.15850,0.00408,0.22556,2.06714,0.00557,1.0543,0.0414,1.0546,0.17681,0.00426
10,mid,5,12,20,1.10,true,0.15563,0.00405,0.25725,2.10173,0.00569,1.1425,0.0286,1.1487,0.21140,0.00447
10,mid,5,12,20,1.20,true,0.15138,0.00401,0.28938,2.13814,0.00578,1.2335,0.0197,1.2441,0.24781,0.00462
10,mid,5,3,10,0.00,true,0.11538,0.00357,0.00366,1.88828,0.00359,0.1209,0.5569,0.2661,0.08084,0.00529
10,mid,5,3,10,0.10,true,0.16587,0.00416,0.00472,1.83884,0.00419,0.1965,0.3633,0.2844,0.03140,0.00515
10,mid,5,3,10,0.20,true,0.19550,0.00443,0.00768,1.81218,0.00449,0.2655,0.2430,0.3273,0.00475,0.00444
10,mid,5,3,10,0.30,true,0.20575,0.00452,0.01342,1.80767,0.00461,0.3297,0.1612,0.3846,0.00023,0.00312
10,mid,5,3,10,0.40,true,0.21638,0.00460,0.02381,1.80744,0.00477,0.3985,0.1066,0.4561,0.00000,0.00000
10,mid,5,3,10,0.50,true,0.22150,0.00464,0.03933,1.81784,0.00493,0.4691,0.0662,0.5354,0.01040,0.00298
10,mid,5,3,10,0.60,true,0.22625,0.00468,0.05968,1.83345,0.00512,0.5413,0.0405,0.6177,0.02601,0.00410
10,mid,5,3,10,0.70,true,0.22550,0.00467,0.08499,1.85952,0.00529,0.6185,0.0258,0.7041,0.05208,0.00490
10,mid,5,3,10,0.80,true,0.22162,0.00464,0.11421,1.89263,0.00546,0.6959,0.0145,0.7924,0.08519,0.00552
10,mid,5,3,10,0.90,true,0.22037,0.00463,0.14418,1.92387,0.00565,0.7706,0.0074,0.8779,0.11644,0.00594
10,mid,5,3,10,1.00,true,0.21575,0.00460,0.17946,1.96381,0.00582,0.8556,0.0037,0.9725,0.15637,0.00632
10,mid,5,3,10,1.10,true,0.21188,0.00457,0.21251,2.00078,0.00598,0.9350,0.0019,1.0602,0.19334,0.00657
10,mid,5,3,10,1.20,true,0.20463,0.00451,0.24857,2.04416,0.00610,1.0198,0.0013,1.1544,0.23672,0.00689
10,mid,5,3,15,0.00,true,0.06950,0.00284,0.02480,1.95531,0.00299,0.2136,0.5320,0.4128,0.02446,0.00386
10,mid,5,3,15,0.10,true,0.08912,0.00319,0.02788,1.93876,0.00335,0.2908,0.4135,0.4250,0.00792,0.00309
10,mid,5,3,15,0.20,true,0.10400,0.00341,0.03483,1.93084,0.00363,0.3648,0.3207,0.4579,0.00000,0.00000
10,mid,5,3,15,0.30,true,0.11425,0.00356,0.04623,1.93199,0.00385,0.4356,0.2511,0.5061,0.00115,0.00292
10,mid,5,3,15,0.40,true,0.11925,0.00362,0.06184,1.94261,0.00402,0.5027,0.1971,0.5633,0.01177,0.00404
10,mid,5,3,15,0.50,true,0.12925,0.00375,0.08111,1.95189,0.00428,0.5674,0.1490,0.6312,0.02105,0.00466
10,mid,5,3,15,0.60,true,0.13200,0.00378,0.10389,1.97194,0.00446,0.6316,0.1126,0.7021,0.04110,0.00508
10,mid,5,3,15,0.70,true,0.13375,0.00381,0.13002,1.99634,0.00465,0.6997,0.0859,0.7784,0.06550,0.00537
10,mid,5,3,15,0.80,true,0.13137,0.00378,0.15907,2.02780,0.00478,0.7690,0.0649,0.8578,0.09695,0.00557
10,mid,5,3,15,0.90,true,0.13150,0.00378,0.19072,2.05937,0.00495,0.8448,0.0482,0.9445,0.12853,0.00579
10,mid,5,3,15,1.00,true,0.13462,0.00382,0.22160,2.08717,0.00515,0.9186,0.0347,1.0314,0.15633,0.00601
10,mid,5,3,15,1.10,true,0.13175,0.00378,0.25348,2.12201,0.00526,0.9924,0.0249,1.1171,0.19116,0.00614
10,mid,5,3,15,1.20,true,0.13012,0.00376,0.28438,2.15463,0.00538,1.0669,0.0185,1.2023,0.22378,0.00629
10,mid,5,3,20,0.00,true,0.04988,0.00243,0.07433,2.02451,0.00294,0.3493,0.5235,0.5967,0.00499,0.00291
10,mid,5,3,20,0.10,true,0.06075,0.00267,0.08022,2.01952,0.00321,0.4338,0.4465,0.6077,0.00000,0.00000
10,mid,5,3,20,0.20,true,0.06813,0.00282,0.08989,2.02182,0.00342,0.5108,0.3814,0.6322,0.00230,0.00283
10,mid,5,3,20,0.30,true,0.07362,0.00292,0.10291,2.02936,0.00360,0.5786,0.3236,0.6687,0.00984,0.00363
10,mid,5,3,20,0.40,true,0.08038,0.00304,0.11793,2.03764,0.00382,0.6416,0.2782,0.7120,0.01812,0.00413
10,mid,5,3,20,0.50,true,0.08175,0.00306,0.13755,2.05591,0.00397,0.7042,0.2350,0.7661,0.03639,0.00434
10,mid,5,3,20,0.60,true,0.08250,0.00308,0.15984,2.07749,0.00411,0.7680,0.1977,0.8278,0.05797,0.00455
10,mid,5,3,20,0.70,true,0.08088,0.00305,0.18531,2.10462,0.00421,0.8325,0.1633,0.8974,0.08511,0.00470
10,mid,5,3,20,0.80,true,0.07913,0.00302,0.21231,2.13344,0.00432,0.8965,0.1336,0.9708,0.11392,0.00483
10,mid,5,3,20,0.90,true,0.08188,0.00307,0.23821,2.15666,0.00449,0.9588,0.1093,1.0450,0.13714,0.00507
10,mid,5,3,20,1.00,true,0.07913,0.00302,0.26537,2.18667,0.00455,1.0210,0.0890,1.1198,0.16715,0.00519
10,mid,5,3,20,1.10,true,0.07963,0.00303,0.29323,2.21414,0.00467,1.0913,0.0743,1.2009,0.19462,0.00534
10,mid,5,3,20,1.20,true,0.07587,0.00296,0.32232,2.24712,0.00470,1.1608,0.0602,1.2837,0.22760,0.00541
10,mid,5,6,10,0.00,true,0.14688,0.00396,0.00136,1.85448,0.00397,0.1892,0.5679,0.2504,0.06066,0.00367
10,mid,5,6,10,0.10,true,0.17925,0.00429,0.00102,1.82177,0.00429,0.2360,0.4072,0.2688,0.02795,0.00303
10,mid,5,6,10,0.20,true,0.19925,0.00447,0.00137,1.80212,0.00447,0.2944,0.2604,0.3137,0.00830,0.00211
10,mid,5,6,10,0.30,true,0.20875,0.00454,0.00257,1.79382,0.00456,0.3618,0.1483,0.3803,0.00000,0.00000
10,mid,5,6,10,0.40,true,0.20900,0.00455,0.00495,1.79596,0.00458,0.4396,0.0770,0.4613,0.00214,0.00181
10,mid,5,6,10,0.50,true,0.20225,0.00449,0.00872,1.80647,0.00454,0.5236,0.0392,0.5479,0.01265,0.00241
10,mid,5,6,10,0.60,true,0.19087,0.00439,0.01477,1.82392,0.00448,0.6196,0.0171,0.6461,0.03010,0.00285
10,mid,5,6,10,0.70,true,0.17638,0.00426,0.02276,1.84643,0.00439,0.7149,0.0082,0.7414,0.05261,0.00310
10,mid,5,6,10,0.80,true,0.15750,0.00407,0.03342,1.87598,0.00426,0.8153,0.0040,0.8409,0.08216,0.00339
10,mid,5,6,10,0.90,true,0.14288,0.00391,0.04567,1.90290,0.00416,0.9100,0.0020,0.9348,0.10908,0.00360
10,mid,5,6,10,1.00,true,0.12737,0.00373,0.06129,1.93408,0.00404,1.0116,0.0016,1.0349,0.14025,0.00382
10,mid,5,6,10,1.10,true,0.10975,0.00349,0.07948,1.96996,0.00388,1.1114,0.0008,1.1341,0.17614,0.00404
10,mid,5,6,10,1.20,true,0.09200,0.00323,0.10023,2.00856,0.00368,1.2114,0.0006,1.2333,0.21474,0.00424
10,mid,5,6,15,0.00,true,0.07963,0.00303,0.01378,1.93416,0.00310,0.2815,0.5173,0.3900,0.01877,0.00234
10,mid,5,6,15,0.10,true,0.09000,0.00320,0.01281,1.92281,0.00327,0.3294,0.4155,0.4084,0.00742,0.00174
10,mid,5,6,15,0.20,true,0.09863,0.00333,0.01400,1.91539,0.00341,0.3842,0.3134,0.4457,0.00000,0.00000
10,mid,5,6,15,0.30,true,0.10100,0.00337,0.01730,1.91632,0.00346,0.4465,0.2271,0.4983,0.00093,0.00160
10,mid,5,6,15,0.40,true,0.09975,0.00335,0.02271,1.92299,0.00347,0.5144,0.1609,0.5621,0.00760,0.00213
10,mid,5,6,15,0.50,true,0.09563,0.00329,0.03045,1.93488,0.00345,0.5925,0.1121,0.6378,0.01949,0.00246
10,mid,5,6,15,0.60,true,0.09438,0.00327,0.04013,1.94583,0.00348,0.6715,0.0730,0.7203,0.03044,0.00275
10,mid,5,6,15,0.70,true,0.08950,0.00319,0.05238,1.96299,0.00346,0.7570,0.0449,0.8095,0.04760,0.00294
10,mid,5,6,15,0.80,true,0.08225,0.00307,0.06613,1.98404,0.00341,0.8437,0.0293,0.8970,0.06865,0.00312
10,mid,5,6,15,0.90,true,0.07587,0.00296,0.08318,2.00754,0.00337,0.9409,0.0172,0.9957,0.09216,0.00328
10,mid,5,6,15,1.00,true,0.06575,0.00277,0.10044,2.03500,0.00325,1.0286,0.0096,1.0847,0.11961,0.00344
10,mid,5,6,15,1.10,true,0.05700,0.00259,0.12095,2.06437,0.00314,1.1282,0.0060,1.1833,0.14899,0.00357
10,mid,5,6,15,1.20,true,0.04913,0.00242,0.14168,2.09310,0.00303,1.2222,0.0039,1.2762,0.17772,0.00368
10,mid,5,6,20,0.00,true,0.04975,0.00243,0.04967,1.99995,0.00272,0.3788,0.5233,0.5468,0.00543,0.00175
10,mid,5,6,20,0.10,true,0.05375,0.00252,0.04904,1.99533,0.00281,0.4221,0.4473,0.5621,0.00081,0.00130
10,mid,5,6,20,0.20,true,0.05663,0.00258,0.05109,1.99452,0.00288,0.4703,0.3649,0.5916,0.00000,0.00000
10,mid,5,6,20,0.30,true,0.05800,0.00261,0.05579,1.99787,0.00294,0.5219,0.2866,0.6336,0.00335,0.00119
10,mid,5,6,20,0.40,true,0.05788,0.00261,0.06281,2.00503,0.00298,0.5794,0.2208,0.6857,0.01052,0.00164
10,mid,5,6,20,0.50,true,0.05625,0.00258,0.07228,2.01617,0.00300,0.6487,0.1715,0.7479,0.02165,0.00194
10,mid,5,6,20,0.60,true,0.05300,0.00250,0.08388,2.03108,0.00299,0.7224,0.1317,0.8176,0.03656,0.00220
10,mid,5,6,20,0.70,true,0.05112,0.00246,0.09764,2.04678,0.00301,0.7952,0.0925,0.8952,0.05226,0.00241
10,mid,5,6,20,0.80,true,0.04850,0.00240,0.11320,2.06504,0.00302,0.8764,0.0653,0.9782,0.07052,0.00260
10,mid,5,6,20,0.90,true,0.04312,0.00227,0.13034,2.08765,0.00296,0.9631,0.0477,1.0640,0.09313,0.00279
10,mid,5,6,20,1.00,true,0.03975,0.00218,0.14813,2.10893,0.00295,1.0489,0.0345,1.1502,0.11441,0.00295
10,mid,5,6,20,1.10,true,0.03537,0.00207,0.16698,2.13228,0.00289,1.1369,0.0260,1.2370,0.13777,0.00307
10,mid,5,6,20,1.20,true,0.03150,0.00195,0.18819,2.15753,0.00285,1.2316,0.0179,1.3324,0.16301,0.00320
10,high,5,12,10,0.00,true,0.27425,0.00499,0.00219,1.72794,0.00501,0.2152,0.6445,0.2454,0.08615,0.00492
10,high,5,12,10,0.10,true,0.32625,0.00524,0.00509,1.67884,0.00529,0.2635,0.4896,0.2583,0.03705,0.00403
10,high,5,12,10,0.20,true,0.36500,0.00538,0.01123,1.64623,0.00549,0.3276,0.3382,0.3023,0.00444,0.00268
10,high,5,12,10,0.30,true,0.37850,0.00542,0.02028,1.64178,0.00563,0.3900,0.2253,0.3622,0.00000,0.00000
10,high,5,12,10,0.40,true,0.38762,0.00545,0.03468,1.64706,0.00581,0.4632,0.1313,0.4435,0.00528,0.00243
10,high,5,12,10,0.50,true,0.38138,0.00543,0.05448,1.67312,0.00599,0.5449,0.0768,0.5319,0.03133,0.00322
10,high,5,12,10,0.60,true,0.37412,0.00541,0.07926,1.70515,0.00620,0.6324,0.0429,0.6263,0.06337,0.00375
10,high,5,12,10,0.70,true,0.36362,0.00538,0.10813,1.74454,0.00642,0.7225,0.0212,0.7235,0.10275,0.00421
10,high,5,12,10,0.80,true,0.35087,0.00534,0.14100,1.79017,0.00664,0.8190,0.0104,0.8238,0.14839,0.00460
10,high,5,12,10,0.90,true,0.33800,0.00529,0.17442,1.83649,0.00684,0.9123,0.0042,0.9201,0.19471,0.00492
10,high,5,12,10,1.00,true,0.32250,0.00523,0.21025,1.88785,0.00702,1.0089,0.0015,1.0180,0.24607,0.00521
10,high,5,12,10,1.10,true,0.30812,0.00516,0.24751,1.93954,0.00718,1.1099,0.0009,1.1187,0.29776,0.00549
10,high,5,12,10,1.20,true,0.29513,0.00510,0.28379,1.98888,0.00732,1.2094,0.0005,1.2181,0.34710,0.00571
10,high,5,12,15,0.00,true,0.14713,0.00396,0.01381,1.86669,0.00405,0.3088,0.5588,0.3561,0.01266,0.00293
10,high,5,12,15,0.10,true,0.16400,0.00414,0.02147,1.85748,0.00430,0.3562,0.4562,0.3710,0.00345,0.00202
10,high,5,12,15,0.20,true,0.17975,0.00429,0.03377,1.85403,0.00455,0.4111,0.3513,0.4063,0.00000,0.00000
10,high,5,12,15,0.30,true,0.18800,0.00437,0.04863,1.86064,0.00475,0.4668,0.2711,0.4527,0.00661,0.00185
10,high,5,12,15,0.40,true,0.19237,0.00441,0.06892,1.87657,0.00495,0.5310,0.1990,0.5143,0.02253,0.00248
10,high,5,12,15,0.50,true,0.19662,0.00444,0.09361,1.89702,0.00517,0.6056,0.1435,0.5898,0.04299,0.00312
10,high,5,12,15,0.60,true,0.19562,0.00444,0.12248,1.92691,0.00537,0.6822,0.0988,0.6722,0.07288,0.00358
10,high,5,12,15,0.70,true,0.19225,0.00441,0.15474,1.96257,0.00555,0.7643,0.0676,0.7599,0.10854,0.00394
10,high,5,12,15,0.80,true,0.18725,0.00436,0.18966,2.00253,0.00571,0.8503,0.0448,0.8520,0.14849,0.00425
10,high,5,12,15,0.90,true,0.18100,0.00430,0.22582,2.04498,0.00584,0.9392,0.0305,0.9447,0.19095,0.00448
10,high,5,12,15,1.00,true,0.17550,0.00425,0.26273,2.08745,0.00597,1.0307,0.0199,1.0403,0.23342,0.00471
10,high,5,12,15,1.10,true,0.16950,0.00419,0.29942,2.13023,0.00607,1.1226,0.0123,1.1359,0.27619,0.00491
10,high,5,12,15,1.20,true,0.16450,0.00414,0.33587,2.17177,0.00616,1.2178,0.0070,1.2342,0.31774,0.00505
10,high,5,12,20,0.00,true,0.09137,0.00322,0.04170,1.95037,0.00350,0.4206,0.5419,0.4947,0.00000,0.00000
10,high,5,12,20,0.10,true,0.10063,0.00336,0.05213,1.95155,0.00373,0.4599,0.4666,0.5077,0.00118,0.00148
10,high,5,12,20,0.20,true,0.10887,0.00348,0.06741,1.95858,0.00397,0.5097,0.3886,0.5354,0.00821,0.00210
10,high,5,12,20,0.30,true,0.11488,0.00357,0.08505,1.97023,0.00419,0.5603,0.3197,0.5741,0.01986,0.00264
10,high,5,12,20,0.40,true,0.11700,0.00359,0.10692,1.99000,0.00437,0.6205,0.2615,0.6231,0.03962,0.00298
10,high,5,12,20,0.50,true,0.11850,0.00361,0.13224,2.01384,0.00456,0.6876,0.2126,0.6826,0.06347,0.00336
10,high,5,12,20,0.60,true,0.12137,0.00365,0.16006,2.03882,0.00477,0.7565,0.1684,0.7508,0.08845,0.00368
10,high,5,12,20,0.70,true,0.12112,0.00365,0.19048,2.06954,0.00494,0.8265,0.1290,0.8255,0.11917,0.00398
10,high,5,12,20,0.80,true,0.11900,0.00362,0.22276,2.10400,0.00507,0.9015,0.0985,0.9051,0.15363,0.00422
10,high,5,12,20,0.90,true,0.11650,0.00359,0.25666,2.14048,0.00520,0.9837,0.0764,0.9901,0.19011,0.00445
10,high,5,12,20,1.00,true,0.11388,0.00355,0.29098,2.17751,0.00530,1.0647,0.0561,1.0780,0.22714,0.00463
10,high,5,12,20,1.10,true,0.11250,0.00353,0.32471,2.21274,0.00541,1.1509,0.0424,1.1683,0.26236,0.00479
10,high,5,12,20,1.20,true,0.10975,0.00349,0.35895,2.24986,0.00548,1.2402,0.0316,1.2616,0.29949,0.00494
10,high,5,3,10,0.00,true,0.10475,0.00342,0.01046,1.90571,0.00348,0.1486,0.5572,0.3021,0.05617,0.00466
10,high,5,3,10,0.10,true,0.14775,0.00397,0.01315,1.86541,0.00405,0.2279,0.3995,0.3183,0.01587,0.00351
10,high,5,3,10,0.20,true,0.16937,0.00419,0.01891,1.84954,0.00432,0.2948,0.2888,0.3554,0.00000,0.00000
10,high,5,3,10,0.30,true,0.18000,0.00430,0.03028,1.85030,0.00451,0.3574,0.2012,0.4106,0.00075,0.00342
10,high,5,3,10,0.40,true,0.18500,0.00434,0.04768,1.86272,0.00468,0.4236,0.1434,0.4773,0.01318,0.00457
10,high,5,3,10,0.50,true,0.19062,0.00439,0.07054,1.87998,0.00490,0.4921,0.0979,0.5540,0.03043,0.00532
10,high,5,3,10,0.60,true,0.19350,0.00442,0.09810,1.90471,0.00512,0.5620,0.0656,0.6350,0.05517,0.00582
10,high,5,3,10,0.70,true,0.19062,0.00439,0.12938,1.93891,0.00530,0.6328,0.0428,0.7176,0.08937,0.00617
10,high,5,3,10,0.80,true,0.18688,0.00436,0.16372,1.97709,0.00547,0.7087,0.0298,0.8037,0.12754,0.00645
10,high,5,3,10,0.90,true,0.18450,0.00434,0.19867,2.01451,0.00565,0.7819,0.0184,0.8896,0.16496,0.00673
10,high,5,3,10,1.00,true,0.17900,0.00429,0.23758,2.05907,0.00580,0.8637,0.0105,0.9834,0.20953,0.00692
10,high,5,3,10,1.10,true,0.17438,0.00424,0.27332,2.09961,0.00593,0.9412,0.0059,1.0711,0.25007,0.00707
10,high,5,3,10,1.20,true,0.17075,0.00421,0.30908,2.13922,0.00605,1.0217,0.0033,1.1626,0.28967,0.00725
10,high,5,3,15,0.00,true,0.06338,0.00272,0.05542,1.99213,0.00309,0.2769,0.5309,0.4853,0.00846,0.00325
10,high,5,3,15,0.10,true,0.07850,0.00301,0.06209,1.98367,0.00341,0.3607,0.4356,0.4983,0.00000,0.00000
10,high,5,3,15,0.20,true,0.08425,0.00311,0.07418,1.99003,0.00360,0.4383,0.3623,0.5271,0.00636,0.00320
10,high,5,3,15,0.30,true,0.09450,0.00327,0.09065,1.99627,0.00388,0.5065,0.2990,0.5712,0.01260,0.00414
10,high,5,3,15,0.40,true,0.10138,0.00337,0.10998,2.00876,0.00411,0.5643,0.2452,0.6205,0.02509,0.00460
10,high,5,3,15,0.50,true,0.10287,0.00340,0.13449,2.03183,0.00429,0.6296,0.2023,0.6821,0.04816,0.00492
10,high,5,3,15,0.60,true,0.10612,0.00344,0.16195,2.05612,0.00451,0.6933,0.1636,0.7509,0.07246,0.00518
10,high,5,3,15,0.70,true,0.10950,0.00349,0.19080,2.08170,0.00472,0.7536,0.1277,0.8238,0.09803,0.00545
10,high,5,3,15,0.80,true,0.10950,0.00349,0.22076,2.11180,0.00488,0.8159,0.1015,0.8981,0.12813,0.00564
10,high,5,3,15,0.90,true,0.11038,0.00350,0.25342,2.14377,0.00506,0.8884,0.0814,0.9814,0.16010,0.00585
10,high,5,3,15,1.00,true,0.11425,0.00356,0.28336,2.17005,0.00526,0.9561,0.0645,1.0629,0.18638,0.00607
10,high,5,3,15,1.10,true,0.11088,0.00351,0.31505,2.20537,0.00534,1.0239,0.0493,1.1455,0.22170,0.00618
10,high,5,3,15,1.20,true,0.10775,0.00347,0.34724,2.24100,0.00541,1.0977,0.0384,1.2325,0.25734,0.00627
10,high,5,3,20,0.00,true,0.04175,0.00224,0.14275,2.10143,0.00322,0.4737,0.5206,0.7254,0.00339,0.00309
10,high,5,3,20,0.10,true,0.05262,0.00250,0.15023,2.09804,0.00352,0.5659,0.4654,0.7360,0.00000,0.00000
10,high,5,3,20,0.20,true,0.05775,0.00261,0.16211,2.10482,0.00370,0.6449,0.4151,0.7574,0.00678,0.00336
10,high,5,3,20,0.30,true,0.06125,0.00268,0.17800,2.11727,0.00388,0.7163,0.3698,0.7917,0.01923,0.00393
10,high,5,3,20,0.40,true,0.06275,0.00271,0.19630,2.13414,0.00401,0.7764,0.3254,0.8335,0.03610,0.00420
10,high,5,3,20,0.50,true,0.05987,0.00265,0.21850,2.15934,0.00408,0.8438,0.2905,0.8846,0.06130,0.00431
10,high,5,3,20,0.60,true,0.05912,0.00264,0.24035,2.18209,0.00418,0.8983,0.2553,0.9379,0.08405,0.00452
10,high,5,3,20,0.70,true,0.06187,0.00269,0.26292,2.20210,0.00435,0.9533,0.2239,0.9975,0.10406,0.00476
10,high,5,3,20,0.80,true,0.06250,0.00271,0.28742,2.22623,0.00448,1.0106,0.1948,1.0631,0.12818,0.00494
10,high,5,3,20,0.90,true,0.06125,0.00268,0.31366,2.25402,0.00456,1.0703,0.1679,1.1344,0.15598,0.00508
10,high,5,3,20,1.00,true,0.06212,0.00270,0.33749,2.27732,0.00467,1.1248,0.1446,1.2037,0.17928,0.00526
10,high,5,3,20,1.10,true,0.06638,0.00278,0.36141,2.29738,0.00485,1.1843,0.1233,1.2801,0.19934,0.00548
10,high,5,3,20,1.20,true,0.06350,0.00273,0.38755,2.32687,0.00487,1.2480,0.1061,1.3580,0.22883,0.00555
10,high,5,6,10,0.00,true,0.12000,0.00363,0.00493,1.88493,0.00366,0.2081,0.5582,0.2848,0.03978,0.00330
10,high,5,6,10,0.10,true,0.14200,0.00390,0.00414,1.86214,0.00393,0.2541,0.4123,0.3033,0.01700,0.00274
10,high,5,6,10,0.20,true,0.15425,0.00404,0.00524,1.85100,0.00407,0.3109,0.2789,0.3450,0.00585,0.00202
10,high,5,6,10,0.30,true,0.16312,0.00413,0.00826,1.84515,0.00418,0.3759,0.1710,0.4078,0.00000,0.00000
10,high,5,6,10,0.40,true,0.16450,0.00414,0.01357,1.84910,0.00423,0.4500,0.0995,0.4832,0.00395,0.00156
10,high,5,6,10,0.50,true,0.15787,0.00408,0.02118,1.86337,0.00420,0.5298,0.0551,0.5658,0.01822,0.00222
10,high,5,6,10,0.60,true,0.14888,0.00398,0.03257,1.88381,0.00417,0.6248,0.0294,0.6620,0.03866,0.00265
10,high,5,6,10,0.70,true,0.13875,0.00386,0.04649,1.90793,0.00413,0.7185,0.0157,0.7566,0.06278,0.00294
10,high,5,6,10,0.80,true,0.12587,0.00371,0.06396,1.93839,0.00406,0.8168,0.0082,0.8549,0.09324,0.00321
10,high,5,6,10,0.90,true,0.11300,0.00354,0.08295,1.97041,0.00398,0.9086,0.0044,0.9465,0.12526,0.00343
10,high,5,6,10,1.00,true,0.09850,0.00333,0.10629,2.00845,0.00386,1.0084,0.0022,1.0455,0.16331,0.00367
10,high,5,6,10,1.10,true,0.08575,0.00313,0.13193,2.04711,0.00376,1.1080,0.0016,1.1438,0.20196,0.00387
10,high,5,6,10,1.20,true,0.07225,0.00289,0.15992,2.08892,0.00361,1.2068,0.0011,1.2419,0.24377,0.00404
10,high,5,6,15,0.00,true,0.05738,0.00260,0.03899,1.98165,0.00283,0.3074,0.5109,0.4547,0.00896,0.00199
10,high,5,6,15,0.10,true,0.06325,0.00272,0.03841,1.97521,0.00294,0.3550,0.4175,0.4743,0.00252,0.00144
10,high,5,6,15,0.20,true,0.06863,0.00283,0.04123,1.97269,0.00306,0.4099,0.3269,0.5104,0.00000,0.00000
10,high,5,6,15,0.30,true,0.07362,0.00292,0.04751,1.97400,0.00319,0.4695,0.2438,0.5615,0.00131,0.00138
10,high,5,6,15,0.40,true,0.07387,0.00292,0.05688,1.98319,0.00325,0.5383,0.1849,0.6220,0.01050,0.00185
10,high,5,6,15,0.50,true,0.07350,0.00292,0.06955,1.99632,0.00332,0.6118,0.1334,0.6936,0.02363,0.00216
10,high,5,6,15,0.60,true,0.06963,0.00285,0.08483,2.01559,0.00332,0.6882,0.0955,0.7700,0.04290,0.00241
10,high,5,6,15,0.70,true,0.06513,0.00276,0.10312,2.03854,0.00333,0.7713,0.0652,0.8552,0.06585,0.00267
10,high,5,6,15,0.80,true,0.06025,0.00266,0.12291,2.06340,0.00332,0.8528,0.0427,0.9405,0.09071,0.00290
10,high,5,6,15,0.90,true,0.05412,0.00253,0.14626,2.09313,0.00328,0.9459,0.0283,1.0343,0.12044,0.00305
10,high,5,6,15,1.00,true,0.04938,0.00242,0.16909,2.12097,0.00326,1.0321,0.0184,1.1221,0.14828,0.00322
10,high,5,6,15,1.10,true,0.04350,0.00228,0.19538,2.15348,0.00320,1.1295,0.0120,1.2194,0.18079,0.00339
10,high,5,6,15,1.20,true,0.03800,0.00214,0.22090,2.18487,0.00313,1.2194,0.0074,1.3099,0.21218,0.00345
10,high,5,6,20,0.00,true,0.03438,0.00204,0.11396,2.07982,0.00278,0.4171,0.5234,0.6547,0.00236,0.00106
10,high,5,6,20,0.10,true,0.03712,0.00211,0.11429,2.07746,0.00285,0.4593,0.4538,0.6721,0.00000,0.00000
10,high,5,6,20,0.20,true,0.03950,0.00218,0.11797,2.07885,0.00294,0.5061,0.3790,0.7018,0.00138,0.00106
10,high,5,6,20,0.30,true,0.03975,0.00218,0.12502,2.08574,0.00299,0.5566,0.3072,0.7424,0.00828,0.00150
10,high,5,6,20,0.40,true,0.04125,0.00222,0.13500,2.09435,0.00308,0.6123,0.2459,0.7925,0.01689,0.00179
10,high,5,6,20,0.50,true,0.03938,0.00217,0.14780,2.10918,0.00309,0.6782,0.1966,0.8511,0.03172,0.00206
10,high,5,6,20,0.60,true,0.03913,0.00217,0.16296,2.12478,0.00315,0.7471,0.1544,0.9174,0.04732,0.00228
10,high,5,6,20,0.70,true,0.03587,0.00208,0.18041,2.14572,0.00314,0.8217,0.1206,0.9897,0.06826,0.00250
10,high,5,6,20,0.80,true,0.03413,0.00203,0.19971,2.16704,0.00316,0.8960,0.0874,1.0689,0.08958,0.00273
10,high,5,6,20,0.90,true,0.03150,0.00195,0.22029,2.19057,0.00316,0.9766,0.0645,1.1510,0.11310,0.00291
10,high,5,6,20,1.00,true,0.02913,0.00188,0.24128,2.21428,0.00315,1.0593,0.0498,1.2328,0.13681,0.00304
10,high,5,6,20,1.10,true,0.02650,0.00180,0.26317,2.23919,0.00312,1.1432,0.0380,1.3168,0.16172,0.00316
10,high,5,6,20,1.20,true,0.02325,0.00168,0.28725,2.26699,0.00306,1.2388,0.0306,1.4091,0.18953,0.00329
10,hcp30,5,12,10,0.00,true,0.24663,0.00482,0.04642,1.80064,0.00524,0.4278,0.6414,0.4416,0.02547,0.00363
10,hcp30,5,12,10,0.10,true,0.27325,0.00498,0.05556,1.78330,0.00553,0.4822,0.5638,0.4551,0.00813,0.00257
10,hcp30,5,12,10,0.20,true,0.29575,0.00510,0.06967,1.77517,0.00582,0.5439,0.4831,0.4847,0.00000,0.00000
10,hcp30,5,12,10,0.30,true,0.30750,0.00516,0.08562,1.77972,0.00606,0.6053,0.4206,0.5214,0.00455,0.00234
10,hcp30,5,12,10,0.40,true,0.32250,0.00523,0.10598,1.78559,0.00636,0.6733,0.3531,0.5765,0.01042,0.00341
10,hcp30,5,12,10,0.50,true,0.33363,0.00527,0.12934,1.79847,0.00666,0.7455,0.2938,0.6426,0.02330,0.00417
10,hcp30,5,12,10,0.60,true,0.34150,0.00530,0.15423,1.81628,0.00695,0.8180,0.2407,0.7162,0.04112,0.00476
10,hcp30,5,12,10,0.70,true,0.34275,0.00531,0.18107,1.84284,0.00721,0.8941,0.1968,0.7958,0.06767,0.00531
10,hcp30,5,12,10,0.80,true,0.34150,0.00530,0.20946,1.87366,0.00746,0.9770,0.1615,0.8823,0.09849,0.00579
10,hcp30,5,12,10,0.90,true,0.34213,0.00530,0.23741,1.90233,0.00771,1.0571,0.1264,0.9753,0.12716,0.00625
10,hcp30,5,12,10,1.00,true,0.33887,0.00529,0.26570,1.93541,0.00793,1.1402,0.0993,1.0696,0.16024,0.00662
10,hcp30,5,12,10,1.10,true,0.33425,0.00527,0.29456,1.97071,0.00812,1.2342,0.0813,1.1690,0.19554,0.00697
10,hcp30,5,12,10,1.20,true,0.32850,0.00525,0.32227,2.00620,0.00829,1.3251,0.0657,1.2673,0.23103,0.00726
10,hcp30,5,12,15,0.00,true,0.15363,0.00403,0.11765,1.96724,0.00500,0.6117,0.5670,0.6276,0.00000,0.00000
10,hcp30,5,12,15,0.10,true,0.16500,0.00415,0.12948,1.96798,0.00525,0.6665,0.5138,0.6451,0.00074,0.00195
10,hcp30,5,12,15,0.20,true,0.17188,0.00422,0.14563,1.97773,0.00548,0.7272,0.4590,0.6726,0.01049,0.00280
10,hcp30,5,12,15,0.30,true,0.18050,0.00430,0.16234,1.98641,0.00572,0.7837,0.4129,0.7075,0.01917,0.00339
10,hcp30,5,12,15,0.40,true,0.18475,0.00434,0.18256,2.00319,0.00593,0.8417,0.3642,0.7510,0.03594,0.00389
10,hcp30,5,12,15,0.50,true,0.19000,0.00439,0.20470,2.02107,0.00617,0.9040,0.3181,0.8048,0.05382,0.00440
10,hcp30,5,12,15,0.60,true,0.19262,0.00441,0.22838,2.04331,0.00638,0.9720,0.2790,0.8648,0.07607,0.00482
10,hcp30,5,12,15,0.70,true,0.19625,0.00444,0.25355,2.06625,0.00660,1.0486,0.2457,0.9337,0.09900,0.00526
10,hcp30,5,12,15,0.80,true,0.19775,0.00445,0.27916,2.09195,0.00679,1.1244,0.2153,1.0067,0.12471,0.00562
10,hcp30,5,12,15,0.90,true,0.19525,0.00443,0.30535,2.12247,0.00693,1.1939,0.1845,1.0815,0.15522,0.00591
10,hcp30,5,12,15,1.00,true,0.19562,0.00444,0.33127,2.15002,0.00710,1.2730,0.1601,1.1632,0.18278,0.00621
10,hcp30,5,12,15,1.10,true,0.19462,0.00443,0.35800,2.18002,0.00724,1.3575,0.1395,1.2501,0.21278,0.00653
10,hcp30,5,12,15,1.20,true,0.19125,0.00440,0.38455,2.21245,0.00734,1.4376,0.1193,1.3376,0.24521,0.00676
10,hcp30,5,12,20,0.00,true,0.10800,0.00347,0.20199,2.10181,0.00501,0.8295,0.5461,0.8490,0.00000,0.00000
10,hcp30,5,12,20,0.10,true,0.11350,0.00355,0.21239,2.10713,0.00518,0.8783,0.5082,0.8646,0.00532,0.00140
10,hcp30,5,12,20,0.20,true,0.11862,0.00362,0.22579,2.11606,0.00537,0.9355,0.4689,0.8886,0.01425,0.00205
10,hcp30,5,12,20,0.30,true,0.12337,0.00368,0.23969,2.12600,0.00555,0.9877,0.4318,0.9183,0.02418,0.00259
10,hcp30,5,12,20,0.40,true,0.12625,0.00371,0.25630,2.14076,0.00572,1.0416,0.3923,0.9564,0.03895,0.00312
10,hcp30,5,12,20,0.50,true,0.12937,0.00375,0.27385,2.15641,0.00589,1.1034,0.3587,1.0005,0.05459,0.00358
10,hcp30,5,12,20,0.60,true,0.13475,0.00382,0.29277,2.17137,0.00609,1.1657,0.3235,1.0543,0.06956,0.00407
10,hcp30,5,12,20,0.70,true,0.13475,0.00382,0.31249,2.19274,0.00622,1.2312,0.2946,1.1086,0.09093,0.00443
10,hcp30,5,12,20,0.80,true,0.13425,0.00381,0.33322,2.21585,0.00634,1.3009,0.2684,1.1684,0.11404,0.00478
10,hcp30,5,12,20,0.90,true,0.13575,0.00383,0.35367,2.23684,0.00648,1.3726,0.2443,1.2333,0.13503,0.00508
10,hcp30,5,12,20,1.00,true,0.13550,0.00383,0.37493,2.26060,0.00659,1.4465,0.2227,1.3016,0.15879,0.00537
10,hcp30,5,12,20,1.10,true,0.13400,0.00381,0.39683,2.28650,0.00668,1.5211,0.2018,1.3741,0.18469,0.00566
10,hcp30,5,12,20,1.20,true,0.13450,0.00381,0.41803,2.30990,0.00679,1.5965,0.1814,1.4514,0.20808,0.00592
10,hcp30,5,3,10,0.00,true,0.05237,0.00249,0.15029,2.10183,0.00364,0.1468,0.5402,0.4708,0.02882,0.00356
10,hcp30,5,3,10,0.10,true,0.07600,0.00296,0.15144,2.07955,0.00409,0.2707,0.4106,0.4877,0.00654,0.00263
10,hcp30,5,3,10,0.20,true,0.09187,0.00323,0.16026,2.07300,0.00440,0.3838,0.3476,0.5231,0.00000,0.00000
10,hcp30,5,3,10,0.30,true,0.10075,0.00337,0.17653,2.08123,0.00463,0.4735,0.2975,0.5709,0.00823,0.00270
10,hcp30,5,3,10,0.40,true,0.10800,0.00347,0.19821,2.09678,0.00485,0.5515,0.2594,0.6260,0.02378,0.00381
10,hcp30,5,3,10,0.50,true,0.11588,0.00358,0.22450,2.11666,0.00511,0.6225,0.2248,0.6883,0.04366,0.00461
10,hcp30,5,3,10,0.60,true,0.12162,0.00365,0.25272,2.14091,0.00534,0.6853,0.1911,0.7532,0.06791,0.00518
10,hcp30,5,3,10,0.70,true,0.12675,0.00372,0.28396,2.16920,0.00558,0.7532,0.1643,0.8246,0.09619,0.00565
10,hcp30,5,3,10,0.80,true,0.12650,0.00372,0.31691,2.20497,0.00574,0.8184,0.1391,0.8980,0.13196,0.00602
10,hcp30,5,3,10,0.90,true,0.12725,0.00373,0.34891,2.23906,0.00590,0.8836,0.1177,0.9733,0.16605,0.00634
10,hcp30,5,3,10,1.00,true,0.12900,0.00375,0.38189,2.27361,0.00608,0.9541,0.0983,1.0556,0.20060,0.00664
10,hcp30,5,3,10,1.10,true,0.12900,0.00375,0.41214,2.30733,0.00621,1.0241,0.0845,1.1347,0.23433,0.00687
10,hcp30,5,3,10,1.20,true,0.12762,0.00373,0.44355,2.34410,0.00632,1.0964,0.0701,1.2206,0.27110,0.00709
10,hcp30,5,3,15,0.00,true,0.03213,0.00197,0.28041,2.25977,0.00399,0.2329,0.5200,0.7043,0.00746,0.00305
10,hcp30,5,3,15,0.10,true,0.03925,0.00217,0.28185,2.25436,0.00415,0.3589,0.4326,0.7157,0.00205,0.00244
10,hcp30,5,3,15,0.20,true,0.04900,0.00241,0.28890,2.25231,0.00437,0.4809,0.3728,0.7436,0.00000,0.00000
10,hcp30,5,3,15,0.30,true,0.05262,0.00250,0.30281,2.26369,0.00447,0.5862,0.3271,0.7827,0.01138,0.00249
10,hcp30,5,3,15,0.40,true,0.05813,0.00262,0.32048,2.27727,0.00462,0.6798,0.2942,0.8308,0.02496,0.00351
10,hcp30,5,3,15,0.50,true,0.06475,0.00275,0.34080,2.29267,0.00480,0.7632,0.2662,0.8855,0.04036,0.00409
10,hcp30,5,3,15,0.60,true,0.06600,0.00278,0.36540,2.31822,0.00489,0.8396,0.2373,0.9467,0.06591,0.00442
10,hcp30,5,3,15,0.70,true,0.06725,0.00280,0.38939,2.34338,0.00498,0.9077,0.2116,1.0086,0.09108,0.00475
10,hcp30,5,3,15,0.80,true,0.06788,0.00281,0.41411,2.37013,0.00506,0.9751,0.1904,1.0734,0.11782,0.00506
10,hcp30,5,3,15,0.90,true,0.06975,0.00285,0.44065,2.39796,0.00517,1.0504,0.1723,1.1469,0.14565,0.00532
10,hcp30,5,3,15,1.00,true,0.07162,0.00288,0.46477,2.42343,0.00527,1.1196,0.1566,1.2183,0.17113,0.00556
10,hcp30,5,3,15,1.10,true,0.07075,0.00287,0.48915,2.45224,0.00531,1.1845,0.1398,1.2907,0.19993,0.00577
10,hcp30,5,3,15,1.20,true,0.07075,0.00287,0.51339,2.48037,0.00537,1.2538,0.1256,1.3674,0.22806,0.00594
10,hcp30,5,3,20,0.00,true,0.02162,0.00163,0.39422,2.39575,0.00417,0.3468,0.5140,0.9603,0.00422,0.00277
10,hcp30,5,3,20,0.10,true,0.02525,0.00175,0.39617,2.39440,0.00425,0.4736,0.4527,0.9690,0.00287,0.00238
10,hcp30,5,3,20,0.20,true,0.03388,0.00202,0.40122,2.39153,0.00447,0.6012,0.4032,0.9924,0.00000,0.00000
10,hcp30,5,3,20,0.30,true,0.03787,0.00213,0.41095,2.39836,0.00457,0.7140,0.3633,1.0238,0.00683,0.00225
10,hcp30,5,3,20,0.40,true,0.04075,0.00221,0.42404,2.41010,0.00464,0.8211,0.3345,1.0644,0.01857,0.00320
10,hcp30,5,3,20,0.50,true,0.04163,0.00223,0.43924,2.42619,0.00467,0.9146,0.3106,1.1084,0.03466,0.00363
10,hcp30,5,3,20,0.60,true,0.04038,0.00220,0.45803,2.44850,0.00464,1.0010,0.2857,1.1609,0.05697,0.00381
10,hcp30,5,3,20,0.70,true,0.04550,0.00233,0.47507,2.46272,0.00479,1.0769,0.2624,1.2183,0.07119,0.00421
10,hcp30,5,3,20,0.80,true,0.04863,0.00240,0.49203,2.47915,0.00489,1.1496,0.2429,1.2772,0.08762,0.00455
10,hcp30,5,3,20,0.90,true,0.04950,0.00243,0.51043,2.49962,0.00494,1.2209,0.2245,1.3397,0.10809,0.00481
10,hcp30,5,3,20,1.00,true,0.04850,0.00240,0.52990,2.52342,0.00494,1.2900,0.2065,1.4055,0.13189,0.00498
10,hcp30,5,3,20,1.10,true,0.04800,0.00239,0.54925,2.54687,0.00495,1.3605,0.1910,1.4745,0.15534,0.00516
10,hcp30,5,3,20,1.20,true,0.04700,0.00237,0.56793,2.57039,0.00494,1.4262,0.1752,1.5443,0.17886,0.00530
10,hcp30,5,6,10,0.00,true,0.10400,0.00341,0.07893,1.97632,0.00396,0.4103,0.5571,0.4606,0.01380,0.00254
10,hcp30,5,6,10,0.10,true,0.11425,0.00356,0.07864,1.96599,0.00410,0.4643,0.4836,0.4783,0.00347,0.00183
10,hcp30,5,6,10,0.20,true,0.12300,0.00367,0.08350,1.96252,0.00425,0.5222,0.4064,0.5122,0.00000,0.00000
10,hcp30,5,6,10,0.30,true,0.12550,0.00370,0.09329,1.97043,0.00435,0.5863,0.3389,0.5582,0.00791,0.00183
10,hcp30,5,6,10,0.40,true,0.12512,0.00370,0.10704,1.98537,0.00444,0.6536,0.2808,0.6136,0.02285,0.00249
10,hcp30,5,6,10,0.50,true,0.12262,0.00367,0.12392,2.00577,0.00451,0.7240,0.2312,0.6784,0.04325,0.00311
10,hcp30,5,6,10,0.60,true,0.11950,0.00363,0.14508,2.03139,0.00461,0.8017,0.1837,0.7567,0.06887,0.00365
10,hcp30,5,6,10,0.70,true,0.11463,0.00356,0.16770,2.06039,0.00467,0.8791,0.1457,0.8382,0.09788,0.00415
10,hcp30,5,6,10,0.80,true,0.10938,0.00349,0.19251,2.09223,0.00473,0.9605,0.1151,0.9248,0.12971,0.00450
10,hcp30,5,6,10,0.90,true,0.10450,0.00342,0.21651,2.12293,0.00478,1.0382,0.0924,1.0080,0.16041,0.00479
10,hcp30,5,6,10,1.00,true,0.09650,0.00330,0.24334,2.15992,0.00477,1.1231,0.0728,1.0989,0.19740,0.00509
10,hcp30,5,6,10,1.10,true,0.08875,0.00318,0.27039,2.19707,0.00475,1.2108,0.0587,1.1907,0.23455,0.00533
10,hcp30,5,6,10,1.20,true,0.08013,0.00304,0.29833,2.23623,0.00469,1.3011,0.0470,1.2856,0.27372,0.00558
10,hcp30,5,6,15,0.00,true,0.05375,0.00252,0.18642,2.13808,0.00377,0.6111,0.5099,0.6907,0.00096,0.00146
10,hcp30,5,6,15,0.10,true,0.05663,0.00258,0.18787,2.13712,0.00382,0.6646,0.4606,0.7113,0.00000,0.00000
10,hcp30,5,6,15,0.20,true,0.05800,0.00261,0.19276,2.14133,0.00386,0.7244,0.4136,0.7408,0.00422,0.00132
10,hcp30,5,6,15,0.30,true,0.05838,0.00262,0.20151,2.15065,0.00390,0.7865,0.3665,0.7809,0.01353,0.00200
10,hcp30,5,6,15,0.40,true,0.05875,0.00263,0.21254,2.16243,0.00396,0.8486,0.3240,0.8274,0.02531,0.00249
10,hcp30,5,6,15,0.50,true,0.06012,0.00266,0.22664,2.17655,0.00406,0.9153,0.2818,0.8849,0.03943,0.00297
10,hcp30,5,6,15,0.60,true,0.05813,0.00262,0.24250,2.19598,0.00409,0.9802,0.2438,0.9457,0.05886,0.00337
10,hcp30,5,6,15,0.70,true,0.05713,0.00259,0.26027,2.21656,0.00415,1.0584,0.2156,1.0141,0.07945,0.00373
10,hcp30,5,6,15,0.80,true,0.05488,0.00255,0.27841,2.23888,0.00418,1.1314,0.1902,1.0829,0.10177,0.00405
10,hcp30,5,6,15,0.90,true,0.05100,0.00246,0.29928,2.26593,0.00417,1.2075,0.1627,1.1613,0.12881,0.00437
10,hcp30,5,6,15,1.00,true,0.04875,0.00241,0.31854,2.28968,0.00419,1.2821,0.1440,1.2350,0.15257,0.00463
10,hcp30,5,6,15,1.10,true,0.04550,0.00233,0.34004,2.31706,0.00419,1.3627,0.1252,1.3174,0.17994,0.00485
10,hcp30,5,6,15,1.20,true,0.04288,0.00226,0.36038,2.34267,0.00419,1.4403,0.1101,1.3971,0.20555,0.00503
10,hcp30,5,6,20,0.00,true,0.03425,0.00203,0.29493,2.27272,0.00384,0.8253,0.5173,0.9256,0.00000,0.00000
10,hcp30,5,6,20,0.10,true,0.03463,0.00204,0.29561,2.27360,0.00384,0.8762,0.4828,0.9418,0.00089,0.00109
10,hcp30,5,6,20,0.20,true,0.03575,0.00208,0.29857,2.27628,0.00388,0.9286,0.4443,0.9665,0.00356,0.00160
10,hcp30,5,6,20,0.30,true,0.03550,0.00207,0.30388,2.28289,0.00389,0.9827,0.4066,0.9978,0.01017,0.00204
10,hcp30,5,6,20,0.40,true,0.03400,0.00203,0.31156,2.29333,0.00388,1.0380,0.3702,1.0357,0.02062,0.00251
10,hcp30,5,6,20,0.50,true,0.03363,0.00202,0.32095,2.30457,0.00390,1.0958,0.3354,1.0804,0.03185,0.00290
10,hcp30,5,6,20,0.60,true,0.03275,0.00199,0.33167,2.31784,0.00392,1.1556,0.3034,1.1299,0.04512,0.00324
10,hcp30,5,6,20,0.70,true,0.03150,0.00195,0.34385,2.33315,0.00393,1.2175,0.2730,1.1851,0.06043,0.00356
10,hcp30,5,6,20,0.80,true,0.03125,0.00195,0.35738,2.34903,0.00397,1.2846,0.2449,1.2473,0.07631,0.00391
10,hcp30,5,6,20,0.90,true,0.02975,0.00190,0.37158,2.36699,0.00397,1.3490,0.2182,1.3115,0.09427,0.00420
10,hcp30,5,6,20,1.00,true,0.02750,0.00183,0.38590,2.38590,0.00396,1.4162,0.1974,1.3756,0.11318,0.00441
10,hcp30,5,6,20,1.10,true,0.02700,0.00181,0.40071,2.40371,0.00398,1.4880,0.1795,1.4442,0.13099,0.00463
10,hcp30,5,6,20,1.20,true,0.02538,0.00176,0.41712,2.42459,0.00398,1.5637,0.1608,1.5199,0.15188,0.00482
