stimp,skill,slope_pct,clock,length_ft,rollout_m,solve_ok,make,make_se,three_plus,exp_strokes,exp_strokes_se,mean_past_miss_m,pct_miss_short,mean_leave_m,de_vs_best,de_pair_se
10,tour,0,12,10,0.00,true,0.27000,0.00496,0.00003,1.73003,0.00496,0.1669,0.6368,0.1973,0.12958,0.00479
10,tour,0,12,10,0.10,true,0.33963,0.00529,0.00007,1.66044,0.00530,0.2142,0.4304,0.2137,0.06000,0.00384
10,tour,0,12,10,0.20,true,0.38712,0.00545,0.00026,1.61313,0.00545,0.2744,0.2435,0.2660,0.01269,0.00252
10,tour,0,12,10,0.30,true,0.40037,0.00548,0.00082,1.60045,0.00549,0.3444,0.1149,0.3414,0.00000,0.00000
10,tour,0,12,10,0.40,true,0.39837,0.00547,0.00215,1.60377,0.00549,0.4267,0.0488,0.4298,0.00332,0.00202
10,tour,0,12,10,0.50,true,0.38950,0.00545,0.00487,1.61537,0.00550,0.5164,0.0149,0.5257,0.01492,0.00260
10,tour,0,12,10,0.60,true,0.37362,0.00541,0.00979,1.63617,0.00550,0.6131,0.0062,0.6226,0.03572,0.00300
10,tour,0,12,10,0.70,true,0.35800,0.00536,0.01762,1.65962,0.00552,0.7117,0.0018,0.7215,0.05918,0.00335
10,tour,0,12,10,0.80,true,0.34263,0.00531,0.02896,1.68634,0.00556,0.8107,0.0002,0.8203,0.08589,0.00361
10,tour,0,12,10,0.90,true,0.32775,0.00525,0.04445,1.71670,0.00563,0.9120,0.0000,0.9209,0.11625,0.00387
10,tour,0,12,10,1.00,true,0.31350,0.00519,0.06347,1.74997,0.00571,1.0118,0.0000,1.0200,0.14952,0.00410
10,tour,0,12,10,1.10,true,0.29925,0.00512,0.08599,1.78674,0.00581,1.1120,0.0000,1.1197,0.18629,0.00433
10,tour,0,12,10,1.20,true,0.28313,0.00504,0.11178,1.82865,0.00589,1.2124,0.0000,1.2197,0.22821,0.00459
10,tour,0,12,15,0.00,true,0.16487,0.00415,0.00076,1.83588,0.00415,0.2415,0.5800,0.2884,0.06880,0.00401
10,tour,0,12,15,0.10,true,0.19687,0.00445,0.00103,1.80415,0.00445,0.2890,0.4478,0.3019,0.03707,0.00349
10,tour,0,12,15,0.20,true,0.22025,0.00463,0.00196,1.78171,0.00465,0.3409,0.3166,0.3392,0.01463,0.00280
10,tour,0,12,15,0.30,true,0.23463,0.00474,0.00386,1.76924,0.00476,0.4042,0.2115,0.3973,0.00215,0.00192
10,tour,0,12,15,0.40,true,0.24013,0.00478,0.00721,1.76708,0.00483,0.4748,0.1334,0.4696,0.00000,0.00000
10,tour,0,12,15,0.50,true,0.23988,0.00477,0.01253,1.77265,0.00487,0.5538,0.0802,0.5530,0.00557,0.00179
10,tour,0,12,15,0.60,true,0.23550,0.00474,0.02034,1.78484,0.00489,0.6385,0.0484,0.6414,0.01775,0.00223
10,tour,0,12,15,0.70,true,0.22837,0.00469,0.03114,1.80276,0.00492,0.7282,0.0271,0.7355,0.03568,0.00266
10,tour,0,12,15,0.80,true,0.21863,0.00462,0.04542,1.82680,0.00495,0.8211,0.0141,0.8319,0.05971,0.00299
10,tour,0,12,15,0.90,true,0.20938,0.00455,0.06320,1.85383,0.00499,0.9163,0.0063,0.9298,0.08674,0.00325
10,tour,0,12,15,1.00,true,0.20112,0.00448,0.08421,1.88309,0.00506,1.0151,0.0039,1.0283,0.11601,0.00346
10,tour,0,12,15,1.10,true,0.19050,0.00439,0.10826,1.91776,0.00510,1.1133,0.0019,1.1268,0.15068,0.00370
10,tour,0,12,15,1.20,true,0.18188,0.00431,0.13474,1.95286,0.00517,1.2129,0.0009,1.2262,0.18578,0.00391
10,tour,0,12,20,0.00,true,0.11762,0.00360,0.00355,1.88592,0.00362,0.3137,0.5454,0.3822,0.02460,0.00292
10,tour,0,12,20,0.10,true,0.13150,0.00378,0.00432,1.87282,0.00380,0.3623,0.4459,0.3957,0.01150,0.00237
10,tour,0,12,20,0.20,true,0.14288,0.00391,0.00631,1.86344,0.00395,0.4137,0.3497,0.4263,0.00212,0.00170
10,tour,0,12,20,0.30,true,0.14850,0.00398,0.00982,1.86132,0.00404,0.4729,0.2676,0.4720,0.00000,0.00000
10,tour,0,12,20,0.40,true,0.15338,0.00403,0.01519,1.86181,0.00413,0.5365,0.1965,0.5315,0.00049,0.00161
10,tour,0,12,20,0.50,true,0.15600,0.00406,0.02283,1.86683,0.00421,0.6072,0.1401,0.6029,0.00550,0.00218
10,tour,0,12,20,0.60,true,0.15500,0.00405,0.03297,1.87797,0.00426,0.6809,0.0950,0.6818,0.01664,0.00256
10,tour,0,12,20,0.70,true,0.15288,0.00402,0.04603,1.89315,0.00432,0.7615,0.0629,0.7677,0.03183,0.00287
10,tour,0,12,20,0.80,true,0.14963,0.00399,0.06203,1.91240,0.00439,0.8465,0.0404,0.8578,0.05108,0.00308
10,tour,0,12,20,0.90,true,0.14300,0.00391,0.08109,1.93809,0.00443,0.9345,0.0242,0.9508,0.07677,0.00332
10,tour,0,12,20,1.00,true,0.13562,0.00383,0.10301,1.96739,0.00446,1.0285,0.0161,1.0460,0.10606,0.00354
10,tour,0,12,20,1.10,true,0.13087,0.00377,0.12715,1.99627,0.00453,1.1246,0.0104,1.1434,0.13495,0.00373
10,tour,0,12,20,1.20,true,0.12400,0.00368,0.15359,2.02959,0.00457,1.2208,0.0061,1.2411,0.16826,0.00392
10,scratch,0,12,10,0.00,true,0.23663,0.00475,0.00010,1.76348,0.00475,0.1783,0.6196,0.2125,0.10860,0.00452
10,scratch,0,12,10,0.10,true,0.29413,0.00509,0.00023,1.70611,0.00510,0.2245,0.4317,0.2281,0.05124,0.00363
10,scratch,0,12,10,0.20,true,0.33425,0.00527,0.00071,1.66646,0.00528,0.2821,0.2557,0.2771,0.01159,0.00247
10,scratch,0,12,10,0.30,true,0.34713,0.00532,0.00200,1.65487,0.00534,0.3516,0.1333,0.3491,0.00000,0.00000
10,scratch,0,12,10,0.40,true,0.34413,0.00531,0.00476,1.66064,0.00535,0.4310,0.0616,0.4347,0.00577,0.00203
10,scratch,0,12,10,0.50,true,0.33637,0.00528,0.00974,1.67336,0.00537,0.5196,0.0249,0.5287,0.01849,0.00267
10,scratch,0,12,10,0.60,true,0.32462,0.00524,0.01788,1.69326,0.00539,0.6146,0.0093,0.6261,0.03839,0.00305
10,scratch,0,12,10,0.70,true,0.31088,0.00517,0.02989,1.71901,0.00542,0.7120,0.0042,0.7235,0.06414,0.00334
10,scratch,0,12,10,0.80,true,0.29925,0.00512,0.04598,1.74673,0.00550,0.8107,0.0011,0.8226,0.09185,0.00359
10,scratch,0,12,10,0.90,true,0.28350,0.00504,0.06648,1.78298,0.00556,0.9099,0.0002,0.9213,0.12811,0.00388
10,scratch,0,12,10,1.00,true,0.26825,0.00495,0.09097,1.82272,0.00564,1.0098,0.0000,1.0206,0.16785,0.00415
10,scratch,0,12,10,1.10,true,0.25300,0.00486,0.11876,1.86576,0.00573,1.1094,0.0000,1.1195,0.21088,0.00440
10,scratch,0,12,10,1.20,true,0.23938,0.00477,0.14902,1.90964,0.00581,1.2093,0.0000,1.2190,0.25477,0.00464
10,scratch,0,12,15,0.00,true,0.13762,0.00385,0.00194,1.86432,0.00386,0.2593,0.5683,0.3154,0.04790,0.00336
10,scratch,0,12,15,0.10,true,0.16187,0.00412,0.00263,1.84075,0.00413,0.3052,0.4425,0.3296,0.02434,0.00284
10,scratch,0,12,15,0.20,true,0.18025,0.00430,0.00451,1.82426,0.00433,0.3569,0.3237,0.3650,0.00784,0.00207
10,scratch,0,12,15,0.30,true,0.19162,0.00440,0.00804,1.81641,0.00445,0.4184,0.2244,0.4197,0.00000,0.00000
10,scratch,0,12,15,0.40,true,0.19362,0.00442,0.01371,1.82009,0.00451,0.4870,0.1494,0.4877,0.00367,0.00178
10,scratch,0,12,15,0.50,true,0.19600,0.00444,0.02213,1.82613,0.00459,0.5646,0.0948,0.5687,0.00972,0.00242
10,scratch,0,12,15,0.60,true,0.19312,0.00441,0.03390,1.84077,0.00465,0.6476,0.0596,0.6553,0.02436,0.00276
10,scratch,0,12,15,0.70,true,0.18812,0.00437,0.04904,1.86091,0.00471,0.7358,0.0373,0.7465,0.04450,0.00307
10,scratch,0,12,15,0.80,true,0.18175,0.00431,0.06796,1.88621,0.00477,0.8259,0.0209,0.8409,0.06980,0.00332
10,scratch,0,12,15,0.90,true,0.17438,0.00424,0.09027,1.91590,0.00484,0.9197,0.0118,0.9370,0.09949,0.00357
10,scratch,0,12,15,1.00,true,0.16700,0.00417,0.11576,1.94876,0.00491,1.0147,0.0056,1.0343,0.13235,0.00378
10,scratch,0,12,15,1.10,true,0.15775,0.00408,0.14432,1.98657,0.00496,1.1136,0.0036,1.1326,0.17016,0.00400
10,scratch,0,12,15,1.20,true,0.14750,0.00396,0.17535,2.02785,0.00500,1.2122,0.0018,1.2315,0.21144,0.00419
10,scratch,0,12,20,0.00,true,0.09275,0.00324,0.00820,1.91545,0.00329,0.3362,0.5342,0.4247,0.01332,0.00213
10,scratch,0,12,20,0.10,true,0.10287,0.00340,0.00960,1.90673,0.00345,0.3843,0.4434,0.4384,0.00459,0.00155
10,scratch,0,12,20,0.20,true,0.11088,0.00351,0.01301,1.90214,0.00359,0.4351,0.3555,0.4675,0.00000,0.00000
10,scratch,0,12,20,0.30,true,0.11550,0.00357,0.01871,1.90321,0.00369,0.4924,0.2780,0.5109,0.00108,0.00146
10,scratch,0,12,20,0.40,true,0.11912,0.00362,0.02696,1.90783,0.00379,0.5547,0.2099,0.5676,0.00570,0.00204
10,scratch,0,12,20,0.50,true,0.11975,0.00363,0.03810,1.91835,0.00387,0.6222,0.1535,0.6347,0.01621,0.00246
10,scratch,0,12,20,0.60,true,0.12025,0.00364,0.05214,1.93189,0.00397,0.6965,0.1121,0.7098,0.02975,0.00271
10,scratch,0,12,20,0.70,true,0.11762,0.00360,0.06959,1.95196,0.00404,0.7741,0.0773,0.7922,0.04982,0.00300
10,scratch,0,12,20,0.80,true,0.11475,0.00356,0.08987,1.97512,0.00412,0.8549,0.0513,0.8787,0.07298,0.00321
10,scratch,0,12,20,0.90,true,0.11088,0.00351,0.11308,2.00221,0.00420,0.9424,0.0349,0.9690,0.10007,0.00340
10,scratch,0,12,20,1.00,true,0.10675,0.00345,0.13884,2.03209,0.00427,1.0325,0.0227,1.0622,0.12996,0.00360
10,scratch,0,12,20,1.10,true,0.10250,0.00339,0.16671,2.06422,0.00435,1.1260,0.0150,1.1573,0.16208,0.00378
10,scratch,0,12,20,1.20,true,0.09675,0.00331,0.19677,2.10002,0.00439,1.2227,0.0101,1.2547,0.19788,0.00398
10,mid,0,12,10,0.00,true,0.18538,0.00434,0.00070,1.81533,0.00435,0.1944,0.5958,0.2381,0.07505,0.00411
10,mid,0,12,10,0.10,true,0.22387,0.00466,0.00124,1.77737,0.00467,0.2410,0.4266,0.2547,0.03709,0.00333
10,mid,0,12,10,0.20,true,0.25300,0.00486,0.00297,1.74997,0.00488,0.2950,0.2676,0.2996,0.00969,0.00228
10,mid,0,12,10,0.30,true,0.26650,0.00494,0.00678,1.74028,0.00499,0.3622,0.1505,0.3678,0.00000,0.00000
10,mid,0,12,10,0.40,true,0.26475,0.00493,0.01356,1.74881,0.00504,0.4397,0.0801,0.4487,0.00853,0.00195
10,mid,0,12,10,0.50,true,0.25750,0.00489,0.02442,1.76692,0.00508,0.5248,0.0399,0.5379,0.02664,0.00257
10,mid,0,12,10,0.60,true,0.24775,0.00483,0.04001,1.79226,0.00513,0.6132,0.0151,0.6315,0.05198,0.00297
10,mid,0,12,10,0.70,true,0.23625,0.00475,0.06073,1.82448,0.00520,0.7089,0.0070,0.7274,0.08420,0.00327
10,mid,0,12,10,0.80,true,0.22375,0.00466,0.08644,1.86269,0.00528,0.8075,0.0040,0.8251,0.12241,0.00357
10,mid,0,12,10,0.90,true,0.21350,0.00458,0.11640,1.90290,0.00539,0.9064,0.0013,0.9244,0.16262,0.00383
10,mid,0,12,10,1.00,true,0.20062,0.00448,0.15017,1.94955,0.00547,1.0065,0.0003,1.0241,0.20927,0.00411
10,mid,0,12,10,1.10,true,0.18912,0.00438,0.18581,1.99669,0.00555,1.1063,0.0000,1.1233,0.25641,0.00432
10,mid,0,12,10,1.20,true,0.17913,0.00429,0.22251,2.04339,0.00562,1.2063,0.0000,1.2228,0.30311,0.00452
10,mid,0,12,15,0.00,true,0.09838,0.00333,0.00761,1.90924,0.00337,0.2827,0.5523,0.3639,0.02145,0.00297
10,mid,0,12,15,0.10,true,0.11163,0.00352,0.00953,1.89791,0.00357,0.3274,0.4369,0.3789,0.01012,0.00244
10,mid,0,12,15,0.20,true,0.12500,0.00370,0.01405,1.88905,0.00378,0.3809,0.3323,0.4140,0.00126,0.00168
10,mid,0,12,15,0.30,true,0.13387,0.00381,0.02166,1.88779,0.00395,0.4406,0.2426,0.4647,0.00000,0.00000
10,mid,0,12,15,0.40,true,0.13850,0.00386,0.03279,1.89429,0.00408,0.5068,0.1699,0.5288,0.00650,0.00156
10,mid,0,12,15,0.50,true,0.13912,0.00387,0.04782,1.90870,0.00419,0.5784,0.1146,0.6024,0.02091,0.00210
10,mid,0,12,15,0.60,true,0.13875,0.00386,0.06712,1.92838,0.00431,0.6590,0.0771,0.6849,0.04059,0.00249
10,mid,0,12,15,0.70,true,0.13437,0.00381,0.09056,1.95619,0.00440,0.7423,0.0498,0.7715,0.06840,0.00280
10,mid,0,12,15,0.80,true,0.12912,0.00375,0.11765,1.98852,0.00449,0.8308,0.0329,0.8618,0.10073,0.00305
10,mid,0,12,15,0.90,true,0.12275,0.00367,0.14803,2.02529,0.00456,0.9219,0.0199,0.9558,0.13750,0.00335
10,mid,0,12,15,1.00,true,0.11663,0.00359,0.18090,2.06428,0.00463,1.0157,0.0122,1.0512,0.17649,0.00357
10,mid,0,12,15,1.10,true,0.10850,0.00348,0.21588,2.10739,0.00466,1.1106,0.0067,1.1474,0.21960,0.00377
10,mid,0,12,15,1.20,true,0.10275,0.00339,0.25126,2.14853,0.00471,1.2072,0.0039,1.2443,0.26074,0.00392
10,mid,0,12,20,0.00,true,0.06275,0.00271,0.02753,1.96478,0.00287,0.3658,0.5255,0.5048,0.00272,0.00125
10,mid,0,12,20,0.10,true,0.06863,0.00283,0.03069,1.96206,0.00301,0.4125,0.4417,0.5199,0.00000,0.00000
10,mid,0,12,20,0.20,true,0.07425,0.00293,0.03736,1.96311,0.00316,0.4655,0.3648,0.5492,0.00105,0.00127
10,mid,0,12,20,0.30,true,0.07712,0.00298,0.04766,1.97054,0.00328,0.5197,0.2912,0.5903,0.00847,0.00174
10,mid,0,12,20,0.40,true,0.07900,0.00302,0.06172,1.98272,0.00341,0.5828,0.2322,0.6423,0.02066,0.00208
10,mid,0,12,20,0.50,true,0.08100,0.00305,0.07931,1.99831,0.00355,0.6472,0.1775,0.7045,0.03625,0.00240
10,mid,0,12,20,0.60,true,0.08088,0.00305,0.10048,2.01961,0.00368,0.7185,0.1349,0.7748,0.05755,0.00271
10,mid,0,12,20,0.70,true,0.07975,0.00303,0.12486,2.04511,0.00379,0.7921,0.0985,0.8516,0.08305,0.00298
10,mid,0,12,20,0.80,true,0.07825,0.00300,0.15208,2.07383,0.00391,0.8719,0.0715,0.9340,0.11177,0.00323
10,mid,0,12,20,0.90,true,0.07437,0.00293,0.18142,2.10706,0.00398,0.9520,0.0489,1.0191,0.14499,0.00342
10,mid,0,12,20,1.00,true,0.07000,0.00285,0.21274,2.14275,0.00402,1.0391,0.0349,1.1075,0.18069,0.00360
10,mid,0,12,20,1.10,true,0.06788,0.00281,0.24513,2.17727,0.00410,1.1287,0.0236,1.1996,0.21521,0.00378
10,mid,0,12,20,1.20,true,0.06450,0.00275,0.27826,2.21379,0.00414,1.2210,0.0166,1.2925,0.25172,0.00390
10,high,0,12,10,0.00,true,0.14775,0.00397,0.00263,1.85488,0.00398,0.2125,0.5792,0.2677,0.04557,0.00369
10,high,0,12,10,0.10,true,0.17638,0.00426,0.00412,1.82775,0.00429,0.2582,0.4254,0.2849,0.01843,0.00301
10,high,0,12,10,0.20,true,0.19675,0.00444,0.00830,1.81155,0.00450,0.3122,0.2842,0.3271,0.00224,0.00205
10,high,0,12,10,0.30,true,0.20675,0.00453,0.01607,1.80932,0.00464,0.3768,0.1762,0.3896,0.00000,0.00000
10,high,0,12,10,0.40,true,0.20750,0.00453,0.02845,1.82095,0.00474,0.4496,0.1002,0.4662,0.01164,0.00183
10,high,0,12,10,0.50,true,0.20312,0.00450,0.04646,1.84333,0.00484,0.5322,0.0547,0.5526,0.03402,0.00244
10,high,0,12,10,0.60,true,0.19587,0.00444,0.07011,1.87423,0.00494,0.6201,0.0289,0.6437,0.06492,0.00284
10,high,0,12,10,0.70,true,0.18663,0.00436,0.09947,1.91285,0.00505,0.7117,0.0129,0.7385,0.10354,0.00320
10,high,0,12,10,0.80,true,0.17813,0.00428,0.13347,1.95535,0.00517,0.8081,0.0065,0.8351,0.14603,0.00349
10,high,0,12,10,0.90,true,0.16800,0.00418,0.17110,2.00311,0.00527,0.9058,0.0042,0.9317,0.19380,0.00375
10,high,0,12,10,1.00,true,0.15825,0.00408,0.21142,2.05320,0.00536,1.0039,0.0016,1.0303,0.24388,0.00401
10,high,0,12,10,1.10,true,0.14925,0.00398,0.25266,2.10345,0.00544,1.1021,0.0006,1.1282,0.29413,0.00421
10,high,0,12,10,1.20,true,0.14062,0.00389,0.29423,2.15367,0.00549,1.2010,0.0001,1.2267,0.34435,0.00438
10,high,0,12,15,0.00,true,0.07387,0.00292,0.02227,1.94839,0.00305,0.3106,0.5456,0.4196,0.00997,0.00223
10,high,0,12,15,0.10,true,0.08500,0.00312,0.02587,1.94087,0.00327,0.3539,0.4395,0.4360,0.00245,0.00165
10,high,0,12,15,0.20,true,0.09538,0.00328,0.03380,1.93842,0.00350,0.4074,0.3457,0.4699,0.00000,0.00000
10,high,0,12,15,0.30,true,0.10138,0.00337,0.04638,1.94501,0.00368,0.4645,0.2615,0.5174,0.00658,0.00145
10,high,0,12,15,0.40,true,0.10487,0.00343,0.06375,1.95888,0.00385,0.5305,0.1931,0.5785,0.02046,0.00214
10,high,0,12,15,0.50,true,0.10412,0.00341,0.08579,1.98167,0.00398,0.6004,0.1390,0.6477,0.04324,0.00254
10,high,0,12,15,0.60,true,0.10262,0.00339,0.11219,2.00957,0.00412,0.6756,0.0976,0.7247,0.07115,0.00288
10,high,0,12,15,0.70,true,0.09975,0.00335,0.14245,2.04271,0.00424,0.7558,0.0675,0.8074,0.10429,0.00316
10,high,0,12,15,0.80,true,0.09525,0.00328,0.17585,2.08062,0.00434,0.8397,0.0467,0.8932,0.14220,0.00338
10,high,0,12,15,0.90,true,0.09112,0.00322,0.21203,2.12094,0.00444,0.9288,0.0322,0.9840,0.18252,0.00363
10,high,0,12,15,1.00,true,0.08700,0.00315,0.24962,2.16268,0.00452,1.0190,0.0209,1.0767,0.22426,0.00383
10,high,0,12,15,1.10,true,0.08250,0.00308,0.28810,2.20568,0.00457,1.1117,0.0139,1.1707,0.26726,0.00399
10,high,0,12,15,1.20,true,0.07800,0.00300,0.32699,2.24910,0.00460,1.2067,0.0088,1.2668,0.31068,0.00414
10,high,0,12,20,0.00,true,0.04850,0.00240,0.07108,2.02258,0.00284,0.3995,0.5226,0.5969,0.00000,0.00000
10,high,0,12,20,0.10,true,0.05187,0.00248,0.07660,2.02472,0.00296,0.4470,0.4465,0.6138,0.00214,0.00118
10,high,0,12,20,0.20,true,0.05462,0.00254,0.08678,2.03216,0.00309,0.5001,0.3772,0.6426,0.00958,0.00168
10,high,0,12,20,0.30,true,0.05800,0.00261,0.10133,2.04334,0.00326,0.5529,0.3088,0.6827,0.02076,0.00206
10,high,0,12,20,0.40,true,0.05800,0.00261,0.12013,2.06214,0.00338,0.6148,0.2545,0.7312,0.03956,0.00238
10,high,0,12,20,0.50,true,0.05738,0.00260,0.14279,2.08543,0.00350,0.6765,0.2022,0.7886,0.06285,0.00266
10,high,0,12,20,0.60,true,0.05738,0.00260,0.16880,2.11145,0.00364,0.7453,0.1603,0.8543,0.08887,0.00296
10,high,0,12,20,0.70,true,0.05625,0.00258,0.19772,2.14151,0.00376,0.8166,0.1238,0.9264,0.11893,0.00323
10,high,0,12,20,0.80,true,0.05437,0.00254,0.22861,2.17430,0.00385,0.8898,0.0933,1.0028,0.15172,0.00345
10,high,0,12,20,0.90,true,0.05425,0.00253,0.26093,2.20676,0.00397,0.9700,0.0716,1.0843,0.18418,0.00365
10,high,0,12,20,1.00,true,0.05275,0.00250,0.29488,2.24225,0.00405,1.0525,0.0525,1.1704,0.21967,0.00386
10,high,0,12,20,1.10,true,0.05112,0.00246,0.32897,2.27801,0.00411,1.1366,0.0375,1.2582,0.25543,0.00401
10,high,0,12,20,1.20,true,0.04688,0.00236,0.36390,2.31724,0.00408,1.2264,0.0287,1.3476,0.29466,0.00413
10,hcp30,0,12,10,0.00,true,0.12962,0.00376,0.08981,1.96072,0.00440,0.4191,0.5782,0.4470,0.01186,0.00287
10,hcp30,0,12,10,0.10,true,0.14688,0.00396,0.09549,1.94926,0.00467,0.4722,0.5001,0.4644,0.00040,0.00197
10,hcp30,0,12,10,0.20,true,0.15925,0.00409,0.10725,1.94886,0.00492,0.5254,0.4231,0.4947,0.00000,0.00000
10,hcp30,0,12,10,0.30,true,0.16450,0.00414,0.12518,1.96189,0.00513,0.5874,0.3550,0.5382,0.01303,0.00203
10,hcp30,0,12,10,0.40,true,0.17175,0.00422,0.14716,1.97711,0.00539,0.6499,0.2893,0.5945,0.02824,0.00285
10,hcp30,0,12,10,0.50,true,0.17375,0.00424,0.17257,2.00116,0.00560,0.7177,0.2359,0.6587,0.05230,0.00346
10,hcp30,0,12,10,0.60,true,0.17638,0.00426,0.20138,2.02820,0.00583,0.7936,0.1915,0.7338,0.07934,0.00404
10,hcp30,0,12,10,0.70,true,0.17600,0.00426,0.23225,2.06052,0.00603,0.8673,0.1496,0.8149,0.11165,0.00453
10,hcp30,0,12,10,0.80,true,0.17413,0.00424,0.26401,2.09545,0.00621,0.9496,0.1212,0.9000,0.14658,0.00494
10,hcp30,0,12,10,0.90,true,0.17087,0.00421,0.29657,2.13281,0.00635,1.0305,0.0950,0.9884,0.18394,0.00530
10,hcp30,0,12,10,1.00,true,0.16650,0.00416,0.32975,2.17219,0.00647,1.1176,0.0760,1.0807,0.22333,0.00564
10,hcp30,0,12,10,1.10,true,0.15850,0.00408,0.36416,2.21682,0.00652,1.2074,0.0600,1.1766,0.26796,0.00596
10,hcp30,0,12,10,1.20,true,0.15200,0.00401,0.39740,2.25905,0.00657,1.2997,0.0473,1.2747,0.31019,0.00625
10,hcp30,0,12,15,0.00,true,0.07587,0.00296,0.19375,2.12063,0.00430,0.6117,0.5436,0.6680,0.00006,0.00168
10,hcp30,0,12,15,0.10,true,0.08225,0.00307,0.19980,2.12057,0.00446,0.6625,0.4871,0.6866,0.00000,0.00000
10,hcp30,0,12,15,0.20,true,0.08500,0.00312,0.21023,2.12867,0.00458,0.7178,0.4357,0.7133,0.00810,0.00151
10,hcp30,0,12,15,0.30,true,0.08712,0.00315,0.22444,2.14137,0.00471,0.7805,0.3908,0.7492,0.02080,0.00227
10,hcp30,0,12,15,0.40,true,0.09137,0.00322,0.24176,2.15526,0.00489,0.8409,0.3438,0.7956,0.03469,0.00290
10,hcp30,0,12,15,0.50,true,0.09463,0.00327,0.26082,2.17208,0.00506,0.9041,0.3028,0.8474,0.05151,0.00338
10,hcp30,0,12,15,0.60,true,0.09413,0.00326,0.28294,2.19595,0.00518,0.9703,0.2648,0.9061,0.07538,0.00386
10,hcp30,0,12,15,0.70,true,0.09350,0.00325,0.30651,2.22162,0.00529,1.0406,0.2322,0.9706,0.10105,0.00430
10,hcp30,0,12,15,0.80,true,0.09475,0.00327,0.33125,2.24685,0.00544,1.1158,0.2026,1.0434,0.12628,0.00474
10,hcp30,0,12,15,0.90,true,0.09200,0.00323,0.35745,2.27779,0.00551,1.1871,0.1730,1.1190,0.15722,0.00513
10,hcp30,0,12,15,1.00,true,0.08925,0.00319,0.38391,2.30927,0.00557,1.2695,0.1533,1.1980,0.18870,0.00546
10,hcp30,0,12,15,1.10,true,0.08775,0.00316,0.41002,2.33937,0.00563,1.3473,0.1318,1.2808,0.21880,0.00576
10,hcp30,0,12,15,1.20,true,0.08538,0.00312,0.43563,2.37009,0.00568,1.4265,0.1137,1.3647,0.24952,0.00599
10,hcp30,0,12,20,0.00,true,0.05287,0.00250,0.29136,2.24523,0.00433,0.7915,0.5167,0.8884,0.00000,0.00000
10,hcp30,0,12,20,0.10,true,0.05450,0.00254,0.29778,2.25042,0.00440,0.8482,0.4782,0.9067,0.00519,0.00123
10,hcp30,0,12,20,0.20,true,0.05550,0.00256,0.30664,2.25889,0.00447,0.9051,0.4403,0.9323,0.01365,0.00187
10,hcp30,0,12,20,0.30,true,0.05638,0.00258,0.31762,2.26980,0.00454,0.9594,0.4020,0.9642,0.02457,0.00237
10,hcp30,0,12,20,0.40,true,0.05688,0.00259,0.33069,2.28341,0.00462,1.0253,0.3712,1.0028,0.03818,0.00286
10,hcp30,0,12,20,0.50,true,0.05825,0.00262,0.34544,2.29806,0.00473,1.0853,0.3370,1.0484,0.05283,0.00332
10,hcp30,0,12,20,0.60,true,0.05862,0.00263,0.36161,2.31534,0.00481,1.1485,0.3061,1.0987,0.07011,0.00375
10,hcp30,0,12,20,0.70,true,0.05763,0.00261,0.37943,2.33591,0.00487,1.2155,0.2782,1.1541,0.09068,0.00417
10,hcp30,0,12,20,0.80,true,0.05538,0.00256,0.39805,2.35877,0.00490,1.2834,0.2526,1.2129,0.11353,0.00453
10,hcp30,0,12,20,0.90,true,0.05450,0.00254,0.41683,2.38064,0.00496,1.3552,0.2302,1.2767,0.13540,0.00485
10,hcp30,0,12,20,1.00,true,0.05225,0.00249,0.43728,2.40583,0.00498,1.4260,0.2069,1.3456,0.16060,0.00520
10,hcp30,0,12,20,1.10,true,0.05112,0.00246,0.45711,2.42947,0.00502,1.4969,0.1855,1.4172,0.18423,0.00548
10,hcp30,0,12,20,1.20,true,0.04963,0.00243,0.47724,2.45402,0.00505,1.5755,0.1689,1.4922,0.20879,0.00574
10,tour,1,12,10,0.00,true,0.29738,0.00511,0.00003,1.70265,0.00511,0.1622,0.6424,0.1940,0.12832,0.00481
10,tour,1,12,10,0.10,true,0.36638,0.00539,0.00007,1.63370,0.00539,0.2098,0.4287,0.2099,0.05937,0.00382
10,tour,1,12,10,0.20,true,0.41300,0.00550,0.00029,1.58729,0.00551,0.2718,0.2447,0.2620,0.01296,0.00258
10,tour,1,12,10,0.30,true,0.42662,0.00553,0.00095,1.57433,0.00554,0.3444,0.1188,0.3384,0.00000,0.00000
10,tour,1,12,10,0.40,true,0.42688,0.00553,0.00251,1.57563,0.00556,0.4284,0.0489,0.4299,0.00131,0.00214
10,tour,1,12,10,0.50,true,0.41563,0.00551,0.00568,1.59005,0.00557,0.5189,0.0171,0.5257,0.01572,0.00269
10,tour,1,12,10,0.60,true,0.40313,0.00548,0.01120,1.60808,0.00559,0.6152,0.0063,0.6234,0.03375,0.00305
10,tour,1,12,10,0.70,true,0.38988,0.00545,0.01959,1.62971,0.00564,0.7114,0.0025,0.7197,0.05539,0.00333
10,tour,1,12,10,0.80,true,0.37388,0.00541,0.03181,1.65794,0.00571,0.8104,0.0012,0.8183,0.08361,0.00361
10,tour,1,12,10,0.90,true,0.35938,0.00536,0.04831,1.68893,0.00580,0.9125,0.0004,0.9201,0.11460,0.00389
10,tour,1,12,10,1.00,true,0.34500,0.00531,0.06764,1.72264,0.00591,1.0094,0.0000,1.0168,0.14831,0.00414
10,tour,1,12,10,1.10,true,0.33050,0.00526,0.09101,1.76051,0.00603,1.1101,0.0000,1.1169,0.18618,0.00440
10,tour,1,12,10,1.20,true,0.31300,0.00518,0.11899,1.80599,0.00615,1.2158,0.0000,1.2223,0.23166,0.00469
10,tour,1,12,15,0.00,true,0.17375,0.00424,0.00070,1.82695,0.00424,0.2486,0.5873,0.2833,0.06990,0.00384
10,tour,1,12,15,0.10,true,0.21025,0.00456,0.00121,1.79096,0.00456,0.2928,0.4481,0.2981,0.03391,0.00319
10,tour,1,12,15,0.20,true,0.23425,0.00474,0.00247,1.76822,0.00475,0.3445,0.3146,0.3362,0.01117,0.00216
10,tour,1,12,15,0.30,true,0.24775,0.00483,0.00480,1.75705,0.00486,0.4060,0.2089,0.3939,0.00000,0.00000
10,tour,1,12,15,0.40,true,0.25125,0.00485,0.00876,1.75751,0.00491,0.4782,0.1339,0.4667,0.00046,0.00195
10,tour,1,12,15,0.50,true,0.25338,0.00486,0.01500,1.76162,0.00498,0.5573,0.0763,0.5534,0.00457,0.00262
10,tour,1,12,15,0.60,true,0.25138,0.00485,0.02390,1.77252,0.00503,0.6425,0.0422,0.6449,0.01547,0.00295
10,tour,1,12,15,0.70,true,0.24475,0.00481,0.03580,1.79105,0.00508,0.7311,0.0215,0.7388,0.03400,0.00323
10,tour,1,12,15,0.80,true,0.23763,0.00476,0.05122,1.81359,0.00514,0.8259,0.0123,0.8352,0.05654,0.00344
10,tour,1,12,15,0.90,true,0.22925,0.00470,0.07020,1.84095,0.00521,0.9229,0.0062,0.9338,0.08390,0.00365
10,tour,1,12,15,1.00,true,0.22025,0.00463,0.09230,1.87205,0.00529,1.0214,0.0037,1.0323,0.11500,0.00387
10,tour,1,12,15,1.10,true,0.21025,0.00456,0.11730,1.90705,0.00536,1.1190,0.0016,1.1306,0.15000,0.00408
10,tour,1,12,15,1.20,true,0.20025,0.00447,0.14537,1.94512,0.00544,1.2193,0.0006,1.2310,0.18807,0.00428
10,tour,1,12,20,0.00,true,0.11513,0.00357,0.00354,1.88842,0.00359,0.3183,0.5539,0.3743,0.03233,0.00329
10,tour,1,12,20,0.10,true,0.13025,0.00376,0.00468,1.87443,0.00379,0.3605,0.4467,0.3871,0.01834,0.00284
10,tour,1,12,20,0.20,true,0.14363,0.00392,0.00711,1.86348,0.00396,0.4103,0.3468,0.4182,0.00739,0.00232
10,tour,1,12,20,0.30,true,0.15125,0.00401,0.01122,1.85997,0.00408,0.4706,0.2644,0.4652,0.00388,0.00166
10,tour,1,12,20,0.40,true,0.16112,0.00411,0.01721,1.85609,0.00422,0.5359,0.1942,0.5265,0.00000,0.00000
10,tour,1,12,20,0.50,true,0.16412,0.00414,0.02594,1.86181,0.00431,0.6102,0.1385,0.6008,0.00572,0.00162
10,tour,1,12,20,0.60,true,0.16375,0.00414,0.03713,1.87338,0.00439,0.6853,0.0942,0.6813,0.01729,0.00221
10,tour,1,12,20,0.70,true,0.16375,0.00414,0.05136,1.88761,0.00448,0.7668,0.0622,0.7687,0.03152,0.00260
10,tour,1,12,20,0.80,true,0.15862,0.00408,0.06885,1.91022,0.00454,0.8540,0.0420,0.8594,0.05413,0.00290
10,tour,1,12,20,0.90,true,0.15600,0.00406,0.08965,1.93365,0.00464,0.9467,0.0273,0.9561,0.07756,0.00313
10,tour,1,12,20,1.00,true,0.15088,0.00400,0.11254,1.96166,0.00472,1.0379,0.0172,1.0508,0.10557,0.00335
10,tour,1,12,20,1.10,true,0.14175,0.00390,0.13853,1.99678,0.00475,1.1314,0.0103,1.1469,0.14069,0.00355
10,tour,1,12,20,1.20,true,0.13500,0.00382,0.16651,2.03151,0.00481,1.2290,0.0066,1.2454,0.17542,0.00375
10,tour,1,3,10,0.00,true,0.25900,0.00490,0.00003,1.74103,0.00490,0.1534,0.6243,0.1992,0.12601,0.00517
10,tour,1,3,10,0.10,true,0.33275,0.00527,0.00007,1.66732,0.00527,0.2127,0.4120,0.2174,0.05231,0.00395
10,tour,1,3,10,0.20,true,0.37075,0.00540,0.00029,1.62954,0.00540,0.2749,0.2280,0.2711,0.01452,0.00256
10,tour,1,3,10,0.30,true,0.38588,0.00544,0.00089,1.61501,0.00545,0.3437,0.1142,0.3436,0.00000,0.00000
10,tour,1,3,10,0.40,true,0.38275,0.00543,0.00237,1.61962,0.00546,0.4252,0.0557,0.4284,0.00461,0.00207
10,tour,1,3,10,0.50,true,0.37700,0.00542,0.00523,1.62823,0.00547,0.5121,0.0245,0.5194,0.01321,0.00266
10,tour,1,3,10,0.60,true,0.36525,0.00538,0.01057,1.64532,0.00548,0.6097,0.0073,0.6208,0.03030,0.00311
10,tour,1,3,10,0.70,true,0.35013,0.00533,0.01900,1.66888,0.00550,0.7094,0.0035,0.7203,0.05386,0.00340
10,tour,1,3,10,0.80,true,0.33513,0.00528,0.03149,1.69637,0.00555,0.8114,0.0013,0.8223,0.08135,0.00367
10,tour,1,3,10,0.90,true,0.31962,0.00521,0.04779,1.72816,0.00561,0.9110,0.0002,0.9219,0.11315,0.00394
10,tour,1,3,10,1.00,true,0.30700,0.00516,0.06804,1.76104,0.00571,1.0123,0.0000,1.0229,0.14602,0.00415
10,tour,1,3,10,1.10,true,0.29387,0.00509,0.09158,1.79771,0.00581,1.1135,0.0000,1.1237,0.18269,0.00440
10,tour,1,3,10,1.20,true,0.28000,0.00502,0.11548,1.83548,0.00589,1.2050,0.0000,1.2150,0.22046,0.00462
10,tour,1,3,15,0.00,true,0.15563,0.00405,0.00058,1.84496,0.00406,0.2216,0.5803,0.2874,0.06513,0.00457
10,tour,1,3,15,0.10,true,0.18987,0.00438,0.00094,1.81107,0.00439,0.2885,0.4360,0.3039,0.03124,0.00364
10,tour,1,3,15,0.20,true,0.20975,0.00455,0.00187,1.79212,0.00456,0.3407,0.3217,0.3390,0.01229,0.00300
10,tour,1,3,15,0.30,true,0.22212,0.00465,0.00386,1.78174,0.00467,0.4018,0.2182,0.3947,0.00191,0.00198
10,tour,1,3,15,0.40,true,0.22750,0.00469,0.00733,1.77983,0.00474,0.4704,0.1395,0.4652,0.00000,0.00000
10,tour,1,3,15,0.50,true,0.23025,0.00471,0.01271,1.78246,0.00480,0.5448,0.0825,0.5461,0.00263,0.00189
10,tour,1,3,15,0.60,true,0.22862,0.00470,0.02137,1.79275,0.00485,0.6328,0.0441,0.6408,0.01292,0.00242
10,tour,1,3,15,0.70,true,0.22225,0.00465,0.03342,1.81117,0.00489,0.7258,0.0227,0.7384,0.03134,0.00282
10,tour,1,3,15,0.80,true,0.21363,0.00458,0.04733,1.83371,0.00491,0.8126,0.0132,0.8269,0.05388,0.00310
10,tour,1,3,15,0.90,true,0.20513,0.00451,0.06544,1.86031,0.00496,0.9072,0.0060,0.9238,0.08049,0.00336
10,tour,1,3,15,1.00,true,0.19562,0.00444,0.08605,1.89043,0.00501,0.9999,0.0022,1.0177,0.11060,0.00359
10,tour,1,3,15,1.10,true,0.18438,0.00434,0.11167,1.92729,0.00505,1.1031,0.0011,1.1204,0.14747,0.00383
10,tour,1,3,15,1.20,true,0.17613,0.00426,0.13852,1.96239,0.00512,1.2033,0.0002,1.2205,0.18256,0.00405
10,tour,1,3,20,0.00,true,0.10725,0.00346,0.00421,1.89696,0.00348,0.2975,0.5486,0.3860,0.03321,0.00367
10,tour,1,3,20,0.10,true,0.12637,0.00371,0.00507,1.87869,0.00374,0.3627,0.4427,0.4002,0.01494,0.00282
10,tour,1,3,20,0.20,true,0.13950,0.00387,0.00719,1.86769,0.00392,0.4154,0.3537,0.4309,0.00394,0.00197
10,tour,1,3,20,0.30,true,0.14750,0.00396,0.01125,1.86375,0.00403,0.4791,0.2696,0.4797,0.00000,0.00000
10,tour,1,3,20,0.40,true,0.15175,0.00401,0.01708,1.86533,0.00412,0.5429,0.2003,0.5392,0.00158,0.00186
10,tour,1,3,20,0.50,true,0.15300,0.00402,0.02525,1.87225,0.00419,0.6093,0.1402,0.6093,0.00849,0.00250
10,tour,1,3,20,0.60,true,0.15238,0.00402,0.03690,1.88452,0.00426,0.6910,0.0964,0.6935,0.02077,0.00288
10,tour,1,3,20,0.70,true,0.14663,0.00395,0.05023,1.90360,0.00428,0.7658,0.0666,0.7731,0.03985,0.00316
10,tour,1,3,20,0.80,true,0.14163,0.00390,0.06626,1.92463,0.00432,0.8459,0.0435,0.8587,0.06088,0.00339
10,tour,1,3,20,0.90,true,0.13700,0.00384,0.08682,1.94982,0.00439,0.9395,0.0277,0.9562,0.08607,0.00364
10,tour,1,3,20,1.00,true,0.13237,0.00379,0.10989,1.97752,0.00446,1.0343,0.0170,1.0544,0.11376,0.00382
10,tour,1,3,20,1.10,true,0.12712,0.00372,0.13320,2.00607,0.00452,1.1220,0.0099,1.1452,0.14232,0.00397
10,tour,1,3,20,1.20,true,0.12062,0.00364,0.16005,2.03942,0.00456,1.2181,0.0055,1.2428,0.17567,0.00416
10,tour,1,6,10,0.00,true,0.25638,0.00488,0.00004,1.74366,0.00488,0.1656,0.6104,0.2003,0.11036,0.00465
10,tour,1,6,10,0.10,true,0.32225,0.00522,0.00006,1.67781,0.00523,0.2139,0.4032,0.2201,0.04451,0.00370
10,tour,1,6,10,0.20,true,0.35613,0.00535,0.00022,1.64410,0.00536,0.2756,0.2271,0.2728,0.01080,0.00253
10,tour,1,6,10,0.30,true,0.36738,0.00539,0.00068,1.63330,0.00540,0.3509,0.1136,0.3493,0.00000,0.00000
10,tour,1,6,10,0.40,true,0.36612,0.00539,0.00179,1.63566,0.00540,0.4353,0.0473,0.4403,0.00236,0.00212
10,tour,1,6,10,0.50,true,0.35575,0.00535,0.00402,1.64827,0.00539,0.5256,0.0202,0.5337,0.01497,0.00265
10,tour,1,6,10,0.60,true,0.34200,0.00530,0.00820,1.66620,0.00537,0.6223,0.0082,0.6320,0.03290,0.00304
10,tour,1,6,10,0.70,true,0.32700,0.00524,0.01497,1.68797,0.00537,0.7202,0.0039,0.7298,0.05467,0.00332
10,tour,1,6,10,0.80,true,0.31350,0.00519,0.02491,1.71141,0.00539,0.8178,0.0015,0.8275,0.07811,0.00357
10,tour,1,6,10,0.90,true,0.29613,0.00510,0.03918,1.74305,0.00542,0.9187,0.0004,0.9282,0.10975,0.00385
10,tour,1,6,10,1.00,true,0.28000,0.00502,0.05741,1.77741,0.00546,1.0202,0.0002,1.0290,0.14411,0.00410
10,tour,1,6,10,1.10,true,0.26450,0.00493,0.07855,1.81405,0.00551,1.1174,0.0000,1.1259,0.18075,0.00434
10,tour,1,6,10,1.20,true,0.24688,0.00482,0.10507,1.85819,0.00556,1.2227,0.0000,1.2307,0.22489,0.00462
10,tour,1,6,15,0.00,true,0.15313,0.00403,0.00066,1.84753,0.00403,0.2423,0.5627,0.2903,0.06230,0.00379
10,tour,1,6,15,0.10,true,0.18075,0.00430,0.00078,1.82003,0.00431,0.2892,0.4268,0.3064,0.03480,0.00323
10,tour,1,6,15,0.20,true,0.20350,0.00450,0.00146,1.79796,0.00451,0.3476,0.3099,0.3458,0.01273,0.00256
10,tour,1,6,15,0.30,true,0.21563,0.00460,0.00297,1.78735,0.00462,0.4089,0.2062,0.4036,0.00212,0.00172
10,tour,1,6,15,0.40,true,0.22050,0.00464,0.00573,1.78523,0.00467,0.4787,0.1294,0.4759,0.00000,0.00000
10,tour,1,6,15,0.50,true,0.21937,0.00463,0.01030,1.79093,0.00470,0.5567,0.0762,0.5591,0.00570,0.00164
10,tour,1,6,15,0.60,true,0.21450,0.00459,0.01712,1.80262,0.00471,0.6415,0.0442,0.6482,0.01739,0.00220
10,tour,1,6,15,0.70,true,0.20725,0.00453,0.02685,1.81960,0.00471,0.7307,0.0230,0.7421,0.03437,0.00257
10,tour,1,6,15,0.80,true,0.19937,0.00447,0.03972,1.84034,0.00474,0.8238,0.0117,0.8379,0.05511,0.00284
10,tour,1,6,15,0.90,true,0.19012,0.00439,0.05603,1.86590,0.00476,0.9204,0.0056,0.9359,0.08067,0.00310
10,tour,1,6,15,1.00,true,0.17938,0.00429,0.07613,1.89676,0.00478,1.0208,0.0030,1.0360,0.11153,0.00336
10,tour,1,6,15,1.10,true,0.16887,0.00419,0.09921,1.93034,0.00481,1.1207,0.0017,1.1355,0.14511,0.00358
10,tour,1,6,15,1.20,true,0.15825,0.00408,0.12485,1.96660,0.00483,1.2196,0.0000,1.2350,0.18137,0.00381
10,tour,1,6,20,0.00,true,0.09825,0.00333,0.00414,1.90589,0.00335,0.3226,0.5417,0.3885,0.03073,0.00283
10,tour,1,6,20,0.10,true,0.11563,0.00358,0.00451,1.88889,0.00360,0.3701,0.4430,0.4034,0.01373,0.00234
10,tour,1,6,20,0.20,true,0.12837,0.00374,0.00612,1.87774,0.00377,0.4187,0.3440,0.4351,0.00259,0.00162
10,tour,1,6,20,0.30,true,0.13400,0.00381,0.00916,1.87516,0.00386,0.4772,0.2614,0.4818,0.00000,0.00000
10,tour,1,6,20,0.40,true,0.13837,0.00386,0.01388,1.87550,0.00395,0.5428,0.1929,0.5424,0.00035,0.00164
10,tour,1,6,20,0.50,true,0.13975,0.00388,0.02067,1.88092,0.00401,0.6129,0.1376,0.6133,0.00576,0.00217
10,tour,1,6,20,0.60,true,0.13925,0.00387,0.02989,1.89064,0.00406,0.6877,0.0944,0.6923,0.01549,0.00249
10,tour,1,6,20,0.70,true,0.13812,0.00386,0.04160,1.90347,0.00412,0.7666,0.0624,0.7766,0.02831,0.00272
10,tour,1,6,20,0.80,true,0.13425,0.00381,0.05622,1.92197,0.00417,0.8544,0.0429,0.8664,0.04681,0.00298
10,tour,1,6,20,0.90,true,0.12950,0.00375,0.07377,1.94428,0.00421,0.9454,0.0286,0.9602,0.06912,0.00321
10,tour,1,6,20,1.00,true,0.12425,0.00369,0.09401,1.96976,0.00426,1.0375,0.0186,1.0550,0.09460,0.00340
10,tour,1,6,20,1.10,true,0.11700,0.00359,0.11729,2.00029,0.00428,1.1331,0.0116,1.1527,0.12513,0.00361
10,tour,1,6,20,1.20,true,0.10887,0.00348,0.14254,2.03367,0.00428,1.2294,0.0074,1.2500,0.15851,0.00379
10,scratch,1,12,10,0.00,true,0.26088,0.00491,0.00010,1.73922,0.00491,0.1739,0.6227,0.2086,0.11026,0.00452
10,scratch,1,12,10,0.10,true,0.32050,0.00522,0.00024,1.67974,0.00522,0.2204,0.4281,0.2244,0.05078,0.00370
10,scratch,1,12,10,0.20,true,0.35613,0.00535,0.00079,1.64467,0.00536,0.2819,0.2598,0.2733,0.01571,0.00248
10,scratch,1,12,10,0.30,true,0.37325,0.00541,0.00221,1.62896,0.00543,0.3524,0.1350,0.3470,0.00000,0.00000
10,scratch,1,12,10,0.40,true,0.37488,0.00541,0.00519,1.63031,0.00546,0.4323,0.0608,0.4345,0.00135,0.00208
10,scratch,1,12,10,0.50,true,0.36375,0.00538,0.01082,1.64707,0.00548,0.5220,0.0275,0.5280,0.01811,0.00266
10,scratch,1,12,10,0.60,true,0.35150,0.00534,0.01974,1.66824,0.00552,0.6159,0.0106,0.6251,0.03928,0.00308
10,scratch,1,12,10,0.70,true,0.33713,0.00529,0.03253,1.69540,0.00557,0.7112,0.0043,0.7213,0.06644,0.00340
10,scratch,1,12,10,0.80,true,0.32262,0.00523,0.05000,1.72737,0.00566,0.8104,0.0020,0.8202,0.09841,0.00371
10,scratch,1,12,10,0.90,true,0.30838,0.00516,0.07229,1.76391,0.00576,0.9122,0.0009,0.9217,0.13495,0.00400
10,scratch,1,12,10,1.00,true,0.29650,0.00511,0.09702,1.80052,0.00589,1.0097,0.0004,1.0189,0.17156,0.00425
10,scratch,1,12,10,1.10,true,0.28225,0.00503,0.12564,1.84339,0.00600,1.1099,0.0000,1.1190,0.21443,0.00451
10,scratch,1,12,10,1.20,true,0.26737,0.00495,0.15803,1.89065,0.00612,1.2154,0.0000,1.2239,0.26169,0.00477
10,scratch,1,12,15,0.00,true,0.14288,0.00391,0.00187,1.85900,0.00392,0.2650,0.5723,0.3087,0.05247,0.00371
10,scratch,1,12,15,0.10,true,0.16887,0.00419,0.00295,1.83407,0.00421,0.3103,0.4456,0.3236,0.02754,0.00319
10,scratch,1,12,15,0.20,true,0.18900,0.00438,0.00529,1.81629,0.00441,0.3602,0.3235,0.3594,0.00976,0.00261
10,scratch,1,12,15,0.30,true,0.20225,0.00449,0.00943,1.80718,0.00456,0.4215,0.2252,0.4147,0.00065,0.00173
10,scratch,1,12,15,0.40,true,0.20938,0.00455,0.01590,1.80653,0.00466,0.4910,0.1499,0.4845,0.00000,0.00000
10,scratch,1,12,15,0.50,true,0.21138,0.00456,0.02534,1.81396,0.00475,0.5666,0.0916,0.5663,0.00743,0.00171
10,scratch,1,12,15,0.60,true,0.20688,0.00453,0.03816,1.83128,0.00481,0.6491,0.0556,0.6537,0.02475,0.00223
10,scratch,1,12,15,0.70,true,0.20350,0.00450,0.05461,1.85111,0.00489,0.7356,0.0303,0.7466,0.04458,0.00261
10,scratch,1,12,15,0.80,true,0.19600,0.00444,0.07473,1.87873,0.00497,0.8268,0.0168,0.8410,0.07220,0.00290
10,scratch,1,12,15,0.90,true,0.18625,0.00435,0.09879,1.91254,0.00503,0.9223,0.0094,0.9378,0.10601,0.00320
10,scratch,1,12,15,1.00,true,0.17938,0.00429,0.12538,1.94601,0.00512,1.0194,0.0055,1.0354,0.13948,0.00341
10,scratch,1,12,15,1.10,true,0.17087,0.00421,0.15463,1.98375,0.00519,1.1179,0.0039,1.1333,0.17722,0.00364
10,scratch,1,12,15,1.20,true,0.16225,0.00412,0.18630,2.02405,0.00526,1.2167,0.0015,1.2333,0.21752,0.00385
10,scratch,1,12,20,0.00,true,0.09037,0.00321,0.00808,1.91771,0.00325,0.3406,0.5439,0.4143,0.01389,0.00227
10,scratch,1,12,20,0.10,true,0.09925,0.00334,0.01014,1.91089,0.00340,0.3820,0.4435,0.4273,0.00707,0.00163
10,scratch,1,12,20,0.20,true,0.11038,0.00350,0.01420,1.90382,0.00359,0.4308,0.3497,0.4579,0.00000,0.00000
10,scratch,1,12,20,0.30,true,0.11525,0.00357,0.02080,1.90555,0.00370,0.4920,0.2747,0.5030,0.00172,0.00152
10,scratch,1,12,20,0.40,true,0.12150,0.00365,0.02994,1.90844,0.00384,0.5556,0.2080,0.5608,0.00462,0.00209
10,scratch,1,12,20,0.50,true,0.12650,0.00372,0.04217,1.91567,0.00399,0.6262,0.1524,0.6308,0.01185,0.00254
10,scratch,1,12,20,0.60,true,0.12575,0.00371,0.05747,1.93172,0.00408,0.7000,0.1101,0.7067,0.02790,0.00287
10,scratch,1,12,20,0.70,true,0.12437,0.00369,0.07598,1.95161,0.00418,0.7805,0.0798,0.7892,0.04779,0.00314
10,scratch,1,12,20,0.80,true,0.12162,0.00365,0.09761,1.97598,0.00427,0.8609,0.0525,0.8768,0.07216,0.00339
10,scratch,1,12,20,0.90,true,0.11950,0.00363,0.12276,2.00326,0.00439,0.9515,0.0353,0.9712,0.09944,0.00361
10,scratch,1,12,20,1.00,true,0.11663,0.00359,0.14934,2.03271,0.00449,1.0416,0.0241,1.0642,0.12889,0.00380
10,scratch,1,12,20,1.10,true,0.11088,0.00351,0.17872,2.06785,0.00455,1.1344,0.0156,1.1597,0.16403,0.00397
10,scratch,1,12,20,1.20,true,0.10650,0.00345,0.20899,2.10249,0.00461,1.2285,0.0101,1.2556,0.19867,0.00410
10,scratch,1,3,10,0.00,true,0.22750,0.00469,0.00015,1.77265,0.00469,0.1659,0.6097,0.2146,0.10882,0.00486
10,scratch,1,3,10,0.10,true,0.28537,0.00505,0.00026,1.71489,0.00505,0.2231,0.4121,0.2319,0.05106,0.00370
10,scratch,1,3,10,0.20,true,0.32262,0.00523,0.00084,1.67821,0.00523,0.2862,0.2438,0.2840,0.01439,0.00247
10,scratch,1,3,10,0.30,true,0.33837,0.00529,0.00220,1.66382,0.00531,0.3533,0.1334,0.3530,0.00000,0.00000
10,scratch,1,3,10,0.40,true,0.33425,0.00527,0.00511,1.67086,0.00532,0.4332,0.0685,0.4366,0.00703,0.00213
10,scratch,1,3,10,0.50,true,0.32863,0.00525,0.01001,1.68139,0.00534,0.5161,0.0318,0.5247,0.01756,0.00273
10,scratch,1,3,10,0.60,true,0.31675,0.00520,0.01855,1.70180,0.00536,0.6118,0.0139,0.6232,0.03798,0.00313
10,scratch,1,3,10,0.70,true,0.30462,0.00515,0.03082,1.72620,0.00540,0.7093,0.0050,0.7225,0.06237,0.00344
10,scratch,1,3,10,0.80,true,0.29175,0.00508,0.04751,1.75576,0.00546,0.8106,0.0026,0.8234,0.09194,0.00369
10,scratch,1,3,10,0.90,true,0.27750,0.00501,0.06806,1.79056,0.00553,0.9094,0.0010,0.9223,0.12673,0.00396
10,scratch,1,3,10,1.00,true,0.26325,0.00492,0.09302,1.82977,0.00562,1.0107,0.0002,1.0237,0.16594,0.00421
10,scratch,1,3,10,1.10,true,0.25275,0.00486,0.12069,1.86794,0.00573,1.1116,0.0000,1.1243,0.20411,0.00441
10,scratch,1,3,10,1.20,true,0.24050,0.00478,0.14877,1.90827,0.00582,1.2044,0.0000,1.2169,0.24444,0.00464
10,scratch,1,3,15,0.00,true,0.12987,0.00376,0.00182,1.87195,0.00377,0.2409,0.5666,0.3151,0.04843,0.00392
10,scratch,1,3,15,0.10,true,0.15525,0.00405,0.00255,1.84730,0.00406,0.3060,0.4343,0.3312,0.02378,0.00297
10,scratch,1,3,15,0.20,true,0.17150,0.00421,0.00433,1.83283,0.00424,0.3569,0.3291,0.3644,0.00932,0.00216
10,scratch,1,3,15,0.30,true,0.18438,0.00434,0.00789,1.82351,0.00439,0.4162,0.2297,0.4179,0.00000,0.00000
10,scratch,1,3,15,0.40,true,0.18875,0.00437,0.01360,1.82485,0.00446,0.4847,0.1562,0.4849,0.00134,0.00185
10,scratch,1,3,15,0.50,true,0.18925,0.00438,0.02184,1.83259,0.00453,0.5559,0.0996,0.5608,0.00907,0.00251
10,scratch,1,3,15,0.60,true,0.18800,0.00437,0.03423,1.84623,0.00460,0.6426,0.0596,0.6524,0.02272,0.00295
10,scratch,1,3,15,0.70,true,0.18150,0.00431,0.05041,1.86891,0.00465,0.7310,0.0321,0.7472,0.04539,0.00327
10,scratch,1,3,15,0.80,true,0.17425,0.00424,0.06833,1.89408,0.00469,0.8146,0.0174,0.8349,0.07057,0.00353
10,scratch,1,3,15,0.90,true,0.16637,0.00416,0.09082,1.92444,0.00475,0.9102,0.0112,0.9305,0.10093,0.00375
10,scratch,1,3,15,1.00,true,0.15987,0.00410,0.11530,1.95542,0.00482,1.0014,0.0049,1.0244,0.13191,0.00396
10,scratch,1,3,15,1.10,true,0.15088,0.00400,0.14475,1.99387,0.00488,1.1019,0.0019,1.1256,0.17036,0.00415
10,scratch,1,3,15,1.20,true,0.14288,0.00391,0.17490,2.03203,0.00493,1.1998,0.0010,1.2229,0.20851,0.00431
10,scratch,1,3,20,0.00,true,0.08712,0.00315,0.00955,1.92243,0.00320,0.3227,0.5398,0.4287,0.01783,0.00344
10,scratch,1,3,20,0.10,true,0.09750,0.00332,0.01107,1.91357,0.00338,0.3862,0.4406,0.4429,0.00897,0.00260
10,scratch,1,3,20,0.20,true,0.10850,0.00348,0.01450,1.90600,0.00356,0.4383,0.3589,0.4727,0.00140,0.00194
10,scratch,1,3,20,0.30,true,0.11613,0.00358,0.02073,1.90460,0.00371,0.4994,0.2783,0.5193,0.00000,0.00000
10,scratch,1,3,20,0.40,true,0.11663,0.00359,0.02936,1.91274,0.00377,0.5632,0.2137,0.5758,0.00814,0.00170
10,scratch,1,3,20,0.50,true,0.11600,0.00358,0.04090,1.92490,0.00384,0.6299,0.1585,0.6419,0.02030,0.00226
10,scratch,1,3,20,0.60,true,0.11750,0.00360,0.05648,1.93898,0.00396,0.7075,0.1112,0.7229,0.03438,0.00264
10,scratch,1,3,20,0.70,true,0.11538,0.00357,0.07292,1.95754,0.00404,0.7788,0.0803,0.7982,0.05294,0.00292
10,scratch,1,3,20,0.80,true,0.11200,0.00353,0.09244,1.98044,0.00411,0.8576,0.0572,0.8802,0.07584,0.00313
10,scratch,1,3,20,0.90,true,0.10925,0.00349,0.11718,2.00793,0.00421,0.9489,0.0375,0.9763,0.10333,0.00344
10,scratch,1,3,20,1.00,true,0.10525,0.00343,0.14413,2.03888,0.00429,1.0412,0.0246,1.0721,0.13428,0.00362
10,scratch,1,3,20,1.10,true,0.10063,0.00336,0.17101,2.07038,0.00434,1.1289,0.0163,1.1624,0.16578,0.00382
10,scratch,1,3,20,1.20,true,0.09550,0.00329,0.20090,2.10540,0.00439,1.2223,0.0097,1.2585,0.20080,0.00400
10,scratch,1,6,10,0.00,true,0.22337,0.00466,0.00014,1.77676,0.00466,0.1767,0.5925,0.2160,0.09041,0.00433
10,scratch,1,6,10,0.10,true,0.27725,0.00500,0.00019,1.72294,0.00501,0.2254,0.4023,0.2360,0.03659,0.00340
10,scratch,1,6,10,0.20,true,0.30375,0.00514,0.00058,1.69683,0.00515,0.2863,0.2417,0.2858,0.01048,0.00236
10,scratch,1,6,10,0.30,true,0.31525,0.00519,0.00160,1.68635,0.00521,0.3579,0.1313,0.3574,0.00000,0.00000
10,scratch,1,6,10,0.40,true,0.31650,0.00520,0.00389,1.68739,0.00523,0.4397,0.0635,0.4443,0.00103,0.00197
10,scratch,1,6,10,0.50,true,0.31000,0.00517,0.00813,1.69813,0.00524,0.5282,0.0284,0.5374,0.01178,0.00259
10,scratch,1,6,10,0.60,true,0.29875,0.00512,0.01534,1.71659,0.00524,0.6236,0.0119,0.6353,0.03023,0.00301
10,scratch,1,6,10,0.70,true,0.28375,0.00504,0.02624,1.74249,0.00525,0.7206,0.0052,0.7330,0.05614,0.00332
10,scratch,1,6,10,0.80,true,0.26863,0.00496,0.04105,1.77243,0.00527,0.8178,0.0031,0.8296,0.08608,0.00360
10,scratch,1,6,10,0.90,true,0.25488,0.00487,0.06075,1.80588,0.00532,0.9182,0.0012,0.9301,0.11952,0.00387
10,scratch,1,6,10,1.00,true,0.24025,0.00478,0.08507,1.84482,0.00539,1.0198,0.0003,1.0314,0.15847,0.00414
10,scratch,1,6,10,1.10,true,0.22587,0.00468,0.11220,1.88632,0.00545,1.1177,0.0002,1.1287,0.19997,0.00439
10,scratch,1,6,10,1.20,true,0.21400,0.00459,0.14345,1.92945,0.00553,1.2215,0.0000,1.2322,0.24310,0.00460
10,scratch,1,6,15,0.00,true,0.12925,0.00375,0.00181,1.87256,0.00376,0.2603,0.5528,0.3184,0.04297,0.00352
10,scratch,1,6,15,0.10,true,0.15388,0.00403,0.00211,1.84824,0.00405,0.3074,0.4272,0.3356,0.01864,0.00302
10,scratch,1,6,15,0.20,true,0.16875,0.00419,0.00357,1.83482,0.00421,0.3646,0.3173,0.3732,0.00523,0.00242
10,scratch,1,6,15,0.30,true,0.17563,0.00425,0.00650,1.83088,0.00429,0.4249,0.2215,0.4273,0.00128,0.00160
10,scratch,1,6,15,0.40,true,0.18188,0.00431,0.01147,1.82959,0.00439,0.4927,0.1464,0.4962,0.00000,0.00000
10,scratch,1,6,15,0.50,true,0.18050,0.00430,0.01908,1.83858,0.00442,0.5671,0.0901,0.5757,0.00899,0.00153
10,scratch,1,6,15,0.60,true,0.17575,0.00426,0.02960,1.85385,0.00445,0.6508,0.0591,0.6606,0.02426,0.00204
10,scratch,1,6,15,0.70,true,0.17112,0.00421,0.04387,1.87274,0.00450,0.7370,0.0321,0.7535,0.04315,0.00246
10,scratch,1,6,15,0.80,true,0.16387,0.00414,0.06171,1.89783,0.00454,0.8287,0.0182,0.8478,0.06824,0.00278
10,scratch,1,6,15,0.90,true,0.15600,0.00406,0.08311,1.92711,0.00458,0.9235,0.0108,0.9436,0.09752,0.00304
10,scratch,1,6,15,1.00,true,0.14900,0.00398,0.10817,1.95917,0.00465,1.0211,0.0051,1.0428,0.12958,0.00326
10,scratch,1,6,15,1.10,true,0.13925,0.00387,0.13636,1.99711,0.00468,1.1204,0.0030,1.1418,0.16752,0.00350
10,scratch,1,6,15,1.20,true,0.12900,0.00375,0.16640,2.03741,0.00469,1.2185,0.0019,1.2393,0.20781,0.00373
10,scratch,1,6,20,0.00,true,0.07700,0.00298,0.00956,1.93256,0.00303,0.3450,0.5328,0.4323,0.02027,0.00218
10,scratch,1,6,20,0.10,true,0.08900,0.00318,0.01036,1.92136,0.00324,0.3914,0.4413,0.4470,0.00907,0.00163
10,scratch,1,6,20,0.20,true,0.10088,0.00337,0.01317,1.91229,0.00344,0.4409,0.3499,0.4789,0.00000,0.00000
10,scratch,1,6,20,0.30,true,0.10537,0.00343,0.01812,1.91275,0.00354,0.4984,0.2754,0.5221,0.00046,0.00135
10,scratch,1,6,20,0.40,true,0.10900,0.00348,0.02558,1.91658,0.00364,0.5600,0.2064,0.5795,0.00429,0.00196
10,scratch,1,6,20,0.50,true,0.11013,0.00350,0.03571,1.92558,0.00372,0.6305,0.1562,0.6461,0.01329,0.00231
10,scratch,1,6,20,0.60,true,0.11075,0.00351,0.04876,1.93801,0.00382,0.7027,0.1113,0.7216,0.02572,0.00259
10,scratch,1,6,20,0.70,true,0.10887,0.00348,0.06475,1.95588,0.00389,0.7797,0.0779,0.8026,0.04359,0.00284
10,scratch,1,6,20,0.80,true,0.10575,0.00344,0.08398,1.97823,0.00396,0.8632,0.0527,0.8903,0.06593,0.00312
10,scratch,1,6,20,0.90,true,0.10000,0.00335,0.10614,2.00614,0.00400,0.9525,0.0383,0.9798,0.09385,0.00333
10,scratch,1,6,20,1.00,true,0.09588,0.00329,0.13073,2.03486,0.00406,1.0428,0.0261,1.0727,0.12256,0.00352
10,scratch,1,6,20,1.10,true,0.09175,0.00323,0.15771,2.06596,0.00412,1.1358,0.0173,1.1680,0.15367,0.00369
10,scratch,1,6,20,1.20,true,0.08413,0.00310,0.18739,2.10327,0.00411,1.2319,0.0115,1.2654,0.19098,0.00393
10,mid,1,12,10,0.00,true,0.20738,0.00453,0.00064,1.79326,0.00454,0.1900,0.5953,0.2334,0.07088,0.00418
10,mid,1,12,10,0.10,true,0.24988,0.00484,0.00127,1.75140,0.00485,0.2379,0.4208,0.2509,0.02902,0.00335
10,mid,1,12,10,0.20,true,0.27413,0.00499,0.00317,1.72904,0.00501,0.2963,0.2707,0.2960,0.00666,0.00234
10,mid,1,12,10,0.30,true,0.28487,0.00505,0.00725,1.72238,0.00510,0.3630,0.1522,0.3641,0.00000,0.00000
10,mid,1,12,10,0.40,true,0.28537,0.00505,0.01465,1.72927,0.00517,0.4418,0.0819,0.4465,0.00689,0.00196
10,mid,1,12,10,0.50,true,0.27937,0.00502,0.02650,1.74713,0.00523,0.5277,0.0390,0.5382,0.02475,0.00261
10,mid,1,12,10,0.60,true,0.26813,0.00495,0.04335,1.77523,0.00530,0.6182,0.0179,0.6320,0.05285,0.00304
10,mid,1,12,10,0.70,true,0.25562,0.00488,0.06543,1.80980,0.00538,0.7127,0.0081,0.7280,0.08742,0.00342
10,mid,1,12,10,0.80,true,0.24450,0.00481,0.09238,1.84788,0.00550,0.8095,0.0035,0.8254,0.12550,0.00372
10,mid,1,12,10,0.90,true,0.23312,0.00473,0.12422,1.89110,0.00563,0.9103,0.0020,0.9255,0.16872,0.00399
10,mid,1,12,10,1.00,true,0.22425,0.00466,0.15732,1.93308,0.00576,1.0065,0.0010,1.0214,0.21070,0.00420
10,mid,1,12,10,1.10,true,0.21338,0.00458,0.19397,1.98060,0.00587,1.1068,0.0005,1.1215,0.25822,0.00444
10,mid,1,12,10,1.20,true,0.20037,0.00448,0.23397,2.03360,0.00596,1.2118,0.0002,1.2260,0.31122,0.00467
10,mid,1,12,15,0.00,true,0.10812,0.00347,0.00713,1.89901,0.00351,0.2883,0.5566,0.3556,0.01979,0.00299
10,mid,1,12,15,0.10,true,0.12462,0.00369,0.00974,1.88511,0.00375,0.3314,0.4407,0.3705,0.00589,0.00249
10,mid,1,12,15,0.20,true,0.13462,0.00382,0.01509,1.88046,0.00391,0.3821,0.3315,0.4047,0.00124,0.00170
10,mid,1,12,15,0.30,true,0.14425,0.00393,0.02347,1.87922,0.00409,0.4410,0.2407,0.4558,0.00000,0.00000
10,mid,1,12,15,0.40,true,0.14875,0.00398,0.03563,1.88688,0.00422,0.5061,0.1655,0.5209,0.00766,0.00161
10,mid,1,12,15,0.50,true,0.14750,0.00396,0.05196,1.90446,0.00432,0.5818,0.1160,0.5952,0.02524,0.00215
10,mid,1,12,15,0.60,true,0.14613,0.00395,0.07268,1.92656,0.00444,0.6594,0.0725,0.6793,0.04734,0.00258
10,mid,1,12,15,0.70,true,0.14163,0.00390,0.09720,1.95558,0.00454,0.7429,0.0466,0.7663,0.07636,0.00287
10,mid,1,12,15,0.80,true,0.13825,0.00386,0.12540,1.98715,0.00467,0.8303,0.0273,0.8585,0.10793,0.00316
10,mid,1,12,15,0.90,true,0.13225,0.00379,0.15730,2.02505,0.00477,0.9226,0.0160,0.9532,0.14583,0.00338
10,mid,1,12,15,1.00,true,0.12525,0.00370,0.19157,2.06632,0.00484,1.0179,0.0101,1.0488,0.18710,0.00360
10,mid,1,12,15,1.10,true,0.11975,0.00363,0.22697,2.10722,0.00492,1.1130,0.0057,1.1449,0.22800,0.00379
10,mid,1,12,15,1.20,true,0.11263,0.00353,0.26427,2.15166,0.00495,1.2121,0.0039,1.2432,0.27244,0.00394
10,mid,1,12,20,0.00,true,0.05900,0.00263,0.02610,1.96710,0.00278,0.3697,0.5310,0.4901,0.00271,0.00137
10,mid,1,12,20,0.10,true,0.06600,0.00278,0.03039,1.96439,0.00296,0.4132,0.4421,0.5055,0.00000,0.00000
10,mid,1,12,20,0.20,true,0.07250,0.00290,0.03818,1.96568,0.00314,0.4625,0.3593,0.5351,0.00129,0.00130
10,mid,1,12,20,0.30,true,0.07637,0.00297,0.04964,1.97327,0.00329,0.5197,0.2880,0.5770,0.00888,0.00180
10,mid,1,12,20,0.40,true,0.07963,0.00303,0.06452,1.98489,0.00345,0.5802,0.2269,0.6290,0.02050,0.00211
10,mid,1,12,20,0.50,true,0.08400,0.00310,0.08345,1.99945,0.00364,0.6491,0.1744,0.6939,0.03506,0.00249
10,mid,1,12,20,0.60,true,0.08538,0.00312,0.10541,2.02003,0.00380,0.7200,0.1324,0.7644,0.05564,0.00277
10,mid,1,12,20,0.70,true,0.08375,0.00310,0.13119,2.04744,0.00392,0.7951,0.0975,0.8419,0.08305,0.00305
10,mid,1,12,20,0.80,true,0.08250,0.00308,0.15927,2.07677,0.00405,0.8760,0.0733,0.9237,0.11238,0.00327
10,mid,1,12,20,0.90,true,0.08100,0.00305,0.19052,2.10953,0.00417,0.9596,0.0506,1.0125,0.14514,0.00350
10,mid,1,12,20,1.00,true,0.07900,0.00302,0.22250,2.14351,0.00427,1.0463,0.0369,1.1011,0.17912,0.00367
10,mid,1,12,20,1.10,true,0.07712,0.00298,0.25636,2.17925,0.00436,1.1369,0.0256,1.1946,0.21486,0.00384
10,mid,1,12,20,1.20,true,0.07425,0.00293,0.29105,2.21683,0.00442,1.2310,0.0185,1.2897,0.25244,0.00401
10,mid,1,3,10,0.00,true,0.17925,0.00429,0.00071,1.82146,0.00429,0.1810,0.5839,0.2402,0.07300,0.00443
10,mid,1,3,10,0.10,true,0.22450,0.00467,0.00126,1.77676,0.00467,0.2388,0.4068,0.2592,0.02830,0.00336
10,mid,1,3,10,0.20,true,0.24888,0.00483,0.00311,1.75423,0.00486,0.3003,0.2568,0.3073,0.00577,0.00224
10,mid,1,3,10,0.30,true,0.25838,0.00489,0.00683,1.74846,0.00494,0.3645,0.1537,0.3707,0.00000,0.00000
10,mid,1,3,10,0.40,true,0.25938,0.00490,0.01363,1.75425,0.00500,0.4391,0.0829,0.4496,0.00579,0.00206
10,mid,1,3,10,0.50,true,0.25312,0.00486,0.02405,1.77092,0.00504,0.5215,0.0462,0.5344,0.02246,0.00265
10,mid,1,3,10,0.60,true,0.24475,0.00481,0.03987,1.79512,0.00511,0.6132,0.0232,0.6292,0.04666,0.00303
10,mid,1,3,10,0.70,true,0.23550,0.00474,0.06072,1.82522,0.00519,0.7082,0.0103,0.7269,0.07676,0.00336
10,mid,1,3,10,0.80,true,0.22262,0.00465,0.08742,1.86480,0.00528,0.8080,0.0045,0.8276,0.11634,0.00365
10,mid,1,3,10,0.90,true,0.21113,0.00456,0.11775,1.90663,0.00537,0.9074,0.0025,0.9266,0.15817,0.00392
10,mid,1,3,10,1.00,true,0.19812,0.00446,0.15244,1.95432,0.00546,1.0083,0.0011,1.0276,0.20586,0.00416
10,mid,1,3,10,1.10,true,0.18625,0.00435,0.18924,2.00299,0.00554,1.1088,0.0002,1.1282,0.25453,0.00440
10,mid,1,3,10,1.20,true,0.17713,0.00427,0.22351,2.04639,0.00561,1.1999,0.0000,1.2191,0.29793,0.00457
10,mid,1,3,15,0.00,true,0.09575,0.00329,0.00716,1.91141,0.00333,0.2663,0.5513,0.3632,0.01941,0.00347
10,mid,1,3,15,0.10,true,0.11138,0.00352,0.00913,1.89775,0.00357,0.3295,0.4340,0.3802,0.00575,0.00265
10,mid,1,3,15,0.20,true,0.12012,0.00363,0.01345,1.89333,0.00371,0.3793,0.3400,0.4112,0.00133,0.00195
10,mid,1,3,15,0.30,true,0.12925,0.00375,0.02125,1.89200,0.00388,0.4368,0.2459,0.4619,0.00000,0.00000
10,mid,1,3,15,0.40,true,0.13237,0.00379,0.03268,1.90030,0.00400,0.5052,0.1792,0.5244,0.00830,0.00170
10,mid,1,3,15,0.50,true,0.12937,0.00375,0.04776,1.91839,0.00406,0.5721,0.1220,0.5942,0.02638,0.00223
10,mid,1,3,15,0.60,true,0.12875,0.00374,0.06837,1.93962,0.00418,0.6537,0.0782,0.6801,0.04762,0.00272
10,mid,1,3,15,0.70,true,0.12587,0.00371,0.09316,1.96729,0.00430,0.7394,0.0479,0.7709,0.07528,0.00304
10,mid,1,3,15,0.80,true,0.12437,0.00369,0.11821,1.99383,0.00442,0.8202,0.0303,0.8554,0.10183,0.00329
10,mid,1,3,15,0.90,true,0.11862,0.00362,0.14822,2.02960,0.00450,0.9084,0.0172,0.9471,0.13760,0.00350
10,mid,1,3,15,1.00,true,0.11350,0.00355,0.18013,2.06663,0.00459,1.0012,0.0118,1.0395,0.17463,0.00373
10,mid,1,3,15,1.10,true,0.10762,0.00346,0.21627,2.10865,0.00466,1.0996,0.0060,1.1398,0.21665,0.00393
10,mid,1,3,15,1.20,true,0.10063,0.00336,0.25261,2.15200,0.00468,1.1961,0.0029,1.2371,0.25999,0.00410
10,mid,1,3,20,0.00,true,0.05937,0.00264,0.03024,1.97086,0.00282,0.3631,0.5294,0.5095,0.00221,0.00204
10,mid,1,3,20,0.10,true,0.06538,0.00276,0.03403,1.96866,0.00297,0.4233,0.4415,0.5266,0.00000,0.00000
10,mid,1,3,20,0.20,true,0.06963,0.00285,0.04068,1.97106,0.00310,0.4703,0.3661,0.5537,0.00240,0.00155
10,mid,1,3,20,0.30,true,0.07625,0.00297,0.05170,1.97545,0.00330,0.5305,0.2930,0.5982,0.00679,0.00218
10,mid,1,3,20,0.40,true,0.07775,0.00299,0.06602,1.98827,0.00342,0.5908,0.2316,0.6507,0.01961,0.00258
10,mid,1,3,20,0.50,true,0.07575,0.00296,0.08409,2.00834,0.00350,0.6563,0.1814,0.7112,0.03968,0.00286
10,mid,1,3,20,0.60,true,0.07950,0.00302,0.10700,2.02750,0.00371,0.7299,0.1323,0.7877,0.05885,0.00317
10,mid,1,3,20,0.70,true,0.07750,0.00299,0.13034,2.05284,0.00380,0.8027,0.1031,0.8598,0.08418,0.00349
10,mid,1,3,20,0.80,true,0.07462,0.00294,0.15659,2.08198,0.00388,0.8763,0.0759,0.9371,0.11332,0.00367
10,mid,1,3,20,0.90,true,0.07325,0.00291,0.18756,2.11432,0.00400,0.9637,0.0546,1.0272,0.14566,0.00389
10,mid,1,3,20,1.00,true,0.06875,0.00283,0.22054,2.15181,0.00405,1.0521,0.0385,1.1185,0.18315,0.00405
10,mid,1,3,20,1.10,true,0.06775,0.00281,0.25140,2.18367,0.00415,1.1358,0.0270,1.2056,0.21501,0.00420
10,mid,1,3,20,1.20,true,0.06313,0.00272,0.28501,2.22192,0.00416,1.2263,0.0191,1.2975,0.25326,0.00428
10,mid,1,6,10,0.00,true,0.17588,0.00426,0.00082,1.82494,0.00426,0.1915,0.5698,0.2430,0.05987,0.00390
10,mid,1,6,10,0.10,true,0.21375,0.00458,0.00115,1.78740,0.00459,0.2419,0.4017,0.2637,0.02232,0.00310
10,mid,1,6,10,0.20,true,0.23400,0.00473,0.00259,1.76859,0.00475,0.2992,0.2529,0.3102,0.00351,0.00218
10,mid,1,6,10,0.30,true,0.24075,0.00478,0.00583,1.76508,0.00482,0.3678,0.1454,0.3776,0.00000,0.00000
10,mid,1,6,10,0.40,true,0.24025,0.00478,0.01181,1.77156,0.00486,0.4483,0.0818,0.4590,0.00648,0.00184
10,mid,1,6,10,0.50,true,0.23588,0.00475,0.02122,1.78535,0.00490,0.5320,0.0398,0.5480,0.02027,0.00246
10,mid,1,6,10,0.60,true,0.22800,0.00469,0.03543,1.80743,0.00495,0.6262,0.0207,0.6437,0.04235,0.00286
10,mid,1,6,10,0.70,true,0.21962,0.00463,0.05445,1.83483,0.00501,0.7213,0.0091,0.7410,0.06975,0.00317
10,mid,1,6,10,0.80,true,0.20888,0.00454,0.07807,1.86920,0.00509,0.8175,0.0049,0.8371,0.10412,0.00343
10,mid,1,6,10,0.90,true,0.19850,0.00446,0.10697,1.90847,0.00518,0.9176,0.0028,0.9367,0.14339,0.00369
10,mid,1,6,10,1.00,true,0.18450,0.00434,0.14040,1.95590,0.00524,1.0181,0.0015,1.0368,0.19082,0.00398
10,mid,1,6,10,1.10,true,0.17300,0.00423,0.17535,2.00236,0.00530,1.1146,0.0005,1.1333,0.23728,0.00421
10,mid,1,6,10,1.20,true,0.16025,0.00410,0.21491,2.05466,0.00535,1.2185,0.0003,1.2366,0.28959,0.00446
10,mid,1,6,15,0.00,true,0.09475,0.00327,0.00757,1.91282,0.00331,0.2847,0.5392,0.3697,0.02030,0.00244
10,mid,1,6,15,0.10,true,0.11163,0.00352,0.00866,1.89703,0.00357,0.3308,0.4242,0.3880,0.00452,0.00166
10,mid,1,6,15,0.20,true,0.11987,0.00363,0.01239,1.89251,0.00370,0.3857,0.3248,0.4232,0.00000,0.00000
10,mid,1,6,15,0.30,true,0.12562,0.00371,0.01910,1.89348,0.00382,0.4459,0.2382,0.4743,0.00096,0.00163
10,mid,1,6,15,0.40,true,0.12975,0.00376,0.02919,1.89944,0.00394,0.5119,0.1673,0.5385,0.00692,0.00214
10,mid,1,6,15,0.50,true,0.12987,0.00376,0.04312,1.91325,0.00403,0.5831,0.1118,0.6126,0.02073,0.00249
10,mid,1,6,15,0.60,true,0.12587,0.00371,0.06094,1.93506,0.00409,0.6608,0.0734,0.6931,0.04255,0.00280
10,mid,1,6,15,0.70,true,0.11925,0.00362,0.08318,1.96394,0.00414,0.7463,0.0492,0.7797,0.07142,0.00307
10,mid,1,6,15,0.80,true,0.11313,0.00354,0.10900,1.99588,0.00420,0.8320,0.0288,0.8701,0.10336,0.00329
10,mid,1,6,15,0.90,true,0.10625,0.00345,0.13827,2.03203,0.00426,0.9234,0.0178,0.9630,0.13951,0.00351
10,mid,1,6,15,1.00,true,0.09900,0.00334,0.17124,2.07225,0.00430,1.0192,0.0104,1.0598,0.17974,0.00372
10,mid,1,6,15,1.10,true,0.09287,0.00325,0.20607,2.11321,0.00435,1.1158,0.0055,1.1574,0.22069,0.00390
10,mid,1,6,15,1.20,true,0.08488,0.00312,0.24233,2.15747,0.00434,1.2130,0.0031,1.2542,0.26496,0.00408
10,mid,1,6,20,0.00,true,0.05700,0.00259,0.03135,1.97435,0.00277,0.3766,0.5268,0.5182,0.00479,0.00132
10,mid,1,6,20,0.10,true,0.06400,0.00274,0.03356,1.96956,0.00293,0.4226,0.4442,0.5338,0.00000,0.00000
10,mid,1,6,20,0.20,true,0.06788,0.00281,0.03918,1.97130,0.00305,0.4726,0.3640,0.5633,0.00175,0.00135
10,mid,1,6,20,0.30,true,0.07112,0.00287,0.04844,1.97731,0.00317,0.5286,0.2919,0.6056,0.00776,0.00182
10,mid,1,6,20,0.40,true,0.07262,0.00290,0.06105,1.98843,0.00328,0.5872,0.2278,0.6578,0.01887,0.00213
10,mid,1,6,20,0.50,true,0.07412,0.00293,0.07696,2.00283,0.00341,0.6534,0.1770,0.7195,0.03328,0.00240
10,mid,1,6,20,0.60,true,0.07350,0.00292,0.09656,2.02306,0.00352,0.7241,0.1342,0.7895,0.05350,0.00268
10,mid,1,6,20,0.70,true,0.07175,0.00289,0.11931,2.04756,0.00362,0.7989,0.0998,0.8658,0.07801,0.00296
10,mid,1,6,20,0.80,true,0.07087,0.00287,0.14510,2.07423,0.00374,0.8781,0.0714,0.9486,0.10467,0.00322
10,mid,1,6,20,0.90,true,0.06925,0.00284,0.17317,2.10393,0.00385,0.9615,0.0509,1.0346,0.13438,0.00343
10,mid,1,6,20,1.00,true,0.06513,0.00276,0.20373,2.13863,0.00390,1.0502,0.0380,1.1230,0.16907,0.00361
10,mid,1,6,20,1.10,true,0.06112,0.00268,0.23606,2.17496,0.00393,1.1414,0.0276,1.2150,0.20540,0.00378
10,mid,1,6,20,1.20,true,0.05725,0.00260,0.26925,2.21203,0.00396,1.2329,0.0190,1.3083,0.24248,0.00394
10,high,1,12,10,0.00,true,0.16487,0.00415,0.00246,1.83758,0.00416,0.2081,0.5772,0.2613,0.04441,0.00335
10,high,1,12,10,0.10,true,0.19575,0.00444,0.00433,1.80858,0.00446,0.2558,0.4184,0.2799,0.01541,0.00234
10,high,1,12,10,0.20,true,0.21588,0.00460,0.00905,1.79317,0.00466,0.3134,0.2820,0.3234,0.00000,0.00000
10,high,1,12,10,0.30,true,0.22125,0.00464,0.01775,1.79650,0.00477,0.3781,0.1750,0.3858,0.00333,0.00210
10,high,1,12,10,0.40,true,0.22237,0.00465,0.03140,1.80903,0.00489,0.4527,0.1021,0.4633,0.01586,0.00271
10,high,1,12,10,0.50,true,0.22112,0.00464,0.05097,1.82984,0.00503,0.5357,0.0546,0.5516,0.03667,0.00318
10,high,1,12,10,0.60,true,0.21525,0.00460,0.07617,1.86092,0.00516,0.6235,0.0288,0.6430,0.06775,0.00351
10,high,1,12,10,0.70,true,0.20563,0.00452,0.10682,1.90120,0.00529,0.7148,0.0148,0.7365,0.10803,0.00384
10,high,1,12,10,0.80,true,0.19425,0.00442,0.14230,1.94806,0.00541,0.8091,0.0073,0.8320,0.15489,0.00411
10,high,1,12,10,0.90,true,0.18363,0.00433,0.18203,1.99841,0.00553,0.9079,0.0037,0.9310,0.20524,0.00436
10,high,1,12,10,1.00,true,0.17425,0.00424,0.22201,2.04778,0.00563,1.0039,0.0023,1.0264,0.25461,0.00458
10,high,1,12,10,1.10,true,0.16525,0.00415,0.26434,2.09912,0.00573,1.1043,0.0015,1.1263,0.30595,0.00480
10,high,1,12,10,1.20,true,0.15700,0.00407,0.30789,2.15094,0.00581,1.2085,0.0007,1.2304,0.35777,0.00497
10,high,1,12,15,0.00,true,0.08325,0.00309,0.02074,1.93749,0.00321,0.3152,0.5470,0.4088,0.00519,0.00224
10,high,1,12,15,0.10,true,0.09237,0.00324,0.02558,1.93320,0.00340,0.3591,0.4440,0.4240,0.00091,0.00167
10,high,1,12,15,0.20,true,0.10250,0.00339,0.03479,1.93230,0.00362,0.4094,0.3448,0.4578,0.00000,0.00000
10,high,1,12,15,0.30,true,0.10712,0.00346,0.04836,1.94124,0.00378,0.4641,0.2600,0.5041,0.00894,0.00134
10,high,1,12,15,0.40,true,0.11100,0.00351,0.06688,1.95588,0.00397,0.5274,0.1883,0.5651,0.02359,0.00201
10,high,1,12,15,0.50,true,0.10975,0.00349,0.09018,1.98043,0.00410,0.6001,0.1377,0.6350,0.04814,0.00244
10,high,1,12,15,0.60,true,0.10887,0.00348,0.11765,2.00878,0.00426,0.6743,0.0947,0.7129,0.07649,0.00276
10,high,1,12,15,0.70,true,0.10612,0.00344,0.14912,2.04301,0.00440,0.7551,0.0645,0.7970,0.11071,0.00309
10,high,1,12,15,0.80,true,0.10187,0.00338,0.18356,2.08171,0.00451,0.8387,0.0429,0.8841,0.14941,0.00333
10,high,1,12,15,0.90,true,0.09825,0.00333,0.22090,2.12269,0.00462,0.9276,0.0273,0.9765,0.19039,0.00358
10,high,1,12,15,1.00,true,0.09413,0.00326,0.25950,2.16542,0.00470,1.0186,0.0164,1.0705,0.23313,0.00378
10,high,1,12,15,1.10,true,0.08862,0.00318,0.29895,2.21040,0.00474,1.1138,0.0115,1.1653,0.27811,0.00396
10,high,1,12,15,1.20,true,0.08263,0.00308,0.33904,2.25652,0.00474,1.2102,0.0072,1.2623,0.32422,0.00409
10,high,1,12,20,0.00,true,0.04550,0.00233,0.06601,2.02052,0.00275,0.4053,0.5292,0.5774,0.00000,0.00000
10,high,1,12,20,0.10,true,0.04938,0.00242,0.07282,2.02345,0.00289,0.4479,0.4489,0.5932,0.00293,0.00114
10,high,1,12,20,0.20,true,0.05362,0.00252,0.08421,2.03059,0.00307,0.4976,0.3751,0.6220,0.01007,0.00168
10,high,1,12,20,0.30,true,0.05613,0.00257,0.10016,2.04404,0.00323,0.5527,0.3076,0.6620,0.02353,0.00207
10,high,1,12,20,0.40,true,0.05763,0.00261,0.11981,2.06219,0.00339,0.6115,0.2504,0.7107,0.04167,0.00237
10,high,1,12,20,0.50,true,0.06087,0.00267,0.14360,2.08274,0.00360,0.6774,0.2001,0.7705,0.06222,0.00269
10,high,1,12,20,0.60,true,0.06313,0.00272,0.17025,2.10715,0.00379,0.7459,0.1581,0.8369,0.08663,0.00301
10,high,1,12,20,0.70,true,0.06288,0.00271,0.19981,2.13698,0.00393,0.8174,0.1223,0.9092,0.11646,0.00326
10,high,1,12,20,0.80,true,0.06212,0.00270,0.23163,2.16955,0.00405,0.8936,0.0940,0.9869,0.14904,0.00349
10,high,1,12,20,0.90,true,0.06000,0.00266,0.26634,2.20641,0.00414,0.9769,0.0717,1.0714,0.18590,0.00372
10,high,1,12,20,1.00,true,0.05775,0.00261,0.30087,2.24322,0.00420,1.0571,0.0515,1.1570,0.22271,0.00391
10,high,1,12,20,1.10,true,0.05437,0.00254,0.33649,2.28226,0.00422,1.1459,0.0399,1.2456,0.26174,0.00404
10,high,1,12,20,1.20,true,0.05237,0.00249,0.37156,2.31938,0.00425,1.2336,0.0288,1.3365,0.29887,0.00415
10,high,1,3,10,0.00,true,0.14763,0.00397,0.00293,1.85531,0.00398,0.2017,0.5702,0.2709,0.04368,0.00364
10,high,1,3,10,0.10,true,0.17700,0.00427,0.00437,1.82737,0.00429,0.2575,0.4087,0.2897,0.01574,0.00241
10,high,1,3,10,0.20,true,0.19725,0.00445,0.00888,1.81163,0.00451,0.3186,0.2764,0.3347,0.00000,0.00000
10,high,1,3,10,0.30,true,0.20212,0.00449,0.01663,1.81450,0.00461,0.3792,0.1783,0.3929,0.00288,0.00205
10,high,1,3,10,0.40,true,0.20600,0.00452,0.02919,1.82319,0.00473,0.4512,0.1047,0.4684,0.01156,0.00277
10,high,1,3,10,0.50,true,0.20075,0.00448,0.04641,1.84566,0.00481,0.5283,0.0621,0.5482,0.03403,0.00313
10,high,1,3,10,0.60,true,0.19312,0.00441,0.07114,1.87802,0.00492,0.6190,0.0350,0.6415,0.06639,0.00348
10,high,1,3,10,0.70,true,0.18438,0.00434,0.10125,1.91688,0.00503,0.7125,0.0190,0.7375,0.10525,0.00379
10,high,1,3,10,0.80,true,0.17525,0.00425,0.13663,1.96139,0.00515,0.8097,0.0092,0.8368,0.14976,0.00406
10,high,1,3,10,0.90,true,0.16637,0.00416,0.17466,2.00830,0.00527,0.9077,0.0046,0.9357,0.19667,0.00431
10,high,1,3,10,1.00,true,0.15662,0.00406,0.21567,2.05907,0.00536,1.0074,0.0024,1.0355,0.24744,0.00453
10,high,1,3,10,1.10,true,0.14575,0.00395,0.25817,2.11246,0.00541,1.1076,0.0016,1.1352,0.30083,0.00473
10,high,1,3,10,1.20,true,0.13787,0.00385,0.29651,2.15869,0.00546,1.1982,0.0009,1.2259,0.34706,0.00486
10,high,1,3,15,0.00,true,0.07212,0.00289,0.02183,1.94970,0.00301,0.2990,0.5440,0.4190,0.00733,0.00209
10,high,1,3,15,0.10,true,0.08363,0.00309,0.02600,1.94237,0.00325,0.3580,0.4381,0.4370,0.00000,0.00000
10,high,1,3,15,0.20,true,0.08937,0.00319,0.03413,1.94475,0.00340,0.4074,0.3513,0.4679,0.00238,0.00170
10,high,1,3,15,0.30,true,0.09400,0.00326,0.04712,1.95312,0.00356,0.4645,0.2690,0.5144,0.01075,0.00239
10,high,1,3,15,0.40,true,0.09638,0.00330,0.06480,1.96843,0.00372,0.5260,0.1991,0.5723,0.02605,0.00275
10,high,1,3,15,0.50,true,0.09713,0.00331,0.08632,1.98920,0.00387,0.5935,0.1476,0.6382,0.04683,0.00304
10,high,1,3,15,0.60,true,0.09788,0.00332,0.11424,2.01638,0.00405,0.6714,0.1012,0.7194,0.07400,0.00340
10,high,1,3,15,0.70,true,0.09625,0.00330,0.14598,2.04974,0.00420,0.7547,0.0687,0.8060,0.10737,0.00371
10,high,1,3,15,0.80,true,0.09250,0.00324,0.17706,2.08459,0.00430,0.8300,0.0464,0.8859,0.14221,0.00391
10,high,1,3,15,0.90,true,0.08837,0.00317,0.21290,2.12456,0.00439,0.9169,0.0302,0.9761,0.18219,0.00414
10,high,1,3,15,1.00,true,0.08550,0.00313,0.24853,2.16309,0.00448,1.0029,0.0193,1.0648,0.22071,0.00430
10,high,1,3,15,1.10,true,0.08238,0.00307,0.28832,2.20602,0.00457,1.1007,0.0124,1.1637,0.26365,0.00448
10,high,1,3,15,1.20,true,0.07650,0.00297,0.32759,2.25120,0.00457,1.1962,0.0081,1.2596,0.30883,0.00461
10,high,1,3,20,0.00,true,0.04263,0.00226,0.07547,2.03285,0.00274,0.4138,0.5259,0.6024,0.00000,0.00000
10,high,1,3,20,0.10,true,0.04825,0.00240,0.08161,2.03337,0.00291,0.4616,0.4469,0.6197,0.00051,0.00177
10,high,1,3,20,0.20,true,0.05150,0.00247,0.09157,2.04007,0.00306,0.5079,0.3785,0.6473,0.00722,0.00226
10,high,1,3,20,0.30,true,0.05400,0.00253,0.10701,2.05302,0.00322,0.5661,0.3109,0.6890,0.02017,0.00272
10,high,1,3,20,0.40,true,0.05462,0.00254,0.12616,2.07155,0.00335,0.6267,0.2548,0.7393,0.03869,0.00306
10,high,1,3,20,0.50,true,0.05437,0.00254,0.14896,2.09461,0.00348,0.6916,0.2070,0.7975,0.06176,0.00333
10,high,1,3,20,0.60,true,0.05325,0.00251,0.17648,2.12327,0.00360,0.7621,0.1616,0.8664,0.09041,0.00357
10,high,1,3,20,0.70,true,0.05625,0.00258,0.20309,2.14689,0.00380,0.8276,0.1258,0.9360,0.11404,0.00383
10,high,1,3,20,0.80,true,0.05450,0.00254,0.23262,2.17818,0.00389,0.9003,0.0998,1.0089,0.14533,0.00399
10,high,1,3,20,0.90,true,0.05312,0.00251,0.26647,2.21344,0.00398,0.9814,0.0746,1.0934,0.18058,0.00417
10,high,1,3,20,1.00,true,0.05150,0.00247,0.30131,2.24994,0.00406,1.0687,0.0575,1.1817,0.21709,0.00432
10,high,1,3,20,1.10,true,0.04913,0.00242,0.33391,2.28496,0.00409,1.1480,0.0430,1.2648,0.25210,0.00441
10,high,1,3,20,1.20,true,0.04637,0.00235,0.36782,2.32168,0.00410,1.2339,0.0319,1.3532,0.28883,0.00449
10,high,1,6,10,0.00,true,0.14000,0.00388,0.00314,1.86314,0.00390,0.2109,0.5548,0.2744,0.04002,0.00351
10,high,1,6,10,0.10,true,0.16700,0.00417,0.00417,1.83717,0.00419,0.2593,0.4019,0.2950,0.01406,0.00276
10,high,1,6,10,0.20,true,0.18238,0.00432,0.00783,1.82546,0.00437,0.3170,0.2704,0.3392,0.00235,0.00186
10,high,1,6,10,0.30,true,0.19187,0.00440,0.01499,1.82311,0.00450,0.3837,0.1698,0.4026,0.00000,0.00000
10,high,1,6,10,0.40,true,0.19137,0.00440,0.02685,1.83548,0.00458,0.4597,0.1016,0.4793,0.01237,0.00170
10,high,1,6,10,0.50,true,0.18962,0.00438,0.04361,1.85399,0.00469,0.5427,0.0589,0.5651,0.03087,0.00232
10,high,1,6,10,0.60,true,0.18238,0.00432,0.06647,1.88410,0.00477,0.6320,0.0315,0.6579,0.06099,0.00280
10,high,1,6,10,0.70,true,0.17438,0.00424,0.09430,1.91993,0.00487,0.7243,0.0174,0.7518,0.09681,0.00312
10,high,1,6,10,0.80,true,0.16675,0.00417,0.12657,1.95982,0.00498,0.8184,0.0086,0.8478,0.13671,0.00345
10,high,1,6,10,0.90,true,0.15637,0.00406,0.16376,2.00740,0.00507,0.9172,0.0050,0.9462,0.18428,0.00373
10,high,1,6,10,1.00,true,0.14575,0.00395,0.20382,2.05809,0.00514,1.0165,0.0028,1.0453,0.23498,0.00397
10,high,1,6,10,1.10,true,0.13725,0.00385,0.24377,2.10656,0.00521,1.1131,0.0017,1.1415,0.28344,0.00417
10,high,1,6,10,1.20,true,0.12800,0.00374,0.28691,2.15898,0.00525,1.2156,0.0009,1.2439,0.33587,0.00436
10,high,1,6,15,0.00,true,0.07275,0.00290,0.02367,1.95092,0.00303,0.3113,0.5328,0.4274,0.00979,0.00167
10,high,1,6,15,0.10,true,0.08538,0.00312,0.02651,1.94113,0.00327,0.3582,0.4293,0.4470,0.00000,0.00000
10,high,1,6,15,0.20,true,0.09050,0.00321,0.03378,1.94329,0.00341,0.4127,0.3399,0.4808,0.00215,0.00151
10,high,1,6,15,0.30,true,0.09300,0.00325,0.04562,1.95262,0.00353,0.4711,0.2590,0.5287,0.01149,0.00207
10,high,1,6,15,0.40,true,0.09450,0.00327,0.06202,1.96753,0.00366,0.5342,0.1908,0.5885,0.02639,0.00242
10,high,1,6,15,0.50,true,0.09275,0.00324,0.08321,1.99046,0.00376,0.6040,0.1365,0.6583,0.04933,0.00276
10,high,1,6,15,0.60,true,0.09012,0.00320,0.10829,2.01817,0.00387,0.6759,0.0934,0.7341,0.07704,0.00301
10,high,1,6,15,0.70,true,0.08712,0.00315,0.13763,2.05052,0.00398,0.7574,0.0649,0.8170,0.10939,0.00326
10,high,1,6,15,0.80,true,0.08263,0.00308,0.17027,2.08767,0.00407,0.8440,0.0461,0.9041,0.14654,0.00351
10,high,1,6,15,0.90,true,0.07925,0.00302,0.20521,2.12600,0.00417,0.9295,0.0281,0.9946,0.18486,0.00374
10,high,1,6,15,1.00,true,0.07500,0.00294,0.24266,2.16772,0.00423,1.0229,0.0188,1.0887,0.22659,0.00392
10,high,1,6,15,1.10,true,0.07100,0.00287,0.28070,2.20979,0.00428,1.1159,0.0112,1.1837,0.26866,0.00405
10,high,1,6,15,1.20,true,0.06688,0.00279,0.31876,2.25202,0.00430,1.2117,0.0075,1.2793,0.31088,0.00418
10,high,1,6,20,0.00,true,0.04375,0.00229,0.07956,2.03581,0.00279,0.4129,0.5247,0.6150,0.00000,0.00000
10,high,1,6,20,0.10,true,0.04738,0.00238,0.08399,2.03662,0.00290,0.4598,0.4509,0.6318,0.00081,0.00112
10,high,1,6,20,0.20,true,0.05038,0.00245,0.09279,2.04242,0.00303,0.5067,0.3757,0.6608,0.00661,0.00162
10,high,1,6,20,0.30,true,0.05300,0.00250,0.10596,2.05297,0.00318,0.5610,0.3097,0.7011,0.01715,0.00201
10,high,1,6,20,0.40,true,0.05375,0.00252,0.12323,2.06949,0.00330,0.6183,0.2497,0.7506,0.03368,0.00232
10,high,1,6,20,0.50,true,0.05350,0.00252,0.14433,2.09085,0.00342,0.6808,0.1982,0.8086,0.05504,0.00263
10,high,1,6,20,0.60,true,0.05300,0.00250,0.16847,2.11551,0.00354,0.7518,0.1604,0.8736,0.07969,0.00288
10,high,1,6,20,0.70,true,0.05300,0.00250,0.19554,2.14259,0.00367,0.8228,0.1237,0.9462,0.10678,0.00318
10,high,1,6,20,0.80,true,0.05137,0.00247,0.22526,2.17395,0.00376,0.9000,0.0955,1.0239,0.13814,0.00344
10,high,1,6,20,0.90,true,0.05025,0.00244,0.25667,2.20652,0.00385,0.9791,0.0713,1.1062,0.17071,0.00369
10,high,1,6,20,1.00,true,0.04763,0.00238,0.28952,2.24204,0.00390,1.0615,0.0525,1.1914,0.20623,0.00388
10,high,1,6,20,1.10,true,0.04575,0.00234,0.32267,2.27711,0.00394,1.1494,0.0407,1.2788,0.24130,0.00400
10,high,1,6,20,1.20,true,0.04163,0.00223,0.35691,2.31554,0.00391,1.2387,0.0309,1.3685,0.27973,0.00412
10,hcp30,1,12,10,0.00,true,0.14625,0.00395,0.08615,1.94043,0.00459,0.4116,0.5744,0.4414,0.01029,0.00214
10,hcp30,1,12,10,0.10,true,0.16375,0.00414,0.09325,1.93014,0.00486,0.4623,0.4906,0.4598,0.00000,0.00000
10,hcp30,1,12,10,0.20,true,0.17363,0.00423,0.10653,1.93375,0.00509,0.5217,0.4178,0.4908,0.00361,0.00202
10,hcp30,1,12,10,0.30,true,0.18613,0.00435,0.12505,1.94010,0.00537,0.5837,0.3473,0.5373,0.00996,0.00291
10,hcp30,1,12,10,0.40,true,0.19212,0.00440,0.14814,1.95766,0.00562,0.6513,0.2887,0.5932,0.02752,0.00353
10,hcp30,1,12,10,0.50,true,0.19400,0.00442,0.17526,1.98356,0.00585,0.7212,0.2351,0.6593,0.05342,0.00411
10,hcp30,1,12,10,0.60,true,0.19487,0.00443,0.20517,2.01344,0.00608,0.7946,0.1893,0.7339,0.08330,0.00462
10,hcp30,1,12,10,0.70,true,0.19325,0.00441,0.23631,2.04726,0.00627,0.8713,0.1534,0.8129,0.11712,0.00507
10,hcp30,1,12,10,0.80,true,0.19175,0.00440,0.26891,2.08265,0.00646,0.9517,0.1220,0.8990,0.15251,0.00548
10,hcp30,1,12,10,0.90,true,0.18738,0.00436,0.30249,2.12220,0.00661,1.0351,0.0963,0.9891,0.19206,0.00583
10,hcp30,1,12,10,1.00,true,0.18075,0.00430,0.33583,2.16396,0.00671,1.1215,0.0786,1.0794,0.23382,0.00615
10,hcp30,1,12,10,1.10,true,0.17663,0.00426,0.36875,2.20313,0.00682,1.2094,0.0607,1.1757,0.27299,0.00644
10,hcp30,1,12,10,1.20,true,0.17087,0.00421,0.40355,2.24629,0.00690,1.3079,0.0467,1.2813,0.31615,0.00675
10,hcp30,1,12,15,0.00,true,0.08363,0.00309,0.18808,2.10713,0.00441,0.6231,0.5486,0.6596,0.00000,0.00000
10,hcp30,1,12,15,0.10,true,0.08912,0.00319,0.19520,2.10902,0.00456,0.6692,0.4916,0.6762,0.00189,0.00152
10,hcp30,1,12,15,0.20,true,0.09413,0.00326,0.20617,2.11544,0.00473,0.7254,0.4417,0.7025,0.00831,0.00220
10,hcp30,1,12,15,0.30,true,0.09838,0.00333,0.22101,2.12665,0.00490,0.7798,0.3904,0.7389,0.01952,0.00283
10,hcp30,1,12,15,0.40,true,0.10138,0.00337,0.23870,2.14218,0.00507,0.8411,0.3458,0.7833,0.03505,0.00335
10,hcp30,1,12,15,0.50,true,0.10425,0.00342,0.25879,2.16043,0.00525,0.9048,0.3037,0.8362,0.05330,0.00385
10,hcp30,1,12,15,0.60,true,0.10400,0.00341,0.28136,2.18452,0.00538,0.9686,0.2640,0.8948,0.07739,0.00428
10,hcp30,1,12,15,0.70,true,0.10587,0.00344,0.30496,2.20772,0.00554,1.0387,0.2301,0.9610,0.10059,0.00472
10,hcp30,1,12,15,0.80,true,0.10425,0.00342,0.33063,2.23677,0.00565,1.1100,0.1990,1.0322,0.12964,0.00512
10,hcp30,1,12,15,0.90,true,0.10287,0.00340,0.35758,2.26713,0.00575,1.1855,0.1705,1.1102,0.16000,0.00552
10,hcp30,1,12,15,1.00,true,0.10138,0.00337,0.38441,2.29773,0.00584,1.2665,0.1487,1.1912,0.19060,0.00585
10,hcp30,1,12,15,1.10,true,0.09750,0.00332,0.41083,2.33049,0.00588,1.3450,0.1301,1.2711,0.22336,0.00608
10,hcp30,1,12,15,1.20,true,0.09400,0.00326,0.43744,2.36339,0.00591,1.4288,0.1144,1.3558,0.25626,0.00627
10,hcp30,1,12,20,0.00,true,0.04838,0.00240,0.28588,2.24435,0.00424,0.8067,0.5253,0.8777,0.00000,0.00000
10,hcp30,1,12,20,0.10,true,0.05275,0.00250,0.29268,2.24719,0.00438,0.8532,0.4819,0.8962,0.00284,0.00114
10,hcp30,1,12,20,0.20,true,0.05437,0.00254,0.30231,2.25581,0.00447,0.9064,0.4427,0.9205,0.01146,0.00170
10,hcp30,1,12,20,0.30,true,0.05563,0.00256,0.31434,2.26745,0.00457,0.9664,0.4073,0.9525,0.02310,0.00224
10,hcp30,1,12,20,0.40,true,0.05788,0.00261,0.32805,2.27997,0.00469,1.0230,0.3706,0.9920,0.03562,0.00276
10,hcp30,1,12,20,0.50,true,0.05925,0.00264,0.34362,2.29547,0.00480,1.0782,0.3326,1.0378,0.05112,0.00322
10,hcp30,1,12,20,0.60,true,0.05912,0.00264,0.36066,2.31416,0.00488,1.1455,0.3046,1.0880,0.06981,0.00364
10,hcp30,1,12,20,0.70,true,0.05912,0.00264,0.37905,2.33432,0.00497,1.2136,0.2770,1.1445,0.08997,0.00406
10,hcp30,1,12,20,0.80,true,0.05850,0.00262,0.39810,2.35597,0.00503,1.2810,0.2511,1.2042,0.11162,0.00441
10,hcp30,1,12,20,0.90,true,0.05763,0.00261,0.41823,2.37923,0.00509,1.3511,0.2263,1.2693,0.13488,0.00473
10,hcp30,1,12,20,1.00,true,0.05775,0.00261,0.43823,2.40152,0.00517,1.4232,0.2048,1.3376,0.15717,0.00503
10,hcp30,1,12,20,1.10,true,0.05813,0.00262,0.45927,2.42493,0.00524,1.5028,0.1858,1.4129,0.18058,0.00536
10,hcp30,1,12,20,1.20,true,0.05575,0.00257,0.48049,2.45152,0.00525,1.5778,0.1671,1.4884,0.20717,0.00560
10,hcp30,1,3,10,0.00,true,0.12562,0.00371,0.09682,1.97180,0.00440,0.3874,0.5657,0.4522,0.00914,0.00294
10,hcp30,1,3,10,0.10,true,0.14225,0.00391,0.10419,1.96267,0.00468,0.4684,0.4837,0.4716,0.00000,0.00000
10,hcp30,1,3,10,0.20,true,0.15275,0.00402,0.11815,1.96636,0.00492,0.5284,0.4071,0.5052,0.00370,0.00239
10,hcp30,1,3,10,0.30,true,0.16150,0.00411,0.13543,1.97523,0.00516,0.5860,0.3442,0.5473,0.01256,0.00333
10,hcp30,1,3,10,0.40,true,0.16750,0.00417,0.15818,1.99249,0.00541,0.6516,0.2865,0.6027,0.02982,0.00396
10,hcp30,1,3,10,0.50,true,0.17162,0.00422,0.18388,2.01471,0.00564,0.7186,0.2357,0.6662,0.05204,0.00456
10,hcp30,1,3,10,0.60,true,0.17375,0.00424,0.21375,2.04334,0.00587,0.7920,0.1893,0.7410,0.08067,0.00505
10,hcp30,1,3,10,0.70,true,0.17300,0.00423,0.24523,2.07668,0.00607,0.8698,0.1528,0.8210,0.11402,0.00543
10,hcp30,1,3,10,0.80,true,0.16800,0.00418,0.27901,2.11687,0.00620,0.9518,0.1229,0.9065,0.15420,0.00580
10,hcp30,1,3,10,0.90,true,0.16600,0.00416,0.31265,2.15417,0.00636,1.0351,0.0949,0.9990,0.19150,0.00614
10,hcp30,1,3,10,1.00,true,0.15975,0.00410,0.34765,2.19740,0.00645,1.1242,0.0747,1.0945,0.23474,0.00644
10,hcp30,1,3,10,1.10,true,0.15113,0.00400,0.38201,2.24267,0.00649,1.2177,0.0624,1.1896,0.28001,0.00662
10,hcp30,1,3,10,1.20,true,0.14113,0.00389,0.41332,2.28630,0.00646,1.3005,0.0520,1.2761,0.32364,0.00675
10,hcp30,1,3,15,0.00,true,0.06725,0.00280,0.20187,2.13733,0.00415,0.5569,0.5381,0.6676,0.00299,0.00257
10,hcp30,1,3,15,0.10,true,0.07650,0.00297,0.20790,2.13434,0.00437,0.6548,0.4875,0.6847,0.00000,0.00000
10,hcp30,1,3,15,0.20,true,0.08125,0.00305,0.21772,2.13977,0.00452,0.7051,0.4386,0.7088,0.00543,0.00199
10,hcp30,1,3,15,0.30,true,0.08725,0.00316,0.23137,2.14799,0.00471,0.7661,0.3937,0.7441,0.01365,0.00293
10,hcp30,1,3,15,0.40,true,0.08862,0.00318,0.24893,2.16498,0.00485,0.8304,0.3510,0.7877,0.03064,0.00356
10,hcp30,1,3,15,0.50,true,0.08837,0.00317,0.26769,2.18494,0.00496,0.8895,0.3110,0.8347,0.05061,0.00394
10,hcp30,1,3,15,0.60,true,0.08875,0.00318,0.29107,2.20925,0.00510,0.9585,0.2701,0.8961,0.07491,0.00446
10,hcp30,1,3,15,0.70,true,0.09225,0.00324,0.31563,2.23183,0.00529,1.0333,0.2341,0.9667,0.09750,0.00494
10,hcp30,1,3,15,0.80,true,0.09012,0.00320,0.33924,2.25918,0.00536,1.1011,0.2066,1.0317,0.12484,0.00529
10,hcp30,1,3,15,0.90,true,0.08862,0.00318,0.36408,2.28745,0.00545,1.1755,0.1817,1.1041,0.15311,0.00553
10,hcp30,1,3,15,1.00,true,0.08488,0.00312,0.38905,2.31829,0.00548,1.2496,0.1610,1.1768,0.18395,0.00575
10,hcp30,1,3,15,1.10,true,0.08325,0.00309,0.41570,2.34910,0.00555,1.3289,0.1381,1.2612,0.21476,0.00595
10,hcp30,1,3,15,1.20,true,0.07988,0.00303,0.44127,2.38072,0.00557,1.4052,0.1186,1.3435,0.24639,0.00611
10,hcp30,1,3,20,0.00,true,0.04700,0.00237,0.30266,2.26312,0.00428,0.7547,0.5239,0.9014,0.00000,0.00000
10,hcp30,1,3,20,0.10,true,0.04838,0.00240,0.30896,2.26847,0.00434,0.8536,0.4776,0.9187,0.00535,0.00242
10,hcp30,1,3,20,0.20,true,0.05137,0.00247,0.31725,2.27435,0.00445,0.9161,0.4452,0.9435,0.01123,0.00311
10,hcp30,1,3,20,0.30,true,0.05300,0.00250,0.32936,2.28571,0.00454,0.9735,0.4031,0.9784,0.02260,0.00368
10,hcp30,1,3,20,0.40,true,0.05262,0.00250,0.34378,2.30163,0.00460,1.0336,0.3667,1.0189,0.03851,0.00407
10,hcp30,1,3,20,0.50,true,0.05050,0.00245,0.35955,2.32083,0.00462,1.0941,0.3339,1.0629,0.05771,0.00441
10,hcp30,1,3,20,0.60,true,0.05325,0.00251,0.37661,2.33677,0.00475,1.1662,0.3034,1.1186,0.07366,0.00475
10,hcp30,1,3,20,0.70,true,0.05375,0.00252,0.39290,2.35422,0.00483,1.2305,0.2789,1.1714,0.09111,0.00501
10,hcp30,1,3,20,0.80,true,0.05200,0.00248,0.41075,2.37574,0.00486,1.2991,0.2566,1.2283,0.11262,0.00524
10,hcp30,1,3,20,0.90,true,0.05075,0.00245,0.43116,2.39974,0.00490,1.3694,0.2298,1.2962,0.13663,0.00547
10,hcp30,1,3,20,1.00,true,0.05000,0.00244,0.45159,2.42348,0.00495,1.4435,0.2070,1.3676,0.16036,0.00572
10,hcp30,1,3,20,1.10,true,0.04863,0.00240,0.47003,2.44583,0.00497,1.5122,0.1887,1.4343,0.18272,0.00589
10,hcp30,1,3,20,1.20,true,0.04550,0.00233,0.49078,2.47268,0.00494,1.5890,0.1716,1.5087,0.20957,0.00603
10,hcp30,1,6,10,0.00,true,0.12512,0.00370,0.09326,1.96873,0.00437,0.4148,0.5522,0.4540,0.00441,0.00188
10,hcp30,1,6,10,0.10,true,0.13587,0.00383,0.09949,1.96432,0.00456,0.4678,0.4726,0.4734,0.00000,0.00000
10,hcp30,1,6,10,0.20,true,0.14675,0.00396,0.11188,1.96607,0.00480,0.5282,0.3995,0.5083,0.00175,0.00195
10,hcp30,1,6,10,0.30,true,0.15600,0.00406,0.12939,1.97469,0.00505,0.5940,0.3356,0.5559,0.01037,0.00277
10,hcp30,1,6,10,0.40,true,0.16125,0.00411,0.15162,1.99220,0.00528,0.6594,0.2750,0.6139,0.02788,0.00336
10,hcp30,1,6,10,0.50,true,0.16425,0.00414,0.17740,2.01569,0.00550,0.7307,0.2252,0.6808,0.05137,0.00389
10,hcp30,1,6,10,0.60,true,0.16212,0.00412,0.20699,2.04836,0.00567,0.8064,0.1825,0.7558,0.08404,0.00440
10,hcp30,1,6,10,0.70,true,0.15962,0.00409,0.23847,2.08352,0.00584,0.8830,0.1447,0.8371,0.11920,0.00487
10,hcp30,1,6,10,0.80,true,0.15425,0.00404,0.27180,2.12368,0.00596,0.9694,0.1199,0.9232,0.15936,0.00533
10,hcp30,1,6,10,0.90,true,0.15000,0.00399,0.30496,2.16279,0.00608,1.0541,0.0966,1.0125,0.19847,0.00566
10,hcp30,1,6,10,1.00,true,0.14350,0.00392,0.34011,2.20651,0.00616,1.1455,0.0779,1.1084,0.24219,0.00601
10,hcp30,1,6,10,1.10,true,0.13625,0.00384,0.37366,2.24956,0.00619,1.2329,0.0625,1.2018,0.28524,0.00631
10,hcp30,1,6,10,1.20,true,0.12862,0.00374,0.40867,2.29492,0.00621,1.3279,0.0489,1.3035,0.33060,0.00659
10,hcp30,1,6,15,0.00,true,0.07262,0.00290,0.19813,2.12819,0.00423,0.6159,0.5313,0.6726,0.00168,0.00157
10,hcp30,1,6,15,0.10,true,0.08063,0.00304,0.20416,2.12651,0.00442,0.6670,0.4746,0.6940,0.00000,0.00000
10,hcp30,1,6,15,0.20,true,0.08550,0.00313,0.21385,2.13178,0.00457,0.7265,0.4267,0.7231,0.00527,0.00147
10,hcp30,1,6,15,0.30,true,0.08887,0.00318,0.22734,2.14254,0.00472,0.7870,0.3803,0.7610,0.01603,0.00219
10,hcp30,1,6,15,0.40,true,0.08775,0.00316,0.24439,2.16158,0.00480,0.8504,0.3383,0.8053,0.03507,0.00278
10,hcp30,1,6,15,0.50,true,0.08837,0.00317,0.26388,2.18152,0.00493,0.9158,0.2986,0.8581,0.05501,0.00328
10,hcp30,1,6,15,0.60,true,0.08775,0.00316,0.28567,2.20525,0.00504,0.9827,0.2617,0.9180,0.07874,0.00382
10,hcp30,1,6,15,0.70,true,0.08550,0.00313,0.30940,2.23278,0.00513,1.0522,0.2285,0.9833,0.10627,0.00426
10,hcp30,1,6,15,0.80,true,0.08375,0.00310,0.33383,2.26073,0.00521,1.1231,0.1986,1.0534,0.13423,0.00465
10,hcp30,1,6,15,0.90,true,0.08038,0.00304,0.35954,2.29185,0.00526,1.1969,0.1721,1.1283,0.16535,0.00502
10,hcp30,1,6,15,1.00,true,0.07888,0.00301,0.38558,2.32173,0.00533,1.2738,0.1472,1.2097,0.19522,0.00535
10,hcp30,1,6,15,1.10,true,0.07587,0.00296,0.41143,2.35310,0.00537,1.3538,0.1282,1.2916,0.22659,0.00563
10,hcp30,1,6,15,1.20,true,0.07050,0.00286,0.43729,2.38709,0.00534,1.4285,0.1091,1.3735,0.26058,0.00584
10,hcp30,1,6,20,0.00,true,0.04600,0.00234,0.30029,2.26166,0.00422,0.8204,0.5194,0.9072,0.00000,0.00000
10,hcp30,1,6,20,0.10,true,0.04738,0.00238,0.30534,2.26579,0.00428,0.8739,0.4812,0.9245,0.00412,0.00113
10,hcp30,1,6,20,0.20,true,0.04900,0.00241,0.31352,2.27303,0.00436,0.9304,0.4431,0.9511,0.01137,0.00184
10,hcp30,1,6,20,0.30,true,0.05063,0.00245,0.32379,2.28256,0.00445,0.9904,0.4079,0.9844,0.02090,0.00239
10,hcp30,1,6,20,0.40,true,0.04975,0.00243,0.33661,2.29739,0.00449,1.0462,0.3708,1.0234,0.03573,0.00289
10,hcp30,1,6,20,0.50,true,0.04963,0.00243,0.35115,2.31340,0.00456,1.1018,0.3337,1.0697,0.05174,0.00340
10,hcp30,1,6,20,0.60,true,0.05013,0.00244,0.36628,2.32957,0.00464,1.1657,0.3039,1.1202,0.06791,0.00378
10,hcp30,1,6,20,0.70,true,0.04938,0.00242,0.38283,2.34865,0.00469,1.2339,0.2780,1.1752,0.08698,0.00414
10,hcp30,1,6,20,0.80,true,0.04800,0.00239,0.40061,2.36981,0.00473,1.2995,0.2513,1.2348,0.10815,0.00449
10,hcp30,1,6,20,0.90,true,0.04662,0.00236,0.41885,2.39163,0.00476,1.3674,0.2275,1.2979,0.12997,0.00479
10,hcp30,1,6,20,1.00,true,0.04575,0.00234,0.43757,2.41368,0.00481,1.4323,0.2025,1.3654,0.15202,0.00507
10,hcp30,1,6,20,1.10,true,0.04562,0.00233,0.45683,2.43574,0.00486,1.5084,0.1834,1.4385,0.17408,0.00535
10,hcp30,1,6,20,1.20,true,0.04312,0.00227,0.47709,2.46143,0.00485,1.5863,0.1667,1.5135,0.19977,0.00562
10,tour,2,12,10,0.00,true,0.30512,0.00515,0.00004,1.69491,0.00515,0.1666,0.6683,0.1941,0.14837,0.00505
10,tour,2,12,10,0.10,true,0.38775,0.00545,0.00011,1.61236,0.00545,0.2108,0.4573,0.2075,0.06581,0.00398
10,tour,2,12,10,0.20,true,0.43575,0.00554,0.00038,1.56463,0.00555,0.2704,0.2627,0.2572,0.01809,0.00268
10,tour,2,12,10,0.30,true,0.45463,0.00557,0.00117,1.54654,0.00558,0.3442,0.1320,0.3337,0.00000,0.00000
10,tour,2,12,10,0.40,true,0.45463,0.00557,0.00296,1.54833,0.00560,0.4260,0.0582,0.4230,0.00179,0.00210
10,tour,2,12,10,0.50,true,0.44550,0.00556,0.00651,1.56101,0.00563,0.5173,0.0216,0.5208,0.01447,0.00274
10,tour,2,12,10,0.60,true,0.43362,0.00554,0.01264,1.57901,0.00567,0.6126,0.0071,0.6193,0.03247,0.00310
10,tour,2,12,10,0.70,true,0.41587,0.00551,0.02218,1.60630,0.00573,0.7124,0.0021,0.7198,0.05976,0.00346
10,tour,2,12,10,0.80,true,0.40125,0.00548,0.03506,1.63381,0.00583,0.8110,0.0008,0.8181,0.08727,0.00373
10,tour,2,12,10,0.90,true,0.38850,0.00545,0.05096,1.66246,0.00594,0.9067,0.0002,0.9136,0.11592,0.00397
10,tour,2,12,10,1.00,true,0.37350,0.00541,0.07088,1.69738,0.00607,1.0052,0.0002,1.0115,0.15084,0.00422
10,tour,2,12,10,1.10,true,0.36088,0.00537,0.09401,1.73314,0.00622,1.1058,0.0000,1.1119,0.18660,0.00447
10,tour,2,12,10,1.20,true,0.34525,0.00532,0.12004,1.77479,0.00636,1.2059,0.0000,1.2116,0.22825,0.00473
10,tour,2,12,15,0.00,true,0.18900,0.00438,0.00068,1.81168,0.00438,0.2401,0.5942,0.2791,0.08615,0.00432
10,tour,2,12,15,0.10,true,0.22737,0.00469,0.00118,1.77381,0.00469,0.2859,0.4558,0.2929,0.04827,0.00376
10,tour,2,12,15,0.20,true,0.25525,0.00487,0.00241,1.74716,0.00489,0.3398,0.3246,0.3302,0.02162,0.00305
10,tour,2,12,15,0.30,true,0.27663,0.00500,0.00482,1.72819,0.00504,0.4062,0.2182,0.3904,0.00266,0.00196
10,tour,2,12,15,0.40,true,0.28337,0.00504,0.00891,1.72554,0.00511,0.4758,0.1369,0.4635,0.00000,0.00000
10,tour,2,12,15,0.50,true,0.28450,0.00504,0.01549,1.73099,0.00517,0.5553,0.0816,0.5485,0.00545,0.00183
10,tour,2,12,15,0.60,true,0.27900,0.00501,0.02509,1.74609,0.00522,0.6421,0.0480,0.6402,0.02056,0.00241
10,tour,2,12,15,0.70,true,0.27187,0.00497,0.03820,1.76632,0.00528,0.7321,0.0251,0.7363,0.04079,0.00277
10,tour,2,12,15,0.80,true,0.26450,0.00493,0.05376,1.78926,0.00535,0.8214,0.0124,0.8298,0.06373,0.00310
10,tour,2,12,15,0.90,true,0.25538,0.00488,0.07382,1.81844,0.00544,0.9200,0.0067,0.9297,0.09291,0.00334
10,tour,2,12,15,1.00,true,0.24500,0.00481,0.09685,1.85185,0.00553,1.0189,0.0043,1.0285,0.12632,0.00358
10,tour,2,12,15,1.10,true,0.23538,0.00474,0.12205,1.88668,0.00562,1.1154,0.0020,1.1259,0.16114,0.00383
10,tour,2,12,15,1.20,true,0.22612,0.00468,0.14867,1.92255,0.00572,1.2110,0.0015,1.2210,0.19701,0.00405
10,tour,2,12,20,0.00,true,0.12437,0.00369,0.00390,1.87952,0.00371,0.3307,0.5567,0.3741,0.03673,0.00352
10,tour,2,12,20,0.10,true,0.14450,0.00393,0.00551,1.86101,0.00396,0.3790,0.4632,0.3871,0.01822,0.00307
10,tour,2,12,20,0.20,true,0.15712,0.00407,0.00858,1.85146,0.00412,0.4295,0.3681,0.4168,0.00867,0.00250
10,tour,2,12,20,0.30,true,0.16787,0.00418,0.01351,1.84564,0.00427,0.4826,0.2753,0.4639,0.00285,0.00171
10,tour,2,12,20,0.40,true,0.17750,0.00427,0.02029,1.84279,0.00441,0.5426,0.1991,0.5244,0.00000,0.00000
10,tour,2,12,20,0.50,true,0.18050,0.00430,0.03009,1.84959,0.00451,0.6144,0.1377,0.5995,0.00680,0.00173
10,tour,2,12,20,0.60,true,0.18050,0.00430,0.04269,1.86219,0.00460,0.6924,0.0943,0.6822,0.01940,0.00229
10,tour,2,12,20,0.70,true,0.17975,0.00429,0.05737,1.87762,0.00470,0.7712,0.0639,0.7665,0.03483,0.00261
10,tour,2,12,20,0.80,true,0.17550,0.00425,0.07607,1.90057,0.00478,0.8606,0.0426,0.8603,0.05778,0.00292
10,tour,2,12,20,0.90,true,0.17050,0.00420,0.09635,1.92585,0.00486,0.9448,0.0264,0.9506,0.08306,0.00314
10,tour,2,12,20,1.00,true,0.16612,0.00416,0.12039,1.95427,0.00496,1.0394,0.0153,1.0497,0.11148,0.00338
10,tour,2,12,20,1.10,true,0.16137,0.00411,0.14664,1.98526,0.00506,1.1373,0.0098,1.1491,0.14247,0.00354
10,tour,2,12,20,1.20,true,0.15513,0.00405,0.17438,2.01926,0.00514,1.2344,0.0067,1.2468,0.17647,0.00374
10,tour,2,3,10,0.00,true,0.24413,0.00480,0.00005,1.75592,0.00480,0.1392,0.5907,0.2010,0.12193,0.00559
10,tour,2,3,10,0.10,true,0.31362,0.00519,0.00010,1.68648,0.00519,0.2032,0.4047,0.2188,0.05249,0.00459
10,tour,2,3,10,0.20,true,0.35113,0.00534,0.00040,1.64927,0.00534,0.2648,0.2425,0.2674,0.01528,0.00358
10,tour,2,3,10,0.30,true,0.36312,0.00538,0.00127,1.63814,0.00539,0.3354,0.1254,0.3392,0.00415,0.00245
10,tour,2,3,10,0.40,true,0.36925,0.00540,0.00324,1.63399,0.00542,0.4148,0.0606,0.4239,0.00000,0.00000
10,tour,2,3,10,0.50,true,0.36400,0.00538,0.00697,1.64297,0.00544,0.4959,0.0263,0.5095,0.00898,0.00204
10,tour,2,3,10,0.60,true,0.35150,0.00534,0.01456,1.66306,0.00547,0.5985,0.0098,0.6147,0.02907,0.00284
10,tour,2,3,10,0.70,true,0.34213,0.00530,0.02468,1.68255,0.00552,0.6911,0.0036,0.7089,0.04856,0.00331
10,tour,2,3,10,0.80,true,0.33175,0.00526,0.03905,1.70730,0.00560,0.7895,0.0015,0.8074,0.07331,0.00366
10,tour,2,3,10,0.90,true,0.32050,0.00522,0.05748,1.73698,0.00570,0.8892,0.0004,0.9074,0.10299,0.00400
10,tour,2,3,10,1.00,true,0.30450,0.00515,0.08012,1.77562,0.00579,0.9889,0.0002,1.0071,0.14163,0.00435
10,tour,2,3,10,1.10,true,0.29313,0.00509,0.10500,1.81188,0.00591,1.0869,0.0000,1.1052,0.17789,0.00462
10,tour,2,3,10,1.20,true,0.27913,0.00502,0.13398,1.85486,0.00602,1.1895,0.0000,1.2081,0.22087,0.00490
10,tour,2,3,15,0.00,true,0.14062,0.00389,0.00122,1.86060,0.00389,0.1839,0.5712,0.2919,0.07218,0.00509
10,tour,2,3,15,0.10,true,0.18125,0.00431,0.00160,1.82035,0.00432,0.2743,0.4253,0.3072,0.03193,0.00418
10,tour,2,3,15,0.20,true,0.19662,0.00444,0.00281,1.80618,0.00446,0.3301,0.3202,0.3405,0.01776,0.00337
10,tour,2,3,15,0.30,true,0.21338,0.00458,0.00553,1.79215,0.00462,0.3968,0.2115,0.4006,0.00373,0.00243
10,tour,2,3,15,0.40,true,0.22187,0.00465,0.01030,1.78842,0.00472,0.4671,0.1335,0.4736,0.00000,0.00000
10,tour,2,3,15,0.50,true,0.22175,0.00464,0.01767,1.79592,0.00477,0.5454,0.0821,0.5558,0.00750,0.00219
10,tour,2,3,15,0.60,true,0.21613,0.00460,0.02814,1.81201,0.00480,0.6284,0.0482,0.6437,0.02359,0.00292
10,tour,2,3,15,0.70,true,0.21113,0.00456,0.04174,1.83062,0.00486,0.7147,0.0280,0.7337,0.04219,0.00338
10,tour,2,3,15,0.80,true,0.20663,0.00453,0.05866,1.85204,0.00493,0.8065,0.0178,0.8270,0.06362,0.00377
10,tour,2,3,15,0.90,true,0.19950,0.00447,0.07960,1.88010,0.00501,0.9004,0.0094,0.9238,0.09168,0.00410
10,tour,2,3,15,1.00,true,0.19075,0.00439,0.10380,1.91305,0.00508,0.9959,0.0053,1.0205,0.12463,0.00433
10,tour,2,3,15,1.10,true,0.18100,0.00430,0.13112,1.95012,0.00514,1.0942,0.0029,1.1196,0.16169,0.00458
10,tour,2,3,15,1.20,true,0.17100,0.00421,0.16041,1.98941,0.00519,1.1920,0.0015,1.2179,0.20098,0.00483
10,tour,2,3,20,0.00,true,0.10325,0.00340,0.00540,1.90215,0.00343,0.2459,0.5463,0.3882,0.02918,0.00416
10,tour,2,3,20,0.10,true,0.11800,0.00361,0.00664,1.88864,0.00364,0.3530,0.4463,0.4022,0.01568,0.00328
10,tour,2,3,20,0.20,true,0.13150,0.00378,0.00946,1.87796,0.00383,0.4089,0.3493,0.4339,0.00500,0.00236
10,tour,2,3,20,0.30,true,0.14125,0.00389,0.01421,1.87296,0.00398,0.4712,0.2703,0.4812,0.00000,0.00000
10,tour,2,3,20,0.40,true,0.14688,0.00396,0.02125,1.87437,0.00409,0.5321,0.1988,0.5396,0.00141,0.00222
10,tour,2,3,20,0.50,true,0.14975,0.00399,0.03099,1.88124,0.00419,0.6013,0.1436,0.6093,0.00828,0.00291
10,tour,2,3,20,0.60,true,0.15088,0.00400,0.04364,1.89276,0.00429,0.6783,0.1028,0.6884,0.01980,0.00345
10,tour,2,3,20,0.70,true,0.14538,0.00394,0.05935,1.91398,0.00433,0.7541,0.0690,0.7704,0.04102,0.00385
10,tour,2,3,20,0.80,true,0.14062,0.00389,0.07833,1.93771,0.00439,0.8376,0.0460,0.8588,0.06475,0.00414
10,tour,2,3,20,0.90,true,0.13862,0.00386,0.09930,1.96068,0.00449,0.9223,0.0297,0.9482,0.08771,0.00439
10,tour,2,3,20,1.00,true,0.13200,0.00378,0.12346,1.99146,0.00454,1.0110,0.0181,1.0411,0.11849,0.00465
10,tour,2,3,20,1.10,true,0.13075,0.00377,0.14912,2.01837,0.00466,1.1027,0.0104,1.1365,0.14541,0.00486
10,tour,2,3,20,1.20,true,0.12425,0.00369,0.17714,2.05289,0.00471,1.1965,0.0063,1.2315,0.17993,0.00502
10,tour,2,6,10,0.00,true,0.25888,0.00490,0.00004,1.74116,0.00490,0.1672,0.6109,0.2005,0.10007,0.00459
10,tour,2,6,10,0.10,true,0.31975,0.00521,0.00006,1.68031,0.00521,0.2133,0.3997,0.2201,0.03922,0.00357
10,tour,2,6,10,0.20,true,0.34963,0.00533,0.00020,1.65057,0.00533,0.2726,0.2235,0.2715,0.00948,0.00246
10,tour,2,6,10,0.30,true,0.35950,0.00536,0.00059,1.64109,0.00537,0.3478,0.1052,0.3496,0.00000,0.00000
10,tour,2,6,10,0.40,true,0.35813,0.00536,0.00148,1.64335,0.00537,0.4329,0.0473,0.4386,0.00226,0.00197
10,tour,2,6,10,0.50,true,0.34625,0.00532,0.00336,1.65711,0.00535,0.5252,0.0180,0.5349,0.01602,0.00252
10,tour,2,6,10,0.60,true,0.33150,0.00526,0.00673,1.67523,0.00532,0.6202,0.0060,0.6315,0.03414,0.00296
10,tour,2,6,10,0.70,true,0.31762,0.00521,0.01241,1.69478,0.00531,0.7178,0.0018,0.7292,0.05369,0.00324
10,tour,2,6,10,0.80,true,0.30088,0.00513,0.02137,1.72050,0.00530,0.8186,0.0004,0.8295,0.07941,0.00354
10,tour,2,6,10,0.90,true,0.28375,0.00504,0.03421,1.75046,0.00530,0.9213,0.0003,0.9312,0.10937,0.00382
10,tour,2,6,10,1.00,true,0.26412,0.00493,0.05086,1.78674,0.00530,1.0212,0.0000,1.0305,0.14565,0.00411
10,tour,2,6,10,1.10,true,0.24163,0.00479,0.07307,1.83144,0.00530,1.1282,0.0000,1.1369,0.19035,0.00442
10,tour,2,6,10,1.20,true,0.22525,0.00467,0.09617,1.87092,0.00531,1.2249,0.0000,1.2331,0.22983,0.00467
10,tour,2,6,15,0.00,true,0.14688,0.00396,0.00090,1.85403,0.00396,0.2458,0.5727,0.2977,0.05666,0.00390
10,tour,2,6,15,0.10,true,0.17137,0.00421,0.00091,1.82953,0.00422,0.2911,0.4405,0.3109,0.03216,0.00342
10,tour,2,6,15,0.20,true,0.19025,0.00439,0.00146,1.81121,0.00440,0.3453,0.3172,0.3475,0.01384,0.00272
10,tour,2,6,15,0.30,true,0.20312,0.00450,0.00275,1.79963,0.00452,0.4071,0.2121,0.4044,0.00225,0.00179
10,tour,2,6,15,0.40,true,0.20775,0.00454,0.00512,1.79737,0.00457,0.4792,0.1374,0.4761,0.00000,0.00000
10,tour,2,6,15,0.50,true,0.20925,0.00455,0.00904,1.79979,0.00461,0.5575,0.0846,0.5583,0.00242,0.00158
10,tour,2,6,15,0.60,true,0.20638,0.00452,0.01513,1.80876,0.00463,0.6411,0.0471,0.6486,0.01139,0.00212
10,tour,2,6,15,0.70,true,0.19737,0.00445,0.02376,1.82639,0.00461,0.7284,0.0249,0.7408,0.02901,0.00254
10,tour,2,6,15,0.80,true,0.18725,0.00436,0.03550,1.84825,0.00459,0.8225,0.0138,0.8367,0.05088,0.00284
10,tour,2,6,15,0.90,true,0.17550,0.00425,0.05082,1.87532,0.00458,0.9226,0.0085,0.9369,0.07795,0.00317
10,tour,2,6,15,1.00,true,0.16587,0.00416,0.06865,1.90277,0.00459,1.0173,0.0030,1.0340,0.10540,0.00342
10,tour,2,6,15,1.10,true,0.15488,0.00404,0.09033,1.93546,0.00459,1.1186,0.0010,1.1353,0.13809,0.00367
10,tour,2,6,15,1.20,true,0.14313,0.00392,0.11390,1.97077,0.00457,1.2166,0.0003,1.2329,0.17340,0.00389
10,tour,2,6,20,0.00,true,0.09588,0.00329,0.00418,1.90830,0.00331,0.3248,0.5411,0.3908,0.03347,0.00290
10,tour,2,6,20,0.10,true,0.11038,0.00350,0.00423,1.89386,0.00353,0.3694,0.4423,0.4042,0.01903,0.00244
10,tour,2,6,20,0.20,true,0.12400,0.00368,0.00547,1.88147,0.00371,0.4199,0.3453,0.4362,0.00664,0.00178
10,tour,2,6,20,0.30,true,0.13325,0.00380,0.00808,1.87483,0.00385,0.4787,0.2602,0.4849,0.00000,0.00000
10,tour,2,6,20,0.40,true,0.13737,0.00385,0.01229,1.87491,0.00392,0.5407,0.1865,0.5461,0.00008,0.00161
10,tour,2,6,20,0.50,true,0.13850,0.00386,0.01843,1.87993,0.00397,0.6096,0.1284,0.6180,0.00510,0.00209
10,tour,2,6,20,0.60,true,0.13487,0.00382,0.02692,1.89204,0.00398,0.6852,0.0861,0.6976,0.01721,0.00242
10,tour,2,6,20,0.70,true,0.13100,0.00377,0.03787,1.90687,0.00400,0.7694,0.0596,0.7834,0.03204,0.00272
10,tour,2,6,20,0.80,true,0.12487,0.00370,0.05162,1.92675,0.00401,0.8561,0.0400,0.8728,0.05192,0.00294
10,tour,2,6,20,0.90,true,0.11812,0.00361,0.06798,1.94986,0.00401,0.9450,0.0251,0.9654,0.07503,0.00314
10,tour,2,6,20,1.00,true,0.11050,0.00351,0.08724,1.97674,0.00401,1.0386,0.0155,1.0613,0.10192,0.00334
10,tour,2,6,20,1.10,true,0.10312,0.00340,0.10840,2.00528,0.00400,1.1330,0.0100,1.1565,0.13045,0.00352
10,tour,2,6,20,1.20,true,0.09400,0.00326,0.13241,2.03841,0.00397,1.2311,0.0062,1.2552,0.16358,0.00374
10,scratch,2,12,10,0.00,true,0.26837,0.00495,0.00013,1.73175,0.00496,0.1777,0.6472,0.2082,0.12616,0.00478
10,scratch,2,12,10,0.10,true,0.33800,0.00529,0.00034,1.66234,0.00529,0.2239,0.4554,0.2226,0.05675,0.00383
10,scratch,2,12,10,0.20,true,0.37950,0.00543,0.00104,1.62154,0.00543,0.2827,0.2750,0.2705,0.01595,0.00251
10,scratch,2,12,10,0.30,true,0.39713,0.00547,0.00271,1.60559,0.00550,0.3525,0.1485,0.3422,0.00000,0.00000
10,scratch,2,12,10,0.40,true,0.39637,0.00547,0.00614,1.60976,0.00553,0.4327,0.0725,0.4288,0.00417,0.00217
10,scratch,2,12,10,0.50,true,0.38875,0.00545,0.01215,1.62340,0.00557,0.5202,0.0307,0.5233,0.01781,0.00283
10,scratch,2,12,10,0.60,true,0.37575,0.00541,0.02175,1.64600,0.00562,0.6131,0.0128,0.6196,0.04041,0.00324
10,scratch,2,12,10,0.70,true,0.36438,0.00538,0.03561,1.67123,0.00571,0.7105,0.0035,0.7197,0.06564,0.00352
10,scratch,2,12,10,0.80,true,0.34750,0.00532,0.05396,1.70646,0.00581,0.8088,0.0015,0.8178,0.10087,0.00384
10,scratch,2,12,10,0.90,true,0.33337,0.00527,0.07550,1.74212,0.00593,0.9041,0.0004,0.9130,0.13653,0.00411
10,scratch,2,12,10,1.00,true,0.32038,0.00522,0.10133,1.78095,0.00608,1.0037,0.0002,1.0120,0.17536,0.00437
10,scratch,2,12,10,1.10,true,0.30838,0.00516,0.13014,1.82176,0.00623,1.1049,0.0002,1.1128,0.21617,0.00463
10,scratch,2,12,10,1.20,true,0.29663,0.00511,0.16025,1.86362,0.00637,1.2042,0.0000,1.2118,0.25803,0.00484
10,scratch,2,12,15,0.00,true,0.15850,0.00408,0.00175,1.84325,0.00409,0.2560,0.5790,0.3036,0.05934,0.00396
10,scratch,2,12,15,0.10,true,0.18775,0.00437,0.00281,1.81506,0.00438,0.3021,0.4520,0.3176,0.03116,0.00340
10,scratch,2,12,15,0.20,true,0.20913,0.00455,0.00522,1.79609,0.00458,0.3554,0.3302,0.3537,0.01218,0.00276
10,scratch,2,12,15,0.30,true,0.22562,0.00467,0.00959,1.78397,0.00474,0.4216,0.2350,0.4097,0.00006,0.00185
10,scratch,2,12,15,0.40,true,0.23237,0.00472,0.01628,1.78391,0.00484,0.4867,0.1532,0.4784,0.00000,0.00000
10,scratch,2,12,15,0.50,true,0.23200,0.00472,0.02637,1.79437,0.00492,0.5621,0.0957,0.5589,0.01046,0.00173
10,scratch,2,12,15,0.60,true,0.22825,0.00469,0.04045,1.81220,0.00500,0.6485,0.0591,0.6494,0.02830,0.00235
10,scratch,2,12,15,0.70,true,0.22237,0.00465,0.05847,1.83610,0.00508,0.7384,0.0357,0.7437,0.05219,0.00274
10,scratch,2,12,15,0.80,true,0.21663,0.00461,0.07911,1.86249,0.00518,0.8253,0.0187,0.8365,0.07858,0.00309
10,scratch,2,12,15,0.90,true,0.21100,0.00456,0.10447,1.89347,0.00531,0.9237,0.0106,0.9368,0.10957,0.00334
10,scratch,2,12,15,1.00,true,0.20162,0.00449,0.13203,1.93041,0.00540,1.0189,0.0061,1.0331,0.14650,0.00355
10,scratch,2,12,15,1.10,true,0.19450,0.00443,0.16111,1.96661,0.00550,1.1152,0.0040,1.1294,0.18271,0.00375
10,scratch,2,12,15,1.20,true,0.18787,0.00437,0.19083,2.00296,0.00560,1.2088,0.0022,1.2236,0.21905,0.00393
10,scratch,2,12,20,0.00,true,0.09688,0.00331,0.00857,1.91169,0.00335,0.3529,0.5435,0.4120,0.01707,0.00237
10,scratch,2,12,20,0.10,true,0.10950,0.00349,0.01137,1.90187,0.00356,0.4015,0.4576,0.4253,0.00725,0.00165
10,scratch,2,12,20,0.20,true,0.12175,0.00366,0.01637,1.89462,0.00376,0.4542,0.3739,0.4548,0.00000,0.00000
10,scratch,2,12,20,0.30,true,0.12825,0.00374,0.02385,1.89560,0.00390,0.5033,0.2855,0.4985,0.00098,0.00165
10,scratch,2,12,20,0.40,true,0.13450,0.00381,0.03390,1.89940,0.00404,0.5608,0.2122,0.5554,0.00478,0.00225
10,scratch,2,12,20,0.50,true,0.13937,0.00387,0.04745,1.90808,0.00420,0.6303,0.1537,0.6258,0.01346,0.00264
10,scratch,2,12,20,0.60,true,0.14150,0.00390,0.06386,1.92236,0.00434,0.7056,0.1105,0.7037,0.02773,0.00297
10,scratch,2,12,20,0.70,true,0.14062,0.00389,0.08259,1.94196,0.00445,0.7808,0.0772,0.7844,0.04734,0.00322
10,scratch,2,12,20,0.80,true,0.13825,0.00386,0.10577,1.96752,0.00456,0.8677,0.0528,0.8758,0.07290,0.00347
10,scratch,2,12,20,0.90,true,0.13475,0.00382,0.13005,1.99531,0.00466,0.9543,0.0383,0.9646,0.10068,0.00369
10,scratch,2,12,20,1.00,true,0.12975,0.00376,0.15816,2.02841,0.00475,1.0435,0.0231,1.0603,0.13379,0.00388
10,scratch,2,12,20,1.10,true,0.12675,0.00372,0.18790,2.06116,0.00486,1.1390,0.0142,1.1593,0.16653,0.00406
10,scratch,2,12,20,1.20,true,0.12162,0.00365,0.21901,2.09738,0.00493,1.2365,0.0101,1.2571,0.20276,0.00424
10,scratch,2,3,10,0.00,true,0.21575,0.00460,0.00021,1.78446,0.00460,0.1480,0.5802,0.2154,0.10395,0.00506
10,scratch,2,3,10,0.10,true,0.27450,0.00499,0.00036,1.72586,0.00499,0.2127,0.4080,0.2326,0.04534,0.00393
10,scratch,2,3,10,0.20,true,0.30862,0.00516,0.00103,1.69241,0.00517,0.2741,0.2520,0.2802,0.01189,0.00273
10,scratch,2,3,10,0.30,true,0.32225,0.00522,0.00277,1.68052,0.00525,0.3439,0.1426,0.3482,0.00000,0.00000
10,scratch,2,3,10,0.40,true,0.32212,0.00522,0.00642,1.68430,0.00528,0.4216,0.0730,0.4309,0.00378,0.00258
10,scratch,2,3,10,0.50,true,0.31738,0.00520,0.01264,1.69527,0.00531,0.5018,0.0342,0.5164,0.01475,0.00320
10,scratch,2,3,10,0.60,true,0.30888,0.00517,0.02394,1.71506,0.00536,0.6026,0.0148,0.6199,0.03454,0.00367
10,scratch,2,3,10,0.70,true,0.29812,0.00511,0.03802,1.73990,0.00542,0.6921,0.0061,0.7118,0.05938,0.00407
10,scratch,2,3,10,0.80,true,0.28587,0.00505,0.05767,1.77179,0.00551,0.7912,0.0026,0.8113,0.09128,0.00442
10,scratch,2,3,10,0.90,true,0.27387,0.00499,0.08154,1.80767,0.00562,0.8898,0.0009,0.9104,0.12715,0.00472
10,scratch,2,3,10,1.00,true,0.26212,0.00492,0.10923,1.84711,0.00573,0.9891,0.0003,1.0098,0.16659,0.00498
10,scratch,2,3,10,1.10,true,0.25100,0.00485,0.13902,1.88802,0.00585,1.0863,0.0002,1.1070,0.20750,0.00520
10,scratch,2,3,10,1.20,true,0.23813,0.00476,0.17224,1.93412,0.00595,1.1869,0.0002,1.2078,0.25360,0.00539
10,scratch,2,3,15,0.00,true,0.12512,0.00370,0.00303,1.87791,0.00372,0.2003,0.5662,0.3177,0.04401,0.00447
10,scratch,2,3,15,0.10,true,0.15238,0.00402,0.00388,1.85151,0.00404,0.2908,0.4260,0.3338,0.01761,0.00338
10,scratch,2,3,15,0.20,true,0.16687,0.00417,0.00599,1.83912,0.00421,0.3473,0.3293,0.3663,0.00522,0.00248
10,scratch,2,3,15,0.30,true,0.17700,0.00427,0.01090,1.83390,0.00434,0.4155,0.2292,0.4238,0.00000,0.00000
10,scratch,2,3,15,0.40,true,0.18338,0.00433,0.01828,1.83490,0.00445,0.4830,0.1488,0.4942,0.00100,0.00244
10,scratch,2,3,15,0.50,true,0.18563,0.00435,0.02880,1.84318,0.00454,0.5581,0.0975,0.5718,0.00928,0.00309
10,scratch,2,3,15,0.60,true,0.18050,0.00430,0.04317,1.86267,0.00459,0.6388,0.0621,0.6563,0.02877,0.00358
10,scratch,2,3,15,0.70,true,0.17600,0.00426,0.06111,1.88511,0.00467,0.7213,0.0373,0.7438,0.05121,0.00392
10,scratch,2,3,15,0.80,true,0.16975,0.00420,0.08311,1.91336,0.00475,0.8121,0.0236,0.8369,0.07946,0.00426
10,scratch,2,3,15,0.90,true,0.16325,0.00413,0.10891,1.94566,0.00483,0.9053,0.0146,0.9323,0.11176,0.00450
10,scratch,2,3,15,1.00,true,0.15450,0.00404,0.13746,1.98296,0.00489,0.9976,0.0080,1.0272,0.14906,0.00471
10,scratch,2,3,15,1.10,true,0.14838,0.00397,0.16857,2.02019,0.00498,1.0949,0.0051,1.1251,0.18629,0.00493
10,scratch,2,3,15,1.20,true,0.14113,0.00389,0.20122,2.06009,0.00504,1.1916,0.0031,1.2226,0.22619,0.00515
10,scratch,2,3,20,0.00,true,0.08300,0.00308,0.01225,1.92925,0.00315,0.2810,0.5393,0.4322,0.01487,0.00334
10,scratch,2,3,20,0.10,true,0.09425,0.00327,0.01412,1.91987,0.00335,0.3815,0.4494,0.4455,0.00548,0.00227
10,scratch,2,3,20,0.20,true,0.10400,0.00341,0.01839,1.91439,0.00352,0.4352,0.3580,0.4759,0.00000,0.00000
10,scratch,2,3,20,0.30,true,0.11088,0.00351,0.02547,1.91459,0.00367,0.4945,0.2829,0.5199,0.00020,0.00223
10,scratch,2,3,20,0.40,true,0.11438,0.00356,0.03577,1.92139,0.00379,0.5579,0.2164,0.5769,0.00701,0.00304
10,scratch,2,3,20,0.50,true,0.11463,0.00356,0.04913,1.93451,0.00388,0.6232,0.1618,0.6414,0.02012,0.00348
10,scratch,2,3,20,0.60,true,0.11625,0.00358,0.06545,1.94920,0.00401,0.6950,0.1188,0.7153,0.03481,0.00385
10,scratch,2,3,20,0.70,true,0.11550,0.00357,0.08460,1.96910,0.00412,0.7690,0.0858,0.7932,0.05472,0.00414
10,scratch,2,3,20,0.80,true,0.11263,0.00353,0.10696,1.99433,0.00421,0.8476,0.0603,0.8765,0.07994,0.00439
10,scratch,2,3,20,0.90,true,0.11113,0.00351,0.13253,2.02141,0.00433,0.9319,0.0406,0.9664,0.10702,0.00459
10,scratch,2,3,20,1.00,true,0.10625,0.00345,0.16011,2.05386,0.00440,1.0195,0.0281,1.0569,0.13947,0.00473
10,scratch,2,3,20,1.10,true,0.10050,0.00336,0.18976,2.08926,0.00444,1.1077,0.0178,1.1493,0.17487,0.00486
10,scratch,2,3,20,1.20,true,0.09700,0.00331,0.22023,2.12323,0.00452,1.1984,0.0108,1.2434,0.20885,0.00498
10,scratch,2,6,10,0.00,true,0.22400,0.00466,0.00016,1.77616,0.00466,0.1787,0.5933,0.2163,0.08776,0.00425
10,scratch,2,6,10,0.10,true,0.27537,0.00499,0.00017,1.72480,0.00500,0.2256,0.3997,0.2365,0.03640,0.00334
10,scratch,2,6,10,0.20,true,0.30388,0.00514,0.00046,1.69659,0.00515,0.2835,0.2359,0.2858,0.00819,0.00235
10,scratch,2,6,10,0.30,true,0.31288,0.00518,0.00127,1.68840,0.00519,0.3550,0.1202,0.3591,0.00000,0.00000
10,scratch,2,6,10,0.40,true,0.30938,0.00517,0.00307,1.69370,0.00519,0.4396,0.0608,0.4458,0.00530,0.00201
10,scratch,2,6,10,0.50,true,0.30125,0.00513,0.00660,1.70535,0.00518,0.5298,0.0268,0.5403,0.01695,0.00256
10,scratch,2,6,10,0.60,true,0.28913,0.00507,0.01242,1.72329,0.00517,0.6213,0.0100,0.6348,0.03489,0.00296
10,scratch,2,6,10,0.70,true,0.27450,0.00499,0.02161,1.74711,0.00515,0.7188,0.0043,0.7324,0.05871,0.00327
10,scratch,2,6,10,0.80,true,0.25662,0.00488,0.03508,1.77845,0.00514,0.8197,0.0013,0.8332,0.09005,0.00361
10,scratch,2,6,10,0.90,true,0.23875,0.00477,0.05306,1.81431,0.00514,0.9218,0.0003,0.9347,0.12591,0.00394
10,scratch,2,6,10,1.00,true,0.22550,0.00467,0.07462,1.84912,0.00519,1.0215,0.0003,1.0335,0.16072,0.00416
10,scratch,2,6,10,1.10,true,0.20788,0.00454,0.10229,1.89441,0.00521,1.1283,0.0002,1.1396,0.20601,0.00443
10,scratch,2,6,10,1.20,true,0.19187,0.00440,0.13043,1.93856,0.00522,1.2242,0.0000,1.2352,0.25016,0.00467
10,scratch,2,6,15,0.00,true,0.11962,0.00363,0.00240,1.88277,0.00364,0.2636,0.5601,0.3264,0.04453,0.00357
10,scratch,2,6,15,0.10,true,0.13825,0.00386,0.00237,1.86412,0.00387,0.3084,0.4376,0.3401,0.02588,0.00313
10,scratch,2,6,15,0.20,true,0.15488,0.00404,0.00347,1.84860,0.00406,0.3626,0.3252,0.3755,0.01036,0.00253
10,scratch,2,6,15,0.30,true,0.16675,0.00417,0.00589,1.83914,0.00420,0.4231,0.2264,0.4297,0.00090,0.00170
10,scratch,2,6,15,0.40,true,0.17188,0.00422,0.01012,1.83824,0.00428,0.4926,0.1534,0.4974,0.00000,0.00000
10,scratch,2,6,15,0.50,true,0.17062,0.00421,0.01664,1.84601,0.00431,0.5682,0.0999,0.5752,0.00777,0.00162
10,scratch,2,6,15,0.60,true,0.16612,0.00416,0.02612,1.85999,0.00433,0.6513,0.0619,0.6627,0.02175,0.00223
10,scratch,2,6,15,0.70,true,0.16125,0.00411,0.03855,1.87730,0.00436,0.7358,0.0362,0.7524,0.03906,0.00253
10,scratch,2,6,15,0.80,true,0.15400,0.00404,0.05459,1.90059,0.00438,0.8266,0.0195,0.8475,0.06235,0.00286
10,scratch,2,6,15,0.90,true,0.14500,0.00394,0.07475,1.92975,0.00440,0.9248,0.0124,0.9457,0.09151,0.00312
10,scratch,2,6,15,1.00,true,0.13650,0.00384,0.09695,1.96045,0.00442,1.0189,0.0075,1.0405,0.12221,0.00336
10,scratch,2,6,15,1.10,true,0.12525,0.00370,0.12361,1.99836,0.00441,1.1177,0.0030,1.1411,0.16012,0.00364
10,scratch,2,6,15,1.20,true,0.11650,0.00359,0.15129,2.03479,0.00442,1.2142,0.0011,1.2377,0.19655,0.00384
10,scratch,2,6,20,0.00,true,0.07562,0.00296,0.00977,1.93415,0.00301,0.3468,0.5339,0.4354,0.02110,0.00265
10,scratch,2,6,20,0.10,true,0.08575,0.00313,0.01012,1.92437,0.00318,0.3914,0.4411,0.4497,0.01132,0.00219
10,scratch,2,6,20,0.20,true,0.09550,0.00329,0.01236,1.91686,0.00335,0.4438,0.3536,0.4812,0.00380,0.00158
10,scratch,2,6,20,0.30,true,0.10362,0.00341,0.01668,1.91305,0.00350,0.4969,0.2679,0.5274,0.00000,0.00000
10,scratch,2,6,20,0.40,true,0.10612,0.00344,0.02329,1.91716,0.00358,0.5624,0.2051,0.5850,0.00411,0.00145
10,scratch,2,6,20,0.50,true,0.10725,0.00346,0.03261,1.92536,0.00366,0.6270,0.1441,0.6537,0.01231,0.00195
10,scratch,2,6,20,0.60,true,0.10537,0.00343,0.04473,1.93936,0.00370,0.7013,0.1023,0.7297,0.02630,0.00228
10,scratch,2,6,20,0.70,true,0.10100,0.00337,0.05963,1.95863,0.00373,0.7793,0.0716,0.8100,0.04558,0.00249
10,scratch,2,6,20,0.80,true,0.09438,0.00327,0.07748,1.98311,0.00373,0.8642,0.0508,0.8960,0.07006,0.00274
10,scratch,2,6,20,0.90,true,0.08937,0.00319,0.09805,2.00868,0.00376,0.9512,0.0343,0.9858,0.09562,0.00294
10,scratch,2,6,20,1.00,true,0.08463,0.00311,0.12141,2.03678,0.00380,1.0429,0.0224,1.0801,0.12373,0.00316
10,scratch,2,6,20,1.10,true,0.07863,0.00301,0.14652,2.06790,0.00381,1.1346,0.0148,1.1731,0.15484,0.00335
10,scratch,2,6,20,1.20,true,0.07162,0.00288,0.17459,2.10297,0.00379,1.2323,0.0098,1.2712,0.18992,0.00359
10,mid,2,12,10,0.00,true,0.21213,0.00457,0.00059,1.78846,0.00457,0.1943,0.6162,0.2322,0.08247,0.00431
10,mid,2,12,10,0.10,true,0.26050,0.00491,0.00129,1.74079,0.00492,0.2382,0.4425,0.2468,0.03480,0.00353
10,mid,2,12,10,0.20,true,0.29063,0.00508,0.00332,1.71269,0.00510,0.2948,0.2835,0.2907,0.00670,0.00246
10,mid,2,12,10,0.30,true,0.30162,0.00513,0.00762,1.70599,0.00519,0.3605,0.1638,0.3567,0.00000,0.00000
10,mid,2,12,10,0.40,true,0.30262,0.00514,0.01524,1.71262,0.00527,0.4372,0.0875,0.4382,0.00663,0.00204
10,mid,2,12,10,0.50,true,0.29775,0.00511,0.02762,1.72987,0.00535,0.5245,0.0457,0.5295,0.02388,0.00266
10,mid,2,12,10,0.60,true,0.29063,0.00508,0.04502,1.75440,0.00546,0.6135,0.0199,0.6242,0.04840,0.00306
10,mid,2,12,10,0.70,true,0.27813,0.00501,0.06846,1.79034,0.00557,0.7097,0.0085,0.7226,0.08434,0.00343
10,mid,2,12,10,0.80,true,0.26663,0.00494,0.09643,1.82981,0.00571,0.8061,0.0029,0.8203,0.12381,0.00374
10,mid,2,12,10,0.90,true,0.25388,0.00487,0.12761,1.87373,0.00584,0.9013,0.0015,0.9150,0.16774,0.00403
10,mid,2,12,10,1.00,true,0.24200,0.00479,0.16272,1.92073,0.00598,1.0000,0.0008,1.0132,0.21473,0.00430
10,mid,2,12,10,1.10,true,0.23037,0.00471,0.20021,1.96983,0.00610,1.1000,0.0002,1.1131,0.26384,0.00455
10,mid,2,12,10,1.20,true,0.22037,0.00463,0.23760,2.01723,0.00622,1.1991,0.0002,1.2117,0.31124,0.00476
10,mid,2,12,15,0.00,true,0.11475,0.00356,0.00629,1.89154,0.00360,0.2792,0.5606,0.3474,0.02594,0.00315
10,mid,2,12,15,0.10,true,0.13275,0.00379,0.00898,1.87623,0.00385,0.3247,0.4438,0.3627,0.01063,0.00254
10,mid,2,12,15,0.20,true,0.14875,0.00398,0.01447,1.86572,0.00407,0.3778,0.3355,0.3976,0.00013,0.00178
10,mid,2,12,15,0.30,true,0.15787,0.00408,0.02347,1.86560,0.00424,0.4410,0.2489,0.4486,0.00000,0.00000
10,mid,2,12,15,0.40,true,0.16512,0.00415,0.03619,1.87107,0.00441,0.5051,0.1725,0.5134,0.00547,0.00170
10,mid,2,12,15,0.50,true,0.16650,0.00416,0.05344,1.88694,0.00454,0.5765,0.1147,0.5885,0.02134,0.00224
10,mid,2,12,15,0.60,true,0.16450,0.00414,0.07549,1.91099,0.00468,0.6580,0.0754,0.6730,0.04539,0.00266
10,mid,2,12,15,0.70,true,0.16062,0.00411,0.10223,1.94161,0.00481,0.7459,0.0487,0.7642,0.07601,0.00304
10,mid,2,12,15,0.80,true,0.15613,0.00406,0.13030,1.97417,0.00493,0.8294,0.0318,0.8509,0.10858,0.00327
10,mid,2,12,15,0.90,true,0.15138,0.00401,0.16355,2.01218,0.00506,0.9222,0.0178,0.9482,0.14658,0.00353
10,mid,2,12,15,1.00,true,0.14400,0.00393,0.19882,2.05483,0.00515,1.0168,0.0107,1.0444,0.18923,0.00377
10,mid,2,12,15,1.10,true,0.13787,0.00385,0.23452,2.09665,0.00524,1.1112,0.0067,1.1394,0.23105,0.00396
10,mid,2,12,15,1.20,true,0.13150,0.00378,0.27034,2.13885,0.00530,1.2057,0.0047,1.2335,0.27325,0.00415
10,mid,2,12,20,0.00,true,0.06575,0.00277,0.02524,1.95949,0.00292,0.3821,0.5321,0.4815,0.00242,0.00148
10,mid,2,12,20,0.10,true,0.07337,0.00292,0.03045,1.95707,0.00311,0.4300,0.4542,0.4956,0.00000,0.00000
10,mid,2,12,20,0.20,true,0.08088,0.00305,0.03930,1.95843,0.00331,0.4811,0.3770,0.5244,0.00135,0.00138
10,mid,2,12,20,0.30,true,0.08488,0.00312,0.05180,1.96693,0.00347,0.5326,0.3017,0.5653,0.00985,0.00189
10,mid,2,12,20,0.40,true,0.08975,0.00320,0.06780,1.97805,0.00366,0.5899,0.2352,0.6183,0.02098,0.00233
10,mid,2,12,20,0.50,true,0.09287,0.00325,0.08813,1.99525,0.00384,0.6543,0.1750,0.6840,0.03818,0.00271
10,mid,2,12,20,0.60,true,0.09262,0.00324,0.11157,2.01894,0.00399,0.7264,0.1321,0.7558,0.06187,0.00302
10,mid,2,12,20,0.70,true,0.09275,0.00324,0.13693,2.04418,0.00414,0.7981,0.0967,0.8318,0.08711,0.00328
10,mid,2,12,20,0.80,true,0.09162,0.00323,0.16663,2.07501,0.00428,0.8802,0.0696,0.9171,0.11794,0.00350
10,mid,2,12,20,0.90,true,0.08875,0.00318,0.19697,2.10823,0.00437,0.9614,0.0510,1.0010,0.15116,0.00370
10,mid,2,12,20,1.00,true,0.08475,0.00311,0.23130,2.14656,0.00445,1.0531,0.0376,1.0939,0.18949,0.00391
10,mid,2,12,20,1.10,true,0.08288,0.00308,0.26579,2.18293,0.00455,1.1413,0.0239,1.1880,0.22586,0.00405
10,mid,2,12,20,1.20,true,0.07963,0.00303,0.30085,2.22125,0.00460,1.2349,0.0168,1.2828,0.26418,0.00420
10,mid,2,3,10,0.00,true,0.17888,0.00428,0.00095,1.82207,0.00429,0.1665,0.5712,0.2413,0.06684,0.00479
10,mid,2,3,10,0.10,true,0.22125,0.00464,0.00146,1.78021,0.00465,0.2301,0.4133,0.2588,0.02498,0.00372
10,mid,2,3,10,0.20,true,0.24275,0.00479,0.00346,1.76071,0.00482,0.2881,0.2648,0.3030,0.00547,0.00258
10,mid,2,3,10,0.30,true,0.25275,0.00486,0.00798,1.75523,0.00492,0.3570,0.1591,0.3682,0.00000,0.00000
10,mid,2,3,10,0.40,true,0.25275,0.00486,0.01589,1.76314,0.00498,0.4310,0.0887,0.4459,0.00791,0.00248
10,mid,2,3,10,0.50,true,0.24638,0.00482,0.02779,1.78141,0.00503,0.5126,0.0539,0.5283,0.02618,0.00315
10,mid,2,3,10,0.60,true,0.24000,0.00477,0.04744,1.80744,0.00513,0.6081,0.0224,0.6306,0.05221,0.00371
10,mid,2,3,10,0.70,true,0.23137,0.00471,0.06996,1.83859,0.00523,0.6975,0.0120,0.7219,0.08335,0.00405
10,mid,2,3,10,0.80,true,0.22212,0.00465,0.09795,1.87583,0.00535,0.7917,0.0051,0.8180,0.12060,0.00435
10,mid,2,3,10,0.90,true,0.21088,0.00456,0.13087,1.92000,0.00546,0.8900,0.0024,0.9168,0.16477,0.00464
10,mid,2,3,10,1.00,true,0.20112,0.00448,0.16616,1.96504,0.00558,0.9871,0.0011,1.0143,0.20980,0.00488
10,mid,2,3,10,1.10,true,0.19237,0.00441,0.20236,2.00999,0.00569,1.0826,0.0003,1.1102,0.25476,0.00509
10,mid,2,3,10,1.20,true,0.18050,0.00430,0.24226,2.06177,0.00576,1.1836,0.0002,1.2113,0.30654,0.00533
10,mid,2,3,15,0.00,true,0.09600,0.00329,0.00964,1.91364,0.00335,0.2402,0.5560,0.3681,0.01828,0.00369
10,mid,2,3,15,0.10,true,0.11188,0.00352,0.01207,1.90020,0.00359,0.3203,0.4289,0.3846,0.00483,0.00231
10,mid,2,3,15,0.20,true,0.12150,0.00365,0.01687,1.89537,0.00376,0.3759,0.3401,0.4163,0.00000,0.00000
10,mid,2,3,15,0.30,true,0.12487,0.00370,0.02638,1.90151,0.00386,0.4408,0.2502,0.4675,0.00614,0.00223
10,mid,2,3,15,0.40,true,0.13162,0.00378,0.03949,1.90787,0.00404,0.5053,0.1749,0.5321,0.01250,0.00306
10,mid,2,3,15,0.50,true,0.13200,0.00378,0.05715,1.92515,0.00416,0.5765,0.1191,0.6059,0.02979,0.00357
10,mid,2,3,15,0.60,true,0.12987,0.00376,0.07890,1.94903,0.00428,0.6547,0.0823,0.6858,0.05366,0.00392
10,mid,2,3,15,0.70,true,0.12525,0.00370,0.10439,1.97915,0.00437,0.7333,0.0532,0.7695,0.08378,0.00421
10,mid,2,3,15,0.80,true,0.12175,0.00366,0.13347,2.01172,0.00448,0.8181,0.0337,0.8584,0.11635,0.00448
10,mid,2,3,15,0.90,true,0.11737,0.00360,0.16622,2.04885,0.00459,0.9100,0.0232,0.9515,0.15348,0.00469
10,mid,2,3,15,1.00,true,0.11250,0.00353,0.20025,2.08776,0.00468,1.0005,0.0149,1.0444,0.19239,0.00487
10,mid,2,3,15,1.10,true,0.10675,0.00345,0.23612,2.12939,0.00474,1.0927,0.0092,1.1387,0.23402,0.00498
10,mid,2,3,15,1.20,true,0.10038,0.00336,0.27345,2.17310,0.00478,1.1881,0.0058,1.2353,0.27773,0.00510
10,mid,2,3,20,0.00,true,0.05887,0.00263,0.03443,1.97555,0.00283,0.3486,0.5325,0.5153,0.00053,0.00311
10,mid,2,3,20,0.10,true,0.06075,0.00267,0.03880,1.97806,0.00291,0.4314,0.4537,0.5295,0.00303,0.00202
10,mid,2,3,20,0.20,true,0.07175,0.00289,0.04677,1.97502,0.00318,0.4799,0.3742,0.5588,0.00000,0.00000
10,mid,2,3,20,0.30,true,0.07600,0.00296,0.05814,1.98214,0.00334,0.5320,0.3038,0.5976,0.00711,0.00200
10,mid,2,3,20,0.40,true,0.07712,0.00298,0.07405,1.99693,0.00347,0.5938,0.2450,0.6488,0.02191,0.00263
10,mid,2,3,20,0.50,true,0.07963,0.00303,0.09284,2.01322,0.00364,0.6532,0.1895,0.7081,0.03820,0.00304
10,mid,2,3,20,0.60,true,0.07725,0.00299,0.11557,2.03832,0.00373,0.7227,0.1482,0.7754,0.06329,0.00343
10,mid,2,3,20,0.70,true,0.07925,0.00302,0.14066,2.06142,0.00391,0.7934,0.1109,0.8504,0.08639,0.00372
10,mid,2,3,20,0.80,true,0.07750,0.00299,0.16918,2.09169,0.00403,0.8699,0.0820,0.9310,0.11667,0.00394
10,mid,2,3,20,0.90,true,0.07325,0.00291,0.19955,2.12631,0.00409,0.9485,0.0602,1.0136,0.15129,0.00409
10,mid,2,3,20,1.00,true,0.06975,0.00285,0.23194,2.16221,0.00415,1.0328,0.0435,1.1015,0.18718,0.00423
10,mid,2,3,20,1.10,true,0.06725,0.00280,0.26516,2.19794,0.00422,1.1186,0.0298,1.1924,0.22292,0.00440
10,mid,2,3,20,1.20,true,0.06525,0.00276,0.29810,2.23289,0.00428,1.2074,0.0215,1.2834,0.25787,0.00451
10,mid,2,6,10,0.00,true,0.17700,0.00427,0.00072,1.82372,0.00427,0.1954,0.5718,0.2443,0.05829,0.00384
10,mid,2,6,10,0.10,true,0.21400,0.00459,0.00089,1.78689,0.00459,0.2403,0.3947,0.2649,0.02146,0.00309
10,mid,2,6,10,0.20,true,0.23250,0.00472,0.00199,1.76949,0.00474,0.2984,0.2472,0.3121,0.00407,0.00205
10,mid,2,6,10,0.30,true,0.23925,0.00477,0.00467,1.76542,0.00480,0.3675,0.1416,0.3797,0.00000,0.00000
10,mid,2,6,10,0.40,true,0.23325,0.00473,0.00976,1.77651,0.00480,0.4464,0.0730,0.4619,0.01108,0.00207
10,mid,2,6,10,0.50,true,0.22587,0.00468,0.01839,1.79252,0.00480,0.5365,0.0389,0.5535,0.02709,0.00258
10,mid,2,6,10,0.60,true,0.21750,0.00461,0.03063,1.81313,0.00482,0.6251,0.0171,0.6459,0.04770,0.00294
10,mid,2,6,10,0.70,true,0.20813,0.00454,0.04759,1.83946,0.00486,0.7206,0.0082,0.7418,0.07404,0.00322
10,mid,2,6,10,0.80,true,0.19437,0.00442,0.06966,1.87528,0.00489,0.8183,0.0037,0.8394,0.10986,0.00351
10,mid,2,6,10,0.90,true,0.18100,0.00430,0.09700,1.91600,0.00492,0.9193,0.0014,0.9403,0.15058,0.00380
10,mid,2,6,10,1.00,true,0.16812,0.00418,0.12767,1.95955,0.00496,1.0181,0.0008,1.0381,0.19413,0.00404
10,mid,2,6,10,1.10,true,0.15588,0.00406,0.16362,2.00775,0.00501,1.1237,0.0003,1.1432,0.24233,0.00428
10,mid,2,6,10,1.20,true,0.14338,0.00392,0.19900,2.05564,0.00502,1.2201,0.0003,1.2389,0.29021,0.00451
10,mid,2,6,15,0.00,true,0.08513,0.00312,0.00885,1.92373,0.00317,0.2872,0.5462,0.3790,0.02269,0.00280
10,mid,2,6,15,0.10,true,0.09650,0.00330,0.00936,1.91286,0.00335,0.3312,0.4353,0.3936,0.01182,0.00233
10,mid,2,6,15,0.20,true,0.10963,0.00349,0.01238,1.90275,0.00356,0.3861,0.3348,0.4283,0.00171,0.00168
10,mid,2,6,15,0.30,true,0.11725,0.00360,0.01829,1.90104,0.00370,0.4447,0.2443,0.4786,0.00000,0.00000
10,mid,2,6,15,0.40,true,0.12150,0.00365,0.02741,1.90591,0.00382,0.5115,0.1727,0.5424,0.00487,0.00155
10,mid,2,6,15,0.50,true,0.12037,0.00364,0.03988,1.91951,0.00388,0.5837,0.1199,0.6144,0.01847,0.00206
10,mid,2,6,15,0.60,true,0.11750,0.00360,0.05637,1.93887,0.00395,0.6626,0.0800,0.6957,0.03783,0.00244
10,mid,2,6,15,0.70,true,0.11400,0.00355,0.07635,1.96236,0.00402,0.7452,0.0521,0.7818,0.06132,0.00275
10,mid,2,6,15,0.80,true,0.10900,0.00348,0.10037,1.99137,0.00408,0.8324,0.0320,0.8728,0.09033,0.00299
10,mid,2,6,15,0.90,true,0.10262,0.00339,0.12831,2.02569,0.00414,0.9253,0.0185,0.9686,0.12465,0.00327
10,mid,2,6,15,1.00,true,0.09525,0.00328,0.15791,2.06267,0.00416,1.0182,0.0124,1.0612,0.16163,0.00351
10,mid,2,6,15,1.10,true,0.08737,0.00316,0.19111,2.10375,0.00417,1.1168,0.0089,1.1588,0.20271,0.00371
10,mid,2,6,15,1.20,true,0.07988,0.00303,0.22457,2.14472,0.00416,1.2096,0.0043,1.2535,0.24368,0.00389
10,mid,2,6,20,0.00,true,0.05050,0.00245,0.03321,1.98271,0.00264,0.3773,0.5250,0.5232,0.00698,0.00183
10,mid,2,6,20,0.10,true,0.05900,0.00263,0.03492,1.97592,0.00283,0.4226,0.4413,0.5402,0.00019,0.00135
10,mid,2,6,20,0.20,true,0.06425,0.00274,0.03998,1.97573,0.00297,0.4728,0.3615,0.5702,0.00000,0.00000
10,mid,2,6,20,0.30,true,0.06725,0.00280,0.04841,1.98116,0.00309,0.5265,0.2872,0.6124,0.00543,0.00130
10,mid,2,6,20,0.40,true,0.06975,0.00285,0.06024,1.99049,0.00321,0.5883,0.2245,0.6670,0.01476,0.00182
10,mid,2,6,20,0.50,true,0.07013,0.00285,0.07554,2.00542,0.00331,0.6519,0.1688,0.7301,0.02969,0.00213
10,mid,2,6,20,0.60,true,0.06800,0.00281,0.09411,2.02611,0.00338,0.7207,0.1241,0.8003,0.05038,0.00239
10,mid,2,6,20,0.70,true,0.06450,0.00275,0.11552,2.05102,0.00344,0.7936,0.0887,0.8762,0.07529,0.00262
10,mid,2,6,20,0.80,true,0.06125,0.00268,0.13972,2.07848,0.00349,0.8754,0.0659,0.9572,0.10275,0.00283
10,mid,2,6,20,0.90,true,0.05700,0.00259,0.16664,2.10965,0.00353,0.9616,0.0493,1.0426,0.13392,0.00304
10,mid,2,6,20,1.00,true,0.05287,0.00250,0.19590,2.14304,0.00356,1.0486,0.0343,1.1318,0.16732,0.00321
10,mid,2,6,20,1.10,true,0.04813,0.00239,0.22614,2.17804,0.00356,1.1372,0.0244,1.2211,0.20232,0.00337
10,mid,2,6,20,1.20,true,0.04512,0.00232,0.25802,2.21293,0.00359,1.2307,0.0171,1.3152,0.23721,0.00354
10,high,2,12,10,0.00,true,0.17087,0.00421,0.00245,1.83158,0.00422,0.2117,0.5985,0.2590,0.05098,0.00390
10,high,2,12,10,0.10,true,0.20363,0.00450,0.00449,1.80087,0.00453,0.2553,0.4398,0.2740,0.02027,0.00312
10,high,2,12,10,0.20,true,0.22650,0.00468,0.00962,1.78312,0.00475,0.3113,0.2975,0.3155,0.00252,0.00222
10,high,2,12,10,0.30,true,0.23800,0.00476,0.01860,1.78060,0.00491,0.3747,0.1860,0.3770,0.00000,0.00000
10,high,2,12,10,0.40,true,0.24000,0.00477,0.03292,1.79292,0.00504,0.4497,0.1107,0.4542,0.01232,0.00199
10,high,2,12,10,0.50,true,0.23550,0.00474,0.05359,1.81809,0.00517,0.5322,0.0616,0.5417,0.03748,0.00266
10,high,2,12,10,0.60,true,0.22925,0.00470,0.07995,1.85070,0.00532,0.6194,0.0334,0.6331,0.07010,0.00309
10,high,2,12,10,0.70,true,0.21912,0.00462,0.11269,1.89357,0.00547,0.7126,0.0165,0.7299,0.11297,0.00349
10,high,2,12,10,0.80,true,0.21075,0.00456,0.14902,1.93828,0.00563,0.8066,0.0076,0.8262,0.15767,0.00379
10,high,2,12,10,0.90,true,0.20200,0.00449,0.18722,1.98523,0.00578,0.8999,0.0034,0.9203,0.20462,0.00407
10,high,2,12,10,1.00,true,0.19162,0.00440,0.22877,2.03716,0.00590,0.9978,0.0019,1.0179,0.25656,0.00434
10,high,2,12,10,1.10,true,0.18038,0.00430,0.27193,2.09158,0.00598,1.0975,0.0009,1.1173,0.31098,0.00458
10,high,2,12,10,1.20,true,0.17313,0.00423,0.31332,2.14023,0.00608,1.1973,0.0003,1.2170,0.35963,0.00478
10,high,2,12,15,0.00,true,0.08925,0.00319,0.01924,1.92999,0.00330,0.3079,0.5523,0.3987,0.01097,0.00180
10,high,2,12,15,0.10,true,0.10562,0.00344,0.02464,1.91902,0.00359,0.3523,0.4461,0.4156,0.00000,0.00000
10,high,2,12,15,0.20,true,0.11388,0.00355,0.03471,1.92084,0.00378,0.4028,0.3467,0.4478,0.00182,0.00172
10,high,2,12,15,0.30,true,0.11775,0.00360,0.04950,1.93175,0.00394,0.4621,0.2661,0.4938,0.01273,0.00223
10,high,2,12,15,0.40,true,0.12337,0.00368,0.06901,1.94563,0.00415,0.5279,0.1988,0.5544,0.02661,0.00276
10,high,2,12,15,0.50,true,0.12550,0.00370,0.09353,1.96803,0.00435,0.5956,0.1382,0.6258,0.04901,0.00314
10,high,2,12,15,0.60,true,0.12212,0.00366,0.12318,2.00106,0.00449,0.6719,0.0948,0.7051,0.08204,0.00345
10,high,2,12,15,0.70,true,0.12012,0.00363,0.15701,2.03689,0.00466,0.7571,0.0661,0.7919,0.11787,0.00375
10,high,2,12,15,0.80,true,0.11675,0.00359,0.19101,2.07428,0.00479,0.8381,0.0460,0.8759,0.15526,0.00400
10,high,2,12,15,0.90,true,0.11300,0.00354,0.22948,2.11651,0.00491,0.9292,0.0311,0.9695,0.19749,0.00420
10,high,2,12,15,1.00,true,0.10925,0.00349,0.26850,2.15929,0.00502,1.0197,0.0195,1.0636,0.24027,0.00439
10,high,2,12,15,1.10,true,0.10512,0.00343,0.30696,2.20189,0.00509,1.1107,0.0124,1.1566,0.28288,0.00453
10,high,2,12,15,1.20,true,0.10013,0.00336,0.34517,2.24512,0.00512,1.2032,0.0082,1.2500,0.32610,0.00467
10,high,2,12,20,0.00,true,0.04713,0.00237,0.06277,2.01564,0.00277,0.4161,0.5272,0.5608,0.00000,0.00000
10,high,2,12,20,0.10,true,0.05362,0.00252,0.07105,2.01743,0.00298,0.4661,0.4581,0.5770,0.00179,0.00131
10,high,2,12,20,0.20,true,0.05738,0.00260,0.08383,2.02646,0.00316,0.5186,0.3912,0.6043,0.01081,0.00172
10,high,2,12,20,0.30,true,0.06075,0.00267,0.10092,2.04018,0.00335,0.5695,0.3226,0.6436,0.02453,0.00214
10,high,2,12,20,0.40,true,0.06137,0.00268,0.12193,2.06056,0.00350,0.6212,0.2577,0.6918,0.04492,0.00247
10,high,2,12,20,0.50,true,0.06450,0.00275,0.14724,2.08275,0.00372,0.6841,0.2020,0.7528,0.06711,0.00283
10,high,2,12,20,0.60,true,0.06663,0.00279,0.17547,2.10887,0.00392,0.7504,0.1544,0.8214,0.09323,0.00317
10,high,2,12,20,0.70,true,0.06650,0.00279,0.20483,2.13837,0.00406,0.8217,0.1224,0.8916,0.12272,0.00340
10,high,2,12,20,0.80,true,0.06600,0.00278,0.23853,2.17258,0.00420,0.8999,0.0917,0.9731,0.15694,0.00366
10,high,2,12,20,0.90,true,0.06475,0.00275,0.27146,2.20678,0.00430,0.9762,0.0690,1.0530,0.19114,0.00385
10,high,2,12,20,1.00,true,0.06100,0.00268,0.30779,2.24689,0.00433,1.0627,0.0523,1.1405,0.23124,0.00399
10,high,2,12,20,1.10,true,0.06062,0.00267,0.34376,2.28327,0.00442,1.1530,0.0397,1.2323,0.26763,0.00416
10,high,2,12,20,1.20,true,0.05825,0.00262,0.37894,2.32088,0.00445,1.2408,0.0289,1.3231,0.30523,0.00425
10,high,2,3,10,0.00,true,0.15013,0.00399,0.00349,1.85337,0.00401,0.1881,0.5658,0.2712,0.03753,0.00413
10,high,2,3,10,0.10,true,0.17913,0.00429,0.00512,1.82599,0.00432,0.2494,0.4165,0.2895,0.01016,0.00271
10,high,2,3,10,0.20,true,0.19425,0.00442,0.01008,1.81583,0.00449,0.3075,0.2836,0.3314,0.00000,0.00000
10,high,2,3,10,0.30,true,0.19962,0.00447,0.01935,1.81973,0.00461,0.3745,0.1838,0.3922,0.00389,0.00250
10,high,2,3,10,0.40,true,0.20162,0.00449,0.03386,1.83223,0.00473,0.4466,0.1130,0.4663,0.01640,0.00331
10,high,2,3,10,0.50,true,0.20087,0.00448,0.05337,1.85249,0.00487,0.5245,0.0690,0.5470,0.03666,0.00380
10,high,2,3,10,0.60,true,0.19387,0.00442,0.08205,1.88817,0.00501,0.6154,0.0360,0.6433,0.07234,0.00419
10,high,2,3,10,0.70,true,0.18513,0.00434,0.11281,1.92769,0.00512,0.7008,0.0201,0.7319,0.11185,0.00451
10,high,2,3,10,0.80,true,0.17700,0.00427,0.14924,1.97225,0.00526,0.7942,0.0109,0.8273,0.15642,0.00483
10,high,2,3,10,0.90,true,0.16850,0.00418,0.18861,2.02013,0.00538,0.8887,0.0053,0.9236,0.20430,0.00512
10,high,2,3,10,1.00,true,0.15850,0.00408,0.22991,2.07144,0.00546,0.9847,0.0031,1.0200,0.25560,0.00534
10,high,2,3,10,1.10,true,0.14950,0.00399,0.27115,2.12170,0.00553,1.0798,0.0015,1.1158,0.30586,0.00548
10,high,2,3,10,1.20,true,0.14200,0.00390,0.31357,2.17164,0.00560,1.1800,0.0004,1.2169,0.35581,0.00562
10,high,2,3,15,0.00,true,0.07462,0.00294,0.02712,1.95249,0.00310,0.2863,0.5492,0.4261,0.00629,0.00271
10,high,2,3,15,0.10,true,0.08575,0.00313,0.03196,1.94621,0.00333,0.3579,0.4386,0.4436,0.00000,0.00000
10,high,2,3,15,0.20,true,0.09087,0.00321,0.04095,1.95008,0.00348,0.4079,0.3534,0.4735,0.00387,0.00216
10,high,2,3,15,0.30,true,0.09275,0.00324,0.05653,1.96378,0.00362,0.4717,0.2713,0.5219,0.01758,0.00291
10,high,2,3,15,0.40,true,0.09838,0.00333,0.07586,1.97749,0.00383,0.5359,0.2059,0.5811,0.03128,0.00349
10,high,2,3,15,0.50,true,0.10013,0.00336,0.09999,1.99987,0.00402,0.6011,0.1475,0.6495,0.05366,0.00391
10,high,2,3,15,0.60,true,0.09888,0.00334,0.12852,2.02966,0.00417,0.6735,0.1038,0.7257,0.08345,0.00420
10,high,2,3,15,0.70,true,0.09588,0.00329,0.15983,2.06397,0.00429,0.7515,0.0760,0.8049,0.11776,0.00445
10,high,2,3,15,0.80,true,0.09613,0.00330,0.19361,2.09752,0.00446,0.8322,0.0523,0.8905,0.15131,0.00468
10,high,2,3,15,0.90,true,0.08925,0.00319,0.23097,2.14176,0.00450,0.9160,0.0340,0.9791,0.19556,0.00483
10,high,2,3,15,1.00,true,0.08450,0.00311,0.26852,2.18409,0.00456,1.0056,0.0254,1.0691,0.23788,0.00495
10,high,2,3,15,1.10,true,0.08025,0.00304,0.30730,2.22716,0.00461,1.0975,0.0175,1.1634,0.28095,0.00504
10,high,2,3,15,1.20,true,0.07650,0.00297,0.34528,2.26893,0.00464,1.1890,0.0114,1.2578,0.32272,0.00511
10,high,2,3,20,0.00,true,0.04038,0.00220,0.08347,2.04310,0.00274,0.4283,0.5283,0.6103,0.00247,0.00215
10,high,2,3,20,0.10,true,0.04888,0.00241,0.08951,2.04064,0.00299,0.4858,0.4630,0.6250,0.00000,0.00000
10,high,2,3,20,0.20,true,0.05275,0.00250,0.10096,2.04822,0.00316,0.5320,0.3934,0.6530,0.00759,0.00188
10,high,2,3,20,0.30,true,0.05500,0.00255,0.11673,2.06175,0.00332,0.5823,0.3287,0.6911,0.02111,0.00260
10,high,2,3,20,0.40,true,0.05625,0.00258,0.13603,2.07980,0.00347,0.6361,0.2707,0.7376,0.03916,0.00303
10,high,2,3,20,0.50,true,0.05613,0.00257,0.15951,2.10341,0.00361,0.6971,0.2204,0.7944,0.06278,0.00337
10,high,2,3,20,0.60,true,0.05613,0.00257,0.18570,2.12962,0.00375,0.7618,0.1772,0.8583,0.08898,0.00363
10,high,2,3,20,0.70,true,0.05600,0.00257,0.21411,2.15817,0.00388,0.8320,0.1431,0.9281,0.11753,0.00388
10,high,2,3,20,0.80,true,0.05525,0.00255,0.24446,2.18930,0.00400,0.9019,0.1117,1.0023,0.14866,0.00407
10,high,2,3,20,0.90,true,0.05488,0.00255,0.27648,2.22173,0.00411,0.9760,0.0841,1.0832,0.18109,0.00424
10,high,2,3,20,1.00,true,0.05450,0.00254,0.30897,2.25464,0.00420,1.0570,0.0665,1.1664,0.21400,0.00439
10,high,2,3,20,1.10,true,0.05175,0.00248,0.34260,2.29108,0.00423,1.1382,0.0496,1.2530,0.25045,0.00448
10,high,2,3,20,1.20,true,0.04938,0.00242,0.37542,2.32635,0.00424,1.2212,0.0371,1.3402,0.28571,0.00458
10,high,2,6,10,0.00,true,0.13875,0.00386,0.00306,1.86431,0.00388,0.2130,0.5562,0.2751,0.03583,0.00312
10,high,2,6,10,0.10,true,0.16262,0.00413,0.00377,1.84114,0.00415,0.2582,0.3945,0.2966,0.01266,0.00215
10,high,2,6,10,0.20,true,0.17838,0.00428,0.00686,1.82848,0.00432,0.3164,0.2634,0.3419,0.00000,0.00000
10,high,2,6,10,0.30,true,0.18413,0.00433,0.01326,1.82913,0.00442,0.3847,0.1653,0.4060,0.00065,0.00181
10,high,2,6,10,0.40,true,0.18225,0.00432,0.02358,1.84133,0.00447,0.4579,0.0945,0.4821,0.01284,0.00248
10,high,2,6,10,0.50,true,0.17863,0.00428,0.03911,1.86048,0.00454,0.5449,0.0554,0.5700,0.03200,0.00289
10,high,2,6,10,0.60,true,0.17125,0.00421,0.05914,1.88789,0.00460,0.6307,0.0296,0.6593,0.05941,0.00319
10,high,2,6,10,0.70,true,0.16325,0.00413,0.08462,1.92138,0.00468,0.7223,0.0143,0.7535,0.09289,0.00348
10,high,2,6,10,0.80,true,0.15363,0.00403,0.11542,1.96180,0.00475,0.8189,0.0069,0.8506,0.13332,0.00375
10,high,2,6,10,0.90,true,0.14513,0.00394,0.15047,2.00536,0.00484,0.9188,0.0037,0.9501,0.17688,0.00399
10,high,2,6,10,1.00,true,0.13487,0.00382,0.18791,2.05306,0.00489,1.0164,0.0020,1.0471,0.22458,0.00422
10,high,2,6,10,1.10,true,0.12175,0.00366,0.23122,2.10951,0.00489,1.1219,0.0007,1.1524,0.28103,0.00446
10,high,2,6,10,1.20,true,0.11125,0.00352,0.27125,2.16008,0.00488,1.2182,0.0003,1.2481,0.33160,0.00468
10,high,2,6,15,0.00,true,0.06600,0.00278,0.02760,1.96161,0.00293,0.3149,0.5397,0.4398,0.00649,0.00210
10,high,2,6,15,0.10,true,0.07350,0.00292,0.02915,1.95565,0.00308,0.3591,0.4387,0.4559,0.00054,0.00156
10,high,2,6,15,0.20,true,0.08000,0.00303,0.03511,1.95511,0.00324,0.4124,0.3470,0.4886,0.00000,0.00000
10,high,2,6,15,0.30,true,0.08525,0.00312,0.04535,1.96010,0.00339,0.4715,0.2682,0.5352,0.00499,0.00136
10,high,2,6,15,0.40,true,0.09037,0.00321,0.06015,1.96977,0.00357,0.5351,0.1972,0.5958,0.01466,0.00198
10,high,2,6,15,0.50,true,0.08825,0.00317,0.07906,1.99082,0.00366,0.6036,0.1429,0.6633,0.03571,0.00237
10,high,2,6,15,0.60,true,0.08737,0.00316,0.10237,2.01501,0.00378,0.6792,0.1016,0.7399,0.05989,0.00265
10,high,2,6,15,0.70,true,0.08438,0.00311,0.12898,2.04462,0.00388,0.7594,0.0728,0.8210,0.08951,0.00293
10,high,2,6,15,0.80,true,0.08000,0.00303,0.15959,2.07962,0.00396,0.8428,0.0480,0.9089,0.12450,0.00324
10,high,2,6,15,0.90,true,0.07337,0.00292,0.19379,2.12046,0.00399,0.9319,0.0313,1.0008,0.16535,0.00348
10,high,2,6,15,1.00,true,0.06975,0.00285,0.22770,2.15802,0.00406,1.0185,0.0192,1.0909,0.20291,0.00367
10,high,2,6,15,1.10,true,0.06513,0.00276,0.26418,2.19916,0.00409,1.1130,0.0130,1.1854,0.24405,0.00380
10,high,2,6,15,1.20,true,0.05925,0.00264,0.30044,2.24135,0.00407,1.2077,0.0102,1.2783,0.28624,0.00394
10,high,2,6,20,0.00,true,0.03637,0.00209,0.08616,2.04979,0.00264,0.4141,0.5235,0.6225,0.00246,0.00116
10,high,2,6,20,0.10,true,0.04225,0.00225,0.08958,2.04733,0.00281,0.4582,0.4473,0.6409,0.00000,0.00000
10,high,2,6,20,0.20,true,0.04462,0.00231,0.09751,2.05289,0.00292,0.5091,0.3768,0.6703,0.00556,0.00115
10,high,2,6,20,0.30,true,0.04688,0.00236,0.10959,2.06273,0.00305,0.5616,0.3096,0.7104,0.01540,0.00157
10,high,2,6,20,0.40,true,0.04913,0.00242,0.12564,2.07654,0.00320,0.6179,0.2466,0.7618,0.02921,0.00197
10,high,2,6,20,0.50,true,0.04788,0.00239,0.14556,2.09772,0.00328,0.6835,0.1978,0.8209,0.05038,0.00226
10,high,2,6,20,0.60,true,0.04650,0.00235,0.16851,2.12206,0.00337,0.7468,0.1497,0.8875,0.07472,0.00256
10,high,2,6,20,0.70,true,0.04512,0.00232,0.19396,2.14890,0.00346,0.8179,0.1144,0.9595,0.10156,0.00278
10,high,2,6,20,0.80,true,0.04275,0.00226,0.22179,2.17913,0.00352,0.8921,0.0851,1.0363,0.13179,0.00298
10,high,2,6,20,0.90,true,0.04050,0.00220,0.25173,2.21136,0.00357,0.9748,0.0657,1.1181,0.16402,0.00319
10,high,2,6,20,1.00,true,0.03787,0.00213,0.28344,2.24573,0.00360,1.0602,0.0495,1.2040,0.19840,0.00338
10,high,2,6,20,1.10,true,0.03425,0.00203,0.31549,2.28147,0.00358,1.1462,0.0377,1.2901,0.23413,0.00353
10,high,2,6,20,1.20,true,0.03163,0.00196,0.34844,2.31712,0.00357,1.2355,0.0276,1.3806,0.26978,0.00366
10,hcp30,2,12,10,0.00,true,0.15438,0.00404,0.08527,1.93145,0.00468,0.4166,0.5945,0.4438,0.00609,0.00290
10,hcp30,2,12,10,0.10,true,0.16800,0.00418,0.09272,1.92537,0.00491,0.4680,0.5185,0.4564,0.00001,0.00206
10,hcp30,2,12,10,0.20,true,0.18163,0.00431,0.10612,1.92535,0.00518,0.5197,0.4379,0.4850,0.00000,0.00000
10,hcp30,2,12,10,0.30,true,0.19412,0.00442,0.12491,1.93197,0.00547,0.5815,0.3673,0.5290,0.00662,0.00212
10,hcp30,2,12,10,0.40,true,0.20037,0.00448,0.14796,1.94925,0.00573,0.6446,0.3025,0.5832,0.02389,0.00293
10,hcp30,2,12,10,0.50,true,0.20713,0.00453,0.17424,1.96941,0.00600,0.7161,0.2486,0.6489,0.04405,0.00360
10,hcp30,2,12,10,0.60,true,0.21013,0.00455,0.20278,1.99575,0.00625,0.7852,0.1986,0.7214,0.07040,0.00414
10,hcp30,2,12,10,0.70,true,0.20950,0.00455,0.23400,2.02864,0.00646,0.8649,0.1621,0.8011,0.10329,0.00461
10,hcp30,2,12,10,0.80,true,0.20750,0.00453,0.26642,2.06433,0.00666,0.9455,0.1300,0.8865,0.13898,0.00507
10,hcp30,2,12,10,0.90,true,0.20400,0.00451,0.29864,2.10152,0.00681,1.0280,0.1063,0.9730,0.17616,0.00548
10,hcp30,2,12,10,1.00,true,0.20000,0.00447,0.33138,2.14001,0.00696,1.1115,0.0841,1.0643,0.21466,0.00583
10,hcp30,2,12,10,1.10,true,0.19587,0.00444,0.36374,2.17855,0.00708,1.1996,0.0670,1.1588,0.25320,0.00612
10,hcp30,2,12,10,1.20,true,0.19125,0.00440,0.39513,2.21691,0.00718,1.2906,0.0543,1.2549,0.29155,0.00636
10,hcp30,2,12,15,0.00,true,0.09012,0.00320,0.18362,2.09608,0.00448,0.6061,0.5516,0.6517,0.00000,0.00000
10,hcp30,2,12,15,0.10,true,0.09775,0.00332,0.19202,2.09711,0.00468,0.6543,0.4946,0.6686,0.00102,0.00160
10,hcp30,2,12,15,0.20,true,0.10750,0.00346,0.20366,2.09940,0.00493,0.7116,0.4437,0.6967,0.00332,0.00231
10,hcp30,2,12,15,0.30,true,0.11163,0.00352,0.21947,2.11169,0.00511,0.7732,0.3969,0.7324,0.01561,0.00291
10,hcp30,2,12,15,0.40,true,0.11812,0.00361,0.23733,2.12382,0.00533,0.8302,0.3484,0.7773,0.02774,0.00346
10,hcp30,2,12,15,0.50,true,0.11937,0.00362,0.25819,2.14442,0.00549,0.8941,0.3072,0.8281,0.04834,0.00392
10,hcp30,2,12,15,0.60,true,0.11850,0.00361,0.28168,2.17005,0.00562,0.9644,0.2707,0.8866,0.07396,0.00435
10,hcp30,2,12,15,0.70,true,0.11987,0.00363,0.30652,2.19498,0.00579,1.0413,0.2400,0.9528,0.09890,0.00477
10,hcp30,2,12,15,0.80,true,0.11887,0.00362,0.33184,2.22296,0.00591,1.1118,0.2110,1.0211,0.12688,0.00517
10,hcp30,2,12,15,0.90,true,0.11950,0.00363,0.35866,2.25115,0.00605,1.1816,0.1773,1.0995,0.15506,0.00554
10,hcp30,2,12,15,1.00,true,0.11862,0.00362,0.38509,2.28068,0.00616,1.2582,0.1525,1.1799,0.18459,0.00587
10,hcp30,2,12,15,1.10,true,0.11737,0.00360,0.41099,2.31028,0.00625,1.3355,0.1310,1.2624,0.21419,0.00615
10,hcp30,2,12,15,1.20,true,0.11300,0.00354,0.43662,2.34292,0.00627,1.4128,0.1141,1.3432,0.24684,0.00635
10,hcp30,2,12,20,0.00,true,0.05575,0.00257,0.28644,2.23773,0.00440,0.8277,0.5263,0.8833,0.00000,0.00000
10,hcp30,2,12,20,0.10,true,0.05775,0.00261,0.29333,2.24309,0.00450,0.8839,0.4906,0.8994,0.00536,0.00129
10,hcp30,2,12,20,0.20,true,0.06062,0.00267,0.30268,2.25023,0.00463,0.9392,0.4531,0.9240,0.01250,0.00192
10,hcp30,2,12,20,0.30,true,0.06338,0.00272,0.31414,2.25983,0.00476,0.9975,0.4183,0.9552,0.02210,0.00243
10,hcp30,2,12,20,0.40,true,0.06400,0.00274,0.32777,2.27395,0.00486,1.0600,0.3874,0.9916,0.03621,0.00290
10,hcp30,2,12,20,0.50,true,0.06625,0.00278,0.34356,2.28887,0.00500,1.1228,0.3535,1.0375,0.05114,0.00341
10,hcp30,2,12,20,0.60,true,0.06688,0.00279,0.36027,2.30655,0.00511,1.1792,0.3192,1.0867,0.06882,0.00382
10,hcp30,2,12,20,0.70,true,0.06688,0.00279,0.37768,2.32571,0.00519,1.2367,0.2887,1.1393,0.08798,0.00422
10,hcp30,2,12,20,0.80,true,0.06800,0.00281,0.39702,2.34603,0.00531,1.3034,0.2593,1.2018,0.10830,0.00460
10,hcp30,2,12,20,0.90,true,0.06713,0.00280,0.41604,2.36814,0.00538,1.3690,0.2348,1.2639,0.13041,0.00492
10,hcp30,2,12,20,1.00,true,0.06638,0.00278,0.43682,2.39229,0.00544,1.4364,0.2079,1.3349,0.15456,0.00524
10,hcp30,2,12,20,1.10,true,0.06563,0.00277,0.45813,2.41723,0.00550,1.5089,0.1842,1.4109,0.17950,0.00554
10,hcp30,2,12,20,1.20,true,0.06488,0.00275,0.47914,2.44199,0.00555,1.5866,0.1660,1.4882,0.20426,0.00581
10,hcp30,2,3,10,0.00,true,0.11200,0.00353,0.10896,1.99778,0.00431,0.3372,0.5548,0.4520,0.02032,0.00335
10,hcp30,2,3,10,0.10,true,0.13750,0.00385,0.11406,1.97746,0.00470,0.4402,0.4812,0.4682,0.00000,0.00000
10,hcp30,2,3,10,0.20,true,0.15063,0.00400,0.12734,1.97784,0.00497,0.5015,0.4053,0.5001,0.00039,0.00286
10,hcp30,2,3,10,0.30,true,0.16187,0.00412,0.14707,1.98673,0.00526,0.5712,0.3420,0.5475,0.00928,0.00383
10,hcp30,2,3,10,0.40,true,0.16812,0.00418,0.16952,2.00346,0.00550,0.6303,0.2822,0.6002,0.02600,0.00468
10,hcp30,2,3,10,0.50,true,0.16800,0.00418,0.19587,2.03066,0.00569,0.6964,0.2357,0.6599,0.05320,0.00524
10,hcp30,2,3,10,0.60,true,0.16475,0.00415,0.23040,2.06954,0.00587,0.7777,0.1904,0.7385,0.09209,0.00581
10,hcp30,2,3,10,0.70,true,0.16250,0.00412,0.26240,2.10502,0.00604,0.8514,0.1573,0.8136,0.12756,0.00626
10,hcp30,2,3,10,0.80,true,0.16000,0.00410,0.29609,2.14275,0.00620,0.9291,0.1271,0.8959,0.16529,0.00658
10,hcp30,2,3,10,0.90,true,0.15625,0.00406,0.33036,2.18259,0.00633,1.0103,0.1027,0.9822,0.20513,0.00685
10,hcp30,2,3,10,1.00,true,0.15163,0.00401,0.36484,2.22385,0.00643,1.0962,0.0834,1.0730,0.24639,0.00708
10,hcp30,2,3,10,1.10,true,0.14438,0.00393,0.39820,2.26693,0.00647,1.1812,0.0684,1.1625,0.28947,0.00718
10,hcp30,2,3,10,1.20,true,0.14025,0.00388,0.43166,2.30736,0.00653,1.2727,0.0544,1.2608,0.32990,0.00734
10,hcp30,2,3,15,0.00,true,0.06125,0.00268,0.21912,2.16154,0.00418,0.4416,0.5386,0.6712,0.00815,0.00335
10,hcp30,2,3,15,0.10,true,0.07450,0.00294,0.22403,2.15340,0.00447,0.6158,0.4761,0.6872,0.00000,0.00000
10,hcp30,2,3,15,0.20,true,0.08213,0.00307,0.23500,2.15721,0.00467,0.6855,0.4306,0.7156,0.00381,0.00272
10,hcp30,2,3,15,0.30,true,0.08712,0.00315,0.25175,2.16971,0.00486,0.7588,0.3816,0.7570,0.01631,0.00369
10,hcp30,2,3,15,0.40,true,0.08925,0.00319,0.27048,2.18723,0.00500,0.8262,0.3407,0.8025,0.03383,0.00438
10,hcp30,2,3,15,0.50,true,0.08737,0.00316,0.29202,2.21181,0.00509,0.8914,0.3024,0.8529,0.05841,0.00488
10,hcp30,2,3,15,0.60,true,0.08825,0.00317,0.31482,2.23513,0.00522,0.9560,0.2658,0.9103,0.08174,0.00525
10,hcp30,2,3,15,0.70,true,0.08712,0.00315,0.33977,2.26290,0.00531,1.0243,0.2331,0.9742,0.10950,0.00556
10,hcp30,2,3,15,0.80,true,0.08675,0.00315,0.36487,2.29030,0.00542,1.0939,0.2034,1.0428,0.13690,0.00587
10,hcp30,2,3,15,0.90,true,0.08438,0.00311,0.39231,2.32240,0.00548,1.1704,0.1773,1.1189,0.16900,0.00611
10,hcp30,2,3,15,1.00,true,0.08388,0.00310,0.41844,2.35153,0.00556,1.2440,0.1524,1.1979,0.19813,0.00633
10,hcp30,2,3,15,1.10,true,0.07812,0.00300,0.44600,2.38768,0.00553,1.3217,0.1327,1.2779,0.23429,0.00644
10,hcp30,2,3,15,1.20,true,0.07612,0.00297,0.47133,2.41806,0.00557,1.3983,0.1142,1.3607,0.26466,0.00656
10,hcp30,2,3,20,0.00,true,0.04462,0.00231,0.32308,2.28737,0.00434,0.5941,0.5292,0.9045,0.00046,0.00286
10,hcp30,2,3,20,0.10,true,0.05063,0.00245,0.32819,2.28690,0.00450,0.8146,0.4837,0.9219,0.00000,0.00000
10,hcp30,2,3,20,0.20,true,0.05237,0.00249,0.33739,2.29503,0.00458,0.8905,0.4455,0.9464,0.00812,0.00256
10,hcp30,2,3,20,0.30,true,0.05200,0.00248,0.34939,2.30833,0.00462,0.9536,0.4076,0.9775,0.02143,0.00336
10,hcp30,2,3,20,0.40,true,0.05350,0.00252,0.36402,2.32265,0.00471,1.0230,0.3748,1.0183,0.03575,0.00397
10,hcp30,2,3,20,0.50,true,0.05412,0.00253,0.38020,2.33969,0.00478,1.0928,0.3449,1.0649,0.05279,0.00432
10,hcp30,2,3,20,0.60,true,0.05362,0.00252,0.39724,2.35891,0.00484,1.1518,0.3120,1.1147,0.07201,0.00467
10,hcp30,2,3,20,0.70,true,0.05212,0.00249,0.41466,2.37977,0.00487,1.2137,0.2833,1.1678,0.09287,0.00491
10,hcp30,2,3,20,0.80,true,0.05162,0.00247,0.43327,2.40112,0.00492,1.2844,0.2589,1.2280,0.11422,0.00514
10,hcp30,2,3,20,0.90,true,0.05200,0.00248,0.45266,2.42260,0.00499,1.3537,0.2340,1.2940,0.13570,0.00538
10,hcp30,2,3,20,1.00,true,0.05200,0.00248,0.47191,2.44457,0.00505,1.4258,0.2127,1.3624,0.15766,0.00559
10,hcp30,2,3,20,1.10,true,0.05000,0.00244,0.49145,2.46905,0.00505,1.4929,0.1908,1.4321,0.18215,0.00578
10,hcp30,2,3,20,1.20,true,0.04763,0.00238,0.51046,2.49359,0.00504,1.5617,0.1719,1.5030,0.20669,0.00592
10,hcp30,2,6,10,0.00,true,0.12100,0.00365,0.09323,1.97281,0.00431,0.4198,0.5523,0.4524,0.00607,0.00200
10,hcp30,2,6,10,0.10,true,0.13237,0.00379,0.09843,1.96674,0.00450,0.4718,0.4727,0.4721,0.00000,0.00000
10,hcp30,2,6,10,0.20,true,0.14175,0.00390,0.11003,1.96919,0.00471,0.5257,0.3940,0.5065,0.00245,0.00186
10,hcp30,2,6,10,0.30,true,0.15025,0.00399,0.12720,1.97823,0.00494,0.5923,0.3282,0.5558,0.01149,0.00273
10,hcp30,2,6,10,0.40,true,0.15275,0.00402,0.14892,1.99798,0.00513,0.6578,0.2684,0.6139,0.03124,0.00332
10,hcp30,2,6,10,0.50,true,0.15538,0.00405,0.17499,2.02217,0.00535,0.7313,0.2158,0.6850,0.05544,0.00392
10,hcp30,2,6,10,0.60,true,0.15413,0.00404,0.20281,2.05217,0.00552,0.8061,0.1753,0.7592,0.08543,0.00442
10,hcp30,2,6,10,0.70,true,0.14900,0.00398,0.23322,2.08888,0.00564,0.8848,0.1429,0.8387,0.12214,0.00481
10,hcp30,2,6,10,0.80,true,0.14275,0.00391,0.26653,2.12992,0.00574,0.9644,0.1102,0.9264,0.16318,0.00525
10,hcp30,2,6,10,0.90,true,0.13687,0.00384,0.30061,2.17166,0.00583,1.0546,0.0896,1.0188,0.20492,0.00562
10,hcp30,2,6,10,1.00,true,0.13050,0.00377,0.33457,2.21402,0.00589,1.1420,0.0703,1.1130,0.24728,0.00597
10,hcp30,2,6,10,1.10,true,0.12112,0.00365,0.37136,2.26268,0.00589,1.2405,0.0567,1.2148,0.29594,0.00629
10,hcp30,2,6,10,1.20,true,0.11338,0.00354,0.40254,2.30408,0.00587,1.3288,0.0484,1.3047,0.33734,0.00648
10,hcp30,2,6,15,0.00,true,0.06513,0.00276,0.20914,2.14698,0.00414,0.6223,0.5364,0.6895,0.00000,0.00000
10,hcp30,2,6,15,0.10,true,0.06713,0.00280,0.21292,2.14903,0.00420,0.6743,0.4864,0.7049,0.00204,0.00130
10,hcp30,2,6,15,0.20,true,0.07175,0.00289,0.22113,2.15308,0.00434,0.7292,0.4340,0.7335,0.00610,0.00211
10,hcp30,2,6,15,0.30,true,0.07250,0.00290,0.23286,2.16472,0.00443,0.7874,0.3877,0.7681,0.01774,0.00266
10,hcp30,2,6,15,0.40,true,0.07450,0.00294,0.24805,2.17877,0.00456,0.8529,0.3456,0.8133,0.03179,0.00327
10,hcp30,2,6,15,0.50,true,0.07562,0.00296,0.26552,2.19619,0.00468,0.9171,0.3057,0.8649,0.04920,0.00377
10,hcp30,2,6,15,0.60,true,0.07525,0.00295,0.28551,2.21787,0.00478,0.9855,0.2698,0.9232,0.07089,0.00422
10,hcp30,2,6,15,0.70,true,0.07462,0.00294,0.30701,2.24151,0.00488,1.0508,0.2349,0.9864,0.09452,0.00464
10,hcp30,2,6,15,0.80,true,0.07412,0.00293,0.33099,2.26780,0.00497,1.1262,0.2047,1.0592,0.12082,0.00513
10,hcp30,2,6,15,0.90,true,0.07237,0.00290,0.35563,2.29627,0.00505,1.2023,0.1777,1.1352,0.14928,0.00549
10,hcp30,2,6,15,1.00,true,0.07037,0.00286,0.37936,2.32419,0.00510,1.2760,0.1552,1.2106,0.17721,0.00578
10,hcp30,2,6,15,1.10,true,0.06775,0.00281,0.40434,2.35433,0.00513,1.3569,0.1361,1.2920,0.20734,0.00604
10,hcp30,2,6,15,1.20,true,0.06438,0.00274,0.42855,2.38457,0.00513,1.4320,0.1176,1.3726,0.23759,0.00626
10,hcp30,2,6,20,0.00,true,0.03975,0.00218,0.30679,2.27432,0.00404,0.8217,0.5190,0.9052,0.00000,0.00000
10,hcp30,2,6,20,0.10,true,0.04275,0.00226,0.31046,2.27545,0.00413,0.8720,0.4790,0.9237,0.00113,0.00118
10,hcp30,2,6,20,0.20,true,0.04362,0.00228,0.31698,2.28176,0.00419,0.9250,0.4398,0.9488,0.00745,0.00182
10,hcp30,2,6,20,0.30,true,0.04487,0.00231,0.32586,2.29028,0.00426,0.9894,0.4081,0.9810,0.01597,0.00233
10,hcp30,2,6,20,0.40,true,0.04525,0.00232,0.33723,2.30240,0.00433,1.0397,0.3676,1.0202,0.02808,0.00287
10,hcp30,2,6,20,0.50,true,0.04462,0.00231,0.35097,2.31814,0.00438,1.1062,0.3365,1.0665,0.04383,0.00338
10,hcp30,2,6,20,0.60,true,0.04325,0.00227,0.36578,2.33590,0.00442,1.1652,0.3039,1.1163,0.06159,0.00378
10,hcp30,2,6,20,0.70,true,0.04350,0.00228,0.38170,2.35336,0.00449,1.2270,0.2734,1.1725,0.07904,0.00418
10,hcp30,2,6,20,0.80,true,0.04387,0.00229,0.39893,2.37226,0.00457,1.2953,0.2463,1.2353,0.09794,0.00457
10,hcp30,2,6,20,0.90,true,0.04238,0.00225,0.41647,2.39354,0.00460,1.3650,0.2235,1.2990,0.11922,0.00485
10,hcp30,2,6,20,1.00,true,0.04288,0.00226,0.43479,2.41385,0.00467,1.4371,0.2007,1.3699,0.13954,0.00515
10,hcp30,2,6,20,1.10,true,0.03887,0.00216,0.45412,2.43986,0.00462,1.5049,0.1800,1.4390,0.16554,0.00538
10,hcp30,2,6,20,1.20,true,0.03675,0.00210,0.47328,2.46405,0.00461,1.5727,0.1588,1.5130,0.18974,0.00558
10,tour,3,12,10,0.00,true,0.34013,0.00530,0.00005,1.65992,0.00530,0.1663,0.6774,0.1928,0.15609,0.00548
10,tour,3,12,10,0.10,true,0.43012,0.00554,0.00015,1.57003,0.00554,0.2171,0.4718,0.2082,0.06619,0.00458
10,tour,3,12,10,0.20,true,0.48113,0.00559,0.00049,1.51936,0.00559,0.2807,0.2799,0.2594,0.01553,0.00354
10,tour,3,12,10,0.30,true,0.49625,0.00559,0.00142,1.50517,0.00561,0.3538,0.1387,0.3378,0.00134,0.00231
10,tour,3,12,10,0.40,true,0.49962,0.00559,0.00346,1.50383,0.00563,0.4362,0.0512,0.4335,0.00000,0.00000
10,tour,3,12,10,0.50,true,0.48750,0.00559,0.00723,1.51973,0.00567,0.5240,0.0210,0.5263,0.01590,0.00180
10,tour,3,12,10,0.60,true,0.47425,0.00558,0.01349,1.53924,0.00574,0.6169,0.0081,0.6219,0.03541,0.00239
10,tour,3,12,10,0.70,true,0.45913,0.00557,0.02327,1.56415,0.00583,0.7146,0.0023,0.7210,0.06032,0.00282
10,tour,3,12,10,0.80,true,0.44075,0.00555,0.03777,1.59702,0.00595,0.8205,0.0004,0.8270,0.09319,0.00324
10,tour,3,12,10,0.90,true,0.42775,0.00553,0.05330,1.62555,0.00608,0.9111,0.0000,0.9173,0.12172,0.00350
10,tour,3,12,10,1.00,true,0.41275,0.00550,0.07369,1.66094,0.00624,1.0120,0.0000,1.0177,0.15711,0.00383
10,tour,3,12,10,1.10,true,0.39963,0.00548,0.09640,1.69677,0.00641,1.1116,0.0000,1.1170,0.19294,0.00410
10,tour,3,12,10,1.20,true,0.38625,0.00544,0.12151,1.73526,0.00659,1.2119,0.0000,1.2169,0.23142,0.00439
10,tour,3,12,15,0.00,true,0.22200,0.00465,0.00067,1.77867,0.00465,0.2461,0.6080,0.2780,0.09059,0.00454
10,tour,3,12,15,0.10,true,0.25925,0.00490,0.00128,1.74203,0.00491,0.2893,0.4720,0.2888,0.05395,0.00392
10,tour,3,12,15,0.20,true,0.29075,0.00508,0.00273,1.71198,0.00510,0.3423,0.3377,0.3250,0.02390,0.00315
10,tour,3,12,15,0.30,true,0.30988,0.00517,0.00542,1.69554,0.00522,0.4091,0.2333,0.3834,0.00746,0.00217
10,tour,3,12,15,0.40,true,0.32212,0.00522,0.01021,1.68808,0.00531,0.4809,0.1385,0.4628,0.00000,0.00000
10,tour,3,12,15,0.50,true,0.31975,0.00521,0.01747,1.69772,0.00537,0.5622,0.0832,0.5495,0.00964,0.00191
10,tour,3,12,15,0.60,true,0.31662,0.00520,0.02655,1.70992,0.00543,0.6413,0.0505,0.6345,0.02184,0.00249
10,tour,3,12,15,0.70,true,0.30825,0.00516,0.03976,1.73151,0.00551,0.7318,0.0293,0.7298,0.04342,0.00294
10,tour,3,12,15,0.80,true,0.30075,0.00513,0.05725,1.75650,0.00561,0.8290,0.0129,0.8336,0.06841,0.00324
10,tour,3,12,15,0.90,true,0.28987,0.00507,0.07577,1.78590,0.00570,0.9174,0.0067,0.9241,0.09781,0.00351
10,tour,3,12,15,1.00,true,0.28187,0.00503,0.09822,1.81635,0.00582,1.0150,0.0031,1.0231,0.12826,0.00375
10,tour,3,12,15,1.10,true,0.26925,0.00496,0.12392,1.85467,0.00592,1.1138,0.0017,1.1219,0.16658,0.00402
10,tour,3,12,15,1.20,true,0.26000,0.00490,0.15162,1.89162,0.00605,1.2140,0.0005,1.2227,0.20354,0.00424
10,tour,3,12,20,0.00,true,0.14613,0.00395,0.00340,1.85728,0.00397,0.3233,0.5689,0.3683,0.04036,0.00359
10,tour,3,12,20,0.10,true,0.16412,0.00414,0.00505,1.84092,0.00417,0.3645,0.4660,0.3790,0.02401,0.00310
10,tour,3,12,20,0.20,true,0.18075,0.00430,0.00820,1.82745,0.00436,0.4191,0.3729,0.4081,0.01053,0.00250
10,tour,3,12,20,0.30,true,0.19425,0.00442,0.01315,1.81890,0.00452,0.4781,0.2882,0.4537,0.00199,0.00183
10,tour,3,12,20,0.40,true,0.20363,0.00450,0.02054,1.81692,0.00465,0.5418,0.2106,0.5153,0.00000,0.00000
10,tour,3,12,20,0.50,true,0.20425,0.00451,0.03020,1.82595,0.00473,0.6115,0.1547,0.5847,0.00904,0.00160
10,tour,3,12,20,0.60,true,0.20850,0.00454,0.04298,1.83448,0.00486,0.6887,0.1063,0.6680,0.01757,0.00230
10,tour,3,12,20,0.70,true,0.20713,0.00453,0.05769,1.85056,0.00496,0.7626,0.0703,0.7507,0.03364,0.00269
10,tour,3,12,20,0.80,true,0.20237,0.00449,0.07607,1.87370,0.00505,0.8457,0.0447,0.8414,0.05678,0.00301
10,tour,3,12,20,0.90,true,0.19887,0.00446,0.09683,1.89795,0.00516,0.9353,0.0301,0.9348,0.08103,0.00327
10,tour,3,12,20,1.00,true,0.19412,0.00442,0.12040,1.92627,0.00527,1.0252,0.0171,1.0311,0.10935,0.00348
10,tour,3,12,20,1.10,true,0.18937,0.00438,0.14593,1.95656,0.00538,1.1192,0.0099,1.1285,0.13964,0.00368
10,tour,3,12,20,1.20,true,0.18388,0.00433,0.17326,1.98939,0.00549,1.2155,0.0058,1.2266,0.17247,0.00387
10,tour,3,3,10,0.00,true,0.19437,0.00442,0.00013,1.80576,0.00443,0.1000,0.5809,0.2055,0.14738,0.00597
10,tour,3,3,10,0.10,true,0.28437,0.00504,0.00027,1.71590,0.00505,0.2011,0.3857,0.2275,0.05752,0.00501
10,tour,3,3,10,0.20,true,0.32212,0.00522,0.00080,1.67867,0.00523,0.2631,0.2386,0.2756,0.02030,0.00391
10,tour,3,3,10,0.30,true,0.34250,0.00531,0.00226,1.65976,0.00532,0.3307,0.1234,0.3474,0.00138,0.00258
10,tour,3,3,10,0.40,true,0.34700,0.00532,0.00538,1.65838,0.00537,0.4098,0.0567,0.4327,0.00000,0.00000
10,tour,3,3,10,0.50,true,0.34425,0.00531,0.01076,1.66651,0.00541,0.4913,0.0254,0.5182,0.00813,0.00240
10,tour,3,3,10,0.60,true,0.33887,0.00529,0.01981,1.68093,0.00546,0.5820,0.0117,0.6109,0.02256,0.00319
10,tour,3,3,10,0.70,true,0.33300,0.00527,0.03285,1.69985,0.00555,0.6744,0.0036,0.7055,0.04147,0.00371
10,tour,3,3,10,0.80,true,0.32550,0.00524,0.05157,1.72607,0.00568,0.7777,0.0011,0.8096,0.06769,0.00416
10,tour,3,3,10,0.90,true,0.31675,0.00520,0.07205,1.75530,0.00580,0.8693,0.0000,0.9028,0.09692,0.00458
10,tour,3,3,10,1.00,true,0.30800,0.00516,0.09687,1.78887,0.00595,0.9660,0.0000,1.0004,0.13049,0.00492
10,tour,3,3,10,1.10,true,0.29862,0.00512,0.12451,1.82589,0.00610,1.0631,0.0000,1.0988,0.16751,0.00525
10,tour,3,3,10,1.20,true,0.28600,0.00505,0.15472,1.86872,0.00623,1.1601,0.0000,1.1971,0.21034,0.00554
10,tour,3,3,15,0.00,true,0.11500,0.00357,0.00213,1.88713,0.00358,0.1466,0.5620,0.2985,0.07402,0.00513
10,tour,3,3,15,0.10,true,0.15563,0.00405,0.00273,1.84710,0.00407,0.2653,0.4139,0.3159,0.03400,0.00437
10,tour,3,3,15,0.20,true,0.17888,0.00428,0.00457,1.82570,0.00431,0.3288,0.3017,0.3547,0.01259,0.00362
10,tour,3,3,15,0.30,true,0.19300,0.00441,0.00820,1.81520,0.00447,0.3912,0.2103,0.4096,0.00209,0.00257
10,tour,3,3,15,0.40,true,0.20112,0.00448,0.01423,1.81310,0.00458,0.4594,0.1389,0.4787,0.00000,0.00000
10,tour,3,3,15,0.50,true,0.20988,0.00455,0.02300,1.81312,0.00472,0.5319,0.0859,0.5573,0.00002,0.00241
10,tour,3,3,15,0.60,true,0.20900,0.00455,0.03540,1.82640,0.00480,0.6112,0.0520,0.6417,0.01330,0.00324
10,tour,3,3,15,0.70,true,0.20663,0.00453,0.05124,1.84461,0.00489,0.6935,0.0303,0.7288,0.03151,0.00380
10,tour,3,3,15,0.80,true,0.19762,0.00445,0.07074,1.87311,0.00494,0.7777,0.0168,0.8167,0.06001,0.00421
10,tour,3,3,15,0.90,true,0.19737,0.00445,0.09418,1.89680,0.00509,0.8715,0.0089,0.9134,0.08370,0.00462
10,tour,3,3,15,1.00,true,0.19162,0.00440,0.12077,1.92914,0.00521,0.9657,0.0048,1.0093,0.11604,0.00494
10,tour,3,3,15,1.10,true,0.18413,0.00433,0.15008,1.96595,0.00530,1.0607,0.0023,1.1060,0.15285,0.00521
10,tour,3,3,15,1.20,true,0.17950,0.00429,0.17973,2.00023,0.00541,1.1544,0.0015,1.2003,0.18713,0.00540
10,tour,3,3,20,0.00,true,0.08538,0.00312,0.00904,1.92367,0.00317,0.1957,0.5453,0.3957,0.03289,0.00438
10,tour,3,3,20,0.10,true,0.10600,0.00344,0.01021,1.90421,0.00350,0.3226,0.4340,0.4089,0.01344,0.00357
10,tour,3,3,20,0.20,true,0.12125,0.00365,0.01353,1.89228,0.00373,0.3959,0.3432,0.4425,0.00150,0.00249
10,tour,3,3,20,0.30,true,0.12837,0.00374,0.01915,1.89077,0.00386,0.4610,0.2692,0.4887,0.00000,0.00000
10,tour,3,3,20,0.40,true,0.13437,0.00381,0.02725,1.89287,0.00399,0.5205,0.1993,0.5454,0.00210,0.00242
10,tour,3,3,20,0.50,true,0.14188,0.00390,0.03847,1.89659,0.00416,0.5898,0.1446,0.6161,0.00582,0.00336
10,tour,3,3,20,0.60,true,0.14288,0.00391,0.05247,1.90959,0.00426,0.6601,0.1046,0.6891,0.01882,0.00382
10,tour,3,3,20,0.70,true,0.14213,0.00390,0.07059,1.92847,0.00437,0.7379,0.0724,0.7722,0.03769,0.00422
10,tour,3,3,20,0.80,true,0.13975,0.00388,0.09129,1.95154,0.00447,0.8180,0.0506,0.8563,0.06077,0.00454
10,tour,3,3,20,0.90,true,0.13650,0.00384,0.11528,1.97878,0.00457,0.9018,0.0340,0.9449,0.08800,0.00482
10,tour,3,3,20,1.00,true,0.13362,0.00380,0.14208,2.00845,0.00468,0.9901,0.0219,1.0380,0.11768,0.00503
10,tour,3,3,20,1.10,true,0.12950,0.00375,0.17004,2.04054,0.00477,1.0777,0.0144,1.1288,0.14977,0.00518
10,tour,3,3,20,1.20,true,0.12512,0.00370,0.19969,2.07457,0.00485,1.1697,0.0106,1.2221,0.18379,0.00532
10,tour,3,6,10,0.00,true,0.24863,0.00483,0.00005,1.75142,0.00483,0.1664,0.5982,0.2032,0.10839,0.00462
10,tour,3,6,10,0.10,true,0.30775,0.00516,0.00006,1.69231,0.00516,0.2179,0.4063,0.2227,0.04928,0.00369
10,tour,3,6,10,0.20,true,0.34513,0.00532,0.00019,1.65506,0.00532,0.2785,0.2281,0.2762,0.01203,0.00258
10,tour,3,6,10,0.30,true,0.35750,0.00536,0.00053,1.64303,0.00536,0.3509,0.1043,0.3543,0.00000,0.00000
10,tour,3,6,10,0.40,true,0.35163,0.00534,0.00131,1.64968,0.00535,0.4335,0.0443,0.4419,0.00665,0.00202
10,tour,3,6,10,0.50,true,0.33987,0.00530,0.00292,1.66304,0.00532,0.5283,0.0157,0.5404,0.02001,0.00263
10,tour,3,6,10,0.60,true,0.32362,0.00523,0.00579,1.68217,0.00528,0.6246,0.0059,0.6372,0.03914,0.00301
10,tour,3,6,10,0.70,true,0.30762,0.00516,0.01055,1.70293,0.00524,0.7223,0.0027,0.7341,0.05989,0.00330
10,tour,3,6,10,0.80,true,0.28687,0.00506,0.01847,1.73160,0.00520,0.8276,0.0009,0.8389,0.08856,0.00362
10,tour,3,6,10,0.90,true,0.26963,0.00496,0.02893,1.75931,0.00518,0.9247,0.0000,0.9356,0.11628,0.00387
10,tour,3,6,10,1.00,true,0.25138,0.00485,0.04303,1.79166,0.00516,1.0242,0.0000,1.0343,0.14863,0.00412
10,tour,3,6,10,1.10,true,0.22775,0.00469,0.06105,1.83330,0.00510,1.1237,0.0000,1.1331,0.19027,0.00441
10,tour,3,6,10,1.20,true,0.20225,0.00449,0.08411,1.88186,0.00502,1.2297,0.0000,1.2385,0.23882,0.00470
10,tour,3,6,15,0.00,true,0.14238,0.00391,0.00091,1.85854,0.00391,0.2389,0.5552,0.2954,0.05232,0.00385
10,tour,3,6,15,0.10,true,0.16800,0.00418,0.00084,1.83284,0.00418,0.2882,0.4246,0.3121,0.02662,0.00333
10,tour,3,6,15,0.20,true,0.18313,0.00432,0.00129,1.81816,0.00433,0.3421,0.3001,0.3503,0.01194,0.00270
10,tour,3,6,15,0.30,true,0.19250,0.00441,0.00241,1.80991,0.00442,0.4066,0.2005,0.4084,0.00369,0.00197
10,tour,3,6,15,0.40,true,0.19825,0.00446,0.00447,1.80622,0.00449,0.4803,0.1241,0.4838,0.00000,0.00000
10,tour,3,6,15,0.50,true,0.19612,0.00444,0.00783,1.81171,0.00449,0.5600,0.0746,0.5670,0.00548,0.00156
10,tour,3,6,15,0.60,true,0.19075,0.00439,0.01289,1.82214,0.00447,0.6438,0.0437,0.6545,0.01591,0.00205
10,tour,3,6,15,0.70,true,0.17963,0.00429,0.02045,1.84083,0.00442,0.7351,0.0229,0.7499,0.03461,0.00247
10,tour,3,6,15,0.80,true,0.16887,0.00419,0.03066,1.86178,0.00438,0.8305,0.0141,0.8454,0.05556,0.00275
10,tour,3,6,15,0.90,true,0.15600,0.00406,0.04403,1.88803,0.00432,0.9266,0.0081,0.9423,0.08181,0.00306
10,tour,3,6,15,1.00,true,0.14525,0.00394,0.06067,1.91542,0.00429,1.0251,0.0026,1.0431,0.10920,0.00334
10,tour,3,6,15,1.10,true,0.13275,0.00379,0.08070,1.94795,0.00424,1.1267,0.0006,1.1449,0.14173,0.00358
10,tour,3,6,15,1.20,true,0.12012,0.00363,0.10239,1.98227,0.00418,1.2244,0.0003,1.2416,0.17604,0.00378
10,tour,3,6,20,0.00,true,0.09312,0.00325,0.00487,1.91174,0.00327,0.3203,0.5315,0.3958,0.02588,0.00304
10,tour,3,6,20,0.10,true,0.10650,0.00345,0.00464,1.89814,0.00347,0.3655,0.4331,0.4106,0.01228,0.00267
10,tour,3,6,20,0.20,true,0.11450,0.00356,0.00558,1.89108,0.00359,0.4188,0.3412,0.4421,0.00521,0.00228
10,tour,3,6,20,0.30,true,0.12175,0.00366,0.00775,1.88600,0.00370,0.4766,0.2570,0.4897,0.00014,0.00158
10,tour,3,6,20,0.40,true,0.12550,0.00370,0.01136,1.88586,0.00377,0.5420,0.1887,0.5506,0.00000,0.00000
10,tour,3,6,20,0.50,true,0.12625,0.00371,0.01681,1.89056,0.00381,0.6134,0.1339,0.6223,0.00470,0.00141
10,tour,3,6,20,0.60,true,0.12525,0.00370,0.02417,1.89892,0.00384,0.6897,0.0905,0.7028,0.01305,0.00200
10,tour,3,6,20,0.70,true,0.12112,0.00365,0.03385,1.91273,0.00384,0.7727,0.0624,0.7879,0.02686,0.00229
10,tour,3,6,20,0.80,true,0.11438,0.00356,0.04607,1.93169,0.00382,0.8571,0.0399,0.8770,0.04583,0.00258
10,tour,3,6,20,0.90,true,0.10662,0.00345,0.06085,1.95423,0.00379,0.9478,0.0266,0.9696,0.06837,0.00283
10,tour,3,6,20,1.00,true,0.09838,0.00333,0.07867,1.98029,0.00376,1.0409,0.0153,1.0666,0.09443,0.00305
10,tour,3,6,20,1.10,true,0.09025,0.00320,0.09826,2.00801,0.00372,1.1346,0.0087,1.1622,0.12215,0.00326
10,tour,3,6,20,1.20,true,0.08075,0.00305,0.12036,2.03961,0.00366,1.2344,0.0069,1.2600,0.15375,0.00347
10,scratch,3,12,10,0.00,true,0.29675,0.00511,0.00017,1.70342,0.00511,0.1796,0.6504,0.2069,0.13352,0.00493
10,scratch,3,12,10,0.10,true,0.37475,0.00541,0.00045,1.62570,0.00542,0.2278,0.4596,0.2227,0.05580,0.00395
10,scratch,3,12,10,0.20,true,0.41625,0.00551,0.00130,1.58505,0.00552,0.2888,0.2852,0.2703,0.01515,0.00265
10,scratch,3,12,10,0.30,true,0.43338,0.00554,0.00327,1.56990,0.00557,0.3607,0.1531,0.3449,0.00000,0.00000
10,scratch,3,12,10,0.40,true,0.43338,0.00554,0.00719,1.57381,0.00562,0.4404,0.0664,0.4359,0.00392,0.00232
10,scratch,3,12,10,0.50,true,0.42738,0.00553,0.01359,1.58621,0.00567,0.5267,0.0288,0.5286,0.01631,0.00293
10,scratch,3,12,10,0.60,true,0.41237,0.00550,0.02373,1.61136,0.00575,0.6173,0.0119,0.6228,0.04146,0.00332
10,scratch,3,12,10,0.70,true,0.39900,0.00547,0.03828,1.63928,0.00586,0.7145,0.0060,0.7206,0.06938,0.00362
10,scratch,3,12,10,0.80,true,0.38375,0.00544,0.05890,1.67515,0.00601,0.8194,0.0012,0.8272,0.10526,0.00394
10,scratch,3,12,10,0.90,true,0.37212,0.00540,0.07974,1.70761,0.00616,0.9099,0.0004,0.9175,0.13771,0.00417
10,scratch,3,12,10,1.00,true,0.36012,0.00537,0.10563,1.74550,0.00633,1.0096,0.0000,1.0170,0.17561,0.00442
10,scratch,3,12,10,1.10,true,0.34687,0.00532,0.13402,1.78714,0.00650,1.1094,0.0000,1.1163,0.21724,0.00468
10,scratch,3,12,10,1.20,true,0.33513,0.00528,0.16328,1.82815,0.00667,1.2083,0.0000,1.2150,0.25826,0.00492
10,scratch,3,12,15,0.00,true,0.18425,0.00433,0.00179,1.81754,0.00435,0.2613,0.5873,0.3008,0.05881,0.00420
10,scratch,3,12,15,0.10,true,0.21388,0.00458,0.00312,1.78924,0.00461,0.3073,0.4643,0.3133,0.03051,0.00364
10,scratch,3,12,15,0.20,true,0.23650,0.00475,0.00593,1.76943,0.00479,0.3601,0.3414,0.3483,0.01070,0.00291
10,scratch,3,12,15,0.30,true,0.25200,0.00485,0.01076,1.75876,0.00494,0.4221,0.2418,0.4025,0.00003,0.00211
10,scratch,3,12,15,0.40,true,0.25988,0.00490,0.01860,1.75873,0.00505,0.4930,0.1550,0.4766,0.00000,0.00000
10,scratch,3,12,15,0.50,true,0.26125,0.00491,0.02973,1.76848,0.00515,0.5697,0.0941,0.5606,0.00975,0.00184
10,scratch,3,12,15,0.60,true,0.25575,0.00488,0.04317,1.78742,0.00523,0.6475,0.0618,0.6420,0.02869,0.00247
10,scratch,3,12,15,0.70,true,0.25088,0.00485,0.06143,1.81056,0.00534,0.7364,0.0380,0.7356,0.05183,0.00286
10,scratch,3,12,15,0.80,true,0.24238,0.00479,0.08516,1.84278,0.00545,0.8350,0.0216,0.8388,0.08405,0.00327
10,scratch,3,12,15,0.90,true,0.23475,0.00474,0.10868,1.87393,0.00556,0.9199,0.0103,0.9292,0.11520,0.00355
10,scratch,3,12,15,1.00,true,0.22537,0.00467,0.13682,1.91145,0.00567,1.0167,0.0063,1.0267,0.15272,0.00379
10,scratch,3,12,15,1.10,true,0.21750,0.00461,0.16654,1.94904,0.00578,1.1130,0.0029,1.1245,0.19031,0.00401
10,scratch,3,12,15,1.20,true,0.20913,0.00455,0.19823,1.98910,0.00589,1.2128,0.0016,1.2244,0.23038,0.00421
10,scratch,3,12,20,0.00,true,0.11650,0.00359,0.00773,1.89123,0.00363,0.3448,0.5543,0.4043,0.01820,0.00289
10,scratch,3,12,20,0.10,true,0.13125,0.00378,0.01066,1.87941,0.00384,0.3878,0.4610,0.4164,0.00638,0.00238
10,scratch,3,12,20,0.20,true,0.14150,0.00390,0.01586,1.87436,0.00400,0.4409,0.3738,0.4444,0.00133,0.00165
10,scratch,3,12,20,0.30,true,0.15063,0.00400,0.02366,1.87303,0.00416,0.4993,0.2961,0.4875,0.00000,0.00000
10,scratch,3,12,20,0.40,true,0.15762,0.00407,0.03456,1.87693,0.00432,0.5601,0.2220,0.5453,0.00390,0.00162
10,scratch,3,12,20,0.50,true,0.16050,0.00410,0.04815,1.88765,0.00445,0.6300,0.1705,0.6113,0.01462,0.00212
10,scratch,3,12,20,0.60,true,0.16262,0.00413,0.06528,1.90265,0.00459,0.7034,0.1233,0.6886,0.02962,0.00256
10,scratch,3,12,20,0.70,true,0.16237,0.00412,0.08453,1.92216,0.00472,0.7754,0.0861,0.7683,0.04913,0.00287
10,scratch,3,12,20,0.80,true,0.16062,0.00411,0.10740,1.94678,0.00485,0.8574,0.0590,0.8565,0.07374,0.00317
10,scratch,3,12,20,0.90,true,0.15800,0.00408,0.13223,1.97423,0.00497,0.9402,0.0386,0.9462,0.10120,0.00339
10,scratch,3,12,20,1.00,true,0.15400,0.00404,0.15984,2.00584,0.00509,1.0317,0.0267,1.0407,0.13281,0.00362
10,scratch,3,12,20,1.10,true,0.14938,0.00399,0.18891,2.03953,0.00519,1.1219,0.0159,1.1364,0.16650,0.00384
10,scratch,3,12,20,1.20,true,0.14350,0.00392,0.21928,2.07578,0.00526,1.2150,0.0096,1.2324,0.20275,0.00401
10,scratch,3,3,10,0.00,true,0.17725,0.00427,0.00036,1.82311,0.00427,0.1110,0.5798,0.2210,0.12529,0.00558
10,scratch,3,3,10,0.10,true,0.25350,0.00486,0.00064,1.74714,0.00487,0.2104,0.3953,0.2405,0.04931,0.00442
10,scratch,3,3,10,0.20,true,0.28687,0.00506,0.00166,1.71479,0.00507,0.2734,0.2494,0.2885,0.01696,0.00308
10,scratch,3,3,10,0.30,true,0.30625,0.00515,0.00407,1.69782,0.00519,0.3411,0.1434,0.3566,0.00000,0.00000
10,scratch,3,3,10,0.40,true,0.30988,0.00517,0.00931,1.69944,0.00525,0.4192,0.0712,0.4413,0.00162,0.00272
10,scratch,3,3,10,0.50,true,0.30825,0.00516,0.01760,1.70935,0.00531,0.4971,0.0334,0.5249,0.01153,0.00355
10,scratch,3,3,10,0.60,true,0.30500,0.00515,0.03032,1.72532,0.00540,0.5862,0.0174,0.6161,0.02750,0.00410
10,scratch,3,3,10,0.70,true,0.29663,0.00511,0.04790,1.75128,0.00550,0.6769,0.0071,0.7094,0.05345,0.00457
10,scratch,3,3,10,0.80,true,0.28725,0.00506,0.07245,1.78520,0.00564,0.7800,0.0023,0.8144,0.08738,0.00496
10,scratch,3,3,10,0.90,true,0.27987,0.00502,0.09729,1.81741,0.00578,0.8704,0.0009,0.9062,0.11959,0.00530
10,scratch,3,3,10,1.00,true,0.26725,0.00495,0.12759,1.86034,0.00591,0.9672,0.0000,1.0043,0.16252,0.00566
10,scratch,3,3,10,1.10,true,0.25600,0.00488,0.15990,1.90390,0.00604,1.0638,0.0000,1.1020,0.20607,0.00594
10,scratch,3,3,10,1.20,true,0.24650,0.00482,0.19292,1.94642,0.00617,1.1592,0.0000,1.1988,0.24859,0.00617
10,scratch,3,3,15,0.00,true,0.10237,0.00339,0.00464,1.90226,0.00341,0.1698,0.5581,0.3274,0.05499,0.00503
10,scratch,3,3,15,0.10,true,0.13387,0.00381,0.00574,1.87187,0.00384,0.2844,0.4216,0.3429,0.02459,0.00431
10,scratch,3,3,15,0.20,true,0.15438,0.00404,0.00885,1.85448,0.00409,0.3479,0.3186,0.3793,0.00720,0.00358
10,scratch,3,3,15,0.30,true,0.16637,0.00416,0.01455,1.84818,0.00426,0.4104,0.2317,0.4314,0.00090,0.00251
10,scratch,3,3,15,0.40,true,0.17588,0.00426,0.02315,1.84727,0.00441,0.4735,0.1562,0.4967,0.00000,0.00000
10,scratch,3,3,15,0.50,true,0.18050,0.00430,0.03557,1.85507,0.00455,0.5474,0.1062,0.5726,0.00779,0.00246
10,scratch,3,3,15,0.60,true,0.17800,0.00428,0.05223,1.87423,0.00464,0.6237,0.0669,0.6550,0.02696,0.00334
10,scratch,3,3,15,0.70,true,0.17488,0.00425,0.07231,1.89743,0.00474,0.7032,0.0418,0.7398,0.05016,0.00387
10,scratch,3,3,15,0.80,true,0.17238,0.00422,0.09606,1.92369,0.00487,0.7864,0.0248,0.8283,0.07641,0.00429
10,scratch,3,3,15,0.90,true,0.17037,0.00420,0.12349,1.95312,0.00502,0.8772,0.0145,0.9225,0.10585,0.00465
10,scratch,3,3,15,1.00,true,0.16437,0.00414,0.15355,1.98917,0.00512,0.9683,0.0081,1.0164,0.14190,0.00499
10,scratch,3,3,15,1.10,true,0.15762,0.00407,0.18603,2.02841,0.00521,1.0622,0.0053,1.1115,0.18114,0.00525
10,scratch,3,3,15,1.20,true,0.14975,0.00399,0.21948,2.06974,0.00527,1.1551,0.0028,1.2063,0.22246,0.00545
10,scratch,3,3,20,0.00,true,0.07362,0.00292,0.01730,1.94367,0.00302,0.2372,0.5453,0.4407,0.01798,0.00380
10,scratch,3,3,20,0.10,true,0.08675,0.00315,0.01942,1.93267,0.00326,0.3566,0.4421,0.4535,0.00698,0.00261
10,scratch,3,3,20,0.20,true,0.09875,0.00334,0.02444,1.92569,0.00349,0.4253,0.3566,0.4841,0.00000,0.00000
10,scratch,3,3,20,0.30,true,0.10675,0.00345,0.03249,1.92574,0.00366,0.4873,0.2863,0.5268,0.00005,0.00246
10,scratch,3,3,20,0.40,true,0.11400,0.00355,0.04325,1.92925,0.00384,0.5475,0.2245,0.5793,0.00356,0.00326
10,scratch,3,3,20,0.50,true,0.11700,0.00359,0.05868,1.94168,0.00398,0.6173,0.1696,0.6476,0.01599,0.00389
10,scratch,3,3,20,0.60,true,0.11737,0.00360,0.07673,1.95936,0.00410,0.6828,0.1228,0.7184,0.03367,0.00427
10,scratch,3,3,20,0.70,true,0.11713,0.00360,0.09837,1.98124,0.00423,0.7580,0.0903,0.7971,0.05555,0.00457
10,scratch,3,3,20,0.80,true,0.11525,0.00357,0.12246,2.00721,0.00435,0.8333,0.0647,0.8776,0.08152,0.00475
10,scratch,3,3,20,0.90,true,0.11213,0.00353,0.14967,2.03755,0.00445,0.9154,0.0469,0.9635,0.11186,0.00493
10,scratch,3,3,20,1.00,true,0.10725,0.00346,0.17912,2.07187,0.00452,0.9994,0.0330,1.0518,0.14618,0.00511
10,scratch,3,3,20,1.10,true,0.10250,0.00339,0.21028,2.10779,0.00459,1.0868,0.0226,1.1437,0.18210,0.00522
10,scratch,3,3,20,1.20,true,0.09738,0.00331,0.24183,2.14446,0.00463,1.1732,0.0154,1.2339,0.21878,0.00531
10,scratch,3,6,10,0.00,true,0.21925,0.00463,0.00019,1.78094,0.00463,0.1788,0.5845,0.2199,0.08721,0.00437
10,scratch,3,6,10,0.10,true,0.26575,0.00494,0.00019,1.73444,0.00494,0.2308,0.4086,0.2394,0.04071,0.00358
10,scratch,3,6,10,0.20,true,0.29500,0.00510,0.00047,1.70547,0.00510,0.2891,0.2427,0.2896,0.01174,0.00253
10,scratch,3,6,10,0.30,true,0.30750,0.00516,0.00123,1.69373,0.00517,0.3599,0.1208,0.3648,0.00000,0.00000
10,scratch,3,6,10,0.40,true,0.30525,0.00515,0.00282,1.69757,0.00517,0.4396,0.0561,0.4497,0.00383,0.00187
10,scratch,3,6,10,0.50,true,0.29500,0.00510,0.00593,1.71093,0.00514,0.5305,0.0230,0.5445,0.01720,0.00254
10,scratch,3,6,10,0.60,true,0.28025,0.00502,0.01109,1.73084,0.00510,0.6247,0.0092,0.6401,0.03711,0.00296
10,scratch,3,6,10,0.70,true,0.26613,0.00494,0.01895,1.75283,0.00508,0.7202,0.0043,0.7352,0.05909,0.00321
10,scratch,3,6,10,0.80,true,0.24875,0.00483,0.03120,1.78245,0.00506,0.8257,0.0020,0.8399,0.08872,0.00351
10,scratch,3,6,10,0.90,true,0.23075,0.00471,0.04643,1.81568,0.00503,0.9233,0.0006,0.9371,0.12195,0.00379
10,scratch,3,6,10,1.00,true,0.21113,0.00456,0.06620,1.85507,0.00500,1.0235,0.0000,1.0368,0.16134,0.00408
10,scratch,3,6,10,1.10,true,0.19150,0.00440,0.08952,1.89802,0.00496,1.1230,0.0000,1.1355,0.20428,0.00436
10,scratch,3,6,10,1.20,true,0.17050,0.00420,0.11794,1.94744,0.00490,1.2291,0.0000,1.2409,0.25371,0.00464
10,scratch,3,6,15,0.00,true,0.11675,0.00359,0.00251,1.88576,0.00360,0.2572,0.5446,0.3249,0.03669,0.00354
10,scratch,3,6,15,0.10,true,0.13612,0.00383,0.00236,1.86624,0.00385,0.3054,0.4215,0.3423,0.01717,0.00301
10,scratch,3,6,15,0.20,true,0.14888,0.00398,0.00327,1.85439,0.00400,0.3596,0.3096,0.3789,0.00533,0.00250
10,scratch,3,6,15,0.30,true,0.15600,0.00406,0.00544,1.84944,0.00409,0.4217,0.2153,0.4333,0.00037,0.00185
10,scratch,3,6,15,0.40,true,0.16012,0.00410,0.00919,1.84907,0.00415,0.4927,0.1405,0.5042,0.00000,0.00000
10,scratch,3,6,15,0.50,true,0.15900,0.00409,0.01504,1.85604,0.00418,0.5705,0.0886,0.5850,0.00698,0.00159
10,scratch,3,6,15,0.60,true,0.15375,0.00403,0.02318,1.86943,0.00417,0.6520,0.0554,0.6694,0.02036,0.00205
10,scratch,3,6,15,0.70,true,0.14638,0.00395,0.03470,1.88832,0.00416,0.7413,0.0328,0.7617,0.03926,0.00241
10,scratch,3,6,15,0.80,true,0.13812,0.00386,0.04958,1.91145,0.00415,0.8335,0.0183,0.8568,0.06239,0.00271
10,scratch,3,6,15,0.90,true,0.12650,0.00372,0.06766,1.94116,0.00411,0.9289,0.0122,0.9516,0.09210,0.00298
10,scratch,3,6,15,1.00,true,0.11750,0.00360,0.08890,1.97140,0.00409,1.0252,0.0065,1.0492,0.12234,0.00320
10,scratch,3,6,15,1.10,true,0.10787,0.00347,0.11365,2.00577,0.00407,1.1254,0.0024,1.1508,0.15671,0.00345
10,scratch,3,6,15,1.20,true,0.09588,0.00329,0.13985,2.04398,0.00400,1.2218,0.0008,1.2471,0.19491,0.00367
10,scratch,3,6,20,0.00,true,0.07375,0.00292,0.01150,1.93775,0.00298,0.3415,0.5238,0.4419,0.01505,0.00248
10,scratch,3,6,20,0.10,true,0.08350,0.00309,0.01137,1.92787,0.00315,0.3890,0.4343,0.4579,0.00516,0.00202
10,scratch,3,6,20,0.20,true,0.08850,0.00318,0.01314,1.92464,0.00324,0.4407,0.3481,0.4881,0.00193,0.00147
10,scratch,3,6,20,0.30,true,0.09425,0.00327,0.01696,1.92271,0.00336,0.4977,0.2680,0.5342,0.00000,0.00000
10,scratch,3,6,20,0.40,true,0.09688,0.00331,0.02292,1.92604,0.00344,0.5614,0.2032,0.5914,0.00334,0.00144
10,scratch,3,6,20,0.50,true,0.09850,0.00333,0.03124,1.93274,0.00351,0.6321,0.1518,0.6592,0.01003,0.00190
10,scratch,3,6,20,0.60,true,0.09625,0.00330,0.04211,1.94586,0.00354,0.7050,0.1083,0.7344,0.02315,0.00226
10,scratch,3,6,20,0.70,true,0.09413,0.00326,0.05581,1.96169,0.00359,0.7842,0.0753,0.8170,0.03898,0.00254
10,scratch,3,6,20,0.80,true,0.08800,0.00317,0.07238,1.98438,0.00358,0.8678,0.0524,0.9030,0.06168,0.00275
10,scratch,3,6,20,0.90,true,0.08400,0.00310,0.09126,2.00726,0.00361,0.9548,0.0352,0.9931,0.08456,0.00297
10,scratch,3,6,20,1.00,true,0.07675,0.00298,0.11332,2.03657,0.00359,1.0460,0.0226,1.0872,0.11386,0.00317
10,scratch,3,6,20,1.10,true,0.07000,0.00285,0.13693,2.06693,0.00356,1.1380,0.0147,1.1807,0.14422,0.00337
10,scratch,3,6,20,1.20,true,0.06237,0.00270,0.16273,2.10036,0.00351,1.2325,0.0088,1.2765,0.17765,0.00354
10,mid,3,12,10,0.00,true,0.23463,0.00474,0.00070,1.76607,0.00474,0.1947,0.6152,0.2291,0.09263,0.00446
10,mid,3,12,10,0.10,true,0.28800,0.00506,0.00159,1.71359,0.00508,0.2421,0.4436,0.2451,0.04014,0.00359
10,mid,3,12,10,0.20,true,0.31838,0.00521,0.00397,1.68559,0.00524,0.3030,0.2908,0.2908,0.01215,0.00245
10,mid,3,12,10,0.30,true,0.33537,0.00528,0.00882,1.67345,0.00536,0.3715,0.1711,0.3594,0.00000,0.00000
10,mid,3,12,10,0.40,true,0.33787,0.00529,0.01746,1.67959,0.00545,0.4485,0.0887,0.4442,0.00614,0.00211
10,mid,3,12,10,0.50,true,0.33213,0.00527,0.03018,1.69806,0.00554,0.5287,0.0421,0.5325,0.02461,0.00277
10,mid,3,12,10,0.60,true,0.32250,0.00523,0.04812,1.72562,0.00566,0.6177,0.0205,0.6254,0.05217,0.00318
10,mid,3,12,10,0.70,true,0.31200,0.00518,0.07171,1.75971,0.00581,0.7128,0.0100,0.7224,0.08627,0.00351
10,mid,3,12,10,0.80,true,0.29925,0.00512,0.10248,1.80323,0.00599,0.8178,0.0052,0.8280,0.12978,0.00385
10,mid,3,12,10,0.90,true,0.28900,0.00507,0.13183,1.84283,0.00614,0.9065,0.0014,0.9183,0.16939,0.00411
10,mid,3,12,10,1.00,true,0.27525,0.00499,0.16711,1.89186,0.00630,1.0055,0.0003,1.0173,0.21841,0.00440
10,mid,3,12,10,1.10,true,0.26388,0.00493,0.20361,1.93974,0.00645,1.1057,0.0003,1.1168,0.26629,0.00467
10,mid,3,12,10,1.20,true,0.25262,0.00486,0.24031,1.98769,0.00658,1.2042,0.0000,1.2152,0.31424,0.00489
10,mid,3,12,15,0.00,true,0.13025,0.00376,0.00637,1.87612,0.00380,0.2857,0.5637,0.3411,0.02468,0.00331
10,mid,3,12,15,0.10,true,0.14975,0.00399,0.00978,1.86003,0.00405,0.3321,0.4506,0.3562,0.00858,0.00265
10,mid,3,12,15,0.20,true,0.16287,0.00413,0.01603,1.85315,0.00424,0.3856,0.3452,0.3895,0.00171,0.00188
10,mid,3,12,15,0.30,true,0.17413,0.00424,0.02557,1.85144,0.00442,0.4434,0.2511,0.4403,0.00000,0.00000
10,mid,3,12,15,0.40,true,0.17850,0.00428,0.04000,1.86150,0.00458,0.5125,0.1738,0.5082,0.01006,0.00176
10,mid,3,12,15,0.50,true,0.18113,0.00431,0.05861,1.87748,0.00474,0.5851,0.1122,0.5869,0.02604,0.00238
10,mid,3,12,15,0.60,true,0.17863,0.00428,0.07926,1.90063,0.00486,0.6587,0.0779,0.6632,0.04919,0.00276
10,mid,3,12,15,0.70,true,0.17400,0.00424,0.10594,1.93194,0.00499,0.7435,0.0510,0.7519,0.08049,0.00311
10,mid,3,12,15,0.80,true,0.17037,0.00420,0.13789,1.96752,0.00516,0.8382,0.0322,0.8503,0.11608,0.00341
10,mid,3,12,15,0.90,true,0.16675,0.00417,0.16841,2.00167,0.00530,0.9236,0.0209,0.9390,0.15022,0.00366
10,mid,3,12,15,1.00,true,0.16025,0.00410,0.20363,2.04339,0.00541,1.0160,0.0115,1.0355,0.19194,0.00392
10,mid,3,12,15,1.10,true,0.15400,0.00404,0.23949,2.08550,0.00551,1.1101,0.0066,1.1311,0.23406,0.00410
10,mid,3,12,15,1.20,true,0.14738,0.00396,0.27718,2.12981,0.00559,1.2091,0.0040,1.2307,0.27837,0.00430
10,mid,3,12,20,0.00,true,0.08213,0.00307,0.02347,1.94134,0.00321,0.3759,0.5409,0.4710,0.00363,0.00146
10,mid,3,12,20,0.10,true,0.09137,0.00322,0.02909,1.93772,0.00341,0.4189,0.4573,0.4841,0.00000,0.00000
10,mid,3,12,20,0.20,true,0.09738,0.00331,0.03846,1.94108,0.00357,0.4712,0.3793,0.5110,0.00337,0.00141
10,mid,3,12,20,0.30,true,0.10312,0.00340,0.05156,1.94844,0.00375,0.5272,0.3061,0.5519,0.01072,0.00201
10,mid,3,12,20,0.40,true,0.10725,0.00346,0.06841,1.96116,0.00393,0.5870,0.2404,0.6044,0.02345,0.00241
10,mid,3,12,20,0.50,true,0.10800,0.00347,0.08861,1.98061,0.00408,0.6505,0.1854,0.6658,0.04290,0.00278
10,mid,3,12,20,0.60,true,0.10800,0.00347,0.11289,2.00489,0.00424,0.7245,0.1436,0.7373,0.06718,0.00311
10,mid,3,12,20,0.70,true,0.10825,0.00347,0.13854,2.03029,0.00440,0.7963,0.1093,0.8116,0.09257,0.00339
10,mid,3,12,20,0.80,true,0.10650,0.00345,0.16779,2.06129,0.00453,0.8708,0.0775,0.8932,0.12357,0.00362
10,mid,3,12,20,0.90,true,0.10362,0.00341,0.19901,2.09539,0.00464,0.9524,0.0566,0.9784,0.15767,0.00384
10,mid,3,12,20,1.00,true,0.10088,0.00337,0.23217,2.13131,0.00475,1.0373,0.0388,1.0689,0.19359,0.00404
10,mid,3,12,20,1.10,true,0.09738,0.00331,0.26621,2.16885,0.00483,1.1266,0.0276,1.1610,0.23113,0.00422
10,mid,3,12,20,1.20,true,0.09500,0.00328,0.30057,2.20559,0.00492,1.2179,0.0186,1.2558,0.26787,0.00438
10,mid,3,3,10,0.00,true,0.15687,0.00407,0.00157,1.84470,0.00407,0.1336,0.5800,0.2476,0.08131,0.00545
10,mid,3,3,10,0.10,true,0.20813,0.00454,0.00244,1.79431,0.00456,0.2293,0.4065,0.2660,0.03092,0.00435
10,mid,3,3,10,0.20,true,0.23488,0.00474,0.00505,1.77018,0.00478,0.2886,0.2653,0.3105,0.00679,0.00304
10,mid,3,3,10,0.30,true,0.24750,0.00482,0.01089,1.76339,0.00491,0.3568,0.1658,0.3751,0.00000,0.00000
10,mid,3,3,10,0.40,true,0.25188,0.00485,0.02174,1.76986,0.00502,0.4338,0.0927,0.4568,0.00647,0.00275
10,mid,3,3,10,0.50,true,0.24788,0.00483,0.03631,1.78843,0.00511,0.5089,0.0505,0.5377,0.02504,0.00364
10,mid,3,3,10,0.60,true,0.24213,0.00479,0.05730,1.81518,0.00523,0.5942,0.0244,0.6288,0.05179,0.00424
10,mid,3,3,10,0.70,true,0.23312,0.00473,0.08342,1.85030,0.00535,0.6849,0.0147,0.7205,0.08690,0.00465
10,mid,3,3,10,0.80,true,0.22612,0.00468,0.11630,1.89017,0.00552,0.7830,0.0055,0.8226,0.12678,0.00505
10,mid,3,3,10,0.90,true,0.21738,0.00461,0.14910,1.93173,0.00565,0.8730,0.0027,0.9145,0.16833,0.00539
10,mid,3,3,10,1.00,true,0.20625,0.00452,0.18620,1.97995,0.00576,0.9679,0.0011,1.0109,0.21656,0.00571
10,mid,3,3,10,1.10,true,0.19537,0.00443,0.22476,2.02940,0.00586,1.0626,0.0002,1.1074,0.26601,0.00594
10,mid,3,3,10,1.20,true,0.18713,0.00436,0.26325,2.07614,0.00597,1.1586,0.0000,1.2048,0.31275,0.00615
10,mid,3,3,15,0.00,true,0.08388,0.00310,0.01397,1.93009,0.00318,0.2217,0.5553,0.3804,0.02718,0.00402
10,mid,3,3,15,0.10,true,0.10437,0.00342,0.01692,1.91255,0.00352,0.3236,0.4384,0.3948,0.00964,0.00280
10,mid,3,3,15,0.20,true,0.12025,0.00364,0.02316,1.90291,0.00378,0.3800,0.3407,0.4274,0.00000,0.00000
10,mid,3,3,15,0.30,true,0.12687,0.00372,0.03380,1.90692,0.00394,0.4414,0.2601,0.4752,0.00402,0.00261
10,mid,3,3,15,0.40,true,0.13237,0.00379,0.04847,1.91610,0.00412,0.5027,0.1871,0.5359,0.01319,0.00350
10,mid,3,3,15,0.50,true,0.13987,0.00388,0.06703,1.92715,0.00434,0.5704,0.1337,0.6059,0.02424,0.00407
10,mid,3,3,15,0.60,true,0.13950,0.00387,0.09070,1.95120,0.00449,0.6455,0.0933,0.6847,0.04829,0.00456
10,mid,3,3,15,0.70,true,0.13350,0.00380,0.11769,1.98419,0.00458,0.7205,0.0630,0.7652,0.08128,0.00486
10,mid,3,3,15,0.80,true,0.12775,0.00373,0.14811,2.02037,0.00467,0.8004,0.0413,0.8509,0.11746,0.00512
10,mid,3,3,15,0.90,true,0.12387,0.00368,0.18250,2.05863,0.00480,0.8878,0.0258,0.9437,0.15572,0.00534
10,mid,3,3,15,1.00,true,0.11900,0.00362,0.21779,2.09881,0.00489,0.9757,0.0159,1.0358,0.19590,0.00551
10,mid,3,3,15,1.10,true,0.11125,0.00352,0.25502,2.14379,0.00493,1.0658,0.0097,1.1291,0.24089,0.00558
10,mid,3,3,15,1.20,true,0.10437,0.00342,0.29212,2.18778,0.00495,1.1575,0.0063,1.2228,0.28487,0.00566
10,mid,3,3,20,0.00,true,0.05625,0.00258,0.04507,1.98882,0.00286,0.3300,0.5387,0.5307,0.00358,0.00356
10,mid,3,3,20,0.10,true,0.06400,0.00274,0.04933,1.98533,0.00305,0.4262,0.4574,0.5417,0.00008,0.00249
10,mid,3,3,20,0.20,true,0.07300,0.00291,0.05824,1.98524,0.00329,0.4846,0.3813,0.5695,0.00000,0.00000
10,mid,3,3,20,0.30,true,0.07800,0.00300,0.07142,1.99342,0.00347,0.5454,0.3198,0.6091,0.00818,0.00235
10,mid,3,3,20,0.40,true,0.08088,0.00305,0.08796,2.00709,0.00364,0.6007,0.2589,0.6572,0.02185,0.00316
10,mid,3,3,20,0.50,true,0.08150,0.00306,0.10853,2.02704,0.00378,0.6603,0.2035,0.7161,0.04179,0.00370
10,mid,3,3,20,0.60,true,0.08200,0.00307,0.13197,2.04998,0.00393,0.7258,0.1608,0.7816,0.06473,0.00407
10,mid,3,3,20,0.70,true,0.08088,0.00305,0.15894,2.07808,0.00406,0.7938,0.1223,0.8544,0.09283,0.00430
10,mid,3,3,20,0.80,true,0.07875,0.00301,0.18743,2.10870,0.00417,0.8642,0.0929,0.9299,0.12346,0.00446
10,mid,3,3,20,0.90,true,0.07600,0.00296,0.21840,2.14243,0.00426,0.9420,0.0712,1.0116,0.15719,0.00464
10,mid,3,3,20,1.00,true,0.07325,0.00291,0.25056,2.17736,0.00433,1.0214,0.0530,1.0964,0.19211,0.00476
10,mid,3,3,20,1.10,true,0.07137,0.00288,0.28359,2.21228,0.00441,1.1056,0.0394,1.1856,0.22703,0.00490
10,mid,3,3,20,1.20,true,0.06963,0.00285,0.31662,2.24708,0.00448,1.1909,0.0294,1.2753,0.26184,0.00502
10,mid,3,6,10,0.00,true,0.16987,0.00420,0.00089,1.83102,0.00420,0.1953,0.5620,0.2483,0.06078,0.00372
10,mid,3,6,10,0.10,true,0.20175,0.00449,0.00101,1.79926,0.00449,0.2457,0.4040,0.2679,0.02901,0.00306
10,mid,3,6,10,0.20,true,0.22300,0.00465,0.00204,1.77904,0.00467,0.3026,0.2566,0.3145,0.00880,0.00211
10,mid,3,6,10,0.30,true,0.23425,0.00474,0.00449,1.77024,0.00477,0.3694,0.1440,0.3826,0.00000,0.00000
10,mid,3,6,10,0.40,true,0.23538,0.00474,0.00883,1.77345,0.00480,0.4449,0.0739,0.4632,0.00321,0.00187
10,mid,3,6,10,0.50,true,0.22687,0.00468,0.01621,1.78934,0.00479,0.5330,0.0362,0.5542,0.01909,0.00245
10,mid,3,6,10,0.60,true,0.21375,0.00458,0.02708,1.81333,0.00477,0.6249,0.0176,0.6477,0.04309,0.00285
10,mid,3,6,10,0.70,true,0.20312,0.00450,0.04180,1.83867,0.00478,0.7189,0.0074,0.7430,0.06843,0.00310
10,mid,3,6,10,0.80,true,0.18488,0.00434,0.06274,1.87787,0.00474,0.8237,0.0038,0.8466,0.10763,0.00344
10,mid,3,6,10,0.90,true,0.16925,0.00419,0.08670,1.91745,0.00473,0.9214,0.0023,0.9433,0.14721,0.00373
10,mid,3,6,10,1.00,true,0.15575,0.00405,0.11522,1.95948,0.00474,1.0214,0.0009,1.0430,0.18924,0.00400
10,mid,3,6,10,1.10,true,0.14113,0.00389,0.14671,2.00559,0.00472,1.1190,0.0001,1.1403,0.23535,0.00425
10,mid,3,6,10,1.20,true,0.12650,0.00372,0.18329,2.05680,0.00469,1.2241,0.0000,1.2447,0.28656,0.00450
10,mid,3,6,15,0.00,true,0.08200,0.00307,0.00978,1.92778,0.00312,0.2803,0.5313,0.3791,0.01902,0.00231
10,mid,3,6,15,0.10,true,0.09550,0.00329,0.01002,1.91452,0.00334,0.3285,0.4205,0.3978,0.00575,0.00158
10,mid,3,6,15,0.20,true,0.10387,0.00341,0.01264,1.90876,0.00348,0.3822,0.3197,0.4330,0.00000,0.00000
10,mid,3,6,15,0.30,true,0.10862,0.00348,0.01795,1.90933,0.00358,0.4443,0.2352,0.4841,0.00056,0.00148
10,mid,3,6,15,0.40,true,0.11213,0.00353,0.02624,1.91412,0.00368,0.5095,0.1604,0.5492,0.00536,0.00206
10,mid,3,6,15,0.50,true,0.11325,0.00354,0.03777,1.92452,0.00376,0.5858,0.1102,0.6248,0.01575,0.00247
10,mid,3,6,15,0.60,true,0.10862,0.00348,0.05275,1.94413,0.00379,0.6645,0.0733,0.7054,0.03537,0.00276
10,mid,3,6,15,0.70,true,0.10450,0.00342,0.07186,1.96736,0.00384,0.7501,0.0452,0.7948,0.05860,0.00304
10,mid,3,6,15,0.80,true,0.09650,0.00330,0.09435,1.99785,0.00384,0.8399,0.0297,0.8851,0.08909,0.00325
10,mid,3,6,15,0.90,true,0.08900,0.00318,0.12000,2.03100,0.00384,0.9301,0.0180,0.9771,0.12224,0.00346
10,mid,3,6,15,1.00,true,0.08300,0.00308,0.14866,2.06567,0.00387,1.0255,0.0121,1.0719,0.15691,0.00360
10,mid,3,6,15,1.10,true,0.07562,0.00296,0.18074,2.10513,0.00387,1.1248,0.0080,1.1708,0.19637,0.00380
10,mid,3,6,15,1.20,true,0.06675,0.00279,0.21344,2.14672,0.00381,1.2187,0.0044,1.2654,0.23795,0.00397
10,mid,3,6,20,0.00,true,0.04963,0.00243,0.03994,1.99032,0.00266,0.3733,0.5177,0.5333,0.00638,0.00124
10,mid,3,6,20,0.10,true,0.05688,0.00259,0.04081,1.98393,0.00282,0.4187,0.4353,0.5509,0.00000,0.00000
10,mid,3,6,20,0.20,true,0.05900,0.00263,0.04502,1.98602,0.00289,0.4713,0.3588,0.5804,0.00209,0.00120
10,mid,3,6,20,0.30,true,0.06275,0.00271,0.05241,1.98967,0.00302,0.5266,0.2858,0.6234,0.00573,0.00169
10,mid,3,6,20,0.40,true,0.06313,0.00272,0.06303,1.99991,0.00309,0.5853,0.2213,0.6762,0.01597,0.00204
10,mid,3,6,20,0.50,true,0.06475,0.00275,0.07701,2.01226,0.00321,0.6537,0.1711,0.7398,0.02832,0.00235
10,mid,3,6,20,0.60,true,0.06375,0.00273,0.09400,2.03025,0.00328,0.7256,0.1307,0.8094,0.04632,0.00257
10,mid,3,6,20,0.70,true,0.06137,0.00268,0.11403,2.05266,0.00334,0.7997,0.0954,0.8858,0.06872,0.00281
10,mid,3,6,20,0.80,true,0.05775,0.00261,0.13702,2.07928,0.00338,0.8806,0.0696,0.9676,0.09535,0.00302
10,mid,3,6,20,0.90,true,0.05425,0.00253,0.16226,2.10803,0.00342,0.9638,0.0500,1.0528,0.12410,0.00322
10,mid,3,6,20,1.00,true,0.04988,0.00243,0.19040,2.14055,0.00344,1.0528,0.0351,1.1433,0.15662,0.00341
10,mid,3,6,20,1.10,true,0.04550,0.00233,0.21916,2.17370,0.00344,1.1413,0.0251,1.2325,0.18977,0.00355
10,mid,3,6,20,1.20,true,0.04113,0.00222,0.24960,2.20853,0.00342,1.2322,0.0162,1.3257,0.22460,0.00369
10,high,3,12,10,0.00,true,0.19037,0.00439,0.00256,1.81218,0.00441,0.2122,0.5941,0.2548,0.05788,0.00413
10,high,3,12,10,0.10,true,0.23012,0.00471,0.00502,1.77490,0.00474,0.2602,0.4400,0.2717,0.02060,0.00336
10,high,3,12,10,0.20,true,0.25538,0.00488,0.01057,1.75520,0.00496,0.3176,0.3000,0.3144,0.00090,0.00228
10,high,3,12,10,0.30,true,0.26663,0.00494,0.02093,1.75430,0.00512,0.3861,0.1904,0.3793,0.00000,0.00000
10,high,3,12,10,0.40,true,0.27075,0.00497,0.03693,1.76618,0.00528,0.4626,0.1142,0.4591,0.01188,0.00196
10,high,3,12,10,0.50,true,0.26675,0.00494,0.05779,1.79104,0.00543,0.5370,0.0597,0.5431,0.03674,0.00266
10,high,3,12,10,0.60,true,0.25800,0.00489,0.08454,1.82654,0.00558,0.6219,0.0318,0.6327,0.07224,0.00314
10,high,3,12,10,0.70,true,0.24825,0.00483,0.11712,1.86887,0.00576,0.7128,0.0156,0.7273,0.11457,0.00349
10,high,3,12,10,0.80,true,0.23900,0.00477,0.15608,1.91708,0.00595,0.8155,0.0080,0.8311,0.16278,0.00384
10,high,3,12,10,0.90,true,0.22825,0.00469,0.19242,1.96418,0.00609,0.9045,0.0047,0.9205,0.20988,0.00412
10,high,3,12,10,1.00,true,0.21875,0.00462,0.23377,2.01504,0.00624,1.0037,0.0019,1.0206,0.26074,0.00442
10,high,3,12,10,1.10,true,0.20675,0.00453,0.27555,2.06882,0.00634,1.1020,0.0008,1.1189,0.31452,0.00467
10,high,3,12,10,1.20,true,0.19800,0.00446,0.31589,2.11792,0.00644,1.2011,0.0003,1.2178,0.36362,0.00487
10,high,3,12,15,0.00,true,0.09825,0.00333,0.01862,1.92037,0.00344,0.3127,0.5499,0.3883,0.00770,0.00186
10,high,3,12,15,0.10,true,0.11250,0.00353,0.02517,1.91267,0.00370,0.3604,0.4504,0.4045,0.00000,0.00000
10,high,3,12,15,0.20,true,0.12312,0.00367,0.03619,1.91307,0.00392,0.4131,0.3560,0.4366,0.00040,0.00167
10,high,3,12,15,0.30,true,0.13112,0.00377,0.05182,1.92069,0.00414,0.4678,0.2677,0.4839,0.00802,0.00231
10,high,3,12,15,0.40,true,0.13362,0.00380,0.07336,1.93974,0.00433,0.5368,0.1991,0.5463,0.02706,0.00279
10,high,3,12,15,0.50,true,0.13612,0.00383,0.09942,1.96330,0.00454,0.6049,0.1364,0.6197,0.05062,0.00319
10,high,3,12,15,0.60,true,0.13537,0.00383,0.12674,1.99137,0.00471,0.6729,0.0953,0.6928,0.07870,0.00352
10,high,3,12,15,0.70,true,0.13150,0.00378,0.16039,2.02890,0.00485,0.7584,0.0694,0.7781,0.11622,0.00385
10,high,3,12,15,0.80,true,0.12737,0.00373,0.19919,2.07183,0.00500,0.8494,0.0464,0.8730,0.15916,0.00415
10,high,3,12,15,0.90,true,0.12212,0.00366,0.23443,2.11233,0.00510,0.9304,0.0327,0.9568,0.19965,0.00431
10,high,3,12,15,1.00,true,0.11875,0.00362,0.27324,2.15453,0.00521,1.0222,0.0226,1.0510,0.24186,0.00449
10,high,3,12,15,1.10,true,0.11575,0.00358,0.31199,2.19630,0.00531,1.1137,0.0137,1.1465,0.28362,0.00465
10,high,3,12,15,1.20,true,0.11238,0.00353,0.35088,2.23859,0.00539,1.2086,0.0079,1.2442,0.32592,0.00478
10,high,3,12,20,0.00,true,0.06037,0.00266,0.05886,1.99849,0.00303,0.4122,0.5359,0.5468,0.00000,0.00000
10,high,3,12,20,0.10,true,0.06613,0.00278,0.06760,2.00147,0.00322,0.4540,0.4592,0.5607,0.00298,0.00129
10,high,3,12,20,0.20,true,0.07025,0.00286,0.08122,2.01097,0.00340,0.5075,0.3904,0.5873,0.01248,0.00179
10,high,3,12,20,0.30,true,0.07487,0.00294,0.09913,2.02427,0.00361,0.5624,0.3236,0.6263,0.02578,0.00227
10,high,3,12,20,0.40,true,0.07625,0.00297,0.12139,2.04515,0.00379,0.6215,0.2629,0.6754,0.04666,0.00264
10,high,3,12,20,0.50,true,0.07812,0.00300,0.14680,2.06869,0.00398,0.6828,0.2098,0.7334,0.07020,0.00299
10,high,3,12,20,0.60,true,0.07863,0.00301,0.17562,2.09702,0.00415,0.7519,0.1667,0.7996,0.09853,0.00329
10,high,3,12,20,0.70,true,0.07700,0.00298,0.20536,2.12839,0.00427,0.8212,0.1339,0.8677,0.12990,0.00352
10,high,3,12,20,0.80,true,0.07675,0.00298,0.23815,2.16144,0.00442,0.8962,0.1038,0.9453,0.16295,0.00375
10,high,3,12,20,0.90,true,0.07375,0.00292,0.27244,2.19875,0.00450,0.9710,0.0771,1.0262,0.20026,0.00396
10,high,3,12,20,1.00,true,0.07225,0.00289,0.30768,2.23552,0.00459,1.0526,0.0567,1.1127,0.23703,0.00417
10,high,3,12,20,1.10,true,0.07050,0.00286,0.34266,2.27229,0.00466,1.1348,0.0401,1.2008,0.27380,0.00430
10,high,3,12,20,1.20,true,0.06800,0.00281,0.37786,2.31003,0.00470,1.2251,0.0310,1.2917,0.31155,0.00442
10,high,3,3,10,0.00,true,0.13600,0.00383,0.00538,1.86938,0.00386,0.1596,0.5745,0.2784,0.04668,0.00530
10,high,3,3,10,0.10,true,0.16725,0.00417,0.00763,1.84038,0.00422,0.2521,0.4179,0.2957,0.01769,0.00423
10,high,3,3,10,0.20,true,0.19087,0.00439,0.01367,1.82280,0.00449,0.3107,0.2900,0.3379,0.00010,0.00301
10,high,3,3,10,0.30,true,0.20237,0.00449,0.02507,1.82270,0.00468,0.3780,0.1917,0.4004,0.00000,0.00000
10,high,3,3,10,0.40,true,0.20488,0.00451,0.04288,1.83800,0.00483,0.4503,0.1154,0.4771,0.01530,0.00290
10,high,3,3,10,0.50,true,0.20087,0.00448,0.06531,1.86444,0.00496,0.5241,0.0718,0.5551,0.04174,0.00363
10,high,3,3,10,0.60,true,0.19825,0.00446,0.09405,1.89581,0.00514,0.6057,0.0396,0.6436,0.07311,0.00425
10,high,3,3,10,0.70,true,0.18887,0.00438,0.12770,1.93883,0.00527,0.6906,0.0220,0.7326,0.11613,0.00469
10,high,3,3,10,0.80,true,0.17988,0.00429,0.16909,1.98924,0.00542,0.7902,0.0133,0.8342,0.16654,0.00505
10,high,3,3,10,0.90,true,0.17300,0.00423,0.20691,2.03394,0.00555,0.8751,0.0065,0.9234,0.21125,0.00539
10,high,3,3,10,1.00,true,0.16700,0.00417,0.24779,2.08084,0.00569,0.9682,0.0029,1.0193,0.25814,0.00569
10,high,3,3,10,1.10,true,0.15712,0.00407,0.28963,2.13258,0.00575,1.0619,0.0016,1.1146,0.30989,0.00588
10,high,3,3,10,1.20,true,0.14963,0.00399,0.33077,2.18126,0.00581,1.1568,0.0006,1.2117,0.35856,0.00605
10,high,3,3,15,0.00,true,0.07262,0.00290,0.03541,1.96278,0.00312,0.2789,0.5516,0.4423,0.00528,0.00307
10,high,3,3,15,0.10,true,0.08388,0.00310,0.04137,1.95750,0.00336,0.3719,0.4548,0.4561,0.00000,0.00000
10,high,3,3,15,0.20,true,0.09225,0.00324,0.05234,1.96009,0.00358,0.4228,0.3613,0.4873,0.00259,0.00261
10,high,3,3,15,0.30,true,0.10225,0.00339,0.06737,1.96512,0.00385,0.4781,0.2870,0.5306,0.00762,0.00352
10,high,3,3,15,0.40,true,0.10487,0.00343,0.08775,1.98288,0.00403,0.5374,0.2199,0.5862,0.02538,0.00409
10,high,3,3,15,0.50,true,0.10637,0.00345,0.11267,2.00630,0.00421,0.6019,0.1648,0.6518,0.04881,0.00451
10,high,3,3,15,0.60,true,0.10412,0.00341,0.14253,2.03843,0.00436,0.6745,0.1231,0.7261,0.08093,0.00477
10,high,3,3,15,0.70,true,0.10200,0.00338,0.17401,2.07204,0.00450,0.7454,0.0894,0.8027,0.11454,0.00500
10,high,3,3,15,0.80,true,0.09800,0.00332,0.20883,2.11088,0.00460,0.8225,0.0635,0.8861,0.15338,0.00518
10,high,3,3,15,0.90,true,0.09287,0.00325,0.24652,2.15372,0.00468,0.9043,0.0433,0.9745,0.19622,0.00534
10,high,3,3,15,1.00,true,0.08950,0.00319,0.28327,2.19388,0.00476,0.9868,0.0299,1.0622,0.23638,0.00548
10,high,3,3,15,1.10,true,0.08575,0.00313,0.32123,2.23565,0.00482,1.0741,0.0205,1.1540,0.27815,0.00556
10,high,3,3,15,1.20,true,0.07950,0.00302,0.35969,2.28043,0.00480,1.1625,0.0126,1.2476,0.32293,0.00559
10,high,3,3,20,0.00,true,0.04462,0.00231,0.09796,2.05335,0.00296,0.4269,0.5336,0.6313,0.00000,0.00000
10,high,3,3,20,0.10,true,0.04788,0.00239,0.10591,2.05805,0.00310,0.5127,0.4705,0.6448,0.00470,0.00277
10,high,3,3,20,0.20,true,0.05738,0.00260,0.11796,2.06060,0.00339,0.5621,0.4051,0.6724,0.00725,0.00346
10,high,3,3,20,0.30,true,0.05912,0.00264,0.13365,2.07455,0.00353,0.6136,0.3495,0.7069,0.02121,0.00379
10,high,3,3,20,0.40,true,0.05850,0.00262,0.15399,2.09553,0.00365,0.6666,0.2941,0.7521,0.04218,0.00394
10,high,3,3,20,0.50,true,0.06037,0.00266,0.17766,2.11734,0.00383,0.7241,0.2436,0.8076,0.06399,0.00419
10,high,3,3,20,0.60,true,0.06000,0.00266,0.20295,2.14303,0.00396,0.7818,0.1999,0.8669,0.08968,0.00438
10,high,3,3,20,0.70,true,0.05763,0.00261,0.23147,2.17395,0.00404,0.8442,0.1609,0.9333,0.12061,0.00453
10,high,3,3,20,0.80,true,0.05738,0.00260,0.26062,2.20340,0.00416,0.9090,0.1278,1.0049,0.15005,0.00471
10,high,3,3,20,0.90,true,0.05588,0.00257,0.29125,2.23559,0.00424,0.9793,0.1018,1.0807,0.18224,0.00486
10,high,3,3,20,1.00,true,0.05337,0.00251,0.32349,2.27040,0.00429,1.0549,0.0805,1.1618,0.21705,0.00495
10,high,3,3,20,1.10,true,0.05387,0.00252,0.35512,2.30162,0.00438,1.1321,0.0622,1.2468,0.24828,0.00510
10,high,3,3,20,1.20,true,0.05162,0.00247,0.38689,2.33576,0.00440,1.2136,0.0502,1.3322,0.28241,0.00517
10,high,3,6,10,0.00,true,0.13825,0.00386,0.00374,1.86549,0.00388,0.2139,0.5516,0.2807,0.03566,0.00293
10,high,3,6,10,0.10,true,0.16150,0.00411,0.00413,1.84263,0.00414,0.2624,0.4074,0.3000,0.01281,0.00214
10,high,3,6,10,0.20,true,0.17700,0.00427,0.00683,1.82983,0.00431,0.3183,0.2738,0.3438,0.00000,0.00000
10,high,3,6,10,0.30,true,0.18125,0.00431,0.01244,1.83119,0.00439,0.3831,0.1672,0.4072,0.00136,0.00194
10,high,3,6,10,0.40,true,0.18625,0.00435,0.02139,1.83514,0.00449,0.4566,0.0951,0.4847,0.00531,0.00258
10,high,3,6,10,0.50,true,0.17675,0.00426,0.03518,1.85843,0.00449,0.5409,0.0513,0.5718,0.02860,0.00298
10,high,3,6,10,0.60,true,0.16900,0.00419,0.05327,1.88427,0.00453,0.6297,0.0274,0.6628,0.05444,0.00328
10,high,3,6,10,0.70,true,0.15800,0.00408,0.07622,1.91823,0.00456,0.7220,0.0145,0.7561,0.08840,0.00354
10,high,3,6,10,0.80,true,0.14725,0.00396,0.10615,1.95891,0.00461,0.8252,0.0063,0.8602,0.12908,0.00383
10,high,3,6,10,0.90,true,0.13475,0.00382,0.13796,2.00323,0.00462,0.9229,0.0039,0.9567,0.17341,0.00411
10,high,3,6,10,1.00,true,0.12200,0.00366,0.17324,2.05127,0.00461,1.0209,0.0023,1.0539,0.22144,0.00433
10,high,3,6,10,1.10,true,0.11438,0.00356,0.20954,2.09523,0.00466,1.1178,0.0008,1.1509,0.26540,0.00453
10,high,3,6,10,1.20,true,0.10088,0.00337,0.25098,2.15020,0.00459,1.2222,0.0006,1.2544,0.32037,0.00473
10,high,3,6,15,0.00,true,0.06400,0.00274,0.03071,1.96671,0.00291,0.3084,0.5258,0.4421,0.00926,0.00159
10,high,3,6,15,0.10,true,0.07425,0.00293,0.03171,1.95746,0.00311,0.3556,0.4247,0.4620,0.00000,0.00000
10,high,3,6,15,0.20,true,0.07863,0.00301,0.03685,1.95823,0.00322,0.4090,0.3339,0.4958,0.00077,0.00137
10,high,3,6,15,0.30,true,0.08200,0.00307,0.04623,1.96424,0.00334,0.4691,0.2535,0.5446,0.00678,0.00193
10,high,3,6,15,0.40,true,0.08063,0.00304,0.06007,1.97945,0.00340,0.5348,0.1869,0.6048,0.02199,0.00237
10,high,3,6,15,0.50,true,0.08225,0.00307,0.07789,1.99564,0.00353,0.6064,0.1332,0.6761,0.03819,0.00274
10,high,3,6,15,0.60,true,0.08150,0.00306,0.09927,2.01778,0.00364,0.6809,0.0934,0.7527,0.06032,0.00299
10,high,3,6,15,0.70,true,0.07800,0.00300,0.12510,2.04713,0.00371,0.7638,0.0641,0.8371,0.08967,0.00323
10,high,3,6,15,0.80,true,0.07337,0.00292,0.15399,2.08065,0.00377,0.8486,0.0426,0.9245,0.12320,0.00345
10,high,3,6,15,0.90,true,0.06900,0.00283,0.18479,2.11585,0.00382,0.9366,0.0295,1.0130,0.15840,0.00361
10,high,3,6,15,1.00,true,0.06300,0.00272,0.21867,2.15575,0.00383,1.0283,0.0189,1.1063,0.19830,0.00379
10,high,3,6,15,1.10,true,0.05613,0.00257,0.25476,2.19877,0.00379,1.1254,0.0132,1.2026,0.24131,0.00396
10,high,3,6,15,1.20,true,0.05013,0.00244,0.28986,2.23992,0.00375,1.2194,0.0099,1.2956,0.28246,0.00410
10,high,3,6,20,0.00,true,0.03463,0.00204,0.09884,2.06422,0.00268,0.4080,0.5166,0.6351,0.00381,0.00113
10,high,3,6,20,0.10,true,0.04075,0.00221,0.10115,2.06041,0.00285,0.4522,0.4403,0.6550,0.00000,0.00000
10,high,3,6,20,0.20,true,0.04288,0.00226,0.10761,2.06475,0.00294,0.5037,0.3713,0.6844,0.00434,0.00094
10,high,3,6,20,0.30,true,0.04350,0.00228,0.11817,2.07469,0.00302,0.5582,0.3054,0.7245,0.01428,0.00139
10,high,3,6,20,0.40,true,0.04437,0.00230,0.13264,2.08829,0.00312,0.6185,0.2477,0.7755,0.02789,0.00182
10,high,3,6,20,0.50,true,0.04500,0.00232,0.15044,2.10548,0.00323,0.6814,0.1963,0.8344,0.04508,0.00210
10,high,3,6,20,0.60,true,0.04525,0.00232,0.17140,2.12621,0.00334,0.7503,0.1548,0.9010,0.06580,0.00239
10,high,3,6,20,0.70,true,0.04425,0.00230,0.19526,2.15109,0.00342,0.8249,0.1219,0.9736,0.09069,0.00264
10,high,3,6,20,0.80,true,0.04213,0.00225,0.22153,2.17952,0.00347,0.9000,0.0916,1.0515,0.11911,0.00289
10,high,3,6,20,0.90,true,0.04000,0.00219,0.24969,2.20984,0.00351,0.9799,0.0688,1.1335,0.14944,0.00313
10,high,3,6,20,1.00,true,0.03637,0.00209,0.27982,2.24366,0.00351,1.0660,0.0525,1.2195,0.18325,0.00331
10,high,3,6,20,1.10,true,0.03263,0.00199,0.31008,2.27774,0.00347,1.1509,0.0394,1.3056,0.21733,0.00347
10,high,3,6,20,1.20,true,0.02875,0.00187,0.34152,2.31313,0.00342,1.2385,0.0277,1.3961,0.25273,0.00363
10,hcp30,3,12,10,0.00,true,0.17300,0.00423,0.08216,1.90971,0.00486,0.4174,0.5919,0.4421,0.00852,0.00314
10,hcp30,3,12,10,0.10,true,0.18925,0.00438,0.09136,1.90278,0.00512,0.4713,0.5137,0.4574,0.00159,0.00216
10,hcp30,3,12,10,0.20,true,0.20575,0.00452,0.10604,1.90119,0.00542,0.5304,0.4389,0.4883,0.00000,0.00000
10,hcp30,3,12,10,0.30,true,0.22000,0.00463,0.12577,1.90703,0.00573,0.5929,0.3663,0.5340,0.00584,0.00222
10,hcp30,3,12,10,0.40,true,0.22950,0.00470,0.14979,1.92206,0.00603,0.6628,0.3047,0.5917,0.02087,0.00310
10,hcp30,3,12,10,0.50,true,0.23563,0.00474,0.17552,1.94230,0.00630,0.7307,0.2528,0.6550,0.04111,0.00371
10,hcp30,3,12,10,0.60,true,0.23800,0.00476,0.20364,1.96888,0.00654,0.8036,0.2090,0.7261,0.06769,0.00426
10,hcp30,3,12,10,0.70,true,0.23800,0.00476,0.23466,2.00098,0.00678,0.8825,0.1703,0.8071,0.09979,0.00480
10,hcp30,3,12,10,0.80,true,0.23775,0.00476,0.26830,2.03625,0.00701,0.9681,0.1350,0.8989,0.13506,0.00529
10,hcp30,3,12,10,0.90,true,0.23625,0.00475,0.29743,2.06830,0.00719,1.0447,0.1105,0.9814,0.16712,0.00564
10,hcp30,3,12,10,1.00,true,0.23275,0.00472,0.32837,2.10450,0.00735,1.1261,0.0877,1.0713,0.20332,0.00593
10,hcp30,3,12,10,1.10,true,0.22787,0.00469,0.35980,2.14288,0.00748,1.2115,0.0685,1.1657,0.24169,0.00624
10,hcp30,3,12,10,1.20,true,0.22250,0.00465,0.39018,2.18098,0.00759,1.2982,0.0527,1.2616,0.27979,0.00651
10,hcp30,3,12,15,0.00,true,0.10013,0.00336,0.17947,2.08201,0.00463,0.6155,0.5515,0.6511,0.00008,0.00167
10,hcp30,3,12,15,0.10,true,0.11000,0.00350,0.18898,2.08192,0.00487,0.6714,0.5008,0.6690,0.00000,0.00000
10,hcp30,3,12,15,0.20,true,0.11588,0.00358,0.20241,2.08995,0.00507,0.7295,0.4506,0.6958,0.00803,0.00169
10,hcp30,3,12,15,0.30,true,0.12050,0.00364,0.21845,2.10199,0.00526,0.7812,0.3985,0.7304,0.02007,0.00243
10,hcp30,3,12,15,0.40,true,0.12500,0.00370,0.23829,2.11822,0.00547,0.8511,0.3564,0.7761,0.03629,0.00301
10,hcp30,3,12,15,0.50,true,0.12950,0.00375,0.26037,2.13692,0.00569,0.9156,0.3113,0.8311,0.05500,0.00358
10,hcp30,3,12,15,0.60,true,0.13087,0.00377,0.28182,2.15821,0.00585,0.9741,0.2737,0.8856,0.07629,0.00404
10,hcp30,3,12,15,0.70,true,0.13150,0.00378,0.30658,2.18387,0.00601,1.0479,0.2417,0.9512,0.10195,0.00449
10,hcp30,3,12,15,0.80,true,0.13275,0.00379,0.33319,2.21109,0.00617,1.1242,0.2091,1.0260,0.12917,0.00490
10,hcp30,3,12,15,0.90,true,0.13050,0.00377,0.35758,2.23962,0.00627,1.1937,0.1847,1.0950,0.15769,0.00523
10,hcp30,3,12,15,1.00,true,0.13012,0.00376,0.38353,2.26821,0.00639,1.2694,0.1595,1.1747,0.18629,0.00556
10,hcp30,3,12,15,1.10,true,0.12950,0.00375,0.40873,2.29650,0.00649,1.3425,0.1358,1.2559,0.21458,0.00582
10,hcp30,3,12,15,1.20,true,0.12725,0.00373,0.43448,2.32724,0.00656,1.4224,0.1173,1.3407,0.24532,0.00605
10,hcp30,3,12,20,0.00,true,0.07100,0.00287,0.27786,2.21373,0.00468,0.8147,0.5348,0.8748,0.00000,0.00000
10,hcp30,3,12,20,0.10,true,0.07475,0.00294,0.28572,2.21826,0.00481,0.8651,0.4959,0.8909,0.00453,0.00128
10,hcp30,3,12,20,0.20,true,0.07775,0.00299,0.29604,2.22623,0.00494,0.9202,0.4578,0.9143,0.01250,0.00188
10,hcp30,3,12,20,0.30,true,0.08050,0.00304,0.30858,2.23689,0.00507,0.9750,0.4190,0.9455,0.02316,0.00246
10,hcp30,3,12,20,0.40,true,0.08125,0.00305,0.32374,2.25242,0.00518,1.0408,0.3867,0.9832,0.03869,0.00300
10,hcp30,3,12,20,0.50,true,0.08113,0.00305,0.33979,2.26991,0.00528,1.0997,0.3538,1.0247,0.05618,0.00345
10,hcp30,3,12,20,0.60,true,0.08213,0.00307,0.35764,2.28838,0.00540,1.1648,0.3222,1.0752,0.07465,0.00391
10,hcp30,3,12,20,0.70,true,0.08163,0.00306,0.37593,2.30893,0.00548,1.2294,0.2947,1.1279,0.09520,0.00434
10,hcp30,3,12,20,0.80,true,0.08200,0.00307,0.39516,2.32984,0.00558,1.2982,0.2682,1.1877,0.11611,0.00472
10,hcp30,3,12,20,0.90,true,0.08213,0.00307,0.41438,2.35123,0.00568,1.3643,0.2420,1.2513,0.13750,0.00505
10,hcp30,3,12,20,1.00,true,0.08038,0.00304,0.43444,2.37561,0.00573,1.4327,0.2178,1.3184,0.16188,0.00535
10,hcp30,3,12,20,1.10,true,0.08150,0.00306,0.45402,2.39680,0.00584,1.5050,0.1957,1.3914,0.18308,0.00565
10,hcp30,3,12,20,1.20,true,0.07975,0.00303,0.47386,2.42142,0.00588,1.5802,0.1775,1.4649,0.20769,0.00588
10,hcp30,3,3,10,0.00,true,0.08550,0.00313,0.13257,2.04834,0.00406,0.2190,0.5506,0.4592,0.02841,0.00463
10,hcp30,3,3,10,0.10,true,0.11500,0.00357,0.13813,2.02454,0.00457,0.4208,0.4626,0.4788,0.00461,0.00320
10,hcp30,3,3,10,0.20,true,0.13275,0.00379,0.15096,2.01993,0.00492,0.4964,0.3975,0.5117,0.00000,0.00000
10,hcp30,3,3,10,0.30,true,0.14350,0.00392,0.17000,2.02872,0.00520,0.5612,0.3360,0.5562,0.00879,0.00300
10,hcp30,3,3,10,0.40,true,0.14950,0.00399,0.19638,2.04988,0.00546,0.6319,0.2794,0.6151,0.02994,0.00422
10,hcp30,3,3,10,0.50,true,0.15163,0.00401,0.22372,2.07605,0.00566,0.6984,0.2368,0.6751,0.05612,0.00499
10,hcp30,3,3,10,0.60,true,0.15438,0.00404,0.25452,2.10531,0.00589,0.7660,0.1941,0.7450,0.08538,0.00566
10,hcp30,3,3,10,0.70,true,0.15600,0.00406,0.28778,2.13850,0.00610,0.8405,0.1591,0.8224,0.11857,0.00615
10,hcp30,3,3,10,0.80,true,0.15538,0.00405,0.32372,2.17711,0.00630,0.9209,0.1267,0.9094,0.15718,0.00658
10,hcp30,3,3,10,0.90,true,0.15000,0.00399,0.35663,2.21752,0.00638,0.9947,0.1046,0.9888,0.19759,0.00688
10,hcp30,3,3,10,1.00,true,0.14900,0.00398,0.38856,2.25297,0.00652,1.0756,0.0861,1.0752,0.23304,0.00713
10,hcp30,3,3,10,1.10,true,0.14388,0.00392,0.42148,2.29395,0.00659,1.1572,0.0689,1.1648,0.27401,0.00733
10,hcp30,3,3,10,1.20,true,0.13962,0.00388,0.45350,2.33353,0.00665,1.2450,0.0568,1.2579,0.31360,0.00749
10,hcp30,3,3,15,0.00,true,0.05013,0.00244,0.25294,2.20798,0.00414,0.3208,0.5481,0.6856,0.00666,0.00321
10,hcp30,3,3,15,0.10,true,0.06263,0.00271,0.25855,2.20133,0.00443,0.5804,0.4745,0.7012,0.00000,0.00000
10,hcp30,3,3,15,0.20,true,0.06875,0.00283,0.27060,2.20781,0.00461,0.6720,0.4267,0.7297,0.00649,0.00273
10,hcp30,3,3,15,0.30,true,0.07550,0.00295,0.28564,2.21693,0.00482,0.7426,0.3806,0.7674,0.01560,0.00379
10,hcp30,3,3,15,0.40,true,0.07963,0.00303,0.30331,2.23152,0.00498,0.8096,0.3409,0.8112,0.03019,0.00446
10,hcp30,3,3,15,0.50,true,0.08238,0.00307,0.32421,2.25104,0.00513,0.8751,0.3020,0.8636,0.04971,0.00489
10,hcp30,3,3,15,0.60,true,0.08525,0.00312,0.34686,2.27247,0.00529,0.9421,0.2666,0.9226,0.07114,0.00530
10,hcp30,3,3,15,0.70,true,0.08350,0.00309,0.37169,2.30104,0.00536,1.0115,0.2362,0.9857,0.09972,0.00559
10,hcp30,3,3,15,0.80,true,0.08300,0.00308,0.39535,2.32746,0.00545,1.0771,0.2080,1.0509,0.12613,0.00582
10,hcp30,3,3,15,0.90,true,0.08325,0.00309,0.42118,2.35569,0.00555,1.1542,0.1845,1.1255,0.15436,0.00609
10,hcp30,3,3,15,1.00,true,0.08088,0.00305,0.44684,2.38661,0.00559,1.2204,0.1582,1.2000,0.18528,0.00630
10,hcp30,3,3,15,1.10,true,0.07913,0.00302,0.47169,2.41644,0.00564,1.2974,0.1405,1.2776,0.21512,0.00647
10,hcp30,3,3,15,1.20,true,0.07913,0.00302,0.49659,2.44489,0.00571,1.3752,0.1220,1.3615,0.24357,0.00664
10,hcp30,3,3,20,0.00,true,0.03812,0.00214,0.35528,2.32903,0.00433,0.4173,0.5353,0.9138,0.00000,0.00000
10,hcp30,3,3,20,0.10,true,0.03975,0.00218,0.36046,2.33295,0.00439,0.7203,0.4797,0.9252,0.00391,0.00305
10,hcp30,3,3,20,0.20,true,0.04263,0.00226,0.37118,2.34155,0.00449,0.8340,0.4391,0.9520,0.01252,0.00365
10,hcp30,3,3,20,0.30,true,0.04612,0.00235,0.38309,2.35095,0.00460,0.9093,0.4013,0.9847,0.02192,0.00405
10,hcp30,3,3,20,0.40,true,0.04750,0.00238,0.39746,2.36528,0.00468,0.9819,0.3688,1.0240,0.03624,0.00433
10,hcp30,3,3,20,0.50,true,0.05087,0.00246,0.41343,2.37947,0.00481,1.0501,0.3364,1.0714,0.05043,0.00467
10,hcp30,3,3,20,0.60,true,0.05087,0.00246,0.42954,2.39742,0.00486,1.1159,0.3096,1.1187,0.06838,0.00492
10,hcp30,3,3,20,0.70,true,0.04913,0.00242,0.44793,2.41982,0.00487,1.1839,0.2833,1.1730,0.09078,0.00512
10,hcp30,3,3,20,0.80,true,0.05050,0.00245,0.46587,2.43884,0.00496,1.2525,0.2593,1.2325,0.10981,0.00536
10,hcp30,3,3,20,0.90,true,0.05050,0.00245,0.48479,2.46058,0.00502,1.3215,0.2360,1.2963,0.13154,0.00558
10,hcp30,3,3,20,1.00,true,0.05050,0.00245,0.50403,2.48291,0.00507,1.3933,0.2155,1.3638,0.15388,0.00578
10,hcp30,3,3,20,1.10,true,0.05187,0.00248,0.52174,2.50251,0.00515,1.4653,0.1978,1.4328,0.17347,0.00599
10,hcp30,3,3,20,1.20,true,0.05175,0.00248,0.54113,2.52569,0.00519,1.5390,0.1795,1.5078,0.19666,0.00615
10,hcp30,3,6,10,0.00,true,0.12387,0.00368,0.09762,1.97438,0.00437,0.4210,0.5520,0.4589,0.00708,0.00200
10,hcp30,3,6,10,0.10,true,0.13450,0.00381,0.10106,1.96730,0.00453,0.4766,0.4754,0.4789,0.00000,0.00000
10,hcp30,3,6,10,0.20,true,0.14263,0.00391,0.11091,1.96927,0.00471,0.5368,0.4028,0.5133,0.00197,0.00190
10,hcp30,3,6,10,0.30,true,0.14463,0.00393,0.12674,1.98350,0.00485,0.6004,0.3352,0.5605,0.01620,0.00276
10,hcp30,3,6,10,0.40,true,0.14750,0.00396,0.14682,2.00126,0.00504,0.6677,0.2765,0.6189,0.03396,0.00343
10,hcp30,3,6,10,0.50,true,0.14575,0.00395,0.17171,2.02869,0.00519,0.7411,0.2248,0.6880,0.06139,0.00401
10,hcp30,3,6,10,0.60,true,0.14363,0.00392,0.19870,2.05879,0.00534,0.8141,0.1803,0.7631,0.09149,0.00449
10,hcp30,3,6,10,0.70,true,0.13937,0.00387,0.22788,2.09343,0.00545,0.8930,0.1463,0.8437,0.12613,0.00495
10,hcp30,3,6,10,0.80,true,0.13587,0.00383,0.26127,2.13191,0.00559,0.9795,0.1118,0.9388,0.16461,0.00542
10,hcp30,3,6,10,0.90,true,0.13012,0.00376,0.29310,2.17123,0.00567,1.0608,0.0862,1.0290,0.20393,0.00580
10,hcp30,3,6,10,1.00,true,0.12037,0.00364,0.32612,2.21605,0.00566,1.1465,0.0686,1.1200,0.24875,0.00609
10,hcp30,3,6,10,1.10,true,0.11288,0.00354,0.35790,2.25758,0.00567,1.2328,0.0545,1.2118,0.29028,0.00635
10,hcp30,3,6,10,1.20,true,0.10325,0.00340,0.39186,2.30387,0.00562,1.3269,0.0434,1.3104,0.33658,0.00656
10,hcp30,3,6,15,0.00,true,0.06025,0.00266,0.20921,2.15204,0.00402,0.6110,0.5223,0.6817,0.00000,0.00000
10,hcp30,3,6,15,0.10,true,0.06300,0.00272,0.21346,2.15383,0.00409,0.6626,0.4677,0.7018,0.00179,0.00147
10,hcp30,3,6,15,0.20,true,0.06775,0.00281,0.22128,2.15735,0.00422,0.7239,0.4212,0.7314,0.00531,0.00213
10,hcp30,3,6,15,0.30,true,0.07175,0.00289,0.23292,2.16565,0.00436,0.7862,0.3756,0.7703,0.01362,0.00267
10,hcp30,3,6,15,0.40,true,0.07325,0.00291,0.24789,2.18001,0.00448,0.8477,0.3305,0.8172,0.02797,0.00321
10,hcp30,3,6,15,0.50,true,0.07100,0.00287,0.26575,2.20121,0.00453,0.9124,0.2912,0.8693,0.04918,0.00366
10,hcp30,3,6,15,0.60,true,0.07075,0.00287,0.28533,2.22234,0.00462,0.9798,0.2554,0.9289,0.07030,0.00412
10,hcp30,3,6,15,0.70,true,0.06775,0.00281,0.30768,2.24929,0.00467,1.0533,0.2242,0.9951,0.09725,0.00454
10,hcp30,3,6,15,0.80,true,0.06500,0.00276,0.33108,2.27728,0.00472,1.1230,0.1930,1.0657,0.12524,0.00490
10,hcp30,3,6,15,0.90,true,0.06250,0.00271,0.35455,2.30527,0.00476,1.1966,0.1684,1.1389,0.15324,0.00521
10,hcp30,3,6,15,1.00,true,0.06000,0.00266,0.37930,2.33485,0.00479,1.2713,0.1436,1.2184,0.18281,0.00553
10,hcp30,3,6,15,1.10,true,0.05962,0.00265,0.40422,2.36275,0.00487,1.3569,0.1256,1.3041,0.21071,0.00584
10,hcp30,3,6,15,1.20,true,0.05688,0.00259,0.42828,2.39228,0.00487,1.4342,0.1083,1.3865,0.24025,0.00605
10,hcp30,3,6,20,0.00,true,0.03700,0.00211,0.31685,2.28780,0.00400,0.8107,0.5116,0.9126,0.00000,0.00000
10,hcp30,3,6,20,0.10,true,0.04075,0.00221,0.32051,2.28817,0.00410,0.8641,0.4724,0.9336,0.00037,0.00125
10,hcp30,3,6,20,0.20,true,0.04175,0.00224,0.32682,2.29415,0.00415,0.9187,0.4337,0.9599,0.00636,0.00179
10,hcp30,3,6,20,0.30,true,0.04288,0.00226,0.33541,2.30252,0.00421,0.9786,0.3985,0.9935,0.01473,0.00231
10,hcp30,3,6,20,0.40,true,0.04063,0.00221,0.34647,2.31696,0.00420,1.0367,0.3636,1.0317,0.02916,0.00280
10,hcp30,3,6,20,0.50,true,0.04088,0.00221,0.35889,2.33046,0.00425,1.0996,0.3330,1.0765,0.04267,0.00317
10,hcp30,3,6,20,0.60,true,0.04025,0.00220,0.37316,2.34694,0.00429,1.1595,0.3005,1.1274,0.05915,0.00358
10,hcp30,3,6,20,0.70,true,0.03875,0.00216,0.38869,2.36578,0.00431,1.2255,0.2724,1.1832,0.07798,0.00396
10,hcp30,3,6,20,0.80,true,0.03637,0.00209,0.40588,2.38742,0.00430,1.2917,0.2449,1.2444,0.09962,0.00436
10,hcp30,3,6,20,0.90,true,0.03600,0.00208,0.42313,2.40730,0.00435,1.3593,0.2198,1.3099,0.11950,0.00468
10,hcp30,3,6,20,1.00,true,0.03625,0.00209,0.44080,2.42725,0.00441,1.4347,0.1988,1.3807,0.13945,0.00496
10,hcp30,3,6,20,1.10,true,0.03488,0.00205,0.45839,2.44889,0.00442,1.5092,0.1813,1.4508,0.16109,0.00519
10,hcp30,3,6,20,1.20,true,0.03375,0.00202,0.47657,2.47114,0.00443,1.5799,0.1612,1.5258,0.18334,0.00541
10,tour,4,12,10,0.00,true,0.39487,0.00547,0.00003,1.60515,0.00547,0.1652,0.7191,0.1902,0.17652,0.00535
10,tour,4,12,10,0.10,true,0.49288,0.00559,0.00010,1.50722,0.00559,0.2127,0.5179,0.1999,0.07858,0.00429
10,tour,4,12,10,0.20,true,0.55250,0.00556,0.00038,1.44788,0.00556,0.2759,0.3059,0.2502,0.01924,0.00282
10,tour,4,12,10,0.30,true,0.57250,0.00553,0.00114,1.42864,0.00555,0.3454,0.1497,0.3272,0.00000,0.00000
10,tour,4,12,10,0.40,true,0.57288,0.00553,0.00283,1.42995,0.00557,0.4257,0.0670,0.4168,0.00132,0.00228
10,tour,4,12,10,0.50,true,0.56237,0.00555,0.00621,1.44384,0.00563,0.5163,0.0257,0.5152,0.01520,0.00296
10,tour,4,12,10,0.60,true,0.54900,0.00556,0.01200,1.46300,0.00572,0.6118,0.0091,0.6148,0.03436,0.00339
10,tour,4,12,10,0.70,true,0.53300,0.00558,0.02083,1.48783,0.00584,0.7081,0.0040,0.7121,0.05919,0.00367
10,tour,4,12,10,0.80,true,0.51663,0.00559,0.03317,1.51654,0.00599,0.8063,0.0016,0.8108,0.08790,0.00396
10,tour,4,12,10,0.90,true,0.50000,0.00559,0.04927,1.54927,0.00618,0.9055,0.0005,0.9101,0.12063,0.00426
10,tour,4,12,10,1.00,true,0.48700,0.00559,0.06795,1.58095,0.00637,1.0046,0.0000,1.0092,0.15231,0.00451
10,tour,4,12,10,1.10,true,0.47175,0.00558,0.08944,1.61769,0.00658,1.1042,0.0000,1.1085,0.18905,0.00480
10,tour,4,12,10,1.20,true,0.45887,0.00557,0.11305,1.65418,0.00679,1.2060,0.0000,1.2101,0.22554,0.00507
10,tour,4,12,15,0.00,true,0.25900,0.00490,0.00068,1.74168,0.00490,0.2479,0.6122,0.2733,0.09568,0.00468
10,tour,4,12,15,0.10,true,0.30438,0.00514,0.00135,1.69698,0.00516,0.2941,0.4778,0.2865,0.05098,0.00404
10,tour,4,12,15,0.20,true,0.33500,0.00528,0.00293,1.66793,0.00530,0.3514,0.3498,0.3234,0.02192,0.00327
10,tour,4,12,15,0.30,true,0.35575,0.00535,0.00589,1.65014,0.00541,0.4185,0.2361,0.3851,0.00414,0.00223
10,tour,4,12,15,0.40,true,0.36488,0.00538,0.01088,1.64600,0.00549,0.4905,0.1452,0.4633,0.00000,0.00000
10,tour,4,12,15,0.50,true,0.36612,0.00539,0.01767,1.65155,0.00556,0.5641,0.0903,0.5442,0.00555,0.00189
10,tour,4,12,15,0.60,true,0.36288,0.00538,0.02770,1.66483,0.00564,0.6460,0.0469,0.6376,0.01883,0.00257
10,tour,4,12,15,0.70,true,0.35537,0.00535,0.04125,1.68588,0.00574,0.7394,0.0281,0.7347,0.03988,0.00300
10,tour,4,12,15,0.80,true,0.34650,0.00532,0.05813,1.71163,0.00586,0.8335,0.0142,0.8343,0.06563,0.00338
10,tour,4,12,15,0.90,true,0.33763,0.00529,0.07793,1.74031,0.00599,0.9286,0.0072,0.9323,0.09431,0.00362
10,tour,4,12,15,1.00,true,0.32800,0.00525,0.10084,1.77284,0.00614,1.0263,0.0028,1.0323,0.12684,0.00390
10,tour,4,12,15,1.10,true,0.31712,0.00520,0.12605,1.80893,0.00628,1.1253,0.0015,1.1316,0.16293,0.00417
10,tour,4,12,15,1.20,true,0.30562,0.00515,0.15310,1.84748,0.00642,1.2239,0.0005,1.2305,0.20148,0.00441
10,tour,4,12,20,0.00,true,0.16800,0.00418,0.00341,1.83541,0.00420,0.3217,0.5813,0.3568,0.05644,0.00399
10,tour,4,12,20,0.10,true,0.19450,0.00443,0.00522,1.81072,0.00446,0.3679,0.4840,0.3679,0.03175,0.00346
10,tour,4,12,20,0.20,true,0.21713,0.00461,0.00845,1.79133,0.00467,0.4206,0.3824,0.3989,0.01236,0.00278
10,tour,4,12,20,0.30,true,0.23212,0.00472,0.01379,1.78167,0.00483,0.4802,0.2878,0.4478,0.00270,0.00189
10,tour,4,12,20,0.40,true,0.24213,0.00479,0.02109,1.77896,0.00496,0.5448,0.2136,0.5093,0.00000,0.00000
10,tour,4,12,20,0.50,true,0.24538,0.00481,0.03028,1.78490,0.00506,0.6063,0.1516,0.5772,0.00594,0.00175
10,tour,4,12,20,0.60,true,0.24550,0.00481,0.04280,1.79730,0.00516,0.6806,0.1045,0.6573,0.01834,0.00231
10,tour,4,12,20,0.70,true,0.24313,0.00480,0.05824,1.81511,0.00526,0.7630,0.0733,0.7440,0.03615,0.00274
10,tour,4,12,20,0.80,true,0.23975,0.00477,0.07655,1.83680,0.00538,0.8476,0.0490,0.8352,0.05783,0.00305
10,tour,4,12,20,0.90,true,0.23538,0.00474,0.09753,1.86216,0.00550,0.9339,0.0304,0.9290,0.08319,0.00331
10,tour,4,12,20,1.00,true,0.22962,0.00470,0.12102,1.89139,0.00562,1.0241,0.0185,1.0246,0.11243,0.00354
10,tour,4,12,20,1.10,true,0.22437,0.00466,0.14636,1.92198,0.00575,1.1176,0.0116,1.1213,0.14302,0.00375
10,tour,4,12,20,1.20,true,0.21975,0.00463,0.17319,1.95344,0.00588,1.2127,0.0066,1.2193,0.17448,0.00395
10,tour,4,3,10,0.00,true,0.16487,0.00415,0.00031,1.83544,0.00415,0.0817,0.5598,0.2091,0.13840,0.00575
10,tour,4,3,10,0.10,true,0.24113,0.00478,0.00043,1.75930,0.00479,0.1778,0.3622,0.2309,0.06227,0.00511
10,tour,4,3,10,0.20,true,0.27437,0.00499,0.00104,1.72667,0.00500,0.2468,0.2157,0.2814,0.02963,0.00404
10,tour,4,3,10,0.30,true,0.29525,0.00510,0.00281,1.70756,0.00512,0.3172,0.1194,0.3521,0.01052,0.00278
10,tour,4,3,10,0.40,true,0.30938,0.00517,0.00641,1.69703,0.00522,0.3882,0.0590,0.4290,0.00000,0.00000
10,tour,4,3,10,0.50,true,0.31412,0.00519,0.01304,1.69891,0.00530,0.4663,0.0262,0.5133,0.00188,0.00249
10,tour,4,3,10,0.60,true,0.31800,0.00521,0.02349,1.70549,0.00541,0.5505,0.0119,0.6014,0.00846,0.00348
10,tour,4,3,10,0.70,true,0.31988,0.00521,0.03852,1.71865,0.00554,0.6404,0.0057,0.6937,0.02161,0.00414
10,tour,4,3,10,0.80,true,0.31962,0.00521,0.05816,1.73853,0.00571,0.7327,0.0028,0.7896,0.04150,0.00475
10,tour,4,3,10,0.90,true,0.31500,0.00519,0.08105,1.76605,0.00587,0.8213,0.0011,0.8809,0.06901,0.00520
10,tour,4,3,10,1.00,true,0.31038,0.00517,0.10749,1.79711,0.00606,0.9127,0.0005,0.9754,0.10008,0.00562
10,tour,4,3,10,1.10,true,0.30388,0.00514,0.13717,1.83329,0.00624,1.0065,0.0004,1.0729,0.13626,0.00605
10,tour,4,3,10,1.20,true,0.29688,0.00511,0.16791,1.87104,0.00642,1.0989,0.0002,1.1692,0.17400,0.00639
10,tour,4,3,15,0.00,true,0.10050,0.00336,0.00395,1.90345,0.00338,0.1295,0.5340,0.3036,0.07031,0.00498
10,tour,4,3,15,0.10,true,0.13875,0.00386,0.00464,1.86589,0.00389,0.2371,0.3865,0.3222,0.03275,0.00458
10,tour,4,3,15,0.20,true,0.16350,0.00413,0.00684,1.84334,0.00418,0.3119,0.2736,0.3655,0.01020,0.00378
10,tour,4,3,15,0.30,true,0.17513,0.00425,0.01073,1.83560,0.00432,0.3730,0.1890,0.4197,0.00246,0.00264
10,tour,4,3,15,0.40,true,0.18413,0.00433,0.01727,1.83314,0.00445,0.4393,0.1278,0.4855,0.00000,0.00000
10,tour,4,3,15,0.50,true,0.18825,0.00437,0.02739,1.83914,0.00456,0.5099,0.0819,0.5608,0.00599,0.00259
10,tour,4,3,15,0.60,true,0.19087,0.00439,0.04144,1.85056,0.00469,0.5864,0.0518,0.6428,0.01742,0.00349
10,tour,4,3,15,0.70,true,0.19450,0.00443,0.05893,1.86443,0.00484,0.6654,0.0298,0.7282,0.03129,0.00418
10,tour,4,3,15,0.80,true,0.19437,0.00442,0.08053,1.88616,0.00499,0.7493,0.0180,0.8165,0.05301,0.00472
10,tour,4,3,15,0.90,true,0.19437,0.00442,0.10579,1.91141,0.00515,0.8359,0.0106,0.9081,0.07827,0.00516
10,tour,4,3,15,1.00,true,0.18987,0.00438,0.13365,1.94377,0.00528,0.9218,0.0060,0.9971,0.11063,0.00548
10,tour,4,3,15,1.10,true,0.18313,0.00432,0.16445,1.98133,0.00538,1.0103,0.0031,1.0894,0.14818,0.00575
10,tour,4,3,15,1.20,true,0.17838,0.00428,0.19662,2.01824,0.00550,1.1006,0.0014,1.1834,0.18510,0.00597
10,tour,4,3,20,0.00,true,0.07100,0.00287,0.01523,1.94423,0.00296,0.1795,0.5256,0.4086,0.03486,0.00408
10,tour,4,3,20,0.10,true,0.08750,0.00316,0.01641,1.92891,0.00326,0.2909,0.4178,0.4215,0.01954,0.00354
10,tour,4,3,20,0.20,true,0.10512,0.00343,0.01946,1.91434,0.00355,0.3707,0.3371,0.4532,0.00497,0.00259
10,tour,4,3,20,0.30,true,0.11550,0.00357,0.02487,1.90937,0.00373,0.4342,0.2620,0.4972,0.00000,0.00000
10,tour,4,3,20,0.40,true,0.11987,0.00363,0.03366,1.91378,0.00385,0.4999,0.2025,0.5530,0.00441,0.00254
10,tour,4,3,20,0.50,true,0.12450,0.00369,0.04537,1.92087,0.00399,0.5647,0.1541,0.6166,0.01150,0.00346
10,tour,4,3,20,0.60,true,0.12800,0.00374,0.06128,1.93328,0.00414,0.6327,0.1078,0.6913,0.02391,0.00406
10,tour,4,3,20,0.70,true,0.13200,0.00378,0.07961,1.94761,0.00431,0.6999,0.0716,0.7682,0.03824,0.00450
10,tour,4,3,20,0.80,true,0.13475,0.00382,0.10130,1.96655,0.00448,0.7778,0.0514,0.8504,0.05718,0.00485
10,tour,4,3,20,0.90,true,0.13562,0.00383,0.12584,1.99021,0.00463,0.8570,0.0351,0.9355,0.08085,0.00514
10,tour,4,3,20,1.00,true,0.13187,0.00378,0.15418,2.02231,0.00474,0.9419,0.0240,1.0252,0.11294,0.00533
10,tour,4,3,20,1.10,true,0.12950,0.00375,0.18355,2.05405,0.00485,1.0284,0.0174,1.1152,0.14468,0.00551
10,tour,4,3,20,1.20,true,0.12600,0.00371,0.21444,2.08845,0.00495,1.1163,0.0123,1.2071,0.17908,0.00567
10,tour,4,6,10,0.00,true,0.23613,0.00475,0.00007,1.76394,0.00475,0.1644,0.6058,0.2017,0.10050,0.00453
10,tour,4,6,10,0.10,true,0.29550,0.00510,0.00006,1.70456,0.00510,0.2103,0.4021,0.2202,0.04112,0.00361
10,tour,4,6,10,0.20,true,0.32975,0.00526,0.00015,1.67040,0.00526,0.2715,0.2245,0.2726,0.00696,0.00240
10,tour,4,6,10,0.30,true,0.33700,0.00528,0.00044,1.66344,0.00529,0.3458,0.1105,0.3482,0.00000,0.00000
10,tour,4,6,10,0.40,true,0.33137,0.00526,0.00110,1.66972,0.00527,0.4294,0.0445,0.4380,0.00629,0.00205
10,tour,4,6,10,0.50,true,0.31825,0.00521,0.00241,1.68416,0.00523,0.5220,0.0178,0.5331,0.02072,0.00265
10,tour,4,6,10,0.60,true,0.29950,0.00512,0.00479,1.70529,0.00516,0.6180,0.0059,0.6306,0.04185,0.00306
10,tour,4,6,10,0.70,true,0.28313,0.00504,0.00875,1.72563,0.00510,0.7154,0.0023,0.7276,0.06219,0.00335
10,tour,4,6,10,0.80,true,0.26238,0.00492,0.01517,1.75279,0.00503,0.8188,0.0008,0.8302,0.08936,0.00366
10,tour,4,6,10,0.90,true,0.24300,0.00480,0.02381,1.78081,0.00496,0.9155,0.0007,0.9258,0.11737,0.00392
10,tour,4,6,10,1.00,true,0.21875,0.00462,0.03677,1.81802,0.00486,1.0230,0.0002,1.0328,0.15458,0.00421
10,tour,4,6,10,1.10,true,0.19550,0.00443,0.05245,1.85695,0.00475,1.1248,0.0000,1.1340,0.19351,0.00446
10,tour,4,6,10,1.20,true,0.17275,0.00423,0.07038,1.89763,0.00463,1.2221,0.0000,1.2307,0.23420,0.00471
10,tour,4,6,15,0.00,true,0.14438,0.00393,0.00104,1.85667,0.00393,0.2453,0.5560,0.3021,0.04773,0.00371
10,tour,4,6,15,0.10,true,0.16637,0.00416,0.00095,1.83457,0.00417,0.2905,0.4263,0.3173,0.02563,0.00321
10,tour,4,6,15,0.20,true,0.18025,0.00430,0.00136,1.82111,0.00431,0.3458,0.3077,0.3537,0.01217,0.00269
10,tour,4,6,15,0.30,true,0.19062,0.00439,0.00239,1.81177,0.00441,0.4091,0.2071,0.4108,0.00283,0.00186
10,tour,4,6,15,0.40,true,0.19537,0.00443,0.00431,1.80894,0.00446,0.4796,0.1275,0.4841,0.00000,0.00000
10,tour,4,6,15,0.50,true,0.19050,0.00439,0.00742,1.81692,0.00444,0.5566,0.0747,0.5657,0.00798,0.00169
10,tour,4,6,15,0.60,true,0.18575,0.00435,0.01217,1.82642,0.00442,0.6444,0.0413,0.6578,0.01748,0.00225
10,tour,4,6,15,0.70,true,0.17700,0.00427,0.01866,1.84166,0.00438,0.7331,0.0226,0.7496,0.03272,0.00261
10,tour,4,6,15,0.80,true,0.16387,0.00414,0.02772,1.86384,0.00430,0.8292,0.0121,0.8470,0.05490,0.00295
10,tour,4,6,15,0.90,true,0.14800,0.00397,0.03967,1.89167,0.00420,0.9301,0.0070,0.9477,0.08273,0.00324
10,tour,4,6,15,1.00,true,0.13462,0.00382,0.05398,1.91936,0.00411,1.0286,0.0025,1.0477,0.11042,0.00349
10,tour,4,6,15,1.10,true,0.12137,0.00365,0.06965,1.94828,0.00402,1.1220,0.0007,1.1411,0.13934,0.00370
10,tour,4,6,15,1.20,true,0.10275,0.00339,0.09004,1.98729,0.00384,1.2282,0.0003,1.2461,0.17835,0.00397
10,tour,4,6,20,0.00,true,0.09000,0.00320,0.00548,1.91548,0.00323,0.3189,0.5385,0.3987,0.02476,0.00281
10,tour,4,6,20,0.10,true,0.10100,0.00337,0.00511,1.90411,0.00339,0.3649,0.4448,0.4119,0.01339,0.00237
10,tour,4,6,20,0.20,true,0.10900,0.00348,0.00581,1.89681,0.00351,0.4150,0.3474,0.4420,0.00609,0.00171
10,tour,4,6,20,0.30,true,0.11700,0.00359,0.00772,1.89072,0.00363,0.4732,0.2627,0.4887,0.00000,0.00000
10,tour,4,6,20,0.40,true,0.11887,0.00362,0.01092,1.89205,0.00368,0.5357,0.1915,0.5475,0.00133,0.00156
10,tour,4,6,20,0.50,true,0.11812,0.00361,0.01576,1.89763,0.00369,0.6051,0.1317,0.6192,0.00691,0.00216
10,tour,4,6,20,0.60,true,0.11488,0.00357,0.02228,1.90741,0.00369,0.6822,0.0909,0.6981,0.01669,0.00250
10,tour,4,6,20,0.70,true,0.11238,0.00353,0.03089,1.91852,0.00370,0.7657,0.0601,0.7853,0.02780,0.00281
10,tour,4,6,20,0.80,true,0.10625,0.00345,0.04136,1.93511,0.00367,0.8509,0.0401,0.8731,0.04439,0.00302
10,tour,4,6,20,0.90,true,0.09688,0.00331,0.05460,1.95773,0.00359,0.9437,0.0259,0.9680,0.06701,0.00325
10,tour,4,6,20,1.00,true,0.08975,0.00320,0.06938,1.97963,0.00355,1.0349,0.0159,1.0617,0.08891,0.00344
10,tour,4,6,20,1.10,true,0.08050,0.00304,0.08625,2.00575,0.00347,1.1279,0.0098,1.1559,0.11503,0.00361
10,tour,4,6,20,1.20,true,0.07312,0.00291,0.10518,2.03206,0.00341,1.2251,0.0059,1.2536,0.14134,0.00376
10,scratch,4,12,10,0.00,true,0.35425,0.00535,0.00010,1.64585,0.00535,0.1748,0.6905,0.2027,0.15003,0.00518
10,scratch,4,12,10,0.10,true,0.43600,0.00554,0.00032,1.56432,0.00555,0.2234,0.5007,0.2139,0.06849,0.00414
10,scratch,4,12,10,0.20,true,0.48688,0.00559,0.00102,1.51414,0.00560,0.2848,0.3082,0.2614,0.01832,0.00279
10,scratch,4,12,10,0.30,true,0.50687,0.00559,0.00270,1.49582,0.00562,0.3530,0.1627,0.3347,0.00000,0.00000
10,scratch,4,12,10,0.40,true,0.50662,0.00559,0.00596,1.49933,0.00566,0.4297,0.0813,0.4190,0.00351,0.00227
10,scratch,4,12,10,0.50,true,0.49612,0.00559,0.01210,1.51598,0.00573,0.5196,0.0357,0.5167,0.02015,0.00303
10,scratch,4,12,10,0.60,true,0.48500,0.00559,0.02163,1.53663,0.00584,0.6118,0.0131,0.6148,0.04081,0.00343
10,scratch,4,12,10,0.70,true,0.46787,0.00558,0.03519,1.56731,0.00598,0.7077,0.0063,0.7119,0.07149,0.00380
10,scratch,4,12,10,0.80,true,0.45400,0.00557,0.05300,1.59900,0.00615,0.8065,0.0027,0.8117,0.10318,0.00410
10,scratch,4,12,10,0.90,true,0.43725,0.00555,0.07480,1.63755,0.00634,0.9051,0.0011,0.9106,0.14173,0.00442
10,scratch,4,12,10,1.00,true,0.42100,0.00552,0.09986,1.67886,0.00654,1.0046,0.0004,1.0101,0.18303,0.00472
10,scratch,4,12,10,1.10,true,0.40750,0.00549,0.12689,1.71939,0.00675,1.1050,0.0000,1.1105,0.22357,0.00500
10,scratch,4,12,10,1.20,true,0.39463,0.00546,0.15519,1.76057,0.00695,1.2057,0.0000,1.2109,0.26475,0.00527
10,scratch,4,12,15,0.00,true,0.21813,0.00462,0.00180,1.78368,0.00463,0.2648,0.5898,0.2953,0.06407,0.00434
10,scratch,4,12,15,0.10,true,0.25200,0.00485,0.00332,1.75132,0.00488,0.3106,0.4656,0.3090,0.03171,0.00380
10,scratch,4,12,15,0.20,true,0.27450,0.00499,0.00632,1.73182,0.00504,0.3673,0.3470,0.3453,0.01222,0.00307
10,scratch,4,12,15,0.30,true,0.29037,0.00508,0.01172,1.72135,0.00517,0.4342,0.2464,0.4033,0.00174,0.00210
10,scratch,4,12,15,0.40,true,0.30038,0.00513,0.01998,1.71960,0.00530,0.5037,0.1588,0.4780,0.00000,0.00000
10,scratch,4,12,15,0.50,true,0.30325,0.00514,0.03036,1.72711,0.00541,0.5742,0.1017,0.5559,0.00750,0.00185
10,scratch,4,12,15,0.60,true,0.29775,0.00511,0.04515,1.74740,0.00551,0.6544,0.0598,0.6448,0.02780,0.00255
10,scratch,4,12,15,0.70,true,0.29137,0.00508,0.06374,1.77237,0.00563,0.7435,0.0349,0.7401,0.05276,0.00305
10,scratch,4,12,15,0.80,true,0.28387,0.00504,0.08568,1.80180,0.00576,0.8356,0.0211,0.8359,0.08220,0.00337
10,scratch,4,12,15,0.90,true,0.27463,0.00499,0.11142,1.83679,0.00590,0.9315,0.0117,0.9355,0.11719,0.00372
10,scratch,4,12,15,1.00,true,0.26687,0.00495,0.13913,1.87226,0.00604,1.0276,0.0061,1.0343,0.15265,0.00396
10,scratch,4,12,15,1.10,true,0.25625,0.00488,0.16920,1.91295,0.00617,1.1252,0.0027,1.1337,0.19335,0.00424
10,scratch,4,12,15,1.20,true,0.24925,0.00484,0.19979,1.95054,0.00631,1.2248,0.0013,1.2337,0.23094,0.00446
10,scratch,4,12,20,0.00,true,0.13300,0.00380,0.00755,1.87455,0.00384,0.3431,0.5643,0.3894,0.03227,0.00319
10,scratch,4,12,20,0.10,true,0.15275,0.00402,0.01066,1.85791,0.00409,0.3879,0.4734,0.4010,0.01564,0.00261
10,scratch,4,12,20,0.20,true,0.16937,0.00419,0.01593,1.84655,0.00431,0.4386,0.3819,0.4294,0.00427,0.00192
10,scratch,4,12,20,0.30,true,0.18188,0.00431,0.02415,1.84228,0.00449,0.4964,0.2927,0.4761,0.00000,0.00000
10,scratch,4,12,20,0.40,true,0.18962,0.00438,0.03488,1.84526,0.00465,0.5594,0.2232,0.5340,0.00298,0.00170
10,scratch,4,12,20,0.50,true,0.19450,0.00443,0.04781,1.85331,0.00479,0.6228,0.1684,0.5986,0.01103,0.00221
10,scratch,4,12,20,0.60,true,0.19325,0.00441,0.06474,1.87149,0.00491,0.6938,0.1202,0.6747,0.02921,0.00263
10,scratch,4,12,20,0.70,true,0.19237,0.00441,0.08483,1.89246,0.00504,0.7730,0.0853,0.7589,0.05018,0.00303
10,scratch,4,12,20,0.80,true,0.18975,0.00438,0.10768,1.91793,0.00518,0.8572,0.0609,0.8474,0.07565,0.00333
10,scratch,4,12,20,0.90,true,0.18638,0.00435,0.13299,1.94662,0.00531,0.9427,0.0415,0.9391,0.10434,0.00357
10,scratch,4,12,20,1.00,true,0.17938,0.00429,0.16090,1.98153,0.00541,1.0303,0.0270,1.0327,0.13925,0.00381
10,scratch,4,12,20,1.10,true,0.17475,0.00425,0.19007,2.01532,0.00552,1.1213,0.0170,1.1285,0.17304,0.00403
10,scratch,4,12,20,1.20,true,0.16975,0.00420,0.22028,2.05053,0.00562,1.2150,0.0110,1.2250,0.20825,0.00422
10,scratch,4,3,10,0.00,true,0.15163,0.00401,0.00090,1.84927,0.00401,0.0925,0.5589,0.2255,0.11723,0.00572
10,scratch,4,3,10,0.10,true,0.21613,0.00460,0.00119,1.78507,0.00461,0.1889,0.3747,0.2455,0.05303,0.00517
10,scratch,4,3,10,0.20,true,0.24975,0.00484,0.00252,1.75277,0.00486,0.2577,0.2369,0.2930,0.02073,0.00418
10,scratch,4,3,10,0.30,true,0.26925,0.00496,0.00588,1.73663,0.00500,0.3285,0.1413,0.3618,0.00459,0.00278
10,scratch,4,3,10,0.40,true,0.28013,0.00502,0.01216,1.73204,0.00512,0.3978,0.0747,0.4378,0.00000,0.00000
10,scratch,4,3,10,0.50,true,0.28200,0.00503,0.02249,1.74049,0.00521,0.4730,0.0380,0.5194,0.00846,0.00264
10,scratch,4,3,10,0.60,true,0.28537,0.00505,0.03785,1.75247,0.00536,0.5561,0.0189,0.6076,0.02044,0.00359
10,scratch,4,3,10,0.70,true,0.28337,0.00504,0.05805,1.77467,0.00551,0.6430,0.0089,0.6982,0.04263,0.00434
10,scratch,4,3,10,0.80,true,0.28350,0.00504,0.08305,1.79955,0.00570,0.7344,0.0044,0.7936,0.06751,0.00497
10,scratch,4,3,10,0.90,true,0.27650,0.00500,0.11143,1.83494,0.00587,0.8242,0.0026,0.8857,0.10290,0.00544
10,scratch,4,3,10,1.00,true,0.27250,0.00498,0.14193,1.86943,0.00606,0.9142,0.0010,0.9795,0.13739,0.00586
10,scratch,4,3,10,1.10,true,0.26550,0.00494,0.17553,1.91003,0.00624,1.0074,0.0005,1.0764,0.17800,0.00624
10,scratch,4,3,10,1.20,true,0.26012,0.00490,0.20920,1.94908,0.00642,1.1002,0.0003,1.1730,0.21704,0.00655
10,scratch,4,3,15,0.00,true,0.09450,0.00327,0.00843,1.91393,0.00332,0.1528,0.5356,0.3335,0.05049,0.00473
10,scratch,4,3,15,0.10,true,0.12312,0.00367,0.00982,1.88670,0.00373,0.2601,0.3999,0.3508,0.02326,0.00406
10,scratch,4,3,15,0.20,true,0.13825,0.00386,0.01348,1.87523,0.00394,0.3352,0.3007,0.3889,0.01179,0.00286
10,scratch,4,3,15,0.30,true,0.15613,0.00406,0.01957,1.86344,0.00419,0.3934,0.2160,0.4406,0.00000,0.00000
10,scratch,4,3,15,0.40,true,0.16062,0.00411,0.03000,1.86938,0.00431,0.4596,0.1526,0.5045,0.00594,0.00273
10,scratch,4,3,15,0.50,true,0.16675,0.00417,0.04391,1.87716,0.00447,0.5278,0.1053,0.5765,0.01372,0.00373
10,scratch,4,3,15,0.60,true,0.17000,0.00420,0.06180,1.89180,0.00463,0.5995,0.0688,0.6554,0.02836,0.00446
10,scratch,4,3,15,0.70,true,0.17137,0.00421,0.08408,1.91270,0.00479,0.6764,0.0437,0.7390,0.04926,0.00495
10,scratch,4,3,15,0.80,true,0.16800,0.00418,0.11057,1.94257,0.00492,0.7578,0.0272,0.8264,0.07913,0.00531
10,scratch,4,3,15,0.90,true,0.16550,0.00415,0.14118,1.97568,0.00508,0.8453,0.0165,0.9202,0.11224,0.00565
10,scratch,4,3,15,1.00,true,0.15887,0.00409,0.17349,2.01462,0.00517,0.9309,0.0100,1.0097,0.15117,0.00582
10,scratch,4,3,15,1.10,true,0.15413,0.00404,0.20668,2.05256,0.00528,1.0182,0.0065,1.1007,0.18912,0.00603
10,scratch,4,3,15,1.20,true,0.15100,0.00400,0.24023,2.08924,0.00540,1.1054,0.0032,1.1928,0.22580,0.00621
10,scratch,4,3,20,0.00,true,0.06450,0.00275,0.02791,1.96341,0.00292,0.2222,0.5257,0.4573,0.01846,0.00404
10,scratch,4,3,20,0.10,true,0.07800,0.00300,0.02965,1.95165,0.00318,0.3330,0.4380,0.4682,0.00670,0.00354
10,scratch,4,3,20,0.20,true,0.08937,0.00319,0.03468,1.94531,0.00341,0.4087,0.3624,0.4957,0.00036,0.00264
10,scratch,4,3,20,0.30,true,0.09825,0.00333,0.04320,1.94495,0.00361,0.4743,0.2940,0.5376,0.00000,0.00000
10,scratch,4,3,20,0.40,true,0.10275,0.00339,0.05518,1.95243,0.00376,0.5344,0.2321,0.5887,0.00748,0.00256
10,scratch,4,3,20,0.50,true,0.10575,0.00344,0.07007,1.96432,0.00390,0.5960,0.1837,0.6469,0.01937,0.00353
10,scratch,4,3,20,0.60,true,0.11088,0.00351,0.08945,1.97858,0.00410,0.6626,0.1392,0.7172,0.03363,0.00413
10,scratch,4,3,20,0.70,true,0.11263,0.00353,0.11210,1.99948,0.00426,0.7291,0.1007,0.7923,0.05453,0.00449
10,scratch,4,3,20,0.80,true,0.11338,0.00354,0.13822,2.02485,0.00442,0.8025,0.0711,0.8746,0.07990,0.00479
10,scratch,4,3,20,0.90,true,0.11188,0.00352,0.16613,2.05426,0.00455,0.8807,0.0526,0.9579,0.10931,0.00504
10,scratch,4,3,20,1.00,true,0.11025,0.00350,0.19540,2.08516,0.00467,0.9583,0.0372,1.0428,0.14021,0.00528
10,scratch,4,3,20,1.10,true,0.10900,0.00348,0.22610,2.11712,0.00479,1.0403,0.0261,1.1313,0.17217,0.00549
10,scratch,4,3,20,1.20,true,0.10637,0.00345,0.25705,2.15069,0.00487,1.1225,0.0187,1.2188,0.20574,0.00564
10,scratch,4,6,10,0.00,true,0.20650,0.00453,0.00021,1.79371,0.00453,0.1756,0.5931,0.2179,0.08378,0.00436
10,scratch,4,6,10,0.10,true,0.25425,0.00487,0.00018,1.74593,0.00487,0.2224,0.4043,0.2369,0.03600,0.00351
10,scratch,4,6,10,0.20,true,0.28175,0.00503,0.00041,1.71866,0.00503,0.2823,0.2383,0.2868,0.00873,0.00241
10,scratch,4,6,10,0.30,true,0.29113,0.00508,0.00106,1.70993,0.00509,0.3532,0.1217,0.3595,0.00000,0.00000
10,scratch,4,6,10,0.40,true,0.28425,0.00504,0.00245,1.71820,0.00506,0.4348,0.0582,0.4446,0.00827,0.00199
10,scratch,4,6,10,0.50,true,0.27613,0.00500,0.00504,1.72892,0.00504,0.5240,0.0245,0.5377,0.01898,0.00255
10,scratch,4,6,10,0.60,true,0.26100,0.00491,0.00946,1.74846,0.00498,0.6204,0.0093,0.6359,0.03853,0.00297
10,scratch,4,6,10,0.70,true,0.24413,0.00480,0.01607,1.77195,0.00491,0.7163,0.0038,0.7317,0.06201,0.00328
10,scratch,4,6,10,0.80,true,0.22525,0.00467,0.02582,1.80057,0.00484,0.8172,0.0013,0.8321,0.09064,0.00355
10,scratch,4,6,10,0.90,true,0.20775,0.00454,0.03817,1.83042,0.00478,0.9138,0.0008,0.9275,0.12049,0.00381
10,scratch,4,6,10,1.00,true,0.18812,0.00437,0.05586,1.86774,0.00471,1.0230,0.0006,1.0357,0.15780,0.00409
10,scratch,4,6,10,1.10,true,0.16737,0.00417,0.07630,1.90892,0.00461,1.1253,0.0003,1.1374,0.19899,0.00437
10,scratch,4,6,10,1.20,true,0.14638,0.00395,0.09866,1.95228,0.00448,1.2206,0.0001,1.2322,0.24235,0.00461
10,scratch,4,6,15,0.00,true,0.11900,0.00362,0.00300,1.88400,0.00363,0.2641,0.5478,0.3322,0.03372,0.00343
10,scratch,4,6,15,0.10,true,0.13775,0.00385,0.00282,1.86507,0.00387,0.3079,0.4259,0.3480,0.01480,0.00302
10,scratch,4,6,15,0.20,true,0.14713,0.00396,0.00376,1.85663,0.00398,0.3628,0.3160,0.3831,0.00635,0.00250
10,scratch,4,6,15,0.30,true,0.15463,0.00404,0.00586,1.85124,0.00407,0.4259,0.2234,0.4370,0.00096,0.00176
10,scratch,4,6,15,0.40,true,0.15925,0.00409,0.00953,1.85028,0.00415,0.4952,0.1456,0.5075,0.00000,0.00000
10,scratch,4,6,15,0.50,true,0.15550,0.00405,0.01482,1.85932,0.00414,0.5675,0.0904,0.5840,0.00904,0.00158
10,scratch,4,6,15,0.60,true,0.14963,0.00399,0.02244,1.87281,0.00412,0.6510,0.0547,0.6709,0.02253,0.00212
10,scratch,4,6,15,0.70,true,0.14088,0.00389,0.03237,1.89149,0.00408,0.7382,0.0332,0.7604,0.04122,0.00251
10,scratch,4,6,15,0.80,true,0.13050,0.00377,0.04523,1.91473,0.00402,0.8294,0.0171,0.8555,0.06445,0.00283
10,scratch,4,6,15,0.90,true,0.12137,0.00365,0.06121,1.93984,0.00399,0.9294,0.0104,0.9553,0.08956,0.00306
10,scratch,4,6,15,1.00,true,0.10712,0.00346,0.08011,1.97299,0.00388,1.0292,0.0062,1.0548,0.12271,0.00338
10,scratch,4,6,15,1.10,true,0.09638,0.00330,0.09998,2.00360,0.00381,1.1211,0.0024,1.1481,0.15333,0.00359
10,scratch,4,6,15,1.20,true,0.08475,0.00311,0.12484,2.04009,0.00371,1.2268,0.0007,1.2535,0.18982,0.00380
10,scratch,4,6,20,0.00,true,0.06888,0.00283,0.01390,1.94503,0.00290,0.3423,0.5304,0.4464,0.01571,0.00253
10,scratch,4,6,20,0.10,true,0.07675,0.00298,0.01354,1.93679,0.00304,0.3859,0.4416,0.4601,0.00747,0.00208
10,scratch,4,6,20,0.20,true,0.08263,0.00308,0.01505,1.93243,0.00315,0.4378,0.3548,0.4895,0.00311,0.00147
10,scratch,4,6,20,0.30,true,0.08912,0.00319,0.01845,1.92932,0.00328,0.4947,0.2751,0.5341,0.00000,0.00000
10,scratch,4,6,20,0.40,true,0.08987,0.00320,0.02387,1.93399,0.00332,0.5566,0.2086,0.5894,0.00467,0.00141
10,scratch,4,6,20,0.50,true,0.09150,0.00322,0.03143,1.93993,0.00339,0.6227,0.1491,0.6571,0.01061,0.00194
10,scratch,4,6,20,0.60,true,0.08900,0.00318,0.04115,1.95215,0.00341,0.6952,0.1052,0.7316,0.02283,0.00229
10,scratch,4,6,20,0.70,true,0.08450,0.00311,0.05348,1.96898,0.00340,0.7771,0.0752,0.8138,0.03966,0.00257
10,scratch,4,6,20,0.80,true,0.08075,0.00305,0.06765,1.98690,0.00341,0.8587,0.0510,0.8989,0.05758,0.00281
10,scratch,4,6,20,0.90,true,0.07637,0.00297,0.08499,2.00862,0.00342,0.9510,0.0355,0.9921,0.07930,0.00303
10,scratch,4,6,20,1.00,true,0.07050,0.00286,0.10367,2.03317,0.00339,1.0396,0.0237,1.0828,0.10385,0.00322
10,scratch,4,6,20,1.10,true,0.06525,0.00276,0.12412,2.05887,0.00338,1.1299,0.0154,1.1748,0.12955,0.00336
10,scratch,4,6,20,1.20,true,0.05563,0.00256,0.14723,2.09161,0.00326,1.2241,0.0097,1.2698,0.16229,0.00351
10,mid,4,12,10,0.00,true,0.28400,0.00504,0.00051,1.71651,0.00505,0.1867,0.6426,0.2219,0.10068,0.00473
10,mid,4,12,10,0.10,true,0.34537,0.00532,0.00132,1.65595,0.00533,0.2376,0.4736,0.2357,0.04011,0.00383
10,mid,4,12,10,0.20,true,0.37975,0.00543,0.00364,1.62389,0.00546,0.2962,0.3027,0.2804,0.00805,0.00258
10,mid,4,12,10,0.30,true,0.39250,0.00546,0.00834,1.61584,0.00554,0.3638,0.1786,0.3479,0.00000,0.00000
10,mid,4,12,10,0.40,true,0.39425,0.00546,0.01638,1.62213,0.00563,0.4383,0.0962,0.4294,0.00630,0.00230
10,mid,4,12,10,0.50,true,0.38650,0.00544,0.02941,1.64291,0.00574,0.5235,0.0481,0.5214,0.02707,0.00299
10,mid,4,12,10,0.60,true,0.37588,0.00542,0.04765,1.67178,0.00589,0.6154,0.0228,0.6185,0.05594,0.00350
10,mid,4,12,10,0.70,true,0.36262,0.00538,0.07076,1.70813,0.00605,0.7083,0.0102,0.7149,0.09230,0.00387
10,mid,4,12,10,0.80,true,0.34800,0.00533,0.09888,1.75088,0.00624,0.8053,0.0050,0.8130,0.13504,0.00420
10,mid,4,12,10,0.90,true,0.33475,0.00528,0.13026,1.79551,0.00643,0.9032,0.0023,0.9116,0.17968,0.00451
10,mid,4,12,10,1.00,true,0.32138,0.00522,0.16441,1.84303,0.00662,1.0031,0.0013,1.0114,0.22720,0.00482
10,mid,4,12,10,1.10,true,0.30675,0.00516,0.20039,1.89364,0.00679,1.1029,0.0004,1.1114,0.27781,0.00513
10,mid,4,12,10,1.20,true,0.29762,0.00511,0.23536,1.93774,0.00696,1.2033,0.0002,1.2116,0.32191,0.00535
10,mid,4,12,15,0.00,true,0.15950,0.00409,0.00626,1.84676,0.00413,0.2897,0.5611,0.3331,0.02222,0.00342
10,mid,4,12,15,0.10,true,0.17775,0.00427,0.01013,1.83238,0.00434,0.3329,0.4453,0.3477,0.00785,0.00281
10,mid,4,12,15,0.20,true,0.19225,0.00441,0.01709,1.82484,0.00453,0.3888,0.3415,0.3827,0.00031,0.00200
10,mid,4,12,15,0.30,true,0.20325,0.00450,0.02778,1.82453,0.00471,0.4531,0.2512,0.4367,0.00000,0.00000
10,mid,4,12,15,0.40,true,0.20788,0.00454,0.04294,1.83506,0.00487,0.5212,0.1736,0.5056,0.01053,0.00188
10,mid,4,12,15,0.50,true,0.20888,0.00454,0.06063,1.85176,0.00502,0.5886,0.1188,0.5779,0.02723,0.00251
10,mid,4,12,15,0.60,true,0.20900,0.00455,0.08360,1.87460,0.00519,0.6675,0.0779,0.6626,0.05007,0.00296
10,mid,4,12,15,0.70,true,0.20550,0.00452,0.11067,1.90517,0.00535,0.7495,0.0464,0.7529,0.08064,0.00334
10,mid,4,12,15,0.80,true,0.19900,0.00446,0.14149,1.94250,0.00549,0.8400,0.0298,0.8468,0.11796,0.00368
10,mid,4,12,15,0.90,true,0.19362,0.00442,0.17469,1.98107,0.00564,0.9336,0.0192,0.9430,0.15653,0.00397
10,mid,4,12,15,1.00,true,0.18762,0.00436,0.20992,2.02230,0.00578,1.0287,0.0115,1.0410,0.19777,0.00423
10,mid,4,12,15,1.10,true,0.18138,0.00431,0.24580,2.06443,0.00590,1.1247,0.0067,1.1392,0.23990,0.00443
10,mid,4,12,15,1.20,true,0.17388,0.00424,0.28269,2.10883,0.00599,1.2223,0.0035,1.2384,0.28429,0.00464
10,mid,4,12,20,0.00,true,0.09162,0.00323,0.02196,1.93033,0.00336,0.3745,0.5486,0.4483,0.00718,0.00230
10,mid,4,12,20,0.10,true,0.10300,0.00340,0.02801,1.92501,0.00358,0.4168,0.4640,0.4607,0.00186,0.00166
10,mid,4,12,20,0.20,true,0.11463,0.00356,0.03778,1.92315,0.00382,0.4684,0.3826,0.4890,0.00000,0.00000
10,mid,4,12,20,0.30,true,0.12212,0.00366,0.05186,1.92974,0.00403,0.5251,0.3023,0.5326,0.00659,0.00158
10,mid,4,12,20,0.40,true,0.12637,0.00371,0.06906,1.94268,0.00421,0.5886,0.2415,0.5863,0.01953,0.00215
10,mid,4,12,20,0.50,true,0.13037,0.00376,0.08843,1.95805,0.00440,0.6499,0.1884,0.6469,0.03490,0.00260
10,mid,4,12,20,0.60,true,0.13087,0.00377,0.11235,1.98148,0.00457,0.7172,0.1389,0.7191,0.05832,0.00300
10,mid,4,12,20,0.70,true,0.12887,0.00375,0.13910,2.01023,0.00471,0.7912,0.1042,0.7957,0.08708,0.00326
10,mid,4,12,20,0.80,true,0.12700,0.00372,0.16855,2.04155,0.00485,0.8707,0.0767,0.8790,0.11840,0.00353
10,mid,4,12,20,0.90,true,0.12362,0.00368,0.20045,2.07683,0.00497,0.9544,0.0565,0.9662,0.15368,0.00379
10,mid,4,12,20,1.00,true,0.12037,0.00364,0.23414,2.11378,0.00508,1.0420,0.0408,1.0579,0.19062,0.00403
10,mid,4,12,20,1.10,true,0.11625,0.00358,0.26832,2.15209,0.00517,1.1286,0.0276,1.1501,0.22894,0.00423
10,mid,4,12,20,1.20,true,0.11213,0.00353,0.30269,2.19059,0.00523,1.2192,0.0197,1.2433,0.26744,0.00436
10,mid,4,3,10,0.00,true,0.13775,0.00385,0.00319,1.86544,0.00387,0.1157,0.5623,0.2536,0.08032,0.00548
10,mid,4,3,10,0.10,true,0.18525,0.00434,0.00402,1.81877,0.00437,0.2091,0.3989,0.2704,0.03365,0.00467
10,mid,4,3,10,0.20,true,0.21200,0.00457,0.00716,1.79516,0.00462,0.2774,0.2643,0.3152,0.01004,0.00330
10,mid,4,3,10,0.30,true,0.22887,0.00470,0.01400,1.78512,0.00480,0.3466,0.1689,0.3802,0.00000,0.00000
10,mid,4,3,10,0.40,true,0.23650,0.00475,0.02535,1.78885,0.00494,0.4156,0.1048,0.4526,0.00373,0.00287
10,mid,4,3,10,0.50,true,0.23788,0.00476,0.04181,1.80393,0.00508,0.4870,0.0582,0.5326,0.01881,0.00398
10,mid,4,3,10,0.60,true,0.23387,0.00473,0.06479,1.83091,0.00522,0.5657,0.0310,0.6186,0.04579,0.00472
10,mid,4,3,10,0.70,true,0.23175,0.00472,0.09272,1.86097,0.00541,0.6498,0.0159,0.7082,0.07585,0.00527
10,mid,4,3,10,0.80,true,0.22812,0.00469,0.12606,1.89794,0.00561,0.7408,0.0084,0.8040,0.11282,0.00574
10,mid,4,3,10,0.90,true,0.22600,0.00468,0.15988,1.93389,0.00582,0.8285,0.0048,0.8951,0.14877,0.00610
10,mid,4,3,10,1.00,true,0.22075,0.00464,0.19615,1.97542,0.00599,0.9176,0.0029,0.9879,0.19029,0.00642
10,mid,4,3,10,1.10,true,0.21400,0.00459,0.23510,2.02112,0.00615,1.0105,0.0013,1.0853,0.23600,0.00672
10,mid,4,3,10,1.20,true,0.20750,0.00453,0.27309,2.06562,0.00628,1.1024,0.0008,1.1812,0.28050,0.00689
10,mid,4,3,15,0.00,true,0.08025,0.00304,0.02211,1.94186,0.00317,0.2100,0.5344,0.3900,0.02519,0.00421
10,mid,4,3,15,0.10,true,0.09650,0.00330,0.02484,1.92834,0.00345,0.3083,0.4210,0.4041,0.01167,0.00307
10,mid,4,3,15,0.20,true,0.11575,0.00358,0.03242,1.91667,0.00379,0.3830,0.3347,0.4412,0.00000,0.00000
10,mid,4,3,15,0.30,true,0.12525,0.00370,0.04304,1.91779,0.00399,0.4379,0.2584,0.4864,0.00112,0.00290
10,mid,4,3,15,0.40,true,0.13262,0.00379,0.05821,1.92558,0.00419,0.4946,0.1899,0.5435,0.00891,0.00396
10,mid,4,3,15,0.50,true,0.13125,0.00378,0.07925,1.94800,0.00432,0.5621,0.1422,0.6112,0.03133,0.00455
10,mid,4,3,15,0.60,true,0.13075,0.00377,0.10519,1.97444,0.00448,0.6314,0.0979,0.6889,0.05777,0.00496
10,mid,4,3,15,0.70,true,0.13200,0.00378,0.13384,2.00185,0.00467,0.7065,0.0698,0.7698,0.08518,0.00529
10,mid,4,3,15,0.80,true,0.12825,0.00374,0.16608,2.03785,0.00480,0.7832,0.0480,0.8540,0.12117,0.00551
10,mid,4,3,15,0.90,true,0.12525,0.00370,0.20111,2.07588,0.00493,0.8639,0.0306,0.9443,0.15921,0.00573
10,mid,4,3,15,1.00,true,0.12337,0.00368,0.23609,2.11275,0.00507,0.9479,0.0222,1.0326,0.19607,0.00592
10,mid,4,3,15,1.10,true,0.12012,0.00363,0.27175,2.15168,0.00517,1.0307,0.0141,1.1225,0.23500,0.00607
10,mid,4,3,15,1.20,true,0.11775,0.00360,0.30727,2.18960,0.00527,1.1163,0.0088,1.2144,0.27292,0.00616
10,mid,4,3,20,0.00,true,0.05538,0.00256,0.06377,2.00840,0.00297,0.3223,0.5255,0.5543,0.00366,0.00374
10,mid,4,3,20,0.10,true,0.06212,0.00270,0.06860,2.00647,0.00315,0.4314,0.4619,0.5655,0.00173,0.00282
10,mid,4,3,20,0.20,true,0.07175,0.00289,0.07649,2.00474,0.00339,0.4928,0.3940,0.5886,0.00000,0.00000
10,mid,4,3,20,0.30,true,0.07262,0.00290,0.08973,2.01711,0.00350,0.5566,0.3389,0.6241,0.01237,0.00265
10,mid,4,3,20,0.40,true,0.07525,0.00295,0.10745,2.03220,0.00367,0.6165,0.2829,0.6722,0.02746,0.00358
10,mid,4,3,20,0.50,true,0.07975,0.00303,0.12729,2.04755,0.00388,0.6736,0.2346,0.7262,0.04281,0.00407
10,mid,4,3,20,0.60,true,0.08125,0.00305,0.15090,2.06966,0.00405,0.7341,0.1907,0.7881,0.06492,0.00446
10,mid,4,3,20,0.70,true,0.08325,0.00309,0.17573,2.09251,0.00422,0.7923,0.1527,0.8527,0.08777,0.00476
10,mid,4,3,20,0.80,true,0.08538,0.00312,0.20435,2.11901,0.00440,0.8592,0.1185,0.9291,0.11427,0.00498
10,mid,4,3,20,0.90,true,0.08413,0.00310,0.23363,2.14956,0.00452,0.9257,0.0913,1.0051,0.14482,0.00516
10,mid,4,3,20,1.00,true,0.08238,0.00307,0.26459,2.18229,0.00461,0.9991,0.0702,1.0873,0.17755,0.00530
10,mid,4,3,20,1.10,true,0.08163,0.00306,0.29580,2.21429,0.00472,1.0732,0.0514,1.1727,0.20955,0.00545
10,mid,4,3,20,1.20,true,0.08000,0.00303,0.32666,2.24682,0.00479,1.1504,0.0393,1.2577,0.24208,0.00557
10,mid,4,6,10,0.00,true,0.15837,0.00408,0.00106,1.84268,0.00409,0.1918,0.5699,0.2467,0.05813,0.00377
10,mid,4,6,10,0.10,true,0.19137,0.00440,0.00104,1.80966,0.00440,0.2374,0.4038,0.2652,0.02510,0.00311
10,mid,4,6,10,0.20,true,0.21400,0.00459,0.00192,1.78792,0.00460,0.2961,0.2535,0.3124,0.00336,0.00213
10,mid,4,6,10,0.30,true,0.21950,0.00463,0.00406,1.78456,0.00465,0.3655,0.1456,0.3801,0.00000,0.00000
10,mid,4,6,10,0.40,true,0.21588,0.00460,0.00796,1.79209,0.00465,0.4442,0.0778,0.4613,0.00753,0.00184
10,mid,4,6,10,0.50,true,0.20850,0.00454,0.01427,1.80577,0.00463,0.5297,0.0374,0.5509,0.02121,0.00242
10,mid,4,6,10,0.60,true,0.19850,0.00446,0.02361,1.82511,0.00461,0.6225,0.0179,0.6455,0.04055,0.00279
10,mid,4,6,10,0.70,true,0.18775,0.00437,0.03622,1.84847,0.00459,0.7166,0.0075,0.7409,0.06391,0.00307
10,mid,4,6,10,0.80,true,0.17175,0.00422,0.05343,1.88168,0.00454,0.8172,0.0035,0.8409,0.09713,0.00336
10,mid,4,6,10,0.90,true,0.15650,0.00406,0.07347,1.91698,0.00449,0.9122,0.0018,0.9350,0.13242,0.00360
10,mid,4,6,10,1.00,true,0.13825,0.00386,0.10029,1.96204,0.00442,1.0192,0.0007,1.0411,0.17749,0.00390
10,mid,4,6,10,1.10,true,0.12125,0.00365,0.12916,2.00792,0.00432,1.1202,0.0006,1.1410,0.22336,0.00417
10,mid,4,6,10,1.20,true,0.10187,0.00338,0.15994,2.05808,0.00415,1.2158,0.0006,1.2357,0.27352,0.00442
10,mid,4,6,15,0.00,true,0.08563,0.00313,0.01254,1.92691,0.00319,0.2882,0.5353,0.3887,0.01661,0.00222
10,mid,4,6,15,0.10,true,0.09850,0.00333,0.01270,1.91420,0.00340,0.3305,0.4240,0.4056,0.00390,0.00163
10,mid,4,6,15,0.20,true,0.10500,0.00343,0.01530,1.91030,0.00351,0.3863,0.3258,0.4401,0.00000,0.00000
10,mid,4,6,15,0.30,true,0.10837,0.00348,0.02047,1.91209,0.00359,0.4471,0.2407,0.4897,0.00180,0.00151
10,mid,4,6,15,0.40,true,0.11050,0.00351,0.02841,1.91791,0.00366,0.5135,0.1677,0.5542,0.00761,0.00210
10,mid,4,6,15,0.50,true,0.10700,0.00346,0.03885,1.93186,0.00368,0.5813,0.1114,0.6249,0.02156,0.00241
10,mid,4,6,15,0.60,true,0.10325,0.00340,0.05291,1.94966,0.00370,0.6619,0.0712,0.7081,0.03936,0.00274
10,mid,4,6,15,0.70,true,0.09813,0.00333,0.06948,1.97136,0.00372,0.7453,0.0456,0.7936,0.06106,0.00299
10,mid,4,6,15,0.80,true,0.09212,0.00323,0.08958,1.99746,0.00373,0.8358,0.0284,0.8857,0.08716,0.00324
10,mid,4,6,15,0.90,true,0.08363,0.00309,0.11340,2.02978,0.00370,0.9309,0.0166,0.9820,0.11949,0.00341
10,mid,4,6,15,1.00,true,0.07675,0.00298,0.13945,2.06271,0.00369,1.0283,0.0107,1.0789,0.15241,0.00361
10,mid,4,6,15,1.10,true,0.06763,0.00281,0.16587,2.09827,0.00362,1.1199,0.0076,1.1692,0.18797,0.00378
10,mid,4,6,15,1.20,true,0.05775,0.00261,0.19747,2.13975,0.00352,1.2211,0.0033,1.2717,0.22945,0.00394
10,mid,4,6,20,0.00,true,0.04412,0.00230,0.04876,2.00464,0.00258,0.3736,0.5253,0.5394,0.00384,0.00126
10,mid,4,6,20,0.10,true,0.04850,0.00240,0.04930,2.00080,0.00269,0.4157,0.4434,0.5547,0.00000,0.00000
10,mid,4,6,20,0.20,true,0.05175,0.00248,0.05304,2.00129,0.00278,0.4690,0.3678,0.5835,0.00050,0.00126
10,mid,4,6,20,0.30,true,0.05525,0.00255,0.05984,2.00459,0.00290,0.5209,0.2915,0.6248,0.00379,0.00173
10,mid,4,6,20,0.40,true,0.05738,0.00260,0.06962,2.01225,0.00300,0.5819,0.2295,0.6771,0.01145,0.00205
10,mid,4,6,20,0.50,true,0.05700,0.00259,0.08239,2.02539,0.00307,0.6474,0.1754,0.7392,0.02459,0.00235
10,mid,4,6,20,0.60,true,0.05912,0.00264,0.09770,2.03858,0.00320,0.7151,0.1286,0.8093,0.03778,0.00257
10,mid,4,6,20,0.70,true,0.05688,0.00259,0.11599,2.05912,0.00324,0.7920,0.0946,0.8862,0.05832,0.00278
10,mid,4,6,20,0.80,true,0.05325,0.00251,0.13613,2.08289,0.00326,0.8709,0.0702,0.9651,0.08210,0.00296
10,mid,4,6,20,0.90,true,0.04950,0.00243,0.15940,2.10993,0.00327,0.9563,0.0485,1.0530,0.10913,0.00316
10,mid,4,6,20,1.00,true,0.04550,0.00233,0.18334,2.13788,0.00327,1.0434,0.0363,1.1392,0.13708,0.00331
10,mid,4,6,20,1.10,true,0.04150,0.00223,0.20885,2.16739,0.00326,1.1306,0.0252,1.2280,0.16659,0.00344
10,mid,4,6,20,1.20,true,0.03737,0.00212,0.23627,2.19896,0.00323,1.2224,0.0165,1.3214,0.19816,0.00360
10,high,4,12,10,0.00,true,0.22987,0.00470,0.00214,1.77226,0.00472,0.2057,0.6122,0.2462,0.06570,0.00442
10,high,4,12,10,0.10,true,0.27225,0.00498,0.00452,1.73227,0.00501,0.2564,0.4584,0.2615,0.02570,0.00357
10,high,4,12,10,0.20,true,0.30012,0.00512,0.01002,1.70989,0.00521,0.3132,0.3077,0.3039,0.00332,0.00245
10,high,4,12,10,0.30,true,0.31325,0.00519,0.01982,1.70657,0.00536,0.3822,0.1986,0.3683,0.00000,0.00000
10,high,4,12,10,0.40,true,0.31562,0.00520,0.03411,1.71848,0.00551,0.4508,0.1163,0.4434,0.01192,0.00211
10,high,4,12,10,0.50,true,0.30588,0.00515,0.05536,1.74948,0.00565,0.5329,0.0670,0.5304,0.04291,0.00286
10,high,4,12,10,0.60,true,0.29688,0.00511,0.08215,1.78527,0.00583,0.6191,0.0356,0.6227,0.07870,0.00337
10,high,4,12,10,0.70,true,0.28875,0.00507,0.11433,1.82558,0.00604,0.7116,0.0183,0.7195,0.11902,0.00379
10,high,4,12,10,0.80,true,0.27763,0.00501,0.15072,1.87310,0.00624,0.8067,0.0090,0.8173,0.16653,0.00418
10,high,4,12,10,0.90,true,0.26550,0.00494,0.19039,1.92490,0.00643,0.9043,0.0046,0.9161,0.21833,0.00454
10,high,4,12,10,1.00,true,0.25612,0.00488,0.23069,1.97458,0.00661,1.0032,0.0029,1.0151,0.26801,0.00480
10,high,4,12,10,1.10,true,0.24588,0.00481,0.27123,2.02538,0.00676,1.1016,0.0018,1.1134,0.31881,0.00503
10,high,4,12,10,1.20,true,0.23513,0.00474,0.31160,2.07651,0.00688,1.2004,0.0008,1.2126,0.36994,0.00525
10,high,4,12,15,0.00,true,0.12212,0.00366,0.01738,1.89526,0.00377,0.3167,0.5446,0.3765,0.00601,0.00178
10,high,4,12,15,0.10,true,0.13537,0.00383,0.02462,1.88924,0.00399,0.3599,0.4415,0.3921,0.00000,0.00000
10,high,4,12,15,0.20,true,0.14375,0.00392,0.03640,1.89265,0.00419,0.4140,0.3470,0.4252,0.00340,0.00182
10,high,4,12,15,0.30,true,0.15038,0.00400,0.05334,1.90296,0.00439,0.4763,0.2639,0.4756,0.01372,0.00253
10,high,4,12,15,0.40,true,0.15375,0.00403,0.07553,1.92178,0.00460,0.5458,0.1979,0.5392,0.03254,0.00300
10,high,4,12,15,0.50,true,0.15538,0.00405,0.10005,1.94468,0.00479,0.6088,0.1415,0.6072,0.05544,0.00341
10,high,4,12,15,0.60,true,0.15375,0.00403,0.13021,1.97647,0.00497,0.6842,0.0997,0.6862,0.08723,0.00376
10,high,4,12,15,0.70,true,0.15313,0.00403,0.16406,2.01095,0.00517,0.7655,0.0688,0.7724,0.12171,0.00408
10,high,4,12,15,0.80,true,0.15025,0.00399,0.20074,2.05051,0.00534,0.8476,0.0421,0.8633,0.16127,0.00438
10,high,4,12,15,0.90,true,0.14513,0.00394,0.23959,2.09450,0.00547,0.9390,0.0294,0.9565,0.20525,0.00463
10,high,4,12,15,1.00,true,0.14163,0.00390,0.27865,2.13707,0.00561,1.0322,0.0202,1.0519,0.24783,0.00482
10,high,4,12,15,1.10,true,0.13750,0.00385,0.31796,2.18053,0.00571,1.1266,0.0132,1.1490,0.29129,0.00498
10,high,4,12,15,1.20,true,0.13350,0.00380,0.35647,2.22307,0.00580,1.2216,0.0081,1.2465,0.33383,0.00510
10,high,4,12,20,0.00,true,0.06750,0.00280,0.05302,1.98553,0.00314,0.4099,0.5410,0.5164,0.00000,0.00000
10,high,4,12,20,0.10,true,0.07425,0.00293,0.06261,1.98837,0.00335,0.4515,0.4649,0.5290,0.00284,0.00136
10,high,4,12,20,0.20,true,0.08163,0.00306,0.07674,1.99512,0.00359,0.5035,0.3925,0.5561,0.00960,0.00202
10,high,4,12,20,0.30,true,0.08450,0.00311,0.09607,2.01158,0.00378,0.5582,0.3187,0.5963,0.02605,0.00248
10,high,4,12,20,0.40,true,0.08937,0.00319,0.11835,2.02898,0.00401,0.6178,0.2585,0.6474,0.04346,0.00292
10,high,4,12,20,0.50,true,0.09062,0.00321,0.14249,2.05188,0.00419,0.6780,0.2114,0.7024,0.06635,0.00323
10,high,4,12,20,0.60,true,0.09237,0.00324,0.17132,2.07897,0.00439,0.7451,0.1655,0.7699,0.09345,0.00356
10,high,4,12,20,0.70,true,0.09237,0.00324,0.20273,2.11039,0.00455,0.8128,0.1242,0.8437,0.12487,0.00385
10,high,4,12,20,0.80,true,0.09162,0.00323,0.23587,2.14430,0.00470,0.8911,0.0984,0.9216,0.15878,0.00406
10,high,4,12,20,0.90,true,0.08912,0.00319,0.27088,2.18183,0.00480,0.9696,0.0742,1.0042,0.19630,0.00427
10,high,4,12,20,1.00,true,0.08725,0.00316,0.30631,2.21917,0.00490,1.0539,0.0582,1.0898,0.23364,0.00443
10,high,4,12,20,1.10,true,0.08413,0.00310,0.34209,2.25812,0.00495,1.1383,0.0438,1.1779,0.27259,0.00456
10,high,4,12,20,1.20,true,0.08150,0.00306,0.37758,2.29629,0.00500,1.2255,0.0329,1.2685,0.31076,0.00467
10,high,4,3,10,0.00,true,0.12150,0.00365,0.00892,1.88742,0.00370,0.1446,0.5643,0.2862,0.05036,0.00541
10,high,4,3,10,0.10,true,0.15588,0.00406,0.01107,1.85519,0.00413,0.2350,0.4182,0.3010,0.01813,0.00472
10,high,4,3,10,0.20,true,0.17650,0.00426,0.01770,1.84120,0.00438,0.3031,0.2945,0.3432,0.00413,0.00326
10,high,4,3,10,0.30,true,0.19300,0.00441,0.03006,1.83707,0.00463,0.3697,0.2003,0.4043,0.00000,0.00000
10,high,4,3,10,0.40,true,0.19887,0.00446,0.04782,1.84894,0.00482,0.4354,0.1336,0.4724,0.01188,0.00306
10,high,4,3,10,0.50,true,0.19825,0.00446,0.07224,1.87399,0.00499,0.5049,0.0822,0.5504,0.03693,0.00413
10,high,4,3,10,0.60,true,0.19600,0.00444,0.10258,1.90659,0.00518,0.5822,0.0512,0.6348,0.06952,0.00484
10,high,4,3,10,0.70,true,0.19400,0.00442,0.13678,1.94280,0.00539,0.6614,0.0295,0.7218,0.10573,0.00532
10,high,4,3,10,0.80,true,0.19187,0.00440,0.17542,1.98358,0.00561,0.7470,0.0150,0.8158,0.14652,0.00581
10,high,4,3,10,0.90,true,0.18987,0.00438,0.21344,2.02362,0.00581,0.8325,0.0093,0.9055,0.18656,0.00612
10,high,4,3,10,1.00,true,0.18338,0.00433,0.25404,2.07075,0.00595,0.9213,0.0055,0.9987,0.23369,0.00641
10,high,4,3,10,1.10,true,0.17463,0.00424,0.29666,2.12217,0.00605,1.0139,0.0033,1.0957,0.28510,0.00666
10,high,4,3,10,1.20,true,0.16500,0.00415,0.33687,2.17205,0.00610,1.1023,0.0022,1.1883,0.33499,0.00683
10,high,4,3,15,0.00,true,0.06763,0.00281,0.04915,1.98153,0.00312,0.2749,0.5301,0.4565,0.01045,0.00417
10,high,4,3,15,0.10,true,0.08125,0.00305,0.05543,1.97419,0.00342,0.3703,0.4373,0.4713,0.00311,0.00317
10,high,4,3,15,0.20,true,0.09488,0.00328,0.06595,1.97108,0.00372,0.4346,0.3627,0.5010,0.00000,0.00000
10,high,4,3,15,0.30,true,0.09838,0.00333,0.08270,1.98434,0.00390,0.4914,0.2943,0.5447,0.01326,0.00291
10,high,4,3,15,0.40,true,0.10138,0.00337,0.10471,2.00335,0.00410,0.5509,0.2342,0.5997,0.03227,0.00397
10,high,4,3,15,0.50,true,0.10312,0.00340,0.13007,2.02698,0.00429,0.6100,0.1817,0.6622,0.05590,0.00458
10,high,4,3,15,0.60,true,0.10225,0.00339,0.16022,2.05802,0.00445,0.6742,0.1369,0.7337,0.08694,0.00497
10,high,4,3,15,0.70,true,0.10325,0.00340,0.19270,2.08952,0.00464,0.7418,0.1004,0.8111,0.11844,0.00522
10,high,4,3,15,0.80,true,0.10088,0.00337,0.22783,2.12706,0.00478,0.8159,0.0752,0.8925,0.15599,0.00544
10,high,4,3,15,0.90,true,0.09938,0.00334,0.26403,2.16481,0.00491,0.8912,0.0536,0.9784,0.19373,0.00563
10,high,4,3,15,1.00,true,0.09825,0.00333,0.29954,2.20151,0.00503,0.9686,0.0384,1.0643,0.23043,0.00582
10,high,4,3,15,1.10,true,0.09688,0.00331,0.33549,2.23891,0.00513,1.0503,0.0281,1.1535,0.26783,0.00595
10,high,4,3,15,1.20,true,0.09025,0.00320,0.37209,2.28225,0.00511,1.1323,0.0207,1.2420,0.31117,0.00597
10,high,4,3,20,0.00,true,0.04612,0.00235,0.12529,2.07919,0.00317,0.4326,0.5226,0.6657,0.00000,0.00000
10,high,4,3,20,0.10,true,0.05162,0.00247,0.13263,2.08104,0.00335,0.5394,0.4736,0.6775,0.00185,0.00310
10,high,4,3,20,0.20,true,0.05100,0.00246,0.14510,2.09414,0.00343,0.6019,0.4189,0.7004,0.01495,0.00354
10,high,4,3,20,0.30,true,0.05488,0.00255,0.16070,2.10589,0.00362,0.6557,0.3669,0.7350,0.02670,0.00384
10,high,4,3,20,0.40,true,0.05675,0.00259,0.17874,2.12207,0.00377,0.7102,0.3237,0.7749,0.04288,0.00411
10,high,4,3,20,0.50,true,0.06175,0.00269,0.19922,2.13759,0.00400,0.7628,0.2814,0.8237,0.05840,0.00439
10,high,4,3,20,0.60,true,0.06475,0.00275,0.22378,2.15919,0.00420,0.8200,0.2390,0.8828,0.08000,0.00463
10,high,4,3,20,0.70,true,0.06350,0.00273,0.24922,2.18594,0.00430,0.8730,0.2009,0.9422,0.10675,0.00482
10,high,4,3,20,0.80,true,0.06400,0.00274,0.27623,2.21253,0.00443,0.9317,0.1676,1.0088,0.13334,0.00502
10,high,4,3,20,0.90,true,0.06388,0.00273,0.30386,2.24037,0.00454,0.9904,0.1370,1.0789,0.16118,0.00521
10,high,4,3,20,1.00,true,0.06263,0.00271,0.33286,2.27074,0.00462,1.0554,0.1120,1.1540,0.19155,0.00535
10,high,4,3,20,1.10,true,0.06288,0.00271,0.36214,2.29992,0.00471,1.1253,0.0911,1.2345,0.22073,0.00549
10,high,4,3,20,1.20,true,0.06087,0.00267,0.39150,2.33147,0.00475,1.1957,0.0732,1.3162,0.25228,0.00558
10,high,4,6,10,0.00,true,0.12525,0.00370,0.00431,1.87906,0.00372,0.2121,0.5603,0.2795,0.04048,0.00343
10,high,4,6,10,0.10,true,0.14913,0.00398,0.00440,1.85528,0.00401,0.2571,0.4071,0.2992,0.01669,0.00276
10,high,4,6,10,0.20,true,0.16562,0.00416,0.00668,1.84106,0.00419,0.3123,0.2670,0.3435,0.00247,0.00184
10,high,4,6,10,0.30,true,0.17300,0.00423,0.01158,1.83858,0.00430,0.3804,0.1682,0.4068,0.00000,0.00000
10,high,4,6,10,0.40,true,0.17288,0.00423,0.01981,1.84693,0.00435,0.4561,0.0975,0.4842,0.00835,0.00172
10,high,4,6,10,0.50,true,0.16575,0.00416,0.03174,1.86600,0.00435,0.5380,0.0536,0.5693,0.02741,0.00227
10,high,4,6,10,0.60,true,0.15538,0.00405,0.04817,1.89280,0.00434,0.6276,0.0280,0.6612,0.05422,0.00272
10,high,4,6,10,0.70,true,0.14575,0.00395,0.06827,1.92252,0.00435,0.7194,0.0149,0.7539,0.08394,0.00302
10,high,4,6,10,0.80,true,0.13200,0.00378,0.09388,1.96189,0.00432,0.8169,0.0065,0.8525,0.12331,0.00335
10,high,4,6,10,0.90,true,0.12025,0.00364,0.12164,2.00141,0.00431,0.9111,0.0036,0.9459,0.16283,0.00358
10,high,4,6,10,1.00,true,0.10375,0.00341,0.15668,2.05297,0.00422,1.0169,0.0018,1.0507,0.21438,0.00388
10,high,4,6,10,1.10,true,0.09187,0.00323,0.19240,2.10058,0.00416,1.1177,0.0008,1.1508,0.26200,0.00412
10,high,4,6,10,1.20,true,0.07988,0.00303,0.22789,2.14811,0.00406,1.2124,0.0007,1.2446,0.30953,0.00431
10,high,4,6,15,0.00,true,0.06738,0.00280,0.03803,1.97066,0.00302,0.3167,0.5312,0.4534,0.00505,0.00202
10,high,4,6,15,0.10,true,0.07287,0.00291,0.03901,1.96614,0.00312,0.3594,0.4312,0.4707,0.00053,0.00150
10,high,4,6,15,0.20,true,0.07850,0.00301,0.04411,1.96561,0.00326,0.4140,0.3399,0.5050,0.00000,0.00000
10,high,4,6,15,0.30,true,0.07925,0.00302,0.05310,1.97385,0.00333,0.4731,0.2601,0.5521,0.00824,0.00137
10,high,4,6,15,0.40,true,0.08038,0.00304,0.06592,1.98555,0.00342,0.5390,0.1942,0.6120,0.01995,0.00189
10,high,4,6,15,0.50,true,0.07875,0.00301,0.08225,2.00351,0.00349,0.6062,0.1389,0.6800,0.03790,0.00225
10,high,4,6,15,0.60,true,0.07612,0.00297,0.10245,2.02634,0.00355,0.6793,0.0931,0.7574,0.06073,0.00253
10,high,4,6,15,0.70,true,0.07437,0.00293,0.12509,2.05074,0.00364,0.7590,0.0637,0.8391,0.08513,0.00280
10,high,4,6,15,0.80,true,0.06813,0.00282,0.15142,2.08334,0.00364,0.8443,0.0424,0.9260,0.11773,0.00303
10,high,4,6,15,0.90,true,0.06263,0.00271,0.18119,2.11864,0.00366,0.9379,0.0281,1.0203,0.15303,0.00327
10,high,4,6,15,1.00,true,0.05600,0.00257,0.21233,2.15644,0.00363,1.0302,0.0176,1.1140,0.19083,0.00348
10,high,4,6,15,1.10,true,0.05137,0.00247,0.24250,2.19128,0.00362,1.1194,0.0121,1.2031,0.22567,0.00365
10,high,4,6,15,1.20,true,0.04512,0.00232,0.27741,2.23250,0.00356,1.2209,0.0081,1.3038,0.26689,0.00378
10,high,4,6,20,0.00,true,0.03037,0.00192,0.11480,2.08444,0.00267,0.4092,0.5256,0.6441,0.00319,0.00106
10,high,4,6,20,0.10,true,0.03525,0.00206,0.11649,2.08126,0.00281,0.4505,0.4504,0.6622,0.00000,0.00000
10,high,4,6,20,0.20,true,0.03700,0.00211,0.12233,2.08535,0.00288,0.5027,0.3814,0.6909,0.00410,0.00109
10,high,4,6,20,0.30,true,0.03950,0.00218,0.13196,2.09249,0.00300,0.5532,0.3104,0.7311,0.01124,0.00152
10,high,4,6,20,0.40,true,0.04175,0.00224,0.14482,2.10311,0.00312,0.6121,0.2531,0.7802,0.02186,0.00183
10,high,4,6,20,0.50,true,0.04025,0.00220,0.16117,2.12098,0.00316,0.6774,0.2036,0.8382,0.03973,0.00216
10,high,4,6,20,0.60,true,0.03938,0.00217,0.18019,2.14090,0.00323,0.7411,0.1565,0.9030,0.05964,0.00239
10,high,4,6,20,0.70,true,0.03875,0.00216,0.20193,2.16329,0.00330,0.8131,0.1194,0.9758,0.08203,0.00264
10,high,4,6,20,0.80,true,0.03762,0.00213,0.22506,2.18758,0.00336,0.8885,0.0921,1.0514,0.10633,0.00283
10,high,4,6,20,0.90,true,0.03550,0.00207,0.25113,2.21583,0.00338,0.9712,0.0695,1.1346,0.13458,0.00300
10,high,4,6,20,1.00,true,0.03363,0.00202,0.27732,2.24395,0.00340,1.0531,0.0523,1.2180,0.16270,0.00320
10,high,4,6,20,1.10,true,0.02975,0.00190,0.30487,2.27545,0.00335,1.1374,0.0388,1.3034,0.19420,0.00335
10,high,4,6,20,1.20,true,0.02825,0.00185,0.33307,2.30525,0.00336,1.2272,0.0292,1.3935,0.22399,0.00349
10,hcp30,4,12,10,0.00,true,0.20625,0.00452,0.07501,1.86927,0.00513,0.4096,0.6113,0.4337,0.01550,0.00341
10,hcp30,4,12,10,0.10,true,0.22762,0.00469,0.08389,1.85690,0.00541,0.4656,0.5323,0.4488,0.00312,0.00232
10,hcp30,4,12,10,0.20,true,0.24550,0.00481,0.09842,1.85378,0.00570,0.5259,0.4554,0.4782,0.00000,0.00000
10,hcp30,4,12,10,0.30,true,0.26262,0.00492,0.11715,1.85573,0.00602,0.5856,0.3814,0.5222,0.00195,0.00224
10,hcp30,4,12,10,0.40,true,0.27000,0.00496,0.13909,1.87077,0.00628,0.6483,0.3193,0.5740,0.01699,0.00311
10,hcp30,4,12,10,0.50,true,0.27513,0.00499,0.16491,1.89210,0.00655,0.7201,0.2654,0.6379,0.03832,0.00381
10,hcp30,4,12,10,0.60,true,0.28037,0.00502,0.19355,1.91631,0.00684,0.7950,0.2147,0.7139,0.06253,0.00449
10,hcp30,4,12,10,0.70,true,0.27900,0.00501,0.22366,1.94884,0.00707,0.8710,0.1746,0.7927,0.09506,0.00502
10,hcp30,4,12,10,0.80,true,0.27600,0.00500,0.25410,1.98354,0.00728,0.9499,0.1426,0.8753,0.12976,0.00542
10,hcp30,4,12,10,0.90,true,0.27500,0.00499,0.28469,2.01662,0.00750,1.0284,0.1107,0.9650,0.16284,0.00582
10,hcp30,4,12,10,1.00,true,0.27313,0.00498,0.31546,2.05105,0.00770,1.1145,0.0865,1.0602,0.19727,0.00620
10,hcp30,4,12,10,1.10,true,0.26475,0.00493,0.34660,2.09262,0.00782,1.2024,0.0717,1.1516,0.23884,0.00650
10,hcp30,4,12,10,1.20,true,0.25538,0.00488,0.37721,2.13500,0.00792,1.2890,0.0574,1.2451,0.28122,0.00674
10,hcp30,4,12,15,0.00,true,0.12700,0.00372,0.17224,2.04791,0.00499,0.6253,0.5500,0.6470,0.00000,0.00000
10,hcp30,4,12,15,0.10,true,0.13525,0.00382,0.18287,2.05061,0.00520,0.6733,0.4941,0.6652,0.00270,0.00178
10,hcp30,4,12,15,0.20,true,0.14100,0.00389,0.19720,2.05971,0.00540,0.7292,0.4419,0.6926,0.01181,0.00249
10,hcp30,4,12,15,0.30,true,0.14600,0.00395,0.21449,2.07272,0.00561,0.7929,0.3964,0.7292,0.02481,0.00307
10,hcp30,4,12,15,0.40,true,0.15138,0.00401,0.23499,2.08881,0.00583,0.8550,0.3472,0.7777,0.04090,0.00367
10,hcp30,4,12,15,0.50,true,0.15225,0.00402,0.25594,2.10996,0.00599,0.9198,0.3116,0.8271,0.06206,0.00416
10,hcp30,4,12,15,0.60,true,0.15500,0.00405,0.27920,2.13180,0.00619,0.9870,0.2741,0.8866,0.08389,0.00462
10,hcp30,4,12,15,0.70,true,0.15600,0.00406,0.30355,2.15676,0.00636,1.0585,0.2419,0.9516,0.10885,0.00501
10,hcp30,4,12,15,0.80,true,0.15563,0.00405,0.32920,2.18462,0.00650,1.1330,0.2130,1.0222,0.13671,0.00541
10,hcp30,4,12,15,0.90,true,0.15413,0.00404,0.35519,2.21420,0.00663,1.2050,0.1852,1.0963,0.16630,0.00575
10,hcp30,4,12,15,1.00,true,0.15475,0.00404,0.38077,2.24150,0.00677,1.2796,0.1588,1.1768,0.19359,0.00607
10,hcp30,4,12,15,1.10,true,0.15338,0.00403,0.40681,2.27157,0.00688,1.3575,0.1361,1.2610,0.22366,0.00635
10,hcp30,4,12,15,1.20,true,0.15000,0.00399,0.43259,2.30367,0.00696,1.4381,0.1176,1.3466,0.25576,0.00658
10,hcp30,4,12,20,0.00,true,0.08025,0.00304,0.26272,2.18937,0.00479,0.8094,0.5424,0.8531,0.00000,0.00000
10,hcp30,4,12,20,0.10,true,0.08400,0.00310,0.27124,2.19460,0.00493,0.8606,0.5050,0.8670,0.00523,0.00136
10,hcp30,4,12,20,0.20,true,0.08775,0.00316,0.28273,2.20306,0.00509,0.9125,0.4638,0.8901,0.01369,0.00207
10,hcp30,4,12,20,0.30,true,0.09200,0.00323,0.29671,2.21376,0.00526,0.9765,0.4269,0.9223,0.02440,0.00267
10,hcp30,4,12,20,0.40,true,0.09600,0.00329,0.31174,2.22597,0.00543,1.0335,0.3895,0.9608,0.03660,0.00319
10,hcp30,4,12,20,0.50,true,0.09825,0.00333,0.32708,2.24035,0.00557,1.0896,0.3575,1.0014,0.05098,0.00362
10,hcp30,4,12,20,0.60,true,0.09838,0.00333,0.34477,2.25952,0.00568,1.1505,0.3255,1.0490,0.07015,0.00403
10,hcp30,4,12,20,0.70,true,0.10075,0.00337,0.36312,2.27735,0.00583,1.2123,0.2934,1.1046,0.08798,0.00444
10,hcp30,4,12,20,0.80,true,0.10200,0.00338,0.38238,2.29745,0.00596,1.2813,0.2668,1.1645,0.10809,0.00481
10,hcp30,4,12,20,0.90,true,0.10200,0.00338,0.40307,2.32049,0.00606,1.3535,0.2423,1.2299,0.13113,0.00519
10,hcp30,4,12,20,1.00,true,0.10162,0.00338,0.42340,2.34378,0.00614,1.4209,0.2178,1.2971,0.15441,0.00547
10,hcp30,4,12,20,1.10,true,0.10187,0.00338,0.44359,2.36653,0.00624,1.4945,0.1972,1.3687,0.17716,0.00574
10,hcp30,4,12,20,1.20,true,0.10088,0.00337,0.46418,2.39118,0.00630,1.5695,0.1785,1.4432,0.20182,0.00597
10,hcp30,4,3,10,0.00,true,0.07000,0.00285,0.16538,2.09749,0.00402,0.1594,0.5538,0.4649,0.02485,0.00415
10,hcp30,4,3,10,0.10,true,0.09237,0.00324,0.16821,2.07805,0.00444,0.3512,0.4480,0.4807,0.00542,0.00310
10,hcp30,4,3,10,0.20,true,0.11013,0.00350,0.18017,2.07264,0.00479,0.4528,0.3805,0.5163,0.00000,0.00000
10,hcp30,4,3,10,0.30,true,0.12262,0.00367,0.19982,2.08040,0.00510,0.5331,0.3248,0.5652,0.00776,0.00309
10,hcp30,4,3,10,0.40,true,0.12900,0.00375,0.22432,2.09940,0.00533,0.6016,0.2770,0.6191,0.02676,0.00425
10,hcp30,4,3,10,0.50,true,0.13550,0.00383,0.25221,2.12195,0.00559,0.6641,0.2290,0.6812,0.04931,0.00511
10,hcp30,4,3,10,0.60,true,0.13662,0.00384,0.28404,2.15417,0.00578,0.7342,0.1926,0.7501,0.08153,0.00574
10,hcp30,4,3,10,0.70,true,0.13887,0.00387,0.31584,2.18555,0.00598,0.8035,0.1611,0.8222,0.11291,0.00621
10,hcp30,4,3,10,0.80,true,0.13925,0.00387,0.34978,2.22140,0.00615,0.8799,0.1362,0.9019,0.14877,0.00658
10,hcp30,4,3,10,0.90,true,0.14000,0.00388,0.38231,2.25575,0.00632,0.9533,0.1128,0.9825,0.18311,0.00688
10,hcp30,4,3,10,1.00,true,0.13962,0.00388,0.41308,2.28980,0.00645,1.0258,0.0928,1.0639,0.21716,0.00713
10,hcp30,4,3,10,1.10,true,0.13887,0.00387,0.44406,2.32490,0.00658,1.1055,0.0775,1.1508,0.25227,0.00735
10,hcp30,4,3,10,1.20,true,0.13625,0.00384,0.47397,2.36124,0.00666,1.1840,0.0628,1.2392,0.28860,0.00750
10,hcp30,4,3,15,0.00,true,0.04100,0.00222,0.29027,2.25681,0.00415,0.2437,0.5325,0.6864,0.00682,0.00377
10,hcp30,4,3,15,0.10,true,0.05162,0.00247,0.29433,2.25049,0.00440,0.4820,0.4628,0.7021,0.00050,0.00286
10,hcp30,4,3,15,0.20,true,0.06225,0.00270,0.30389,2.24999,0.00466,0.6047,0.4148,0.7313,0.00000,0.00000
10,hcp30,4,3,15,0.30,true,0.06825,0.00282,0.31768,2.25861,0.00483,0.6817,0.3687,0.7680,0.00862,0.00273
10,hcp30,4,3,15,0.40,true,0.07100,0.00287,0.33540,2.27480,0.00495,0.7548,0.3288,0.8128,0.02481,0.00377
10,hcp30,4,3,15,0.50,true,0.07275,0.00290,0.35633,2.29549,0.00506,0.8199,0.2889,0.8652,0.04550,0.00439
10,hcp30,4,3,15,0.60,true,0.07988,0.00303,0.37686,2.31066,0.00527,0.8898,0.2593,0.9236,0.06067,0.00496
10,hcp30,4,3,15,0.70,true,0.07875,0.00301,0.40180,2.33898,0.00533,0.9564,0.2277,0.9870,0.08899,0.00530
10,hcp30,4,3,15,0.80,true,0.08000,0.00303,0.42586,2.36431,0.00544,1.0273,0.2048,1.0529,0.11432,0.00562
10,hcp30,4,3,15,0.90,true,0.08125,0.00305,0.45086,2.39092,0.00554,1.0945,0.1796,1.1244,0.14093,0.00594
10,hcp30,4,3,15,1.00,true,0.07675,0.00298,0.47719,2.42502,0.00552,1.1638,0.1587,1.1961,0.17503,0.00609
10,hcp30,4,3,15,1.10,true,0.07650,0.00297,0.50231,2.45403,0.00558,1.2380,0.1408,1.2739,0.20404,0.00628
10,hcp30,4,3,15,1.20,true,0.07700,0.00298,0.52618,2.48132,0.00565,1.3137,0.1255,1.3539,0.23133,0.00648
10,hcp30,4,3,20,0.00,true,0.02763,0.00183,0.40373,2.39300,0.00426,0.3396,0.5301,0.9298,0.00119,0.00264
10,hcp30,4,3,20,0.10,true,0.03238,0.00198,0.40705,2.39181,0.00438,0.5915,0.4768,0.9409,0.00000,0.00000
10,hcp30,4,3,20,0.20,true,0.03750,0.00212,0.41470,2.39494,0.00451,0.7332,0.4387,0.9645,0.00313,0.00262
10,hcp30,4,3,20,0.30,true,0.04150,0.00223,0.42365,2.40080,0.00462,0.8298,0.4052,0.9928,0.00899,0.00340
10,hcp30,4,3,20,0.40,true,0.04437,0.00230,0.43637,2.41196,0.00471,0.9174,0.3763,1.0305,0.02015,0.00377
10,hcp30,4,3,20,0.50,true,0.04725,0.00237,0.45093,2.42529,0.00481,0.9924,0.3462,1.0755,0.03348,0.00407
10,hcp30,4,3,20,0.60,true,0.04775,0.00238,0.46638,2.44219,0.00485,1.0621,0.3185,1.1229,0.05038,0.00440
10,hcp30,4,3,20,0.70,true,0.04688,0.00236,0.48268,2.46167,0.00486,1.1273,0.2922,1.1739,0.06986,0.00466
10,hcp30,4,3,20,0.80,true,0.04775,0.00238,0.49904,2.47976,0.00492,1.1952,0.2696,1.2301,0.08795,0.00495
10,hcp30,4,3,20,0.90,true,0.04850,0.00240,0.51635,2.49923,0.00498,1.2654,0.2495,1.2909,0.10742,0.00520
10,hcp30,4,3,20,1.00,true,0.04788,0.00239,0.53534,2.52226,0.00500,1.3322,0.2263,1.3576,0.13046,0.00539
10,hcp30,4,3,20,1.10,true,0.04587,0.00234,0.55433,2.54702,0.00498,1.4038,0.2080,1.4260,0.15522,0.00553
10,hcp30,4,3,20,1.20,true,0.04587,0.00234,0.57157,2.56817,0.00501,1.4689,0.1888,1.4958,0.17636,0.00571
10,hcp30,4,6,10,0.00,true,0.10787,0.00347,0.10204,1.99488,0.00416,0.4175,0.5568,0.4561,0.00912,0.00269
10,hcp30,4,6,10,0.10,true,0.11925,0.00362,0.10455,1.98612,0.00434,0.4708,0.4801,0.4752,0.00036,0.00191
10,hcp30,4,6,10,0.20,true,0.12837,0.00374,0.11307,1.98576,0.00452,0.5259,0.4023,0.5087,0.00000,0.00000
10,hcp30,4,6,10,0.30,true,0.13362,0.00380,0.12703,1.99486,0.00468,0.5874,0.3334,0.5549,0.00910,0.00181
10,hcp30,4,6,10,0.40,true,0.13537,0.00383,0.14605,2.01269,0.00484,0.6537,0.2701,0.6141,0.02693,0.00268
10,hcp30,4,6,10,0.50,true,0.13837,0.00386,0.16888,2.03329,0.00503,0.7314,0.2214,0.6852,0.04753,0.00338
10,hcp30,4,6,10,0.60,true,0.13425,0.00381,0.19495,2.06449,0.00513,0.8069,0.1779,0.7611,0.07873,0.00391
10,hcp30,4,6,10,0.70,true,0.13075,0.00377,0.22228,2.09653,0.00524,0.8856,0.1445,0.8411,0.11077,0.00435
10,hcp30,4,6,10,0.80,true,0.12312,0.00367,0.25284,2.13624,0.00530,0.9670,0.1136,0.9283,0.15048,0.00478
10,hcp30,4,6,10,0.90,true,0.11363,0.00355,0.28336,2.17798,0.00529,1.0494,0.0921,1.0143,0.19222,0.00516
10,hcp30,4,6,10,1.00,true,0.10512,0.00343,0.31681,2.22210,0.00529,1.1407,0.0721,1.1118,0.23634,0.00548
10,hcp30,4,6,10,1.10,true,0.09800,0.00332,0.34774,2.26245,0.00528,1.2277,0.0574,1.2045,0.27669,0.00573
10,hcp30,4,6,10,1.20,true,0.08887,0.00318,0.37707,2.30331,0.00521,1.3084,0.0450,1.2919,0.31755,0.00591
10,hcp30,4,6,15,0.00,true,0.06313,0.00272,0.22510,2.16558,0.00413,0.6299,0.5272,0.6963,0.00121,0.00144
10,hcp30,4,6,15,0.10,true,0.06700,0.00280,0.22745,2.16437,0.00421,0.6827,0.4776,0.7152,0.00000,0.00000
10,hcp30,4,6,15,0.20,true,0.06888,0.00283,0.23348,2.16904,0.00427,0.7333,0.4245,0.7427,0.00468,0.00135
10,hcp30,4,6,15,0.30,true,0.07100,0.00287,0.24321,2.17739,0.00437,0.7939,0.3784,0.7803,0.01302,0.00205
10,hcp30,4,6,15,0.40,true,0.06913,0.00284,0.25669,2.19370,0.00440,0.8600,0.3364,0.8263,0.02933,0.00269
10,hcp30,4,6,15,0.50,true,0.06763,0.00281,0.27179,2.21143,0.00445,0.9215,0.2968,0.8768,0.04707,0.00317
10,hcp30,4,6,15,0.60,true,0.06575,0.00277,0.28994,2.23288,0.00450,0.9882,0.2592,0.9364,0.06851,0.00365
10,hcp30,4,6,15,0.70,true,0.06187,0.00269,0.30945,2.25787,0.00450,1.0590,0.2302,0.9983,0.09350,0.00404
10,hcp30,4,6,15,0.80,true,0.06112,0.00268,0.33067,2.28170,0.00458,1.1313,0.2002,1.0694,0.11733,0.00445
10,hcp30,4,6,15,0.90,true,0.05775,0.00261,0.35368,2.31027,0.00459,1.2045,0.1715,1.1456,0.14590,0.00480
10,hcp30,4,6,15,1.00,true,0.05450,0.00254,0.37691,2.33914,0.00460,1.2801,0.1475,1.2245,0.17477,0.00512
10,hcp30,4,6,15,1.10,true,0.05162,0.00247,0.39866,2.36618,0.00460,1.3524,0.1286,1.3002,0.20181,0.00536
10,hcp30,4,6,15,1.20,true,0.04875,0.00241,0.42277,2.39613,0.00460,1.4330,0.1083,1.3882,0.23176,0.00560
10,hcp30,4,6,20,0.00,true,0.03175,0.00196,0.33487,2.31197,0.00386,0.8091,0.5195,0.9164,0.00000,0.00000
10,hcp30,4,6,20,0.10,true,0.03250,0.00198,0.33704,2.31384,0.00388,0.8585,0.4815,0.9331,0.00187,0.00116
10,hcp30,4,6,20,0.20,true,0.03475,0.00205,0.34139,2.31661,0.00395,0.9099,0.4416,0.9582,0.00464,0.00168
10,hcp30,4,6,20,0.30,true,0.03425,0.00203,0.34832,2.32495,0.00396,0.9710,0.4081,0.9888,0.01298,0.00217
10,hcp30,4,6,20,0.40,true,0.03388,0.00202,0.35741,2.33554,0.00398,1.0304,0.3743,1.0262,0.02357,0.00263
10,hcp30,4,6,20,0.50,true,0.03575,0.00208,0.36758,2.34519,0.00407,1.0875,0.3396,1.0703,0.03322,0.00303
10,hcp30,4,6,20,0.60,true,0.03725,0.00212,0.37955,2.35724,0.00416,1.1461,0.3059,1.1208,0.04527,0.00345
10,hcp30,4,6,20,0.70,true,0.03413,0.00203,0.39374,2.37642,0.00413,1.2127,0.2780,1.1747,0.06445,0.00383
10,hcp30,4,6,20,0.80,true,0.03225,0.00198,0.40836,2.39492,0.00412,1.2782,0.2525,1.2320,0.08295,0.00417
10,hcp30,4,6,20,0.90,true,0.03188,0.00196,0.42422,2.41350,0.00417,1.3481,0.2271,1.2973,0.10153,0.00448
10,hcp30,4,6,20,1.00,true,0.03100,0.00194,0.44004,2.43263,0.00419,1.4183,0.2063,1.3632,0.12066,0.00475
10,hcp30,4,6,20,1.10,true,0.03025,0.00191,0.45619,2.45218,0.00421,1.4863,0.1850,1.4325,0.14021,0.00499
10,hcp30,4,6,20,1.20,true,0.02950,0.00189,0.47287,2.47252,0.00423,1.5580,0.1656,1.5060,0.16055,0.00519
10,tour,5,12,10,0.00,true,0.45750,0.00557,0.00004,1.54254,0.00557,0.1789,0.7705,0.1902,0.21425,0.00578
10,tour,5,12,10,0.10,true,0.57925,0.00552,0.00014,1.42089,0.00552,0.2324,0.5829,0.2008,0.09260,0.00463
10,tour,5,12,10,0.20,true,0.64975,0.00533,0.00048,1.35073,0.00534,0.2992,0.3512,0.2554,0.02244,0.00289
10,tour,5,12,10,0.30,true,0.67300,0.00524,0.00129,1.32829,0.00527,0.3699,0.1873,0.3353,0.00000,0.00000
10,tour,5,12,10,0.40,true,0.67175,0.00525,0.00314,1.33139,0.00530,0.4496,0.0765,0.4334,0.00310,0.00250
10,tour,5,12,10,0.50,true,0.65875,0.00530,0.00665,1.34790,0.00541,0.5410,0.0315,0.5343,0.01961,0.00322
10,tour,5,12,10,0.60,true,0.64350,0.00535,0.01243,1.36893,0.00555,0.6357,0.0112,0.6353,0.04064,0.00364
10,tour,5,12,10,0.70,true,0.62500,0.00541,0.02100,1.39600,0.00573,0.7315,0.0033,0.7341,0.06771,0.00402
10,tour,5,12,10,0.80,true,0.60775,0.00546,0.03302,1.42527,0.00594,0.8319,0.0010,0.8354,0.09698,0.00435
10,tour,5,12,10,0.90,true,0.59337,0.00549,0.04722,1.45384,0.00616,0.9296,0.0003,0.9331,0.12555,0.00463
10,tour,5,12,10,1.00,true,0.57825,0.00552,0.06437,1.48612,0.00641,1.0292,0.0003,1.0324,0.15783,0.00491
10,tour,5,12,10,1.10,true,0.56075,0.00555,0.08424,1.52349,0.00666,1.1299,0.0003,1.1328,0.19520,0.00521
10,tour,5,12,10,1.20,true,0.54538,0.00557,0.10535,1.55998,0.00691,1.2302,0.0003,1.2329,0.23169,0.00551
10,tour,5,12,15,0.00,true,0.31025,0.00517,0.00066,1.69041,0.00518,0.2500,0.6577,0.2703,0.12481,0.00506
10,tour,5,12,15,0.10,true,0.36062,0.00537,0.00137,1.64074,0.00538,0.2968,0.5259,0.2791,0.07514,0.00437
10,tour,5,12,15,0.20,true,0.40513,0.00549,0.00298,1.59785,0.00552,0.3539,0.3787,0.3169,0.03225,0.00341
10,tour,5,12,15,0.30,true,0.43212,0.00554,0.00557,1.57344,0.00560,0.4144,0.2677,0.3720,0.00784,0.00233
10,tour,5,12,15,0.40,true,0.44438,0.00556,0.00998,1.56560,0.00567,0.4863,0.1748,0.4468,0.00000,0.00000
10,tour,5,12,15,0.50,true,0.44850,0.00556,0.01678,1.56828,0.00575,0.5651,0.1070,0.5347,0.00267,0.00212
10,tour,5,12,15,0.60,true,0.44925,0.00556,0.02619,1.57694,0.00586,0.6494,0.0579,0.6318,0.01134,0.00285
10,tour,5,12,15,0.70,true,0.44375,0.00555,0.03858,1.59483,0.00598,0.7391,0.0308,0.7303,0.02923,0.00329
10,tour,5,12,15,0.80,true,0.43188,0.00554,0.05423,1.62236,0.00613,0.8333,0.0183,0.8285,0.05676,0.00366
10,tour,5,12,15,0.90,true,0.41850,0.00552,0.07305,1.65455,0.00628,0.9269,0.0086,0.9270,0.08895,0.00399
10,tour,5,12,15,1.00,true,0.40725,0.00549,0.09422,1.68697,0.00646,1.0240,0.0044,1.0262,0.12137,0.00427
10,tour,5,12,15,1.10,true,0.39663,0.00547,0.11694,1.72031,0.00663,1.1199,0.0015,1.1241,0.15471,0.00453
10,tour,5,12,15,1.20,true,0.38650,0.00544,0.14138,1.75488,0.00681,1.2180,0.0006,1.2226,0.18928,0.00475
10,tour,5,12,20,0.00,true,0.21363,0.00458,0.00354,1.78991,0.00461,0.3332,0.6039,0.3531,0.06234,0.00454
10,tour,5,12,20,0.10,true,0.24100,0.00478,0.00545,1.76445,0.00482,0.3712,0.5025,0.3620,0.03688,0.00408
10,tour,5,12,20,0.20,true,0.26425,0.00493,0.00908,1.74483,0.00500,0.4274,0.4021,0.3913,0.01726,0.00348
10,tour,5,12,20,0.30,true,0.27925,0.00502,0.01416,1.73491,0.00514,0.4795,0.3092,0.4351,0.00734,0.00285
10,tour,5,12,20,0.40,true,0.29263,0.00509,0.02151,1.72888,0.00528,0.5468,0.2325,0.4967,0.00131,0.00193
10,tour,5,12,20,0.50,true,0.30362,0.00514,0.03120,1.72757,0.00542,0.6198,0.1705,0.5709,0.00000,0.00000
10,tour,5,12,20,0.60,true,0.30612,0.00515,0.04379,1.73766,0.00555,0.6931,0.1162,0.6541,0.01009,0.00179
10,tour,5,12,20,0.70,true,0.30850,0.00516,0.05892,1.75042,0.00570,0.7718,0.0743,0.7451,0.02285,0.00246
10,tour,5,12,20,0.80,true,0.30750,0.00516,0.07662,1.76912,0.00585,0.8560,0.0468,0.8391,0.04155,0.00287
10,tour,5,12,20,0.90,true,0.30212,0.00513,0.09707,1.79495,0.00599,0.9443,0.0288,0.9350,0.06738,0.00320
10,tour,5,12,20,1.00,true,0.29513,0.00510,0.12019,1.82506,0.00613,1.0383,0.0183,1.0337,0.09749,0.00353
10,tour,5,12,20,1.10,true,0.28937,0.00507,0.14471,1.85534,0.00628,1.1328,0.0104,1.1330,0.12777,0.00379
10,tour,5,12,20,1.20,true,0.28287,0.00504,0.17111,1.88823,0.00643,1.2309,0.0058,1.2341,0.16066,0.00407
10,tour,5,3,10,0.00,true,0.14000,0.00388,0.00098,1.86098,0.00388,0.0850,0.5429,0.2162,0.11719,0.00552
10,tour,5,3,10,0.10,true,0.20763,0.00453,0.00112,1.79350,0.00454,0.1620,0.2633,0.2434,0.04971,0.00549
10,tour,5,3,10,0.20,true,0.23187,0.00472,0.00197,1.77010,0.00473,0.2372,0.1403,0.2972,0.02631,0.00485
10,tour,5,3,10,0.30,true,0.24863,0.00483,0.00446,1.75583,0.00486,0.3115,0.0792,0.3668,0.01204,0.00384
10,tour,5,3,10,0.40,true,0.26338,0.00492,0.00929,1.74592,0.00499,0.3842,0.0414,0.4441,0.00213,0.00268
10,tour,5,3,10,0.50,true,0.27375,0.00499,0.01754,1.74379,0.00512,0.4600,0.0208,0.5264,0.00000,0.00000
10,tour,5,3,10,0.60,true,0.28037,0.00502,0.02992,1.74954,0.00526,0.5379,0.0092,0.6123,0.00575,0.00246
10,tour,5,3,10,0.70,true,0.29100,0.00508,0.04621,1.75521,0.00545,0.6184,0.0044,0.7004,0.01143,0.00354
10,tour,5,3,10,0.80,true,0.29513,0.00510,0.06715,1.77203,0.00565,0.7006,0.0016,0.7910,0.02824,0.00426
10,tour,5,3,10,0.90,true,0.29613,0.00510,0.09151,1.79538,0.00585,0.7820,0.0007,0.8807,0.05160,0.00491
10,tour,5,3,10,1.00,true,0.29912,0.00512,0.11997,1.82084,0.00609,0.8697,0.0002,0.9772,0.07705,0.00545
10,tour,5,3,10,1.10,true,0.29825,0.00511,0.14866,1.85041,0.00630,0.9511,0.0000,1.0667,0.10662,0.00590
10,tour,5,3,10,1.20,true,0.29175,0.00508,0.18068,1.88893,0.00648,1.0359,0.0000,1.1613,0.14514,0.00638
10,tour,5,3,15,0.00,true,0.08163,0.00306,0.00903,1.92740,0.00311,0.1333,0.5301,0.3156,0.06881,0.00425
10,tour,5,3,15,0.10,true,0.11800,0.00361,0.00931,1.89131,0.00366,0.2052,0.3379,0.3354,0.03272,0.00371
10,tour,5,3,15,0.20,true,0.14463,0.00393,0.01114,1.86652,0.00400,0.2812,0.2261,0.3781,0.00793,0.00261
10,tour,5,3,15,0.30,true,0.15662,0.00406,0.01522,1.85859,0.00416,0.3553,0.1577,0.4345,0.00000,0.00000
10,tour,5,3,15,0.40,true,0.16362,0.00414,0.02239,1.85877,0.00428,0.4265,0.1063,0.5018,0.00017,0.00260
10,tour,5,3,15,0.50,true,0.16725,0.00417,0.03331,1.86606,0.00439,0.4983,0.0686,0.5772,0.00747,0.00369
10,tour,5,3,15,0.60,true,0.17137,0.00421,0.04784,1.87646,0.00453,0.5710,0.0456,0.6552,0.01787,0.00436
10,tour,5,3,15,0.70,true,0.17550,0.00425,0.06626,1.89076,0.00470,0.6463,0.0317,0.7363,0.03216,0.00489
10,tour,5,3,15,0.80,true,0.17638,0.00426,0.08860,1.91223,0.00485,0.7221,0.0208,0.8203,0.05363,0.00528
10,tour,5,3,15,0.90,true,0.17638,0.00426,0.11540,1.93903,0.00502,0.8035,0.0132,0.9098,0.08044,0.00563
10,tour,5,3,15,1.00,true,0.17863,0.00428,0.14352,1.96490,0.00521,0.8820,0.0079,0.9974,0.10631,0.00594
10,tour,5,3,15,1.10,true,0.17725,0.00427,0.17425,1.99701,0.00537,0.9620,0.0041,1.0864,0.13841,0.00616
10,tour,5,3,15,1.20,true,0.17625,0.00426,0.20600,2.02975,0.00553,1.0440,0.0024,1.1766,0.17116,0.00641
10,tour,5,3,20,0.00,true,0.05975,0.00265,0.02871,1.96896,0.00283,0.1879,0.5257,0.4226,0.03096,0.00367
10,tour,5,3,20,0.10,true,0.07562,0.00296,0.02921,1.95358,0.00314,0.2565,0.3789,0.4364,0.01559,0.00320
10,tour,5,3,20,0.20,true,0.09050,0.00321,0.03177,1.94127,0.00341,0.3329,0.2819,0.4699,0.00328,0.00226
10,tour,5,3,20,0.30,true,0.09900,0.00334,0.03699,1.93799,0.00357,0.4066,0.2113,0.5177,0.00000,0.00000
10,tour,5,3,20,0.40,true,0.10337,0.00340,0.04530,1.94192,0.00369,0.4784,0.1584,0.5762,0.00393,0.00243
10,tour,5,3,20,0.50,true,0.11175,0.00352,0.05723,1.94548,0.00388,0.5525,0.1199,0.6454,0.00749,0.00342
10,tour,5,3,20,0.60,true,0.11325,0.00354,0.07325,1.96000,0.00400,0.6271,0.0930,0.7184,0.02200,0.00401
10,tour,5,3,20,0.70,true,0.11550,0.00357,0.09267,1.97717,0.00415,0.6986,0.0694,0.7950,0.03918,0.00439
10,tour,5,3,20,0.80,true,0.11538,0.00357,0.11587,2.00050,0.00428,0.7715,0.0509,0.8751,0.06250,0.00468
10,tour,5,3,20,0.90,true,0.11550,0.00357,0.14190,2.02640,0.00442,0.8467,0.0373,0.9581,0.08841,0.00493
10,tour,5,3,20,1.00,true,0.11700,0.00359,0.16909,2.05210,0.00458,0.9224,0.0293,1.0407,0.11410,0.00517
10,tour,5,3,20,1.10,true,0.11825,0.00361,0.19813,2.07988,0.00473,0.9960,0.0187,1.1263,0.14189,0.00537
10,tour,5,3,20,1.20,true,0.11887,0.00362,0.22816,2.10930,0.00488,1.0725,0.0112,1.2137,0.17130,0.00557
10,tour,5,6,10,0.00,true,0.22700,0.00468,0.00010,1.77310,0.00468,0.1620,0.5794,0.2044,0.08622,0.00445
10,tour,5,6,10,0.10,true,0.27925,0.00502,0.00010,1.72085,0.00502,0.2114,0.3814,0.2259,0.03397,0.00350
10,tour,5,6,10,0.20,true,0.30662,0.00516,0.00024,1.69362,0.00516,0.2736,0.2086,0.2798,0.00674,0.00234
10,tour,5,6,10,0.30,true,0.31375,0.00519,0.00063,1.68688,0.00519,0.3503,0.1066,0.3553,0.00000,0.00000
10,tour,5,6,10,0.40,true,0.30950,0.00517,0.00148,1.69198,0.00518,0.4354,0.0458,0.4451,0.00510,0.00200
10,tour,5,6,10,0.50,true,0.29875,0.00512,0.00301,1.70426,0.00514,0.5252,0.0200,0.5372,0.01737,0.00259
10,tour,5,6,10,0.60,true,0.28100,0.00503,0.00577,1.72477,0.00507,0.6264,0.0080,0.6393,0.03789,0.00302
10,tour,5,6,10,0.70,true,0.26150,0.00491,0.00985,1.74835,0.00498,0.7249,0.0025,0.7383,0.06147,0.00336
10,tour,5,6,10,0.80,true,0.24063,0.00478,0.01583,1.77521,0.00488,0.8263,0.0008,0.8389,0.08833,0.00364
10,tour,5,6,10,0.90,true,0.21975,0.00463,0.02341,1.80366,0.00478,0.9220,0.0003,0.9337,0.11678,0.00391
10,tour,5,6,10,1.00,true,0.19575,0.00444,0.03389,1.83814,0.00464,1.0243,0.0002,1.0352,0.15126,0.00419
10,tour,5,6,10,1.10,true,0.16925,0.00419,0.04704,1.87779,0.00445,1.1265,0.0000,1.1367,0.19090,0.00447
10,tour,5,6,10,1.20,true,0.14288,0.00391,0.06268,1.91981,0.00423,1.2280,0.0000,1.2375,0.23292,0.00471
10,tour,5,6,15,0.00,true,0.12237,0.00366,0.00147,1.87909,0.00367,0.2445,0.5496,0.2988,0.05124,0.00368
10,tour,5,6,15,0.10,true,0.14800,0.00397,0.00136,1.85336,0.00398,0.2887,0.4219,0.3152,0.02551,0.00318
10,tour,5,6,15,0.20,true,0.16737,0.00417,0.00184,1.83446,0.00418,0.3418,0.2956,0.3542,0.00661,0.00256
10,tour,5,6,15,0.30,true,0.17413,0.00424,0.00300,1.82888,0.00426,0.4069,0.1984,0.4118,0.00103,0.00172
10,tour,5,6,15,0.40,true,0.17713,0.00427,0.00497,1.82785,0.00430,0.4773,0.1244,0.4837,0.00000,0.00000
10,tour,5,6,15,0.50,true,0.17500,0.00425,0.00809,1.83309,0.00429,0.5559,0.0700,0.5681,0.00525,0.00157
10,tour,5,6,15,0.60,true,0.16775,0.00418,0.01256,1.84481,0.00425,0.6423,0.0400,0.6574,0.01696,0.00213
10,tour,5,6,15,0.70,true,0.15712,0.00407,0.01883,1.86171,0.00417,0.7346,0.0197,0.7535,0.03386,0.00256
10,tour,5,6,15,0.80,true,0.14513,0.00394,0.02666,1.88154,0.00408,0.8275,0.0104,0.8474,0.05369,0.00284
10,tour,5,6,15,0.90,true,0.13337,0.00380,0.03714,1.90376,0.00400,0.9305,0.0056,0.9501,0.07592,0.00309
10,tour,5,6,15,1.00,true,0.11762,0.00360,0.04874,1.93112,0.00384,1.0242,0.0034,1.0431,0.10327,0.00334
10,tour,5,6,15,1.10,true,0.10138,0.00337,0.06342,1.96204,0.00367,1.1265,0.0014,1.1452,0.13420,0.00360
10,tour,5,6,15,1.20,true,0.08513,0.00312,0.07910,1.99398,0.00347,1.2236,0.0010,1.2413,0.16613,0.00382
10,tour,5,6,20,0.00,true,0.08200,0.00307,0.00757,1.92557,0.00310,0.3267,0.5339,0.4014,0.02313,0.00265
10,tour,5,6,20,0.10,true,0.09325,0.00325,0.00737,1.91412,0.00329,0.3672,0.4384,0.4153,0.01168,0.00225
10,tour,5,6,20,0.20,true,0.10375,0.00341,0.00839,1.90464,0.00345,0.4159,0.3385,0.4472,0.00221,0.00162
10,tour,5,6,20,0.30,true,0.10825,0.00347,0.01069,1.90244,0.00353,0.4749,0.2548,0.4947,0.00000,0.00000
10,tour,5,6,20,0.40,true,0.11125,0.00352,0.01419,1.90294,0.00359,0.5382,0.1858,0.5543,0.00050,0.00150
10,tour,5,6,20,0.50,true,0.11038,0.00350,0.01912,1.90874,0.00360,0.6093,0.1311,0.6255,0.00630,0.00198
10,tour,5,6,20,0.60,true,0.10537,0.00343,0.02570,1.92032,0.00357,0.6872,0.0894,0.7058,0.01788,0.00237
10,tour,5,6,20,0.70,true,0.10187,0.00338,0.03391,1.93203,0.00356,0.7687,0.0568,0.7926,0.02960,0.00262
10,tour,5,6,20,0.80,true,0.09312,0.00325,0.04396,1.95084,0.00347,0.8560,0.0350,0.8840,0.04840,0.00286
10,tour,5,6,20,0.90,true,0.08475,0.00311,0.05569,1.97094,0.00339,0.9490,0.0224,0.9783,0.06850,0.00308
10,tour,5,6,20,1.00,true,0.07475,0.00294,0.06869,1.99395,0.00326,1.0401,0.0143,1.0702,0.09151,0.00327
10,tour,5,6,20,1.10,true,0.06675,0.00279,0.08315,2.01640,0.00317,1.1326,0.0086,1.1638,0.11396,0.00343
10,tour,5,6,20,1.20,true,0.05763,0.00261,0.10009,2.04247,0.00304,1.2324,0.0045,1.2640,0.14003,0.00357
10,scratch,5,12,10,0.00,true,0.40800,0.00549,0.00013,1.59213,0.00550,0.1872,0.7268,0.2017,0.18498,0.00560
10,scratch,5,12,10,0.10,true,0.50862,0.00559,0.00039,1.49176,0.00559,0.2419,0.5464,0.2143,0.08462,0.00446
10,scratch,5,12,10,0.20,true,0.57188,0.00553,0.00121,1.42934,0.00555,0.3061,0.3364,0.2672,0.02220,0.00282
10,scratch,5,12,10,0.30,true,0.59575,0.00549,0.00289,1.40714,0.00553,0.3739,0.1923,0.3408,0.00000,0.00000
10,scratch,5,12,10,0.40,true,0.59625,0.00549,0.00642,1.41017,0.00558,0.4530,0.0898,0.4343,0.00302,0.00252
10,scratch,5,12,10,0.50,true,0.58713,0.00550,0.01239,1.42526,0.00568,0.5394,0.0363,0.5329,0.01812,0.00324
10,scratch,5,12,10,0.60,true,0.57475,0.00553,0.02163,1.44688,0.00583,0.6360,0.0156,0.6348,0.03974,0.00371
10,scratch,5,12,10,0.70,true,0.55788,0.00555,0.03444,1.47657,0.00602,0.7329,0.0071,0.7342,0.06942,0.00410
10,scratch,5,12,10,0.80,true,0.53812,0.00557,0.05150,1.51338,0.00624,0.8302,0.0016,0.8342,0.10624,0.00446
10,scratch,5,12,10,0.90,true,0.52087,0.00559,0.07093,1.55006,0.00647,0.9253,0.0008,0.9293,0.14291,0.00476
10,scratch,5,12,10,1.00,true,0.50675,0.00559,0.09324,1.58649,0.00671,1.0247,0.0003,1.0287,0.17935,0.00506
10,scratch,5,12,10,1.10,true,0.49100,0.00559,0.11842,1.62742,0.00696,1.1271,0.0002,1.1308,0.22028,0.00538
10,scratch,5,12,10,1.20,true,0.47713,0.00558,0.14399,1.66687,0.00720,1.2271,0.0002,1.2306,0.25973,0.00567
10,scratch,5,12,15,0.00,true,0.26238,0.00492,0.00168,1.73930,0.00493,0.2676,0.6292,0.2903,0.09055,0.00476
10,scratch,5,12,15,0.10,true,0.30462,0.00515,0.00310,1.69847,0.00517,0.3125,0.5053,0.3007,0.04972,0.00416
10,scratch,5,12,15,0.20,true,0.34087,0.00530,0.00603,1.66515,0.00535,0.3680,0.3732,0.3363,0.01639,0.00330
10,scratch,5,12,15,0.30,true,0.36050,0.00537,0.01038,1.64988,0.00547,0.4271,0.2717,0.3883,0.00112,0.00230
10,scratch,5,12,15,0.40,true,0.36875,0.00539,0.01751,1.64876,0.00557,0.4954,0.1826,0.4589,0.00000,0.00000
10,scratch,5,12,15,0.50,true,0.37438,0.00541,0.02762,1.65325,0.00569,0.5713,0.1155,0.5429,0.00449,0.00210
10,scratch,5,12,15,0.60,true,0.37325,0.00541,0.04112,1.66787,0.00582,0.6536,0.0722,0.6330,0.01911,0.00274
10,scratch,5,12,15,0.70,true,0.36675,0.00539,0.05851,1.69176,0.00597,0.7402,0.0405,0.7295,0.04300,0.00326
10,scratch,5,12,15,0.80,true,0.35837,0.00536,0.07920,1.72083,0.00613,0.8320,0.0230,0.8274,0.07207,0.00364
10,scratch,5,12,15,0.90,true,0.34787,0.00533,0.10285,1.75498,0.00629,0.9263,0.0142,0.9249,0.10622,0.00396
10,scratch,5,12,15,1.00,true,0.33675,0.00528,0.12921,1.79247,0.00645,1.0214,0.0072,1.0238,0.14371,0.00428
10,scratch,5,12,15,1.10,true,0.32875,0.00525,0.15606,1.82731,0.00663,1.1167,0.0041,1.1206,0.17855,0.00449
10,scratch,5,12,15,1.20,true,0.32088,0.00522,0.18487,1.86400,0.00680,1.2158,0.0017,1.2215,0.21524,0.00474
10,scratch,5,12,20,0.00,true,0.17137,0.00421,0.00752,1.83614,0.00426,0.3549,0.5791,0.3836,0.03454,0.00332
10,scratch,5,12,20,0.10,true,0.19175,0.00440,0.01070,1.81895,0.00448,0.3935,0.4887,0.3929,0.01734,0.00276
10,scratch,5,12,20,0.20,true,0.21038,0.00456,0.01637,1.80600,0.00468,0.4459,0.3943,0.4212,0.00439,0.00198
10,scratch,5,12,20,0.30,true,0.22237,0.00465,0.02398,1.80160,0.00484,0.4981,0.3102,0.4631,0.00000,0.00000
10,scratch,5,12,20,0.40,true,0.23250,0.00472,0.03476,1.80226,0.00501,0.5638,0.2391,0.5214,0.00065,0.00189
10,scratch,5,12,20,0.50,true,0.24013,0.00478,0.04829,1.80816,0.00518,0.6362,0.1821,0.5914,0.00656,0.00260
10,scratch,5,12,20,0.60,true,0.24500,0.00481,0.06498,1.81998,0.00535,0.7080,0.1285,0.6718,0.01837,0.00312
10,scratch,5,12,20,0.70,true,0.24150,0.00479,0.08454,1.84304,0.00548,0.7828,0.0888,0.7555,0.04143,0.00351
10,scratch,5,12,20,0.80,true,0.24100,0.00478,0.10678,1.86578,0.00565,0.8647,0.0595,0.8465,0.06417,0.00384
10,scratch,5,12,20,0.90,true,0.23763,0.00476,0.13186,1.89423,0.00581,0.9511,0.0380,0.9417,0.09263,0.00414
10,scratch,5,12,20,1.00,true,0.23137,0.00471,0.15880,1.92743,0.00594,1.0402,0.0249,1.0364,0.12582,0.00437
10,scratch,5,12,20,1.10,true,0.22637,0.00468,0.18703,1.96065,0.00608,1.1332,0.0163,1.1333,0.15905,0.00459
10,scratch,5,12,20,1.20,true,0.22062,0.00464,0.21665,1.99603,0.00620,1.2276,0.0099,1.2317,0.19443,0.00479
10,scratch,5,3,10,0.00,true,0.12500,0.00370,0.00233,1.87733,0.00371,0.0965,0.5421,0.2334,0.10604,0.00528
10,scratch,5,3,10,0.10,true,0.19075,0.00439,0.00265,1.81190,0.00441,0.1742,0.2895,0.2591,0.04061,0.00506
10,scratch,5,3,10,0.20,true,0.21363,0.00458,0.00431,1.79068,0.00461,0.2505,0.1731,0.3097,0.01939,0.00420
10,scratch,5,3,10,0.30,true,0.23000,0.00471,0.00834,1.77834,0.00476,0.3229,0.1029,0.3773,0.00705,0.00297
10,scratch,5,3,10,0.40,true,0.24425,0.00480,0.01554,1.77129,0.00492,0.3922,0.0561,0.4526,0.00000,0.00000
10,scratch,5,3,10,0.50,true,0.25238,0.00486,0.02706,1.77469,0.00507,0.4666,0.0309,0.5339,0.00340,0.00276
10,scratch,5,3,10,0.60,true,0.25938,0.00490,0.04297,1.78359,0.00524,0.5419,0.0162,0.6176,0.01230,0.00383
10,scratch,5,3,10,0.70,true,0.26613,0.00494,0.06421,1.79809,0.00545,0.6227,0.0083,0.7067,0.02680,0.00468
10,scratch,5,3,10,0.80,true,0.26837,0.00495,0.08965,1.82128,0.00566,0.7039,0.0041,0.7966,0.04999,0.00530
10,scratch,5,3,10,0.90,true,0.26863,0.00496,0.11802,1.84940,0.00587,0.7839,0.0015,0.8854,0.07811,0.00581
10,scratch,5,3,10,1.00,true,0.26600,0.00494,0.15159,1.88559,0.00609,0.8721,0.0007,0.9824,0.11430,0.00630
10,scratch,5,3,10,1.10,true,0.26250,0.00492,0.18404,1.92154,0.00628,0.9535,0.0002,1.0719,0.15025,0.00667
10,scratch,5,3,10,1.20,true,0.25750,0.00489,0.21866,1.96118,0.00646,1.0388,0.0000,1.1671,0.18988,0.00699
10,scratch,5,3,15,0.00,true,0.07362,0.00292,0.01690,1.94327,0.00302,0.1588,0.5299,0.3487,0.06256,0.00430
10,scratch,5,3,15,0.10,true,0.10450,0.00342,0.01769,1.91319,0.00353,0.2318,0.3668,0.3658,0.03247,0.00386
10,scratch,5,3,15,0.20,true,0.13262,0.00379,0.02055,1.88792,0.00392,0.3086,0.2666,0.4051,0.00721,0.00278
10,scratch,5,3,15,0.30,true,0.14600,0.00395,0.02672,1.88072,0.00412,0.3790,0.1888,0.4591,0.00000,0.00000
10,scratch,5,3,15,0.40,true,0.14675,0.00396,0.03683,1.89008,0.00420,0.4502,0.1383,0.5221,0.00936,0.00279
10,scratch,5,3,15,0.50,true,0.15213,0.00402,0.05088,1.89876,0.00436,0.5186,0.0980,0.5930,0.01804,0.00387
10,scratch,5,3,15,0.60,true,0.15662,0.00406,0.06890,1.91228,0.00453,0.5862,0.0649,0.6693,0.03156,0.00462
10,scratch,5,3,15,0.70,true,0.15625,0.00406,0.09172,1.93547,0.00467,0.6599,0.0456,0.7498,0.05476,0.00509
10,scratch,5,3,15,0.80,true,0.15787,0.00408,0.11684,1.95897,0.00484,0.7334,0.0335,0.8308,0.07825,0.00549
10,scratch,5,3,15,0.90,true,0.15762,0.00407,0.14683,1.98921,0.00502,0.8119,0.0224,0.9186,0.10850,0.00578
10,scratch,5,3,15,1.00,true,0.15937,0.00409,0.17819,2.01882,0.00521,0.8908,0.0149,1.0074,0.13811,0.00607
10,scratch,5,3,15,1.10,true,0.15488,0.00404,0.21223,2.05738,0.00533,0.9722,0.0105,1.0973,0.17666,0.00625
10,scratch,5,3,15,1.20,true,0.14975,0.00399,0.24695,2.09722,0.00543,1.0525,0.0059,1.1879,0.21650,0.00638
10,scratch,5,3,20,0.00,true,0.05575,0.00257,0.04768,1.99193,0.00288,0.2344,0.5259,0.4771,0.01824,0.00368
10,scratch,5,3,20,0.10,true,0.06688,0.00279,0.04915,1.98228,0.00312,0.3039,0.4039,0.4886,0.00858,0.00337
10,scratch,5,3,20,0.20,true,0.07950,0.00302,0.05343,1.97393,0.00337,0.3809,0.3203,0.5187,0.00023,0.00249
10,scratch,5,3,20,0.30,true,0.08712,0.00315,0.06082,1.97369,0.00355,0.4529,0.2543,0.5618,0.00000,0.00000
10,scratch,5,3,20,0.40,true,0.08975,0.00320,0.07199,1.98224,0.00366,0.5243,0.2034,0.6153,0.00855,0.00256
10,scratch,5,3,20,0.50,true,0.09663,0.00330,0.08690,1.99028,0.00386,0.5912,0.1594,0.6777,0.01658,0.00350
10,scratch,5,3,20,0.60,true,0.10075,0.00337,0.10619,2.00545,0.00404,0.6638,0.1259,0.7496,0.03176,0.00413
10,scratch,5,3,20,0.70,true,0.10212,0.00339,0.12840,2.02628,0.00418,0.7348,0.1014,0.8228,0.05259,0.00450
10,scratch,5,3,20,0.80,true,0.10275,0.00339,0.15337,2.05063,0.00433,0.8049,0.0807,0.8989,0.07694,0.00476
10,scratch,5,3,20,0.90,true,0.10487,0.00343,0.18029,2.07543,0.00450,0.8733,0.0612,0.9781,0.10174,0.00503
10,scratch,5,3,20,1.00,true,0.10737,0.00346,0.20826,2.10091,0.00467,0.9442,0.0471,1.0595,0.12721,0.00527
10,scratch,5,3,20,1.10,true,0.10412,0.00341,0.23894,2.13485,0.00475,1.0178,0.0359,1.1433,0.16116,0.00543
10,scratch,5,3,20,1.20,true,0.09975,0.00335,0.27047,2.17077,0.00480,1.0931,0.0276,1.2282,0.19708,0.00553
10,scratch,5,6,10,0.00,true,0.19562,0.00444,0.00034,1.80472,0.00444,0.1733,0.5669,0.2209,0.07633,0.00411
10,scratch,5,6,10,0.10,true,0.23713,0.00476,0.00034,1.76322,0.00476,0.2213,0.3826,0.2418,0.03483,0.00323
10,scratch,5,6,10,0.20,true,0.26338,0.00492,0.00068,1.73731,0.00493,0.2835,0.2235,0.2937,0.00892,0.00218
10,scratch,5,6,10,0.30,true,0.27313,0.00498,0.00152,1.72839,0.00499,0.3565,0.1183,0.3661,0.00000,0.00000
10,scratch,5,6,10,0.40,true,0.26800,0.00495,0.00322,1.73522,0.00497,0.4420,0.0598,0.4531,0.00683,0.00200
10,scratch,5,6,10,0.50,true,0.25875,0.00490,0.00601,1.74726,0.00494,0.5290,0.0270,0.5438,0.01887,0.00261
10,scratch,5,6,10,0.60,true,0.24100,0.00478,0.01077,1.76977,0.00485,0.6287,0.0114,0.6449,0.04138,0.00304
10,scratch,5,6,10,0.70,true,0.22512,0.00467,0.01724,1.79211,0.00478,0.7252,0.0052,0.7414,0.06372,0.00331
10,scratch,5,6,10,0.80,true,0.20650,0.00453,0.02626,1.81976,0.00469,0.8267,0.0017,0.8429,0.09136,0.00361
10,scratch,5,6,10,0.90,true,0.18787,0.00437,0.03696,1.84908,0.00459,0.9211,0.0006,0.9366,0.12069,0.00385
10,scratch,5,6,10,1.00,true,0.16525,0.00415,0.05114,1.88589,0.00444,1.0234,0.0003,1.0379,0.15750,0.00413
10,scratch,5,6,10,1.10,true,0.14263,0.00391,0.06795,1.92533,0.00426,1.1245,0.0001,1.1381,0.19694,0.00437
10,scratch,5,6,10,1.20,true,0.11925,0.00362,0.08742,1.96817,0.00404,1.2254,0.0000,1.2384,0.23978,0.00460
10,scratch,5,6,15,0.00,true,0.10075,0.00337,0.00395,1.90320,0.00338,0.2616,0.5416,0.3289,0.04071,0.00309
10,scratch,5,6,15,0.10,true,0.12037,0.00364,0.00386,1.88349,0.00366,0.3067,0.4249,0.3456,0.02100,0.00253
10,scratch,5,6,15,0.20,true,0.13412,0.00381,0.00486,1.87073,0.00384,0.3588,0.3092,0.3823,0.00825,0.00178
10,scratch,5,6,15,0.30,true,0.14463,0.00393,0.00711,1.86249,0.00397,0.4210,0.2125,0.4379,0.00000,0.00000
10,scratch,5,6,15,0.40,true,0.14500,0.00394,0.01067,1.86567,0.00399,0.4894,0.1412,0.5052,0.00318,0.00170
10,scratch,5,6,15,0.50,true,0.14275,0.00391,0.01602,1.87327,0.00400,0.5671,0.0876,0.5858,0.01078,0.00219
10,scratch,5,6,15,0.60,true,0.13600,0.00383,0.02309,1.88709,0.00396,0.6482,0.0508,0.6718,0.02461,0.00256
10,scratch,5,6,15,0.70,true,0.12837,0.00374,0.03247,1.90410,0.00391,0.7401,0.0300,0.7655,0.04161,0.00283
10,scratch,5,6,15,0.80,true,0.11900,0.00362,0.04346,1.92446,0.00385,0.8282,0.0150,0.8571,0.06197,0.00307
10,scratch,5,6,15,0.90,true,0.10737,0.00346,0.05781,1.95043,0.00375,0.9308,0.0085,0.9592,0.08795,0.00334
10,scratch,5,6,15,1.00,true,0.09362,0.00326,0.07293,1.97931,0.00361,1.0229,0.0052,1.0506,0.11682,0.00354
10,scratch,5,6,15,1.10,true,0.08013,0.00304,0.09153,2.01141,0.00345,1.1251,0.0034,1.1517,0.14892,0.00374
10,scratch,5,6,15,1.20,true,0.06813,0.00282,0.11075,2.04263,0.00330,1.2205,0.0019,1.2467,0.18015,0.00390
10,scratch,5,6,20,0.00,true,0.06450,0.00275,0.01911,1.95461,0.00284,0.3512,0.5291,0.4508,0.01357,0.00235
10,scratch,5,6,20,0.10,true,0.07437,0.00293,0.01926,1.94488,0.00303,0.3907,0.4389,0.4660,0.00384,0.00200
10,scratch,5,6,20,0.20,true,0.07875,0.00301,0.02128,1.94253,0.00312,0.4378,0.3465,0.4955,0.00149,0.00141
10,scratch,5,6,20,0.30,true,0.08413,0.00310,0.02516,1.94104,0.00324,0.4942,0.2659,0.5410,0.00000,0.00000
10,scratch,5,6,20,0.40,true,0.08762,0.00316,0.03077,1.94315,0.00333,0.5578,0.2026,0.5973,0.00211,0.00130
10,scratch,5,6,20,0.50,true,0.08563,0.00313,0.03845,1.95282,0.00333,0.6267,0.1467,0.6655,0.01178,0.00183
10,scratch,5,6,20,0.60,true,0.08338,0.00309,0.04798,1.96460,0.00335,0.7027,0.1056,0.7417,0.02356,0.00217
10,scratch,5,6,20,0.70,true,0.07712,0.00298,0.05953,1.98241,0.00329,0.7828,0.0731,0.8241,0.04137,0.00243
10,scratch,5,6,20,0.80,true,0.07175,0.00289,0.07307,2.00132,0.00326,0.8666,0.0475,0.9124,0.06028,0.00266
10,scratch,5,6,20,0.90,true,0.06438,0.00274,0.08837,2.02400,0.00318,0.9533,0.0298,1.0026,0.08296,0.00286
10,scratch,5,6,20,1.00,true,0.05713,0.00259,0.10482,2.04769,0.00310,1.0434,0.0207,1.0925,0.10666,0.00304
10,scratch,5,6,20,1.10,true,0.05000,0.00244,0.12260,2.07260,0.00301,1.1337,0.0142,1.1826,0.13156,0.00318
10,scratch,5,6,20,1.20,true,0.04500,0.00232,0.14290,2.09791,0.00296,1.2319,0.0086,1.2816,0.15687,0.00328
10,mid,5,12,10,0.00,true,0.32775,0.00525,0.00058,1.67283,0.00525,0.2000,0.6664,0.2194,0.13748,0.00520
10,mid,5,12,10,0.10,true,0.40563,0.00549,0.00155,1.59593,0.00551,0.2522,0.4965,0.2350,0.06058,0.00421
10,mid,5,12,10,0.20,true,0.45550,0.00557,0.00418,1.54868,0.00561,0.3163,0.3186,0.2854,0.01334,0.00273
10,mid,5,12,10,0.30,true,0.47337,0.00558,0.00872,1.53534,0.00568,0.3806,0.1963,0.3516,0.00000,0.00000
10,mid,5,12,10,0.40,true,0.47525,0.00558,0.01716,1.54191,0.00579,0.4549,0.1024,0.4372,0.00657,0.00242
10,mid,5,12,10,0.50,true,0.46963,0.00558,0.02992,1.56030,0.00593,0.5408,0.0497,0.5329,0.02495,0.00319
10,mid,5,12,10,0.60,true,0.45663,0.00557,0.04763,1.59101,0.00611,0.6324,0.0246,0.6303,0.05567,0.00370
10,mid,5,12,10,0.70,true,0.44338,0.00555,0.06993,1.62656,0.00633,0.7268,0.0106,0.7294,0.09122,0.00415
10,mid,5,12,10,0.80,true,0.42438,0.00553,0.09713,1.67275,0.00656,0.8248,0.0054,0.8287,0.13741,0.00454
10,mid,5,12,10,0.90,true,0.40775,0.00549,0.12634,1.71860,0.00678,0.9190,0.0019,0.9246,0.18325,0.00487
10,mid,5,12,10,1.00,true,0.39213,0.00546,0.15858,1.76646,0.00700,1.0181,0.0006,1.0242,0.23112,0.00521
10,mid,5,12,10,1.10,true,0.37762,0.00542,0.19185,1.81423,0.00721,1.1177,0.0002,1.1238,0.27889,0.00549
10,mid,5,12,10,1.20,true,0.36375,0.00538,0.22512,1.86138,0.00740,1.2169,0.0002,1.2226,0.32604,0.00575
10,mid,5,12,15,0.00,true,0.19487,0.00443,0.00572,1.81084,0.00447,0.2860,0.5904,0.3218,0.04480,0.00379
10,mid,5,12,15,0.10,true,0.22437,0.00466,0.00919,1.78481,0.00473,0.3304,0.4762,0.3345,0.01877,0.00312
10,mid,5,12,15,0.20,true,0.24300,0.00480,0.01600,1.77300,0.00493,0.3875,0.3641,0.3680,0.00695,0.00211
10,mid,5,12,15,0.30,true,0.25912,0.00490,0.02517,1.76605,0.00511,0.4430,0.2715,0.4170,0.00000,0.00000
10,mid,5,12,15,0.40,true,0.26763,0.00495,0.03871,1.77109,0.00529,0.5113,0.1947,0.4826,0.00504,0.00202
10,mid,5,12,15,0.50,true,0.27113,0.00497,0.05653,1.78540,0.00547,0.5844,0.1324,0.5604,0.01936,0.00278
10,mid,5,12,15,0.60,true,0.26863,0.00496,0.07869,1.81007,0.00563,0.6620,0.0861,0.6456,0.04402,0.00331
10,mid,5,12,15,0.70,true,0.26350,0.00493,0.10491,1.84141,0.00581,0.7476,0.0567,0.7368,0.07537,0.00374
10,mid,5,12,15,0.80,true,0.25888,0.00490,0.13420,1.87532,0.00600,0.8345,0.0334,0.8320,0.10928,0.00409
10,mid,5,12,15,0.90,true,0.25250,0.00486,0.16581,1.91332,0.00617,0.9258,0.0204,0.9280,0.14727,0.00437
10,mid,5,12,15,1.00,true,0.24400,0.00480,0.19932,1.95533,0.00632,1.0196,0.0136,1.0239,0.18928,0.00462
10,mid,5,12,15,1.10,true,0.23575,0.00475,0.23334,1.99760,0.00646,1.1119,0.0072,1.1201,0.23155,0.00484
10,mid,5,12,15,1.20,true,0.22712,0.00468,0.26836,2.04126,0.00657,1.2091,0.0049,1.2179,0.27521,0.00504
10,mid,5,12,20,0.00,true,0.11887,0.00362,0.02064,1.90176,0.00375,0.3830,0.5557,0.4340,0.00610,0.00243
10,mid,5,12,20,0.10,true,0.13125,0.00378,0.02706,1.89581,0.00397,0.4238,0.4741,0.4455,0.00014,0.00176
10,mid,5,12,20,0.20,true,0.14175,0.00390,0.03741,1.89566,0.00418,0.4746,0.3877,0.4734,0.00000,0.00000
10,mid,5,12,20,0.30,true,0.14788,0.00397,0.05041,1.90254,0.00435,0.5254,0.3135,0.5122,0.00687,0.00167
10,mid,5,12,20,0.40,true,0.15438,0.00404,0.06744,1.91307,0.00456,0.5877,0.2486,0.5655,0.01741,0.00231
10,mid,5,12,20,0.50,true,0.15900,0.00409,0.08786,1.92886,0.00476,0.6543,0.1929,0.6293,0.03320,0.00281
10,mid,5,12,20,0.60,true,0.16125,0.00411,0.11183,1.95059,0.00495,0.7299,0.1516,0.7025,0.05493,0.00324
10,mid,5,12,20,0.70,true,0.16300,0.00413,0.13855,1.97556,0.00515,0.8019,0.1105,0.7824,0.07990,0.00359
10,mid,5,12,20,0.80,true,0.16312,0.00413,0.16762,2.00451,0.00533,0.8778,0.0786,0.8668,0.10884,0.00386
10,mid,5,12,20,0.90,true,0.16350,0.00413,0.19852,2.03504,0.00552,0.9598,0.0542,0.9570,0.13938,0.00414
10,mid,5,12,20,1.00,true,0.15912,0.00409,0.23206,2.07296,0.00565,1.0471,0.0367,1.0512,0.17730,0.00441
10,mid,5,12,20,1.10,true,0.15563,0.00405,0.26507,2.10948,0.00576,1.1354,0.0253,1.1442,0.21382,0.00459
10,mid,5,12,20,1.20,true,0.15038,0.00400,0.29910,2.14878,0.00585,1.2274,0.0172,1.2398,0.25312,0.00478
10,mid,5,3,10,0.00,true,0.11363,0.00355,0.00683,1.89320,0.00359,0.1219,0.5420,0.2656,0.08081,0.00512
10,mid,5,3,10,0.10,true,0.16262,0.00413,0.00787,1.84524,0.00418,0.2018,0.3327,0.2873,0.03285,0.00453
10,mid,5,3,10,0.20,true,0.18937,0.00438,0.01157,1.82220,0.00446,0.2762,0.2219,0.3331,0.00981,0.00327
10,mid,5,3,10,0.30,true,0.20663,0.00453,0.01901,1.81239,0.00466,0.3422,0.1385,0.3954,0.00000,0.00000
10,mid,5,3,10,0.40,true,0.21513,0.00459,0.03134,1.81621,0.00483,0.4118,0.0906,0.4675,0.00382,0.00321
10,mid,5,3,10,0.50,true,0.22187,0.00465,0.04899,1.82712,0.00502,0.4804,0.0533,0.5459,0.01473,0.00445
10,mid,5,3,10,0.60,true,0.22700,0.00468,0.07273,1.84573,0.00524,0.5548,0.0327,0.6297,0.03334,0.00524
10,mid,5,3,10,0.70,true,0.22637,0.00468,0.10279,1.87642,0.00545,0.6346,0.0189,0.7193,0.06403,0.00585
10,mid,5,3,10,0.80,true,0.22275,0.00465,0.13671,1.91397,0.00565,0.7140,0.0092,0.8097,0.10158,0.00630
10,mid,5,3,10,0.90,true,0.22175,0.00464,0.17187,1.95014,0.00587,0.7936,0.0059,0.8982,0.13775,0.00668
10,mid,5,3,10,1.00,true,0.22050,0.00464,0.21023,1.98975,0.00609,0.8776,0.0026,0.9926,0.17737,0.00700
10,mid,5,3,10,1.10,true,0.21513,0.00459,0.24729,2.03220,0.00625,0.9574,0.0011,1.0812,0.21981,0.00724
10,mid,5,3,10,1.20,true,0.21100,0.00456,0.28507,2.07413,0.00641,1.0416,0.0005,1.1753,0.26175,0.00747
10,mid,5,3,15,0.00,true,0.06475,0.00275,0.03811,1.97336,0.00299,0.2190,0.5289,0.4138,0.03766,0.00391
10,mid,5,3,15,0.10,true,0.09050,0.00321,0.04036,1.94986,0.00347,0.2923,0.4060,0.4275,0.01416,0.00303
10,mid,5,3,15,0.20,true,0.11088,0.00351,0.04657,1.93569,0.00382,0.3686,0.3234,0.4602,0.00000,0.00000
10,mid,5,3,15,0.30,true,0.12187,0.00366,0.05763,1.93576,0.00405,0.4380,0.2517,0.5086,0.00007,0.00314
10,mid,5,3,15,0.40,true,0.12862,0.00374,0.07296,1.94434,0.00424,0.5009,0.1931,0.5655,0.00865,0.00421
10,mid,5,3,15,0.50,true,0.13012,0.00376,0.09271,1.96259,0.00439,0.5648,0.1497,0.6292,0.02690,0.00485
10,mid,5,3,15,0.60,true,0.12825,0.00374,0.11785,1.98961,0.00453,0.6314,0.1140,0.7012,0.05391,0.00519
10,mid,5,3,15,0.70,true,0.13037,0.00376,0.14636,2.01600,0.00473,0.6998,0.0847,0.7796,0.08031,0.00553
10,mid,5,3,15,0.80,true,0.12512,0.00370,0.17853,2.05343,0.00483,0.7681,0.0606,0.8603,0.11774,0.00570
10,mid,5,3,15,0.90,true,0.13012,0.00376,0.21147,2.08139,0.00508,0.8429,0.0443,0.9466,0.14570,0.00601
10,mid,5,3,15,1.00,true,0.12787,0.00373,0.24594,2.11813,0.00521,0.9179,0.0331,1.0323,0.18243,0.00619
10,mid,5,3,15,1.10,true,0.12712,0.00372,0.27982,2.15279,0.00534,0.9932,0.0252,1.1180,0.21710,0.00638
10,mid,5,3,15,1.20,true,0.12562,0.00371,0.31416,2.18867,0.00546,1.0703,0.0179,1.2071,0.25297,0.00652
10,mid,5,3,20,0.00,true,0.05013,0.00244,0.09490,2.04478,0.00309,0.3418,0.5249,0.5875,0.00338,0.00279
10,mid,5,3,20,0.10,true,0.05800,0.00261,0.09940,2.04141,0.00329,0.4172,0.4395,0.5980,0.00000,0.00000
10,mid,5,3,20,0.20,true,0.06613,0.00278,0.10777,2.04165,0.00350,0.4950,0.3752,0.6236,0.00025,0.00288
10,mid,5,3,20,0.30,true,0.06975,0.00285,0.12012,2.05038,0.00364,0.5650,0.3197,0.6605,0.00898,0.00371
10,mid,5,3,20,0.40,true,0.07312,0.00291,0.13681,2.06371,0.00381,0.6344,0.2743,0.7083,0.02230,0.00401
10,mid,5,3,20,0.50,true,0.07687,0.00298,0.15552,2.07867,0.00398,0.6913,0.2280,0.7612,0.03727,0.00431
10,mid,5,3,20,0.60,true,0.07938,0.00302,0.17706,2.09773,0.00415,0.7556,0.1954,0.8208,0.05633,0.00459
10,mid,5,3,20,0.70,true,0.08538,0.00312,0.20085,2.11554,0.00438,0.8193,0.1647,0.8882,0.07413,0.00489
10,mid,5,3,20,0.80,true,0.08588,0.00313,0.22866,2.14288,0.00452,0.8830,0.1335,0.9627,0.10147,0.00507
10,mid,5,3,20,0.90,true,0.08075,0.00305,0.25807,2.17745,0.00456,0.9514,0.1131,1.0368,0.13604,0.00517
10,mid,5,3,20,1.00,true,0.07963,0.00303,0.28735,2.20789,0.00465,1.0174,0.0924,1.1154,0.16649,0.00531
10,mid,5,3,20,1.10,true,0.07800,0.00300,0.31623,2.23845,0.00473,1.0840,0.0765,1.1939,0.19705,0.00544
10,mid,5,3,20,1.20,true,0.07612,0.00297,0.34545,2.26961,0.00479,1.1515,0.0626,1.2744,0.22821,0.00557
10,mid,5,6,10,0.00,true,0.15250,0.00402,0.00171,1.84921,0.00403,0.1888,0.5510,0.2506,0.04918,0.00372
10,mid,5,6,10,0.10,true,0.18263,0.00432,0.00180,1.81917,0.00433,0.2371,0.3840,0.2724,0.01914,0.00308
10,mid,5,6,10,0.20,true,0.19925,0.00447,0.00296,1.80371,0.00448,0.2980,0.2384,0.3213,0.00369,0.00201
10,mid,5,6,10,0.30,true,0.20538,0.00452,0.00540,1.80003,0.00455,0.3689,0.1375,0.3894,0.00000,0.00000
10,mid,5,6,10,0.40,true,0.20225,0.00449,0.00958,1.80733,0.00455,0.4511,0.0774,0.4713,0.00730,0.00181
10,mid,5,6,10,0.50,true,0.19462,0.00443,0.01566,1.82104,0.00452,0.5340,0.0402,0.5573,0.02101,0.00242
10,mid,5,6,10,0.60,true,0.18463,0.00434,0.02501,1.84038,0.00449,0.6316,0.0195,0.6567,0.04036,0.00282
10,mid,5,6,10,0.70,true,0.16962,0.00420,0.03686,1.86724,0.00441,0.7250,0.0093,0.7509,0.06721,0.00310
10,mid,5,6,10,0.80,true,0.15413,0.00404,0.05225,1.89813,0.00433,0.8253,0.0046,0.8509,0.09810,0.00336
10,mid,5,6,10,0.90,true,0.14012,0.00388,0.06953,1.92941,0.00426,0.9189,0.0017,0.9444,0.12938,0.00361
10,mid,5,6,10,1.00,true,0.12175,0.00366,0.09109,1.96935,0.00412,1.0191,0.0007,1.0437,0.16932,0.00386
10,mid,5,6,10,1.10,true,0.10337,0.00340,0.11558,2.01222,0.00396,1.1192,0.0003,1.1428,0.21219,0.00406
10,mid,5,6,10,1.20,true,0.08762,0.00316,0.14228,2.05467,0.00379,1.2191,0.0001,1.2419,0.25464,0.00423
10,mid,5,6,15,0.00,true,0.07537,0.00295,0.01631,1.94093,0.00304,0.2856,0.5322,0.3868,0.01839,0.00260
10,mid,5,6,15,0.10,true,0.08750,0.00316,0.01671,1.92921,0.00325,0.3299,0.4286,0.4033,0.00667,0.00217
10,mid,5,6,15,0.20,true,0.09563,0.00329,0.01956,1.92394,0.00339,0.3812,0.3238,0.4381,0.00139,0.00153
10,mid,5,6,15,0.30,true,0.10225,0.00339,0.02479,1.92254,0.00352,0.4387,0.2293,0.4898,0.00000,0.00000
10,mid,5,6,15,0.40,true,0.10275,0.00339,0.03236,1.92961,0.00357,0.5070,0.1637,0.5526,0.00706,0.00148
10,mid,5,6,15,0.50,true,0.09938,0.00334,0.04283,1.94346,0.00358,0.5809,0.1081,0.6278,0.02091,0.00198
10,mid,5,6,15,0.60,true,0.09362,0.00326,0.05570,1.96207,0.00356,0.6595,0.0692,0.7091,0.03953,0.00235
10,mid,5,6,15,0.70,true,0.08762,0.00316,0.07147,1.98385,0.00354,0.7455,0.0418,0.7981,0.06131,0.00262
10,mid,5,6,15,0.80,true,0.08100,0.00305,0.08890,2.00791,0.00351,0.8340,0.0279,0.8862,0.08537,0.00284
10,mid,5,6,15,0.90,true,0.07087,0.00287,0.11056,2.03970,0.00341,0.9300,0.0145,0.9848,0.11716,0.00308
10,mid,5,6,15,1.00,true,0.06338,0.00272,0.13185,2.06849,0.00335,1.0195,0.0091,1.0738,0.14595,0.00324
10,mid,5,6,15,1.10,true,0.05462,0.00254,0.15705,2.10245,0.00325,1.1201,0.0056,1.1733,0.17990,0.00342
10,mid,5,6,15,1.20,true,0.04788,0.00239,0.18198,2.13415,0.00317,1.2145,0.0037,1.2666,0.21160,0.00353
10,mid,5,6,20,0.00,true,0.04575,0.00234,0.06505,2.01930,0.00273,0.3826,0.5246,0.5488,0.00334,0.00123
10,mid,5,6,20,0.10,true,0.05050,0.00245,0.06646,2.01597,0.00285,0.4202,0.4413,0.5648,0.00000,0.00000
10,mid,5,6,20,0.20,true,0.05400,0.00253,0.07074,2.01674,0.00296,0.4676,0.3587,0.5942,0.00078,0.00118
10,mid,5,6,20,0.30,true,0.05750,0.00260,0.07792,2.02042,0.00307,0.5226,0.2840,0.6374,0.00446,0.00171
10,mid,5,6,20,0.40,true,0.05600,0.00257,0.08767,2.03168,0.00310,0.5833,0.2214,0.6900,0.01571,0.00205
10,mid,5,6,20,0.50,true,0.05738,0.00260,0.10000,2.04263,0.00319,0.6516,0.1699,0.7540,0.02666,0.00233
10,mid,5,6,20,0.60,true,0.05613,0.00257,0.11455,2.05844,0.00323,0.7231,0.1278,0.8241,0.04247,0.00250
10,mid,5,6,20,0.70,true,0.05287,0.00250,0.13145,2.07859,0.00324,0.8003,0.0937,0.9018,0.06263,0.00271
10,mid,5,6,20,0.80,true,0.04788,0.00239,0.15052,2.10267,0.00320,0.8813,0.0666,0.9846,0.08671,0.00290
10,mid,5,6,20,0.90,true,0.04387,0.00229,0.17111,2.12728,0.00318,0.9656,0.0456,1.0717,0.11131,0.00310
10,mid,5,6,20,1.00,true,0.03988,0.00219,0.19213,2.15231,0.00315,1.0488,0.0312,1.1568,0.13634,0.00322
10,mid,5,6,20,1.10,true,0.03537,0.00207,0.21408,2.17878,0.00310,1.1361,0.0229,1.2429,0.16281,0.00329
10,mid,5,6,20,1.20,true,0.03050,0.00192,0.23860,2.20819,0.00302,1.2320,0.0160,1.3380,0.19223,0.00340
10,high,5,12,10,0.00,true,0.26887,0.00496,0.00222,1.73334,0.00497,0.2170,0.6322,0.2410,0.09756,0.00489
10,high,5,12,10,0.10,true,0.32638,0.00524,0.00475,1.67837,0.00528,0.2659,0.4754,0.2566,0.04259,0.00395
10,high,5,12,10,0.20,true,0.36600,0.00539,0.01066,1.64466,0.00549,0.3292,0.3200,0.3040,0.00888,0.00260
10,high,5,12,10,0.30,true,0.38388,0.00544,0.01965,1.63578,0.00564,0.3924,0.2084,0.3669,0.00000,0.00000
10,high,5,12,10,0.40,true,0.38312,0.00544,0.03427,1.65115,0.00579,0.4653,0.1246,0.4458,0.01537,0.00234
10,high,5,12,10,0.50,true,0.37725,0.00542,0.05449,1.67724,0.00598,0.5462,0.0684,0.5357,0.04146,0.00320
10,high,5,12,10,0.60,true,0.36962,0.00540,0.08012,1.71050,0.00620,0.6338,0.0353,0.6313,0.07472,0.00374
10,high,5,12,10,0.70,true,0.35187,0.00534,0.11122,1.75935,0.00641,0.7242,0.0197,0.7256,0.12357,0.00421
10,high,5,12,10,0.80,true,0.33850,0.00529,0.14681,1.80832,0.00664,0.8200,0.0089,0.8256,0.17254,0.00460
10,high,5,12,10,0.90,true,0.32438,0.00523,0.18401,1.85965,0.00685,0.9163,0.0057,0.9222,0.22387,0.00494
10,high,5,12,10,1.00,true,0.31112,0.00518,0.22287,1.91177,0.00704,1.0126,0.0024,1.0204,0.27599,0.00525
10,high,5,12,10,1.10,true,0.29762,0.00511,0.26241,1.96483,0.00721,1.1108,0.0005,1.1196,0.32905,0.00551
10,high,5,12,10,1.20,true,0.28337,0.00504,0.30151,2.01820,0.00734,1.2090,0.0003,1.2176,0.38242,0.00576
10,high,5,12,15,0.00,true,0.15213,0.00402,0.01521,1.86309,0.00412,0.3140,0.5713,0.3611,0.01596,0.00292
10,high,5,12,15,0.10,true,0.17100,0.00421,0.02183,1.85083,0.00437,0.3589,0.4682,0.3748,0.00370,0.00208
10,high,5,12,15,0.20,true,0.18625,0.00435,0.03338,1.84713,0.00461,0.4162,0.3693,0.4078,0.00000,0.00000
10,high,5,12,15,0.30,true,0.19550,0.00443,0.04744,1.85194,0.00482,0.4660,0.2845,0.4510,0.00481,0.00178
10,high,5,12,15,0.40,true,0.20287,0.00450,0.06756,1.86469,0.00505,0.5312,0.2100,0.5128,0.01755,0.00259
10,high,5,12,15,0.50,true,0.20300,0.00450,0.09200,1.88901,0.00524,0.6012,0.1537,0.5830,0.04187,0.00309
10,high,5,12,15,0.60,true,0.20338,0.00450,0.12085,1.91749,0.00546,0.6767,0.1081,0.6632,0.07036,0.00354
10,high,5,12,15,0.70,true,0.20100,0.00448,0.15349,1.95250,0.00566,0.7579,0.0753,0.7496,0.10537,0.00392
10,high,5,12,15,0.80,true,0.19487,0.00443,0.18926,1.99442,0.00583,0.8420,0.0505,0.8401,0.14729,0.00428
10,high,5,12,15,0.90,true,0.18900,0.00438,0.22655,2.03759,0.00598,0.9279,0.0319,0.9330,0.19046,0.00456
10,high,5,12,15,1.00,true,0.18338,0.00433,0.26483,2.08153,0.00612,1.0195,0.0214,1.0280,0.23439,0.00480
10,high,5,12,15,1.10,true,0.17513,0.00425,0.30277,2.12775,0.00621,1.1096,0.0144,1.1209,0.28062,0.00496
10,high,5,12,15,1.20,true,0.16925,0.00419,0.34104,2.17194,0.00630,1.2055,0.0096,1.2189,0.32481,0.00512
10,high,5,12,20,0.00,true,0.08750,0.00316,0.04708,1.95958,0.00347,0.4186,0.5460,0.4932,0.00000,0.00000
10,high,5,12,20,0.10,true,0.09613,0.00330,0.05667,1.96055,0.00369,0.4598,0.4738,0.5054,0.00097,0.00146
10,high,5,12,20,0.20,true,0.10475,0.00342,0.07181,1.96707,0.00394,0.5113,0.3949,0.5339,0.00749,0.00220
10,high,5,12,20,0.30,true,0.10950,0.00349,0.08921,1.97973,0.00415,0.5655,0.3334,0.5702,0.02015,0.00264
10,high,5,12,20,0.40,true,0.11400,0.00355,0.11155,1.99757,0.00437,0.6200,0.2657,0.6202,0.03799,0.00311
10,high,5,12,20,0.50,true,0.11700,0.00359,0.13688,2.01990,0.00459,0.6855,0.2155,0.6786,0.06032,0.00348
10,high,5,12,20,0.60,true,0.12050,0.00364,0.16582,2.04536,0.00482,0.7567,0.1718,0.7475,0.08578,0.00387
10,high,5,12,20,0.70,true,0.12112,0.00365,0.19714,2.07607,0.00501,0.8310,0.1374,0.8216,0.11649,0.00417
10,high,5,12,20,0.80,true,0.12075,0.00364,0.23026,2.10960,0.00517,0.9027,0.1029,0.9012,0.15002,0.00445
10,high,5,12,20,0.90,true,0.11775,0.00360,0.26481,2.14718,0.00529,0.9784,0.0761,0.9844,0.18760,0.00465
10,high,5,12,20,1.00,true,0.11675,0.00359,0.29981,2.18323,0.00543,1.0601,0.0555,1.0728,0.22365,0.00484
10,high,5,12,20,1.10,true,0.11488,0.00357,0.33478,2.22014,0.00553,1.1446,0.0401,1.1633,0.26056,0.00500
10,high,5,12,20,1.20,true,0.11025,0.00350,0.37056,2.26063,0.00558,1.2323,0.0280,1.2567,0.30105,0.00513
10,high,5,3,10,0.00,true,0.10350,0.00341,0.01726,1.91376,0.00351,0.1503,0.5400,0.3021,0.05815,0.00520
10,high,5,3,10,0.10,true,0.13800,0.00386,0.02016,1.88216,0.00399,0.2359,0.3735,0.3208,0.02654,0.00469
10,high,5,3,10,0.20,true,0.16475,0.00415,0.02690,1.86215,0.00433,0.3061,0.2634,0.3624,0.00654,0.00345
10,high,5,3,10,0.30,true,0.18363,0.00433,0.03923,1.85561,0.00461,0.3722,0.1857,0.4206,0.00000,0.00000
10,high,5,3,10,0.40,true,0.18887,0.00438,0.05800,1.86913,0.00480,0.4363,0.1251,0.4887,0.01351,0.00345
10,high,5,3,10,0.50,true,0.19375,0.00442,0.08290,1.88916,0.00504,0.5040,0.0836,0.5654,0.03355,0.00464
10,high,5,3,10,0.60,true,0.19350,0.00442,0.11449,1.92101,0.00526,0.5763,0.0533,0.6494,0.06540,0.00549
10,high,5,3,10,0.70,true,0.19125,0.00440,0.14995,1.95874,0.00547,0.6511,0.0343,0.7355,0.10313,0.00608
10,high,5,3,10,0.80,true,0.19212,0.00440,0.18665,1.99458,0.00570,0.7265,0.0223,0.8223,0.13897,0.00650
10,high,5,3,10,0.90,true,0.19100,0.00439,0.22504,2.03413,0.00591,0.8025,0.0131,0.9105,0.17851,0.00684
10,high,5,3,10,1.00,true,0.18862,0.00437,0.26650,2.07801,0.00611,0.8871,0.0080,1.0061,0.22240,0.00711
10,high,5,3,10,1.10,true,0.18063,0.00430,0.30587,2.12545,0.00620,0.9643,0.0041,1.0937,0.26984,0.00726
10,high,5,3,10,1.20,true,0.17313,0.00423,0.34675,2.17393,0.00629,1.0484,0.0020,1.1888,0.31832,0.00742
10,high,5,3,15,0.00,true,0.06087,0.00267,0.07519,2.01432,0.00318,0.2834,0.5296,0.4869,0.01388,0.00406
10,high,5,3,15,0.10,true,0.07787,0.00300,0.08044,2.00258,0.00353,0.3634,0.4342,0.4994,0.00214,0.00329
10,high,5,3,15,0.20,true,0.09075,0.00321,0.09117,2.00044,0.00383,0.4411,0.3622,0.5296,0.00000,0.00000
10,high,5,3,15,0.30,true,0.10337,0.00340,0.10572,2.00236,0.00412,0.5080,0.3025,0.5717,0.00192,0.00330
10,high,5,3,15,0.40,true,0.10787,0.00347,0.12537,2.01753,0.00432,0.5687,0.2480,0.6233,0.01709,0.00443
10,high,5,3,15,0.50,true,0.10412,0.00341,0.15100,2.04693,0.00443,0.6295,0.1981,0.6850,0.04649,0.00482
10,high,5,3,15,0.60,true,0.10287,0.00340,0.17914,2.07635,0.00458,0.6905,0.1588,0.7518,0.07591,0.00516
10,high,5,3,15,0.70,true,0.10612,0.00344,0.20972,2.10372,0.00480,0.7576,0.1294,0.8263,0.10328,0.00546
10,high,5,3,15,0.80,true,0.10475,0.00342,0.24102,2.13645,0.00493,0.8175,0.1014,0.9000,0.13601,0.00571
10,high,5,3,15,0.90,true,0.10712,0.00346,0.27484,2.16797,0.00513,0.8868,0.0784,0.9833,0.16753,0.00596
10,high,5,3,15,1.00,true,0.10600,0.00344,0.30908,2.20344,0.00525,0.9566,0.0604,1.0674,0.20300,0.00614
10,high,5,3,15,1.10,true,0.10312,0.00340,0.34218,2.23955,0.00533,1.0256,0.0479,1.1489,0.23911,0.00628
10,high,5,3,15,1.20,true,0.09900,0.00334,0.37679,2.27845,0.00536,1.0976,0.0354,1.2361,0.27801,0.00638
10,high,5,3,20,0.00,true,0.04512,0.00232,0.16628,2.12124,0.00344,0.4595,0.5230,0.7122,0.00000,0.00000
10,high,5,3,20,0.10,true,0.05137,0.00247,0.17358,2.12230,0.00363,0.5461,0.4601,0.7241,0.00106,0.00313
10,high,5,3,20,0.20,true,0.05000,0.00244,0.18663,2.13675,0.00366,0.6263,0.4045,0.7486,0.01551,0.00363
10,high,5,3,20,0.30,true,0.05663,0.00258,0.20066,2.14418,0.00389,0.6961,0.3621,0.7822,0.02294,0.00401
10,high,5,3,20,0.40,true,0.06162,0.00269,0.21710,2.15567,0.00408,0.7589,0.3234,0.8233,0.03443,0.00431
10,high,5,3,20,0.50,true,0.06175,0.00269,0.23667,2.17516,0.00419,0.8160,0.2863,0.8700,0.05392,0.00453
10,high,5,3,20,0.60,true,0.06075,0.00267,0.26039,2.19998,0.00429,0.8785,0.2517,0.9284,0.07874,0.00465
10,high,5,3,20,0.70,true,0.06050,0.00267,0.28501,2.22496,0.00439,0.9340,0.2166,0.9907,0.10372,0.00483
10,high,5,3,20,0.80,true,0.06325,0.00272,0.30940,2.24672,0.00455,0.9956,0.1919,1.0561,0.12548,0.00509
10,high,5,3,20,0.90,true,0.06613,0.00278,0.33442,2.26904,0.00471,1.0562,0.1674,1.1265,0.14780,0.00532
10,high,5,3,20,1.00,true,0.06575,0.00277,0.35977,2.29497,0.00479,1.1135,0.1438,1.1980,0.17373,0.00549
10,high,5,3,20,1.10,true,0.06187,0.00269,0.38708,2.32642,0.00480,1.1721,0.1215,1.2731,0.20518,0.00556
10,high,5,3,20,1.20,true,0.06150,0.00269,0.41192,2.35195,0.00486,1.2360,0.1066,1.3487,0.23071,0.00568
10,high,5,6,10,0.00,true,0.11900,0.00362,0.00661,1.88761,0.00365,0.2086,0.5387,0.2852,0.03269,0.00290
10,high,5,6,10,0.10,true,0.13912,0.00387,0.00700,1.86788,0.00391,0.2550,0.3887,0.3064,0.01296,0.00213
10,high,5,6,10,0.20,true,0.15475,0.00404,0.00967,1.85492,0.00410,0.3151,0.2567,0.3531,0.00000,0.00000
10,high,5,6,10,0.30,true,0.15975,0.00410,0.01486,1.85511,0.00418,0.3829,0.1598,0.4168,0.00019,0.00180
10,high,5,6,10,0.40,true,0.15675,0.00406,0.02300,1.86625,0.00420,0.4612,0.0959,0.4941,0.01134,0.00240
10,high,5,6,10,0.50,true,0.15288,0.00402,0.03393,1.88106,0.00422,0.5426,0.0570,0.5768,0.02614,0.00276
10,high,5,6,10,0.60,true,0.14300,0.00391,0.04969,1.90669,0.00420,0.6371,0.0314,0.6729,0.05178,0.00310
10,high,5,6,10,0.70,true,0.13175,0.00378,0.06836,1.93662,0.00417,0.7276,0.0155,0.7659,0.08170,0.00333
10,high,5,6,10,0.80,true,0.11862,0.00362,0.09130,1.97269,0.00411,0.8254,0.0084,0.8637,0.11777,0.00355
10,high,5,6,10,0.90,true,0.10687,0.00345,0.11566,2.00882,0.00405,0.9174,0.0048,0.9553,0.15390,0.00373
10,high,5,6,10,1.00,true,0.09413,0.00326,0.14468,2.05061,0.00397,1.0174,0.0023,1.0550,0.19569,0.00395
10,high,5,6,10,1.10,true,0.08263,0.00308,0.17553,2.09299,0.00389,1.1162,0.0010,1.1535,0.23807,0.00412
10,high,5,6,10,1.20,true,0.06675,0.00279,0.20876,2.14213,0.00368,1.2159,0.0004,1.2523,0.28722,0.00431
10,high,5,6,15,0.00,true,0.05875,0.00263,0.04711,1.98836,0.00290,0.3129,0.5286,0.4519,0.00649,0.00192
10,high,5,6,15,0.10,true,0.06588,0.00277,0.04850,1.98263,0.00305,0.3576,0.4357,0.4691,0.00076,0.00148
10,high,5,6,15,0.20,true,0.07175,0.00289,0.05361,1.98187,0.00320,0.4082,0.3404,0.5029,0.00000,0.00000
10,high,5,6,15,0.30,true,0.07400,0.00293,0.06247,1.98848,0.00329,0.4649,0.2535,0.5515,0.00661,0.00144
10,high,5,6,15,0.40,true,0.07250,0.00290,0.07461,2.00212,0.00333,0.5287,0.1861,0.6104,0.02025,0.00193
10,high,5,6,15,0.50,true,0.07200,0.00289,0.09040,2.01842,0.00340,0.6023,0.1334,0.6821,0.03655,0.00229
10,high,5,6,15,0.60,true,0.06775,0.00281,0.10874,2.04102,0.00342,0.6763,0.0920,0.7581,0.05915,0.00252
10,high,5,6,15,0.70,true,0.06325,0.00272,0.13039,2.06719,0.00343,0.7573,0.0594,0.8430,0.08532,0.00275
10,high,5,6,15,0.80,true,0.05750,0.00260,0.15351,2.09608,0.00340,0.8411,0.0401,0.9278,0.11421,0.00295
10,high,5,6,15,0.90,true,0.05337,0.00251,0.18042,2.12715,0.00341,0.9369,0.0273,1.0229,0.14528,0.00313
10,high,5,6,15,1.00,true,0.04738,0.00238,0.20647,2.15924,0.00336,1.0215,0.0164,1.1102,0.17737,0.00328
10,high,5,6,15,1.10,true,0.04138,0.00223,0.23594,2.19477,0.00329,1.1191,0.0106,1.2072,0.21290,0.00346
10,high,5,6,15,1.20,true,0.03625,0.00209,0.26427,2.22830,0.00322,1.2115,0.0069,1.2991,0.24643,0.00356
10,high,5,6,20,0.00,true,0.03400,0.00203,0.14132,2.10736,0.00294,0.4191,0.5242,0.6587,0.00062,0.00092
10,high,5,6,20,0.10,true,0.03725,0.00212,0.14395,2.10674,0.00304,0.4578,0.4512,0.6764,0.00000,0.00000
10,high,5,6,20,0.20,true,0.04000,0.00219,0.15014,2.11019,0.00315,0.5060,0.3760,0.7072,0.00345,0.00107
10,high,5,6,20,0.30,true,0.04138,0.00223,0.15947,2.11817,0.00323,0.5603,0.3089,0.7482,0.01143,0.00148
10,high,5,6,20,0.40,true,0.04138,0.00223,0.17182,2.13053,0.00329,0.6170,0.2474,0.7987,0.02379,0.00185
10,high,5,6,20,0.50,true,0.04225,0.00225,0.18689,2.14476,0.00337,0.6816,0.1963,0.8587,0.03802,0.00215
10,high,5,6,20,0.60,true,0.04150,0.00223,0.20449,2.16315,0.00342,0.7509,0.1528,0.9265,0.05641,0.00244
10,high,5,6,20,0.70,true,0.03725,0.00212,0.22436,2.18732,0.00338,0.8241,0.1174,0.9989,0.08058,0.00262
10,high,5,6,20,0.80,true,0.03388,0.00202,0.24610,2.21249,0.00335,0.9025,0.0895,1.0773,0.10575,0.00280
10,high,5,6,20,0.90,true,0.03100,0.00194,0.26882,2.23816,0.00333,0.9815,0.0663,1.1586,0.13142,0.00295
10,high,5,6,20,1.00,true,0.02863,0.00186,0.29159,2.26340,0.00330,1.0600,0.0481,1.2404,0.15666,0.00309
10,high,5,6,20,1.10,true,0.02587,0.00178,0.31511,2.28977,0.00326,1.1433,0.0359,1.3244,0.18303,0.00320
10,high,5,6,20,1.20,true,0.02237,0.00165,0.34061,2.31891,0.00318,1.2341,0.0253,1.4161,0.21217,0.00327
10,hcp30,5,12,10,0.00,true,0.23788,0.00476,0.07148,1.83415,0.00537,0.4299,0.6310,0.4327,0.03485,0.00444
10,hcp30,5,12,10,0.10,true,0.26900,0.00496,0.08048,1.81218,0.00571,0.4895,0.5564,0.4490,0.01289,0.00360
10,hcp30,5,12,10,0.20,true,0.29363,0.00509,0.09477,1.80213,0.00603,0.5487,0.4741,0.4800,0.00284,0.00247
10,hcp30,5,12,10,0.30,true,0.31375,0.00519,0.11168,1.79929,0.00633,0.6086,0.4047,0.5231,0.00000,0.00000
10,hcp30,5,12,10,0.40,true,0.33000,0.00526,0.13300,1.80490,0.00665,0.6784,0.3390,0.5809,0.00561,0.00236
10,hcp30,5,12,10,0.50,true,0.33725,0.00529,0.15736,1.82272,0.00694,0.7477,0.2793,0.6468,0.02342,0.00334
10,hcp30,5,12,10,0.60,true,0.34487,0.00531,0.18364,1.84229,0.00724,0.8227,0.2265,0.7245,0.04300,0.00410
10,hcp30,5,12,10,0.70,true,0.34750,0.00532,0.21158,1.86875,0.00752,0.9017,0.1833,0.8083,0.06946,0.00473
10,hcp30,5,12,10,0.80,true,0.34437,0.00531,0.24047,1.90213,0.00775,0.9774,0.1447,0.8943,0.10284,0.00524
10,hcp30,5,12,10,0.90,true,0.33837,0.00529,0.26922,1.93847,0.00795,1.0581,0.1183,0.9806,0.13918,0.00567
10,hcp30,5,12,10,1.00,true,0.33313,0.00527,0.29876,1.97516,0.00815,1.1402,0.0920,1.0744,0.17586,0.00610
10,hcp30,5,12,10,1.10,true,0.32837,0.00525,0.32724,2.01059,0.00833,1.2305,0.0741,1.1715,0.21130,0.00644
10,hcp30,5,12,10,1.20,true,0.32262,0.00523,0.35524,2.04681,0.00849,1.3205,0.0587,1.2697,0.24751,0.00676
10,hcp30,5,12,15,0.00,true,0.15762,0.00407,0.15785,2.00288,0.00529,0.6178,0.5778,0.6378,0.00056,0.00190
10,hcp30,5,12,15,0.10,true,0.16825,0.00418,0.16757,2.00232,0.00552,0.6657,0.5227,0.6525,0.00000,0.00000
10,hcp30,5,12,15,0.20,true,0.18025,0.00430,0.18161,2.00491,0.00579,0.7299,0.4709,0.6805,0.00259,0.00189
10,hcp30,5,12,15,0.30,true,0.18600,0.00435,0.19657,2.01479,0.00599,0.7827,0.4252,0.7110,0.01247,0.00261
10,hcp30,5,12,15,0.40,true,0.19137,0.00440,0.21535,2.02911,0.00620,0.8482,0.3820,0.7528,0.02679,0.00327
10,hcp30,5,12,15,0.50,true,0.19862,0.00446,0.23583,2.04346,0.00645,0.9136,0.3391,0.8044,0.04114,0.00389
10,hcp30,5,12,15,0.60,true,0.20137,0.00448,0.25873,2.06499,0.00665,0.9743,0.2941,0.8628,0.06267,0.00443
10,hcp30,5,12,15,0.70,true,0.20425,0.00451,0.28197,2.08697,0.00686,1.0419,0.2565,0.9274,0.08466,0.00488
10,hcp30,5,12,15,0.80,true,0.20538,0.00452,0.30575,2.11148,0.00704,1.1160,0.2265,0.9964,0.10916,0.00529
10,hcp30,5,12,15,0.90,true,0.20800,0.00454,0.33036,2.13562,0.00723,1.1930,0.1967,1.0747,0.13330,0.00572
10,hcp30,5,12,15,1.00,true,0.20688,0.00453,0.35488,2.16365,0.00738,1.2679,0.1710,1.1527,0.16133,0.00604
10,hcp30,5,12,15,1.10,true,0.20525,0.00452,0.37922,2.19228,0.00751,1.3447,0.1483,1.2342,0.18996,0.00635
10,hcp30,5,12,15,1.20,true,0.20212,0.00449,0.40412,2.22329,0.00762,1.4272,0.1299,1.3195,0.22097,0.00663
10,hcp30,5,12,20,0.00,true,0.10337,0.00340,0.25003,2.15375,0.00514,0.8327,0.5523,0.8499,0.00000,0.00000
10,hcp30,5,12,20,0.10,true,0.10912,0.00349,0.25833,2.15687,0.00531,0.8786,0.5145,0.8638,0.00311,0.00140
10,hcp30,5,12,20,0.20,true,0.11425,0.00356,0.27009,2.16437,0.00549,0.9285,0.4711,0.8872,0.01062,0.00213
10,hcp30,5,12,20,0.30,true,0.11713,0.00360,0.28271,2.17513,0.00564,0.9795,0.4345,0.9143,0.02137,0.00265
10,hcp30,5,12,20,0.40,true,0.12000,0.00363,0.29853,2.18938,0.00580,1.0421,0.3991,0.9524,0.03562,0.00327
10,hcp30,5,12,20,0.50,true,0.12200,0.00366,0.31480,2.20517,0.00595,1.0998,0.3642,0.9944,0.05142,0.00372
10,hcp30,5,12,20,0.60,true,0.12375,0.00368,0.33243,2.22284,0.00609,1.1656,0.3344,1.0427,0.06908,0.00413
10,hcp30,5,12,20,0.70,true,0.12550,0.00370,0.35115,2.24187,0.00624,1.2265,0.3012,1.0982,0.08812,0.00457
10,hcp30,5,12,20,0.80,true,0.12575,0.00371,0.37041,2.26318,0.00636,1.2911,0.2724,1.1569,0.10942,0.00493
10,hcp30,5,12,20,0.90,true,0.12675,0.00372,0.39074,2.28512,0.00649,1.3662,0.2482,1.2233,0.13137,0.00531
10,hcp30,5,12,20,1.00,true,0.12900,0.00375,0.41046,2.30539,0.00663,1.4402,0.2252,1.2931,0.15164,0.00564
10,hcp30,5,12,20,1.10,true,0.13012,0.00376,0.43019,2.32704,0.00675,1.5134,0.2035,1.3654,0.17329,0.00593
10,hcp30,5,12,20,1.20,true,0.13037,0.00376,0.45012,2.35005,0.00686,1.5903,0.1844,1.4413,0.19630,0.00617
10,hcp30,5,3,10,0.00,true,0.05412,0.00253,0.21430,2.16346,0.00402,0.1513,0.5248,0.4736,0.02847,0.00364
10,hcp30,5,3,10,0.10,true,0.07525,0.00295,0.21368,2.14187,0.00442,0.2846,0.3933,0.4919,0.00688,0.00285
10,hcp30,5,3,10,0.20,true,0.09275,0.00324,0.22385,2.13499,0.00476,0.4014,0.3232,0.5323,0.00000,0.00000
10,hcp30,5,3,10,0.30,true,0.10175,0.00338,0.24123,2.14412,0.00499,0.4968,0.2807,0.5820,0.00913,0.00289
10,hcp30,5,3,10,0.40,true,0.11088,0.00351,0.26428,2.15913,0.00524,0.5729,0.2376,0.6410,0.02414,0.00410
10,hcp30,5,3,10,0.50,true,0.11475,0.00356,0.29265,2.18502,0.00543,0.6438,0.2026,0.7052,0.05003,0.00487
10,hcp30,5,3,10,0.60,true,0.11875,0.00362,0.32379,2.21400,0.00564,0.7139,0.1735,0.7752,0.07902,0.00540
10,hcp30,5,3,10,0.70,true,0.12175,0.00366,0.35490,2.24430,0.00583,0.7788,0.1466,0.8466,0.10931,0.00588
10,hcp30,5,3,10,0.80,true,0.12612,0.00371,0.38639,2.27396,0.00604,0.8486,0.1267,0.9227,0.13897,0.00630
10,hcp30,5,3,10,0.90,true,0.12650,0.00372,0.41772,2.30776,0.00618,0.9135,0.1072,0.9983,0.17277,0.00666
10,hcp30,5,3,10,1.00,true,0.12975,0.00376,0.44972,2.34003,0.00637,0.9847,0.0875,1.0838,0.20504,0.00700
10,hcp30,5,3,10,1.10,true,0.12862,0.00374,0.47889,2.37417,0.00647,1.0536,0.0727,1.1647,0.23918,0.00718
10,hcp30,5,3,10,1.20,true,0.12875,0.00374,0.50811,2.40774,0.00659,1.1308,0.0610,1.2543,0.27275,0.00736
10,hcp30,5,3,15,0.00,true,0.03188,0.00196,0.35251,2.33182,0.00420,0.2381,0.5154,0.7063,0.01814,0.00310
10,hcp30,5,3,15,0.10,true,0.04675,0.00236,0.35160,2.31624,0.00455,0.3639,0.4357,0.7198,0.00255,0.00254
10,hcp30,5,3,15,0.20,true,0.05588,0.00257,0.35763,2.31368,0.00475,0.4868,0.3768,0.7473,0.00000,0.00000
10,hcp30,5,3,15,0.30,true,0.06313,0.00272,0.36926,2.31895,0.00492,0.5929,0.3337,0.7866,0.00527,0.00267
10,hcp30,5,3,15,0.40,true,0.06413,0.00274,0.38702,2.33701,0.00497,0.6878,0.2987,0.8351,0.02333,0.00374
10,hcp30,5,3,15,0.50,true,0.06825,0.00282,0.40516,2.35260,0.00509,0.7675,0.2688,0.8878,0.03892,0.00435
10,hcp30,5,3,15,0.60,true,0.07037,0.00286,0.42538,2.37266,0.00519,0.8383,0.2400,0.9450,0.05898,0.00478
10,hcp30,5,3,15,0.70,true,0.07100,0.00287,0.44790,2.39689,0.00525,0.9106,0.2177,1.0068,0.08320,0.00510
10,hcp30,5,3,15,0.80,true,0.07325,0.00291,0.47087,2.42025,0.00535,0.9810,0.1980,1.0727,0.10657,0.00545
10,hcp30,5,3,15,0.90,true,0.07437,0.00293,0.49451,2.44594,0.00543,1.0503,0.1781,1.1428,0.13226,0.00575
10,hcp30,5,3,15,1.00,true,0.07575,0.00296,0.51685,2.47029,0.00551,1.1145,0.1589,1.2134,0.15661,0.00601
10,hcp30,5,3,15,1.10,true,0.07225,0.00289,0.54196,2.50297,0.00548,1.1844,0.1424,1.2890,0.18929,0.00614
10,hcp30,5,3,15,1.20,true,0.07237,0.00290,0.56344,2.52851,0.00554,1.2508,0.1276,1.3640,0.21483,0.00632
10,hcp30,5,3,20,0.00,true,0.02237,0.00165,0.46034,2.46171,0.00429,0.3380,0.5160,0.9481,0.00558,0.00222
10,hcp30,5,3,20,0.10,true,0.02838,0.00186,0.46054,2.45613,0.00445,0.4521,0.4481,0.9575,0.00000,0.00000
10,hcp30,5,3,20,0.20,true,0.03200,0.00197,0.46611,2.45870,0.00454,0.5811,0.3999,0.9802,0.00257,0.00234
10,hcp30,5,3,20,0.30,true,0.03687,0.00211,0.47389,2.46252,0.00466,0.6906,0.3618,1.0106,0.00639,0.00315
10,hcp30,5,3,20,0.40,true,0.03575,0.00208,0.48690,2.47801,0.00462,0.7929,0.3307,1.0486,0.02188,0.00341
10,hcp30,5,3,20,0.50,true,0.03850,0.00215,0.50013,2.49015,0.00469,0.8832,0.3055,1.0931,0.03403,0.00374
10,hcp30,5,3,20,0.60,true,0.04013,0.00219,0.51637,2.50685,0.00473,0.9710,0.2835,1.1454,0.05072,0.00404
10,hcp30,5,3,20,0.70,true,0.04075,0.00221,0.53344,2.52575,0.00475,1.0469,0.2597,1.2015,0.06963,0.00429
10,hcp30,5,3,20,0.80,true,0.04475,0.00231,0.55032,2.54135,0.00486,1.1198,0.2378,1.2633,0.08523,0.00462
10,hcp30,5,3,20,0.90,true,0.04662,0.00236,0.56758,2.55990,0.00493,1.1940,0.2200,1.3277,0.10377,0.00487
10,hcp30,5,3,20,1.00,true,0.04725,0.00237,0.58383,2.57896,0.00496,1.2626,0.2036,1.3914,0.12284,0.00508
10,hcp30,5,3,20,1.10,true,0.04637,0.00235,0.60092,2.60088,0.00496,1.3335,0.1888,1.4595,0.14476,0.00521
10,hcp30,5,3,20,1.20,true,0.04637,0.00235,0.61733,2.62135,0.00497,1.4018,0.1751,1.5282,0.16523,0.00540
10,hcp30,5,6,10,0.00,true,0.10375,0.00341,0.11291,2.01012,0.00417,0.4108,0.5382,0.4590,0.00526,0.00184
10,hcp30,5,6,10,0.10,true,0.11250,0.00353,0.11626,2.00486,0.00431,0.4617,0.4586,0.4798,0.00000,0.00000
10,hcp30,5,6,10,0.20,true,0.11850,0.00361,0.12573,2.00860,0.00444,0.5228,0.3841,0.5160,0.00374,0.00187
10,hcp30,5,6,10,0.30,true,0.12362,0.00368,0.14015,2.01834,0.00460,0.5881,0.3184,0.5651,0.01348,0.00265
10,hcp30,5,6,10,0.40,true,0.12600,0.00371,0.15904,2.03549,0.00475,0.6590,0.2594,0.6270,0.03063,0.00331
10,hcp30,5,6,10,0.50,true,0.12412,0.00369,0.18050,2.05962,0.00484,0.7298,0.2105,0.6949,0.05476,0.00386
10,hcp30,5,6,10,0.60,true,0.11975,0.00363,0.20657,2.09118,0.00492,0.8114,0.1676,0.7759,0.08632,0.00436
10,hcp30,5,6,10,0.70,true,0.11450,0.00356,0.23271,2.12387,0.00497,0.8918,0.1362,0.8568,0.11902,0.00473
10,hcp30,5,6,10,0.80,true,0.10875,0.00348,0.26060,2.15910,0.00501,0.9762,0.1093,0.9442,0.15424,0.00509
10,hcp30,5,6,10,0.90,true,0.10100,0.00337,0.28753,2.19549,0.00500,1.0589,0.0911,1.0280,0.19063,0.00538
10,hcp30,5,6,10,1.00,true,0.09187,0.00323,0.31645,2.23561,0.00494,1.1455,0.0738,1.1187,0.23076,0.00563
10,hcp30,5,6,10,1.10,true,0.08338,0.00309,0.34479,2.27478,0.00488,1.2310,0.0589,1.2098,0.26992,0.00582
10,hcp30,5,6,10,1.20,true,0.07512,0.00295,0.37353,2.31437,0.00479,1.3216,0.0476,1.3048,0.30952,0.00603
10,hcp30,5,6,15,0.00,true,0.05575,0.00257,0.23746,2.18583,0.00398,0.6193,0.5262,0.6886,0.00000,0.00000
10,hcp30,5,6,15,0.10,true,0.05713,0.00259,0.23925,2.18654,0.00401,0.6733,0.4812,0.7047,0.00071,0.00118
10,hcp30,5,6,15,0.20,true,0.05975,0.00265,0.24499,2.19017,0.00408,0.7263,0.4289,0.7327,0.00434,0.00196
10,hcp30,5,6,15,0.30,true,0.06137,0.00268,0.25445,2.19876,0.00416,0.7860,0.3801,0.7711,0.01293,0.00258
10,hcp30,5,6,15,0.40,true,0.06200,0.00270,0.26636,2.21099,0.00422,0.8469,0.3362,0.8162,0.02516,0.00307
10,hcp30,5,6,15,0.50,true,0.05900,0.00263,0.28142,2.23027,0.00422,0.9077,0.2910,0.8693,0.04443,0.00355
10,hcp30,5,6,15,0.60,true,0.05688,0.00259,0.29796,2.25035,0.00424,0.9715,0.2525,0.9282,0.06452,0.00396
10,hcp30,5,6,15,0.70,true,0.05638,0.00258,0.31654,2.27112,0.00431,1.0417,0.2168,0.9965,0.08529,0.00437
10,hcp30,5,6,15,0.80,true,0.05325,0.00251,0.33532,2.29486,0.00431,1.1136,0.1913,1.0635,0.10903,0.00466
10,hcp30,5,6,15,0.90,true,0.04975,0.00243,0.35634,2.32159,0.00429,1.1922,0.1663,1.1401,0.13576,0.00492
10,hcp30,5,6,15,1.00,true,0.04813,0.00239,0.37572,2.34479,0.00432,1.2646,0.1460,1.2133,0.15896,0.00516
10,hcp30,5,6,15,1.10,true,0.04425,0.00230,0.39763,2.37319,0.00428,1.3420,0.1244,1.2960,0.18736,0.00539
10,hcp30,5,6,15,1.20,true,0.04100,0.00222,0.41833,2.39981,0.00424,1.4173,0.1071,1.3764,0.21398,0.00558
10,hcp30,5,6,20,0.00,true,0.03163,0.00196,0.35712,2.33622,0.00389,0.8311,0.5180,0.9249,0.00000,0.00000
10,hcp30,5,6,20,0.10,true,0.03188,0.00196,0.35899,2.33831,0.00390,0.8720,0.4775,0.9417,0.00210,0.00104
10,hcp30,5,6,20,0.20,true,0.03288,0.00199,0.36329,2.34237,0.00393,0.9263,0.4384,0.9682,0.00616,0.00168
10,hcp30,5,6,20,0.30,true,0.03263,0.00199,0.36973,2.35005,0.00394,0.9833,0.4021,1.0004,0.01383,0.00213
10,hcp30,5,6,20,0.40,true,0.03200,0.00197,0.37820,2.36036,0.00394,1.0387,0.3653,1.0395,0.02415,0.00260
10,hcp30,5,6,20,0.50,true,0.03150,0.00195,0.38811,2.37223,0.00396,1.0963,0.3305,1.0844,0.03602,0.00298
10,hcp30,5,6,20,0.60,true,0.03075,0.00193,0.39915,2.38572,0.00397,1.1602,0.3009,1.1345,0.04950,0.00332
10,hcp30,5,6,20,0.70,true,0.03125,0.00195,0.41145,2.39946,0.00402,1.2216,0.2690,1.1918,0.06325,0.00368
10,hcp30,5,6,20,0.80,true,0.03037,0.00192,0.42472,2.41578,0.00403,1.2929,0.2448,1.2526,0.07957,0.00396
10,hcp30,5,6,20,0.90,true,0.02925,0.00188,0.43871,2.43327,0.00403,1.3581,0.2189,1.3169,0.09706,0.00423
10,hcp30,5,6,20,1.00,true,0.02913,0.00188,0.45261,2.44979,0.00406,1.4278,0.1984,1.3832,0.11357,0.00448
10,hcp30,5,6,20,1.10,true,0.02900,0.00188,0.46704,2.46702,0.00408,1.5006,0.1802,1.4533,0.13081,0.00472
10,hcp30,5,6,20,1.20,true,0.02712,0.00182,0.48288,2.48782,0.00405,1.5746,0.1605,1.5298,0.15161,0.00493
