stimp,skill,slope_pct,clock,length_ft,rollout_m,solve_ok,make,make_se,three_plus,exp_strokes,exp_strokes_se,mean_past_miss_m,pct_miss_short,mean_leave_m,de_vs_best,de_pair_se
10,tour,0,12,10,0.00,true,0.27000,0.00496,0.00007,1.73007,0.00496,0.1669,0.6368,0.1973,0.12887,0.00480
10,tour,0,12,10,0.10,true,0.33963,0.00529,0.00018,1.66055,0.00530,0.2142,0.4304,0.2137,0.05936,0.00384
10,tour,0,12,10,0.20,true,0.38712,0.00545,0.00057,1.61345,0.00545,0.2744,0.2435,0.2660,0.01225,0.00252
10,tour,0,12,10,0.30,true,0.40037,0.00548,0.00157,1.60119,0.00549,0.3444,0.1149,0.3414,0.00000,0.00000
10,tour,0,12,10,0.40,true,0.39837,0.00547,0.00367,1.60529,0.00551,0.4267,0.0488,0.4298,0.00410,0.00202
10,tour,0,12,10,0.50,true,0.38950,0.00545,0.00755,1.61806,0.00552,0.5164,0.0149,0.5257,0.01687,0.00261
10,tour,0,12,10,0.60,true,0.37362,0.00541,0.01407,1.64046,0.00554,0.6131,0.0062,0.6226,0.03927,0.00301
10,tour,0,12,10,0.70,true,0.35800,0.00536,0.02364,1.66566,0.00557,0.7117,0.0018,0.7215,0.06447,0.00336
10,tour,0,12,10,0.80,true,0.34263,0.00531,0.03649,1.69389,0.00562,0.8107,0.0002,0.8203,0.09270,0.00363
10,tour,0,12,10,0.90,true,0.32775,0.00525,0.05284,1.72514,0.00569,0.9120,0.0000,0.9209,0.12395,0.00389
10,tour,0,12,10,1.00,true,0.31350,0.00519,0.07185,1.75843,0.00577,1.0118,0.0000,1.0200,0.15723,0.00412
10,tour,0,12,10,1.10,true,0.29925,0.00512,0.09346,1.79433,0.00585,1.1120,0.0000,1.1197,0.19313,0.00434
10,tour,0,12,10,1.20,true,0.28313,0.00504,0.11751,1.83455,0.00592,1.2124,0.0000,1.2197,0.23336,0.00460
10,tour,0,12,15,0.00,true,0.16487,0.00415,0.00126,1.83638,0.00416,0.2415,0.5800,0.2884,0.06640,0.00402
10,tour,0,12,15,0.10,true,0.19687,0.00445,0.00170,1.80483,0.00446,0.2890,0.4478,0.3019,0.03484,0.00350
10,tour,0,12,15,0.20,true,0.22025,0.00463,0.00308,1.78283,0.00465,0.3409,0.3166,0.3392,0.01284,0.00280
10,tour,0,12,15,0.30,true,0.23463,0.00474,0.00573,1.77111,0.00478,0.4042,0.2115,0.3973,0.00112,0.00192
10,tour,0,12,15,0.40,true,0.24013,0.00478,0.01010,1.76999,0.00485,0.4748,0.1334,0.4696,0.00000,0.00000
10,tour,0,12,15,0.50,true,0.23988,0.00477,0.01664,1.77678,0.00489,0.5538,0.0802,0.5530,0.00679,0.00179
10,tour,0,12,15,0.60,true,0.23550,0.00474,0.02573,1.79025,0.00493,0.6385,0.0484,0.6414,0.02027,0.00224
10,tour,0,12,15,0.70,true,0.22837,0.00469,0.03773,1.80940,0.00496,0.7282,0.0271,0.7355,0.03941,0.00267
10,tour,0,12,15,0.80,true,0.21863,0.00462,0.05291,1.83434,0.00499,0.8211,0.0141,0.8319,0.06435,0.00300
10,tour,0,12,15,0.90,true,0.20938,0.00455,0.07101,1.86172,0.00503,0.9163,0.0063,0.9298,0.09173,0.00326
10,tour,0,12,15,1.00,true,0.20112,0.00448,0.09161,1.89061,0.00509,1.0151,0.0039,1.0283,0.12062,0.00346
10,tour,0,12,15,1.10,true,0.19050,0.00439,0.11455,1.92421,0.00512,1.1133,0.0019,1.1268,0.15423,0.00369
10,tour,0,12,15,1.20,true,0.18188,0.00431,0.13925,1.95759,0.00517,1.2129,0.0009,1.2262,0.18761,0.00389
10,tour,0,12,20,0.00,true,0.11762,0.00360,0.00517,1.88755,0.00363,0.3137,0.5454,0.3822,0.02311,0.00292
10,tour,0,12,20,0.10,true,0.13150,0.00378,0.00617,1.87468,0.00381,0.3623,0.4459,0.3957,0.01024,0.00237
10,tour,0,12,20,0.20,true,0.14288,0.00391,0.00867,1.86581,0.00396,0.4137,0.3497,0.4263,0.00137,0.00170
10,tour,0,12,20,0.30,true,0.14850,0.00398,0.01293,1.86444,0.00405,0.4729,0.2676,0.4720,0.00000,0.00000
10,tour,0,12,20,0.40,true,0.15338,0.00403,0.01921,1.86585,0.00415,0.5365,0.1965,0.5315,0.00141,0.00161
10,tour,0,12,20,0.50,true,0.15600,0.00406,0.02783,1.87186,0.00423,0.6072,0.1401,0.6029,0.00742,0.00218
10,tour,0,12,20,0.60,true,0.15500,0.00405,0.03888,1.88392,0.00429,0.6809,0.0950,0.6818,0.01948,0.00257
10,tour,0,12,20,0.70,true,0.15288,0.00402,0.05256,1.89974,0.00435,0.7615,0.0629,0.7677,0.03530,0.00287
10,tour,0,12,20,0.80,true,0.14963,0.00399,0.06880,1.91926,0.00442,0.8465,0.0404,0.8578,0.05482,0.00309
10,tour,0,12,20,0.90,true,0.14300,0.00391,0.08762,1.94474,0.00445,0.9345,0.0242,0.9508,0.08030,0.00332
10,tour,0,12,20,1.00,true,0.13562,0.00383,0.10876,1.97330,0.00447,1.0285,0.0161,1.0460,0.10886,0.00353
10,tour,0,12,20,1.10,true,0.13087,0.00377,0.13160,2.00094,0.00452,1.1246,0.0104,1.1434,0.13650,0.00370
10,tour,0,12,20,1.20,true,0.12400,0.00368,0.15626,2.03254,0.00455,1.2208,0.0061,1.2411,0.16811,0.00388
10,scratch,0,12,10,0.00,true,0.23663,0.00475,0.00025,1.76363,0.00475,0.1783,0.6196,0.2125,0.10720,0.00452
10,scratch,0,12,10,0.10,true,0.29413,0.00509,0.00054,1.70642,0.00510,0.2245,0.4317,0.2281,0.04998,0.00364
10,scratch,0,12,10,0.20,true,0.33425,0.00527,0.00144,1.66719,0.00529,0.2821,0.2557,0.2771,0.01076,0.00247
10,scratch,0,12,10,0.30,true,0.34713,0.00532,0.00355,1.65643,0.00535,0.3516,0.1333,0.3491,0.00000,0.00000
10,scratch,0,12,10,0.40,true,0.34413,0.00531,0.00761,1.66350,0.00538,0.4310,0.0616,0.4347,0.00707,0.00203
10,scratch,0,12,10,0.50,true,0.33637,0.00528,0.01432,1.67796,0.00541,0.5196,0.0249,0.5287,0.02153,0.00268
10,scratch,0,12,10,0.60,true,0.32462,0.00524,0.02456,1.69998,0.00544,0.6146,0.0093,0.6261,0.04355,0.00307
10,scratch,0,12,10,0.70,true,0.31088,0.00517,0.03857,1.72777,0.00550,0.7120,0.0042,0.7235,0.07134,0.00337
10,scratch,0,12,10,0.80,true,0.29925,0.00512,0.05623,1.75710,0.00557,0.8107,0.0011,0.8226,0.10067,0.00362
10,scratch,0,12,10,0.90,true,0.28350,0.00504,0.07757,1.79425,0.00564,0.9099,0.0002,0.9213,0.13782,0.00390
10,scratch,0,12,10,1.00,true,0.26825,0.00495,0.10189,1.83390,0.00571,1.0098,0.0000,1.0206,0.17747,0.00417
10,scratch,0,12,10,1.10,true,0.25300,0.00486,0.12844,1.87580,0.00578,1.1094,0.0000,1.1195,0.21937,0.00441
10,scratch,0,12,10,1.20,true,0.23938,0.00477,0.15644,1.91754,0.00584,1.2093,0.0000,1.2190,0.26111,0.00463
10,scratch,0,12,15,0.00,true,0.13762,0.00385,0.00323,1.86561,0.00387,0.2593,0.5683,0.3154,0.04585,0.00337
10,scratch,0,12,15,0.10,true,0.16187,0.00412,0.00419,1.84232,0.00414,0.3052,0.4425,0.3296,0.02257,0.00284
10,scratch,0,12,15,0.20,true,0.18025,0.00430,0.00676,1.82653,0.00434,0.3569,0.3237,0.3650,0.00677,0.00208
10,scratch,0,12,15,0.30,true,0.19162,0.00440,0.01136,1.81976,0.00448,0.4184,0.2244,0.4197,0.00000,0.00000
10,scratch,0,12,15,0.40,true,0.19362,0.00442,0.01842,1.82483,0.00454,0.4870,0.1494,0.4877,0.00507,0.00179
10,scratch,0,12,15,0.50,true,0.19600,0.00444,0.02839,1.83245,0.00463,0.5646,0.0948,0.5687,0.01269,0.00243
10,scratch,0,12,15,0.60,true,0.19312,0.00441,0.04168,1.84865,0.00470,0.6476,0.0596,0.6553,0.02889,0.00277
10,scratch,0,12,15,0.70,true,0.18812,0.00437,0.05811,1.87012,0.00476,0.7358,0.0373,0.7465,0.05036,0.00309
10,scratch,0,12,15,0.80,true,0.18175,0.00431,0.07783,1.89627,0.00482,0.8259,0.0209,0.8409,0.07652,0.00333
10,scratch,0,12,15,0.90,true,0.17438,0.00424,0.10026,1.92615,0.00488,0.9197,0.0118,0.9370,0.10639,0.00357
10,scratch,0,12,15,1.00,true,0.16700,0.00417,0.12501,1.95838,0.00494,1.0147,0.0056,1.0343,0.13862,0.00377
10,scratch,0,12,15,1.10,true,0.15775,0.00408,0.15198,1.99471,0.00498,1.1136,0.0036,1.1326,0.17495,0.00398
10,scratch,0,12,15,1.20,true,0.14750,0.00396,0.18064,2.03376,0.00499,1.2122,0.0018,1.2315,0.21401,0.00416
10,scratch,0,12,20,0.00,true,0.09275,0.00324,0.01157,1.91884,0.00330,0.3362,0.5342,0.4247,0.01239,0.00213
10,scratch,0,12,20,0.10,true,0.10287,0.00340,0.01325,1.91040,0.00347,0.3843,0.4434,0.4384,0.00395,0.00155
10,scratch,0,12,20,0.20,true,0.11088,0.00351,0.01729,1.90645,0.00361,0.4351,0.3555,0.4675,0.00000,0.00000
10,scratch,0,12,20,0.30,true,0.11550,0.00357,0.02390,1.90845,0.00372,0.4924,0.2780,0.5109,0.00200,0.00147
10,scratch,0,12,20,0.40,true,0.11912,0.00362,0.03320,1.91415,0.00382,0.5547,0.2099,0.5676,0.00770,0.00205
10,scratch,0,12,20,0.50,true,0.11975,0.00363,0.04540,1.92576,0.00391,0.6222,0.1535,0.6347,0.01931,0.00247
10,scratch,0,12,20,0.60,true,0.12025,0.00364,0.06033,1.94023,0.00401,0.6965,0.1121,0.7098,0.03379,0.00273
10,scratch,0,12,20,0.70,true,0.11762,0.00360,0.07826,1.96084,0.00407,0.7741,0.0773,0.7922,0.05440,0.00301
10,scratch,0,12,20,0.80,true,0.11475,0.00356,0.09851,1.98404,0.00415,0.8549,0.0513,0.8787,0.07760,0.00321
10,scratch,0,12,20,0.90,true,0.11088,0.00351,0.12112,2.01062,0.00421,0.9424,0.0349,0.9690,0.10417,0.00339
10,scratch,0,12,20,1.00,true,0.10675,0.00345,0.14567,2.03941,0.00427,1.0325,0.0227,1.0622,0.13296,0.00358
10,scratch,0,12,20,1.10,true,0.10250,0.00339,0.17171,2.06983,0.00432,1.1260,0.0150,1.1573,0.16338,0.00374
10,scratch,0,12,20,1.20,true,0.09675,0.00331,0.19937,2.10339,0.00434,1.2227,0.0101,1.2547,0.19695,0.00392
10,mid,0,12,10,0.00,true,0.18538,0.00434,0.00126,1.81589,0.00435,0.1944,0.5958,0.2381,0.07206,0.00412
10,mid,0,12,10,0.10,true,0.22387,0.00466,0.00217,1.77830,0.00467,0.2410,0.4266,0.2547,0.03447,0.00334
10,mid,0,12,10,0.20,true,0.25300,0.00486,0.00484,1.75187,0.00490,0.2950,0.2676,0.2996,0.00804,0.00229
10,mid,0,12,10,0.30,true,0.26650,0.00494,0.01027,1.74383,0.00502,0.3622,0.1505,0.3678,0.00000,0.00000
10,mid,0,12,10,0.40,true,0.26475,0.00493,0.01926,1.75462,0.00508,0.4397,0.0801,0.4487,0.01079,0.00196
10,mid,0,12,10,0.50,true,0.25750,0.00489,0.03265,1.77535,0.00514,0.5248,0.0399,0.5379,0.03152,0.00259
10,mid,0,12,10,0.60,true,0.24775,0.00483,0.05073,1.80330,0.00521,0.6132,0.0151,0.6315,0.05947,0.00299
10,mid,0,12,10,0.70,true,0.23625,0.00475,0.07343,1.83767,0.00529,0.7089,0.0070,0.7274,0.09385,0.00330
10,mid,0,12,10,0.80,true,0.22375,0.00466,0.10039,1.87735,0.00537,0.8075,0.0040,0.8251,0.13352,0.00360
10,mid,0,12,10,0.90,true,0.21350,0.00458,0.13055,1.91803,0.00547,0.9064,0.0013,0.9244,0.17420,0.00386
10,mid,0,12,10,1.00,true,0.20062,0.00448,0.16347,1.96415,0.00554,1.0065,0.0003,1.0241,0.22032,0.00412
10,mid,0,12,10,1.10,true,0.18912,0.00438,0.19734,2.00989,0.00560,1.1063,0.0000,1.1233,0.26607,0.00433
10,mid,0,12,10,1.20,true,0.17913,0.00429,0.23155,2.05453,0.00566,1.2063,0.0000,1.2228,0.31071,0.00452
10,mid,0,12,15,0.00,true,0.09838,0.00333,0.01127,1.91295,0.00339,0.2827,0.5523,0.3639,0.01855,0.00256
10,mid,0,12,15,0.10,true,0.11163,0.00352,0.01371,1.90216,0.00360,0.3274,0.4369,0.3789,0.00775,0.00182
10,mid,0,12,15,0.20,true,0.12500,0.00370,0.01929,1.89441,0.00381,0.3809,0.3323,0.4140,0.00000,0.00000
10,mid,0,12,15,0.30,true,0.13387,0.00381,0.02836,1.89466,0.00399,0.4406,0.2426,0.4647,0.00025,0.00169
10,mid,0,12,15,0.40,true,0.13850,0.00386,0.04118,1.90296,0.00413,0.5068,0.1699,0.5288,0.00855,0.00226
10,mid,0,12,15,0.50,true,0.13912,0.00387,0.05790,1.91918,0.00424,0.5784,0.1146,0.6024,0.02477,0.00264
10,mid,0,12,15,0.60,true,0.13875,0.00386,0.07865,1.94046,0.00437,0.6590,0.0771,0.6849,0.04606,0.00297
10,mid,0,12,15,0.70,true,0.13437,0.00381,0.10298,1.96939,0.00446,0.7423,0.0498,0.7715,0.07498,0.00324
10,mid,0,12,15,0.80,true,0.12912,0.00375,0.13031,2.00222,0.00454,0.8308,0.0329,0.8618,0.10781,0.00348
10,mid,0,12,15,0.90,true,0.12275,0.00367,0.16026,2.03886,0.00460,0.9219,0.0199,0.9558,0.14445,0.00372
10,mid,0,12,15,1.00,true,0.11663,0.00359,0.19198,2.07707,0.00466,1.0157,0.0122,1.0512,0.18266,0.00392
10,mid,0,12,15,1.10,true,0.10850,0.00348,0.22522,2.11886,0.00467,1.1106,0.0067,1.1474,0.22446,0.00410
10,mid,0,12,15,1.20,true,0.10275,0.00339,0.25836,2.15822,0.00470,1.2072,0.0039,1.2443,0.26381,0.00422
10,mid,0,12,20,0.00,true,0.06275,0.00271,0.03630,1.97377,0.00291,0.3658,0.5255,0.5048,0.00235,0.00126
10,mid,0,12,20,0.10,true,0.06863,0.00283,0.03980,1.97142,0.00305,0.4125,0.4417,0.5199,0.00000,0.00000
10,mid,0,12,20,0.20,true,0.07425,0.00293,0.04710,1.97316,0.00321,0.4655,0.3648,0.5492,0.00174,0.00128
10,mid,0,12,20,0.30,true,0.07712,0.00298,0.05818,1.98145,0.00333,0.5197,0.2912,0.5903,0.01003,0.00175
10,mid,0,12,20,0.40,true,0.07900,0.00302,0.07300,1.99453,0.00346,0.5828,0.2322,0.6423,0.02311,0.00209
10,mid,0,12,20,0.50,true,0.08100,0.00305,0.09115,2.01084,0.00360,0.6472,0.1775,0.7045,0.03942,0.00241
10,mid,0,12,20,0.60,true,0.08088,0.00305,0.11256,2.03259,0.00372,0.7185,0.1349,0.7748,0.06116,0.00272
10,mid,0,12,20,0.70,true,0.07975,0.00303,0.13672,2.05812,0.00383,0.7921,0.0985,0.8516,0.08670,0.00299
10,mid,0,12,20,0.80,true,0.07825,0.00300,0.16328,2.08648,0.00393,0.8719,0.0715,0.9340,0.11506,0.00323
10,mid,0,12,20,0.90,true,0.07437,0.00293,0.19159,2.11902,0.00398,0.9520,0.0489,1.0191,0.14760,0.00341
10,mid,0,12,20,1.00,true,0.07000,0.00285,0.22144,2.15364,0.00401,1.0391,0.0349,1.1075,0.18222,0.00358
10,mid,0,12,20,1.10,true,0.06788,0.00281,0.25197,2.18675,0.00408,1.1287,0.0236,1.1996,0.21532,0.00375
10,mid,0,12,20,1.20,true,0.06450,0.00275,0.28294,2.22159,0.00410,1.2210,0.0166,1.2925,0.25017,0.00386
10,high,0,12,10,0.00,true,0.14775,0.00397,0.00487,1.85718,0.00399,0.2125,0.5792,0.2677,0.04094,0.00325
10,high,0,12,10,0.10,true,0.17638,0.00426,0.00702,1.83074,0.00431,0.2582,0.4254,0.2849,0.01450,0.00230
10,high,0,12,10,0.20,true,0.19675,0.00444,0.01281,1.81624,0.00453,0.3122,0.2842,0.3271,0.00000,0.00000
10,high,0,12,10,0.30,true,0.20675,0.00453,0.02300,1.81657,0.00469,0.3768,0.1762,0.3896,0.00033,0.00206
10,high,0,12,10,0.40,true,0.20750,0.00453,0.03834,1.83139,0.00482,0.4496,0.1002,0.4662,0.01515,0.00272
10,high,0,12,10,0.50,true,0.20312,0.00450,0.05938,1.85712,0.00493,0.5322,0.0547,0.5526,0.04088,0.00316
10,high,0,12,10,0.60,true,0.19587,0.00444,0.08554,1.89096,0.00505,0.6201,0.0289,0.6437,0.07472,0.00350
10,high,0,12,10,0.70,true,0.18663,0.00436,0.11642,1.93164,0.00515,0.7117,0.0129,0.7385,0.11541,0.00380
10,high,0,12,10,0.80,true,0.17813,0.00428,0.15071,1.97509,0.00527,0.8081,0.0065,0.8351,0.15885,0.00406
10,high,0,12,10,0.90,true,0.16800,0.00418,0.18730,2.02258,0.00535,0.9058,0.0042,0.9317,0.20634,0.00429
10,high,0,12,10,1.00,true,0.15825,0.00408,0.22541,2.07132,0.00542,1.0039,0.0016,1.0303,0.25508,0.00450
10,high,0,12,10,1.10,true,0.14925,0.00398,0.26349,2.11939,0.00547,1.1021,0.0006,1.1282,0.30315,0.00466
10,high,0,12,10,1.20,true,0.14062,0.00389,0.30133,2.16693,0.00551,1.2010,0.0001,1.2267,0.35070,0.00480
10,high,0,12,15,0.00,true,0.07387,0.00292,0.03155,1.95811,0.00310,0.3106,0.5456,0.4196,0.00815,0.00225
10,high,0,12,15,0.10,true,0.08500,0.00312,0.03568,1.95119,0.00333,0.3539,0.4395,0.4360,0.00123,0.00166
10,high,0,12,15,0.20,true,0.09538,0.00328,0.04468,1.94996,0.00356,0.4074,0.3457,0.4699,0.00000,0.00000
10,high,0,12,15,0.30,true,0.10138,0.00337,0.05864,1.95816,0.00375,0.4645,0.2615,0.5174,0.00820,0.00146
10,high,0,12,15,0.40,true,0.10487,0.00343,0.07744,1.97379,0.00392,0.5305,0.1931,0.5785,0.02383,0.00216
10,high,0,12,15,0.50,true,0.10412,0.00341,0.10060,1.99813,0.00405,0.6004,0.1390,0.6477,0.04818,0.00256
10,high,0,12,15,0.60,true,0.10262,0.00339,0.12761,2.02717,0.00418,0.6756,0.0976,0.7247,0.07722,0.00290
10,high,0,12,15,0.70,true,0.09975,0.00335,0.15768,2.06076,0.00430,0.7558,0.0675,0.8074,0.11080,0.00318
10,high,0,12,15,0.80,true,0.09525,0.00328,0.19012,2.09844,0.00438,0.8397,0.0467,0.8932,0.14848,0.00339
10,high,0,12,15,0.90,true,0.09112,0.00322,0.22459,2.13788,0.00446,0.9288,0.0322,0.9840,0.18792,0.00362
10,high,0,12,15,1.00,true,0.08700,0.00315,0.25984,2.17821,0.00452,1.0190,0.0209,1.0767,0.22825,0.00381
10,high,0,12,15,1.10,true,0.08250,0.00308,0.29549,2.21941,0.00456,1.1117,0.0139,1.1707,0.26946,0.00396
10,high,0,12,15,1.20,true,0.07800,0.00300,0.33119,2.26077,0.00457,1.2067,0.0088,1.2668,0.31081,0.00410
10,high,0,12,20,0.00,true,0.04850,0.00240,0.08735,2.04022,0.00292,0.3995,0.5226,0.5969,0.00000,0.00000
10,high,0,12,20,0.10,true,0.05187,0.00248,0.09290,2.04251,0.00303,0.4470,0.4465,0.6138,0.00228,0.00119
10,high,0,12,20,0.20,true,0.05462,0.00254,0.10317,2.05024,0.00316,0.5001,0.3772,0.6426,0.01002,0.00170
10,high,0,12,20,0.30,true,0.05800,0.00261,0.11773,2.06172,0.00332,0.5529,0.3088,0.6827,0.02150,0.00209
10,high,0,12,20,0.40,true,0.05800,0.00261,0.13625,2.08065,0.00343,0.6148,0.2545,0.7312,0.04043,0.00240
10,high,0,12,20,0.50,true,0.05738,0.00260,0.15828,2.10381,0.00354,0.6765,0.2022,0.7886,0.06359,0.00269
10,high,0,12,20,0.60,true,0.05738,0.00260,0.18323,2.12936,0.00366,0.7453,0.1603,0.8543,0.08914,0.00298
10,high,0,12,20,0.70,true,0.05625,0.00258,0.21064,2.15861,0.00376,0.8166,0.1238,0.9264,0.11839,0.00325
10,high,0,12,20,0.80,true,0.05437,0.00254,0.23964,2.19029,0.00384,0.8898,0.0933,1.0028,0.15006,0.00345
10,high,0,12,20,0.90,true,0.05425,0.00253,0.26971,2.22136,0.00395,0.9700,0.0716,1.0843,0.18114,0.00364
10,high,0,12,20,1.00,true,0.05275,0.00250,0.30114,2.25529,0.00401,1.0525,0.0525,1.1704,0.21507,0.00385
10,high,0,12,20,1.10,true,0.05112,0.00246,0.33255,2.28941,0.00406,1.1366,0.0375,1.2582,0.24919,0.00399
10,high,0,12,20,1.20,true,0.04688,0.00236,0.36467,2.32696,0.00402,1.2264,0.0287,1.3476,0.28674,0.00410
10,hcp30,0,12,10,0.00,true,0.12962,0.00376,0.06644,1.94078,0.00427,0.4191,0.5782,0.4470,0.01232,0.00282
10,hcp30,0,12,10,0.10,true,0.14688,0.00396,0.07185,1.92934,0.00453,0.4722,0.5001,0.4644,0.00088,0.00195
10,hcp30,0,12,10,0.20,true,0.15925,0.00409,0.08254,1.92846,0.00478,0.5254,0.4231,0.4947,0.00000,0.00000
10,hcp30,0,12,10,0.30,true,0.16450,0.00414,0.09863,1.94052,0.00498,0.5874,0.3550,0.5382,0.01206,0.00200
10,hcp30,0,12,10,0.40,true,0.17175,0.00422,0.11844,1.95464,0.00523,0.6499,0.2893,0.5945,0.02618,0.00281
10,hcp30,0,12,10,0.50,true,0.17375,0.00424,0.14144,1.97753,0.00544,0.7177,0.2359,0.6587,0.04907,0.00339
10,hcp30,0,12,10,0.60,true,0.17638,0.00426,0.16780,2.00351,0.00568,0.7936,0.1915,0.7338,0.07505,0.00395
10,hcp30,0,12,10,0.70,true,0.17600,0.00426,0.19626,2.03493,0.00588,0.8673,0.1496,0.8149,0.10647,0.00442
10,hcp30,0,12,10,0.80,true,0.17413,0.00424,0.22586,2.06926,0.00606,0.9496,0.1212,0.9000,0.14080,0.00483
10,hcp30,0,12,10,0.90,true,0.17087,0.00421,0.25659,2.10637,0.00622,1.0305,0.0950,0.9884,0.17791,0.00518
10,hcp30,0,12,10,1.00,true,0.16650,0.00416,0.28822,2.14584,0.00635,1.1176,0.0760,1.0807,0.21738,0.00552
10,hcp30,0,12,10,1.10,true,0.15850,0.00408,0.32138,2.19087,0.00642,1.2074,0.0600,1.1766,0.26241,0.00584
10,hcp30,0,12,10,1.20,true,0.15200,0.00401,0.35374,2.23378,0.00649,1.2997,0.0473,1.2747,0.30532,0.00614
10,hcp30,0,12,15,0.00,true,0.07587,0.00296,0.15684,2.09190,0.00416,0.6117,0.5436,0.6680,0.00000,0.00000
10,hcp30,0,12,15,0.10,true,0.08225,0.00307,0.16266,2.09193,0.00432,0.6625,0.4871,0.6866,0.00003,0.00166
10,hcp30,0,12,15,0.20,true,0.08500,0.00312,0.17255,2.10003,0.00444,0.7178,0.4357,0.7133,0.00813,0.00231
10,hcp30,0,12,15,0.30,true,0.08712,0.00315,0.18600,2.11268,0.00458,0.7805,0.3908,0.7492,0.02078,0.00286
10,hcp30,0,12,15,0.40,true,0.09137,0.00322,0.20244,2.12656,0.00477,0.8409,0.3438,0.7956,0.03466,0.00341
10,hcp30,0,12,15,0.50,true,0.09463,0.00327,0.22062,2.14344,0.00495,0.9041,0.3028,0.8474,0.05154,0.00383
10,hcp30,0,12,15,0.60,true,0.09413,0.00326,0.24177,2.16740,0.00508,0.9703,0.2648,0.9061,0.07550,0.00427
10,hcp30,0,12,15,0.70,true,0.09350,0.00325,0.26443,2.19330,0.00520,1.0406,0.2322,0.9706,0.10140,0.00468
10,hcp30,0,12,15,0.80,true,0.09475,0.00327,0.28842,2.21894,0.00536,1.1158,0.2026,1.0434,0.12704,0.00510
10,hcp30,0,12,15,0.90,true,0.09200,0.00323,0.31387,2.25035,0.00544,1.1871,0.1730,1.1190,0.15845,0.00545
10,hcp30,0,12,15,1.00,true,0.08925,0.00319,0.33978,2.28247,0.00551,1.2695,0.1533,1.1980,0.19057,0.00576
10,hcp30,0,12,15,1.10,true,0.08775,0.00316,0.36553,2.31336,0.00559,1.3473,0.1318,1.2808,0.22146,0.00604
10,hcp30,0,12,15,1.20,true,0.08538,0.00312,0.39102,2.34503,0.00565,1.4265,0.1137,1.3647,0.25313,0.00625
10,hcp30,0,12,20,0.00,true,0.05287,0.00250,0.24603,2.21258,0.00425,0.7915,0.5167,0.8884,0.00000,0.00000
10,hcp30,0,12,20,0.10,true,0.05450,0.00254,0.25215,2.21780,0.00432,0.8482,0.4782,0.9067,0.00522,0.00121
10,hcp30,0,12,20,0.20,true,0.05550,0.00256,0.26076,2.22647,0.00439,0.9051,0.4403,0.9323,0.01388,0.00184
10,hcp30,0,12,20,0.30,true,0.05638,0.00258,0.27153,2.23770,0.00447,0.9594,0.4020,0.9642,0.02512,0.00232
10,hcp30,0,12,20,0.40,true,0.05688,0.00259,0.28438,2.25171,0.00456,1.0253,0.3712,1.0028,0.03913,0.00280
10,hcp30,0,12,20,0.50,true,0.05825,0.00262,0.29890,2.26682,0.00467,1.0853,0.3370,1.0484,0.05424,0.00325
10,hcp30,0,12,20,0.60,true,0.05862,0.00263,0.31492,2.28469,0.00477,1.1485,0.3061,1.0987,0.07211,0.00367
10,hcp30,0,12,20,0.70,true,0.05763,0.00261,0.33268,2.30599,0.00484,1.2155,0.2782,1.1541,0.09341,0.00408
10,hcp30,0,12,20,0.80,true,0.05538,0.00256,0.35131,2.32965,0.00488,1.2834,0.2526,1.2129,0.11707,0.00444
10,hcp30,0,12,20,0.90,true,0.05450,0.00254,0.37025,2.35245,0.00495,1.3552,0.2302,1.2767,0.13987,0.00476
10,hcp30,0,12,20,1.00,true,0.05225,0.00249,0.39084,2.37861,0.00499,1.4260,0.2069,1.3456,0.16603,0.00512
10,hcp30,0,12,20,1.10,true,0.05112,0.00246,0.41098,2.40332,0.00504,1.4969,0.1855,1.4172,0.19074,0.00540
10,hcp30,0,12,20,1.20,true,0.04963,0.00243,0.43153,2.42902,0.00508,1.5755,0.1689,1.4922,0.21644,0.00567
10,tour,1,12,10,0.00,true,0.29738,0.00511,0.00006,1.70269,0.00511,0.1622,0.6424,0.1940,0.12735,0.00481
10,tour,1,12,10,0.10,true,0.36638,0.00539,0.00021,1.63384,0.00539,0.2098,0.4287,0.2099,0.05850,0.00382
10,tour,1,12,10,0.20,true,0.41300,0.00550,0.00071,1.58771,0.00551,0.2718,0.2447,0.2620,0.01238,0.00258
10,tour,1,12,10,0.30,true,0.42662,0.00553,0.00196,1.57534,0.00555,0.3444,0.1188,0.3384,0.00000,0.00000
10,tour,1,12,10,0.40,true,0.42688,0.00553,0.00456,1.57769,0.00558,0.4284,0.0489,0.4299,0.00235,0.00214
10,tour,1,12,10,0.50,true,0.41563,0.00551,0.00936,1.59374,0.00560,0.5189,0.0171,0.5257,0.01840,0.00270
10,tour,1,12,10,0.60,true,0.40313,0.00548,0.01694,1.61382,0.00565,0.6152,0.0063,0.6234,0.03849,0.00307
10,tour,1,12,10,0.70,true,0.38988,0.00545,0.02752,1.63766,0.00572,0.7114,0.0025,0.7197,0.06233,0.00336
10,tour,1,12,10,0.80,true,0.37388,0.00541,0.04192,1.66808,0.00580,0.8104,0.0012,0.8183,0.09274,0.00364
10,tour,1,12,10,0.90,true,0.35938,0.00536,0.06000,1.70067,0.00590,0.9125,0.0004,0.9201,0.12533,0.00393
10,tour,1,12,10,1.00,true,0.34500,0.00531,0.07982,1.73489,0.00601,1.0094,0.0000,1.0168,0.15956,0.00418
10,tour,1,12,10,1.10,true,0.33050,0.00526,0.10247,1.77207,0.00611,1.1101,0.0000,1.1169,0.19673,0.00443
10,tour,1,12,10,1.20,true,0.31300,0.00518,0.12852,1.81566,0.00621,1.2158,0.0000,1.2223,0.24032,0.00471
10,tour,1,12,15,0.00,true,0.17375,0.00424,0.00123,1.82748,0.00424,0.2486,0.5873,0.2833,0.06788,0.00385
10,tour,1,12,15,0.10,true,0.21025,0.00456,0.00210,1.79185,0.00457,0.2928,0.4481,0.2981,0.03224,0.00319
10,tour,1,12,15,0.20,true,0.23425,0.00474,0.00401,1.76976,0.00476,0.3445,0.3146,0.3362,0.01015,0.00216
10,tour,1,12,15,0.30,true,0.24775,0.00483,0.00735,1.75960,0.00488,0.4060,0.2089,0.3939,0.00000,0.00000
10,tour,1,12,15,0.40,true,0.25125,0.00485,0.01268,1.76144,0.00494,0.4782,0.1339,0.4667,0.00184,0.00195
10,tour,1,12,15,0.50,true,0.25338,0.00486,0.02059,1.76723,0.00502,0.5573,0.0763,0.5534,0.00762,0.00263
10,tour,1,12,15,0.60,true,0.25138,0.00485,0.03130,1.77995,0.00509,0.6425,0.0422,0.6449,0.02035,0.00297
10,tour,1,12,15,0.70,true,0.24475,0.00481,0.04494,1.80023,0.00514,0.7311,0.0215,0.7388,0.04062,0.00325
10,tour,1,12,15,0.80,true,0.23763,0.00476,0.06165,1.82408,0.00521,0.8259,0.0123,0.8352,0.06447,0.00346
10,tour,1,12,15,0.90,true,0.22925,0.00470,0.08131,1.85214,0.00528,0.9229,0.0062,0.9338,0.09253,0.00367
10,tour,1,12,15,1.00,true,0.22025,0.00463,0.10334,1.88319,0.00535,1.0214,0.0037,1.0323,0.12359,0.00388
10,tour,1,12,15,1.10,true,0.21025,0.00456,0.12740,1.91729,0.00540,1.1190,0.0016,1.1306,0.15768,0.00408
10,tour,1,12,15,1.20,true,0.20025,0.00447,0.15356,1.95350,0.00546,1.2193,0.0006,1.2310,0.19390,0.00427
10,tour,1,12,20,0.00,true,0.11513,0.00357,0.00522,1.89010,0.00360,0.3183,0.5539,0.3743,0.02869,0.00331
10,tour,1,12,20,0.10,true,0.13025,0.00376,0.00683,1.87658,0.00380,0.3605,0.4467,0.3871,0.01518,0.00286
10,tour,1,12,20,0.20,true,0.14363,0.00392,0.01004,1.86642,0.00398,0.4103,0.3468,0.4182,0.00502,0.00233
10,tour,1,12,20,0.30,true,0.15125,0.00401,0.01525,1.86401,0.00410,0.4706,0.2644,0.4652,0.00260,0.00166
10,tour,1,12,20,0.40,true,0.16112,0.00411,0.02252,1.86141,0.00426,0.5359,0.1942,0.5265,0.00000,0.00000
10,tour,1,12,20,0.50,true,0.16412,0.00414,0.03265,1.86855,0.00435,0.6102,0.1385,0.6008,0.00714,0.00163
10,tour,1,12,20,0.60,true,0.16375,0.00414,0.04517,1.88146,0.00443,0.6853,0.0942,0.6813,0.02005,0.00222
10,tour,1,12,20,0.70,true,0.16375,0.00414,0.06047,1.89678,0.00453,0.7668,0.0622,0.7687,0.03537,0.00261
10,tour,1,12,20,0.80,true,0.15862,0.00408,0.07858,1.92004,0.00459,0.8540,0.0420,0.8594,0.05863,0.00291
10,tour,1,12,20,0.90,true,0.15600,0.00406,0.09940,1.94351,0.00468,0.9467,0.0273,0.9561,0.08210,0.00313
10,tour,1,12,20,1.00,true,0.15088,0.00400,0.12170,1.97097,0.00474,1.0379,0.0172,1.0508,0.10956,0.00334
10,tour,1,12,20,1.10,true,0.14175,0.00390,0.14643,2.00487,0.00476,1.1314,0.0103,1.1469,0.14346,0.00353
10,tour,1,12,20,1.20,true,0.13500,0.00382,0.17245,2.03769,0.00479,1.2290,0.0066,1.2454,0.17628,0.00371
10,tour,1,3,10,0.00,true,0.25900,0.00490,0.00009,1.74109,0.00490,0.1534,0.6243,0.1992,0.12542,0.00517
10,tour,1,3,10,0.10,true,0.33275,0.00527,0.00017,1.66742,0.00527,0.2127,0.4120,0.2174,0.05175,0.00395
10,tour,1,3,10,0.20,true,0.37075,0.00540,0.00056,1.62981,0.00541,0.2749,0.2280,0.2711,0.01414,0.00256
10,tour,1,3,10,0.30,true,0.38588,0.00544,0.00154,1.61567,0.00546,0.3437,0.1142,0.3436,0.00000,0.00000
10,tour,1,3,10,0.40,true,0.38275,0.00543,0.00376,1.62101,0.00547,0.4252,0.0557,0.4284,0.00534,0.00207
10,tour,1,3,10,0.50,true,0.37700,0.00542,0.00766,1.63066,0.00549,0.5121,0.0245,0.5194,0.01499,0.00266
10,tour,1,3,10,0.60,true,0.36525,0.00538,0.01442,1.64918,0.00551,0.6097,0.0073,0.6208,0.03351,0.00312
10,tour,1,3,10,0.70,true,0.35013,0.00533,0.02431,1.67419,0.00555,0.7094,0.0035,0.7203,0.05853,0.00342
10,tour,1,3,10,0.80,true,0.33513,0.00528,0.03796,1.70285,0.00560,0.8114,0.0013,0.8223,0.08718,0.00369
10,tour,1,3,10,0.90,true,0.31962,0.00521,0.05486,1.73527,0.00567,0.9110,0.0002,0.9219,0.11960,0.00396
10,tour,1,3,10,1.00,true,0.30700,0.00516,0.07502,1.76807,0.00576,1.0123,0.0000,1.0229,0.15241,0.00416
10,tour,1,3,10,1.10,true,0.29387,0.00509,0.09778,1.80398,0.00585,1.1135,0.0000,1.1237,0.18831,0.00441
10,tour,1,3,10,1.20,true,0.28000,0.00502,0.12039,1.84049,0.00592,1.2050,0.0000,1.2150,0.22483,0.00463
10,tour,1,3,15,0.00,true,0.15563,0.00405,0.00108,1.84545,0.00406,0.2216,0.5803,0.2874,0.06308,0.00459
10,tour,1,3,15,0.10,true,0.18987,0.00438,0.00157,1.81170,0.00439,0.2885,0.4360,0.3039,0.02932,0.00365
10,tour,1,3,15,0.20,true,0.20975,0.00455,0.00285,1.79310,0.00457,0.3407,0.3217,0.3390,0.01072,0.00301
10,tour,1,3,15,0.30,true,0.22212,0.00465,0.00549,1.78337,0.00468,0.4018,0.2182,0.3947,0.00099,0.00199
10,tour,1,3,15,0.40,true,0.22750,0.00469,0.00987,1.78238,0.00476,0.4704,0.1395,0.4652,0.00000,0.00000
10,tour,1,3,15,0.50,true,0.23025,0.00471,0.01631,1.78607,0.00482,0.5448,0.0825,0.5461,0.00369,0.00189
10,tour,1,3,15,0.60,true,0.22862,0.00470,0.02613,1.79752,0.00488,0.6328,0.0441,0.6408,0.01514,0.00242
10,tour,1,3,15,0.70,true,0.22225,0.00465,0.03916,1.81693,0.00492,0.7258,0.0227,0.7384,0.03455,0.00283
10,tour,1,3,15,0.80,true,0.21363,0.00458,0.05367,1.84008,0.00495,0.8126,0.0132,0.8269,0.05770,0.00311
10,tour,1,3,15,0.90,true,0.20513,0.00451,0.07202,1.86694,0.00500,0.9072,0.0060,0.9238,0.08457,0.00337
10,tour,1,3,15,1.00,true,0.19562,0.00444,0.09234,1.89679,0.00504,0.9999,0.0022,1.0177,0.11441,0.00359
10,tour,1,3,15,1.10,true,0.18438,0.00434,0.11702,1.93275,0.00507,1.1031,0.0011,1.1204,0.15037,0.00383
10,tour,1,3,15,1.20,true,0.17613,0.00426,0.14235,1.96636,0.00512,1.2033,0.0002,1.2205,0.18399,0.00403
10,tour,1,3,20,0.00,true,0.10725,0.00346,0.00589,1.89864,0.00349,0.2975,0.5486,0.3860,0.03207,0.00368
10,tour,1,3,20,0.10,true,0.12637,0.00371,0.00688,1.88050,0.00375,0.3627,0.4427,0.4002,0.01393,0.00283
10,tour,1,3,20,0.20,true,0.13950,0.00387,0.00938,1.86988,0.00393,0.4154,0.3537,0.4309,0.00331,0.00197
10,tour,1,3,20,0.30,true,0.14750,0.00396,0.01407,1.86657,0.00405,0.4791,0.2696,0.4797,0.00000,0.00000
10,tour,1,3,20,0.40,true,0.15175,0.00401,0.02059,1.86886,0.00414,0.5429,0.2003,0.5392,0.00228,0.00187
10,tour,1,3,20,0.50,true,0.15300,0.00402,0.02950,1.87652,0.00421,0.6093,0.1402,0.6093,0.00995,0.00250
10,tour,1,3,20,0.60,true,0.15238,0.00402,0.04190,1.88956,0.00429,0.6910,0.0964,0.6935,0.02298,0.00288
10,tour,1,3,20,0.70,true,0.14663,0.00395,0.05568,1.90910,0.00431,0.7658,0.0666,0.7731,0.04253,0.00316
10,tour,1,3,20,0.80,true,0.14163,0.00390,0.07189,1.93033,0.00434,0.8459,0.0435,0.8587,0.06375,0.00340
10,tour,1,3,20,0.90,true,0.13700,0.00384,0.09217,1.95525,0.00440,0.9395,0.0277,0.9562,0.08868,0.00363
10,tour,1,3,20,1.00,true,0.13237,0.00379,0.11446,1.98219,0.00446,1.0343,0.0170,1.0544,0.11562,0.00381
10,tour,1,3,20,1.10,true,0.12712,0.00372,0.13663,2.00965,0.00451,1.1220,0.0099,1.1452,0.14307,0.00395
10,tour,1,3,20,1.20,true,0.12062,0.00364,0.16181,2.04136,0.00453,1.2181,0.0055,1.2428,0.17479,0.00412
10,tour,1,6,10,0.00,true,0.25638,0.00488,0.00011,1.74374,0.00488,0.1656,0.6104,0.2003,0.11008,0.00465
10,tour,1,6,10,0.10,true,0.32225,0.00522,0.00011,1.67786,0.00523,0.2139,0.4032,0.2201,0.04421,0.00370
10,tour,1,6,10,0.20,true,0.35613,0.00535,0.00034,1.64421,0.00536,0.2756,0.2271,0.2728,0.01056,0.00253
10,tour,1,6,10,0.30,true,0.36738,0.00539,0.00103,1.63366,0.00540,0.3509,0.1136,0.3493,0.00000,0.00000
10,tour,1,6,10,0.40,true,0.36612,0.00539,0.00272,1.63660,0.00541,0.4353,0.0473,0.4403,0.00295,0.00213
10,tour,1,6,10,0.50,true,0.35575,0.00535,0.00599,1.65025,0.00540,0.5256,0.0202,0.5337,0.01659,0.00265
10,tour,1,6,10,0.60,true,0.34200,0.00530,0.01165,1.66966,0.00540,0.6223,0.0082,0.6320,0.03600,0.00305
10,tour,1,6,10,0.70,true,0.32700,0.00524,0.02014,1.69316,0.00541,0.7202,0.0039,0.7298,0.05951,0.00333
10,tour,1,6,10,0.80,true,0.31350,0.00519,0.03156,1.71810,0.00544,0.8178,0.0015,0.8275,0.08445,0.00359
10,tour,1,6,10,0.90,true,0.29613,0.00510,0.04670,1.75065,0.00547,0.9187,0.0004,0.9282,0.11699,0.00387
10,tour,1,6,10,1.00,true,0.28000,0.00502,0.06469,1.78480,0.00551,1.0202,0.0002,1.0290,0.15115,0.00411
10,tour,1,6,10,1.10,true,0.26450,0.00493,0.08445,1.82011,0.00554,1.1174,0.0000,1.1259,0.18646,0.00435
10,tour,1,6,10,1.20,true,0.24688,0.00482,0.10832,1.86168,0.00557,1.2227,0.0000,1.2307,0.22803,0.00461
10,tour,1,6,15,0.00,true,0.15313,0.00403,0.00125,1.84813,0.00403,0.2423,0.5627,0.2903,0.06069,0.00380
10,tour,1,6,15,0.10,true,0.18075,0.00430,0.00131,1.82057,0.00431,0.2892,0.4268,0.3064,0.03313,0.00323
10,tour,1,6,15,0.20,true,0.20350,0.00450,0.00224,1.79874,0.00452,0.3476,0.3099,0.3458,0.01131,0.00257
10,tour,1,6,15,0.30,true,0.21563,0.00460,0.00431,1.78869,0.00463,0.4089,0.2062,0.4036,0.00125,0.00172
10,tour,1,6,15,0.40,true,0.22050,0.00464,0.00793,1.78744,0.00469,0.4787,0.1294,0.4759,0.00000,0.00000
10,tour,1,6,15,0.50,true,0.21937,0.00463,0.01360,1.79425,0.00472,0.5567,0.0762,0.5591,0.00681,0.00164
10,tour,1,6,15,0.60,true,0.21450,0.00459,0.02157,1.80710,0.00474,0.6415,0.0442,0.6482,0.01966,0.00221
10,tour,1,6,15,0.70,true,0.20725,0.00453,0.03233,1.82513,0.00475,0.7307,0.0230,0.7421,0.03769,0.00258
10,tour,1,6,15,0.80,true,0.19937,0.00447,0.04578,1.84648,0.00477,0.8238,0.0117,0.8379,0.05904,0.00285
10,tour,1,6,15,0.90,true,0.19012,0.00439,0.06208,1.87207,0.00479,0.9204,0.0056,0.9359,0.08463,0.00310
10,tour,1,6,15,1.00,true,0.17938,0.00429,0.08136,1.90215,0.00479,1.0208,0.0030,1.0360,0.11471,0.00334
10,tour,1,6,15,1.10,true,0.16887,0.00419,0.10278,1.93414,0.00480,1.1207,0.0017,1.1355,0.14670,0.00356
10,tour,1,6,15,1.20,true,0.15825,0.00408,0.12609,1.96816,0.00481,1.2196,0.0000,1.2350,0.18072,0.00378
10,tour,1,6,20,0.00,true,0.09825,0.00333,0.00615,1.90790,0.00336,0.3226,0.5417,0.3885,0.03017,0.00283
10,tour,1,6,20,0.10,true,0.11563,0.00358,0.00643,1.89081,0.00361,0.3701,0.4430,0.4034,0.01307,0.00234
10,tour,1,6,20,0.20,true,0.12837,0.00374,0.00824,1.87987,0.00379,0.4187,0.3440,0.4351,0.00213,0.00162
10,tour,1,6,20,0.30,true,0.13400,0.00381,0.01172,1.87774,0.00388,0.4772,0.2614,0.4818,0.00000,0.00000
10,tour,1,6,20,0.40,true,0.13837,0.00386,0.01705,1.87870,0.00396,0.5428,0.1929,0.5424,0.00096,0.00164
10,tour,1,6,20,0.50,true,0.13975,0.00388,0.02452,1.88481,0.00402,0.6129,0.1376,0.6133,0.00707,0.00217
10,tour,1,6,20,0.60,true,0.13925,0.00387,0.03431,1.89512,0.00408,0.6877,0.0944,0.6923,0.01738,0.00249
10,tour,1,6,20,0.70,true,0.13812,0.00386,0.04635,1.90831,0.00414,0.7666,0.0624,0.7766,0.03057,0.00272
10,tour,1,6,20,0.80,true,0.13425,0.00381,0.06093,1.92680,0.00418,0.8544,0.0429,0.8664,0.04906,0.00297
10,tour,1,6,20,0.90,true,0.12950,0.00375,0.07794,1.94861,0.00421,0.9454,0.0286,0.9602,0.07087,0.00320
10,tour,1,6,20,1.00,true,0.12425,0.00369,0.09703,1.97302,0.00424,1.0375,0.0186,1.0550,0.09528,0.00338
10,tour,1,6,20,1.10,true,0.11700,0.00359,0.11856,2.00188,0.00425,1.1331,0.0116,1.1527,0.12414,0.00357
10,tour,1,6,20,1.20,true,0.10887,0.00348,0.14155,2.03308,0.00424,1.2294,0.0074,1.2500,0.15535,0.00374
10,scratch,1,12,10,0.00,true,0.26088,0.00491,0.00021,1.73934,0.00491,0.1739,0.6227,0.2086,0.10868,0.00453
10,scratch,1,12,10,0.10,true,0.32050,0.00522,0.00055,1.68005,0.00522,0.2204,0.4281,0.2244,0.04939,0.00371
10,scratch,1,12,10,0.20,true,0.35613,0.00535,0.00158,1.64545,0.00537,0.2819,0.2598,0.2733,0.01479,0.00249
10,scratch,1,12,10,0.30,true,0.37325,0.00541,0.00391,1.63066,0.00544,0.3524,0.1350,0.3470,0.00000,0.00000
10,scratch,1,12,10,0.40,true,0.37488,0.00541,0.00832,1.63346,0.00549,0.4323,0.0608,0.4345,0.00279,0.00209
10,scratch,1,12,10,0.50,true,0.36375,0.00538,0.01591,1.65218,0.00552,0.5220,0.0275,0.5280,0.02152,0.00267
10,scratch,1,12,10,0.60,true,0.35150,0.00534,0.02700,1.67553,0.00558,0.6159,0.0106,0.6251,0.04487,0.00310
10,scratch,1,12,10,0.70,true,0.33713,0.00529,0.04181,1.70474,0.00565,0.7112,0.0043,0.7213,0.07408,0.00343
10,scratch,1,12,10,0.80,true,0.32262,0.00523,0.06088,1.73835,0.00574,0.8104,0.0020,0.8202,0.10768,0.00374
10,scratch,1,12,10,0.90,true,0.30838,0.00516,0.08396,1.77572,0.00585,0.9122,0.0009,0.9217,0.14505,0.00403
10,scratch,1,12,10,1.00,true,0.29650,0.00511,0.10845,1.81214,0.00596,1.0097,0.0004,1.0189,0.18148,0.00427
10,scratch,1,12,10,1.10,true,0.28225,0.00503,0.13590,1.85391,0.00607,1.1099,0.0000,1.1190,0.22325,0.00452
10,scratch,1,12,10,1.20,true,0.26737,0.00495,0.16625,1.89924,0.00616,1.2154,0.0000,1.2239,0.26858,0.00478
10,scratch,1,12,15,0.00,true,0.14288,0.00391,0.00302,1.86015,0.00393,0.2650,0.5723,0.3087,0.04933,0.00342
10,scratch,1,12,15,0.10,true,0.16887,0.00419,0.00456,1.83569,0.00422,0.3103,0.4456,0.3236,0.02487,0.00280
10,scratch,1,12,15,0.20,true,0.18900,0.00438,0.00773,1.81874,0.00443,0.3602,0.3235,0.3594,0.00792,0.00200
10,scratch,1,12,15,0.30,true,0.20225,0.00449,0.01305,1.81082,0.00458,0.4215,0.2252,0.4147,0.00000,0.00000
10,scratch,1,12,15,0.40,true,0.20938,0.00455,0.02100,1.81165,0.00470,0.4910,0.1499,0.4845,0.00083,0.00173
10,scratch,1,12,15,0.50,true,0.21138,0.00456,0.03205,1.82072,0.00480,0.5666,0.0916,0.5663,0.00990,0.00241
10,scratch,1,12,15,0.60,true,0.20688,0.00453,0.04644,1.83964,0.00486,0.6491,0.0556,0.6537,0.02882,0.00280
10,scratch,1,12,15,0.70,true,0.20350,0.00450,0.06420,1.86080,0.00495,0.7356,0.0303,0.7466,0.04998,0.00310
10,scratch,1,12,15,0.80,true,0.19600,0.00444,0.08516,1.88931,0.00502,0.8268,0.0168,0.8410,0.07849,0.00333
10,scratch,1,12,15,0.90,true,0.18625,0.00435,0.10941,1.92337,0.00508,0.9223,0.0094,0.9378,0.11255,0.00356
10,scratch,1,12,15,1.00,true,0.17938,0.00429,0.13548,1.95639,0.00516,1.0194,0.0055,1.0354,0.14557,0.00375
10,scratch,1,12,15,1.10,true,0.17087,0.00421,0.16349,1.99299,0.00521,1.1179,0.0039,1.1333,0.18217,0.00395
10,scratch,1,12,15,1.20,true,0.16225,0.00412,0.19324,2.03149,0.00526,1.2167,0.0015,1.2333,0.22067,0.00413
10,scratch,1,12,20,0.00,true,0.09037,0.00321,0.01108,1.92073,0.00326,0.3406,0.5439,0.4143,0.01255,0.00228
10,scratch,1,12,20,0.10,true,0.09925,0.00334,0.01365,1.91442,0.00342,0.3820,0.4435,0.4273,0.00624,0.00164
10,scratch,1,12,20,0.20,true,0.11038,0.00350,0.01853,1.90818,0.00361,0.4308,0.3497,0.4579,0.00000,0.00000
10,scratch,1,12,20,0.30,true,0.11525,0.00357,0.02620,1.91099,0.00373,0.4920,0.2747,0.5030,0.00281,0.00153
10,scratch,1,12,20,0.40,true,0.12150,0.00365,0.03650,1.91506,0.00388,0.5556,0.2080,0.5608,0.00688,0.00210
10,scratch,1,12,20,0.50,true,0.12650,0.00372,0.04987,1.92346,0.00403,0.6262,0.1524,0.6308,0.01528,0.00255
10,scratch,1,12,20,0.60,true,0.12575,0.00371,0.06610,1.94047,0.00412,0.7000,0.1101,0.7067,0.03229,0.00289
10,scratch,1,12,20,0.70,true,0.12437,0.00369,0.08529,1.96108,0.00422,0.7805,0.0798,0.7892,0.05290,0.00315
10,scratch,1,12,20,0.80,true,0.12162,0.00365,0.10709,1.98569,0.00431,0.8609,0.0525,0.8768,0.07751,0.00339
10,scratch,1,12,20,0.90,true,0.11950,0.00363,0.13182,2.01262,0.00441,0.9515,0.0353,0.9712,0.10444,0.00361
10,scratch,1,12,20,1.00,true,0.11663,0.00359,0.15747,2.04123,0.00449,1.0416,0.0241,1.0642,0.13305,0.00378
10,scratch,1,12,20,1.10,true,0.11088,0.00351,0.18535,2.07497,0.00453,1.1344,0.0156,1.1597,0.16679,0.00393
10,scratch,1,12,20,1.20,true,0.10650,0.00345,0.21365,2.10778,0.00459,1.2285,0.0101,1.2556,0.19960,0.00405
10,scratch,1,3,10,0.00,true,0.22750,0.00469,0.00027,1.77277,0.00469,0.1659,0.6097,0.2146,0.10774,0.00487
10,scratch,1,3,10,0.10,true,0.28537,0.00505,0.00048,1.71511,0.00505,0.2231,0.4121,0.2319,0.05008,0.00370
10,scratch,1,3,10,0.20,true,0.32262,0.00523,0.00142,1.67879,0.00524,0.2862,0.2438,0.2840,0.01376,0.00247
10,scratch,1,3,10,0.30,true,0.33837,0.00529,0.00340,1.66503,0.00532,0.3533,0.1334,0.3530,0.00000,0.00000
10,scratch,1,3,10,0.40,true,0.33425,0.00527,0.00733,1.67308,0.00534,0.4332,0.0685,0.4366,0.00805,0.00214
10,scratch,1,3,10,0.50,true,0.32863,0.00525,0.01354,1.68493,0.00537,0.5161,0.0318,0.5247,0.01990,0.00274
10,scratch,1,3,10,0.60,true,0.31675,0.00520,0.02366,1.70694,0.00540,0.6118,0.0139,0.6232,0.04191,0.00315
10,scratch,1,3,10,0.70,true,0.30462,0.00515,0.03742,1.73285,0.00545,0.7093,0.0050,0.7225,0.06782,0.00346
10,scratch,1,3,10,0.80,true,0.29175,0.00508,0.05532,1.76366,0.00552,0.8106,0.0026,0.8234,0.09863,0.00371
10,scratch,1,3,10,0.90,true,0.27750,0.00501,0.07655,1.79920,0.00559,0.9094,0.0010,0.9223,0.13416,0.00398
10,scratch,1,3,10,1.00,true,0.26325,0.00492,0.10153,1.83849,0.00567,1.0107,0.0002,1.0237,0.17346,0.00423
10,scratch,1,3,10,1.10,true,0.25275,0.00486,0.12841,1.87594,0.00578,1.1116,0.0000,1.1243,0.21091,0.00443
10,scratch,1,3,10,1.20,true,0.24050,0.00478,0.15508,1.91495,0.00585,1.2044,0.0000,1.2169,0.24992,0.00464
10,scratch,1,3,15,0.00,true,0.12987,0.00376,0.00286,1.87299,0.00377,0.2409,0.5666,0.3151,0.04678,0.00393
10,scratch,1,3,15,0.10,true,0.15525,0.00405,0.00380,1.84855,0.00407,0.3060,0.4343,0.3312,0.02234,0.00298
10,scratch,1,3,15,0.20,true,0.17150,0.00421,0.00611,1.83462,0.00425,0.3569,0.3291,0.3644,0.00841,0.00216
10,scratch,1,3,15,0.30,true,0.18438,0.00434,0.01057,1.82621,0.00440,0.4162,0.2297,0.4179,0.00000,0.00000
10,scratch,1,3,15,0.40,true,0.18875,0.00437,0.01744,1.82872,0.00449,0.4847,0.1562,0.4849,0.00251,0.00186
10,scratch,1,3,15,0.50,true,0.18925,0.00438,0.02691,1.83770,0.00456,0.5559,0.0996,0.5608,0.01149,0.00252
10,scratch,1,3,15,0.60,true,0.18800,0.00437,0.04059,1.85265,0.00464,0.6426,0.0596,0.6524,0.02644,0.00297
10,scratch,1,3,15,0.70,true,0.18150,0.00431,0.05781,1.87641,0.00469,0.7310,0.0321,0.7472,0.05020,0.00329
10,scratch,1,3,15,0.80,true,0.17425,0.00424,0.07636,1.90226,0.00473,0.8146,0.0174,0.8349,0.07605,0.00354
10,scratch,1,3,15,0.90,true,0.16637,0.00416,0.09903,1.93286,0.00479,0.9102,0.0112,0.9305,0.10665,0.00376
10,scratch,1,3,15,1.00,true,0.15987,0.00410,0.12306,1.96346,0.00485,1.0014,0.0049,1.0244,0.13725,0.00396
10,scratch,1,3,15,1.10,true,0.15088,0.00400,0.15132,2.00082,0.00489,1.1019,0.0019,1.1256,0.17461,0.00414
10,scratch,1,3,15,1.20,true,0.14288,0.00391,0.17969,2.03729,0.00492,1.1998,0.0010,1.2229,0.21108,0.00429
10,scratch,1,3,20,0.00,true,0.08712,0.00315,0.01256,1.92546,0.00322,0.3227,0.5398,0.4287,0.01628,0.00346
10,scratch,1,3,20,0.10,true,0.09750,0.00332,0.01436,1.91688,0.00339,0.3862,0.4406,0.4429,0.00770,0.00261
10,scratch,1,3,20,0.20,true,0.10850,0.00348,0.01827,1.90980,0.00358,0.4383,0.3589,0.4727,0.00062,0.00195
10,scratch,1,3,20,0.30,true,0.11613,0.00358,0.02526,1.90918,0.00373,0.4994,0.2783,0.5193,0.00000,0.00000
10,scratch,1,3,20,0.40,true,0.11663,0.00359,0.03473,1.91817,0.00380,0.5632,0.2137,0.5758,0.00899,0.00171
10,scratch,1,3,20,0.50,true,0.11600,0.00358,0.04710,1.93119,0.00387,0.6299,0.1585,0.6419,0.02201,0.00227
10,scratch,1,3,20,0.60,true,0.11750,0.00360,0.06336,1.94600,0.00399,0.7075,0.1112,0.7229,0.03682,0.00265
10,scratch,1,3,20,0.70,true,0.11538,0.00357,0.08017,1.96497,0.00406,0.7788,0.0803,0.7982,0.05580,0.00292
10,scratch,1,3,20,0.80,true,0.11200,0.00353,0.09970,1.98793,0.00412,0.8576,0.0572,0.8802,0.07875,0.00312
10,scratch,1,3,20,0.90,true,0.10925,0.00349,0.12387,2.01493,0.00421,0.9489,0.0375,0.9763,0.10576,0.00342
10,scratch,1,3,20,1.00,true,0.10525,0.00343,0.14973,2.04488,0.00428,1.0412,0.0246,1.0721,0.13570,0.00360
10,scratch,1,3,20,1.10,true,0.10063,0.00336,0.17517,2.07504,0.00432,1.1289,0.0163,1.1624,0.16587,0.00379
10,scratch,1,3,20,1.20,true,0.09550,0.00329,0.20306,2.10818,0.00435,1.2223,0.0097,1.2585,0.19900,0.00395
10,scratch,1,6,10,0.00,true,0.22337,0.00466,0.00032,1.77695,0.00466,0.1767,0.5925,0.2160,0.08964,0.00433
10,scratch,1,6,10,0.10,true,0.27725,0.00500,0.00037,1.72313,0.00501,0.2254,0.4023,0.2360,0.03581,0.00340
10,scratch,1,6,10,0.20,true,0.30375,0.00514,0.00099,1.69724,0.00515,0.2863,0.2417,0.2858,0.00993,0.00236
10,scratch,1,6,10,0.30,true,0.31525,0.00519,0.00256,1.68731,0.00522,0.3579,0.1313,0.3574,0.00000,0.00000
10,scratch,1,6,10,0.40,true,0.31650,0.00520,0.00583,1.68934,0.00525,0.4397,0.0635,0.4443,0.00203,0.00197
10,scratch,1,6,10,0.50,true,0.31000,0.00517,0.01152,1.70155,0.00526,0.5282,0.0284,0.5374,0.01423,0.00260
10,scratch,1,6,10,0.60,true,0.29875,0.00512,0.02048,1.72177,0.00528,0.6236,0.0119,0.6353,0.03446,0.00302
10,scratch,1,6,10,0.70,true,0.28375,0.00504,0.03313,1.74945,0.00530,0.7206,0.0052,0.7330,0.06214,0.00334
10,scratch,1,6,10,0.80,true,0.26863,0.00496,0.04913,1.78063,0.00533,0.8178,0.0031,0.8296,0.09332,0.00362
10,scratch,1,6,10,0.90,true,0.25488,0.00487,0.06911,1.81443,0.00537,0.9182,0.0012,0.9301,0.12712,0.00389
10,scratch,1,6,10,1.00,true,0.24025,0.00478,0.09240,1.85244,0.00542,1.0198,0.0003,1.0314,0.16513,0.00414
10,scratch,1,6,10,1.10,true,0.22587,0.00468,0.11717,1.89172,0.00546,1.1177,0.0002,1.1287,0.20440,0.00438
10,scratch,1,6,10,1.20,true,0.21400,0.00459,0.14467,1.93125,0.00551,1.2215,0.0000,1.2322,0.24394,0.00457
10,scratch,1,6,15,0.00,true,0.12925,0.00375,0.00306,1.87382,0.00377,0.2603,0.5528,0.3184,0.04063,0.00353
10,scratch,1,6,15,0.10,true,0.15388,0.00403,0.00338,1.84951,0.00405,0.3074,0.4272,0.3356,0.01633,0.00303
10,scratch,1,6,15,0.20,true,0.16875,0.00419,0.00528,1.83654,0.00422,0.3646,0.3173,0.3732,0.00335,0.00243
10,scratch,1,6,15,0.30,true,0.17563,0.00425,0.00901,1.83340,0.00431,0.4249,0.2215,0.4273,0.00021,0.00161
10,scratch,1,6,15,0.40,true,0.18188,0.00431,0.01503,1.83319,0.00441,0.4927,0.1464,0.4962,0.00000,0.00000
10,scratch,1,6,15,0.50,true,0.18050,0.00430,0.02382,1.84338,0.00445,0.5671,0.0901,0.5757,0.01019,0.00154
10,scratch,1,6,15,0.60,true,0.17575,0.00426,0.03540,1.85974,0.00448,0.6508,0.0591,0.6606,0.02655,0.00205
10,scratch,1,6,15,0.70,true,0.17112,0.00421,0.05037,1.87939,0.00453,0.7370,0.0321,0.7535,0.04620,0.00247
10,scratch,1,6,15,0.80,true,0.16387,0.00414,0.06827,1.90460,0.00456,0.8287,0.0182,0.8478,0.07141,0.00278
10,scratch,1,6,15,0.90,true,0.15600,0.00406,0.08891,1.93321,0.00460,0.9235,0.0108,0.9436,0.10003,0.00303
10,scratch,1,6,15,1.00,true,0.14900,0.00398,0.11228,1.96370,0.00464,1.0211,0.0051,1.0428,0.13051,0.00324
10,scratch,1,6,15,1.10,true,0.13925,0.00387,0.13785,1.99917,0.00465,1.1204,0.0030,1.1418,0.16598,0.00345
10,scratch,1,6,15,1.20,true,0.12900,0.00375,0.16461,2.03635,0.00463,1.2185,0.0019,1.2393,0.20316,0.00367
10,scratch,1,6,20,0.00,true,0.07700,0.00298,0.01303,1.93605,0.00305,0.3450,0.5328,0.4323,0.02010,0.00219
10,scratch,1,6,20,0.10,true,0.08900,0.00318,0.01376,1.92478,0.00326,0.3914,0.4413,0.4470,0.00883,0.00163
10,scratch,1,6,20,0.20,true,0.10088,0.00337,0.01680,1.91596,0.00346,0.4409,0.3499,0.4789,0.00000,0.00000
10,scratch,1,6,20,0.30,true,0.10537,0.00343,0.02215,1.91683,0.00356,0.4984,0.2754,0.5221,0.00087,0.00135
10,scratch,1,6,20,0.40,true,0.10900,0.00348,0.03012,1.92120,0.00366,0.5600,0.2064,0.5795,0.00524,0.00197
10,scratch,1,6,20,0.50,true,0.11013,0.00350,0.04066,1.93065,0.00374,0.6305,0.1562,0.6461,0.01469,0.00231
10,scratch,1,6,20,0.60,true,0.11075,0.00351,0.05389,1.94331,0.00383,0.7027,0.1113,0.7216,0.02736,0.00259
10,scratch,1,6,20,0.70,true,0.10887,0.00348,0.06969,1.96105,0.00390,0.7797,0.0779,0.8026,0.04510,0.00283
10,scratch,1,6,20,0.80,true,0.10575,0.00344,0.08822,1.98280,0.00395,0.8632,0.0527,0.8903,0.06685,0.00310
10,scratch,1,6,20,0.90,true,0.10000,0.00335,0.10910,2.00954,0.00397,0.9525,0.0383,0.9798,0.09358,0.00329
10,scratch,1,6,20,1.00,true,0.09588,0.00329,0.13177,2.03647,0.00401,1.0428,0.0261,1.0727,0.12051,0.00348
10,scratch,1,6,20,1.10,true,0.09175,0.00323,0.15621,2.06520,0.00406,1.1358,0.0173,1.1680,0.14924,0.00362
10,scratch,1,6,20,1.20,true,0.08413,0.00310,0.18284,2.09964,0.00403,1.2319,0.0115,1.2654,0.18368,0.00384
10,mid,1,12,10,0.00,true,0.20738,0.00453,0.00118,1.79381,0.00454,0.1900,0.5953,0.2334,0.06713,0.00421
10,mid,1,12,10,0.10,true,0.24988,0.00484,0.00233,1.75247,0.00486,0.2379,0.4208,0.2509,0.02579,0.00336
10,mid,1,12,10,0.20,true,0.27413,0.00499,0.00542,1.73131,0.00503,0.2963,0.2707,0.2960,0.00463,0.00235
10,mid,1,12,10,0.30,true,0.28487,0.00505,0.01151,1.72668,0.00514,0.3630,0.1522,0.3641,0.00000,0.00000
10,mid,1,12,10,0.40,true,0.28537,0.00505,0.02169,1.73641,0.00523,0.4418,0.0819,0.4465,0.00973,0.00197
10,mid,1,12,10,0.50,true,0.27937,0.00502,0.03686,1.75764,0.00532,0.5277,0.0390,0.5382,0.03096,0.00264
10,mid,1,12,10,0.60,true,0.26813,0.00495,0.05696,1.78910,0.00540,0.6182,0.0179,0.6320,0.06242,0.00307
10,mid,1,12,10,0.70,true,0.25562,0.00488,0.08167,1.82644,0.00550,0.7127,0.0081,0.7280,0.09976,0.00346
10,mid,1,12,10,0.80,true,0.24450,0.00481,0.11020,1.86626,0.00562,0.8095,0.0035,0.8254,0.13959,0.00377
10,mid,1,12,10,0.90,true,0.23312,0.00473,0.14231,1.90998,0.00573,0.9103,0.0020,0.9255,0.18330,0.00402
10,mid,1,12,10,1.00,true,0.22425,0.00466,0.17446,1.95125,0.00585,1.0065,0.0010,1.0214,0.22457,0.00423
10,mid,1,12,10,1.10,true,0.21338,0.00458,0.20910,1.99708,0.00595,1.1068,0.0005,1.1215,0.27040,0.00446
10,mid,1,12,10,1.20,true,0.20037,0.00448,0.24611,2.04747,0.00601,1.2118,0.0002,1.2260,0.32080,0.00467
10,mid,1,12,15,0.00,true,0.10812,0.00347,0.01071,1.90264,0.00353,0.2883,0.5566,0.3556,0.01628,0.00257
10,mid,1,12,15,0.10,true,0.12462,0.00369,0.01413,1.88957,0.00378,0.3314,0.4407,0.3705,0.00320,0.00187
10,mid,1,12,15,0.20,true,0.13462,0.00382,0.02089,1.88637,0.00395,0.3821,0.3315,0.4047,0.00000,0.00000
10,mid,1,12,15,0.30,true,0.14425,0.00393,0.03116,1.88706,0.00414,0.4410,0.2407,0.4558,0.00069,0.00171
10,mid,1,12,15,0.40,true,0.14875,0.00398,0.04550,1.89698,0.00429,0.5061,0.1655,0.5209,0.01061,0.00233
10,mid,1,12,15,0.50,true,0.14750,0.00396,0.06398,1.91682,0.00439,0.5818,0.1160,0.5952,0.03045,0.00272
10,mid,1,12,15,0.60,true,0.14613,0.00395,0.08657,1.94092,0.00452,0.6594,0.0725,0.6793,0.05455,0.00306
10,mid,1,12,15,0.70,true,0.14163,0.00390,0.11235,1.97137,0.00462,0.7429,0.0466,0.7663,0.08501,0.00330
10,mid,1,12,15,0.80,true,0.13825,0.00386,0.14112,2.00374,0.00474,0.8303,0.0273,0.8585,0.11737,0.00355
10,mid,1,12,15,0.90,true,0.13225,0.00379,0.17272,2.04160,0.00482,0.9226,0.0160,0.9532,0.15524,0.00376
10,mid,1,12,15,1.00,true,0.12525,0.00370,0.20584,2.08203,0.00487,1.0179,0.0101,1.0488,0.19566,0.00394
10,mid,1,12,15,1.10,true,0.11975,0.00363,0.23931,2.12135,0.00493,1.1130,0.0057,1.1449,0.23498,0.00410
10,mid,1,12,15,1.20,true,0.11263,0.00353,0.27399,2.16357,0.00495,1.2121,0.0039,1.2432,0.27720,0.00421
10,mid,1,12,20,0.00,true,0.05900,0.00263,0.03412,1.97533,0.00282,0.3697,0.5310,0.4901,0.00199,0.00138
10,mid,1,12,20,0.10,true,0.06600,0.00278,0.03911,1.97334,0.00300,0.4132,0.4421,0.5055,0.00000,0.00000
10,mid,1,12,20,0.20,true,0.07250,0.00290,0.04789,1.97567,0.00319,0.4625,0.3593,0.5351,0.00233,0.00130
10,mid,1,12,20,0.30,true,0.07637,0.00297,0.06054,1.98451,0.00334,0.5197,0.2880,0.5770,0.01117,0.00182
10,mid,1,12,20,0.40,true,0.07963,0.00303,0.07654,1.99736,0.00350,0.5802,0.2269,0.6290,0.02402,0.00213
10,mid,1,12,20,0.50,true,0.08400,0.00310,0.09645,2.01304,0.00370,0.6491,0.1744,0.6939,0.03970,0.00251
10,mid,1,12,20,0.60,true,0.08538,0.00312,0.11896,2.03435,0.00385,0.7200,0.1324,0.7644,0.06101,0.00279
10,mid,1,12,20,0.70,true,0.08375,0.00310,0.14485,2.06208,0.00396,0.7951,0.0975,0.8419,0.08874,0.00306
10,mid,1,12,20,0.80,true,0.08250,0.00308,0.17252,2.09125,0.00407,0.8760,0.0733,0.9237,0.11791,0.00327
10,mid,1,12,20,0.90,true,0.08100,0.00305,0.20274,2.12327,0.00417,0.9596,0.0506,1.0125,0.14993,0.00349
10,mid,1,12,20,1.00,true,0.07900,0.00302,0.23310,2.15597,0.00426,1.0463,0.0369,1.1011,0.18263,0.00365
10,mid,1,12,20,1.10,true,0.07712,0.00298,0.26479,2.18992,0.00433,1.1369,0.0256,1.1946,0.21658,0.00379
10,mid,1,12,20,1.20,true,0.07425,0.00293,0.29695,2.22539,0.00438,1.2310,0.0185,1.2897,0.25206,0.00395
10,mid,1,3,10,0.00,true,0.17925,0.00429,0.00136,1.82211,0.00430,0.1810,0.5839,0.2402,0.07007,0.00445
10,mid,1,3,10,0.10,true,0.22450,0.00467,0.00224,1.77775,0.00468,0.2388,0.4068,0.2592,0.02570,0.00337
10,mid,1,3,10,0.20,true,0.24888,0.00483,0.00507,1.75622,0.00487,0.3003,0.2568,0.3073,0.00417,0.00225
10,mid,1,3,10,0.30,true,0.25838,0.00489,0.01037,1.75205,0.00497,0.3645,0.1537,0.3707,0.00000,0.00000
10,mid,1,3,10,0.40,true,0.25938,0.00490,0.01939,1.76012,0.00505,0.4391,0.0829,0.4496,0.00807,0.00207
10,mid,1,3,10,0.50,true,0.25312,0.00486,0.03237,1.77942,0.00511,0.5215,0.0462,0.5344,0.02737,0.00267
10,mid,1,3,10,0.60,true,0.24475,0.00481,0.05093,1.80648,0.00519,0.6132,0.0232,0.6292,0.05443,0.00306
10,mid,1,3,10,0.70,true,0.23550,0.00474,0.07409,1.83905,0.00529,0.7082,0.0103,0.7269,0.08700,0.00339
10,mid,1,3,10,0.80,true,0.22262,0.00465,0.10240,1.88045,0.00537,0.8080,0.0045,0.8276,0.12840,0.00369
10,mid,1,3,10,0.90,true,0.21113,0.00456,0.13327,1.92309,0.00547,0.9074,0.0025,0.9266,0.17104,0.00395
10,mid,1,3,10,1.00,true,0.19812,0.00446,0.16750,1.97066,0.00554,1.0083,0.0011,1.0276,0.21861,0.00419
10,mid,1,3,10,1.10,true,0.18625,0.00435,0.20291,2.01831,0.00560,1.1088,0.0002,1.1282,0.26626,0.00442
10,mid,1,3,10,1.20,true,0.17713,0.00427,0.23515,2.06005,0.00566,1.1999,0.0000,1.2191,0.30800,0.00457
10,mid,1,3,15,0.00,true,0.09575,0.00329,0.01073,1.91503,0.00334,0.2663,0.5513,0.3632,0.01636,0.00298
10,mid,1,3,15,0.10,true,0.11138,0.00352,0.01329,1.90199,0.00359,0.3295,0.4340,0.3802,0.00332,0.00188
10,mid,1,3,15,0.20,true,0.12012,0.00363,0.01869,1.89867,0.00374,0.3793,0.3400,0.4112,0.00000,0.00000
10,mid,1,3,15,0.30,true,0.12925,0.00375,0.02812,1.89903,0.00392,0.4368,0.2459,0.4619,0.00036,0.00196
10,mid,1,3,15,0.40,true,0.13237,0.00379,0.04140,1.90928,0.00405,0.5052,0.1792,0.5244,0.01061,0.00251
10,mid,1,3,15,0.50,true,0.12937,0.00375,0.05828,1.92927,0.00412,0.5721,0.1220,0.5942,0.03060,0.00284
10,mid,1,3,15,0.60,true,0.12875,0.00374,0.08058,1.95237,0.00425,0.6537,0.0782,0.6801,0.05370,0.00321
10,mid,1,3,15,0.70,true,0.12587,0.00371,0.10657,1.98145,0.00436,0.7394,0.0479,0.7709,0.08278,0.00348
10,mid,1,3,15,0.80,true,0.12437,0.00369,0.13209,2.00870,0.00448,0.8202,0.0303,0.8554,0.11004,0.00370
10,mid,1,3,15,0.90,true,0.11862,0.00362,0.16199,2.04464,0.00455,0.9084,0.0172,0.9471,0.14597,0.00389
10,mid,1,3,15,1.00,true,0.11350,0.00355,0.19308,2.08119,0.00462,1.0012,0.0118,1.0395,0.18252,0.00408
10,mid,1,3,15,1.10,true,0.10762,0.00346,0.22764,2.12202,0.00467,1.0996,0.0060,1.1398,0.22335,0.00424
10,mid,1,3,15,1.20,true,0.10063,0.00336,0.26186,2.16367,0.00468,1.1961,0.0029,1.2371,0.26501,0.00438
10,mid,1,3,20,0.00,true,0.05937,0.00264,0.03872,1.97957,0.00286,0.3631,0.5294,0.5095,0.00168,0.00206
10,mid,1,3,20,0.10,true,0.06538,0.00276,0.04301,1.97789,0.00301,0.4233,0.4415,0.5266,0.00000,0.00000
10,mid,1,3,20,0.20,true,0.06963,0.00285,0.05029,1.98099,0.00314,0.4703,0.3661,0.5537,0.00309,0.00156
10,mid,1,3,20,0.30,true,0.07625,0.00297,0.06214,1.98630,0.00335,0.5305,0.2930,0.5982,0.00841,0.00220
10,mid,1,3,20,0.40,true,0.07775,0.00299,0.07727,2.00006,0.00347,0.5908,0.2316,0.6507,0.02216,0.00260
10,mid,1,3,20,0.50,true,0.07575,0.00296,0.09600,2.02095,0.00355,0.6563,0.1814,0.7112,0.04306,0.00289
10,mid,1,3,20,0.60,true,0.07950,0.00302,0.11927,2.04069,0.00375,0.7299,0.1323,0.7877,0.06280,0.00320
10,mid,1,3,20,0.70,true,0.07750,0.00299,0.14263,2.06628,0.00383,0.8027,0.1031,0.8598,0.08838,0.00351
10,mid,1,3,20,0.80,true,0.07462,0.00294,0.16838,2.09518,0.00390,0.8763,0.0759,0.9371,0.11729,0.00368
10,mid,1,3,20,0.90,true,0.07325,0.00291,0.19835,2.12687,0.00401,0.9637,0.0546,1.0272,0.14897,0.00389
10,mid,1,3,20,1.00,true,0.06875,0.00283,0.22986,2.16326,0.00404,1.0521,0.0385,1.1185,0.18537,0.00404
10,mid,1,3,20,1.10,true,0.06775,0.00281,0.25891,2.19371,0.00412,1.1358,0.0270,1.2056,0.21582,0.00418
10,mid,1,3,20,1.20,true,0.06313,0.00272,0.29035,2.23023,0.00412,1.2263,0.0191,1.2975,0.25234,0.00425
10,mid,1,6,10,0.00,true,0.17588,0.00426,0.00152,1.82565,0.00427,0.1915,0.5698,0.2430,0.05754,0.00391
10,mid,1,6,10,0.10,true,0.21375,0.00458,0.00200,1.78826,0.00460,0.2419,0.4017,0.2637,0.02015,0.00311
10,mid,1,6,10,0.20,true,0.23400,0.00473,0.00416,1.77019,0.00476,0.2992,0.2529,0.3102,0.00208,0.00219
10,mid,1,6,10,0.30,true,0.24075,0.00478,0.00880,1.76811,0.00484,0.3678,0.1454,0.3776,0.00000,0.00000
10,mid,1,6,10,0.40,true,0.24025,0.00478,0.01684,1.77671,0.00490,0.4483,0.0818,0.4590,0.00860,0.00185
10,mid,1,6,10,0.50,true,0.23588,0.00475,0.02872,1.79305,0.00496,0.5320,0.0398,0.5480,0.02494,0.00248
10,mid,1,6,10,0.60,true,0.22800,0.00469,0.04547,1.81782,0.00502,0.6262,0.0207,0.6437,0.04971,0.00288
10,mid,1,6,10,0.70,true,0.21962,0.00463,0.06646,1.84738,0.00509,0.7213,0.0091,0.7410,0.07927,0.00319
10,mid,1,6,10,0.80,true,0.20888,0.00454,0.09084,1.88276,0.00516,0.8175,0.0049,0.8371,0.11465,0.00345
10,mid,1,6,10,0.90,true,0.19850,0.00446,0.11903,1.92164,0.00524,0.9176,0.0028,0.9367,0.15353,0.00370
10,mid,1,6,10,1.00,true,0.18450,0.00434,0.15025,1.96726,0.00527,1.0181,0.0015,1.0368,0.19915,0.00396
10,mid,1,6,10,1.10,true,0.17300,0.00423,0.18176,2.01074,0.00531,1.1146,0.0005,1.1333,0.24263,0.00417
10,mid,1,6,10,1.20,true,0.16025,0.00410,0.21683,2.05913,0.00533,1.2185,0.0003,1.2366,0.29102,0.00441
10,mid,1,6,15,0.00,true,0.09475,0.00327,0.01172,1.91703,0.00333,0.2847,0.5392,0.3697,0.01920,0.00245
10,mid,1,6,15,0.10,true,0.11163,0.00352,0.01300,1.90145,0.00359,0.3308,0.4242,0.3880,0.00362,0.00167
10,mid,1,6,15,0.20,true,0.11987,0.00363,0.01759,1.89783,0.00373,0.3857,0.3248,0.4232,0.00000,0.00000
10,mid,1,6,15,0.30,true,0.12562,0.00371,0.02563,1.90019,0.00386,0.4459,0.2382,0.4743,0.00236,0.00164
10,mid,1,6,15,0.40,true,0.12975,0.00376,0.03728,1.90782,0.00398,0.5119,0.1673,0.5385,0.00999,0.00216
10,mid,1,6,15,0.50,true,0.12987,0.00376,0.05266,1.92321,0.00408,0.5831,0.1118,0.6126,0.02539,0.00251
10,mid,1,6,15,0.60,true,0.12587,0.00371,0.07155,1.94630,0.00414,0.6608,0.0734,0.6931,0.04847,0.00281
10,mid,1,6,15,0.70,true,0.11925,0.00362,0.09425,1.97588,0.00418,0.7463,0.0492,0.7797,0.07805,0.00308
10,mid,1,6,15,0.80,true,0.11313,0.00354,0.11969,2.00776,0.00423,0.8320,0.0288,0.8701,0.10993,0.00329
10,mid,1,6,15,0.90,true,0.10625,0.00345,0.14766,2.04298,0.00427,0.9234,0.0178,0.9630,0.14515,0.00349
10,mid,1,6,15,1.00,true,0.09900,0.00334,0.17841,2.08145,0.00429,1.0192,0.0104,1.0598,0.18362,0.00368
10,mid,1,6,15,1.10,true,0.09287,0.00325,0.21030,2.11998,0.00431,1.1158,0.0055,1.1574,0.22216,0.00385
10,mid,1,6,15,1.20,true,0.08488,0.00312,0.24320,2.16149,0.00429,1.2130,0.0031,1.2542,0.26366,0.00401
10,mid,1,6,20,0.00,true,0.05700,0.00259,0.04062,1.98387,0.00282,0.3766,0.5268,0.5182,0.00479,0.00132
10,mid,1,6,20,0.10,true,0.06400,0.00274,0.04279,1.97908,0.00298,0.4226,0.4442,0.5338,0.00000,0.00000
10,mid,1,6,20,0.20,true,0.06788,0.00281,0.04868,1.98116,0.00309,0.4726,0.3640,0.5633,0.00208,0.00135
10,mid,1,6,20,0.30,true,0.07112,0.00287,0.05832,1.98766,0.00321,0.5286,0.2919,0.6056,0.00858,0.00183
10,mid,1,6,20,0.40,true,0.07262,0.00290,0.07130,1.99930,0.00332,0.5872,0.2278,0.6578,0.02022,0.00214
10,mid,1,6,20,0.50,true,0.07412,0.00293,0.08738,2.01407,0.00345,0.6534,0.1770,0.7195,0.03500,0.00241
10,mid,1,6,20,0.60,true,0.07350,0.00292,0.10679,2.03437,0.00355,0.7241,0.1342,0.7895,0.05529,0.00268
10,mid,1,6,20,0.70,true,0.07175,0.00289,0.12892,2.05855,0.00363,0.7989,0.0998,0.8658,0.07947,0.00295
10,mid,1,6,20,0.80,true,0.07087,0.00287,0.15350,2.08438,0.00373,0.8781,0.0714,0.9486,0.10530,0.00320
10,mid,1,6,20,0.90,true,0.06925,0.00284,0.17987,2.11279,0.00382,0.9615,0.0509,1.0346,0.13372,0.00340
10,mid,1,6,20,1.00,true,0.06513,0.00276,0.20818,2.14572,0.00385,1.0502,0.0380,1.1230,0.16665,0.00357
10,mid,1,6,20,1.10,true,0.06112,0.00268,0.23789,2.18000,0.00387,1.1414,0.0276,1.2150,0.20092,0.00372
10,mid,1,6,20,1.20,true,0.05725,0.00260,0.26819,2.21480,0.00388,1.2329,0.0190,1.3083,0.23572,0.00387
10,high,1,12,10,0.00,true,0.16487,0.00415,0.00440,1.83958,0.00417,0.2081,0.5772,0.2613,0.04157,0.00337
10,high,1,12,10,0.10,true,0.19575,0.00444,0.00719,1.81151,0.00448,0.2558,0.4184,0.2799,0.01351,0.00235
10,high,1,12,10,0.20,true,0.21588,0.00460,0.01374,1.79801,0.00470,0.3134,0.2820,0.3234,0.00000,0.00000
10,high,1,12,10,0.30,true,0.22125,0.00464,0.02510,1.80411,0.00483,0.3781,0.1750,0.3858,0.00611,0.00211
10,high,1,12,10,0.40,true,0.22237,0.00465,0.04190,1.81998,0.00497,0.4527,0.1021,0.4633,0.02197,0.00274
10,high,1,12,10,0.50,true,0.22112,0.00464,0.06467,1.84427,0.00513,0.5357,0.0546,0.5516,0.04627,0.00323
10,high,1,12,10,0.60,true,0.21525,0.00460,0.09245,1.87828,0.00528,0.6235,0.0288,0.6430,0.08028,0.00356
10,high,1,12,10,0.70,true,0.20563,0.00452,0.12473,1.92064,0.00540,0.7148,0.0148,0.7365,0.12263,0.00389
10,high,1,12,10,0.80,true,0.19425,0.00442,0.16065,1.96848,0.00551,0.8091,0.0073,0.8320,0.17047,0.00415
10,high,1,12,10,0.90,true,0.18363,0.00433,0.19946,2.01857,0.00561,0.9079,0.0037,0.9310,0.22056,0.00439
10,high,1,12,10,1.00,true,0.17425,0.00424,0.23749,2.06669,0.00570,1.0039,0.0023,1.0264,0.26868,0.00460
10,high,1,12,10,1.10,true,0.16525,0.00415,0.27701,2.11604,0.00578,1.1043,0.0015,1.1263,0.31804,0.00480
10,high,1,12,10,1.20,true,0.15700,0.00407,0.31718,2.16543,0.00584,1.2085,0.0007,1.2304,0.36742,0.00496
10,high,1,12,15,0.00,true,0.08325,0.00309,0.02865,1.94579,0.00325,0.3152,0.5470,0.4088,0.00336,0.00156
10,high,1,12,15,0.10,true,0.09237,0.00324,0.03437,1.94243,0.00345,0.3591,0.4440,0.4240,0.00000,0.00000
10,high,1,12,15,0.20,true,0.10250,0.00339,0.04502,1.94308,0.00368,0.4094,0.3448,0.4578,0.00065,0.00168
10,high,1,12,15,0.30,true,0.10712,0.00346,0.06026,1.95389,0.00386,0.4641,0.2600,0.5041,0.01146,0.00215
10,high,1,12,15,0.40,true,0.11100,0.00351,0.08049,1.97052,0.00405,0.5274,0.1883,0.5651,0.02809,0.00261
10,high,1,12,15,0.50,true,0.10975,0.00349,0.10526,1.99691,0.00418,0.6001,0.1377,0.6350,0.05447,0.00295
10,high,1,12,15,0.60,true,0.10887,0.00348,0.13371,2.02668,0.00434,0.6743,0.0947,0.7129,0.08425,0.00322
10,high,1,12,15,0.70,true,0.10612,0.00344,0.16550,2.06175,0.00446,0.7551,0.0645,0.7970,0.11932,0.00352
10,high,1,12,15,0.80,true,0.10187,0.00338,0.19956,2.10069,0.00456,0.8387,0.0429,0.8841,0.15826,0.00373
10,high,1,12,15,0.90,true,0.09825,0.00333,0.23574,2.14122,0.00466,0.9276,0.0273,0.9765,0.19879,0.00396
10,high,1,12,15,1.00,true,0.09413,0.00326,0.27254,2.18296,0.00472,1.0186,0.0164,1.0705,0.24052,0.00412
10,high,1,12,15,1.10,true,0.08862,0.00318,0.30972,2.22654,0.00475,1.1138,0.0115,1.1653,0.28411,0.00425
10,high,1,12,15,1.20,true,0.08263,0.00308,0.34720,2.27102,0.00474,1.2102,0.0072,1.2623,0.32859,0.00435
10,high,1,12,20,0.00,true,0.04550,0.00233,0.08007,2.03584,0.00281,0.4053,0.5292,0.5774,0.00000,0.00000
10,high,1,12,20,0.10,true,0.04938,0.00242,0.08741,2.03937,0.00296,0.4479,0.4489,0.5932,0.00353,0.00115
10,high,1,12,20,0.20,true,0.05362,0.00252,0.09938,2.04725,0.00314,0.4976,0.3751,0.6220,0.01140,0.00169
10,high,1,12,20,0.30,true,0.05613,0.00257,0.11584,2.06145,0.00330,0.5527,0.3076,0.6620,0.02561,0.00209
10,high,1,12,20,0.40,true,0.05763,0.00261,0.13580,2.08023,0.00345,0.6115,0.2504,0.7107,0.04439,0.00239
10,high,1,12,20,0.50,true,0.06087,0.00267,0.15956,2.10117,0.00365,0.6774,0.2001,0.7705,0.06532,0.00271
10,high,1,12,20,0.60,true,0.06313,0.00272,0.18584,2.12570,0.00383,0.7459,0.1581,0.8369,0.08985,0.00303
10,high,1,12,20,0.70,true,0.06288,0.00271,0.21461,2.15531,0.00395,0.8174,0.1223,0.9092,0.11947,0.00327
10,high,1,12,20,0.80,true,0.06212,0.00270,0.24517,2.18730,0.00406,0.8936,0.0940,0.9869,0.15146,0.00350
10,high,1,12,20,0.90,true,0.06000,0.00266,0.27812,2.22316,0.00413,0.9769,0.0717,1.0714,0.18732,0.00371
10,high,1,12,20,1.00,true,0.05775,0.00261,0.31063,2.25877,0.00418,1.0571,0.0515,1.1570,0.22293,0.00390
10,high,1,12,20,1.10,true,0.05437,0.00254,0.34396,2.29644,0.00419,1.1459,0.0399,1.2456,0.26060,0.00401
10,high,1,12,20,1.20,true,0.05237,0.00249,0.37661,2.33212,0.00421,1.2336,0.0288,1.3365,0.29627,0.00413
10,high,1,3,10,0.00,true,0.14763,0.00397,0.00530,1.85774,0.00400,0.2017,0.5702,0.2709,0.04092,0.00367
10,high,1,3,10,0.10,true,0.17700,0.00427,0.00749,1.83059,0.00432,0.2575,0.4087,0.2897,0.01377,0.00242
10,high,1,3,10,0.20,true,0.19725,0.00445,0.01388,1.81682,0.00455,0.3186,0.2764,0.3347,0.00000,0.00000
10,high,1,3,10,0.30,true,0.20212,0.00449,0.02417,1.82240,0.00466,0.3792,0.1783,0.3929,0.00558,0.00207
10,high,1,3,10,0.40,true,0.20600,0.00452,0.03982,1.83441,0.00481,0.4512,0.1047,0.4684,0.01759,0.00279
10,high,1,3,10,0.50,true,0.20075,0.00448,0.06005,1.86023,0.00491,0.5283,0.0621,0.5482,0.04341,0.00317
10,high,1,3,10,0.60,true,0.19312,0.00441,0.08754,1.89583,0.00503,0.6190,0.0350,0.6415,0.07900,0.00353
10,high,1,3,10,0.70,true,0.18438,0.00434,0.11943,1.93707,0.00515,0.7125,0.0190,0.7375,0.12024,0.00385
10,high,1,3,10,0.80,true,0.17525,0.00425,0.15534,1.98283,0.00526,0.8097,0.0092,0.8368,0.16601,0.00410
10,high,1,3,10,0.90,true,0.16637,0.00416,0.19268,2.02988,0.00536,0.9077,0.0046,0.9357,0.21305,0.00435
10,high,1,3,10,1.00,true,0.15662,0.00406,0.23189,2.07977,0.00544,1.0074,0.0024,1.0355,0.26295,0.00455
10,high,1,3,10,1.10,true,0.14575,0.00395,0.27176,2.13156,0.00547,1.1076,0.0016,1.1352,0.31473,0.00474
10,high,1,3,10,1.20,true,0.13787,0.00385,0.30708,2.17575,0.00550,1.1982,0.0009,1.2259,0.35893,0.00486
10,high,1,3,15,0.00,true,0.07212,0.00289,0.03097,1.95927,0.00306,0.2990,0.5440,0.4190,0.00650,0.00211
10,high,1,3,15,0.10,true,0.08363,0.00309,0.03588,1.95277,0.00330,0.3580,0.4381,0.4370,0.00000,0.00000
10,high,1,3,15,0.20,true,0.08937,0.00319,0.04525,1.95655,0.00346,0.4074,0.3513,0.4679,0.00378,0.00172
10,high,1,3,15,0.30,true,0.09400,0.00326,0.05979,1.96672,0.00364,0.4645,0.2690,0.5144,0.01395,0.00242
10,high,1,3,15,0.40,true,0.09638,0.00330,0.07903,1.98394,0.00380,0.5260,0.1991,0.5723,0.03116,0.00280
10,high,1,3,15,0.50,true,0.09713,0.00331,0.10185,2.00645,0.00395,0.5935,0.1476,0.6382,0.05367,0.00308
10,high,1,3,15,0.60,true,0.09788,0.00332,0.13070,2.03513,0.00413,0.6714,0.1012,0.7194,0.08236,0.00345
10,high,1,3,15,0.70,true,0.09625,0.00330,0.16263,2.06938,0.00427,0.7547,0.0687,0.8060,0.11661,0.00375
10,high,1,3,15,0.80,true,0.09250,0.00324,0.19319,2.10440,0.00436,0.8300,0.0464,0.8859,0.15163,0.00395
10,high,1,3,15,0.90,true,0.08837,0.00317,0.22785,2.14404,0.00443,0.9169,0.0302,0.9761,0.19127,0.00417
10,high,1,3,15,1.00,true,0.08550,0.00313,0.26173,2.18168,0.00451,1.0029,0.0193,1.0648,0.22891,0.00431
10,high,1,3,15,1.10,true,0.08238,0.00307,0.29902,2.22316,0.00458,1.1007,0.0124,1.1637,0.27039,0.00448
10,high,1,3,15,1.20,true,0.07650,0.00297,0.33547,2.26660,0.00456,1.1962,0.0081,1.2596,0.31383,0.00460
10,high,1,3,20,0.00,true,0.04263,0.00226,0.09083,2.04964,0.00281,0.4138,0.5259,0.6024,0.00000,0.00000
10,high,1,3,20,0.10,true,0.04825,0.00240,0.09720,2.05052,0.00298,0.4616,0.4469,0.6197,0.00088,0.00180
10,high,1,3,20,0.20,true,0.05150,0.00247,0.10735,2.05764,0.00313,0.5079,0.3785,0.6473,0.00800,0.00229
10,high,1,3,20,0.30,true,0.05400,0.00253,0.12294,2.07107,0.00328,0.5661,0.3109,0.6890,0.02143,0.00276
10,high,1,3,20,0.40,true,0.05462,0.00254,0.14208,2.09001,0.00341,0.6267,0.2548,0.7393,0.04037,0.00311
10,high,1,3,20,0.50,true,0.05437,0.00254,0.16460,2.11331,0.00353,0.6916,0.2070,0.7975,0.06367,0.00338
10,high,1,3,20,0.60,true,0.05325,0.00251,0.19144,2.14195,0.00363,0.7621,0.1616,0.8664,0.09231,0.00361
10,high,1,3,20,0.70,true,0.05625,0.00258,0.21703,2.16520,0.00382,0.8276,0.1258,0.9360,0.11556,0.00387
10,high,1,3,20,0.80,true,0.05450,0.00254,0.24513,2.19582,0.00389,0.9003,0.0998,1.0089,0.14618,0.00402
10,high,1,3,20,0.90,true,0.05312,0.00251,0.27706,2.23006,0.00397,0.9814,0.0746,1.0934,0.18042,0.00419
10,high,1,3,20,1.00,true,0.05150,0.00247,0.30960,2.26524,0.00403,1.0687,0.0575,1.1817,0.21560,0.00433
10,high,1,3,20,1.10,true,0.04913,0.00242,0.33985,2.29887,0.00405,1.1480,0.0430,1.2648,0.24923,0.00441
10,high,1,3,20,1.20,true,0.04637,0.00235,0.37110,2.33400,0.00405,1.2339,0.0319,1.3532,0.28435,0.00448
10,high,1,6,10,0.00,true,0.14000,0.00388,0.00565,1.86571,0.00391,0.2109,0.5548,0.2744,0.03623,0.00353
10,high,1,6,10,0.10,true,0.16700,0.00417,0.00703,1.84012,0.00421,0.2593,0.4019,0.2950,0.01064,0.00278
10,high,1,6,10,0.20,true,0.18238,0.00432,0.01191,1.82972,0.00440,0.3170,0.2704,0.3392,0.00024,0.00187
10,high,1,6,10,0.30,true,0.19187,0.00440,0.02101,1.82948,0.00455,0.3837,0.1698,0.4026,0.00000,0.00000
10,high,1,6,10,0.40,true,0.19137,0.00440,0.03532,1.84457,0.00465,0.4597,0.1016,0.4793,0.01509,0.00171
10,high,1,6,10,0.50,true,0.18962,0.00438,0.05459,1.86596,0.00476,0.5427,0.0589,0.5651,0.03648,0.00234
10,high,1,6,10,0.60,true,0.18238,0.00432,0.07962,1.89876,0.00486,0.6320,0.0315,0.6579,0.06927,0.00283
10,high,1,6,10,0.70,true,0.17438,0.00424,0.10878,1.93657,0.00496,0.7243,0.0174,0.7518,0.10709,0.00315
10,high,1,6,10,0.80,true,0.16675,0.00417,0.14118,1.97738,0.00507,0.8184,0.0086,0.8478,0.14789,0.00347
10,high,1,6,10,0.90,true,0.15637,0.00406,0.17730,2.02481,0.00514,0.9172,0.0050,0.9462,0.19533,0.00374
10,high,1,6,10,1.00,true,0.14575,0.00395,0.21519,2.07440,0.00519,1.0165,0.0028,1.0453,0.24492,0.00397
10,high,1,6,10,1.10,true,0.13725,0.00385,0.25212,2.12100,0.00524,1.1131,0.0017,1.1415,0.29152,0.00416
10,high,1,6,10,1.20,true,0.12800,0.00374,0.29153,2.17102,0.00526,1.2156,0.0009,1.2439,0.34154,0.00433
10,high,1,6,15,0.00,true,0.07275,0.00290,0.03293,1.96063,0.00308,0.3113,0.5328,0.4274,0.00950,0.00168
10,high,1,6,15,0.10,true,0.08538,0.00312,0.03596,1.95112,0.00333,0.3582,0.4293,0.4470,0.00000,0.00000
10,high,1,6,15,0.20,true,0.09050,0.00321,0.04395,1.95418,0.00347,0.4127,0.3399,0.4808,0.00305,0.00152
10,high,1,6,15,0.30,true,0.09300,0.00325,0.05676,1.96477,0.00359,0.4711,0.2590,0.5287,0.01365,0.00209
10,high,1,6,15,0.40,true,0.09450,0.00327,0.07414,1.98104,0.00373,0.5342,0.1908,0.5885,0.02992,0.00245
10,high,1,6,15,0.50,true,0.09275,0.00324,0.09612,2.00528,0.00383,0.6040,0.1365,0.6583,0.05416,0.00279
10,high,1,6,15,0.60,true,0.09012,0.00320,0.12154,2.03395,0.00393,0.6759,0.0934,0.7341,0.08283,0.00305
10,high,1,6,15,0.70,true,0.08712,0.00315,0.15064,2.06680,0.00404,0.7574,0.0649,0.8170,0.11568,0.00330
10,high,1,6,15,0.80,true,0.08263,0.00308,0.18233,2.10388,0.00411,0.8440,0.0461,0.9041,0.15276,0.00354
10,high,1,6,15,0.90,true,0.07925,0.00302,0.21563,2.14156,0.00419,0.9295,0.0281,0.9946,0.19044,0.00375
10,high,1,6,15,1.00,true,0.07500,0.00294,0.25080,2.18212,0.00424,1.0229,0.0188,1.0887,0.23100,0.00392
10,high,1,6,15,1.10,true,0.07100,0.00287,0.28614,2.22270,0.00427,1.1159,0.0112,1.1837,0.27158,0.00404
10,high,1,6,15,1.20,true,0.06688,0.00279,0.32128,2.26330,0.00428,1.2117,0.0075,1.2793,0.31218,0.00416
10,high,1,6,20,0.00,true,0.04375,0.00229,0.09492,2.05268,0.00285,0.4129,0.5247,0.6150,0.00000,0.00000
10,high,1,6,20,0.10,true,0.04738,0.00238,0.09906,2.05337,0.00297,0.4598,0.4509,0.6318,0.00070,0.00113
10,high,1,6,20,0.20,true,0.05038,0.00245,0.10760,2.05918,0.00309,0.5067,0.3757,0.6608,0.00650,0.00164
10,high,1,6,20,0.30,true,0.05300,0.00250,0.12044,2.06978,0.00323,0.5610,0.3097,0.7011,0.01710,0.00203
10,high,1,6,20,0.40,true,0.05375,0.00252,0.13724,2.08632,0.00335,0.6183,0.2497,0.7506,0.03364,0.00234
10,high,1,6,20,0.50,true,0.05350,0.00252,0.15756,2.10749,0.00345,0.6808,0.1982,0.8086,0.05481,0.00265
10,high,1,6,20,0.60,true,0.05300,0.00250,0.18057,2.13170,0.00356,0.7518,0.1604,0.8736,0.07902,0.00290
10,high,1,6,20,0.70,true,0.05300,0.00250,0.20618,2.15813,0.00368,0.8228,0.1237,0.9462,0.10546,0.00320
10,high,1,6,20,0.80,true,0.05137,0.00247,0.23414,2.18866,0.00375,0.9000,0.0955,1.0239,0.13598,0.00345
10,high,1,6,20,0.90,true,0.05025,0.00244,0.26353,2.22022,0.00383,0.9791,0.0713,1.1062,0.16754,0.00370
10,high,1,6,20,1.00,true,0.04763,0.00238,0.29407,2.25454,0.00386,1.0615,0.0525,1.1914,0.20186,0.00388
10,high,1,6,20,1.10,true,0.04575,0.00234,0.32467,2.28825,0.00390,1.1494,0.0407,1.2788,0.23558,0.00399
10,high,1,6,20,1.20,true,0.04163,0.00223,0.35627,2.32534,0.00386,1.2387,0.0309,1.3685,0.27266,0.00411
10,hcp30,1,12,10,0.00,true,0.14625,0.00395,0.06352,1.92107,0.00446,0.4116,0.5744,0.4414,0.01002,0.00212
10,hcp30,1,12,10,0.10,true,0.16375,0.00414,0.07065,1.91106,0.00472,0.4623,0.4906,0.4598,0.00000,0.00000
10,hcp30,1,12,10,0.20,true,0.17363,0.00423,0.08306,1.91430,0.00494,0.5217,0.4178,0.4908,0.00325,0.00200
10,hcp30,1,12,10,0.30,true,0.18613,0.00435,0.10012,1.91994,0.00523,0.5837,0.3473,0.5373,0.00888,0.00286
10,hcp30,1,12,10,0.40,true,0.19212,0.00440,0.12132,1.93656,0.00547,0.6513,0.2887,0.5932,0.02550,0.00346
10,hcp30,1,12,10,0.50,true,0.19400,0.00442,0.14623,1.96137,0.00570,0.7212,0.2351,0.6593,0.05032,0.00401
10,hcp30,1,12,10,0.60,true,0.19487,0.00443,0.17393,1.99032,0.00592,0.7946,0.1893,0.7339,0.07926,0.00450
10,hcp30,1,12,10,0.70,true,0.19325,0.00441,0.20298,2.02337,0.00612,0.8713,0.1534,0.8129,0.11231,0.00493
10,hcp30,1,12,10,0.80,true,0.19175,0.00440,0.23365,2.05823,0.00632,0.9517,0.1220,0.8990,0.14717,0.00533
10,hcp30,1,12,10,0.90,true,0.18738,0.00436,0.26554,2.09752,0.00648,1.0351,0.0963,0.9891,0.18646,0.00567
10,hcp30,1,12,10,1.00,true,0.18075,0.00430,0.29743,2.13924,0.00659,1.1215,0.0786,1.0794,0.22819,0.00599
10,hcp30,1,12,10,1.10,true,0.17663,0.00426,0.32928,2.17872,0.00671,1.2094,0.0607,1.1757,0.26766,0.00629
10,hcp30,1,12,10,1.20,true,0.17087,0.00421,0.36326,2.22247,0.00681,1.3079,0.0467,1.2813,0.31142,0.00660
10,hcp30,1,12,15,0.00,true,0.08363,0.00309,0.15182,2.07877,0.00426,0.6231,0.5486,0.6596,0.00000,0.00000
10,hcp30,1,12,15,0.10,true,0.08912,0.00319,0.15915,2.08108,0.00442,0.6692,0.4916,0.6762,0.00231,0.00150
10,hcp30,1,12,15,0.20,true,0.09413,0.00326,0.17004,2.08780,0.00459,0.7254,0.4417,0.7025,0.00903,0.00216
10,hcp30,1,12,15,0.30,true,0.09838,0.00333,0.18445,2.09916,0.00477,0.7798,0.3904,0.7389,0.02038,0.00277
10,hcp30,1,12,15,0.40,true,0.10138,0.00337,0.20155,2.11478,0.00495,0.8411,0.3458,0.7833,0.03601,0.00326
10,hcp30,1,12,15,0.50,true,0.10425,0.00342,0.22097,2.13316,0.00513,0.9048,0.3037,0.8362,0.05439,0.00374
10,hcp30,1,12,15,0.60,true,0.10400,0.00341,0.24287,2.15748,0.00528,0.9686,0.2640,0.8948,0.07871,0.00416
10,hcp30,1,12,15,0.70,true,0.10587,0.00344,0.26581,2.18095,0.00545,1.0387,0.2301,0.9610,0.10217,0.00457
10,hcp30,1,12,15,0.80,true,0.10425,0.00342,0.29080,2.21032,0.00556,1.1100,0.1990,1.0322,0.13154,0.00497
10,hcp30,1,12,15,0.90,true,0.10287,0.00340,0.31716,2.24112,0.00568,1.1855,0.1705,1.1102,0.16235,0.00537
10,hcp30,1,12,15,1.00,true,0.10138,0.00337,0.34354,2.27229,0.00578,1.2665,0.1487,1.1912,0.19352,0.00570
10,hcp30,1,12,15,1.10,true,0.09750,0.00332,0.36963,2.30567,0.00582,1.3450,0.1301,1.2711,0.22690,0.00593
10,hcp30,1,12,15,1.20,true,0.09400,0.00326,0.39608,2.33933,0.00587,1.4288,0.1144,1.3558,0.26056,0.00613
10,hcp30,1,12,20,0.00,true,0.04838,0.00240,0.24108,2.21194,0.00415,0.8067,0.5253,0.8777,0.00000,0.00000
10,hcp30,1,12,20,0.10,true,0.05275,0.00250,0.24813,2.21520,0.00429,0.8532,0.4819,0.8962,0.00326,0.00113
10,hcp30,1,12,20,0.20,true,0.05437,0.00254,0.25785,2.22421,0.00439,0.9064,0.4427,0.9205,0.01228,0.00167
10,hcp30,1,12,20,0.30,true,0.05563,0.00256,0.26986,2.23622,0.00449,0.9664,0.4073,0.9525,0.02429,0.00220
10,hcp30,1,12,20,0.40,true,0.05788,0.00261,0.28347,2.24909,0.00462,1.0230,0.3706,0.9920,0.03716,0.00270
10,hcp30,1,12,20,0.50,true,0.05925,0.00264,0.29904,2.26513,0.00474,1.0782,0.3326,1.0378,0.05319,0.00314
10,hcp30,1,12,20,0.60,true,0.05912,0.00264,0.31609,2.28440,0.00483,1.1455,0.3046,1.0880,0.07246,0.00356
10,hcp30,1,12,20,0.70,true,0.05912,0.00264,0.33454,2.30524,0.00493,1.2136,0.2770,1.1445,0.09330,0.00396
10,hcp30,1,12,20,0.80,true,0.05850,0.00262,0.35369,2.32761,0.00501,1.2810,0.2511,1.2042,0.11568,0.00431
10,hcp30,1,12,20,0.90,true,0.05763,0.00261,0.37396,2.35166,0.00508,1.3511,0.2263,1.2693,0.13972,0.00462
10,hcp30,1,12,20,1.00,true,0.05775,0.00261,0.39415,2.37476,0.00516,1.4232,0.2048,1.3376,0.16282,0.00493
10,hcp30,1,12,20,1.10,true,0.05813,0.00262,0.41544,2.39903,0.00525,1.5028,0.1858,1.4129,0.18710,0.00526
10,hcp30,1,12,20,1.20,true,0.05575,0.00257,0.43697,2.42651,0.00526,1.5778,0.1671,1.4884,0.21457,0.00551
10,hcp30,1,3,10,0.00,true,0.12562,0.00371,0.07072,1.94940,0.00425,0.3874,0.5657,0.4522,0.00966,0.00287
10,hcp30,1,3,10,0.10,true,0.14225,0.00391,0.07720,1.93974,0.00452,0.4684,0.4837,0.4716,0.00000,0.00000
10,hcp30,1,3,10,0.20,true,0.15275,0.00402,0.08920,1.94214,0.00475,0.5284,0.4071,0.5052,0.00241,0.00234
10,hcp30,1,3,10,0.30,true,0.16150,0.00411,0.10435,1.94971,0.00499,0.5860,0.3442,0.5473,0.00997,0.00324
10,hcp30,1,3,10,0.40,true,0.16750,0.00417,0.12458,1.96556,0.00522,0.6516,0.2865,0.6027,0.02582,0.00385
10,hcp30,1,3,10,0.50,true,0.17162,0.00422,0.14762,1.98639,0.00546,0.7186,0.2357,0.6662,0.04665,0.00442
10,hcp30,1,3,10,0.60,true,0.17375,0.00424,0.17476,2.01378,0.00569,0.7920,0.1893,0.7410,0.07404,0.00489
10,hcp30,1,3,10,0.70,true,0.17300,0.00423,0.20388,2.04634,0.00589,0.8698,0.1528,0.8210,0.10660,0.00526
10,hcp30,1,3,10,0.80,true,0.16800,0.00418,0.23552,2.08605,0.00604,0.9518,0.1229,0.9065,0.14631,0.00563
10,hcp30,1,3,10,0.90,true,0.16600,0.00416,0.26749,2.12333,0.00622,1.0351,0.0949,0.9990,0.18359,0.00597
10,hcp30,1,3,10,1.00,true,0.15975,0.00410,0.30110,2.16685,0.00633,1.1242,0.0747,1.0945,0.22712,0.00627
10,hcp30,1,3,10,1.10,true,0.15113,0.00400,0.33452,2.21279,0.00638,1.2177,0.0624,1.1896,0.27306,0.00647
10,hcp30,1,3,10,1.20,true,0.14113,0.00389,0.36515,2.25716,0.00637,1.3005,0.0520,1.2761,0.31742,0.00661
10,hcp30,1,3,15,0.00,true,0.06725,0.00280,0.16184,2.10587,0.00400,0.5569,0.5381,0.6676,0.00295,0.00250
10,hcp30,1,3,15,0.10,true,0.07650,0.00297,0.16759,2.10292,0.00422,0.6548,0.4875,0.6847,0.00000,0.00000
10,hcp30,1,3,15,0.20,true,0.08125,0.00305,0.17673,2.10817,0.00437,0.7051,0.4386,0.7088,0.00525,0.00194
10,hcp30,1,3,15,0.30,true,0.08725,0.00316,0.18958,2.11628,0.00457,0.7661,0.3937,0.7441,0.01336,0.00286
10,hcp30,1,3,15,0.40,true,0.08862,0.00318,0.20612,2.13311,0.00471,0.8304,0.3510,0.7877,0.03020,0.00346
10,hcp30,1,3,15,0.50,true,0.08837,0.00317,0.22403,2.15315,0.00483,0.8895,0.3110,0.8347,0.05024,0.00383
10,hcp30,1,3,15,0.60,true,0.08875,0.00318,0.24645,2.17762,0.00498,0.9585,0.2701,0.8961,0.07470,0.00433
10,hcp30,1,3,15,0.70,true,0.09225,0.00324,0.27017,2.20054,0.00519,1.0333,0.2341,0.9667,0.09762,0.00480
10,hcp30,1,3,15,0.80,true,0.09012,0.00320,0.29313,2.22833,0.00528,1.1011,0.2066,1.0317,0.12542,0.00515
10,hcp30,1,3,15,0.90,true,0.08862,0.00318,0.31758,2.25734,0.00538,1.1755,0.1817,1.1041,0.15443,0.00539
10,hcp30,1,3,15,1.00,true,0.08488,0.00312,0.34227,2.28899,0.00543,1.2496,0.1610,1.1768,0.18607,0.00561
10,hcp30,1,3,15,1.10,true,0.08325,0.00309,0.36889,2.32088,0.00551,1.3289,0.1381,1.2612,0.21796,0.00582
10,hcp30,1,3,15,1.20,true,0.07988,0.00303,0.39452,2.35358,0.00555,1.4052,0.1186,1.3435,0.25067,0.00598
10,hcp30,1,3,20,0.00,true,0.04700,0.00237,0.25525,2.22900,0.00419,0.7547,0.5239,0.9014,0.00000,0.00000
10,hcp30,1,3,20,0.10,true,0.04838,0.00240,0.26141,2.23450,0.00426,0.8536,0.4776,0.9187,0.00550,0.00236
10,hcp30,1,3,20,0.20,true,0.05137,0.00247,0.26956,2.24061,0.00437,0.9161,0.4452,0.9435,0.01162,0.00303
10,hcp30,1,3,20,0.30,true,0.05300,0.00250,0.28146,2.25233,0.00447,0.9735,0.4031,0.9784,0.02333,0.00359
10,hcp30,1,3,20,0.40,true,0.05262,0.00250,0.29556,2.26856,0.00454,1.0336,0.3667,1.0189,0.03956,0.00396
10,hcp30,1,3,20,0.50,true,0.05050,0.00245,0.31101,2.28812,0.00457,1.0941,0.3339,1.0629,0.05912,0.00430
10,hcp30,1,3,20,0.60,true,0.05325,0.00251,0.32798,2.30470,0.00472,1.1662,0.3034,1.1186,0.07570,0.00462
10,hcp30,1,3,20,0.70,true,0.05375,0.00252,0.34429,2.32283,0.00481,1.2305,0.2789,1.1714,0.09384,0.00489
10,hcp30,1,3,20,0.80,true,0.05200,0.00248,0.36218,2.34509,0.00485,1.2991,0.2566,1.2283,0.11610,0.00512
10,hcp30,1,3,20,0.90,true,0.05075,0.00245,0.38272,2.37002,0.00490,1.3694,0.2298,1.2962,0.14102,0.00536
10,hcp30,1,3,20,1.00,true,0.05000,0.00244,0.40354,2.39491,0.00496,1.4435,0.2070,1.3676,0.16591,0.00562
10,hcp30,1,3,20,1.10,true,0.04863,0.00240,0.42247,2.41840,0.00500,1.5122,0.1887,1.4343,0.18940,0.00580
10,hcp30,1,3,20,1.20,true,0.04550,0.00233,0.44373,2.44646,0.00499,1.5890,0.1716,1.5087,0.21746,0.00594
10,hcp30,1,6,10,0.00,true,0.12512,0.00370,0.06992,1.94889,0.00424,0.4148,0.5522,0.4540,0.00556,0.00185
10,hcp30,1,6,10,0.10,true,0.13587,0.00383,0.07459,1.94333,0.00442,0.4678,0.4726,0.4734,0.00000,0.00000
10,hcp30,1,6,10,0.20,true,0.14675,0.00396,0.08466,1.94344,0.00464,0.5282,0.3995,0.5083,0.00012,0.00193
10,hcp30,1,6,10,0.30,true,0.15600,0.00406,0.09935,1.95017,0.00488,0.5940,0.3356,0.5559,0.00684,0.00272
10,hcp30,1,6,10,0.40,true,0.16125,0.00411,0.11849,1.96577,0.00510,0.6594,0.2750,0.6139,0.02244,0.00328
10,hcp30,1,6,10,0.50,true,0.16425,0.00414,0.14117,1.98753,0.00532,0.7307,0.2252,0.6808,0.04420,0.00380
10,hcp30,1,6,10,0.60,true,0.16212,0.00412,0.16760,2.01859,0.00549,0.8064,0.1825,0.7558,0.07527,0.00428
10,hcp30,1,6,10,0.70,true,0.15962,0.00409,0.19623,2.05255,0.00567,0.8830,0.1447,0.8371,0.10922,0.00474
10,hcp30,1,6,10,0.80,true,0.15425,0.00404,0.22703,2.09192,0.00580,0.9694,0.1199,0.9232,0.14859,0.00519
10,hcp30,1,6,10,0.90,true,0.15000,0.00399,0.25819,2.13077,0.00593,1.0541,0.0966,1.0125,0.18744,0.00553
10,hcp30,1,6,10,1.00,true,0.14350,0.00392,0.29155,2.17449,0.00603,1.1455,0.0779,1.1084,0.23116,0.00588
10,hcp30,1,6,10,1.10,true,0.13625,0.00384,0.32371,2.21784,0.00608,1.2329,0.0625,1.2018,0.27451,0.00619
10,hcp30,1,6,10,1.20,true,0.12862,0.00374,0.35771,2.26390,0.00611,1.3279,0.0489,1.3035,0.32057,0.00648
10,hcp30,1,6,15,0.00,true,0.07262,0.00290,0.16060,2.09891,0.00409,0.6159,0.5313,0.6726,0.00218,0.00155
10,hcp30,1,6,15,0.10,true,0.08063,0.00304,0.16569,2.09673,0.00428,0.6670,0.4746,0.6940,0.00000,0.00000
10,hcp30,1,6,15,0.20,true,0.08550,0.00313,0.17424,2.10149,0.00443,0.7265,0.4267,0.7231,0.00475,0.00145
10,hcp30,1,6,15,0.30,true,0.08887,0.00318,0.18635,2.11167,0.00458,0.7870,0.3803,0.7610,0.01493,0.00215
10,hcp30,1,6,15,0.40,true,0.08775,0.00316,0.20195,2.13022,0.00467,0.8504,0.3383,0.8053,0.03348,0.00271
10,hcp30,1,6,15,0.50,true,0.08837,0.00317,0.22001,2.14980,0.00481,0.9158,0.2986,0.8581,0.05307,0.00320
10,hcp30,1,6,15,0.60,true,0.08775,0.00316,0.24036,2.17324,0.00493,0.9827,0.2617,0.9180,0.07651,0.00372
10,hcp30,1,6,15,0.70,true,0.08550,0.00313,0.26282,2.20074,0.00502,1.0522,0.2285,0.9833,0.10400,0.00415
10,hcp30,1,6,15,0.80,true,0.08375,0.00310,0.28620,2.22889,0.00512,1.1231,0.1986,1.0534,0.13215,0.00453
10,hcp30,1,6,15,0.90,true,0.08038,0.00304,0.31097,2.26035,0.00518,1.1969,0.1721,1.1283,0.16361,0.00491
10,hcp30,1,6,15,1.00,true,0.07888,0.00301,0.33633,2.29078,0.00527,1.2738,0.1472,1.2097,0.19404,0.00524
10,hcp30,1,6,15,1.10,true,0.07587,0.00296,0.36163,2.32280,0.00532,1.3538,0.1282,1.2916,0.22606,0.00552
10,hcp30,1,6,15,1.20,true,0.07050,0.00286,0.38706,2.35750,0.00530,1.4285,0.1091,1.3735,0.26077,0.00574
10,hcp30,1,6,20,0.00,true,0.04600,0.00234,0.25440,2.22875,0.00414,0.8204,0.5194,0.9072,0.00000,0.00000
10,hcp30,1,6,20,0.10,true,0.04738,0.00238,0.25889,2.23268,0.00420,0.8739,0.4812,0.9245,0.00394,0.00111
10,hcp30,1,6,20,0.20,true,0.04900,0.00241,0.26640,2.23977,0.00428,0.9304,0.4431,0.9511,0.01103,0.00180
10,hcp30,1,6,20,0.30,true,0.05063,0.00245,0.27607,2.24931,0.00438,0.9904,0.4079,0.9844,0.02057,0.00235
10,hcp30,1,6,20,0.40,true,0.04975,0.00243,0.28829,2.26425,0.00443,1.0462,0.3708,1.0234,0.03551,0.00284
10,hcp30,1,6,20,0.50,true,0.04963,0.00243,0.30219,2.28037,0.00450,1.1018,0.3337,1.0697,0.05162,0.00333
10,hcp30,1,6,20,0.60,true,0.05013,0.00244,0.31690,2.29689,0.00459,1.1657,0.3039,1.1202,0.06814,0.00371
10,hcp30,1,6,20,0.70,true,0.04938,0.00242,0.33307,2.31638,0.00466,1.2339,0.2780,1.1752,0.08764,0.00407
10,hcp30,1,6,20,0.80,true,0.04800,0.00239,0.35048,2.33802,0.00471,1.2995,0.2513,1.2348,0.10927,0.00441
10,hcp30,1,6,20,0.90,true,0.04662,0.00236,0.36852,2.36046,0.00475,1.3674,0.2275,1.2979,0.13172,0.00472
10,hcp30,1,6,20,1.00,true,0.04575,0.00234,0.38719,2.38326,0.00481,1.4323,0.2025,1.3654,0.15451,0.00501
10,hcp30,1,6,20,1.10,true,0.04562,0.00233,0.40648,2.40615,0.00487,1.5084,0.1834,1.4385,0.17740,0.00529
10,hcp30,1,6,20,1.20,true,0.04312,0.00227,0.42679,2.43268,0.00487,1.5863,0.1667,1.5135,0.20393,0.00557
10,tour,2,12,10,0.00,true,0.30512,0.00515,0.00008,1.69496,0.00515,0.1666,0.6683,0.1941,0.14727,0.00505
10,tour,2,12,10,0.10,true,0.38775,0.00545,0.00026,1.61251,0.00545,0.2108,0.4573,0.2075,0.06483,0.00398
10,tour,2,12,10,0.20,true,0.43575,0.00554,0.00086,1.56511,0.00555,0.2704,0.2627,0.2572,0.01742,0.00268
10,tour,2,12,10,0.30,true,0.45463,0.00557,0.00231,1.54768,0.00559,0.3442,0.1320,0.3337,0.00000,0.00000
10,tour,2,12,10,0.40,true,0.45463,0.00557,0.00525,1.55062,0.00562,0.4260,0.0582,0.4230,0.00294,0.00211
10,tour,2,12,10,0.50,true,0.44550,0.00556,0.01057,1.56507,0.00567,0.5173,0.0216,0.5208,0.01739,0.00275
10,tour,2,12,10,0.60,true,0.43362,0.00554,0.01898,1.58536,0.00574,0.6126,0.0071,0.6193,0.03768,0.00313
10,tour,2,12,10,0.70,true,0.41587,0.00551,0.03117,1.61530,0.00583,0.7124,0.0021,0.7198,0.06762,0.00349
10,tour,2,12,10,0.80,true,0.40125,0.00548,0.04644,1.64521,0.00594,0.8110,0.0008,0.8181,0.09753,0.00378
10,tour,2,12,10,0.90,true,0.38850,0.00545,0.06414,1.67567,0.00606,0.9067,0.0002,0.9136,0.12799,0.00402
10,tour,2,12,10,1.00,true,0.37350,0.00541,0.08509,1.71164,0.00619,1.0052,0.0002,1.0115,0.16396,0.00428
10,tour,2,12,10,1.10,true,0.36088,0.00537,0.10817,1.74736,0.00633,1.1058,0.0000,1.1119,0.19968,0.00452
10,tour,2,12,10,1.20,true,0.34525,0.00532,0.13306,1.78790,0.00645,1.2059,0.0000,1.2116,0.24022,0.00478
10,tour,2,12,15,0.00,true,0.18900,0.00438,0.00113,1.81214,0.00438,0.2401,0.5942,0.2791,0.08227,0.00435
10,tour,2,12,15,0.10,true,0.22737,0.00469,0.00203,1.77466,0.00470,0.2859,0.4558,0.2929,0.04479,0.00378
10,tour,2,12,15,0.20,true,0.25525,0.00487,0.00399,1.74874,0.00490,0.3398,0.3246,0.3302,0.01888,0.00306
10,tour,2,12,15,0.30,true,0.27663,0.00500,0.00755,1.73093,0.00506,0.4062,0.2182,0.3904,0.00107,0.00197
10,tour,2,12,15,0.40,true,0.28337,0.00504,0.01323,1.72986,0.00514,0.4758,0.1369,0.4635,0.00000,0.00000
10,tour,2,12,15,0.50,true,0.28450,0.00504,0.02179,1.73730,0.00522,0.5553,0.0816,0.5485,0.00743,0.00184
10,tour,2,12,15,0.60,true,0.27900,0.00501,0.03362,1.75463,0.00528,0.6421,0.0480,0.6402,0.02477,0.00242
10,tour,2,12,15,0.70,true,0.27187,0.00497,0.04886,1.77701,0.00536,0.7321,0.0251,0.7363,0.04715,0.00279
10,tour,2,12,15,0.80,true,0.26450,0.00493,0.06606,1.80160,0.00544,0.8214,0.0124,0.8298,0.07174,0.00313
10,tour,2,12,15,0.90,true,0.25538,0.00488,0.08726,1.83194,0.00553,0.9200,0.0067,0.9297,0.10208,0.00337
10,tour,2,12,15,1.00,true,0.24500,0.00481,0.11068,1.86575,0.00561,1.0189,0.0043,1.0285,0.13589,0.00361
10,tour,2,12,15,1.10,true,0.23538,0.00474,0.13534,1.90006,0.00569,1.1154,0.0020,1.1259,0.17020,0.00385
10,tour,2,12,15,1.20,true,0.22612,0.00468,0.16059,1.93459,0.00577,1.2110,0.0015,1.2210,0.20473,0.00406
10,tour,2,12,20,0.00,true,0.12437,0.00369,0.00554,1.88117,0.00372,0.3307,0.5567,0.3741,0.03233,0.00354
10,tour,2,12,20,0.10,true,0.14450,0.00393,0.00783,1.86333,0.00398,0.3790,0.4632,0.3871,0.01449,0.00309
10,tour,2,12,20,0.20,true,0.15712,0.00407,0.01188,1.85476,0.00414,0.4295,0.3681,0.4168,0.00592,0.00251
10,tour,2,12,20,0.30,true,0.16787,0.00418,0.01808,1.85022,0.00430,0.4826,0.2753,0.4639,0.00137,0.00171
10,tour,2,12,20,0.40,true,0.17750,0.00427,0.02633,1.84884,0.00445,0.5426,0.1991,0.5244,0.00000,0.00000
10,tour,2,12,20,0.50,true,0.18050,0.00430,0.03781,1.85733,0.00456,0.6144,0.1377,0.5995,0.00849,0.00173
10,tour,2,12,20,0.60,true,0.18050,0.00430,0.05195,1.87148,0.00466,0.6924,0.0943,0.6822,0.02264,0.00230
10,tour,2,12,20,0.70,true,0.17975,0.00429,0.06777,1.88806,0.00476,0.7712,0.0639,0.7665,0.03922,0.00263
10,tour,2,12,20,0.80,true,0.17550,0.00425,0.08738,1.91194,0.00484,0.8606,0.0426,0.8603,0.06310,0.00294
10,tour,2,12,20,0.90,true,0.17050,0.00420,0.10804,1.93762,0.00492,0.9448,0.0264,0.9506,0.08878,0.00315
10,tour,2,12,20,1.00,true,0.16612,0.00416,0.13184,1.96582,0.00501,1.0394,0.0153,1.0497,0.11698,0.00338
10,tour,2,12,20,1.10,true,0.16137,0.00411,0.15717,1.99594,0.00509,1.1373,0.0098,1.1491,0.14710,0.00354
10,tour,2,12,20,1.20,true,0.15513,0.00405,0.18348,2.02853,0.00515,1.2344,0.0067,1.2468,0.17969,0.00372
10,tour,2,3,10,0.00,true,0.24413,0.00480,0.00010,1.75597,0.00480,0.1392,0.5907,0.2010,0.12146,0.00560
10,tour,2,3,10,0.10,true,0.31362,0.00519,0.00017,1.68655,0.00519,0.2032,0.4047,0.2188,0.05204,0.00459
10,tour,2,3,10,0.20,true,0.35113,0.00534,0.00055,1.64943,0.00534,0.2648,0.2425,0.2674,0.01491,0.00358
10,tour,2,3,10,0.30,true,0.36312,0.00538,0.00158,1.63845,0.00539,0.3354,0.1254,0.3392,0.00394,0.00245
10,tour,2,3,10,0.40,true,0.36925,0.00540,0.00376,1.63451,0.00543,0.4148,0.0606,0.4239,0.00000,0.00000
10,tour,2,3,10,0.50,true,0.36400,0.00538,0.00765,1.64365,0.00545,0.4959,0.0263,0.5095,0.00914,0.00204
10,tour,2,3,10,0.60,true,0.35150,0.00534,0.01521,1.66371,0.00547,0.5985,0.0098,0.6147,0.02920,0.00284
10,tour,2,3,10,0.70,true,0.34213,0.00530,0.02498,1.68286,0.00552,0.6911,0.0036,0.7089,0.04835,0.00331
10,tour,2,3,10,0.80,true,0.33175,0.00526,0.03860,1.70687,0.00559,0.7895,0.0015,0.8074,0.07236,0.00366
10,tour,2,3,10,0.90,true,0.32050,0.00522,0.05589,1.73542,0.00568,0.8892,0.0004,0.9074,0.10091,0.00399
10,tour,2,3,10,1.00,true,0.30450,0.00515,0.07701,1.77256,0.00576,0.9889,0.0002,1.0071,0.13805,0.00434
10,tour,2,3,10,1.10,true,0.29313,0.00509,0.10005,1.80700,0.00587,1.0869,0.0000,1.1052,0.17248,0.00460
10,tour,2,3,10,1.20,true,0.27913,0.00502,0.12671,1.84769,0.00596,1.1895,0.0000,1.2081,0.21318,0.00486
10,tour,2,3,15,0.00,true,0.14062,0.00389,0.00151,1.86089,0.00389,0.1839,0.5712,0.2919,0.07191,0.00510
10,tour,2,3,15,0.10,true,0.18125,0.00431,0.00191,1.82066,0.00432,0.2743,0.4253,0.3072,0.03169,0.00418
10,tour,2,3,15,0.20,true,0.19662,0.00444,0.00318,1.80656,0.00446,0.3301,0.3202,0.3405,0.01758,0.00337
10,tour,2,3,15,0.30,true,0.21338,0.00458,0.00601,1.79264,0.00462,0.3968,0.2115,0.4006,0.00367,0.00243
10,tour,2,3,15,0.40,true,0.22187,0.00465,0.01085,1.78898,0.00472,0.4671,0.1335,0.4736,0.00000,0.00000
10,tour,2,3,15,0.50,true,0.22175,0.00464,0.01817,1.79643,0.00477,0.5454,0.0821,0.5558,0.00745,0.00219
10,tour,2,3,15,0.60,true,0.21613,0.00460,0.02836,1.81225,0.00480,0.6284,0.0482,0.6437,0.02327,0.00292
10,tour,2,3,15,0.70,true,0.21113,0.00456,0.04141,1.83031,0.00485,0.7147,0.0280,0.7337,0.04134,0.00337
10,tour,2,3,15,0.80,true,0.20663,0.00453,0.05748,1.85089,0.00492,0.8065,0.0178,0.8270,0.06192,0.00376
10,tour,2,3,15,0.90,true,0.19950,0.00447,0.07715,1.87771,0.00498,0.9004,0.0094,0.9238,0.08873,0.00408
10,tour,2,3,15,1.00,true,0.19075,0.00439,0.09970,1.90903,0.00504,0.9959,0.0053,1.0205,0.12006,0.00431
10,tour,2,3,15,1.10,true,0.18100,0.00430,0.12502,1.94412,0.00508,1.0942,0.0029,1.1196,0.15515,0.00454
10,tour,2,3,15,1.20,true,0.17100,0.00421,0.15194,1.98108,0.00512,1.1920,0.0015,1.2179,0.19210,0.00478
10,tour,2,3,20,0.00,true,0.10325,0.00340,0.00596,1.90271,0.00343,0.2459,0.5463,0.3882,0.02920,0.00416
10,tour,2,3,20,0.10,true,0.11800,0.00361,0.00722,1.88922,0.00365,0.3530,0.4463,0.4022,0.01571,0.00328
10,tour,2,3,20,0.20,true,0.13150,0.00378,0.01004,1.87855,0.00384,0.4089,0.3493,0.4339,0.00503,0.00236
10,tour,2,3,20,0.30,true,0.14125,0.00389,0.01476,1.87351,0.00398,0.4712,0.2703,0.4812,0.00000,0.00000
10,tour,2,3,20,0.40,true,0.14688,0.00396,0.02170,1.87484,0.00409,0.5321,0.1988,0.5396,0.00132,0.00222
10,tour,2,3,20,0.50,true,0.14975,0.00399,0.03120,1.88147,0.00419,0.6013,0.1436,0.6093,0.00796,0.00291
10,tour,2,3,20,0.60,true,0.15088,0.00400,0.04340,1.89255,0.00428,0.6783,0.1028,0.6884,0.01904,0.00345
10,tour,2,3,20,0.70,true,0.14538,0.00394,0.05837,1.91303,0.00431,0.7541,0.0690,0.7704,0.03952,0.00384
10,tour,2,3,20,0.80,true,0.14062,0.00389,0.07629,1.93573,0.00436,0.8376,0.0460,0.8588,0.06221,0.00412
10,tour,2,3,20,0.90,true,0.13862,0.00386,0.09592,1.95738,0.00445,0.9223,0.0297,0.9482,0.08387,0.00436
10,tour,2,3,20,1.00,true,0.13200,0.00378,0.11841,1.98652,0.00449,1.0110,0.0181,1.0411,0.11300,0.00461
10,tour,2,3,20,1.10,true,0.13075,0.00377,0.14211,2.01150,0.00459,1.1027,0.0104,1.1365,0.13799,0.00481
10,tour,2,3,20,1.20,true,0.12425,0.00369,0.16781,2.04374,0.00462,1.1965,0.0063,1.2315,0.17022,0.00495
10,tour,2,6,10,0.00,true,0.25888,0.00490,0.00011,1.74124,0.00490,0.1672,0.6109,0.2005,0.09999,0.00459
10,tour,2,6,10,0.10,true,0.31975,0.00521,0.00010,1.68035,0.00522,0.2133,0.3997,0.2201,0.03909,0.00357
10,tour,2,6,10,0.20,true,0.34963,0.00533,0.00025,1.65063,0.00533,0.2726,0.2235,0.2715,0.00937,0.00246
10,tour,2,6,10,0.30,true,0.35950,0.00536,0.00075,1.64125,0.00537,0.3478,0.1052,0.3496,0.00000,0.00000
10,tour,2,6,10,0.40,true,0.35813,0.00536,0.00196,1.64384,0.00538,0.4329,0.0473,0.4386,0.00258,0.00197
10,tour,2,6,10,0.50,true,0.34625,0.00532,0.00452,1.65827,0.00536,0.5252,0.0180,0.5349,0.01702,0.00252
10,tour,2,6,10,0.60,true,0.33150,0.00526,0.00888,1.67740,0.00534,0.6202,0.0060,0.6315,0.03614,0.00297
10,tour,2,6,10,0.70,true,0.31762,0.00521,0.01569,1.69808,0.00533,0.7178,0.0018,0.7292,0.05683,0.00325
10,tour,2,6,10,0.80,true,0.30088,0.00513,0.02558,1.72474,0.00533,0.8186,0.0004,0.8295,0.08349,0.00355
10,tour,2,6,10,0.90,true,0.28375,0.00504,0.03872,1.75504,0.00533,0.9213,0.0003,0.9312,0.11379,0.00383
10,tour,2,6,10,1.00,true,0.26412,0.00493,0.05474,1.79073,0.00533,1.0212,0.0000,1.0305,0.14948,0.00412
10,tour,2,6,10,1.10,true,0.24163,0.00479,0.07511,1.83366,0.00530,1.1282,0.0000,1.1369,0.19240,0.00442
10,tour,2,6,10,1.20,true,0.22525,0.00467,0.09554,1.87055,0.00529,1.2249,0.0000,1.2331,0.22929,0.00465
10,tour,2,6,15,0.00,true,0.14688,0.00396,0.00161,1.85474,0.00397,0.2458,0.5727,0.2977,0.05605,0.00391
10,tour,2,6,15,0.10,true,0.17137,0.00421,0.00141,1.83004,0.00422,0.2911,0.4405,0.3109,0.03135,0.00342
10,tour,2,6,15,0.20,true,0.19025,0.00439,0.00201,1.81176,0.00440,0.3453,0.3172,0.3475,0.01307,0.00273
10,tour,2,6,15,0.30,true,0.20312,0.00450,0.00358,1.80046,0.00452,0.4071,0.2121,0.4044,0.00177,0.00180
10,tour,2,6,15,0.40,true,0.20775,0.00454,0.00643,1.79869,0.00458,0.4792,0.1374,0.4761,0.00000,0.00000
10,tour,2,6,15,0.50,true,0.20925,0.00455,0.01101,1.80178,0.00462,0.5575,0.0846,0.5583,0.00308,0.00158
10,tour,2,6,15,0.60,true,0.20638,0.00452,0.01773,1.81138,0.00464,0.6411,0.0471,0.6486,0.01269,0.00212
10,tour,2,6,15,0.70,true,0.19737,0.00445,0.02674,1.82941,0.00462,0.7284,0.0249,0.7408,0.03072,0.00254
10,tour,2,6,15,0.80,true,0.18725,0.00436,0.03848,1.85131,0.00461,0.8225,0.0138,0.8367,0.05262,0.00284
10,tour,2,6,15,0.90,true,0.17550,0.00425,0.05328,1.87790,0.00458,0.9226,0.0085,0.9369,0.07921,0.00316
10,tour,2,6,15,1.00,true,0.16587,0.00416,0.06993,1.90423,0.00458,1.0173,0.0030,1.0340,0.10554,0.00340
10,tour,2,6,15,1.10,true,0.15488,0.00404,0.08963,1.93500,0.00456,1.1186,0.0010,1.1353,0.13631,0.00364
10,tour,2,6,15,1.20,true,0.14313,0.00392,0.11064,1.96785,0.00453,1.2166,0.0003,1.2329,0.16916,0.00385
10,tour,2,6,20,0.00,true,0.09588,0.00329,0.00604,1.91016,0.00332,0.3248,0.5411,0.3908,0.03369,0.00291
10,tour,2,6,20,0.10,true,0.11038,0.00350,0.00581,1.89545,0.00353,0.3694,0.4423,0.4042,0.01897,0.00244
10,tour,2,6,20,0.20,true,0.12400,0.00368,0.00700,1.88301,0.00372,0.4199,0.3453,0.4362,0.00653,0.00178
10,tour,2,6,20,0.30,true,0.13325,0.00380,0.00971,1.87648,0.00385,0.4787,0.2602,0.4849,0.00000,0.00000
10,tour,2,6,20,0.40,true,0.13737,0.00385,0.01412,1.87677,0.00393,0.5407,0.1865,0.5461,0.00030,0.00161
10,tour,2,6,20,0.50,true,0.13850,0.00386,0.02048,1.88202,0.00398,0.6096,0.1284,0.6180,0.00554,0.00209
10,tour,2,6,20,0.60,true,0.13487,0.00382,0.02904,1.89422,0.00399,0.6852,0.0861,0.6976,0.01775,0.00242
10,tour,2,6,20,0.70,true,0.13100,0.00377,0.03975,1.90884,0.00400,0.7694,0.0596,0.7834,0.03236,0.00271
10,tour,2,6,20,0.80,true,0.12487,0.00370,0.05283,1.92809,0.00400,0.8561,0.0400,0.8728,0.05161,0.00292
10,tour,2,6,20,0.90,true,0.11812,0.00361,0.06811,1.95017,0.00399,0.9450,0.0251,0.9654,0.07369,0.00312
10,tour,2,6,20,1.00,true,0.11050,0.00351,0.08575,1.97550,0.00397,1.0386,0.0155,1.0613,0.09902,0.00331
10,tour,2,6,20,1.10,true,0.10312,0.00340,0.10483,2.00203,0.00395,1.1330,0.0100,1.1565,0.12555,0.00348
10,tour,2,6,20,1.20,true,0.09400,0.00326,0.12629,2.03272,0.00390,1.2311,0.0062,1.2552,0.15624,0.00368
10,scratch,2,12,10,0.00,true,0.26837,0.00495,0.00020,1.73183,0.00496,0.1777,0.6472,0.2082,0.12461,0.00479
10,scratch,2,12,10,0.10,true,0.33800,0.00529,0.00059,1.66259,0.00529,0.2239,0.4554,0.2226,0.05537,0.00383
10,scratch,2,12,10,0.20,true,0.37950,0.00543,0.00175,1.62225,0.00544,0.2827,0.2750,0.2705,0.01503,0.00252
10,scratch,2,12,10,0.30,true,0.39713,0.00547,0.00434,1.60722,0.00551,0.3525,0.1485,0.3422,0.00000,0.00000
10,scratch,2,12,10,0.40,true,0.39637,0.00547,0.00927,1.61290,0.00556,0.4327,0.0725,0.4288,0.00568,0.00218
10,scratch,2,12,10,0.50,true,0.38875,0.00545,0.01730,1.62856,0.00562,0.5202,0.0307,0.5233,0.02135,0.00284
10,scratch,2,12,10,0.60,true,0.37575,0.00541,0.02924,1.65351,0.00569,0.6131,0.0128,0.6196,0.04630,0.00326
10,scratch,2,12,10,0.70,true,0.36438,0.00538,0.04542,1.68108,0.00580,0.7105,0.0035,0.7197,0.07386,0.00356
10,scratch,2,12,10,0.80,true,0.34750,0.00532,0.06561,1.71817,0.00591,0.8088,0.0015,0.8178,0.11095,0.00388
10,scratch,2,12,10,0.90,true,0.33337,0.00527,0.08820,1.75491,0.00603,0.9041,0.0004,0.9130,0.14769,0.00416
10,scratch,2,12,10,1.00,true,0.32038,0.00522,0.11421,1.79396,0.00617,1.0037,0.0002,1.0120,0.18675,0.00442
10,scratch,2,12,10,1.10,true,0.30838,0.00516,0.14234,1.83415,0.00631,1.1049,0.0002,1.1128,0.22693,0.00467
10,scratch,2,12,10,1.20,true,0.29663,0.00511,0.17107,1.87469,0.00644,1.2042,0.0000,1.2118,0.26747,0.00487
10,scratch,2,12,15,0.00,true,0.15850,0.00408,0.00256,1.84407,0.00410,0.2560,0.5790,0.3036,0.05646,0.00366
10,scratch,2,12,15,0.10,true,0.18775,0.00437,0.00415,1.81640,0.00439,0.3021,0.4520,0.3176,0.02879,0.00300
10,scratch,2,12,15,0.20,true,0.20913,0.00455,0.00749,1.79837,0.00460,0.3554,0.3302,0.3537,0.01076,0.00214
10,scratch,2,12,15,0.30,true,0.22562,0.00467,0.01323,1.78761,0.00477,0.4216,0.2350,0.4097,0.00000,0.00000
10,scratch,2,12,15,0.40,true,0.23237,0.00472,0.02159,1.78924,0.00488,0.4867,0.1532,0.4784,0.00163,0.00185
10,scratch,2,12,15,0.50,true,0.23200,0.00472,0.03357,1.80159,0.00497,0.5621,0.0957,0.5589,0.01398,0.00248
10,scratch,2,12,15,0.60,true,0.22825,0.00469,0.04958,1.82137,0.00506,0.6485,0.0591,0.6494,0.03376,0.00295
10,scratch,2,12,15,0.70,true,0.22237,0.00465,0.06922,1.84691,0.00516,0.7384,0.0357,0.7437,0.05930,0.00326
10,scratch,2,12,15,0.80,true,0.21663,0.00461,0.09092,1.87439,0.00526,0.8253,0.0187,0.8365,0.08678,0.00356
10,scratch,2,12,15,0.90,true,0.21100,0.00456,0.11676,1.90590,0.00538,0.9237,0.0106,0.9368,0.11829,0.00379
10,scratch,2,12,15,1.00,true,0.20162,0.00449,0.14420,1.94277,0.00546,1.0189,0.0061,1.0331,0.15515,0.00397
10,scratch,2,12,15,1.10,true,0.19450,0.00443,0.17255,1.97830,0.00555,1.1152,0.0040,1.1294,0.19069,0.00416
10,scratch,2,12,15,1.20,true,0.18787,0.00437,0.20105,2.01351,0.00563,1.2088,0.0022,1.2236,0.22590,0.00431
10,scratch,2,12,20,0.00,true,0.09688,0.00331,0.01107,1.91421,0.00337,0.3529,0.5435,0.4120,0.01532,0.00238
10,scratch,2,12,20,0.10,true,0.10950,0.00349,0.01459,1.90511,0.00358,0.4015,0.4576,0.4253,0.00622,0.00166
10,scratch,2,12,20,0.20,true,0.12175,0.00366,0.02062,1.89889,0.00379,0.4542,0.3739,0.4548,0.00000,0.00000
10,scratch,2,12,20,0.30,true,0.12825,0.00374,0.02937,1.90114,0.00393,0.5033,0.2855,0.4985,0.00225,0.00165
10,scratch,2,12,20,0.40,true,0.13450,0.00381,0.04072,1.90627,0.00409,0.5608,0.2122,0.5554,0.00738,0.00226
10,scratch,2,12,20,0.50,true,0.13937,0.00387,0.05558,1.91627,0.00424,0.6303,0.1537,0.6258,0.01738,0.00265
10,scratch,2,12,20,0.60,true,0.14150,0.00390,0.07305,1.93164,0.00439,0.7056,0.1105,0.7037,0.03275,0.00298
10,scratch,2,12,20,0.70,true,0.14062,0.00389,0.09256,1.95205,0.00450,0.7808,0.0772,0.7844,0.05316,0.00324
10,scratch,2,12,20,0.80,true,0.13825,0.00386,0.11623,1.97814,0.00461,0.8677,0.0528,0.8758,0.07925,0.00348
10,scratch,2,12,20,0.90,true,0.13475,0.00382,0.14064,2.00610,0.00470,0.9543,0.0383,0.9646,0.10721,0.00370
10,scratch,2,12,20,1.00,true,0.12975,0.00376,0.16840,2.03893,0.00477,1.0435,0.0231,1.0603,0.14004,0.00388
10,scratch,2,12,20,1.10,true,0.12675,0.00372,0.19729,2.07090,0.00487,1.1390,0.0142,1.1593,0.17201,0.00405
10,scratch,2,12,20,1.20,true,0.12162,0.00365,0.22707,2.10591,0.00492,1.2365,0.0101,1.2571,0.20702,0.00422
10,scratch,2,3,10,0.00,true,0.21575,0.00460,0.00028,1.78453,0.00460,0.1480,0.5802,0.2154,0.10337,0.00506
10,scratch,2,3,10,0.10,true,0.27450,0.00499,0.00048,1.72598,0.00499,0.2127,0.4080,0.2326,0.04483,0.00393
10,scratch,2,3,10,0.20,true,0.30862,0.00516,0.00133,1.69271,0.00518,0.2741,0.2520,0.2802,0.01155,0.00273
10,scratch,2,3,10,0.30,true,0.32225,0.00522,0.00340,1.68115,0.00525,0.3439,0.1426,0.3482,0.00000,0.00000
10,scratch,2,3,10,0.40,true,0.32212,0.00522,0.00755,1.68543,0.00529,0.4216,0.0730,0.4309,0.00427,0.00259
10,scratch,2,3,10,0.50,true,0.31738,0.00520,0.01426,1.69690,0.00532,0.5018,0.0342,0.5164,0.01574,0.00321
10,scratch,2,3,10,0.60,true,0.30888,0.00517,0.02597,1.71713,0.00538,0.6026,0.0148,0.6199,0.03597,0.00368
10,scratch,2,3,10,0.70,true,0.29812,0.00511,0.04014,1.74207,0.00544,0.6921,0.0061,0.7118,0.06092,0.00407
10,scratch,2,3,10,0.80,true,0.28587,0.00505,0.05936,1.77358,0.00552,0.7912,0.0026,0.8113,0.09242,0.00442
10,scratch,2,3,10,0.90,true,0.27387,0.00499,0.08223,1.80850,0.00561,0.8898,0.0009,0.9104,0.12734,0.00471
10,scratch,2,3,10,1.00,true,0.26212,0.00492,0.10833,1.84641,0.00572,0.9891,0.0003,1.0098,0.16525,0.00496
10,scratch,2,3,10,1.10,true,0.25100,0.00485,0.13598,1.88526,0.00582,1.0863,0.0002,1.1070,0.20411,0.00517
10,scratch,2,3,10,1.20,true,0.23813,0.00476,0.16651,1.92875,0.00590,1.1869,0.0002,1.2078,0.24760,0.00535
10,scratch,2,3,15,0.00,true,0.12512,0.00370,0.00341,1.87829,0.00372,0.2003,0.5662,0.3177,0.04312,0.00448
10,scratch,2,3,15,0.10,true,0.15238,0.00402,0.00445,1.85208,0.00404,0.2908,0.4260,0.3338,0.01692,0.00339
10,scratch,2,3,15,0.20,true,0.16687,0.00417,0.00683,1.83996,0.00421,0.3473,0.3293,0.3663,0.00480,0.00248
10,scratch,2,3,15,0.30,true,0.17700,0.00427,0.01215,1.83516,0.00435,0.4155,0.2292,0.4238,0.00000,0.00000
10,scratch,2,3,15,0.40,true,0.18338,0.00433,0.01995,1.83660,0.00446,0.4830,0.1488,0.4942,0.00144,0.00244
10,scratch,2,3,15,0.50,true,0.18563,0.00435,0.03078,1.84520,0.00455,0.5581,0.0975,0.5718,0.01004,0.00309
10,scratch,2,3,15,0.60,true,0.18050,0.00430,0.04523,1.86480,0.00460,0.6388,0.0621,0.6563,0.02964,0.00358
10,scratch,2,3,15,0.70,true,0.17600,0.00426,0.06288,1.88698,0.00467,0.7213,0.0373,0.7438,0.05182,0.00392
10,scratch,2,3,15,0.80,true,0.16975,0.00420,0.08415,1.91455,0.00474,0.8121,0.0236,0.8369,0.07939,0.00425
10,scratch,2,3,15,0.90,true,0.16325,0.00413,0.10866,1.94563,0.00481,0.9053,0.0146,0.9323,0.11047,0.00448
10,scratch,2,3,15,1.00,true,0.15450,0.00404,0.13543,1.98122,0.00486,0.9976,0.0080,1.0272,0.14606,0.00468
10,scratch,2,3,15,1.10,true,0.14838,0.00397,0.16424,2.01624,0.00493,1.0949,0.0051,1.1251,0.18108,0.00489
10,scratch,2,3,15,1.20,true,0.14113,0.00389,0.19413,2.05348,0.00498,1.1916,0.0031,1.2226,0.21831,0.00509
10,scratch,2,3,20,0.00,true,0.08300,0.00308,0.01325,1.93027,0.00315,0.2810,0.5393,0.4322,0.01426,0.00335
10,scratch,2,3,20,0.10,true,0.09425,0.00327,0.01541,1.92119,0.00335,0.3815,0.4494,0.4455,0.00517,0.00228
10,scratch,2,3,20,0.20,true,0.10400,0.00341,0.01999,1.91602,0.00353,0.4352,0.3580,0.4759,0.00000,0.00000
10,scratch,2,3,20,0.30,true,0.11088,0.00351,0.02735,1.91652,0.00367,0.4945,0.2829,0.5199,0.00051,0.00224
10,scratch,2,3,20,0.40,true,0.11438,0.00356,0.03784,1.92353,0.00379,0.5579,0.2164,0.5769,0.00751,0.00304
10,scratch,2,3,20,0.50,true,0.11463,0.00356,0.05115,1.93661,0.00388,0.6232,0.1618,0.6414,0.02060,0.00348
10,scratch,2,3,20,0.60,true,0.11625,0.00358,0.06715,1.95103,0.00400,0.6950,0.1188,0.7153,0.03501,0.00384
10,scratch,2,3,20,0.70,true,0.11550,0.00357,0.08565,1.97032,0.00410,0.7690,0.0858,0.7932,0.05430,0.00413
10,scratch,2,3,20,0.80,true,0.11263,0.00353,0.10695,1.99455,0.00418,0.8476,0.0603,0.8765,0.07854,0.00436
10,scratch,2,3,20,0.90,true,0.11113,0.00351,0.13099,2.02016,0.00429,0.9319,0.0406,0.9664,0.10414,0.00455
10,scratch,2,3,20,1.00,true,0.10625,0.00345,0.15668,2.05080,0.00434,1.0195,0.0281,1.0569,0.13479,0.00468
10,scratch,2,3,20,1.10,true,0.10050,0.00336,0.18401,2.08398,0.00437,1.1077,0.0178,1.1493,0.16797,0.00479
10,scratch,2,3,20,1.20,true,0.09700,0.00331,0.21180,2.11539,0.00442,1.1984,0.0108,1.2434,0.19937,0.00489
10,scratch,2,6,10,0.00,true,0.22400,0.00466,0.00028,1.77628,0.00466,0.1787,0.5933,0.2163,0.08740,0.00425
10,scratch,2,6,10,0.10,true,0.27537,0.00499,0.00026,1.72489,0.00500,0.2256,0.3997,0.2365,0.03600,0.00334
10,scratch,2,6,10,0.20,true,0.30388,0.00514,0.00064,1.69677,0.00515,0.2835,0.2359,0.2858,0.00788,0.00235
10,scratch,2,6,10,0.30,true,0.31288,0.00518,0.00176,1.68889,0.00520,0.3550,0.1202,0.3591,0.00000,0.00000
10,scratch,2,6,10,0.40,true,0.30938,0.00517,0.00420,1.69483,0.00520,0.4396,0.0608,0.4458,0.00595,0.00201
10,scratch,2,6,10,0.50,true,0.30125,0.00513,0.00876,1.70753,0.00520,0.5298,0.0268,0.5403,0.01865,0.00257
10,scratch,2,6,10,0.60,true,0.28913,0.00507,0.01579,1.72671,0.00519,0.6213,0.0100,0.6348,0.03783,0.00297
10,scratch,2,6,10,0.70,true,0.27450,0.00499,0.02605,1.75163,0.00519,0.7188,0.0043,0.7324,0.06275,0.00328
10,scratch,2,6,10,0.80,true,0.25662,0.00488,0.04005,1.78356,0.00517,0.8197,0.0013,0.8332,0.09467,0.00363
10,scratch,2,6,10,0.90,true,0.23875,0.00477,0.05749,1.81895,0.00517,0.9218,0.0003,0.9347,0.13007,0.00394
10,scratch,2,6,10,1.00,true,0.22550,0.00467,0.07718,1.85200,0.00519,1.0215,0.0003,1.0335,0.16311,0.00415
10,scratch,2,6,10,1.10,true,0.20788,0.00454,0.10145,1.89404,0.00518,1.1283,0.0002,1.1396,0.20516,0.00440
10,scratch,2,6,10,1.20,true,0.19187,0.00440,0.12552,1.93429,0.00516,1.2242,0.0000,1.2352,0.24541,0.00462
10,scratch,2,6,15,0.00,true,0.11962,0.00363,0.00358,1.88396,0.00365,0.2636,0.5601,0.3264,0.04357,0.00358
10,scratch,2,6,15,0.10,true,0.13825,0.00386,0.00335,1.86511,0.00388,0.3084,0.4376,0.3401,0.02471,0.00313
10,scratch,2,6,15,0.20,true,0.15488,0.00404,0.00457,1.84971,0.00407,0.3626,0.3252,0.3755,0.00932,0.00253
10,scratch,2,6,15,0.30,true,0.16675,0.00417,0.00741,1.84068,0.00421,0.4231,0.2264,0.4297,0.00029,0.00170
10,scratch,2,6,15,0.40,true,0.17188,0.00422,0.01223,1.84039,0.00429,0.4926,0.1534,0.4974,0.00000,0.00000
10,scratch,2,6,15,0.50,true,0.17062,0.00421,0.01939,1.84883,0.00433,0.5682,0.0999,0.5752,0.00844,0.00162
10,scratch,2,6,15,0.60,true,0.16612,0.00416,0.02925,1.86323,0.00434,0.6513,0.0619,0.6627,0.02284,0.00223
10,scratch,2,6,15,0.70,true,0.16125,0.00411,0.04158,1.88049,0.00437,0.7358,0.0362,0.7524,0.04010,0.00253
10,scratch,2,6,15,0.80,true,0.15400,0.00404,0.05693,1.90316,0.00438,0.8266,0.0195,0.8475,0.06277,0.00285
10,scratch,2,6,15,0.90,true,0.14500,0.00394,0.07559,1.93093,0.00438,0.9248,0.0124,0.9457,0.09054,0.00309
10,scratch,2,6,15,1.00,true,0.13650,0.00384,0.09564,1.95961,0.00438,1.0189,0.0075,1.0405,0.11922,0.00332
10,scratch,2,6,15,1.10,true,0.12525,0.00370,0.11926,1.99465,0.00435,1.1177,0.0030,1.1411,0.15426,0.00359
10,scratch,2,6,15,1.20,true,0.11650,0.00359,0.14349,2.02783,0.00434,1.2142,0.0011,1.2377,0.18743,0.00377
10,scratch,2,6,20,0.00,true,0.07562,0.00296,0.01258,1.93698,0.00302,0.3468,0.5339,0.4354,0.02152,0.00265
10,scratch,2,6,20,0.10,true,0.08575,0.00313,0.01259,1.92687,0.00319,0.3914,0.4411,0.4497,0.01141,0.00219
10,scratch,2,6,20,0.20,true,0.09550,0.00329,0.01470,1.91923,0.00336,0.4438,0.3536,0.4812,0.00378,0.00158
10,scratch,2,6,20,0.30,true,0.10362,0.00341,0.01902,1.91545,0.00351,0.4969,0.2679,0.5274,0.00000,0.00000
10,scratch,2,6,20,0.40,true,0.10612,0.00344,0.02566,1.91962,0.00359,0.5624,0.2051,0.5850,0.00417,0.00145
10,scratch,2,6,20,0.50,true,0.10725,0.00346,0.03481,1.92769,0.00366,0.6270,0.1441,0.6537,0.01224,0.00195
10,scratch,2,6,20,0.60,true,0.10537,0.00343,0.04644,1.94126,0.00370,0.7013,0.1023,0.7297,0.02581,0.00228
10,scratch,2,6,20,0.70,true,0.10100,0.00337,0.06043,1.95970,0.00371,0.7793,0.0716,0.8100,0.04425,0.00247
10,scratch,2,6,20,0.80,true,0.09438,0.00327,0.07689,1.98288,0.00370,0.8642,0.0508,0.8960,0.06743,0.00271
10,scratch,2,6,20,0.90,true,0.08937,0.00319,0.09559,2.00671,0.00371,0.9512,0.0343,0.9858,0.09126,0.00290
10,scratch,2,6,20,1.00,true,0.08463,0.00311,0.11658,2.03262,0.00373,1.0429,0.0224,1.0801,0.11716,0.00310
10,scratch,2,6,20,1.10,true,0.07863,0.00301,0.13893,2.06115,0.00372,1.1346,0.0148,1.1731,0.14570,0.00328
10,scratch,2,6,20,1.20,true,0.07162,0.00288,0.16385,2.09329,0.00368,1.2323,0.0098,1.2712,0.17784,0.00350
10,mid,2,12,10,0.00,true,0.21213,0.00457,0.00111,1.78899,0.00458,0.1943,0.6162,0.2322,0.07811,0.00434
10,mid,2,12,10,0.10,true,0.26050,0.00491,0.00245,1.74196,0.00493,0.2382,0.4425,0.2468,0.03108,0.00355
10,mid,2,12,10,0.20,true,0.29063,0.00508,0.00587,1.71527,0.00512,0.2948,0.2835,0.2907,0.00438,0.00247
10,mid,2,12,10,0.30,true,0.30162,0.00513,0.01247,1.71088,0.00524,0.3605,0.1638,0.3567,0.00000,0.00000
10,mid,2,12,10,0.40,true,0.30262,0.00514,0.02324,1.72069,0.00533,0.4372,0.0875,0.4382,0.00980,0.00206
10,mid,2,12,10,0.50,true,0.29775,0.00511,0.03930,1.74167,0.00545,0.5245,0.0457,0.5295,0.03079,0.00269
10,mid,2,12,10,0.60,true,0.29063,0.00508,0.06022,1.76979,0.00558,0.6135,0.0199,0.6242,0.05891,0.00311
10,mid,2,12,10,0.70,true,0.27813,0.00501,0.08663,1.80880,0.00571,0.7097,0.0085,0.7226,0.09792,0.00348
10,mid,2,12,10,0.80,true,0.26663,0.00494,0.11630,1.85011,0.00585,0.8061,0.0029,0.8203,0.13922,0.00380
10,mid,2,12,10,0.90,true,0.25388,0.00487,0.14782,1.89454,0.00596,0.9013,0.0015,0.9150,0.18365,0.00408
10,mid,2,12,10,1.00,true,0.24200,0.00479,0.18183,1.94062,0.00608,1.0000,0.0008,1.0132,0.22974,0.00433
10,mid,2,12,10,1.10,true,0.23037,0.00471,0.21701,1.98766,0.00618,1.1000,0.0002,1.1131,0.27678,0.00458
10,mid,2,12,10,1.20,true,0.22037,0.00463,0.25123,2.03215,0.00628,1.1991,0.0002,1.2117,0.32126,0.00476
10,mid,2,12,15,0.00,true,0.11475,0.00356,0.00942,1.89472,0.00362,0.2792,0.5606,0.3474,0.02266,0.00274
10,mid,2,12,15,0.10,true,0.13275,0.00379,0.01334,1.88064,0.00388,0.3247,0.4438,0.3627,0.00859,0.00192
10,mid,2,12,15,0.20,true,0.14875,0.00398,0.02073,1.87206,0.00411,0.3778,0.3355,0.3976,0.00000,0.00000
10,mid,2,12,15,0.30,true,0.15787,0.00408,0.03218,1.87442,0.00430,0.4410,0.2489,0.4486,0.00236,0.00179
10,mid,2,12,15,0.40,true,0.16512,0.00415,0.04748,1.88252,0.00448,0.5051,0.1725,0.5134,0.01046,0.00245
10,mid,2,12,15,0.50,true,0.16650,0.00416,0.06717,1.90091,0.00463,0.5765,0.1147,0.5885,0.02886,0.00284
10,mid,2,12,15,0.60,true,0.16450,0.00414,0.09129,1.92715,0.00477,0.6580,0.0754,0.6730,0.05509,0.00319
10,mid,2,12,15,0.70,true,0.16062,0.00411,0.11945,1.95932,0.00490,0.7459,0.0487,0.7642,0.08726,0.00350
10,mid,2,12,15,0.80,true,0.15613,0.00406,0.14793,1.99245,0.00501,0.8294,0.0318,0.8509,0.12040,0.00370
10,mid,2,12,15,0.90,true,0.15138,0.00401,0.18076,2.03024,0.00513,0.9222,0.0178,0.9482,0.15818,0.00394
10,mid,2,12,15,1.00,true,0.14400,0.00393,0.21471,2.07181,0.00520,1.0168,0.0107,1.0444,0.19975,0.00414
10,mid,2,12,15,1.10,true,0.13787,0.00385,0.24835,2.11183,0.00526,1.1112,0.0067,1.1394,0.23978,0.00429
10,mid,2,12,15,1.20,true,0.13150,0.00378,0.28162,2.15178,0.00530,1.2057,0.0047,1.2335,0.27972,0.00444
10,mid,2,12,20,0.00,true,0.06575,0.00277,0.03218,1.96661,0.00296,0.3821,0.5321,0.4815,0.00126,0.00149
10,mid,2,12,20,0.10,true,0.07337,0.00292,0.03854,1.96536,0.00315,0.4300,0.4542,0.4956,0.00000,0.00000
10,mid,2,12,20,0.20,true,0.08088,0.00305,0.04880,1.96815,0.00336,0.4811,0.3770,0.5244,0.00279,0.00139
10,mid,2,12,20,0.30,true,0.08488,0.00312,0.06273,1.97813,0.00352,0.5326,0.3017,0.5653,0.01277,0.00190
10,mid,2,12,20,0.40,true,0.08975,0.00320,0.08003,1.99063,0.00372,0.5899,0.2352,0.6183,0.02528,0.00235
10,mid,2,12,20,0.50,true,0.09287,0.00325,0.10149,2.00908,0.00390,0.6543,0.1750,0.6840,0.04372,0.00273
10,mid,2,12,20,0.60,true,0.09262,0.00324,0.12569,2.03367,0.00404,0.7264,0.1321,0.7558,0.06831,0.00304
10,mid,2,12,20,0.70,true,0.09275,0.00324,0.15130,2.05932,0.00418,0.7981,0.0967,0.8318,0.09396,0.00329
10,mid,2,12,20,0.80,true,0.09162,0.00323,0.18069,2.09004,0.00430,0.8802,0.0696,0.9171,0.12468,0.00350
10,mid,2,12,20,0.90,true,0.08875,0.00318,0.21023,2.12268,0.00438,0.9614,0.0510,1.0010,0.15732,0.00369
10,mid,2,12,20,1.00,true,0.08475,0.00311,0.24319,2.15991,0.00444,1.0531,0.0376,1.0939,0.19456,0.00388
10,mid,2,12,20,1.10,true,0.08288,0.00308,0.27571,2.19463,0.00452,1.1413,0.0239,1.1880,0.22927,0.00400
10,mid,2,12,20,1.20,true,0.07963,0.00303,0.30838,2.23090,0.00456,1.2349,0.0168,1.2828,0.26554,0.00414
10,mid,2,3,10,0.00,true,0.17888,0.00428,0.00134,1.82247,0.00429,0.1665,0.5712,0.2413,0.06474,0.00481
10,mid,2,3,10,0.10,true,0.22125,0.00464,0.00213,1.78089,0.00466,0.2301,0.4133,0.2588,0.02316,0.00373
10,mid,2,3,10,0.20,true,0.24275,0.00479,0.00481,1.76208,0.00483,0.2881,0.2648,0.3030,0.00435,0.00259
10,mid,2,3,10,0.30,true,0.25275,0.00486,0.01043,1.75773,0.00494,0.3570,0.1591,0.3682,0.00000,0.00000
10,mid,2,3,10,0.40,true,0.25275,0.00486,0.01975,1.76709,0.00501,0.4310,0.0887,0.4459,0.00936,0.00249
10,mid,2,3,10,0.50,true,0.24638,0.00482,0.03300,1.78678,0.00507,0.5126,0.0539,0.5283,0.02905,0.00317
10,mid,2,3,10,0.60,true,0.24000,0.00477,0.05390,1.81417,0.00518,0.6081,0.0224,0.6306,0.05644,0.00372
10,mid,2,3,10,0.70,true,0.23137,0.00471,0.07695,1.84599,0.00527,0.6975,0.0120,0.7219,0.08826,0.00407
10,mid,2,3,10,0.80,true,0.22212,0.00465,0.10455,1.88303,0.00538,0.7917,0.0051,0.8180,0.12530,0.00436
10,mid,2,3,10,0.90,true,0.21088,0.00456,0.13612,1.92610,0.00548,0.8900,0.0024,0.9168,0.16837,0.00464
10,mid,2,3,10,1.00,true,0.20112,0.00448,0.16922,1.96924,0.00558,0.9871,0.0011,1.0143,0.21151,0.00487
10,mid,2,3,10,1.10,true,0.19237,0.00441,0.20265,2.01174,0.00568,1.0826,0.0003,1.1102,0.25402,0.00506
10,mid,2,3,10,1.20,true,0.18050,0.00430,0.23920,2.06055,0.00573,1.1836,0.0002,1.2113,0.30282,0.00529
10,mid,2,3,15,0.00,true,0.09600,0.00329,0.01198,1.91605,0.00336,0.2402,0.5560,0.3681,0.01678,0.00371
10,mid,2,3,15,0.10,true,0.11188,0.00352,0.01504,1.90324,0.00361,0.3203,0.4289,0.3846,0.00398,0.00232
10,mid,2,3,15,0.20,true,0.12150,0.00365,0.02066,1.89927,0.00378,0.3759,0.3401,0.4163,0.00000,0.00000
10,mid,2,3,15,0.30,true,0.12487,0.00370,0.03125,1.90653,0.00389,0.4408,0.2502,0.4675,0.00726,0.00224
10,mid,2,3,15,0.40,true,0.13162,0.00378,0.04529,1.91390,0.00407,0.5053,0.1749,0.5321,0.01464,0.00307
10,mid,2,3,15,0.50,true,0.13200,0.00378,0.06360,1.93196,0.00419,0.5765,0.1191,0.6059,0.03269,0.00358
10,mid,2,3,15,0.60,true,0.12987,0.00376,0.08556,1.95619,0.00430,0.6547,0.0823,0.6858,0.05693,0.00393
10,mid,2,3,15,0.70,true,0.12525,0.00370,0.11066,1.98611,0.00438,0.7333,0.0532,0.7695,0.08684,0.00421
10,mid,2,3,15,0.80,true,0.12175,0.00366,0.13870,2.01786,0.00449,0.8181,0.0337,0.8584,0.11860,0.00447
10,mid,2,3,15,0.90,true,0.11737,0.00360,0.16975,2.05358,0.00458,0.9100,0.0232,0.9515,0.15431,0.00467
10,mid,2,3,15,1.00,true,0.11250,0.00353,0.20166,2.09067,0.00465,1.0005,0.0149,1.0444,0.19140,0.00483
10,mid,2,3,15,1.10,true,0.10675,0.00345,0.23492,2.13004,0.00470,1.0927,0.0092,1.1387,0.23077,0.00493
10,mid,2,3,15,1.20,true,0.10038,0.00336,0.26929,2.17119,0.00472,1.1881,0.0058,1.2353,0.27192,0.00504
10,mid,2,3,20,0.00,true,0.05887,0.00263,0.04011,1.98147,0.00286,0.3486,0.5325,0.5153,0.00000,0.00000
10,mid,2,3,20,0.10,true,0.06075,0.00267,0.04504,1.98455,0.00293,0.4314,0.4537,0.5295,0.00307,0.00242
10,mid,2,3,20,0.20,true,0.07175,0.00289,0.05343,1.98199,0.00321,0.4799,0.3742,0.5588,0.00051,0.00313
10,mid,2,3,20,0.30,true,0.07600,0.00296,0.06510,1.98948,0.00336,0.5320,0.3038,0.5976,0.00801,0.00362
10,mid,2,3,20,0.40,true,0.07712,0.00298,0.08105,2.00442,0.00349,0.5938,0.2450,0.6488,0.02295,0.00385
10,mid,2,3,20,0.50,true,0.07963,0.00303,0.09957,2.02059,0.00365,0.6532,0.1895,0.7081,0.03911,0.00408
10,mid,2,3,20,0.60,true,0.07725,0.00299,0.12163,2.04520,0.00373,0.7227,0.1482,0.7754,0.06373,0.00423
10,mid,2,3,20,0.70,true,0.07925,0.00302,0.14563,2.06742,0.00390,0.7934,0.1109,0.8504,0.08595,0.00443
10,mid,2,3,20,0.80,true,0.07750,0.00299,0.17262,2.09643,0.00400,0.8699,0.0820,0.9310,0.11495,0.00456
10,mid,2,3,20,0.90,true,0.07325,0.00291,0.20117,2.12952,0.00404,0.9485,0.0602,1.0136,0.14805,0.00465
10,mid,2,3,20,1.00,true,0.06975,0.00285,0.23140,2.16361,0.00409,1.0328,0.0435,1.1015,0.18213,0.00473
10,mid,2,3,20,1.10,true,0.06725,0.00280,0.26222,2.19732,0.00415,1.1186,0.0298,1.1924,0.21585,0.00482
10,mid,2,3,20,1.20,true,0.06525,0.00276,0.29262,2.23014,0.00420,1.2074,0.0215,1.2834,0.24867,0.00491
10,mid,2,6,10,0.00,true,0.17700,0.00427,0.00143,1.82444,0.00428,0.1954,0.5718,0.2443,0.05694,0.00384
10,mid,2,6,10,0.10,true,0.21400,0.00459,0.00153,1.78754,0.00460,0.2403,0.3947,0.2649,0.02004,0.00310
10,mid,2,6,10,0.20,true,0.23250,0.00472,0.00305,1.77058,0.00474,0.2984,0.2472,0.3121,0.00308,0.00205
10,mid,2,6,10,0.30,true,0.23925,0.00477,0.00669,1.76750,0.00482,0.3675,0.1416,0.3797,0.00000,0.00000
10,mid,2,6,10,0.40,true,0.23325,0.00473,0.01327,1.78015,0.00482,0.4464,0.0730,0.4619,0.01264,0.00207
10,mid,2,6,10,0.50,true,0.22587,0.00468,0.02379,1.79814,0.00484,0.5365,0.0389,0.5535,0.03064,0.00259
10,mid,2,6,10,0.60,true,0.21750,0.00461,0.03786,1.82072,0.00488,0.6251,0.0171,0.6459,0.05322,0.00296
10,mid,2,6,10,0.70,true,0.20813,0.00454,0.05622,1.84867,0.00492,0.7206,0.0082,0.7418,0.08117,0.00324
10,mid,2,6,10,0.80,true,0.19437,0.00442,0.07888,1.88535,0.00494,0.8183,0.0037,0.8394,0.11785,0.00352
10,mid,2,6,10,0.90,true,0.18100,0.00430,0.10559,1.92579,0.00496,0.9193,0.0014,0.9403,0.15829,0.00381
10,mid,2,6,10,1.00,true,0.16812,0.00418,0.13427,1.96779,0.00498,1.0181,0.0008,1.0381,0.20029,0.00403
10,mid,2,6,10,1.10,true,0.15588,0.00406,0.16678,2.01310,0.00500,1.1237,0.0003,1.1432,0.24560,0.00426
10,mid,2,6,10,1.20,true,0.14338,0.00392,0.19800,2.05743,0.00498,1.2201,0.0003,1.2389,0.28993,0.00446
10,mid,2,6,15,0.00,true,0.08513,0.00312,0.01314,1.92807,0.00319,0.2872,0.5462,0.3790,0.02212,0.00282
10,mid,2,6,15,0.10,true,0.09650,0.00330,0.01321,1.91679,0.00337,0.3312,0.4353,0.3936,0.01084,0.00234
10,mid,2,6,15,0.20,true,0.10963,0.00349,0.01643,1.90693,0.00358,0.3861,0.3348,0.4283,0.00098,0.00169
10,mid,2,6,15,0.30,true,0.11725,0.00360,0.02300,1.90595,0.00373,0.4447,0.2443,0.4786,0.00000,0.00000
10,mid,2,6,15,0.40,true,0.12150,0.00365,0.03299,1.91181,0.00385,0.5115,0.1727,0.5424,0.00586,0.00156
10,mid,2,6,15,0.50,true,0.12037,0.00364,0.04626,1.92636,0.00392,0.5837,0.1199,0.6144,0.02041,0.00206
10,mid,2,6,15,0.60,true,0.11750,0.00360,0.06320,1.94639,0.00398,0.6626,0.0800,0.6957,0.04044,0.00245
10,mid,2,6,15,0.70,true,0.11400,0.00355,0.08312,1.97008,0.00404,0.7452,0.0521,0.7818,0.06413,0.00275
10,mid,2,6,15,0.80,true,0.10900,0.00348,0.10636,1.99866,0.00409,0.8324,0.0320,0.8728,0.09271,0.00299
10,mid,2,6,15,0.90,true,0.10262,0.00339,0.13279,2.03189,0.00413,0.9253,0.0185,0.9686,0.12594,0.00325
10,mid,2,6,15,1.00,true,0.09525,0.00328,0.16019,2.06715,0.00413,1.0182,0.0124,1.0612,0.16120,0.00347
10,mid,2,6,15,1.10,true,0.08737,0.00316,0.19040,2.10582,0.00412,1.1168,0.0089,1.1588,0.19987,0.00366
10,mid,2,6,15,1.20,true,0.07988,0.00303,0.22055,2.14410,0.00409,1.2096,0.0043,1.2535,0.23815,0.00382
10,mid,2,6,20,0.00,true,0.05050,0.00245,0.04123,1.99097,0.00268,0.3773,0.5250,0.5232,0.00790,0.00183
10,mid,2,6,20,0.10,true,0.05900,0.00263,0.04226,1.98355,0.00287,0.4226,0.4413,0.5402,0.00048,0.00135
10,mid,2,6,20,0.20,true,0.06425,0.00274,0.04694,1.98307,0.00300,0.4728,0.3615,0.5702,0.00000,0.00000
10,mid,2,6,20,0.30,true,0.06725,0.00280,0.05516,1.98842,0.00311,0.5265,0.2872,0.6124,0.00535,0.00130
10,mid,2,6,20,0.40,true,0.06975,0.00285,0.06674,1.99767,0.00323,0.5883,0.2245,0.6670,0.01460,0.00183
10,mid,2,6,20,0.50,true,0.07013,0.00285,0.08156,2.01234,0.00332,0.6519,0.1688,0.7301,0.02927,0.00213
10,mid,2,6,20,0.60,true,0.06800,0.00281,0.09939,2.03257,0.00338,0.7207,0.1241,0.8003,0.04950,0.00239
10,mid,2,6,20,0.70,true,0.06450,0.00275,0.11973,2.05674,0.00342,0.7936,0.0887,0.8762,0.07368,0.00261
10,mid,2,6,20,0.80,true,0.06125,0.00268,0.14239,2.08306,0.00346,0.8754,0.0659,0.9572,0.09999,0.00281
10,mid,2,6,20,0.90,true,0.05700,0.00259,0.16733,2.11272,0.00348,0.9616,0.0493,1.0426,0.12965,0.00301
10,mid,2,6,20,1.00,true,0.05287,0.00250,0.19418,2.14424,0.00349,1.0486,0.0343,1.1318,0.16117,0.00316
10,mid,2,6,20,1.10,true,0.04813,0.00239,0.22176,2.17717,0.00347,1.1372,0.0244,1.2211,0.19410,0.00331
10,mid,2,6,20,1.20,true,0.04512,0.00232,0.25070,2.20978,0.00349,1.2307,0.0171,1.3152,0.22672,0.00348
10,high,2,12,10,0.00,true,0.17087,0.00421,0.00422,1.83340,0.00423,0.2117,0.5985,0.2590,0.04531,0.00343
10,high,2,12,10,0.10,true,0.20363,0.00450,0.00735,1.80379,0.00455,0.2553,0.4398,0.2740,0.01570,0.00240
10,high,2,12,10,0.20,true,0.22650,0.00468,0.01447,1.78809,0.00479,0.3113,0.2975,0.3155,0.00000,0.00000
10,high,2,12,10,0.30,true,0.23800,0.00476,0.02616,1.78837,0.00497,0.3747,0.1860,0.3770,0.00028,0.00223
10,high,2,12,10,0.40,true,0.24000,0.00477,0.04367,1.80404,0.00512,0.4497,0.1107,0.4542,0.01595,0.00296
10,high,2,12,10,0.50,true,0.23550,0.00474,0.06747,1.83257,0.00527,0.5322,0.0616,0.5417,0.04448,0.00347
10,high,2,12,10,0.60,true,0.22925,0.00470,0.09624,1.86790,0.00544,0.6194,0.0334,0.6331,0.07980,0.00381
10,high,2,12,10,0.70,true,0.21912,0.00462,0.13039,1.91256,0.00558,0.7126,0.0165,0.7299,0.12447,0.00414
10,high,2,12,10,0.80,true,0.21075,0.00456,0.16673,1.95774,0.00573,0.8066,0.0076,0.8262,0.16964,0.00441
10,high,2,12,10,0.90,true,0.20200,0.00449,0.20374,2.00401,0.00586,0.8999,0.0034,0.9203,0.21592,0.00465
10,high,2,12,10,1.00,true,0.19162,0.00440,0.24304,2.05430,0.00596,0.9978,0.0019,1.0179,0.26621,0.00486
10,high,2,12,10,1.10,true,0.18038,0.00430,0.28317,2.10638,0.00602,1.0975,0.0009,1.1173,0.31828,0.00505
10,high,2,12,10,1.20,true,0.17313,0.00423,0.32114,2.15236,0.00611,1.1973,0.0003,1.2170,0.36426,0.00522
10,high,2,12,15,0.00,true,0.08925,0.00319,0.02588,1.93698,0.00334,0.3079,0.5523,0.3987,0.00973,0.00181
10,high,2,12,15,0.10,true,0.10562,0.00344,0.03250,1.92725,0.00364,0.3523,0.4461,0.4156,0.00000,0.00000
10,high,2,12,15,0.20,true,0.11388,0.00355,0.04424,1.93083,0.00384,0.4028,0.3467,0.4478,0.00358,0.00173
10,high,2,12,15,0.30,true,0.11775,0.00360,0.06089,1.94376,0.00401,0.4621,0.2661,0.4938,0.01651,0.00225
10,high,2,12,15,0.40,true,0.12337,0.00368,0.08208,1.95955,0.00423,0.5279,0.1988,0.5544,0.03230,0.00279
10,high,2,12,15,0.50,true,0.12550,0.00370,0.10797,1.98361,0.00443,0.5956,0.1382,0.6258,0.05636,0.00317
10,high,2,12,15,0.60,true,0.12212,0.00366,0.13842,2.01783,0.00456,0.6719,0.0948,0.7051,0.09057,0.00349
10,high,2,12,15,0.70,true,0.12012,0.00363,0.17227,2.05415,0.00472,0.7571,0.0661,0.7919,0.12690,0.00378
10,high,2,12,15,0.80,true,0.11675,0.00359,0.20562,2.09138,0.00483,0.8381,0.0460,0.8759,0.16413,0.00401
10,high,2,12,15,0.90,true,0.11300,0.00354,0.24276,2.13288,0.00494,0.9292,0.0311,0.9695,0.20563,0.00419
10,high,2,12,15,1.00,true,0.10925,0.00349,0.27986,2.17442,0.00503,1.0197,0.0195,1.0636,0.24716,0.00437
10,high,2,12,15,1.10,true,0.10512,0.00343,0.31604,2.21546,0.00509,1.1107,0.0124,1.1566,0.28821,0.00450
10,high,2,12,15,1.20,true,0.10013,0.00336,0.35178,2.25701,0.00512,1.2032,0.0082,1.2500,0.32975,0.00463
10,high,2,12,20,0.00,true,0.04713,0.00237,0.07366,2.02765,0.00282,0.4161,0.5272,0.5608,0.00000,0.00000
10,high,2,12,20,0.10,true,0.05362,0.00252,0.08256,2.03009,0.00304,0.4661,0.4581,0.5770,0.00243,0.00131
10,high,2,12,20,0.20,true,0.05738,0.00260,0.09597,2.03986,0.00322,0.5186,0.3912,0.6043,0.01221,0.00174
10,high,2,12,20,0.30,true,0.06075,0.00267,0.11359,2.05430,0.00341,0.5695,0.3226,0.6436,0.02665,0.00215
10,high,2,12,20,0.40,true,0.06137,0.00268,0.13489,2.07525,0.00355,0.6212,0.2577,0.6918,0.04760,0.00249
10,high,2,12,20,0.50,true,0.06450,0.00275,0.16025,2.09784,0.00376,0.6841,0.2020,0.7528,0.07019,0.00284
10,high,2,12,20,0.60,true,0.06663,0.00279,0.18819,2.12409,0.00394,0.7504,0.1544,0.8214,0.09644,0.00318
10,high,2,12,20,0.70,true,0.06650,0.00279,0.21686,2.15338,0.00407,0.8217,0.1224,0.8916,0.12572,0.00341
10,high,2,12,20,0.80,true,0.06600,0.00278,0.24943,2.18705,0.00420,0.8999,0.0917,0.9731,0.15940,0.00366
10,high,2,12,20,0.90,true,0.06475,0.00275,0.28099,2.22049,0.00429,0.9762,0.0690,1.0530,0.19284,0.00383
10,high,2,12,20,1.00,true,0.06100,0.00268,0.31558,2.25959,0.00431,1.0627,0.0523,1.1405,0.23194,0.00397
10,high,2,12,20,1.10,true,0.06062,0.00267,0.34951,2.29472,0.00439,1.1530,0.0397,1.2323,0.26707,0.00412
10,high,2,12,20,1.20,true,0.05825,0.00262,0.38252,2.33101,0.00441,1.2408,0.0289,1.3231,0.30335,0.00421
10,high,2,3,10,0.00,true,0.15013,0.00399,0.00531,1.85525,0.00402,0.1881,0.5658,0.2712,0.03541,0.00415
10,high,2,3,10,0.10,true,0.17913,0.00429,0.00763,1.82860,0.00434,0.2494,0.4165,0.2895,0.00875,0.00272
10,high,2,3,10,0.20,true,0.19425,0.00442,0.01392,1.81985,0.00452,0.3075,0.2836,0.3314,0.00000,0.00000
10,high,2,3,10,0.30,true,0.19962,0.00447,0.02490,1.82559,0.00465,0.3745,0.1838,0.3922,0.00574,0.00251
10,high,2,3,10,0.40,true,0.20162,0.00449,0.04117,1.84008,0.00478,0.4466,0.1130,0.4663,0.02023,0.00334
10,high,2,3,10,0.50,true,0.20087,0.00448,0.06202,1.86199,0.00493,0.5245,0.0690,0.5470,0.04215,0.00382
10,high,2,3,10,0.60,true,0.19387,0.00442,0.09154,1.89900,0.00507,0.6154,0.0360,0.6433,0.07915,0.00422
10,high,2,3,10,0.70,true,0.18513,0.00434,0.12223,1.93897,0.00518,0.7008,0.0201,0.7319,0.11913,0.00454
10,high,2,3,10,0.80,true,0.17700,0.00427,0.15753,1.98307,0.00530,0.7942,0.0109,0.8273,0.16323,0.00485
10,high,2,3,10,0.90,true,0.16850,0.00418,0.19488,2.02971,0.00541,0.8887,0.0053,0.9236,0.20986,0.00512
10,high,2,3,10,1.00,true,0.15850,0.00408,0.23347,2.07918,0.00547,0.9847,0.0031,1.0200,0.25933,0.00533
10,high,2,3,10,1.10,true,0.14950,0.00399,0.27153,2.12719,0.00553,1.0798,0.0015,1.1158,0.30734,0.00546
10,high,2,3,10,1.20,true,0.14200,0.00390,0.31041,2.17462,0.00558,1.1800,0.0004,1.2169,0.35477,0.00559
10,high,2,3,15,0.00,true,0.07462,0.00294,0.03347,1.95930,0.00313,0.2863,0.5492,0.4261,0.00544,0.00273
10,high,2,3,15,0.10,true,0.08575,0.00313,0.03909,1.95386,0.00337,0.3579,0.4386,0.4436,0.00000,0.00000
10,high,2,3,15,0.20,true,0.09087,0.00321,0.04884,1.95863,0.00352,0.4079,0.3534,0.4735,0.00477,0.00218
10,high,2,3,15,0.30,true,0.09275,0.00324,0.06518,1.97335,0.00366,0.4717,0.2713,0.5219,0.01949,0.00293
10,high,2,3,15,0.40,true,0.09838,0.00333,0.08498,1.98785,0.00388,0.5359,0.2059,0.5811,0.03399,0.00351
10,high,2,3,15,0.50,true,0.10013,0.00336,0.10921,2.01076,0.00405,0.6011,0.1475,0.6495,0.05690,0.00393
10,high,2,3,15,0.60,true,0.09888,0.00334,0.13725,2.04059,0.00420,0.6735,0.1038,0.7257,0.08673,0.00422
10,high,2,3,15,0.70,true,0.09588,0.00329,0.16749,2.07445,0.00431,0.7515,0.0760,0.8049,0.12059,0.00446
10,high,2,3,15,0.80,true,0.09613,0.00330,0.19965,2.10707,0.00446,0.8322,0.0523,0.8905,0.15321,0.00468
10,high,2,3,15,0.90,true,0.08925,0.00319,0.23488,2.15001,0.00449,0.9160,0.0340,0.9791,0.19615,0.00482
10,high,2,3,15,1.00,true,0.08450,0.00311,0.26995,2.19074,0.00454,1.0056,0.0254,1.0691,0.23688,0.00492
10,high,2,3,15,1.10,true,0.08025,0.00304,0.30595,2.23199,0.00457,1.0975,0.0175,1.1634,0.27812,0.00501
10,high,2,3,15,1.20,true,0.07650,0.00297,0.34108,2.27193,0.00460,1.1890,0.0114,1.2578,0.31807,0.00507
10,high,2,3,20,0.00,true,0.04038,0.00220,0.09367,2.05476,0.00278,0.4283,0.5283,0.6103,0.00218,0.00217
10,high,2,3,20,0.10,true,0.04888,0.00241,0.09992,2.05258,0.00303,0.4858,0.4630,0.6250,0.00000,0.00000
10,high,2,3,20,0.20,true,0.05275,0.00250,0.11138,2.06036,0.00319,0.5320,0.3934,0.6530,0.00778,0.00190
10,high,2,3,20,0.30,true,0.05500,0.00255,0.12682,2.07385,0.00335,0.5823,0.3287,0.6911,0.02127,0.00262
10,high,2,3,20,0.40,true,0.05625,0.00258,0.14546,2.09162,0.00349,0.6361,0.2707,0.7376,0.03904,0.00304
10,high,2,3,20,0.50,true,0.05613,0.00257,0.16792,2.11470,0.00361,0.6971,0.2204,0.7944,0.06212,0.00337
10,high,2,3,20,0.60,true,0.05613,0.00257,0.19271,2.14008,0.00374,0.7618,0.1772,0.8583,0.08750,0.00363
10,high,2,3,20,0.70,true,0.05600,0.00257,0.21947,2.16763,0.00386,0.8320,0.1431,0.9281,0.11505,0.00386
10,high,2,3,20,0.80,true,0.05525,0.00255,0.24792,2.19759,0.00397,0.9019,0.1117,1.0023,0.14501,0.00404
10,high,2,3,20,0.90,true,0.05488,0.00255,0.27787,2.22876,0.00407,0.9760,0.0841,1.0832,0.17618,0.00421
10,high,2,3,20,1.00,true,0.05450,0.00254,0.30810,2.26029,0.00416,1.0570,0.0665,1.1664,0.20771,0.00435
10,high,2,3,20,1.10,true,0.05175,0.00248,0.33937,2.29536,0.00418,1.1382,0.0496,1.2530,0.24277,0.00443
10,high,2,3,20,1.20,true,0.04938,0.00242,0.36985,2.32930,0.00419,1.2212,0.0371,1.3402,0.27672,0.00453
10,high,2,6,10,0.00,true,0.13875,0.00386,0.00545,1.86676,0.00389,0.2130,0.5562,0.2751,0.03489,0.00313
10,high,2,6,10,0.10,true,0.16262,0.00413,0.00615,1.84362,0.00416,0.2582,0.3945,0.2966,0.01175,0.00216
10,high,2,6,10,0.20,true,0.17838,0.00428,0.01006,1.83187,0.00434,0.3164,0.2634,0.3419,0.00000,0.00000
10,high,2,6,10,0.30,true,0.18413,0.00433,0.01801,1.83424,0.00445,0.3847,0.1653,0.4060,0.00237,0.00182
10,high,2,6,10,0.40,true,0.18225,0.00432,0.03033,1.84872,0.00452,0.4579,0.0945,0.4821,0.01684,0.00250
10,high,2,6,10,0.50,true,0.17863,0.00428,0.04807,1.87049,0.00461,0.5449,0.0554,0.5700,0.03861,0.00292
10,high,2,6,10,0.60,true,0.17125,0.00421,0.06985,1.90017,0.00467,0.6307,0.0296,0.6593,0.06830,0.00322
10,high,2,6,10,0.70,true,0.16325,0.00413,0.09631,1.93531,0.00475,0.7223,0.0143,0.7535,0.10343,0.00351
10,high,2,6,10,0.80,true,0.15363,0.00403,0.12695,1.97640,0.00481,0.8189,0.0069,0.8506,0.14453,0.00377
10,high,2,6,10,0.90,true,0.14513,0.00394,0.16053,2.01948,0.00488,0.9188,0.0037,0.9501,0.18761,0.00401
10,high,2,6,10,1.00,true,0.13487,0.00382,0.19535,2.06566,0.00491,1.0164,0.0020,1.0471,0.23379,0.00422
10,high,2,6,10,1.10,true,0.12175,0.00366,0.23471,2.11954,0.00489,1.1219,0.0007,1.1524,0.28767,0.00443
10,high,2,6,10,1.20,true,0.11125,0.00352,0.27060,2.16734,0.00486,1.2182,0.0003,1.2481,0.33546,0.00464
10,high,2,6,15,0.00,true,0.06600,0.00278,0.03619,1.97066,0.00298,0.3149,0.5397,0.4398,0.00642,0.00212
10,high,2,6,15,0.10,true,0.07350,0.00292,0.03734,1.96442,0.00313,0.3591,0.4387,0.4559,0.00019,0.00157
10,high,2,6,15,0.20,true,0.08000,0.00303,0.04345,1.96423,0.00328,0.4124,0.3470,0.4886,0.00000,0.00000
10,high,2,6,15,0.30,true,0.08525,0.00312,0.05416,1.97000,0.00344,0.4715,0.2682,0.5352,0.00576,0.00137
10,high,2,6,15,0.40,true,0.09037,0.00321,0.06949,1.98062,0.00363,0.5351,0.1972,0.5958,0.01638,0.00200
10,high,2,6,15,0.50,true,0.08825,0.00317,0.08872,2.00250,0.00371,0.6036,0.1429,0.6633,0.03827,0.00239
10,high,2,6,15,0.60,true,0.08737,0.00316,0.11184,2.02716,0.00383,0.6792,0.1016,0.7399,0.06293,0.00267
10,high,2,6,15,0.70,true,0.08438,0.00311,0.13772,2.05682,0.00391,0.7594,0.0728,0.8210,0.09259,0.00295
10,high,2,6,15,0.80,true,0.08000,0.00303,0.16700,2.09142,0.00397,0.8428,0.0480,0.9089,0.12718,0.00324
10,high,2,6,15,0.90,true,0.07337,0.00292,0.19921,2.13136,0.00399,0.9319,0.0313,1.0008,0.16713,0.00347
10,high,2,6,15,1.00,true,0.06975,0.00285,0.23065,2.16759,0.00404,1.0185,0.0192,1.0909,0.20336,0.00365
10,high,2,6,15,1.10,true,0.06513,0.00276,0.26411,2.20701,0.00405,1.1130,0.0130,1.1854,0.24278,0.00377
10,high,2,6,15,1.20,true,0.05925,0.00264,0.29722,2.24744,0.00402,1.2077,0.0102,1.2783,0.28320,0.00390
10,high,2,6,20,0.00,true,0.03637,0.00209,0.09760,2.06276,0.00269,0.4141,0.5235,0.6225,0.00295,0.00117
10,high,2,6,20,0.10,true,0.04225,0.00225,0.10031,2.05981,0.00285,0.4582,0.4473,0.6409,0.00000,0.00000
10,high,2,6,20,0.20,true,0.04462,0.00231,0.10762,2.06507,0.00295,0.5091,0.3768,0.6703,0.00525,0.00116
10,high,2,6,20,0.30,true,0.04688,0.00236,0.11904,2.07466,0.00307,0.5616,0.3096,0.7104,0.01485,0.00158
10,high,2,6,20,0.40,true,0.04913,0.00242,0.13428,2.08819,0.00321,0.6179,0.2466,0.7618,0.02837,0.00198
10,high,2,6,20,0.50,true,0.04788,0.00239,0.15311,2.10893,0.00328,0.6835,0.1978,0.8209,0.04912,0.00228
10,high,2,6,20,0.60,true,0.04650,0.00235,0.17471,2.13268,0.00336,0.7468,0.1497,0.8875,0.07287,0.00257
10,high,2,6,20,0.70,true,0.04512,0.00232,0.19847,2.15871,0.00343,0.8179,0.1144,0.9595,0.09890,0.00279
10,high,2,6,20,0.80,true,0.04275,0.00226,0.22430,2.18792,0.00348,0.8921,0.0851,1.0363,0.12811,0.00297
10,high,2,6,20,0.90,true,0.04050,0.00220,0.25202,2.21903,0.00352,0.9748,0.0657,1.1181,0.15922,0.00318
10,high,2,6,20,1.00,true,0.03787,0.00213,0.28127,2.25218,0.00354,1.0602,0.0495,1.2040,0.19236,0.00336
10,high,2,6,20,1.10,true,0.03425,0.00203,0.31077,2.28666,0.00351,1.1462,0.0377,1.2901,0.22684,0.00350
10,high,2,6,20,1.20,true,0.03163,0.00196,0.34102,2.32100,0.00349,1.2355,0.0276,1.3806,0.26119,0.00363
10,hcp30,2,12,10,0.00,true,0.15438,0.00404,0.06165,1.91101,0.00454,0.4166,0.5945,0.4438,0.00529,0.00199
10,hcp30,2,12,10,0.10,true,0.16800,0.00418,0.06975,1.90571,0.00477,0.4680,0.5185,0.4564,0.00000,0.00000
10,hcp30,2,12,10,0.20,true,0.18163,0.00431,0.08296,1.90588,0.00503,0.5197,0.4379,0.4850,0.00017,0.00204
10,hcp30,2,12,10,0.30,true,0.19412,0.00442,0.10077,1.91213,0.00532,0.5815,0.3673,0.5290,0.00642,0.00295
10,hcp30,2,12,10,0.40,true,0.20037,0.00448,0.12242,1.92878,0.00557,0.6446,0.3025,0.5832,0.02306,0.00359
10,hcp30,2,12,10,0.50,true,0.20713,0.00453,0.14703,1.94819,0.00585,0.7161,0.2486,0.6489,0.04247,0.00415
10,hcp30,2,12,10,0.60,true,0.21013,0.00455,0.17381,1.97378,0.00609,0.7852,0.1986,0.7214,0.06806,0.00463
10,hcp30,2,12,10,0.70,true,0.20950,0.00455,0.20322,2.00597,0.00631,0.8649,0.1621,0.8011,0.10025,0.00504
10,hcp30,2,12,10,0.80,true,0.20750,0.00453,0.23393,2.04111,0.00651,0.9455,0.1300,0.8865,0.13539,0.00545
10,hcp30,2,12,10,0.90,true,0.20400,0.00451,0.26464,2.07793,0.00667,1.0280,0.1063,0.9730,0.17221,0.00582
10,hcp30,2,12,10,1.00,true,0.20000,0.00447,0.29607,2.11627,0.00682,1.1115,0.0841,1.0643,0.21056,0.00612
10,hcp30,2,12,10,1.10,true,0.19587,0.00444,0.32741,2.15491,0.00696,1.1996,0.0670,1.1588,0.24919,0.00639
10,hcp30,2,12,10,1.20,true,0.19125,0.00440,0.35802,2.19353,0.00707,1.2906,0.0543,1.2549,0.28782,0.00662
10,hcp30,2,12,15,0.00,true,0.09012,0.00320,0.14625,2.06629,0.00433,0.6061,0.5516,0.6517,0.00000,0.00000
10,hcp30,2,12,15,0.10,true,0.09775,0.00332,0.15514,2.06788,0.00453,0.6543,0.4946,0.6686,0.00159,0.00158
10,hcp30,2,12,15,0.20,true,0.10750,0.00346,0.16707,2.07071,0.00478,0.7116,0.4437,0.6967,0.00443,0.00228
10,hcp30,2,12,15,0.30,true,0.11163,0.00352,0.18285,2.08339,0.00497,0.7732,0.3969,0.7324,0.01710,0.00285
10,hcp30,2,12,15,0.40,true,0.11812,0.00361,0.20052,2.09585,0.00520,0.8302,0.3484,0.7773,0.02956,0.00337
10,hcp30,2,12,15,0.50,true,0.11937,0.00362,0.22111,2.11683,0.00536,0.8941,0.3072,0.8281,0.05055,0.00381
10,hcp30,2,12,15,0.60,true,0.11850,0.00361,0.24424,2.14284,0.00551,0.9644,0.2707,0.8866,0.07655,0.00421
10,hcp30,2,12,15,0.70,true,0.11987,0.00363,0.26862,2.16810,0.00568,1.0413,0.2400,0.9528,0.10182,0.00461
10,hcp30,2,12,15,0.80,true,0.11887,0.00362,0.29337,2.19631,0.00581,1.1118,0.2110,1.0211,0.13002,0.00501
10,hcp30,2,12,15,0.90,true,0.11950,0.00363,0.31978,2.22492,0.00596,1.1816,0.1773,1.0995,0.15864,0.00537
10,hcp30,2,12,15,1.00,true,0.11862,0.00362,0.34600,2.25505,0.00608,1.2582,0.1525,1.1799,0.18876,0.00569
10,hcp30,2,12,15,1.10,true,0.11737,0.00360,0.37179,2.28529,0.00618,1.3355,0.1310,1.2624,0.21900,0.00597
10,hcp30,2,12,15,1.20,true,0.11300,0.00354,0.39729,2.31852,0.00621,1.4128,0.1141,1.3432,0.25223,0.00618
10,hcp30,2,12,20,0.00,true,0.05575,0.00257,0.23961,2.20300,0.00431,0.8277,0.5263,0.8833,0.00000,0.00000
10,hcp30,2,12,20,0.10,true,0.05775,0.00261,0.24712,2.20896,0.00441,0.8839,0.4906,0.8994,0.00596,0.00128
10,hcp30,2,12,20,0.20,true,0.06062,0.00267,0.25706,2.21678,0.00455,0.9392,0.4531,0.9240,0.01379,0.00189
10,hcp30,2,12,20,0.30,true,0.06338,0.00272,0.26911,2.22715,0.00469,0.9975,0.4183,0.9552,0.02415,0.00238
10,hcp30,2,12,20,0.40,true,0.06400,0.00274,0.28325,2.24203,0.00479,1.0600,0.3874,0.9916,0.03903,0.00284
10,hcp30,2,12,20,0.50,true,0.06625,0.00278,0.29949,2.25774,0.00494,1.1228,0.3535,1.0375,0.05474,0.00332
10,hcp30,2,12,20,0.60,true,0.06688,0.00279,0.31664,2.27622,0.00505,1.1792,0.3192,1.0867,0.07322,0.00372
10,hcp30,2,12,20,0.70,true,0.06688,0.00279,0.33440,2.29611,0.00515,1.2367,0.2887,1.1393,0.09311,0.00410
10,hcp30,2,12,20,0.80,true,0.06800,0.00281,0.35407,2.31721,0.00527,1.3034,0.2593,1.2018,0.11421,0.00448
10,hcp30,2,12,20,0.90,true,0.06713,0.00280,0.37339,2.34003,0.00535,1.3690,0.2348,1.2639,0.13703,0.00479
10,hcp30,2,12,20,1.00,true,0.06638,0.00278,0.39456,2.36499,0.00542,1.4364,0.2079,1.3349,0.16200,0.00511
10,hcp30,2,12,20,1.10,true,0.06563,0.00277,0.41629,2.39078,0.00549,1.5089,0.1842,1.4109,0.18778,0.00541
10,hcp30,2,12,20,1.20,true,0.06488,0.00275,0.43775,2.41639,0.00555,1.5866,0.1660,1.4882,0.21339,0.00569
10,hcp30,2,3,10,0.00,true,0.11200,0.00353,0.07613,1.96900,0.00412,0.3372,0.5548,0.4520,0.02065,0.00427
10,hcp30,2,3,10,0.10,true,0.13750,0.00385,0.08112,1.94882,0.00450,0.4402,0.4812,0.4682,0.00047,0.00278
10,hcp30,2,3,10,0.20,true,0.15063,0.00400,0.09293,1.94834,0.00476,0.5015,0.4053,0.5001,0.00000,0.00000
10,hcp30,2,3,10,0.30,true,0.16187,0.00412,0.11044,1.95594,0.00505,0.5712,0.3420,0.5475,0.00760,0.00253
10,hcp30,2,3,10,0.40,true,0.16812,0.00418,0.13057,1.97140,0.00528,0.6303,0.2822,0.6002,0.02306,0.00359
10,hcp30,2,3,10,0.50,true,0.16800,0.00418,0.15424,1.99718,0.00547,0.6964,0.2357,0.6599,0.04884,0.00424
10,hcp30,2,3,10,0.60,true,0.16475,0.00415,0.18567,2.03462,0.00566,0.7777,0.1904,0.7385,0.08628,0.00488
10,hcp30,2,3,10,0.70,true,0.16250,0.00412,0.21528,2.06922,0.00584,0.8514,0.1573,0.8136,0.12088,0.00543
10,hcp30,2,3,10,0.80,true,0.16000,0.00410,0.24688,2.10644,0.00601,0.9291,0.1271,0.8959,0.15810,0.00580
10,hcp30,2,3,10,0.90,true,0.15625,0.00406,0.27948,2.14620,0.00615,1.0103,0.1027,0.9822,0.19786,0.00612
10,hcp30,2,3,10,1.00,true,0.15163,0.00401,0.31265,2.18771,0.00627,1.0962,0.0834,1.0730,0.23936,0.00642
10,hcp30,2,3,10,1.10,true,0.14438,0.00393,0.34518,2.23141,0.00633,1.1812,0.0684,1.1625,0.28307,0.00657
10,hcp30,2,3,10,1.20,true,0.14025,0.00388,0.37824,2.27285,0.00641,1.2727,0.0544,1.2608,0.32451,0.00678
10,hcp30,2,3,15,0.00,true,0.06125,0.00268,0.17150,2.12302,0.00401,0.4416,0.5386,0.6712,0.00759,0.00325
10,hcp30,2,3,15,0.10,true,0.07450,0.00294,0.17676,2.11544,0.00429,0.6158,0.4761,0.6872,0.00000,0.00000
10,hcp30,2,3,15,0.20,true,0.08213,0.00307,0.18737,2.11937,0.00450,0.6855,0.4306,0.7156,0.00394,0.00265
10,hcp30,2,3,15,0.30,true,0.08712,0.00315,0.20332,2.13183,0.00470,0.7588,0.3816,0.7570,0.01640,0.00359
10,hcp30,2,3,15,0.40,true,0.08925,0.00319,0.22117,2.14933,0.00485,0.8262,0.3407,0.8025,0.03390,0.00425
10,hcp30,2,3,15,0.50,true,0.08737,0.00316,0.24178,2.17396,0.00494,0.8914,0.3024,0.8529,0.05852,0.00472
10,hcp30,2,3,15,0.60,true,0.08825,0.00317,0.26383,2.19753,0.00508,0.9560,0.2658,0.9103,0.08210,0.00508
10,hcp30,2,3,15,0.70,true,0.08712,0.00315,0.28801,2.22562,0.00519,1.0243,0.2331,0.9742,0.11018,0.00538
10,hcp30,2,3,15,0.80,true,0.08675,0.00315,0.31257,2.25354,0.00531,1.0939,0.2034,1.0428,0.13810,0.00567
10,hcp30,2,3,15,0.90,true,0.08438,0.00311,0.33953,2.28629,0.00539,1.1704,0.1773,1.1189,0.17086,0.00591
10,hcp30,2,3,15,1.00,true,0.08388,0.00310,0.36548,2.31628,0.00549,1.2440,0.1524,1.1979,0.20084,0.00613
10,hcp30,2,3,15,1.10,true,0.07812,0.00300,0.39288,2.35333,0.00548,1.3217,0.1327,1.2779,0.23790,0.00624
10,hcp30,2,3,15,1.20,true,0.07612,0.00297,0.41849,2.38489,0.00552,1.3983,0.1142,1.3607,0.26945,0.00637
10,hcp30,2,3,20,0.00,true,0.04462,0.00231,0.26781,2.24587,0.00423,0.5941,0.5292,0.9045,0.00000,0.00000
10,hcp30,2,3,20,0.10,true,0.05063,0.00245,0.27366,2.24631,0.00440,0.8146,0.4837,0.9219,0.00044,0.00277
10,hcp30,2,3,20,0.20,true,0.05237,0.00249,0.28304,2.25496,0.00448,0.8905,0.4455,0.9464,0.00909,0.00358
10,hcp30,2,3,20,0.30,true,0.05200,0.00248,0.29493,2.26861,0.00453,0.9536,0.4076,0.9775,0.02274,0.00398
10,hcp30,2,3,20,0.40,true,0.05350,0.00252,0.30939,2.28332,0.00463,1.0230,0.3748,1.0183,0.03745,0.00429
10,hcp30,2,3,20,0.50,true,0.05412,0.00253,0.32554,2.30096,0.00472,1.0928,0.3449,1.0649,0.05509,0.00453
10,hcp30,2,3,20,0.60,true,0.05362,0.00252,0.34264,2.32087,0.00478,1.1518,0.3120,1.1147,0.07501,0.00481
10,hcp30,2,3,20,0.70,true,0.05212,0.00249,0.36025,2.34256,0.00483,1.2137,0.2833,1.1678,0.09669,0.00503
10,hcp30,2,3,20,0.80,true,0.05162,0.00247,0.37915,2.36483,0.00489,1.2844,0.2589,1.2280,0.11896,0.00526
10,hcp30,2,3,20,0.90,true,0.05200,0.00248,0.39878,2.38722,0.00497,1.3537,0.2340,1.2940,0.14135,0.00548
10,hcp30,2,3,20,1.00,true,0.05200,0.00248,0.41846,2.41022,0.00504,1.4258,0.2127,1.3624,0.16435,0.00569
10,hcp30,2,3,20,1.10,true,0.05000,0.00244,0.43850,2.43578,0.00506,1.4929,0.1908,1.4321,0.18991,0.00588
10,hcp30,2,3,20,1.20,true,0.04763,0.00238,0.45815,2.46148,0.00506,1.5617,0.1719,1.5030,0.21561,0.00602
10,hcp30,2,6,10,0.00,true,0.12100,0.00365,0.06889,1.95181,0.00417,0.4198,0.5523,0.4524,0.00788,0.00197
10,hcp30,2,6,10,0.10,true,0.13237,0.00379,0.07183,1.94393,0.00435,0.4718,0.4727,0.4721,0.00000,0.00000
10,hcp30,2,6,10,0.20,true,0.14175,0.00390,0.08049,1.94421,0.00454,0.5257,0.3940,0.5065,0.00028,0.00183
10,hcp30,2,6,10,0.30,true,0.15025,0.00399,0.09422,1.95087,0.00476,0.5923,0.3282,0.5558,0.00694,0.00267
10,hcp30,2,6,10,0.40,true,0.15275,0.00402,0.11226,1.96823,0.00494,0.6578,0.2684,0.6139,0.02430,0.00324
10,hcp30,2,6,10,0.50,true,0.15538,0.00405,0.13461,1.99024,0.00515,0.7313,0.2158,0.6850,0.04631,0.00382
10,hcp30,2,6,10,0.60,true,0.15413,0.00404,0.15905,2.01849,0.00532,0.8061,0.1753,0.7592,0.07456,0.00429
10,hcp30,2,6,10,0.70,true,0.14900,0.00398,0.18633,2.05387,0.00545,0.8848,0.1429,0.8387,0.10994,0.00468
10,hcp30,2,6,10,0.80,true,0.14275,0.00391,0.21672,2.09393,0.00557,0.9644,0.1102,0.9264,0.15000,0.00512
10,hcp30,2,6,10,0.90,true,0.13687,0.00384,0.24843,2.13527,0.00568,1.0546,0.0896,1.0188,0.19134,0.00550
10,hcp30,2,6,10,1.00,true,0.13050,0.00377,0.28053,2.17773,0.00576,1.1420,0.0703,1.1130,0.23379,0.00585
10,hcp30,2,6,10,1.10,true,0.12112,0.00365,0.31576,2.22690,0.00578,1.2405,0.0567,1.2148,0.28297,0.00619
10,hcp30,2,6,10,1.20,true,0.11338,0.00354,0.34606,2.26914,0.00578,1.3288,0.0484,1.3047,0.32520,0.00639
10,hcp30,2,6,15,0.00,true,0.06513,0.00276,0.16876,2.11497,0.00400,0.6223,0.5364,0.6895,0.00000,0.00000
10,hcp30,2,6,15,0.10,true,0.06713,0.00280,0.17129,2.11628,0.00406,0.6743,0.4864,0.7049,0.00131,0.00128
10,hcp30,2,6,15,0.20,true,0.07175,0.00289,0.17796,2.11951,0.00420,0.7292,0.4340,0.7335,0.00454,0.00207
10,hcp30,2,6,15,0.30,true,0.07250,0.00290,0.18807,2.13040,0.00429,0.7874,0.3877,0.7681,0.01543,0.00259
10,hcp30,2,6,15,0.40,true,0.07450,0.00294,0.20164,2.14389,0.00442,0.8529,0.3456,0.8133,0.02892,0.00318
10,hcp30,2,6,15,0.50,true,0.07562,0.00296,0.21760,2.16096,0.00455,0.9171,0.3057,0.8649,0.04599,0.00367
10,hcp30,2,6,15,0.60,true,0.07525,0.00295,0.23608,2.18238,0.00467,0.9855,0.2698,0.9232,0.06741,0.00411
10,hcp30,2,6,15,0.70,true,0.07462,0.00294,0.25623,2.20597,0.00478,1.0508,0.2349,0.9864,0.09099,0.00453
10,hcp30,2,6,15,0.80,true,0.07412,0.00293,0.27893,2.23237,0.00489,1.1262,0.2047,1.0592,0.11740,0.00501
10,hcp30,2,6,15,0.90,true,0.07237,0.00290,0.30260,2.26127,0.00498,1.2023,0.1777,1.1352,0.14629,0.00538
10,hcp30,2,6,15,1.00,true,0.07037,0.00286,0.32560,2.28975,0.00505,1.2760,0.1552,1.2106,0.17478,0.00568
10,hcp30,2,6,15,1.10,true,0.06775,0.00281,0.35005,2.32065,0.00510,1.3569,0.1361,1.2920,0.20568,0.00595
10,hcp30,2,6,15,1.20,true,0.06438,0.00274,0.37389,2.35173,0.00511,1.4320,0.1176,1.3726,0.23676,0.00618
10,hcp30,2,6,20,0.00,true,0.03975,0.00218,0.25688,2.23727,0.00396,0.8217,0.5190,0.9052,0.00000,0.00000
10,hcp30,2,6,20,0.10,true,0.04275,0.00226,0.25987,2.23821,0.00405,0.8720,0.4790,0.9237,0.00094,0.00116
10,hcp30,2,6,20,0.20,true,0.04362,0.00228,0.26572,2.24448,0.00411,0.9250,0.4398,0.9488,0.00721,0.00179
10,hcp30,2,6,20,0.30,true,0.04487,0.00231,0.27399,2.25310,0.00420,0.9894,0.4081,0.9810,0.01583,0.00229
10,hcp30,2,6,20,0.40,true,0.04525,0.00232,0.28465,2.26532,0.00427,1.0397,0.3676,1.0202,0.02805,0.00281
10,hcp30,2,6,20,0.50,true,0.04462,0.00231,0.29773,2.28132,0.00433,1.1062,0.3365,1.0665,0.04405,0.00331
10,hcp30,2,6,20,0.60,true,0.04325,0.00227,0.31202,2.29949,0.00438,1.1652,0.3039,1.1163,0.06222,0.00372
10,hcp30,2,6,20,0.70,true,0.04350,0.00228,0.32748,2.31743,0.00447,1.2270,0.2734,1.1725,0.08016,0.00411
10,hcp30,2,6,20,0.80,true,0.04387,0.00229,0.34436,2.33694,0.00456,1.2953,0.2463,1.2353,0.09968,0.00451
10,hcp30,2,6,20,0.90,true,0.04238,0.00225,0.36167,2.35891,0.00460,1.3650,0.2235,1.2990,0.12164,0.00479
10,hcp30,2,6,20,1.00,true,0.04288,0.00226,0.37992,2.38007,0.00469,1.4371,0.2007,1.3699,0.14280,0.00510
10,hcp30,2,6,20,1.10,true,0.03887,0.00216,0.39909,2.40682,0.00465,1.5049,0.1800,1.4390,0.16955,0.00534
10,hcp30,2,6,20,1.20,true,0.03675,0.00210,0.41833,2.43196,0.00466,1.5727,0.1588,1.5130,0.19469,0.00556
10,tour,3,12,10,0.00,true,0.34013,0.00530,0.00009,1.65997,0.00530,0.1663,0.6774,0.1928,0.15359,0.00550
10,tour,3,12,10,0.10,true,0.43012,0.00554,0.00033,1.57021,0.00554,0.2171,0.4718,0.2082,0.06383,0.00460
10,tour,3,12,10,0.20,true,0.48113,0.00559,0.00101,1.51989,0.00560,0.2807,0.2799,0.2594,0.01351,0.00355
10,tour,3,12,10,0.30,true,0.49625,0.00559,0.00270,1.50645,0.00562,0.3538,0.1387,0.3378,0.00008,0.00232
10,tour,3,12,10,0.40,true,0.49962,0.00559,0.00600,1.50638,0.00566,0.4362,0.0512,0.4335,0.00000,0.00000
10,tour,3,12,10,0.50,true,0.48750,0.00559,0.01147,1.52397,0.00572,0.5240,0.0210,0.5263,0.01760,0.00181
10,tour,3,12,10,0.60,true,0.47425,0.00558,0.01986,1.54561,0.00581,0.6169,0.0081,0.6219,0.03923,0.00241
10,tour,3,12,10,0.70,true,0.45913,0.00557,0.03202,1.57290,0.00592,0.7146,0.0023,0.7210,0.06653,0.00285
10,tour,3,12,10,0.80,true,0.44075,0.00555,0.04894,1.60821,0.00607,0.8205,0.0004,0.8270,0.10183,0.00328
10,tour,3,12,10,0.90,true,0.42775,0.00553,0.06603,1.63830,0.00621,0.9111,0.0000,0.9173,0.13192,0.00356
10,tour,3,12,10,1.00,true,0.41275,0.00550,0.08748,1.67476,0.00637,1.0120,0.0000,1.0177,0.16838,0.00389
10,tour,3,12,10,1.10,true,0.39963,0.00548,0.11032,1.71073,0.00654,1.1116,0.0000,1.1170,0.20435,0.00416
10,tour,3,12,10,1.20,true,0.38625,0.00544,0.13465,1.74845,0.00670,1.2119,0.0000,1.2169,0.24207,0.00444
10,tour,3,12,15,0.00,true,0.22200,0.00465,0.00109,1.77909,0.00465,0.2461,0.6080,0.2780,0.08650,0.00456
10,tour,3,12,15,0.10,true,0.25925,0.00490,0.00217,1.74292,0.00492,0.2893,0.4720,0.2888,0.05033,0.00394
10,tour,3,12,15,0.20,true,0.29075,0.00508,0.00440,1.71365,0.00511,0.3423,0.3377,0.3250,0.02106,0.00317
10,tour,3,12,15,0.30,true,0.30988,0.00517,0.00827,1.69840,0.00524,0.4091,0.2333,0.3834,0.00580,0.00218
10,tour,3,12,15,0.40,true,0.32212,0.00522,0.01471,1.69259,0.00535,0.4809,0.1385,0.4628,0.00000,0.00000
10,tour,3,12,15,0.50,true,0.31975,0.00521,0.02392,1.70417,0.00542,0.5622,0.0832,0.5495,0.01158,0.00192
10,tour,3,12,15,0.60,true,0.31662,0.00520,0.03489,1.71828,0.00550,0.6413,0.0505,0.6345,0.02569,0.00250
10,tour,3,12,15,0.70,true,0.30825,0.00516,0.05017,1.74193,0.00559,0.7318,0.0293,0.7298,0.04934,0.00296
10,tour,3,12,15,0.80,true,0.30075,0.00513,0.06946,1.76873,0.00571,0.8290,0.0129,0.8336,0.07613,0.00327
10,tour,3,12,15,0.90,true,0.28987,0.00507,0.08915,1.79930,0.00580,0.9174,0.0067,0.9241,0.10671,0.00355
10,tour,3,12,15,1.00,true,0.28187,0.00503,0.11219,1.83035,0.00592,1.0150,0.0031,1.0231,0.13776,0.00378
10,tour,3,12,15,1.10,true,0.26925,0.00496,0.13779,1.86860,0.00601,1.1138,0.0017,1.1219,0.17601,0.00405
10,tour,3,12,15,1.20,true,0.26000,0.00490,0.16453,1.90460,0.00612,1.2140,0.0005,1.2227,0.21201,0.00427
10,tour,3,12,20,0.00,true,0.14613,0.00395,0.00472,1.85860,0.00398,0.3233,0.5689,0.3683,0.03564,0.00361
10,tour,3,12,20,0.10,true,0.16412,0.00414,0.00713,1.84300,0.00419,0.3645,0.4660,0.3790,0.02005,0.00312
10,tour,3,12,20,0.20,true,0.18075,0.00430,0.01134,1.83059,0.00438,0.4191,0.3729,0.4081,0.00764,0.00252
10,tour,3,12,20,0.30,true,0.19425,0.00442,0.01763,1.82338,0.00455,0.4781,0.2882,0.4537,0.00043,0.00183
10,tour,3,12,20,0.40,true,0.20363,0.00450,0.02657,1.82295,0.00469,0.5418,0.2106,0.5153,0.00000,0.00000
10,tour,3,12,20,0.50,true,0.20425,0.00451,0.03789,1.83365,0.00478,0.6115,0.1547,0.5847,0.01070,0.00161
10,tour,3,12,20,0.60,true,0.20850,0.00454,0.05229,1.84381,0.00493,0.6887,0.1063,0.6680,0.02085,0.00232
10,tour,3,12,20,0.70,true,0.20713,0.00453,0.06833,1.86123,0.00503,0.7626,0.0703,0.7507,0.03828,0.00271
10,tour,3,12,20,0.80,true,0.20237,0.00449,0.08782,1.88548,0.00512,0.8457,0.0447,0.8414,0.06252,0.00303
10,tour,3,12,20,0.90,true,0.19887,0.00446,0.10922,1.91039,0.00523,0.9353,0.0301,0.9348,0.08743,0.00329
10,tour,3,12,20,1.00,true,0.19412,0.00442,0.13283,1.93877,0.00533,1.0252,0.0171,1.0311,0.11581,0.00349
10,tour,3,12,20,1.10,true,0.18937,0.00438,0.15784,1.96854,0.00543,1.1192,0.0099,1.1285,0.14558,0.00368
10,tour,3,12,20,1.20,true,0.18388,0.00433,0.18408,2.00030,0.00552,1.2155,0.0058,1.2266,0.17735,0.00387
10,tour,3,3,10,0.00,true,0.19437,0.00442,0.00011,1.80574,0.00442,0.1000,0.5809,0.2055,0.14759,0.00597
10,tour,3,3,10,0.10,true,0.28437,0.00504,0.00025,1.71588,0.00505,0.2011,0.3857,0.2275,0.05773,0.00501
10,tour,3,3,10,0.20,true,0.32212,0.00522,0.00076,1.67863,0.00523,0.2631,0.2386,0.2756,0.02049,0.00390
10,tour,3,3,10,0.30,true,0.34250,0.00531,0.00216,1.65966,0.00532,0.3307,0.1234,0.3474,0.00152,0.00258
10,tour,3,3,10,0.40,true,0.34700,0.00532,0.00514,1.65815,0.00537,0.4098,0.0567,0.4327,0.00000,0.00000
10,tour,3,3,10,0.50,true,0.34425,0.00531,0.01018,1.66593,0.00540,0.4913,0.0254,0.5182,0.00779,0.00239
10,tour,3,3,10,0.60,true,0.33887,0.00529,0.01846,1.67959,0.00545,0.5820,0.0117,0.6109,0.02145,0.00319
10,tour,3,3,10,0.70,true,0.33300,0.00527,0.03007,1.69708,0.00553,0.6744,0.0036,0.7055,0.03894,0.00369
10,tour,3,3,10,0.80,true,0.32550,0.00524,0.04657,1.72109,0.00563,0.7777,0.0011,0.8096,0.06295,0.00414
10,tour,3,3,10,0.90,true,0.31675,0.00520,0.06475,1.74803,0.00574,0.8693,0.0000,0.9028,0.08989,0.00454
10,tour,3,3,10,1.00,true,0.30800,0.00516,0.08694,1.77899,0.00586,0.9660,0.0000,1.0004,0.12085,0.00487
10,tour,3,3,10,1.10,true,0.29862,0.00512,0.11179,1.81324,0.00600,1.0631,0.0000,1.0988,0.15509,0.00519
10,tour,3,3,10,1.20,true,0.28600,0.00505,0.13889,1.85299,0.00611,1.1601,0.0000,1.1971,0.19484,0.00546
10,tour,3,3,15,0.00,true,0.11500,0.00357,0.00171,1.88671,0.00357,0.1466,0.5620,0.2985,0.07511,0.00541
10,tour,3,3,15,0.10,true,0.15563,0.00405,0.00237,1.84674,0.00407,0.2653,0.4139,0.3159,0.03515,0.00481
10,tour,3,3,15,0.20,true,0.17888,0.00428,0.00417,1.82529,0.00431,0.3288,0.3017,0.3547,0.01370,0.00422
10,tour,3,3,15,0.30,true,0.19300,0.00441,0.00761,1.81461,0.00446,0.3912,0.2103,0.4096,0.00302,0.00345
10,tour,3,3,15,0.40,true,0.20112,0.00448,0.01329,1.81217,0.00457,0.4594,0.1389,0.4787,0.00058,0.00241
10,tour,3,3,15,0.50,true,0.20988,0.00455,0.02146,1.81160,0.00470,0.5319,0.0859,0.5573,0.00000,0.00000
10,tour,3,3,15,0.60,true,0.20900,0.00455,0.03291,1.82393,0.00477,0.6112,0.0520,0.6417,0.01233,0.00223
10,tour,3,3,15,0.70,true,0.20663,0.00453,0.04734,1.84074,0.00485,0.6935,0.0303,0.7288,0.02914,0.00304
10,tour,3,3,15,0.80,true,0.19762,0.00445,0.06503,1.86744,0.00489,0.7777,0.0168,0.8167,0.05585,0.00358
10,tour,3,3,15,0.90,true,0.19737,0.00445,0.08627,1.88895,0.00503,0.8715,0.0089,0.9134,0.07735,0.00407
10,tour,3,3,15,1.00,true,0.19162,0.00440,0.11029,1.91874,0.00512,0.9657,0.0048,1.0093,0.10714,0.00443
10,tour,3,3,15,1.10,true,0.18413,0.00433,0.13663,1.95260,0.00519,1.0607,0.0023,1.1060,0.14101,0.00475
10,tour,3,3,15,1.20,true,0.17950,0.00429,0.16307,1.98370,0.00529,1.1544,0.0015,1.2003,0.17211,0.00500
10,tour,3,3,20,0.00,true,0.08538,0.00312,0.00737,1.92200,0.00316,0.1957,0.5453,0.3957,0.03281,0.00438
10,tour,3,3,20,0.10,true,0.10600,0.00344,0.00875,1.90276,0.00349,0.3226,0.4340,0.4089,0.01357,0.00357
10,tour,3,3,20,0.20,true,0.12125,0.00365,0.01209,1.89084,0.00372,0.3959,0.3432,0.4425,0.00165,0.00249
10,tour,3,3,20,0.30,true,0.12837,0.00374,0.01756,1.88919,0.00384,0.4610,0.2692,0.4887,0.00000,0.00000
10,tour,3,3,20,0.40,true,0.13437,0.00381,0.02528,1.89091,0.00397,0.5205,0.1993,0.5454,0.00172,0.00241
10,tour,3,3,20,0.50,true,0.14188,0.00390,0.03593,1.89407,0.00413,0.5898,0.1446,0.6161,0.00488,0.00335
10,tour,3,3,20,0.60,true,0.14288,0.00391,0.04894,1.90609,0.00422,0.6601,0.1046,0.6891,0.01690,0.00380
10,tour,3,3,20,0.70,true,0.14213,0.00390,0.06572,1.92364,0.00432,0.7379,0.0724,0.7722,0.03445,0.00419
10,tour,3,3,20,0.80,true,0.13975,0.00388,0.08467,1.94498,0.00440,0.8180,0.0506,0.8563,0.05579,0.00450
10,tour,3,3,20,0.90,true,0.13650,0.00384,0.10648,1.97006,0.00449,0.9018,0.0340,0.9449,0.08087,0.00476
10,tour,3,3,20,1.00,true,0.13362,0.00380,0.13071,1.99718,0.00458,0.9901,0.0219,1.0380,0.10799,0.00496
10,tour,3,3,20,1.10,true,0.12950,0.00375,0.15585,2.02649,0.00465,1.0777,0.0144,1.1288,0.13730,0.00509
10,tour,3,3,20,1.20,true,0.12512,0.00370,0.18246,2.05751,0.00471,1.1697,0.0106,1.2221,0.16831,0.00522
10,tour,3,6,10,0.00,true,0.24863,0.00483,0.00012,1.75150,0.00483,0.1664,0.5982,0.2032,0.10850,0.00462
10,tour,3,6,10,0.10,true,0.30775,0.00516,0.00007,1.69232,0.00516,0.2179,0.4063,0.2227,0.04933,0.00369
10,tour,3,6,10,0.20,true,0.34513,0.00532,0.00016,1.65504,0.00532,0.2785,0.2281,0.2762,0.01204,0.00258
10,tour,3,6,10,0.30,true,0.35750,0.00536,0.00050,1.64300,0.00536,0.3509,0.1043,0.3543,0.00000,0.00000
10,tour,3,6,10,0.40,true,0.35163,0.00534,0.00131,1.64969,0.00535,0.4335,0.0443,0.4419,0.00669,0.00202
10,tour,3,6,10,0.50,true,0.33987,0.00530,0.00310,1.66323,0.00532,0.5283,0.0157,0.5404,0.02023,0.00263
10,tour,3,6,10,0.60,true,0.32362,0.00523,0.00627,1.68265,0.00528,0.6246,0.0059,0.6372,0.03966,0.00301
10,tour,3,6,10,0.70,true,0.30762,0.00516,0.01131,1.70371,0.00525,0.7223,0.0027,0.7341,0.06072,0.00331
10,tour,3,6,10,0.80,true,0.28687,0.00506,0.01933,1.73250,0.00520,0.8276,0.0009,0.8389,0.08950,0.00363
10,tour,3,6,10,0.90,true,0.26963,0.00496,0.02930,1.75975,0.00518,0.9247,0.0000,0.9356,0.11675,0.00387
10,tour,3,6,10,1.00,true,0.25138,0.00485,0.04206,1.79080,0.00514,1.0242,0.0000,1.0343,0.14780,0.00411
10,tour,3,6,10,1.10,true,0.22775,0.00469,0.05772,1.83015,0.00507,1.1237,0.0000,1.1331,0.18715,0.00439
10,tour,3,6,10,1.20,true,0.20225,0.00449,0.07711,1.87512,0.00496,1.2297,0.0000,1.2385,0.23212,0.00467
10,tour,3,6,15,0.00,true,0.14238,0.00391,0.00156,1.85918,0.00391,0.2389,0.5552,0.2954,0.05286,0.00385
10,tour,3,6,15,0.10,true,0.16800,0.00418,0.00118,1.83318,0.00419,0.2882,0.4246,0.3121,0.02686,0.00333
10,tour,3,6,15,0.20,true,0.18313,0.00432,0.00146,1.81834,0.00433,0.3421,0.3001,0.3503,0.01202,0.00270
10,tour,3,6,15,0.30,true,0.19250,0.00441,0.00252,1.81003,0.00442,0.4066,0.2005,0.4084,0.00370,0.00197
10,tour,3,6,15,0.40,true,0.19825,0.00446,0.00456,1.80632,0.00449,0.4803,0.1241,0.4838,0.00000,0.00000
10,tour,3,6,15,0.50,true,0.19612,0.00444,0.00791,1.81180,0.00449,0.5600,0.0746,0.5670,0.00548,0.00156
10,tour,3,6,15,0.60,true,0.19075,0.00439,0.01291,1.82218,0.00447,0.6438,0.0437,0.6545,0.01586,0.00204
10,tour,3,6,15,0.70,true,0.17963,0.00429,0.02022,1.84064,0.00441,0.7351,0.0229,0.7499,0.03432,0.00247
10,tour,3,6,15,0.80,true,0.16887,0.00419,0.02972,1.86092,0.00436,0.8305,0.0141,0.8454,0.05460,0.00275
10,tour,3,6,15,0.90,true,0.15600,0.00406,0.04172,1.88584,0.00430,0.9266,0.0081,0.9423,0.07952,0.00305
10,tour,3,6,15,1.00,true,0.14525,0.00394,0.05623,1.91116,0.00425,1.0251,0.0026,1.0431,0.10484,0.00332
10,tour,3,6,15,1.10,true,0.13275,0.00379,0.07333,1.94083,0.00418,1.1267,0.0006,1.1449,0.13451,0.00354
10,tour,3,6,15,1.20,true,0.12012,0.00363,0.09157,1.97179,0.00410,1.2244,0.0003,1.2416,0.16547,0.00373
10,tour,3,6,20,0.00,true,0.09312,0.00325,0.00643,1.91330,0.00328,0.3203,0.5315,0.3958,0.02770,0.00304
10,tour,3,6,20,0.10,true,0.10650,0.00345,0.00559,1.89910,0.00348,0.3655,0.4331,0.4106,0.01349,0.00267
10,tour,3,6,20,0.20,true,0.11450,0.00356,0.00607,1.89158,0.00359,0.4188,0.3412,0.4421,0.00597,0.00228
10,tour,3,6,20,0.30,true,0.12175,0.00366,0.00786,1.88612,0.00370,0.4766,0.2570,0.4897,0.00052,0.00158
10,tour,3,6,20,0.40,true,0.12550,0.00370,0.01108,1.88560,0.00376,0.5420,0.1887,0.5506,0.00000,0.00000
10,tour,3,6,20,0.50,true,0.12625,0.00371,0.01602,1.88981,0.00380,0.6134,0.1339,0.6223,0.00421,0.00140
10,tour,3,6,20,0.60,true,0.12525,0.00370,0.02273,1.89754,0.00383,0.6897,0.0905,0.7028,0.01193,0.00199
10,tour,3,6,20,0.70,true,0.12112,0.00365,0.03142,1.91039,0.00382,0.7727,0.0624,0.7879,0.02479,0.00228
10,tour,3,6,20,0.80,true,0.11438,0.00356,0.04222,1.92798,0.00379,0.8571,0.0399,0.8770,0.04238,0.00256
10,tour,3,6,20,0.90,true,0.10662,0.00345,0.05513,1.94869,0.00374,0.9478,0.0266,0.9696,0.06309,0.00280
10,tour,3,6,20,1.00,true,0.09838,0.00333,0.07047,1.97235,0.00369,1.0409,0.0153,1.0666,0.08675,0.00301
10,tour,3,6,20,1.10,true,0.09025,0.00320,0.08720,1.99729,0.00364,1.1346,0.0087,1.1622,0.11169,0.00320
10,tour,3,6,20,1.20,true,0.08075,0.00305,0.10595,2.02566,0.00355,1.2344,0.0069,1.2600,0.14005,0.00341
10,scratch,3,12,10,0.00,true,0.29675,0.00511,0.00027,1.70352,0.00511,0.1796,0.6504,0.2069,0.13179,0.00494
10,scratch,3,12,10,0.10,true,0.37475,0.00541,0.00076,1.62601,0.00542,0.2278,0.4596,0.2227,0.05428,0.00396
10,scratch,3,12,10,0.20,true,0.41625,0.00551,0.00211,1.58586,0.00553,0.2888,0.2852,0.2703,0.01413,0.00265
10,scratch,3,12,10,0.30,true,0.43338,0.00554,0.00510,1.57173,0.00559,0.3607,0.1531,0.3449,0.00000,0.00000
10,scratch,3,12,10,0.40,true,0.43338,0.00554,0.01068,1.57731,0.00565,0.4404,0.0664,0.4359,0.00558,0.00233
10,scratch,3,12,10,0.50,true,0.42738,0.00553,0.01910,1.59174,0.00573,0.5267,0.0288,0.5286,0.02001,0.00294
10,scratch,3,12,10,0.60,true,0.41237,0.00550,0.03154,1.61918,0.00583,0.6173,0.0119,0.6228,0.04745,0.00335
10,scratch,3,12,10,0.70,true,0.39900,0.00547,0.04819,1.64922,0.00595,0.7145,0.0060,0.7206,0.07749,0.00365
10,scratch,3,12,10,0.80,true,0.38375,0.00544,0.07048,1.68677,0.00611,0.8194,0.0012,0.8272,0.11504,0.00399
10,scratch,3,12,10,0.90,true,0.37212,0.00540,0.09196,1.71990,0.00626,0.9099,0.0004,0.9175,0.14817,0.00422
10,scratch,3,12,10,1.00,true,0.36012,0.00537,0.11783,1.75780,0.00643,1.0096,0.0000,1.0170,0.18607,0.00447
10,scratch,3,12,10,1.10,true,0.34687,0.00532,0.14557,1.79883,0.00659,1.1094,0.0000,1.1163,0.22710,0.00472
10,scratch,3,12,10,1.20,true,0.33513,0.00528,0.17370,1.83875,0.00674,1.2083,0.0000,1.2150,0.26702,0.00495
10,scratch,3,12,15,0.00,true,0.18425,0.00433,0.00257,1.81832,0.00435,0.2613,0.5873,0.3008,0.05577,0.00379
10,scratch,3,12,15,0.10,true,0.21388,0.00458,0.00454,1.79067,0.00462,0.3073,0.4643,0.3133,0.02811,0.00312
10,scratch,3,12,15,0.20,true,0.23650,0.00475,0.00837,1.77187,0.00481,0.3601,0.3414,0.3483,0.00932,0.00212
10,scratch,3,12,15,0.30,true,0.25200,0.00485,0.01455,1.76255,0.00497,0.4221,0.2418,0.4025,0.00000,0.00000
10,scratch,3,12,15,0.40,true,0.25988,0.00490,0.02416,1.76430,0.00510,0.4930,0.1550,0.4766,0.00175,0.00211
10,scratch,3,12,15,0.50,true,0.26125,0.00491,0.03719,1.77597,0.00521,0.5697,0.0941,0.5606,0.01341,0.00274
10,scratch,3,12,15,0.60,true,0.25575,0.00488,0.05229,1.79658,0.00529,0.6475,0.0618,0.6420,0.03402,0.00320
10,scratch,3,12,15,0.70,true,0.25088,0.00485,0.07206,1.82124,0.00541,0.7364,0.0380,0.7356,0.05869,0.00353
10,scratch,3,12,15,0.80,true,0.24238,0.00479,0.09694,1.85464,0.00553,0.8350,0.0216,0.8388,0.09209,0.00387
10,scratch,3,12,15,0.90,true,0.23475,0.00474,0.12090,1.88625,0.00563,0.9199,0.0103,0.9292,0.12370,0.00410
10,scratch,3,12,15,1.00,true,0.22537,0.00467,0.14896,1.92372,0.00573,1.0167,0.0063,1.0267,0.16117,0.00432
10,scratch,3,12,15,1.10,true,0.21750,0.00461,0.17804,1.96074,0.00584,1.1130,0.0029,1.1245,0.19818,0.00451
10,scratch,3,12,15,1.20,true,0.20913,0.00455,0.20865,1.99978,0.00593,1.2128,0.0016,1.2244,0.23723,0.00468
10,scratch,3,12,20,0.00,true,0.11650,0.00359,0.00977,1.89328,0.00364,0.3448,0.5543,0.4043,0.01481,0.00290
10,scratch,3,12,20,0.10,true,0.13125,0.00378,0.01358,1.88234,0.00386,0.3878,0.4610,0.4164,0.00387,0.00239
10,scratch,3,12,20,0.20,true,0.14150,0.00390,0.01997,1.87848,0.00403,0.4409,0.3738,0.4444,0.00001,0.00165
10,scratch,3,12,20,0.30,true,0.15063,0.00400,0.02908,1.87847,0.00420,0.4993,0.2961,0.4875,0.00000,0.00000
10,scratch,3,12,20,0.40,true,0.15762,0.00407,0.04139,1.88379,0.00436,0.5601,0.2220,0.5453,0.00532,0.00162
10,scratch,3,12,20,0.50,true,0.16050,0.00410,0.05625,1.89579,0.00450,0.6300,0.1705,0.6113,0.01732,0.00213
10,scratch,3,12,20,0.60,true,0.16262,0.00413,0.07450,1.91193,0.00465,0.7034,0.1233,0.6886,0.03346,0.00257
10,scratch,3,12,20,0.70,true,0.16237,0.00412,0.09456,1.93227,0.00477,0.7754,0.0861,0.7683,0.05379,0.00288
10,scratch,3,12,20,0.80,true,0.16062,0.00411,0.11793,1.95742,0.00490,0.8574,0.0590,0.8565,0.07894,0.00317
10,scratch,3,12,20,0.90,true,0.15800,0.00408,0.14286,1.98502,0.00502,0.9402,0.0386,0.9462,0.10654,0.00339
10,scratch,3,12,20,1.00,true,0.15400,0.00404,0.17017,2.01637,0.00512,1.0317,0.0267,1.0407,0.13790,0.00361
10,scratch,3,12,20,1.10,true,0.14938,0.00399,0.19858,2.04946,0.00521,1.1219,0.0159,1.1364,0.17099,0.00382
10,scratch,3,12,20,1.20,true,0.14350,0.00392,0.22791,2.08474,0.00527,1.2150,0.0096,1.2324,0.20627,0.00399
10,scratch,3,3,10,0.00,true,0.17725,0.00427,0.00033,1.82308,0.00427,0.1110,0.5798,0.2210,0.12513,0.00559
10,scratch,3,3,10,0.10,true,0.25350,0.00486,0.00065,1.74715,0.00487,0.2104,0.3953,0.2405,0.04921,0.00442
10,scratch,3,3,10,0.20,true,0.28687,0.00506,0.00173,1.71485,0.00507,0.2734,0.2494,0.2885,0.01691,0.00308
10,scratch,3,3,10,0.30,true,0.30625,0.00515,0.00419,1.69795,0.00519,0.3411,0.1434,0.3566,0.00000,0.00000
10,scratch,3,3,10,0.40,true,0.30988,0.00517,0.00941,1.69955,0.00525,0.4192,0.0712,0.4413,0.00160,0.00272
10,scratch,3,3,10,0.50,true,0.30825,0.00516,0.01738,1.70915,0.00531,0.4971,0.0334,0.5249,0.01121,0.00355
10,scratch,3,3,10,0.60,true,0.30500,0.00515,0.02930,1.72434,0.00539,0.5862,0.0174,0.6161,0.02639,0.00409
10,scratch,3,3,10,0.70,true,0.29663,0.00511,0.04536,1.74880,0.00547,0.6769,0.0071,0.7094,0.05085,0.00455
10,scratch,3,3,10,0.80,true,0.28725,0.00506,0.06751,1.78036,0.00559,0.7800,0.0023,0.8144,0.08242,0.00493
10,scratch,3,3,10,0.90,true,0.27987,0.00502,0.08993,1.81021,0.00572,0.8704,0.0009,0.9062,0.11227,0.00526
10,scratch,3,3,10,1.00,true,0.26725,0.00495,0.11731,1.85028,0.00582,0.9672,0.0000,1.0043,0.15233,0.00560
10,scratch,3,3,10,1.10,true,0.25600,0.00488,0.14647,1.89076,0.00594,1.0638,0.0000,1.1020,0.19282,0.00587
10,scratch,3,3,10,1.20,true,0.24650,0.00482,0.17622,1.93010,0.00605,1.1592,0.0000,1.1988,0.23215,0.00608
10,scratch,3,3,15,0.00,true,0.10237,0.00339,0.00399,1.90162,0.00341,0.1698,0.5581,0.3274,0.05483,0.00503
10,scratch,3,3,15,0.10,true,0.13387,0.00381,0.00534,1.87147,0.00384,0.2844,0.4216,0.3429,0.02467,0.00431
10,scratch,3,3,15,0.20,true,0.15438,0.00404,0.00857,1.85421,0.00409,0.3479,0.3186,0.3793,0.00741,0.00357
10,scratch,3,3,15,0.30,true,0.16637,0.00416,0.01426,1.84791,0.00425,0.4104,0.2317,0.4314,0.00111,0.00251
10,scratch,3,3,15,0.40,true,0.17588,0.00426,0.02264,1.84680,0.00441,0.4735,0.1562,0.4967,0.00000,0.00000
10,scratch,3,3,15,0.50,true,0.18050,0.00430,0.03451,1.85406,0.00453,0.5474,0.1062,0.5726,0.00726,0.00245
10,scratch,3,3,15,0.60,true,0.17800,0.00428,0.05021,1.87228,0.00461,0.6237,0.0669,0.6550,0.02549,0.00333
10,scratch,3,3,15,0.70,true,0.17488,0.00425,0.06876,1.89400,0.00470,0.7032,0.0418,0.7398,0.04721,0.00385
10,scratch,3,3,15,0.80,true,0.17238,0.00422,0.09055,1.91833,0.00481,0.7864,0.0248,0.8283,0.07154,0.00426
10,scratch,3,3,15,0.90,true,0.17037,0.00420,0.11560,1.94545,0.00494,0.8772,0.0145,0.9225,0.09865,0.00460
10,scratch,3,3,15,1.00,true,0.16437,0.00414,0.14288,1.97879,0.00503,0.9683,0.0081,1.0164,0.13200,0.00493
10,scratch,3,3,15,1.10,true,0.15762,0.00407,0.17214,2.01489,0.00510,1.0622,0.0053,1.1115,0.16809,0.00517
10,scratch,3,3,15,1.20,true,0.14975,0.00399,0.20209,2.05281,0.00515,1.1551,0.0028,1.2063,0.20602,0.00535
10,scratch,3,3,20,0.00,true,0.07362,0.00292,0.01511,1.94151,0.00300,0.2372,0.5453,0.4407,0.01712,0.00380
10,scratch,3,3,20,0.10,true,0.08675,0.00315,0.01776,1.93104,0.00325,0.3566,0.4421,0.4535,0.00665,0.00261
10,scratch,3,3,20,0.20,true,0.09875,0.00334,0.02310,1.92439,0.00347,0.4253,0.3566,0.4841,0.00000,0.00000
10,scratch,3,3,20,0.30,true,0.10675,0.00345,0.03123,1.92452,0.00364,0.4873,0.2863,0.5268,0.00013,0.00246
10,scratch,3,3,20,0.40,true,0.11400,0.00355,0.04180,1.92786,0.00381,0.5475,0.2245,0.5793,0.00347,0.00325
10,scratch,3,3,20,0.50,true,0.11700,0.00359,0.05663,1.93972,0.00395,0.6173,0.1696,0.6476,0.01533,0.00387
10,scratch,3,3,20,0.60,true,0.11737,0.00360,0.07361,1.95637,0.00406,0.6828,0.1228,0.7184,0.03198,0.00424
10,scratch,3,3,20,0.70,true,0.11713,0.00360,0.09376,1.97681,0.00418,0.7580,0.0903,0.7971,0.05242,0.00453
10,scratch,3,3,20,0.80,true,0.11525,0.00357,0.11586,2.00084,0.00427,0.8333,0.0647,0.8776,0.07645,0.00470
10,scratch,3,3,20,0.90,true,0.11213,0.00353,0.14058,2.02875,0.00436,0.9154,0.0469,0.9635,0.10436,0.00486
10,scratch,3,3,20,1.00,true,0.10725,0.00346,0.16721,2.06034,0.00441,0.9994,0.0330,1.0518,0.13596,0.00502
10,scratch,3,3,20,1.10,true,0.10250,0.00339,0.19533,2.09331,0.00446,1.0868,0.0226,1.1437,0.16892,0.00511
10,scratch,3,3,20,1.20,true,0.09738,0.00331,0.22373,2.12694,0.00449,1.1732,0.0154,1.2339,0.20256,0.00519
10,scratch,3,6,10,0.00,true,0.21925,0.00463,0.00034,1.78109,0.00463,0.1788,0.5845,0.2199,0.08724,0.00437
10,scratch,3,6,10,0.10,true,0.26575,0.00494,0.00025,1.73450,0.00494,0.2308,0.4086,0.2394,0.04065,0.00358
10,scratch,3,6,10,0.20,true,0.29500,0.00510,0.00052,1.70552,0.00510,0.2891,0.2427,0.2896,0.01167,0.00253
10,scratch,3,6,10,0.30,true,0.30750,0.00516,0.00135,1.69385,0.00517,0.3599,0.1208,0.3648,0.00000,0.00000
10,scratch,3,6,10,0.40,true,0.30525,0.00515,0.00312,1.69788,0.00517,0.4396,0.0561,0.4497,0.00402,0.00188
10,scratch,3,6,10,0.50,true,0.29500,0.00510,0.00656,1.71158,0.00515,0.5305,0.0230,0.5445,0.01773,0.00254
10,scratch,3,6,10,0.60,true,0.28025,0.00502,0.01208,1.73188,0.00511,0.6247,0.0092,0.6401,0.03802,0.00296
10,scratch,3,6,10,0.70,true,0.26613,0.00494,0.02012,1.75408,0.00509,0.7202,0.0043,0.7352,0.06022,0.00321
10,scratch,3,6,10,0.80,true,0.24875,0.00483,0.03206,1.78346,0.00506,0.8257,0.0020,0.8399,0.08961,0.00351
10,scratch,3,6,10,0.90,true,0.23075,0.00471,0.04626,1.81575,0.00503,0.9233,0.0006,0.9371,0.12189,0.00378
10,scratch,3,6,10,1.00,true,0.21113,0.00456,0.06398,1.85322,0.00498,1.0235,0.0000,1.0368,0.15937,0.00407
10,scratch,3,6,10,1.10,true,0.19150,0.00440,0.08432,1.89335,0.00492,1.1230,0.0000,1.1355,0.19950,0.00433
10,scratch,3,6,10,1.20,true,0.17050,0.00420,0.10872,1.93897,0.00483,1.2291,0.0000,1.2409,0.24511,0.00460
10,scratch,3,6,15,0.00,true,0.11675,0.00359,0.00358,1.88683,0.00361,0.2572,0.5446,0.3249,0.03741,0.00354
10,scratch,3,6,15,0.10,true,0.13612,0.00383,0.00304,1.86692,0.00385,0.3054,0.4215,0.3423,0.01750,0.00301
10,scratch,3,6,15,0.20,true,0.14888,0.00398,0.00374,1.85487,0.00400,0.3596,0.3096,0.3789,0.00545,0.00250
10,scratch,3,6,15,0.30,true,0.15600,0.00406,0.00580,1.84982,0.00409,0.4217,0.2153,0.4333,0.00040,0.00185
10,scratch,3,6,15,0.40,true,0.16012,0.00410,0.00951,1.84943,0.00416,0.4927,0.1405,0.5042,0.00000,0.00000
10,scratch,3,6,15,0.50,true,0.15900,0.00409,0.01530,1.85636,0.00418,0.5705,0.0886,0.5850,0.00694,0.00159
10,scratch,3,6,15,0.60,true,0.15375,0.00403,0.02323,1.86959,0.00417,0.6520,0.0554,0.6694,0.02017,0.00205
10,scratch,3,6,15,0.70,true,0.14638,0.00395,0.03416,1.88796,0.00415,0.7413,0.0328,0.7617,0.03853,0.00240
10,scratch,3,6,15,0.80,true,0.13812,0.00386,0.04780,1.90994,0.00413,0.8335,0.0183,0.8568,0.06051,0.00269
10,scratch,3,6,15,0.90,true,0.12650,0.00372,0.06397,1.93785,0.00407,0.9289,0.0122,0.9516,0.08843,0.00296
10,scratch,3,6,15,1.00,true,0.11750,0.00360,0.08262,1.96566,0.00404,1.0252,0.0065,1.0492,0.11623,0.00316
10,scratch,3,6,15,1.10,true,0.10787,0.00347,0.10415,1.99701,0.00400,1.1254,0.0024,1.1508,0.14758,0.00340
10,scratch,3,6,15,1.20,true,0.09588,0.00329,0.12685,2.03193,0.00391,1.2218,0.0008,1.2471,0.18251,0.00362
10,scratch,3,6,20,0.00,true,0.07375,0.00292,0.01367,1.93994,0.00299,0.3415,0.5238,0.4419,0.01716,0.00248
10,scratch,3,6,20,0.10,true,0.08350,0.00309,0.01274,1.92927,0.00316,0.3890,0.4343,0.4579,0.00649,0.00202
10,scratch,3,6,20,0.20,true,0.08850,0.00318,0.01382,1.92536,0.00325,0.4407,0.3481,0.4881,0.00258,0.00147
10,scratch,3,6,20,0.30,true,0.09425,0.00327,0.01697,1.92278,0.00336,0.4977,0.2680,0.5342,0.00000,0.00000
10,scratch,3,6,20,0.40,true,0.09688,0.00331,0.02224,1.92546,0.00343,0.5614,0.2032,0.5914,0.00268,0.00144
10,scratch,3,6,20,0.50,true,0.09850,0.00333,0.02976,1.93141,0.00349,0.6321,0.1518,0.6592,0.00863,0.00189
10,scratch,3,6,20,0.60,true,0.09625,0.00330,0.03962,1.94358,0.00351,0.7050,0.1083,0.7344,0.02080,0.00225
10,scratch,3,6,20,0.70,true,0.09413,0.00326,0.05192,1.95809,0.00355,0.7842,0.0753,0.8170,0.03531,0.00252
10,scratch,3,6,20,0.80,true,0.08800,0.00317,0.06664,1.97905,0.00353,0.8678,0.0524,0.9030,0.05627,0.00273
10,scratch,3,6,20,0.90,true,0.08400,0.00310,0.08330,1.99986,0.00354,0.9548,0.0352,0.9931,0.07708,0.00293
10,scratch,3,6,20,1.00,true,0.07675,0.00298,0.10266,2.02665,0.00350,1.0460,0.0226,1.0872,0.10387,0.00313
10,scratch,3,6,20,1.10,true,0.07000,0.00285,0.12336,2.05431,0.00346,1.1380,0.0147,1.1807,0.13153,0.00331
10,scratch,3,6,20,1.20,true,0.06237,0.00270,0.14595,2.08478,0.00340,1.2325,0.0088,1.2765,0.16200,0.00347
10,mid,3,12,10,0.00,true,0.23463,0.00474,0.00123,1.76661,0.00475,0.1947,0.6152,0.2291,0.08795,0.00449
10,mid,3,12,10,0.10,true,0.28800,0.00506,0.00284,1.71484,0.00509,0.2421,0.4436,0.2451,0.03618,0.00361
10,mid,3,12,10,0.20,true,0.31838,0.00521,0.00671,1.68835,0.00527,0.3030,0.2908,0.2908,0.00969,0.00246
10,mid,3,12,10,0.30,true,0.33537,0.00528,0.01402,1.67866,0.00541,0.3715,0.1711,0.3594,0.00000,0.00000
10,mid,3,12,10,0.40,true,0.33787,0.00529,0.02595,1.68812,0.00553,0.4485,0.0887,0.4442,0.00946,0.00213
10,mid,3,12,10,0.50,true,0.33213,0.00527,0.04219,1.71014,0.00565,0.5287,0.0421,0.5325,0.03148,0.00280
10,mid,3,12,10,0.60,true,0.32250,0.00523,0.06354,1.74116,0.00579,0.6177,0.0205,0.6254,0.06249,0.00323
10,mid,3,12,10,0.70,true,0.31200,0.00518,0.08978,1.77796,0.00595,0.7128,0.0100,0.7224,0.09930,0.00357
10,mid,3,12,10,0.80,true,0.29925,0.00512,0.12202,1.82305,0.00613,0.8178,0.0052,0.8280,0.14438,0.00391
10,mid,3,12,10,0.90,true,0.28900,0.00507,0.15133,1.86270,0.00628,0.9065,0.0014,0.9183,0.18404,0.00417
10,mid,3,12,10,1.00,true,0.27525,0.00499,0.18544,1.91070,0.00641,1.0055,0.0003,1.0173,0.23203,0.00444
10,mid,3,12,10,1.10,true,0.26388,0.00493,0.21974,1.95654,0.00654,1.1057,0.0003,1.1168,0.27787,0.00469
10,mid,3,12,10,1.20,true,0.25262,0.00486,0.25353,2.00177,0.00664,1.2042,0.0000,1.2152,0.32311,0.00490
10,mid,3,12,15,0.00,true,0.13025,0.00376,0.00921,1.87900,0.00382,0.2857,0.5637,0.3411,0.01964,0.00286
10,mid,3,12,15,0.10,true,0.14975,0.00399,0.01398,1.86426,0.00408,0.3321,0.4506,0.3562,0.00491,0.00194
10,mid,3,12,15,0.20,true,0.16287,0.00413,0.02218,1.85935,0.00428,0.3856,0.3452,0.3895,0.00000,0.00000
10,mid,3,12,15,0.30,true,0.17413,0.00424,0.03407,1.86002,0.00448,0.4434,0.2511,0.4403,0.00067,0.00189
10,mid,3,12,15,0.40,true,0.17850,0.00428,0.05120,1.87282,0.00465,0.5125,0.1738,0.5082,0.01347,0.00258
10,mid,3,12,15,0.50,true,0.18113,0.00431,0.07233,1.89138,0.00483,0.5851,0.1122,0.5869,0.03202,0.00302
10,mid,3,12,15,0.60,true,0.17863,0.00428,0.09484,1.91645,0.00496,0.6587,0.0779,0.6632,0.05710,0.00334
10,mid,3,12,15,0.70,true,0.17400,0.00424,0.12282,1.94915,0.00509,0.7435,0.0510,0.7519,0.08979,0.00362
10,mid,3,12,15,0.80,true,0.17037,0.00420,0.15527,1.98534,0.00524,0.8382,0.0322,0.8503,0.12599,0.00389
10,mid,3,12,15,0.90,true,0.16675,0.00417,0.18541,2.01924,0.00537,0.9236,0.0209,0.9390,0.15989,0.00411
10,mid,3,12,15,1.00,true,0.16025,0.00410,0.21947,2.05997,0.00546,1.0160,0.0115,1.0355,0.20062,0.00433
10,mid,3,12,15,1.10,true,0.15400,0.00404,0.25346,2.10041,0.00554,1.1101,0.0066,1.1311,0.24106,0.00447
10,mid,3,12,15,1.20,true,0.14738,0.00396,0.28863,2.14244,0.00560,1.2091,0.0040,1.2307,0.28309,0.00464
10,mid,3,12,20,0.00,true,0.08213,0.00307,0.02860,1.94662,0.00324,0.3759,0.5409,0.4710,0.00230,0.00147
10,mid,3,12,20,0.10,true,0.09137,0.00322,0.03555,1.94431,0.00344,0.4189,0.4573,0.4841,0.00000,0.00000
10,mid,3,12,20,0.20,true,0.09738,0.00331,0.04650,1.94928,0.00362,0.4712,0.3793,0.5110,0.00496,0.00142
10,mid,3,12,20,0.30,true,0.10312,0.00340,0.06118,1.95824,0.00381,0.5272,0.3061,0.5519,0.01393,0.00202
10,mid,3,12,20,0.40,true,0.10725,0.00346,0.07953,1.97252,0.00400,0.5870,0.2404,0.6044,0.02821,0.00243
10,mid,3,12,20,0.50,true,0.10800,0.00347,0.10095,1.99327,0.00414,0.6505,0.1854,0.6658,0.04895,0.00280
10,mid,3,12,20,0.60,true,0.10800,0.00347,0.12608,2.01849,0.00429,0.7245,0.1436,0.7373,0.07418,0.00314
10,mid,3,12,20,0.70,true,0.10825,0.00347,0.15207,2.04435,0.00444,0.7963,0.1093,0.8116,0.10004,0.00341
10,mid,3,12,20,0.80,true,0.10650,0.00345,0.18111,2.07528,0.00457,0.8708,0.0775,0.8932,0.13096,0.00363
10,mid,3,12,20,0.90,true,0.10362,0.00341,0.21159,2.10880,0.00466,0.9524,0.0566,0.9784,0.16449,0.00383
10,mid,3,12,20,1.00,true,0.10088,0.00337,0.24350,2.14367,0.00475,1.0373,0.0388,1.0689,0.19935,0.00402
10,mid,3,12,20,1.10,true,0.09738,0.00331,0.27586,2.17975,0.00482,1.1266,0.0276,1.1610,0.23544,0.00417
10,mid,3,12,20,1.20,true,0.09500,0.00328,0.30814,2.21467,0.00489,1.2179,0.0186,1.2558,0.27035,0.00432
10,mid,3,3,10,0.00,true,0.15687,0.00407,0.00161,1.84475,0.00407,0.1336,0.5800,0.2476,0.07989,0.00547
10,mid,3,3,10,0.10,true,0.20813,0.00454,0.00277,1.79466,0.00456,0.2293,0.4065,0.2660,0.02980,0.00436
10,mid,3,3,10,0.20,true,0.23488,0.00474,0.00587,1.77102,0.00478,0.2886,0.2653,0.3105,0.00616,0.00304
10,mid,3,3,10,0.30,true,0.24750,0.00482,0.01231,1.76486,0.00492,0.3568,0.1658,0.3751,0.00000,0.00000
10,mid,3,3,10,0.40,true,0.25188,0.00485,0.02367,1.77189,0.00503,0.4338,0.0927,0.4568,0.00703,0.00276
10,mid,3,3,10,0.50,true,0.24788,0.00483,0.03836,1.79065,0.00512,0.5089,0.0505,0.5377,0.02579,0.00364
10,mid,3,3,10,0.60,true,0.24213,0.00479,0.05891,1.81706,0.00523,0.5942,0.0244,0.6288,0.05220,0.00424
10,mid,3,3,10,0.70,true,0.23312,0.00473,0.08384,1.85114,0.00534,0.6849,0.0147,0.7205,0.08629,0.00464
10,mid,3,3,10,0.80,true,0.22612,0.00468,0.11476,1.88927,0.00550,0.7830,0.0055,0.8226,0.12441,0.00503
10,mid,3,3,10,0.90,true,0.21738,0.00461,0.14537,1.92886,0.00561,0.8730,0.0027,0.9145,0.16400,0.00536
10,mid,3,3,10,1.00,true,0.20625,0.00452,0.17958,1.97449,0.00571,0.9679,0.0011,1.0109,0.20963,0.00566
10,mid,3,3,10,1.10,true,0.19537,0.00443,0.21482,2.02093,0.00579,1.0626,0.0002,1.1074,0.25607,0.00588
10,mid,3,3,10,1.20,true,0.18713,0.00436,0.24966,2.06440,0.00587,1.1586,0.0000,1.2048,0.29954,0.00608
10,mid,3,3,15,0.00,true,0.08388,0.00310,0.01393,1.93013,0.00317,0.2217,0.5553,0.3804,0.02556,0.00403
10,mid,3,3,15,0.10,true,0.10437,0.00342,0.01774,1.91345,0.00352,0.3236,0.4384,0.3948,0.00888,0.00281
10,mid,3,3,15,0.20,true,0.12025,0.00364,0.02471,1.90457,0.00379,0.3800,0.3407,0.4274,0.00000,0.00000
10,mid,3,3,15,0.30,true,0.12687,0.00372,0.03586,1.90915,0.00395,0.4414,0.2601,0.4752,0.00458,0.00262
10,mid,3,3,15,0.40,true,0.13237,0.00379,0.05068,1.91855,0.00412,0.5027,0.1871,0.5359,0.01398,0.00350
10,mid,3,3,15,0.50,true,0.13987,0.00388,0.06888,1.92936,0.00434,0.5704,0.1337,0.6059,0.02479,0.00407
10,mid,3,3,15,0.60,true,0.13950,0.00387,0.09168,1.95267,0.00448,0.6455,0.0933,0.6847,0.04810,0.00455
10,mid,3,3,15,0.70,true,0.13350,0.00380,0.11725,1.98442,0.00455,0.7205,0.0630,0.7652,0.07985,0.00484
10,mid,3,3,15,0.80,true,0.12775,0.00373,0.14572,2.01887,0.00463,0.8004,0.0413,0.8509,0.11430,0.00509
10,mid,3,3,15,0.90,true,0.12387,0.00368,0.17754,2.05484,0.00474,0.8878,0.0258,0.9437,0.15027,0.00529
10,mid,3,3,15,1.00,true,0.11900,0.00362,0.20993,2.09242,0.00482,0.9757,0.0159,1.0358,0.18784,0.00544
10,mid,3,3,15,1.10,true,0.11125,0.00352,0.24385,2.13445,0.00484,1.0658,0.0097,1.1291,0.22988,0.00550
10,mid,3,3,15,1.20,true,0.10437,0.00342,0.27749,2.17537,0.00485,1.1575,0.0063,1.2228,0.27080,0.00557
10,mid,3,3,20,0.00,true,0.05625,0.00258,0.04471,1.98875,0.00285,0.3300,0.5387,0.5307,0.00235,0.00280
10,mid,3,3,20,0.10,true,0.06400,0.00274,0.05010,1.98639,0.00304,0.4262,0.4574,0.5417,0.00000,0.00000
10,mid,3,3,20,0.20,true,0.07300,0.00291,0.05978,1.98711,0.00328,0.4846,0.3813,0.5695,0.00072,0.00249
10,mid,3,3,20,0.30,true,0.07800,0.00300,0.07328,1.99568,0.00346,0.5454,0.3198,0.6091,0.00929,0.00334
10,mid,3,3,20,0.40,true,0.08088,0.00305,0.08960,2.00923,0.00362,0.6007,0.2589,0.6572,0.02283,0.00373
10,mid,3,3,20,0.50,true,0.08150,0.00306,0.10951,2.02865,0.00376,0.6603,0.2035,0.7161,0.04226,0.00407
10,mid,3,3,20,0.60,true,0.08200,0.00307,0.13165,2.05047,0.00389,0.7258,0.1608,0.7816,0.06408,0.00428
10,mid,3,3,20,0.70,true,0.08088,0.00305,0.15680,2.07696,0.00401,0.7938,0.1223,0.8544,0.09057,0.00445
10,mid,3,3,20,0.80,true,0.07875,0.00301,0.18307,2.10562,0.00410,0.8642,0.0929,0.9299,0.11922,0.00458
10,mid,3,3,20,0.90,true,0.07600,0.00296,0.21152,2.13711,0.00417,0.9420,0.0712,1.0116,0.15072,0.00470
10,mid,3,3,20,1.00,true,0.07325,0.00291,0.24088,2.16957,0.00424,1.0214,0.0530,1.0964,0.18318,0.00480
10,mid,3,3,20,1.10,true,0.07137,0.00288,0.27094,2.20189,0.00431,1.1056,0.0394,1.1856,0.21550,0.00490
10,mid,3,3,20,1.20,true,0.06963,0.00285,0.30096,2.23410,0.00436,1.1909,0.0294,1.2753,0.24771,0.00500
10,mid,3,6,10,0.00,true,0.16987,0.00420,0.00168,1.83181,0.00421,0.1953,0.5620,0.2483,0.06055,0.00372
10,mid,3,6,10,0.10,true,0.20175,0.00449,0.00154,1.79980,0.00450,0.2457,0.4040,0.2679,0.02853,0.00306
10,mid,3,6,10,0.20,true,0.22300,0.00465,0.00265,1.77968,0.00467,0.3026,0.2566,0.3145,0.00841,0.00211
10,mid,3,6,10,0.30,true,0.23425,0.00474,0.00546,1.77126,0.00477,0.3694,0.1440,0.3826,0.00000,0.00000
10,mid,3,6,10,0.40,true,0.23538,0.00474,0.01041,1.77514,0.00482,0.4449,0.0739,0.4632,0.00388,0.00187
10,mid,3,6,10,0.50,true,0.22687,0.00468,0.01862,1.79195,0.00481,0.5330,0.0362,0.5542,0.02068,0.00246
10,mid,3,6,10,0.60,true,0.21375,0.00458,0.03029,1.81688,0.00479,0.6249,0.0176,0.6477,0.04562,0.00286
10,mid,3,6,10,0.70,true,0.20312,0.00450,0.04550,1.84292,0.00480,0.7189,0.0074,0.7430,0.07166,0.00311
10,mid,3,6,10,0.80,true,0.18488,0.00434,0.06633,1.88230,0.00476,0.8237,0.0038,0.8466,0.11104,0.00345
10,mid,3,6,10,0.90,true,0.16925,0.00419,0.08904,1.92101,0.00473,0.9214,0.0023,0.9433,0.14975,0.00373
10,mid,3,6,10,1.00,true,0.15575,0.00405,0.11506,1.96100,0.00472,1.0214,0.0009,1.0430,0.18974,0.00398
10,mid,3,6,10,1.10,true,0.14113,0.00389,0.14296,2.00408,0.00468,1.1190,0.0001,1.1403,0.23282,0.00422
10,mid,3,6,10,1.20,true,0.12650,0.00372,0.17463,2.05108,0.00462,1.2241,0.0000,1.2447,0.27982,0.00444
10,mid,3,6,15,0.00,true,0.08200,0.00307,0.01318,1.93124,0.00314,0.2803,0.5313,0.3791,0.02041,0.00231
10,mid,3,6,15,0.10,true,0.09550,0.00329,0.01249,1.91707,0.00335,0.3285,0.4205,0.3978,0.00624,0.00158
10,mid,3,6,15,0.20,true,0.10387,0.00341,0.01458,1.91083,0.00349,0.3822,0.3197,0.4330,0.00000,0.00000
10,mid,3,6,15,0.30,true,0.10862,0.00348,0.01966,1.91124,0.00359,0.4443,0.2352,0.4841,0.00041,0.00148
10,mid,3,6,15,0.40,true,0.11213,0.00353,0.02787,1.91606,0.00368,0.5095,0.1604,0.5492,0.00523,0.00206
10,mid,3,6,15,0.50,true,0.11325,0.00354,0.03932,1.92655,0.00377,0.5858,0.1102,0.6248,0.01572,0.00248
10,mid,3,6,15,0.60,true,0.10862,0.00348,0.05405,1.94612,0.00379,0.6645,0.0733,0.7054,0.03530,0.00276
10,mid,3,6,15,0.70,true,0.10450,0.00342,0.07240,1.96889,0.00383,0.7501,0.0452,0.7948,0.05806,0.00304
10,mid,3,6,15,0.80,true,0.09650,0.00330,0.09352,1.99837,0.00381,0.8399,0.0297,0.8851,0.08754,0.00324
10,mid,3,6,15,0.90,true,0.08900,0.00318,0.11705,2.02983,0.00380,0.9301,0.0180,0.9771,0.11900,0.00343
10,mid,3,6,15,1.00,true,0.08300,0.00308,0.14282,2.06212,0.00381,1.0255,0.0121,1.0719,0.15129,0.00355
10,mid,3,6,15,1.10,true,0.07562,0.00296,0.17126,2.09857,0.00379,1.1248,0.0080,1.1708,0.18774,0.00374
10,mid,3,6,15,1.20,true,0.06675,0.00279,0.19999,2.13685,0.00371,1.2187,0.0044,1.2654,0.22602,0.00389
10,mid,3,6,20,0.00,true,0.04963,0.00243,0.04417,1.99479,0.00268,0.3733,0.5177,0.5333,0.00772,0.00124
10,mid,3,6,20,0.10,true,0.05688,0.00259,0.04364,1.98707,0.00283,0.4187,0.4353,0.5509,0.00000,0.00000
10,mid,3,6,20,0.20,true,0.05900,0.00263,0.04655,1.98795,0.00289,0.4713,0.3588,0.5804,0.00088,0.00120
10,mid,3,6,20,0.30,true,0.06275,0.00271,0.05281,1.99059,0.00300,0.5266,0.2858,0.6234,0.00352,0.00169
10,mid,3,6,20,0.40,true,0.06313,0.00272,0.06235,1.99994,0.00307,0.5853,0.2213,0.6762,0.01286,0.00205
10,mid,3,6,20,0.50,true,0.06475,0.00275,0.07514,2.01134,0.00317,0.6537,0.1711,0.7398,0.02426,0.00235
10,mid,3,6,20,0.60,true,0.06375,0.00273,0.09074,2.02823,0.00324,0.7256,0.1307,0.8094,0.04115,0.00257
10,mid,3,6,20,0.70,true,0.06137,0.00268,0.10909,2.04931,0.00328,0.7997,0.0954,0.8858,0.06223,0.00280
10,mid,3,6,20,0.80,true,0.05775,0.00261,0.13006,2.07432,0.00331,0.8806,0.0696,0.9676,0.08725,0.00301
10,mid,3,6,20,0.90,true,0.05425,0.00253,0.15293,2.10119,0.00333,0.9638,0.0500,1.0528,0.11412,0.00319
10,mid,3,6,20,1.00,true,0.04988,0.00243,0.17822,2.13144,0.00333,1.0528,0.0351,1.1433,0.14437,0.00338
10,mid,3,6,20,1.10,true,0.04550,0.00233,0.20398,2.16222,0.00332,1.1413,0.0251,1.2325,0.17514,0.00350
10,mid,3,6,20,1.20,true,0.04113,0.00222,0.23121,2.19454,0.00329,1.2322,0.0162,1.3257,0.20747,0.00364
10,high,3,12,10,0.00,true,0.19037,0.00439,0.00395,1.81361,0.00442,0.2122,0.5941,0.2548,0.05374,0.00361
10,high,3,12,10,0.10,true,0.23012,0.00471,0.00759,1.77752,0.00476,0.2602,0.4400,0.2717,0.01765,0.00257
10,high,3,12,10,0.20,true,0.25538,0.00488,0.01516,1.75987,0.00500,0.3176,0.3000,0.3144,0.00000,0.00000
10,high,3,12,10,0.30,true,0.26663,0.00494,0.02832,1.76184,0.00518,0.3861,0.1904,0.3793,0.00197,0.00229
10,high,3,12,10,0.40,true,0.27075,0.00497,0.04736,1.77687,0.00537,0.4626,0.1142,0.4591,0.01700,0.00300
10,high,3,12,10,0.50,true,0.26675,0.00494,0.07096,1.80462,0.00554,0.5370,0.0597,0.5431,0.04475,0.00351
10,high,3,12,10,0.60,true,0.25800,0.00489,0.09993,1.84254,0.00570,0.6219,0.0318,0.6327,0.08267,0.00392
10,high,3,12,10,0.70,true,0.24825,0.00483,0.13383,1.88645,0.00587,0.7128,0.0156,0.7273,0.12658,0.00422
10,high,3,12,10,0.80,true,0.23900,0.00477,0.17304,1.93525,0.00606,0.8155,0.0080,0.8311,0.17538,0.00451
10,high,3,12,10,0.90,true,0.22825,0.00469,0.20876,1.98207,0.00618,0.9045,0.0047,0.9205,0.22220,0.00474
10,high,3,12,10,1.00,true,0.21875,0.00462,0.24857,2.03183,0.00632,1.0037,0.0019,1.0206,0.27196,0.00500
10,high,3,12,10,1.10,true,0.20675,0.00453,0.28830,2.08407,0.00640,1.1020,0.0008,1.1189,0.32420,0.00520
10,high,3,12,10,1.20,true,0.19800,0.00446,0.32616,2.13126,0.00649,1.2011,0.0003,1.2178,0.37139,0.00537
10,high,3,12,15,0.00,true,0.09825,0.00333,0.02360,1.92563,0.00347,0.3127,0.5499,0.3883,0.00636,0.00187
10,high,3,12,15,0.10,true,0.11250,0.00353,0.03149,1.91927,0.00374,0.3604,0.4504,0.4045,0.00000,0.00000
10,high,3,12,15,0.20,true,0.12312,0.00367,0.04425,1.92147,0.00398,0.4131,0.3560,0.4366,0.00220,0.00168
10,high,3,12,15,0.30,true,0.13112,0.00377,0.06177,1.93110,0.00421,0.4678,0.2677,0.4839,0.01183,0.00233
10,high,3,12,15,0.40,true,0.13362,0.00380,0.08526,1.95226,0.00441,0.5368,0.1991,0.5463,0.03298,0.00282
10,high,3,12,15,0.50,true,0.13612,0.00383,0.11282,1.97754,0.00462,0.6049,0.1364,0.6197,0.05827,0.00323
10,high,3,12,15,0.60,true,0.13537,0.00383,0.14105,2.00677,0.00478,0.6729,0.0953,0.6928,0.08749,0.00355
10,high,3,12,15,0.70,true,0.13150,0.00378,0.17515,2.04508,0.00492,0.7584,0.0694,0.7781,0.12581,0.00388
10,high,3,12,15,0.80,true,0.12737,0.00373,0.21373,2.08822,0.00506,0.8494,0.0464,0.8730,0.16895,0.00417
10,high,3,12,15,0.90,true,0.12212,0.00366,0.24825,2.12842,0.00514,0.9304,0.0327,0.9568,0.20914,0.00432
10,high,3,12,15,1.00,true,0.11875,0.00362,0.28575,2.16982,0.00524,1.0222,0.0226,1.0510,0.25055,0.00449
10,high,3,12,15,1.10,true,0.11575,0.00358,0.32276,2.21041,0.00533,1.1137,0.0137,1.1465,0.29114,0.00463
10,high,3,12,15,1.20,true,0.11238,0.00353,0.35953,2.25122,0.00540,1.2086,0.0079,1.2442,0.33195,0.00476
10,high,3,12,20,0.00,true,0.06037,0.00266,0.06597,2.00655,0.00307,0.4122,0.5359,0.5468,0.00000,0.00000
10,high,3,12,20,0.10,true,0.06613,0.00278,0.07562,2.01044,0.00326,0.4540,0.4592,0.5607,0.00388,0.00130
10,high,3,12,20,0.20,true,0.07025,0.00286,0.09018,2.02093,0.00345,0.5075,0.3904,0.5873,0.01438,0.00181
10,high,3,12,20,0.30,true,0.07487,0.00294,0.10896,2.03521,0.00366,0.5624,0.3236,0.6263,0.02865,0.00229
10,high,3,12,20,0.40,true,0.07625,0.00297,0.13194,2.05701,0.00384,0.6215,0.2629,0.6754,0.05045,0.00267
10,high,3,12,20,0.50,true,0.07812,0.00300,0.15775,2.08120,0.00402,0.6828,0.2098,0.7334,0.07464,0.00302
10,high,3,12,20,0.60,true,0.07863,0.00301,0.18668,2.10996,0.00419,0.7519,0.1667,0.7996,0.10341,0.00331
10,high,3,12,20,0.70,true,0.07700,0.00298,0.21620,2.14147,0.00430,0.8212,0.1339,0.8677,0.13492,0.00353
10,high,3,12,20,0.80,true,0.07675,0.00298,0.24834,2.17431,0.00444,0.8962,0.1038,0.9453,0.16776,0.00376
10,high,3,12,20,0.90,true,0.07375,0.00292,0.28171,2.21119,0.00451,0.9710,0.0771,1.0262,0.20464,0.00396
10,high,3,12,20,1.00,true,0.07225,0.00289,0.31570,2.24727,0.00459,1.0526,0.0567,1.1127,0.24071,0.00416
10,high,3,12,20,1.10,true,0.07050,0.00286,0.34916,2.28312,0.00465,1.1348,0.0401,1.2008,0.27657,0.00428
10,high,3,12,20,1.20,true,0.06800,0.00281,0.38267,2.31984,0.00468,1.2251,0.0310,1.2917,0.31328,0.00439
10,high,3,3,10,0.00,true,0.13600,0.00383,0.00608,1.87015,0.00387,0.1596,0.5745,0.2784,0.04463,0.00473
10,high,3,3,10,0.10,true,0.16725,0.00417,0.00908,1.84194,0.00423,0.2521,0.4179,0.2957,0.01642,0.00322
10,high,3,3,10,0.20,true,0.19087,0.00439,0.01621,1.82552,0.00451,0.3107,0.2900,0.3379,0.00000,0.00000
10,high,3,3,10,0.30,true,0.20237,0.00449,0.02891,1.82687,0.00470,0.3780,0.1917,0.4004,0.00135,0.00302
10,high,3,3,10,0.40,true,0.20488,0.00451,0.04784,1.84354,0.00487,0.4503,0.1154,0.4771,0.01802,0.00404
10,high,3,3,10,0.50,true,0.20087,0.00448,0.07071,1.87073,0.00500,0.5241,0.0718,0.5551,0.04521,0.00453
10,high,3,3,10,0.60,true,0.19825,0.00446,0.09914,1.90222,0.00517,0.6057,0.0396,0.6436,0.07669,0.00500
10,high,3,3,10,0.70,true,0.18887,0.00438,0.13146,1.94444,0.00528,0.6906,0.0220,0.7326,0.11892,0.00535
10,high,3,3,10,0.80,true,0.17988,0.00429,0.17026,1.99295,0.00542,0.7902,0.0133,0.8342,0.16743,0.00563
10,high,3,3,10,0.90,true,0.17300,0.00423,0.20510,2.03538,0.00553,0.8751,0.0065,0.9234,0.20986,0.00590
10,high,3,3,10,1.00,true,0.16700,0.00417,0.24210,2.07921,0.00564,0.9682,0.0029,1.0193,0.25369,0.00613
10,high,3,3,10,1.10,true,0.15712,0.00407,0.27960,2.12754,0.00569,1.0619,0.0016,1.1146,0.30202,0.00628
10,high,3,3,10,1.20,true,0.14963,0.00399,0.31631,2.17278,0.00574,1.1568,0.0006,1.2117,0.34726,0.00640
10,high,3,3,15,0.00,true,0.07262,0.00290,0.03795,1.96585,0.00313,0.2789,0.5516,0.4423,0.00412,0.00309
10,high,3,3,15,0.10,true,0.08388,0.00310,0.04503,1.96173,0.00338,0.3719,0.4548,0.4561,0.00000,0.00000
10,high,3,3,15,0.20,true,0.09225,0.00324,0.05675,1.96521,0.00360,0.4228,0.3613,0.4873,0.00348,0.00263
10,high,3,3,15,0.30,true,0.10225,0.00339,0.07220,1.97087,0.00387,0.4781,0.2870,0.5306,0.00915,0.00355
10,high,3,3,15,0.40,true,0.10487,0.00343,0.09255,1.98890,0.00404,0.5374,0.2199,0.5862,0.02717,0.00411
10,high,3,3,15,0.50,true,0.10637,0.00345,0.11678,2.01203,0.00422,0.6019,0.1648,0.6518,0.05030,0.00453
10,high,3,3,15,0.60,true,0.10412,0.00341,0.14524,2.04325,0.00435,0.6745,0.1231,0.7261,0.08152,0.00478
10,high,3,3,15,0.70,true,0.10200,0.00338,0.17478,2.07550,0.00448,0.7454,0.0894,0.8027,0.11378,0.00499
10,high,3,3,15,0.80,true,0.09800,0.00332,0.20715,2.11258,0.00457,0.8225,0.0635,0.8861,0.15085,0.00515
10,high,3,3,15,0.90,true,0.09287,0.00325,0.24183,2.15319,0.00463,0.9043,0.0433,0.9745,0.19146,0.00529
10,high,3,3,15,1.00,true,0.08950,0.00319,0.27531,2.19093,0.00469,0.9868,0.0299,1.0622,0.22920,0.00541
10,high,3,3,15,1.10,true,0.08575,0.00313,0.30981,2.23017,0.00474,1.0741,0.0205,1.1540,0.26844,0.00548
10,high,3,3,15,1.20,true,0.07950,0.00302,0.34480,2.27251,0.00472,1.1625,0.0126,1.2476,0.31079,0.00550
10,high,3,3,20,0.00,true,0.04462,0.00231,0.10045,2.05746,0.00295,0.4269,0.5336,0.6313,0.00000,0.00000
10,high,3,3,20,0.10,true,0.04788,0.00239,0.10921,2.06301,0.00309,0.5127,0.4705,0.6448,0.00555,0.00279
10,high,3,3,20,0.20,true,0.05738,0.00260,0.12149,2.06593,0.00339,0.5621,0.4051,0.6724,0.00847,0.00347
10,high,3,3,20,0.30,true,0.05912,0.00264,0.13694,2.07987,0.00353,0.6136,0.3495,0.7069,0.02241,0.00380
10,high,3,3,20,0.40,true,0.05850,0.00262,0.15655,2.10046,0.00363,0.6666,0.2941,0.7521,0.04300,0.00394
10,high,3,3,20,0.50,true,0.06037,0.00266,0.17901,2.12150,0.00380,0.7241,0.2436,0.8076,0.06404,0.00417
10,high,3,3,20,0.60,true,0.06000,0.00266,0.20261,2.14601,0.00392,0.7818,0.1999,0.8669,0.08855,0.00434
10,high,3,3,20,0.70,true,0.05763,0.00261,0.22908,2.17552,0.00399,0.8442,0.1609,0.9333,0.11805,0.00448
10,high,3,3,20,0.80,true,0.05738,0.00260,0.25598,2.20340,0.00410,0.9090,0.1278,1.0049,0.14593,0.00464
10,high,3,3,20,0.90,true,0.05588,0.00257,0.28412,2.23386,0.00417,0.9793,0.1018,1.0807,0.17640,0.00478
10,high,3,3,20,1.00,true,0.05337,0.00251,0.31367,2.26685,0.00421,1.0549,0.0805,1.1618,0.20939,0.00485
10,high,3,3,20,1.10,true,0.05387,0.00252,0.34264,2.29633,0.00431,1.1321,0.0622,1.2468,0.23887,0.00499
10,high,3,3,20,1.20,true,0.05162,0.00247,0.37181,2.32887,0.00432,1.2136,0.0502,1.3322,0.27140,0.00505
10,high,3,6,10,0.00,true,0.13825,0.00386,0.00574,1.86755,0.00389,0.2139,0.5516,0.2807,0.03569,0.00293
10,high,3,6,10,0.10,true,0.16150,0.00411,0.00572,1.84431,0.00415,0.2624,0.4074,0.3000,0.01246,0.00215
10,high,3,6,10,0.20,true,0.17700,0.00427,0.00867,1.83186,0.00432,0.3183,0.2738,0.3438,0.00000,0.00000
10,high,3,6,10,0.30,true,0.18125,0.00431,0.01507,1.83418,0.00441,0.3831,0.1672,0.4072,0.00232,0.00194
10,high,3,6,10,0.40,true,0.18625,0.00435,0.02509,1.83947,0.00452,0.4566,0.0951,0.4847,0.00761,0.00259
10,high,3,6,10,0.50,true,0.17675,0.00426,0.04009,1.86438,0.00453,0.5409,0.0513,0.5718,0.03253,0.00300
10,high,3,6,10,0.60,true,0.16900,0.00419,0.05904,1.89162,0.00458,0.6297,0.0274,0.6628,0.05977,0.00330
10,high,3,6,10,0.70,true,0.15800,0.00408,0.08229,1.92657,0.00460,0.7220,0.0145,0.7561,0.09471,0.00356
10,high,3,6,10,0.80,true,0.14725,0.00396,0.11156,1.96753,0.00464,0.8252,0.0063,0.8602,0.13568,0.00385
10,high,3,6,10,0.90,true,0.13475,0.00382,0.14177,2.01128,0.00464,0.9229,0.0039,0.9567,0.17942,0.00412
10,high,3,6,10,1.00,true,0.12200,0.00366,0.17451,2.05797,0.00462,1.0209,0.0023,1.0539,0.22612,0.00433
10,high,3,6,10,1.10,true,0.11438,0.00356,0.20758,2.09998,0.00464,1.1178,0.0008,1.1509,0.26812,0.00451
10,high,3,6,10,1.20,true,0.10088,0.00337,0.24510,2.15262,0.00456,1.2222,0.0006,1.2544,0.32076,0.00470
10,high,3,6,15,0.00,true,0.06400,0.00274,0.03637,1.97282,0.00294,0.3084,0.5258,0.4421,0.01016,0.00159
10,high,3,6,15,0.10,true,0.07425,0.00293,0.03633,1.96266,0.00313,0.3556,0.4247,0.4620,0.00000,0.00000
10,high,3,6,15,0.20,true,0.07863,0.00301,0.04085,1.96301,0.00324,0.4090,0.3339,0.4958,0.00036,0.00137
10,high,3,6,15,0.30,true,0.08200,0.00307,0.04992,1.96904,0.00335,0.4691,0.2535,0.5446,0.00638,0.00194
10,high,3,6,15,0.40,true,0.08063,0.00304,0.06358,1.98452,0.00341,0.5348,0.1869,0.6048,0.02186,0.00239
10,high,3,6,15,0.50,true,0.08225,0.00307,0.08111,2.00100,0.00354,0.6064,0.1332,0.6761,0.03834,0.00276
10,high,3,6,15,0.60,true,0.08150,0.00306,0.10193,2.02326,0.00365,0.6809,0.0934,0.7527,0.06060,0.00302
10,high,3,6,15,0.70,true,0.07800,0.00300,0.12671,2.05239,0.00371,0.7638,0.0641,0.8371,0.08973,0.00326
10,high,3,6,15,0.80,true,0.07337,0.00292,0.15398,2.08528,0.00376,0.8486,0.0426,0.9245,0.12262,0.00347
10,high,3,6,15,0.90,true,0.06900,0.00283,0.18267,2.11946,0.00380,0.9366,0.0295,1.0130,0.15681,0.00363
10,high,3,6,15,1.00,true,0.06300,0.00272,0.21396,2.15804,0.00379,1.0283,0.0189,1.1063,0.19538,0.00380
10,high,3,6,15,1.10,true,0.05613,0.00257,0.24712,2.19954,0.00375,1.1254,0.0132,1.2026,0.23688,0.00396
10,high,3,6,15,1.20,true,0.05013,0.00244,0.27926,2.23919,0.00369,1.2194,0.0099,1.2956,0.27653,0.00409
10,high,3,6,20,0.00,true,0.03463,0.00204,0.10326,2.07025,0.00269,0.4080,0.5166,0.6351,0.00499,0.00114
10,high,3,6,20,0.10,true,0.04075,0.00221,0.10415,2.06526,0.00284,0.4522,0.4403,0.6550,0.00000,0.00000
10,high,3,6,20,0.20,true,0.04288,0.00226,0.10928,2.06862,0.00292,0.5037,0.3713,0.6844,0.00335,0.00094
10,high,3,6,20,0.30,true,0.04350,0.00228,0.11857,2.07774,0.00299,0.5582,0.3054,0.7245,0.01248,0.00140
10,high,3,6,20,0.40,true,0.04437,0.00230,0.13170,2.09058,0.00308,0.6185,0.2477,0.7755,0.02532,0.00183
10,high,3,6,20,0.50,true,0.04500,0.00232,0.14806,2.10700,0.00318,0.6814,0.1963,0.8344,0.04174,0.00212
10,high,3,6,20,0.60,true,0.04525,0.00232,0.16743,2.12693,0.00328,0.7503,0.1548,0.9010,0.06167,0.00241
10,high,3,6,20,0.70,true,0.04425,0.00230,0.18951,2.15097,0.00336,0.8249,0.1219,0.9736,0.08570,0.00266
10,high,3,6,20,0.80,true,0.04213,0.00225,0.21383,2.17849,0.00340,0.9000,0.0916,1.0515,0.11323,0.00291
10,high,3,6,20,0.90,true,0.04000,0.00219,0.23988,2.20786,0.00344,0.9799,0.0688,1.1335,0.14260,0.00314
10,high,3,6,20,1.00,true,0.03637,0.00209,0.26770,2.24065,0.00343,1.0660,0.0525,1.2195,0.17539,0.00333
10,high,3,6,20,1.10,true,0.03263,0.00199,0.29564,2.27376,0.00340,1.1509,0.0394,1.3056,0.20849,0.00348
10,high,3,6,20,1.20,true,0.02875,0.00187,0.32468,2.30823,0.00334,1.2385,0.0277,1.3961,0.24297,0.00364
10,hcp30,3,12,10,0.00,true,0.17300,0.00423,0.05778,1.88816,0.00471,0.4174,0.5919,0.4421,0.00672,0.00310
10,hcp30,3,12,10,0.10,true,0.18925,0.00438,0.06813,1.88248,0.00497,0.4713,0.5137,0.4574,0.00104,0.00214
10,hcp30,3,12,10,0.20,true,0.20575,0.00452,0.08307,1.88144,0.00527,0.5304,0.4389,0.4883,0.00000,0.00000
10,hcp30,3,12,10,0.30,true,0.22000,0.00463,0.10238,1.88733,0.00558,0.5929,0.3663,0.5340,0.00590,0.00220
10,hcp30,3,12,10,0.40,true,0.22950,0.00470,0.12543,1.90201,0.00587,0.6628,0.3047,0.5917,0.02057,0.00306
10,hcp30,3,12,10,0.50,true,0.23563,0.00474,0.14996,1.92175,0.00614,0.7307,0.2528,0.6550,0.04032,0.00364
10,hcp30,3,12,10,0.60,true,0.23800,0.00476,0.17682,1.94784,0.00639,0.8036,0.2090,0.7261,0.06641,0.00417
10,hcp30,3,12,10,0.70,true,0.23800,0.00476,0.20648,1.97944,0.00662,0.8825,0.1703,0.8071,0.09800,0.00469
10,hcp30,3,12,10,0.80,true,0.23775,0.00476,0.23868,2.01419,0.00686,0.9681,0.1350,0.8989,0.13275,0.00515
10,hcp30,3,12,10,0.90,true,0.23625,0.00475,0.26668,2.04589,0.00704,1.0447,0.1105,0.9814,0.16446,0.00549
10,hcp30,3,12,10,1.00,true,0.23275,0.00472,0.29660,2.08188,0.00720,1.1261,0.0877,1.0713,0.20045,0.00577
10,hcp30,3,12,10,1.10,true,0.22787,0.00469,0.32716,2.12018,0.00735,1.2115,0.0685,1.1657,0.23875,0.00607
10,hcp30,3,12,10,1.20,true,0.22250,0.00465,0.35690,2.15837,0.00746,1.2982,0.0527,1.2616,0.27694,0.00633
10,hcp30,3,12,15,0.00,true,0.10013,0.00336,0.14055,2.04996,0.00447,0.6155,0.5515,0.6511,0.00000,0.00000
10,hcp30,3,12,15,0.10,true,0.11000,0.00350,0.15116,2.05097,0.00471,0.6714,0.5008,0.6690,0.00101,0.00165
10,hcp30,3,12,15,0.20,true,0.11588,0.00358,0.16539,2.05994,0.00491,0.7295,0.4506,0.6958,0.00998,0.00240
10,hcp30,3,12,15,0.30,true,0.12050,0.00364,0.18190,2.07270,0.00511,0.7812,0.3985,0.7304,0.02274,0.00296
10,hcp30,3,12,15,0.40,true,0.12500,0.00370,0.20197,2.08953,0.00533,0.8511,0.3564,0.7761,0.03957,0.00348
10,hcp30,3,12,15,0.50,true,0.12950,0.00375,0.22408,2.10874,0.00556,0.9156,0.3113,0.8311,0.05878,0.00398
10,hcp30,3,12,15,0.60,true,0.13087,0.00377,0.24550,2.13046,0.00572,0.9741,0.2737,0.8856,0.08050,0.00439
10,hcp30,3,12,15,0.70,true,0.13150,0.00378,0.27017,2.15658,0.00589,1.0479,0.2417,0.9512,0.10662,0.00479
10,hcp30,3,12,15,0.80,true,0.13275,0.00379,0.29671,2.18432,0.00606,1.1242,0.2091,1.0260,0.13436,0.00517
10,hcp30,3,12,15,0.90,true,0.13050,0.00377,0.32099,2.21326,0.00616,1.1937,0.1847,1.0950,0.16330,0.00547
10,hcp30,3,12,15,1.00,true,0.13012,0.00376,0.34689,2.24233,0.00629,1.2694,0.1595,1.1747,0.19237,0.00576
10,hcp30,3,12,15,1.10,true,0.12950,0.00375,0.37210,2.27110,0.00641,1.3425,0.1358,1.2559,0.22114,0.00600
10,hcp30,3,12,15,1.20,true,0.12725,0.00373,0.39788,2.30233,0.00649,1.4224,0.1173,1.3407,0.25237,0.00620
10,hcp30,3,12,20,0.00,true,0.07100,0.00287,0.22872,2.17571,0.00455,0.8147,0.5348,0.8748,0.00000,0.00000
10,hcp30,3,12,20,0.10,true,0.07475,0.00294,0.23742,2.18096,0.00469,0.8651,0.4959,0.8909,0.00525,0.00126
10,hcp30,3,12,20,0.20,true,0.07775,0.00299,0.24862,2.18976,0.00483,0.9202,0.4578,0.9143,0.01406,0.00185
10,hcp30,3,12,20,0.30,true,0.08050,0.00304,0.26204,2.20136,0.00497,0.9750,0.4190,0.9455,0.02565,0.00241
10,hcp30,3,12,20,0.40,true,0.08125,0.00305,0.27795,2.21776,0.00509,1.0408,0.3867,0.9832,0.04206,0.00293
10,hcp30,3,12,20,0.50,true,0.08113,0.00305,0.29466,2.23609,0.00519,1.0997,0.3538,1.0247,0.06038,0.00335
10,hcp30,3,12,20,0.60,true,0.08213,0.00307,0.31311,2.25536,0.00532,1.1648,0.3222,1.0752,0.07965,0.00380
10,hcp30,3,12,20,0.70,true,0.08163,0.00306,0.33191,2.27665,0.00541,1.2294,0.2947,1.1279,0.10094,0.00421
10,hcp30,3,12,20,0.80,true,0.08200,0.00307,0.35172,2.29837,0.00553,1.2982,0.2682,1.1877,0.12267,0.00458
10,hcp30,3,12,20,0.90,true,0.08213,0.00307,0.37158,2.32060,0.00563,1.3643,0.2420,1.2513,0.14490,0.00491
10,hcp30,3,12,20,1.00,true,0.08038,0.00304,0.39229,2.34583,0.00569,1.4327,0.2178,1.3184,0.17012,0.00520
10,hcp30,3,12,20,1.10,true,0.08150,0.00306,0.41257,2.36789,0.00580,1.5050,0.1957,1.3914,0.19219,0.00550
10,hcp30,3,12,20,1.20,true,0.07975,0.00303,0.43320,2.39345,0.00586,1.5802,0.1775,1.4649,0.21774,0.00573
10,hcp30,3,3,10,0.00,true,0.08550,0.00313,0.08748,2.00774,0.00381,0.2190,0.5506,0.4592,0.02686,0.00449
10,hcp30,3,3,10,0.10,true,0.11500,0.00357,0.09399,1.98520,0.00432,0.4208,0.4626,0.4788,0.00432,0.00310
10,hcp30,3,3,10,0.20,true,0.13275,0.00379,0.10648,1.98088,0.00466,0.4964,0.3975,0.5117,0.00000,0.00000
10,hcp30,3,3,10,0.30,true,0.14350,0.00392,0.12434,1.98939,0.00494,0.5612,0.3360,0.5562,0.00851,0.00291
10,hcp30,3,3,10,0.40,true,0.14950,0.00399,0.14884,2.00993,0.00520,0.6319,0.2794,0.6151,0.02905,0.00408
10,hcp30,3,3,10,0.50,true,0.15163,0.00401,0.17424,2.03546,0.00542,0.6984,0.2368,0.6751,0.05458,0.00481
10,hcp30,3,3,10,0.60,true,0.15438,0.00404,0.20309,2.06424,0.00565,0.7660,0.1941,0.7450,0.08336,0.00545
10,hcp30,3,3,10,0.70,true,0.15600,0.00406,0.23454,2.09719,0.00588,0.8405,0.1591,0.8224,0.11631,0.00592
10,hcp30,3,3,10,0.80,true,0.15538,0.00405,0.26906,2.13604,0.00608,0.9209,0.1267,0.9094,0.15516,0.00633
10,hcp30,3,3,10,0.90,true,0.15000,0.00399,0.30079,2.17676,0.00619,0.9947,0.1046,0.9888,0.19588,0.00662
10,hcp30,3,3,10,1.00,true,0.14900,0.00398,0.33215,2.21302,0.00634,1.0756,0.0861,1.0752,0.23214,0.00687
10,hcp30,3,3,10,1.10,true,0.14388,0.00392,0.36449,2.25476,0.00643,1.1572,0.0689,1.1648,0.27388,0.00707
10,hcp30,3,3,10,1.20,true,0.13962,0.00388,0.39623,2.29527,0.00650,1.2450,0.0568,1.2579,0.31439,0.00724
10,hcp30,3,3,15,0.00,true,0.05013,0.00244,0.19188,2.15659,0.00393,0.3208,0.5481,0.6856,0.00494,0.00311
10,hcp30,3,3,15,0.10,true,0.06263,0.00271,0.19892,2.15165,0.00422,0.5804,0.4745,0.7012,0.00000,0.00000
10,hcp30,3,3,15,0.20,true,0.06875,0.00283,0.21143,2.15914,0.00440,0.6720,0.4267,0.7297,0.00749,0.00266
10,hcp30,3,3,15,0.30,true,0.07550,0.00295,0.22675,2.16922,0.00462,0.7426,0.3806,0.7674,0.01757,0.00367
10,hcp30,3,3,15,0.40,true,0.07963,0.00303,0.24434,2.18451,0.00479,0.8096,0.3409,0.8112,0.03286,0.00432
10,hcp30,3,3,15,0.50,true,0.08238,0.00307,0.26512,2.20484,0.00496,0.8751,0.3020,0.8636,0.05319,0.00472
10,hcp30,3,3,15,0.60,true,0.08525,0.00312,0.28767,2.22713,0.00513,0.9421,0.2666,0.9226,0.07548,0.00511
10,hcp30,3,3,15,0.70,true,0.08350,0.00309,0.31227,2.25650,0.00522,1.0115,0.2362,0.9857,0.10484,0.00538
10,hcp30,3,3,15,0.80,true,0.08300,0.00308,0.33604,2.28393,0.00532,1.0771,0.2080,1.0509,0.13228,0.00560
10,hcp30,3,3,15,0.90,true,0.08325,0.00309,0.36201,2.31326,0.00544,1.1542,0.1845,1.1255,0.16161,0.00586
10,hcp30,3,3,15,1.00,true,0.08088,0.00305,0.38782,2.34524,0.00549,1.2204,0.1582,1.2000,0.19359,0.00608
10,hcp30,3,3,15,1.10,true,0.07913,0.00302,0.41309,2.37628,0.00555,1.2974,0.1405,1.2776,0.22463,0.00625
10,hcp30,3,3,15,1.20,true,0.07913,0.00302,0.43850,2.40596,0.00563,1.3752,0.1220,1.3615,0.25431,0.00642
10,hcp30,3,3,20,0.00,true,0.03812,0.00214,0.28815,2.27578,0.00421,0.4173,0.5353,0.9138,0.00000,0.00000
10,hcp30,3,3,20,0.10,true,0.03975,0.00218,0.29462,2.28118,0.00427,0.7203,0.4797,0.9252,0.00539,0.00296
10,hcp30,3,3,20,0.20,true,0.04263,0.00226,0.30605,2.29090,0.00437,0.8340,0.4391,0.9520,0.01511,0.00354
10,hcp30,3,3,20,0.30,true,0.04612,0.00235,0.31855,2.30133,0.00450,0.9093,0.4013,0.9847,0.02555,0.00393
10,hcp30,3,3,20,0.40,true,0.04750,0.00238,0.33342,2.31667,0.00458,0.9819,0.3688,1.0240,0.04089,0.00420
10,hcp30,3,3,20,0.50,true,0.05087,0.00246,0.34996,2.33199,0.00472,1.0501,0.3364,1.0714,0.05621,0.00453
10,hcp30,3,3,20,0.60,true,0.05087,0.00246,0.36665,2.35106,0.00478,1.1159,0.3096,1.1187,0.07527,0.00476
10,hcp30,3,3,20,0.70,true,0.04913,0.00242,0.38572,2.37473,0.00481,1.1839,0.2833,1.1730,0.09895,0.00496
10,hcp30,3,3,20,0.80,true,0.05050,0.00245,0.40433,2.39495,0.00491,1.2525,0.2593,1.2325,0.11917,0.00520
10,hcp30,3,3,20,0.90,true,0.05050,0.00245,0.42401,2.41796,0.00497,1.3215,0.2360,1.2963,0.14218,0.00541
10,hcp30,3,3,20,1.00,true,0.05050,0.00245,0.44403,2.44156,0.00503,1.3933,0.2155,1.3638,0.16578,0.00562
10,hcp30,3,3,20,1.10,true,0.05187,0.00248,0.46270,2.46249,0.00512,1.4653,0.1978,1.4328,0.18671,0.00583
10,hcp30,3,3,20,1.20,true,0.05175,0.00248,0.48301,2.48698,0.00517,1.5390,0.1795,1.5078,0.21120,0.00600
10,hcp30,3,6,10,0.00,true,0.12387,0.00368,0.07132,1.95125,0.00422,0.4210,0.5520,0.4589,0.01025,0.00272
10,hcp30,3,6,10,0.10,true,0.13450,0.00381,0.07193,1.94182,0.00437,0.4766,0.4754,0.4789,0.00082,0.00186
10,hcp30,3,6,10,0.20,true,0.14263,0.00391,0.07823,1.94100,0.00452,0.5368,0.4028,0.5133,0.00000,0.00000
10,hcp30,3,6,10,0.30,true,0.14463,0.00393,0.08989,1.95212,0.00465,0.6004,0.3352,0.5605,0.01112,0.00195
10,hcp30,3,6,10,0.40,true,0.14750,0.00396,0.10571,1.96692,0.00482,0.6677,0.2765,0.6189,0.02592,0.00273
10,hcp30,3,6,10,0.50,true,0.14575,0.00395,0.12611,1.99141,0.00496,0.7411,0.2248,0.6880,0.05041,0.00334
10,hcp30,3,6,10,0.60,true,0.14363,0.00392,0.14903,2.01910,0.00511,0.8141,0.1803,0.7631,0.07810,0.00384
10,hcp30,3,6,10,0.70,true,0.13937,0.00387,0.17432,2.05163,0.00523,0.8930,0.1463,0.8437,0.11063,0.00432
10,hcp30,3,6,10,0.80,true,0.13587,0.00383,0.20402,2.08846,0.00538,0.9795,0.1118,0.9388,0.14746,0.00481
10,hcp30,3,6,10,0.90,true,0.13012,0.00376,0.23290,2.12673,0.00547,1.0608,0.0862,1.0290,0.18573,0.00522
10,hcp30,3,6,10,1.00,true,0.12037,0.00364,0.26348,2.17107,0.00549,1.1465,0.0686,1.1200,0.23007,0.00553
10,hcp30,3,6,10,1.10,true,0.11288,0.00354,0.29343,2.21264,0.00552,1.2328,0.0545,1.2118,0.27164,0.00581
10,hcp30,3,6,10,1.20,true,0.10325,0.00340,0.32586,2.25935,0.00550,1.3269,0.0434,1.3104,0.31835,0.00605
10,hcp30,3,6,15,0.00,true,0.06025,0.00266,0.16503,2.11551,0.00387,0.6110,0.5223,0.6817,0.00000,0.00000
10,hcp30,3,6,15,0.10,true,0.06300,0.00272,0.16698,2.11562,0.00394,0.6626,0.4677,0.7018,0.00011,0.00143
10,hcp30,3,6,15,0.20,true,0.06775,0.00281,0.17248,2.11763,0.00406,0.7239,0.4212,0.7314,0.00212,0.00207
10,hcp30,3,6,15,0.30,true,0.07175,0.00289,0.18167,2.12446,0.00420,0.7862,0.3756,0.7703,0.00895,0.00260
10,hcp30,3,6,15,0.40,true,0.07325,0.00291,0.19423,2.13754,0.00431,0.8477,0.3305,0.8172,0.02202,0.00312
10,hcp30,3,6,15,0.50,true,0.07100,0.00287,0.20988,2.15779,0.00437,0.9124,0.2912,0.8693,0.04228,0.00355
10,hcp30,3,6,15,0.60,true,0.07075,0.00287,0.22742,2.17821,0.00448,0.9798,0.2554,0.9289,0.06269,0.00400
10,hcp30,3,6,15,0.70,true,0.06775,0.00281,0.24777,2.20460,0.00454,1.0533,0.2242,0.9951,0.08908,0.00442
10,hcp30,3,6,15,0.80,true,0.06500,0.00276,0.26957,2.23244,0.00460,1.1230,0.1930,1.0657,0.11692,0.00478
10,hcp30,3,6,15,0.90,true,0.06250,0.00271,0.29181,2.26063,0.00466,1.1966,0.1684,1.1389,0.14512,0.00510
10,hcp30,3,6,15,1.00,true,0.06000,0.00266,0.31552,2.29062,0.00472,1.2713,0.1436,1.2184,0.17511,0.00543
10,hcp30,3,6,15,1.10,true,0.05962,0.00265,0.33972,2.31919,0.00481,1.3569,0.1256,1.3041,0.20368,0.00574
10,hcp30,3,6,15,1.20,true,0.05688,0.00259,0.36322,2.34946,0.00483,1.4342,0.1083,1.3865,0.23394,0.00597
10,hcp30,3,6,20,0.00,true,0.03700,0.00211,0.26139,2.24459,0.00391,0.8107,0.5116,0.9126,0.00035,0.00123
10,hcp30,3,6,20,0.10,true,0.04075,0.00221,0.26373,2.24424,0.00401,0.8641,0.4724,0.9336,0.00000,0.00000
10,hcp30,3,6,20,0.20,true,0.04175,0.00224,0.26870,2.24962,0.00406,0.9187,0.4337,0.9599,0.00538,0.00114
10,hcp30,3,6,20,0.30,true,0.04288,0.00226,0.27605,2.25754,0.00412,0.9786,0.3985,0.9935,0.01331,0.00175
10,hcp30,3,6,20,0.40,true,0.04063,0.00221,0.28577,2.27154,0.00412,1.0367,0.3636,1.0317,0.02730,0.00226
10,hcp30,3,6,20,0.50,true,0.04088,0.00221,0.29712,2.28490,0.00419,1.0996,0.3330,1.0765,0.04066,0.00264
10,hcp30,3,6,20,0.60,true,0.04025,0.00220,0.31046,2.30143,0.00424,1.1595,0.3005,1.1274,0.05719,0.00307
10,hcp30,3,6,20,0.70,true,0.03875,0.00216,0.32514,2.32044,0.00427,1.2255,0.2724,1.1832,0.07620,0.00348
10,hcp30,3,6,20,0.80,true,0.03637,0.00209,0.34162,2.34241,0.00428,1.2917,0.2449,1.2444,0.09817,0.00389
10,hcp30,3,6,20,0.90,true,0.03600,0.00208,0.35839,2.36281,0.00434,1.3593,0.2198,1.3099,0.11857,0.00424
10,hcp30,3,6,20,1.00,true,0.03625,0.00209,0.37580,2.38347,0.00441,1.4347,0.1988,1.3807,0.13923,0.00455
10,hcp30,3,6,20,1.10,true,0.03488,0.00205,0.39332,2.40596,0.00444,1.5092,0.1813,1.4508,0.16172,0.00479
10,hcp30,3,6,20,1.20,true,0.03375,0.00202,0.41160,2.42920,0.00446,1.5799,0.1612,1.5258,0.18496,0.00504
10,tour,4,12,10,0.00,true,0.39487,0.00547,0.00006,1.60518,0.00547,0.1652,0.7191,0.1902,0.17546,0.00536
10,tour,4,12,10,0.10,true,0.49288,0.00559,0.00023,1.50736,0.00559,0.2127,0.5179,0.1999,0.07764,0.00430
10,tour,4,12,10,0.20,true,0.55250,0.00556,0.00081,1.44831,0.00557,0.2759,0.3059,0.2502,0.01859,0.00283
10,tour,4,12,10,0.30,true,0.57250,0.00553,0.00222,1.42972,0.00556,0.3454,0.1497,0.3272,0.00000,0.00000
10,tour,4,12,10,0.40,true,0.57288,0.00553,0.00504,1.43216,0.00560,0.4257,0.0670,0.4168,0.00244,0.00229
10,tour,4,12,10,0.50,true,0.56237,0.00555,0.01018,1.44780,0.00568,0.5163,0.0257,0.5152,0.01808,0.00298
10,tour,4,12,10,0.60,true,0.54900,0.00556,0.01819,1.46919,0.00580,0.6118,0.0091,0.6148,0.03947,0.00342
10,tour,4,12,10,0.70,true,0.53300,0.00558,0.02947,1.49647,0.00595,0.7081,0.0040,0.7121,0.06676,0.00372
10,tour,4,12,10,0.80,true,0.51663,0.00559,0.04416,1.52754,0.00613,0.8063,0.0016,0.8108,0.09782,0.00403
10,tour,4,12,10,0.90,true,0.50000,0.00559,0.06211,1.56211,0.00632,0.9055,0.0005,0.9101,0.13239,0.00433
10,tour,4,12,10,1.00,true,0.48700,0.00559,0.08177,1.59478,0.00652,1.0046,0.0000,1.0092,0.16506,0.00460
10,tour,4,12,10,1.10,true,0.47175,0.00558,0.10351,1.63177,0.00672,1.1042,0.0000,1.1085,0.20205,0.00488
10,tour,4,12,10,1.20,true,0.45887,0.00557,0.12652,1.66766,0.00692,1.2060,0.0000,1.2101,0.23794,0.00515
10,tour,4,12,15,0.00,true,0.25900,0.00490,0.00111,1.74211,0.00491,0.2479,0.6122,0.2733,0.09116,0.00471
10,tour,4,12,15,0.10,true,0.30438,0.00514,0.00229,1.69792,0.00516,0.2941,0.4778,0.2865,0.04697,0.00407
10,tour,4,12,15,0.20,true,0.33500,0.00528,0.00474,1.66974,0.00532,0.3514,0.3498,0.3234,0.01879,0.00329
10,tour,4,12,15,0.30,true,0.35575,0.00535,0.00904,1.65330,0.00544,0.4185,0.2361,0.3851,0.00235,0.00224
10,tour,4,12,15,0.40,true,0.36488,0.00538,0.01582,1.65095,0.00553,0.4905,0.1452,0.4633,0.00000,0.00000
10,tour,4,12,15,0.50,true,0.36612,0.00539,0.02451,1.65839,0.00562,0.5641,0.0903,0.5442,0.00744,0.00190
10,tour,4,12,15,0.60,true,0.36288,0.00538,0.03674,1.67387,0.00573,0.6460,0.0469,0.6376,0.02292,0.00259
10,tour,4,12,15,0.70,true,0.35537,0.00535,0.05247,1.69710,0.00584,0.7394,0.0281,0.7347,0.04616,0.00303
10,tour,4,12,15,0.80,true,0.34650,0.00532,0.07124,1.72475,0.00597,0.8335,0.0142,0.8343,0.07380,0.00342
10,tour,4,12,15,0.90,true,0.33763,0.00529,0.09232,1.75471,0.00611,0.9286,0.0072,0.9323,0.10376,0.00367
10,tour,4,12,15,1.00,true,0.32800,0.00525,0.11589,1.78790,0.00625,1.0263,0.0028,1.0323,0.13695,0.00395
10,tour,4,12,15,1.10,true,0.31712,0.00520,0.14107,1.82397,0.00639,1.1253,0.0015,1.1316,0.17302,0.00422
10,tour,4,12,15,1.20,true,0.30562,0.00515,0.16742,1.86182,0.00651,1.2239,0.0005,1.2305,0.21087,0.00444
10,tour,4,12,20,0.00,true,0.16800,0.00418,0.00459,1.83660,0.00421,0.3217,0.5813,0.3568,0.05122,0.00403
10,tour,4,12,20,0.10,true,0.19450,0.00443,0.00725,1.81275,0.00448,0.3679,0.4840,0.3679,0.02737,0.00348
10,tour,4,12,20,0.20,true,0.21713,0.00461,0.01166,1.79453,0.00470,0.4206,0.3824,0.3989,0.00916,0.00280
10,tour,4,12,20,0.30,true,0.23212,0.00472,0.01852,1.78640,0.00486,0.4802,0.2878,0.4478,0.00102,0.00190
10,tour,4,12,20,0.40,true,0.24213,0.00479,0.02750,1.78538,0.00501,0.5448,0.2136,0.5093,0.00000,0.00000
10,tour,4,12,20,0.50,true,0.24538,0.00481,0.03839,1.79302,0.00512,0.6063,0.1516,0.5772,0.00764,0.00176
10,tour,4,12,20,0.60,true,0.24550,0.00481,0.05270,1.80720,0.00523,0.6806,0.1045,0.6573,0.02183,0.00233
10,tour,4,12,20,0.70,true,0.24313,0.00480,0.06973,1.82662,0.00535,0.7630,0.0733,0.7440,0.04124,0.00276
10,tour,4,12,20,0.80,true,0.23975,0.00477,0.08932,1.84959,0.00547,0.8476,0.0490,0.8352,0.06421,0.00308
10,tour,4,12,20,0.90,true,0.23538,0.00474,0.11115,1.87580,0.00559,0.9339,0.0304,0.9290,0.09042,0.00333
10,tour,4,12,20,1.00,true,0.22962,0.00470,0.13500,1.90540,0.00570,1.0241,0.0185,1.0246,0.12002,0.00357
10,tour,4,12,20,1.10,true,0.22437,0.00466,0.16015,1.93581,0.00582,1.1176,0.0116,1.1213,0.15043,0.00377
10,tour,4,12,20,1.20,true,0.21975,0.00463,0.18623,1.96652,0.00593,1.2127,0.0066,1.2193,0.18114,0.00396
10,tour,4,3,10,0.00,true,0.16487,0.00415,0.00015,1.83527,0.00415,0.0817,0.5598,0.2091,0.13898,0.00575
10,tour,4,3,10,0.10,true,0.24113,0.00478,0.00028,1.75915,0.00478,0.1778,0.3622,0.2309,0.06286,0.00511
10,tour,4,3,10,0.20,true,0.27437,0.00499,0.00083,1.72645,0.00499,0.2468,0.2157,0.2814,0.03016,0.00404
10,tour,4,3,10,0.30,true,0.29525,0.00510,0.00243,1.70718,0.00512,0.3172,0.1194,0.3521,0.01089,0.00278
10,tour,4,3,10,0.40,true,0.30938,0.00517,0.00567,1.69629,0.00521,0.3882,0.0590,0.4290,0.00000,0.00000
10,tour,4,3,10,0.50,true,0.31412,0.00519,0.01166,1.69754,0.00528,0.4663,0.0262,0.5133,0.00125,0.00249
10,tour,4,3,10,0.60,true,0.31800,0.00521,0.02087,1.70288,0.00538,0.5505,0.0119,0.6014,0.00658,0.00347
10,tour,4,3,10,0.70,true,0.31988,0.00521,0.03370,1.71384,0.00550,0.6404,0.0057,0.6937,0.01755,0.00411
10,tour,4,3,10,0.80,true,0.31962,0.00521,0.05031,1.73071,0.00563,0.7327,0.0028,0.7896,0.03442,0.00470
10,tour,4,3,10,0.90,true,0.31500,0.00519,0.06939,1.75443,0.00576,0.8213,0.0011,0.8809,0.05814,0.00513
10,tour,4,3,10,1.00,true,0.31038,0.00517,0.09172,1.78140,0.00592,0.9127,0.0005,0.9754,0.08511,0.00553
10,tour,4,3,10,1.10,true,0.30388,0.00514,0.11713,1.81334,0.00607,1.0065,0.0004,1.0729,0.11704,0.00593
10,tour,4,3,10,1.20,true,0.29688,0.00511,0.14369,1.84692,0.00622,1.0989,0.0002,1.1692,0.15063,0.00625
10,tour,4,3,15,0.00,true,0.10050,0.00336,0.00214,1.90164,0.00337,0.1295,0.5340,0.3036,0.07061,0.00498
10,tour,4,3,15,0.10,true,0.13875,0.00386,0.00305,1.86430,0.00388,0.2371,0.3865,0.3222,0.03327,0.00458
10,tour,4,3,15,0.20,true,0.16350,0.00413,0.00527,1.84177,0.00417,0.3119,0.2736,0.3655,0.01073,0.00377
10,tour,4,3,15,0.30,true,0.17513,0.00425,0.00900,1.83388,0.00430,0.3730,0.1890,0.4197,0.00284,0.00264
10,tour,4,3,15,0.40,true,0.18413,0.00433,0.01515,1.83103,0.00443,0.4393,0.1278,0.4855,0.00000,0.00000
10,tour,4,3,15,0.50,true,0.18825,0.00437,0.02455,1.83631,0.00453,0.5099,0.0819,0.5608,0.00527,0.00258
10,tour,4,3,15,0.60,true,0.19087,0.00439,0.03739,1.84653,0.00464,0.5864,0.0518,0.6428,0.01549,0.00347
10,tour,4,3,15,0.70,true,0.19450,0.00443,0.05304,1.85856,0.00478,0.6654,0.0298,0.7282,0.02753,0.00414
10,tour,4,3,15,0.80,true,0.19437,0.00442,0.07218,1.87785,0.00490,0.7493,0.0180,0.8165,0.04681,0.00466
10,tour,4,3,15,0.90,true,0.19437,0.00442,0.09455,1.90023,0.00505,0.8359,0.0106,0.9081,0.06919,0.00509
10,tour,4,3,15,1.00,true,0.18987,0.00438,0.11880,1.92900,0.00515,0.9218,0.0060,0.9971,0.09797,0.00539
10,tour,4,3,15,1.10,true,0.18313,0.00432,0.14569,1.96268,0.00523,1.0103,0.0031,1.0894,0.13164,0.00564
10,tour,4,3,15,1.20,true,0.17838,0.00428,0.17371,1.99547,0.00533,1.1006,0.0014,1.1834,0.16444,0.00584
10,tour,4,3,20,0.00,true,0.07100,0.00287,0.00916,1.93816,0.00292,0.1795,0.5256,0.4086,0.03341,0.00408
10,tour,4,3,20,0.10,true,0.08750,0.00316,0.01102,1.92353,0.00322,0.2909,0.4178,0.4215,0.01877,0.00354
10,tour,4,3,20,0.20,true,0.10512,0.00343,0.01458,1.90947,0.00351,0.3707,0.3371,0.4532,0.00471,0.00259
10,tour,4,3,20,0.30,true,0.11550,0.00357,0.02025,1.90476,0.00369,0.4342,0.2620,0.4972,0.00000,0.00000
10,tour,4,3,20,0.40,true,0.11987,0.00363,0.02894,1.90908,0.00380,0.4999,0.2025,0.5530,0.00433,0.00254
10,tour,4,3,20,0.50,true,0.12450,0.00369,0.04021,1.91573,0.00394,0.5647,0.1541,0.6166,0.01097,0.00344
10,tour,4,3,20,0.60,true,0.12800,0.00374,0.05517,1.92720,0.00407,0.6327,0.1078,0.6913,0.02244,0.00404
10,tour,4,3,20,0.70,true,0.13200,0.00378,0.07217,1.94022,0.00423,0.6999,0.0716,0.7682,0.03546,0.00446
10,tour,4,3,20,0.80,true,0.13475,0.00382,0.09203,1.95734,0.00438,0.7778,0.0514,0.8504,0.05258,0.00480
10,tour,4,3,20,0.90,true,0.13562,0.00383,0.11414,1.97859,0.00452,0.8570,0.0351,0.9355,0.07384,0.00507
10,tour,4,3,20,1.00,true,0.13187,0.00378,0.13952,2.00775,0.00460,0.9419,0.0240,1.0252,0.10299,0.00523
10,tour,4,3,20,1.10,true,0.12950,0.00375,0.16563,2.03627,0.00470,1.0284,0.0174,1.1152,0.13152,0.00539
10,tour,4,3,20,1.20,true,0.12600,0.00371,0.19300,2.06719,0.00478,1.1163,0.0123,1.2071,0.16243,0.00554
10,tour,4,6,10,0.00,true,0.23613,0.00475,0.00014,1.76402,0.00475,0.1644,0.6058,0.2017,0.10072,0.00453
10,tour,4,6,10,0.10,true,0.29550,0.00510,0.00007,1.70457,0.00510,0.2103,0.4021,0.2202,0.04127,0.00361
10,tour,4,6,10,0.20,true,0.32975,0.00526,0.00011,1.67036,0.00526,0.2715,0.2245,0.2726,0.00706,0.00240
10,tour,4,6,10,0.30,true,0.33700,0.00528,0.00030,1.66330,0.00529,0.3458,0.1105,0.3482,0.00000,0.00000
10,tour,4,6,10,0.40,true,0.33137,0.00526,0.00078,1.66941,0.00527,0.4294,0.0445,0.4380,0.00611,0.00205
10,tour,4,6,10,0.50,true,0.31825,0.00521,0.00181,1.68357,0.00522,0.5220,0.0178,0.5331,0.02027,0.00265
10,tour,4,6,10,0.60,true,0.29950,0.00512,0.00376,1.70426,0.00515,0.6180,0.0059,0.6306,0.04097,0.00306
10,tour,4,6,10,0.70,true,0.28313,0.00504,0.00702,1.72391,0.00509,0.7154,0.0023,0.7276,0.06061,0.00335
10,tour,4,6,10,0.80,true,0.26238,0.00492,0.01228,1.74994,0.00501,0.8188,0.0008,0.8302,0.08664,0.00366
10,tour,4,6,10,0.90,true,0.24300,0.00480,0.01929,1.77634,0.00493,0.9155,0.0007,0.9258,0.11305,0.00391
10,tour,4,6,10,1.00,true,0.21875,0.00462,0.02972,1.81106,0.00481,1.0230,0.0002,1.0328,0.14776,0.00419
10,tour,4,6,10,1.10,true,0.19550,0.00443,0.04220,1.84685,0.00469,1.1248,0.0000,1.1340,0.18355,0.00444
10,tour,4,6,10,1.20,true,0.17275,0.00423,0.05643,1.88390,0.00454,1.2221,0.0000,1.2307,0.22060,0.00467
10,tour,4,6,15,0.00,true,0.14438,0.00393,0.00165,1.85727,0.00394,0.2453,0.5560,0.3021,0.04945,0.00370
10,tour,4,6,15,0.10,true,0.16637,0.00416,0.00111,1.83473,0.00417,0.2905,0.4263,0.3173,0.02691,0.00320
10,tour,4,6,15,0.20,true,0.18025,0.00430,0.00114,1.82089,0.00430,0.3458,0.3077,0.3537,0.01308,0.00269
10,tour,4,6,15,0.30,true,0.19062,0.00439,0.00178,1.81116,0.00440,0.4091,0.2071,0.4108,0.00334,0.00186
10,tour,4,6,15,0.40,true,0.19537,0.00443,0.00319,1.80782,0.00445,0.4796,0.1275,0.4841,0.00000,0.00000
10,tour,4,6,15,0.50,true,0.19050,0.00439,0.00558,1.81509,0.00442,0.5566,0.0747,0.5657,0.00727,0.00169
10,tour,4,6,15,0.60,true,0.18575,0.00435,0.00932,1.82360,0.00440,0.6444,0.0413,0.6578,0.01578,0.00225
10,tour,4,6,15,0.70,true,0.17700,0.00427,0.01448,1.83752,0.00435,0.7331,0.0226,0.7496,0.02971,0.00260
10,tour,4,6,15,0.80,true,0.16387,0.00414,0.02171,1.85791,0.00426,0.8292,0.0121,0.8470,0.05009,0.00294
10,tour,4,6,15,0.90,true,0.14800,0.00397,0.03127,1.88338,0.00414,0.9301,0.0070,0.9477,0.07556,0.00322
10,tour,4,6,15,1.00,true,0.13462,0.00382,0.04273,1.90827,0.00404,1.0286,0.0025,1.0477,0.10045,0.00346
10,tour,4,6,15,1.10,true,0.12137,0.00365,0.05530,1.93415,0.00393,1.1220,0.0007,1.1411,0.12633,0.00367
10,tour,4,6,15,1.20,true,0.10275,0.00339,0.07174,1.96932,0.00374,1.2282,0.0003,1.2461,0.16150,0.00392
10,tour,4,6,20,0.00,true,0.09000,0.00320,0.00662,1.91662,0.00323,0.3189,0.5385,0.3987,0.02752,0.00280
10,tour,4,6,20,0.10,true,0.10100,0.00337,0.00530,1.90431,0.00340,0.3649,0.4448,0.4119,0.01520,0.00237
10,tour,4,6,20,0.20,true,0.10900,0.00348,0.00510,1.89611,0.00351,0.4150,0.3474,0.4420,0.00700,0.00171
10,tour,4,6,20,0.30,true,0.11700,0.00359,0.00609,1.88910,0.00362,0.4732,0.2627,0.4887,0.00000,0.00000
10,tour,4,6,20,0.40,true,0.11887,0.00362,0.00827,1.88941,0.00366,0.5357,0.1915,0.5475,0.00031,0.00156
10,tour,4,6,20,0.50,true,0.11812,0.00361,0.01185,1.89375,0.00367,0.6051,0.1317,0.6192,0.00465,0.00215
10,tour,4,6,20,0.60,true,0.11488,0.00357,0.01686,1.90203,0.00365,0.6822,0.0909,0.6981,0.01293,0.00249
10,tour,4,6,20,0.70,true,0.11238,0.00353,0.02361,1.91132,0.00365,0.7657,0.0601,0.7853,0.02221,0.00280
10,tour,4,6,20,0.80,true,0.10625,0.00345,0.03194,1.92581,0.00361,0.8509,0.0401,0.8731,0.03670,0.00299
10,tour,4,6,20,0.90,true,0.09688,0.00331,0.04255,1.94584,0.00352,0.9437,0.0259,0.9680,0.05674,0.00322
10,tour,4,6,20,1.00,true,0.08975,0.00320,0.05446,1.96494,0.00346,1.0349,0.0159,1.0617,0.07584,0.00340
10,tour,4,6,20,1.10,true,0.08050,0.00304,0.06815,1.98796,0.00337,1.1279,0.0098,1.1559,0.09886,0.00356
10,tour,4,6,20,1.20,true,0.07312,0.00291,0.08363,2.01092,0.00330,1.2251,0.0059,1.2536,0.12181,0.00371
10,scratch,4,12,10,0.00,true,0.35425,0.00535,0.00016,1.64591,0.00535,0.1748,0.6905,0.2027,0.14824,0.00520
10,scratch,4,12,10,0.10,true,0.43600,0.00554,0.00060,1.56460,0.00555,0.2234,0.5007,0.2139,0.06693,0.00415
10,scratch,4,12,10,0.20,true,0.48688,0.00559,0.00184,1.51496,0.00561,0.2848,0.3082,0.2614,0.01729,0.00280
10,scratch,4,12,10,0.30,true,0.50687,0.00559,0.00455,1.49767,0.00564,0.3530,0.1627,0.3347,0.00000,0.00000
10,scratch,4,12,10,0.40,true,0.50662,0.00559,0.00944,1.50282,0.00570,0.4297,0.0813,0.4190,0.00515,0.00228
10,scratch,4,12,10,0.50,true,0.49612,0.00559,0.01802,1.52190,0.00580,0.5196,0.0357,0.5167,0.02423,0.00306
10,scratch,4,12,10,0.60,true,0.48500,0.00559,0.03024,1.54525,0.00594,0.6118,0.0131,0.6148,0.04758,0.00347
10,scratch,4,12,10,0.70,true,0.46787,0.00558,0.04647,1.57861,0.00610,0.7077,0.0063,0.7119,0.08094,0.00385
10,scratch,4,12,10,0.80,true,0.45400,0.00557,0.06634,1.61236,0.00629,0.8065,0.0027,0.8117,0.11469,0.00416
10,scratch,4,12,10,0.90,true,0.43725,0.00555,0.08931,1.65209,0.00649,0.9051,0.0011,0.9106,0.15442,0.00449
10,scratch,4,12,10,1.00,true,0.42100,0.00552,0.11452,1.69357,0.00668,1.0046,0.0004,1.0101,0.19590,0.00480
10,scratch,4,12,10,1.10,true,0.40750,0.00549,0.14074,1.73331,0.00687,1.1050,0.0000,1.1105,0.23564,0.00506
10,scratch,4,12,10,1.20,true,0.39463,0.00546,0.16754,1.77301,0.00705,1.2057,0.0000,1.2109,0.27534,0.00533
10,scratch,4,12,15,0.00,true,0.21813,0.00462,0.00257,1.78445,0.00464,0.2648,0.5898,0.2953,0.05848,0.00398
10,scratch,4,12,15,0.10,true,0.25200,0.00485,0.00492,1.75293,0.00489,0.3106,0.4656,0.3090,0.02695,0.00331
10,scratch,4,12,15,0.20,true,0.27450,0.00499,0.00922,1.73473,0.00506,0.3673,0.3470,0.3453,0.00875,0.00229
10,scratch,4,12,15,0.30,true,0.29037,0.00508,0.01634,1.72597,0.00521,0.4342,0.2464,0.4033,0.00000,0.00000
10,scratch,4,12,15,0.40,true,0.30038,0.00513,0.02668,1.72631,0.00536,0.5037,0.1588,0.4780,0.00034,0.00211
10,scratch,4,12,15,0.50,true,0.30325,0.00514,0.03910,1.73586,0.00548,0.5742,0.1017,0.5559,0.00988,0.00276
10,scratch,4,12,15,0.60,true,0.29775,0.00511,0.05605,1.75832,0.00560,0.6544,0.0598,0.6448,0.03235,0.00325
10,scratch,4,12,15,0.70,true,0.29137,0.00508,0.07654,1.78519,0.00573,0.7435,0.0349,0.7401,0.05922,0.00367
10,scratch,4,12,15,0.80,true,0.28387,0.00504,0.09977,1.81594,0.00586,0.8356,0.0211,0.8359,0.08996,0.00394
10,scratch,4,12,15,0.90,true,0.27463,0.00499,0.12611,1.85155,0.00600,0.9315,0.0117,0.9355,0.12557,0.00425
10,scratch,4,12,15,1.00,true,0.26687,0.00495,0.15363,1.88684,0.00613,1.0276,0.0061,1.0343,0.16086,0.00447
10,scratch,4,12,15,1.10,true,0.25625,0.00488,0.18293,1.92678,0.00624,1.1252,0.0027,1.1337,0.20081,0.00470
10,scratch,4,12,15,1.20,true,0.24925,0.00484,0.21214,1.96303,0.00637,1.2248,0.0013,1.2337,0.23705,0.00490
10,scratch,4,12,20,0.00,true,0.13300,0.00380,0.00922,1.87623,0.00385,0.3431,0.5643,0.3894,0.02804,0.00321
10,scratch,4,12,20,0.10,true,0.15275,0.00402,0.01345,1.86071,0.00411,0.3879,0.4734,0.4010,0.01252,0.00263
10,scratch,4,12,20,0.20,true,0.16937,0.00419,0.02012,1.85075,0.00434,0.4386,0.3819,0.4294,0.00256,0.00193
10,scratch,4,12,20,0.30,true,0.18188,0.00431,0.03005,1.84819,0.00453,0.4964,0.2927,0.4761,0.00000,0.00000
10,scratch,4,12,20,0.40,true,0.18962,0.00438,0.04249,1.85288,0.00470,0.5594,0.2232,0.5340,0.00469,0.00171
10,scratch,4,12,20,0.50,true,0.19450,0.00443,0.05697,1.86249,0.00485,0.6228,0.1684,0.5986,0.01430,0.00222
10,scratch,4,12,20,0.60,true,0.19325,0.00441,0.07536,1.88214,0.00497,0.6938,0.1202,0.6747,0.03395,0.00265
10,scratch,4,12,20,0.70,true,0.19237,0.00441,0.09654,1.90421,0.00511,0.7730,0.0853,0.7589,0.05602,0.00305
10,scratch,4,12,20,0.80,true,0.18975,0.00438,0.12011,1.93043,0.00524,0.8572,0.0609,0.8474,0.08224,0.00335
10,scratch,4,12,20,0.90,true,0.18638,0.00435,0.14568,1.95939,0.00537,0.9427,0.0415,0.9391,0.11120,0.00359
10,scratch,4,12,20,1.00,true,0.17938,0.00429,0.17341,1.99415,0.00545,1.0303,0.0270,1.0327,0.14596,0.00382
10,scratch,4,12,20,1.10,true,0.17475,0.00425,0.20184,2.02724,0.00556,1.1213,0.0170,1.1285,0.17905,0.00403
10,scratch,4,12,20,1.20,true,0.16975,0.00420,0.23089,2.06133,0.00565,1.2150,0.0110,1.2250,0.21313,0.00421
10,scratch,4,3,10,0.00,true,0.15163,0.00401,0.00046,1.84883,0.00401,0.0925,0.5589,0.2255,0.11848,0.00572
10,scratch,4,3,10,0.10,true,0.21613,0.00460,0.00077,1.78465,0.00461,0.1889,0.3747,0.2455,0.05430,0.00516
10,scratch,4,3,10,0.20,true,0.24975,0.00484,0.00193,1.75219,0.00485,0.2577,0.2369,0.2930,0.02184,0.00417
10,scratch,4,3,10,0.30,true,0.26925,0.00496,0.00491,1.73566,0.00500,0.3285,0.1413,0.3618,0.00531,0.00277
10,scratch,4,3,10,0.40,true,0.28013,0.00502,0.01047,1.73035,0.00510,0.3978,0.0747,0.4378,0.00000,0.00000
10,scratch,4,3,10,0.50,true,0.28200,0.00503,0.01964,1.73766,0.00518,0.4730,0.0380,0.5194,0.00731,0.00263
10,scratch,4,3,10,0.60,true,0.28537,0.00505,0.03314,1.74780,0.00531,0.5561,0.0189,0.6076,0.01745,0.00356
10,scratch,4,3,10,0.70,true,0.28337,0.00504,0.05066,1.76735,0.00544,0.6430,0.0089,0.6982,0.03700,0.00430
10,scratch,4,3,10,0.80,true,0.28350,0.00504,0.07228,1.78887,0.00561,0.7344,0.0044,0.7936,0.05852,0.00490
10,scratch,4,3,10,0.90,true,0.27650,0.00500,0.09654,1.82018,0.00574,0.8242,0.0026,0.8857,0.08983,0.00535
10,scratch,4,3,10,1.00,true,0.27250,0.00498,0.12281,1.85050,0.00590,0.9142,0.0010,0.9795,0.12015,0.00574
10,scratch,4,3,10,1.10,true,0.26550,0.00494,0.15199,1.88674,0.00605,1.0074,0.0005,1.0764,0.15639,0.00610
10,scratch,4,3,10,1.20,true,0.26012,0.00490,0.18140,1.92162,0.00620,1.1002,0.0003,1.1730,0.19127,0.00639
10,scratch,4,3,15,0.00,true,0.09450,0.00327,0.00515,1.91065,0.00330,0.1528,0.5356,0.3335,0.05002,0.00473
10,scratch,4,3,15,0.10,true,0.12312,0.00367,0.00690,1.88379,0.00371,0.2601,0.3999,0.3508,0.02315,0.00406
10,scratch,4,3,15,0.20,true,0.13825,0.00386,0.01071,1.87247,0.00392,0.3352,0.3007,0.3889,0.01184,0.00286
10,scratch,4,3,15,0.30,true,0.15613,0.00406,0.01674,1.86064,0.00416,0.3934,0.2160,0.4406,0.00000,0.00000
10,scratch,4,3,15,0.40,true,0.16062,0.00411,0.02666,1.86606,0.00428,0.4596,0.1526,0.5045,0.00543,0.00272
10,scratch,4,3,15,0.50,true,0.16675,0.00417,0.03968,1.87297,0.00443,0.5278,0.1053,0.5765,0.01233,0.00371
10,scratch,4,3,15,0.60,true,0.17000,0.00420,0.05619,1.88626,0.00457,0.5995,0.0688,0.6554,0.02562,0.00442
10,scratch,4,3,15,0.70,true,0.17137,0.00421,0.07634,1.90506,0.00471,0.6764,0.0437,0.7390,0.04442,0.00489
10,scratch,4,3,15,0.80,true,0.16800,0.00418,0.10004,1.93218,0.00482,0.7578,0.0272,0.8264,0.07154,0.00524
10,scratch,4,3,15,0.90,true,0.16550,0.00415,0.12732,1.96201,0.00495,0.8453,0.0165,0.9202,0.10137,0.00555
10,scratch,4,3,15,1.00,true,0.15887,0.00409,0.15562,1.99701,0.00503,0.9309,0.0100,1.0097,0.13637,0.00571
10,scratch,4,3,15,1.10,true,0.15413,0.00404,0.18476,2.03098,0.00512,1.0182,0.0065,1.1007,0.17034,0.00589
10,scratch,4,3,15,1.20,true,0.15100,0.00400,0.21417,2.06361,0.00522,1.1054,0.0032,1.1928,0.20297,0.00606
10,scratch,4,3,20,0.00,true,0.06450,0.00275,0.01883,1.95437,0.00285,0.2222,0.5257,0.4573,0.01593,0.00364
10,scratch,4,3,20,0.10,true,0.07800,0.00300,0.02179,1.94382,0.00312,0.3330,0.4380,0.4682,0.00538,0.00261
10,scratch,4,3,20,0.20,true,0.08937,0.00319,0.02778,1.93844,0.00335,0.4087,0.3624,0.4957,0.00000,0.00000
10,scratch,4,3,20,0.30,true,0.09825,0.00333,0.03683,1.93863,0.00355,0.4743,0.2940,0.5376,0.00019,0.00263
10,scratch,4,3,20,0.40,true,0.10275,0.00339,0.04888,1.94620,0.00370,0.5344,0.2321,0.5887,0.00776,0.00352
10,scratch,4,3,20,0.50,true,0.10575,0.00344,0.06343,1.95776,0.00383,0.5960,0.1837,0.6469,0.01932,0.00403
10,scratch,4,3,20,0.60,true,0.11088,0.00351,0.08178,1.97102,0.00402,0.6626,0.1392,0.7172,0.03258,0.00440
10,scratch,4,3,20,0.70,true,0.11263,0.00353,0.10278,1.99031,0.00416,0.7291,0.1007,0.7923,0.05187,0.00468
10,scratch,4,3,20,0.80,true,0.11338,0.00354,0.12661,2.01345,0.00431,0.8025,0.0711,0.8746,0.07500,0.00489
10,scratch,4,3,20,0.90,true,0.11188,0.00352,0.15180,2.04020,0.00442,0.8807,0.0526,0.9579,0.10175,0.00508
10,scratch,4,3,20,1.00,true,0.11025,0.00350,0.17805,2.06815,0.00452,0.9583,0.0372,1.0428,0.12970,0.00524
10,scratch,4,3,20,1.10,true,0.10900,0.00348,0.20543,2.09686,0.00462,1.0403,0.0261,1.1313,0.15842,0.00542
10,scratch,4,3,20,1.20,true,0.10637,0.00345,0.23300,2.12716,0.00470,1.1225,0.0187,1.2188,0.18872,0.00552
10,scratch,4,6,10,0.00,true,0.20650,0.00453,0.00039,1.79389,0.00453,0.1756,0.5931,0.2179,0.08429,0.00436
10,scratch,4,6,10,0.10,true,0.25425,0.00487,0.00020,1.74595,0.00487,0.2224,0.4043,0.2369,0.03635,0.00351
10,scratch,4,6,10,0.20,true,0.28175,0.00503,0.00029,1.71854,0.00503,0.2823,0.2383,0.2868,0.00894,0.00241
10,scratch,4,6,10,0.30,true,0.29113,0.00508,0.00072,1.70960,0.00508,0.3532,0.1217,0.3595,0.00000,0.00000
10,scratch,4,6,10,0.40,true,0.28425,0.00504,0.00179,1.71755,0.00506,0.4348,0.0582,0.4446,0.00795,0.00199
10,scratch,4,6,10,0.50,true,0.27613,0.00500,0.00393,1.72782,0.00503,0.5240,0.0245,0.5377,0.01822,0.00255
10,scratch,4,6,10,0.60,true,0.26100,0.00491,0.00772,1.74675,0.00496,0.6204,0.0093,0.6359,0.03715,0.00297
10,scratch,4,6,10,0.70,true,0.24413,0.00480,0.01344,1.76939,0.00489,0.7163,0.0038,0.7317,0.05979,0.00328
10,scratch,4,6,10,0.80,true,0.22525,0.00467,0.02187,1.79674,0.00481,0.8172,0.0013,0.8321,0.08714,0.00355
10,scratch,4,6,10,0.90,true,0.20775,0.00454,0.03236,1.82482,0.00474,0.9138,0.0008,0.9275,0.11522,0.00380
10,scratch,4,6,10,1.00,true,0.18812,0.00437,0.04712,1.85932,0.00465,1.0230,0.0006,1.0357,0.14972,0.00407
10,scratch,4,6,10,1.10,true,0.16737,0.00417,0.06380,1.89690,0.00453,1.1253,0.0003,1.1374,0.18730,0.00433
10,scratch,4,6,10,1.20,true,0.14638,0.00395,0.08174,1.93603,0.00438,1.2206,0.0001,1.2322,0.22643,0.00456
10,scratch,4,6,15,0.00,true,0.11900,0.00362,0.00385,1.88485,0.00364,0.2641,0.5478,0.3322,0.03676,0.00342
10,scratch,4,6,15,0.10,true,0.13775,0.00385,0.00290,1.86516,0.00387,0.3079,0.4259,0.3480,0.01706,0.00302
10,scratch,4,6,15,0.20,true,0.14713,0.00396,0.00312,1.85600,0.00398,0.3628,0.3160,0.3831,0.00791,0.00250
10,scratch,4,6,15,0.30,true,0.15463,0.00404,0.00450,1.84990,0.00407,0.4259,0.2234,0.4370,0.00180,0.00176
10,scratch,4,6,15,0.40,true,0.15925,0.00409,0.00731,1.84809,0.00413,0.4952,0.1456,0.5075,0.00000,0.00000
10,scratch,4,6,15,0.50,true,0.15550,0.00405,0.01157,1.85613,0.00412,0.5675,0.0904,0.5840,0.00804,0.00157
10,scratch,4,6,15,0.60,true,0.14963,0.00399,0.01784,1.86832,0.00409,0.6510,0.0547,0.6709,0.02022,0.00211
10,scratch,4,6,15,0.70,true,0.14088,0.00389,0.02606,1.88535,0.00404,0.7382,0.0332,0.7604,0.03726,0.00250
10,scratch,4,6,15,0.80,true,0.13050,0.00377,0.03671,1.90646,0.00397,0.8294,0.0171,0.8555,0.05837,0.00281
10,scratch,4,6,15,0.90,true,0.12137,0.00365,0.04994,1.92893,0.00392,0.9294,0.0104,0.9553,0.08084,0.00303
10,scratch,4,6,15,1.00,true,0.10712,0.00346,0.06550,1.95890,0.00379,1.0292,0.0062,1.0548,0.11080,0.00335
10,scratch,4,6,15,1.10,true,0.09638,0.00330,0.08181,1.98612,0.00370,1.1211,0.0024,1.1481,0.13803,0.00354
10,scratch,4,6,15,1.20,true,0.08475,0.00311,0.10218,2.01836,0.00359,1.2268,0.0007,1.2535,0.17027,0.00374
10,scratch,4,6,20,0.00,true,0.06888,0.00283,0.01436,1.94551,0.00291,0.3423,0.5304,0.4464,0.01998,0.00253
10,scratch,4,6,20,0.10,true,0.07675,0.00298,0.01256,1.93584,0.00304,0.3859,0.4416,0.4601,0.01031,0.00208
10,scratch,4,6,20,0.20,true,0.08263,0.00308,0.01264,1.93005,0.00314,0.4378,0.3548,0.4895,0.00453,0.00147
10,scratch,4,6,20,0.30,true,0.08912,0.00319,0.01459,1.92553,0.00326,0.4947,0.2751,0.5341,0.00000,0.00000
10,scratch,4,6,20,0.40,true,0.08987,0.00320,0.01847,1.92869,0.00329,0.5566,0.2086,0.5894,0.00316,0.00141
10,scratch,4,6,20,0.50,true,0.09150,0.00322,0.02428,1.93292,0.00335,0.6227,0.1491,0.6571,0.00739,0.00193
10,scratch,4,6,20,0.60,true,0.08900,0.00318,0.03204,1.94324,0.00335,0.6952,0.1052,0.7316,0.01771,0.00228
10,scratch,4,6,20,0.70,true,0.08450,0.00311,0.04209,1.95788,0.00333,0.7771,0.0752,0.8138,0.03236,0.00255
10,scratch,4,6,20,0.80,true,0.08075,0.00305,0.05377,1.97342,0.00332,0.8587,0.0510,0.8989,0.04789,0.00278
10,scratch,4,6,20,0.90,true,0.07637,0.00297,0.06812,1.99229,0.00331,0.9510,0.0355,0.9921,0.06676,0.00299
10,scratch,4,6,20,1.00,true,0.07050,0.00286,0.08362,2.01384,0.00327,1.0396,0.0237,1.0828,0.08831,0.00317
10,scratch,4,6,20,1.10,true,0.06525,0.00276,0.10067,2.03634,0.00325,1.1299,0.0154,1.1748,0.11081,0.00330
10,scratch,4,6,20,1.20,true,0.05563,0.00256,0.12000,2.06554,0.00312,1.2241,0.0097,1.2698,0.14001,0.00344
10,mid,4,12,10,0.00,true,0.28400,0.00504,0.00081,1.71681,0.00505,0.1867,0.6426,0.2219,0.09684,0.00475
10,mid,4,12,10,0.10,true,0.34537,0.00532,0.00225,1.65688,0.00534,0.2376,0.4736,0.2357,0.03691,0.00385
10,mid,4,12,10,0.20,true,0.37975,0.00543,0.00581,1.62606,0.00548,0.2962,0.3027,0.2804,0.00610,0.00259
10,mid,4,12,10,0.30,true,0.39250,0.00546,0.01245,1.61996,0.00558,0.3638,0.1786,0.3479,0.00000,0.00000
10,mid,4,12,10,0.40,true,0.39425,0.00546,0.02310,1.62887,0.00570,0.4383,0.0962,0.4294,0.00891,0.00231
10,mid,4,12,10,0.50,true,0.38650,0.00544,0.03929,1.65283,0.00584,0.5235,0.0481,0.5214,0.03287,0.00303
10,mid,4,12,10,0.60,true,0.37588,0.00542,0.06065,1.68485,0.00601,0.6154,0.0228,0.6185,0.06489,0.00355
10,mid,4,12,10,0.70,true,0.36262,0.00538,0.08637,1.72385,0.00620,0.7083,0.0102,0.7149,0.10389,0.00394
10,mid,4,12,10,0.80,true,0.34800,0.00533,0.11611,1.76827,0.00638,0.8053,0.0050,0.8130,0.14831,0.00426
10,mid,4,12,10,0.90,true,0.33475,0.00528,0.14802,1.81350,0.00657,0.9032,0.0023,0.9116,0.19354,0.00458
10,mid,4,12,10,1.00,true,0.32138,0.00522,0.18166,1.86060,0.00674,1.0031,0.0013,1.0114,0.24064,0.00488
10,mid,4,12,10,1.10,true,0.30675,0.00516,0.21628,1.90995,0.00689,1.1029,0.0004,1.1114,0.28999,0.00518
10,mid,4,12,10,1.20,true,0.29762,0.00511,0.24918,1.95209,0.00705,1.2033,0.0002,1.2116,0.33213,0.00539
10,mid,4,12,15,0.00,true,0.15950,0.00409,0.00818,1.84870,0.00415,0.2897,0.5611,0.3331,0.01849,0.00290
10,mid,4,12,15,0.10,true,0.17775,0.00427,0.01353,1.83580,0.00437,0.3329,0.4453,0.3477,0.00559,0.00204
10,mid,4,12,15,0.20,true,0.19225,0.00441,0.02243,1.83021,0.00457,0.3888,0.3415,0.3827,0.00000,0.00000
10,mid,4,12,15,0.30,true,0.20325,0.00450,0.03538,1.83218,0.00477,0.4531,0.2512,0.4367,0.00197,0.00201
10,mid,4,12,15,0.40,true,0.20788,0.00454,0.05302,1.84522,0.00495,0.5212,0.1736,0.5056,0.01501,0.00271
10,mid,4,12,15,0.50,true,0.20888,0.00454,0.07289,1.86413,0.00511,0.5886,0.1188,0.5779,0.03392,0.00318
10,mid,4,12,15,0.60,true,0.20900,0.00455,0.09779,1.88895,0.00529,0.6675,0.0779,0.6626,0.05873,0.00356
10,mid,4,12,15,0.70,true,0.20550,0.00452,0.12630,1.92102,0.00545,0.7495,0.0464,0.7529,0.09081,0.00390
10,mid,4,12,15,0.80,true,0.19900,0.00446,0.15791,1.95921,0.00559,0.8400,0.0298,0.8468,0.12900,0.00421
10,mid,4,12,15,0.90,true,0.19362,0.00442,0.19105,1.99782,0.00573,0.9336,0.0192,0.9430,0.16761,0.00445
10,mid,4,12,15,1.00,true,0.18762,0.00436,0.22554,2.03842,0.00585,1.0287,0.0115,1.0410,0.20821,0.00468
10,mid,4,12,15,1.10,true,0.18138,0.00431,0.26004,2.07931,0.00595,1.1247,0.0067,1.1392,0.24910,0.00485
10,mid,4,12,15,1.20,true,0.17388,0.00424,0.29513,2.12207,0.00602,1.2223,0.0035,1.2384,0.29186,0.00503
10,mid,4,12,20,0.00,true,0.09162,0.00323,0.02460,1.93308,0.00338,0.3745,0.5486,0.4483,0.00385,0.00232
10,mid,4,12,20,0.10,true,0.10300,0.00340,0.03223,1.92933,0.00361,0.4168,0.4640,0.4607,0.00010,0.00167
10,mid,4,12,20,0.20,true,0.11463,0.00356,0.04375,1.92923,0.00387,0.4684,0.3826,0.4890,0.00000,0.00000
10,mid,4,12,20,0.30,true,0.12212,0.00366,0.05969,1.93769,0.00408,0.5251,0.3023,0.5326,0.00846,0.00159
10,mid,4,12,20,0.40,true,0.12637,0.00371,0.07852,1.95231,0.00427,0.5886,0.2415,0.5863,0.02308,0.00217
10,mid,4,12,20,0.50,true,0.13037,0.00376,0.09920,1.96903,0.00446,0.6499,0.1884,0.6469,0.03981,0.00262
10,mid,4,12,20,0.60,true,0.13087,0.00377,0.12420,1.99360,0.00463,0.7172,0.1389,0.7191,0.06437,0.00302
10,mid,4,12,20,0.70,true,0.12887,0.00375,0.15157,2.02305,0.00476,0.7912,0.1042,0.7957,0.09382,0.00328
10,mid,4,12,20,0.80,true,0.12700,0.00372,0.18129,2.05474,0.00490,0.8707,0.0767,0.8790,0.12551,0.00354
10,mid,4,12,20,0.90,true,0.12362,0.00368,0.21298,2.08993,0.00500,0.9544,0.0565,0.9662,0.16070,0.00379
10,mid,4,12,20,1.00,true,0.12037,0.00364,0.24597,2.12631,0.00510,1.0420,0.0408,1.0579,0.19708,0.00402
10,mid,4,12,20,1.10,true,0.11625,0.00358,0.27904,2.16367,0.00517,1.1286,0.0276,1.1501,0.23444,0.00420
10,mid,4,12,20,1.20,true,0.11213,0.00353,0.31190,2.20085,0.00523,1.2192,0.0197,1.2433,0.27162,0.00433
10,mid,4,3,10,0.00,true,0.13775,0.00385,0.00216,1.86442,0.00386,0.1157,0.5623,0.2536,0.07912,0.00549
10,mid,4,3,10,0.10,true,0.18525,0.00434,0.00338,1.81814,0.00436,0.2091,0.3989,0.2704,0.03284,0.00468
10,mid,4,3,10,0.20,true,0.21200,0.00457,0.00691,1.79494,0.00462,0.2774,0.2643,0.3152,0.00963,0.00330
10,mid,4,3,10,0.30,true,0.22887,0.00470,0.01413,1.78530,0.00480,0.3466,0.1689,0.3802,0.00000,0.00000
10,mid,4,3,10,0.40,true,0.23650,0.00475,0.02548,1.78907,0.00494,0.4156,0.1048,0.4526,0.00376,0.00287
10,mid,4,3,10,0.50,true,0.23788,0.00476,0.04153,1.80380,0.00507,0.4870,0.0582,0.5326,0.01850,0.00397
10,mid,4,3,10,0.60,true,0.23387,0.00473,0.06324,1.82961,0.00520,0.5657,0.0310,0.6186,0.04430,0.00471
10,mid,4,3,10,0.70,true,0.23175,0.00472,0.08899,1.85760,0.00537,0.6498,0.0159,0.7082,0.07230,0.00524
10,mid,4,3,10,0.80,true,0.22812,0.00469,0.11938,1.89178,0.00555,0.7408,0.0084,0.8040,0.10648,0.00569
10,mid,4,3,10,0.90,true,0.22600,0.00468,0.14970,1.92442,0.00573,0.8285,0.0048,0.8951,0.13912,0.00603
10,mid,4,3,10,1.00,true,0.22075,0.00464,0.18216,1.96237,0.00588,0.9176,0.0029,0.9879,0.17707,0.00633
10,mid,4,3,10,1.10,true,0.21400,0.00459,0.21691,2.00417,0.00601,1.0105,0.0013,1.0853,0.21886,0.00661
10,mid,4,3,10,1.20,true,0.20750,0.00453,0.25074,2.04483,0.00613,1.1024,0.0008,1.1812,0.25953,0.00677
10,mid,4,3,15,0.00,true,0.08025,0.00304,0.01707,1.93690,0.00313,0.2100,0.5344,0.3900,0.02211,0.00422
10,mid,4,3,15,0.10,true,0.09650,0.00330,0.02147,1.92506,0.00343,0.3083,0.4210,0.4041,0.01027,0.00308
10,mid,4,3,15,0.20,true,0.11575,0.00358,0.03042,1.91479,0.00377,0.3830,0.3347,0.4412,0.00000,0.00000
10,mid,4,3,15,0.30,true,0.12525,0.00370,0.04188,1.91679,0.00397,0.4379,0.2584,0.4864,0.00200,0.00290
10,mid,4,3,15,0.40,true,0.13262,0.00379,0.05731,1.92490,0.00417,0.4946,0.1899,0.5435,0.01011,0.00395
10,mid,4,3,15,0.50,true,0.13125,0.00378,0.07793,1.94700,0.00429,0.5621,0.1422,0.6112,0.03221,0.00453
10,mid,4,3,15,0.60,true,0.13075,0.00377,0.10267,1.97237,0.00444,0.6314,0.0979,0.6889,0.05758,0.00493
10,mid,4,3,15,0.70,true,0.13200,0.00378,0.12934,1.99794,0.00461,0.7065,0.0698,0.7698,0.08315,0.00525
10,mid,4,3,15,0.80,true,0.12825,0.00374,0.15891,2.03146,0.00472,0.7832,0.0480,0.8540,0.11667,0.00545
10,mid,4,3,15,0.90,true,0.12525,0.00370,0.19082,2.06660,0.00484,0.8639,0.0306,0.9443,0.15181,0.00565
10,mid,4,3,15,1.00,true,0.12337,0.00368,0.22213,2.10007,0.00496,0.9479,0.0222,1.0326,0.18528,0.00582
10,mid,4,3,15,1.10,true,0.12012,0.00363,0.25408,2.13559,0.00504,1.0307,0.0141,1.1225,0.22080,0.00595
10,mid,4,3,15,1.20,true,0.11775,0.00360,0.28582,2.17006,0.00513,1.1163,0.0088,1.2144,0.25527,0.00603
10,mid,4,3,20,0.00,true,0.05538,0.00256,0.05259,1.99755,0.00289,0.3223,0.5255,0.5543,0.00000,0.00000
10,mid,4,3,20,0.10,true,0.06212,0.00270,0.05971,1.99791,0.00308,0.4314,0.4619,0.5655,0.00037,0.00300
10,mid,4,3,20,0.20,true,0.07175,0.00289,0.06965,1.99825,0.00333,0.4928,0.3940,0.5886,0.00070,0.00374
10,mid,4,3,20,0.30,true,0.07262,0.00290,0.08420,2.01197,0.00345,0.5566,0.3389,0.6241,0.01443,0.00398
10,mid,4,3,20,0.40,true,0.07525,0.00295,0.10245,2.02769,0.00361,0.6165,0.2829,0.6722,0.03014,0.00416
10,mid,4,3,20,0.50,true,0.07975,0.00303,0.12208,2.04293,0.00382,0.6736,0.2346,0.7262,0.04538,0.00441
10,mid,4,3,20,0.60,true,0.08125,0.00305,0.14474,2.06424,0.00397,0.7341,0.1907,0.7881,0.06669,0.00461
10,mid,4,3,20,0.70,true,0.08325,0.00309,0.16806,2.08574,0.00413,0.7923,0.1527,0.8527,0.08819,0.00481
10,mid,4,3,20,0.80,true,0.08538,0.00312,0.19455,2.11033,0.00430,0.8592,0.1185,0.9291,0.11278,0.00499
10,mid,4,3,20,0.90,true,0.08413,0.00310,0.22135,2.13864,0.00441,0.9257,0.0913,1.0051,0.14109,0.00512
10,mid,4,3,20,1.00,true,0.08238,0.00307,0.24958,2.16892,0.00449,0.9991,0.0702,1.0873,0.17138,0.00522
10,mid,4,3,20,1.10,true,0.08163,0.00306,0.27795,2.19839,0.00459,1.0732,0.0514,1.1727,0.20084,0.00534
10,mid,4,3,20,1.20,true,0.08000,0.00303,0.30595,2.22841,0.00465,1.1504,0.0393,1.2577,0.23086,0.00543
10,mid,4,6,10,0.00,true,0.15837,0.00408,0.00167,1.84330,0.00409,0.1918,0.5699,0.2467,0.05949,0.00377
10,mid,4,6,10,0.10,true,0.19137,0.00440,0.00113,1.80976,0.00440,0.2374,0.4038,0.2652,0.02595,0.00311
10,mid,4,6,10,0.20,true,0.21400,0.00459,0.00159,1.78760,0.00460,0.2961,0.2535,0.3124,0.00379,0.00213
10,mid,4,6,10,0.30,true,0.21950,0.00463,0.00327,1.78381,0.00465,0.3655,0.1456,0.3801,0.00000,0.00000
10,mid,4,6,10,0.40,true,0.21588,0.00460,0.00672,1.79093,0.00464,0.4442,0.0778,0.4613,0.00712,0.00184
10,mid,4,6,10,0.50,true,0.20850,0.00454,0.01254,1.80420,0.00462,0.5297,0.0374,0.5509,0.02039,0.00242
10,mid,4,6,10,0.60,true,0.19850,0.00446,0.02126,1.82305,0.00460,0.6225,0.0179,0.6455,0.03924,0.00279
10,mid,4,6,10,0.70,true,0.18775,0.00437,0.03304,1.84577,0.00457,0.7166,0.0075,0.7409,0.06196,0.00307
10,mid,4,6,10,0.80,true,0.17175,0.00422,0.04883,1.87782,0.00451,0.8172,0.0035,0.8409,0.09401,0.00335
10,mid,4,6,10,0.90,true,0.15650,0.00406,0.06676,1.91135,0.00445,0.9122,0.0018,0.9350,0.12753,0.00359
10,mid,4,6,10,1.00,true,0.13825,0.00386,0.09032,1.95364,0.00435,1.0192,0.0007,1.0411,0.16983,0.00388
10,mid,4,6,10,1.10,true,0.12125,0.00365,0.11533,1.99623,0.00424,1.1202,0.0006,1.1410,0.21242,0.00414
10,mid,4,6,10,1.20,true,0.10187,0.00338,0.14181,2.04275,0.00406,1.2158,0.0006,1.2357,0.25894,0.00438
10,mid,4,6,15,0.00,true,0.08563,0.00313,0.01357,1.92800,0.00320,0.2882,0.5353,0.3887,0.01966,0.00222
10,mid,4,6,15,0.10,true,0.09850,0.00333,0.01209,1.91366,0.00339,0.3305,0.4240,0.4056,0.00533,0.00163
10,mid,4,6,15,0.20,true,0.10500,0.00343,0.01322,1.90834,0.00350,0.3863,0.3258,0.4401,0.00000,0.00000
10,mid,4,6,15,0.30,true,0.10837,0.00348,0.01704,1.90885,0.00357,0.4471,0.2407,0.4897,0.00052,0.00151
10,mid,4,6,15,0.40,true,0.11050,0.00351,0.02357,1.91337,0.00363,0.5135,0.1677,0.5542,0.00503,0.00210
10,mid,4,6,15,0.50,true,0.10700,0.00346,0.03256,1.92601,0.00364,0.5813,0.1114,0.6249,0.01768,0.00240
10,mid,4,6,15,0.60,true,0.10325,0.00340,0.04487,1.94229,0.00365,0.6619,0.0712,0.7081,0.03396,0.00273
10,mid,4,6,15,0.70,true,0.09813,0.00333,0.05951,1.96233,0.00365,0.7453,0.0456,0.7936,0.05400,0.00298
10,mid,4,6,15,0.80,true,0.09212,0.00323,0.07735,1.98653,0.00365,0.8358,0.0284,0.8857,0.07820,0.00322
10,mid,4,6,15,0.90,true,0.08363,0.00309,0.09846,2.01660,0.00361,0.9309,0.0166,0.9820,0.10827,0.00339
10,mid,4,6,15,1.00,true,0.07675,0.00298,0.12146,2.04702,0.00359,1.0283,0.0107,1.0789,0.13868,0.00358
10,mid,4,6,15,1.10,true,0.06763,0.00281,0.14482,2.08009,0.00351,1.1199,0.0076,1.1692,0.17175,0.00374
10,mid,4,6,15,1.20,true,0.05775,0.00261,0.17283,2.11874,0.00340,1.2211,0.0033,1.2717,0.21041,0.00390
10,mid,4,6,20,0.00,true,0.04412,0.00230,0.04578,2.00190,0.00256,0.3736,0.5253,0.5394,0.00800,0.00173
10,mid,4,6,20,0.10,true,0.04850,0.00240,0.04393,1.99573,0.00265,0.4157,0.4434,0.5547,0.00184,0.00126
10,mid,4,6,20,0.20,true,0.05175,0.00248,0.04525,1.99389,0.00273,0.4690,0.3678,0.5835,0.00000,0.00000
10,mid,4,6,20,0.30,true,0.05525,0.00255,0.04973,1.99500,0.00283,0.5209,0.2915,0.6248,0.00111,0.00118
10,mid,4,6,20,0.40,true,0.05738,0.00260,0.05730,2.00062,0.00292,0.5819,0.2295,0.6771,0.00673,0.00161
10,mid,4,6,20,0.50,true,0.05700,0.00259,0.06795,2.01188,0.00297,0.6474,0.1754,0.7392,0.01799,0.00196
10,mid,4,6,20,0.60,true,0.05912,0.00264,0.08110,2.02320,0.00309,0.7151,0.1286,0.8093,0.02931,0.00221
10,mid,4,6,20,0.70,true,0.05688,0.00259,0.09709,2.04180,0.00312,0.7920,0.0946,0.8862,0.04791,0.00245
10,mid,4,6,20,0.80,true,0.05325,0.00251,0.11494,2.06370,0.00313,0.8709,0.0702,0.9651,0.06980,0.00263
10,mid,4,6,20,0.90,true,0.04950,0.00243,0.13578,2.08881,0.00314,0.9563,0.0485,1.0530,0.09492,0.00284
10,mid,4,6,20,1.00,true,0.04550,0.00233,0.15738,2.11499,0.00314,1.0434,0.0363,1.1392,0.12110,0.00300
10,mid,4,6,20,1.10,true,0.04150,0.00223,0.18052,2.14277,0.00312,1.1306,0.0252,1.2280,0.14888,0.00316
10,mid,4,6,20,1.20,true,0.03737,0.00212,0.20554,2.17266,0.00310,1.2224,0.0165,1.3214,0.17877,0.00333
10,high,4,12,10,0.00,true,0.22987,0.00470,0.00323,1.77338,0.00473,0.2057,0.6122,0.2462,0.05934,0.00446
10,high,4,12,10,0.10,true,0.27225,0.00498,0.00692,1.73470,0.00503,0.2564,0.4584,0.2615,0.02066,0.00360
10,high,4,12,10,0.20,true,0.30012,0.00512,0.01457,1.71449,0.00525,0.3132,0.3077,0.3039,0.00046,0.00247
10,high,4,12,10,0.30,true,0.31325,0.00519,0.02720,1.71404,0.00543,0.3822,0.1986,0.3683,0.00000,0.00000
10,high,4,12,10,0.40,true,0.31562,0.00520,0.04453,1.72906,0.00560,0.4508,0.1163,0.4434,0.01502,0.00212
10,high,4,12,10,0.50,true,0.30588,0.00515,0.06901,1.76338,0.00577,0.5329,0.0670,0.5304,0.04934,0.00290
10,high,4,12,10,0.60,true,0.29688,0.00511,0.09833,1.80184,0.00596,0.6191,0.0356,0.6227,0.08780,0.00342
10,high,4,12,10,0.70,true,0.28875,0.00507,0.13207,1.84387,0.00618,0.7116,0.0183,0.7195,0.12983,0.00384
10,high,4,12,10,0.80,true,0.27763,0.00501,0.16897,1.89211,0.00637,0.8067,0.0090,0.8173,0.17807,0.00423
10,high,4,12,10,0.90,true,0.26550,0.00494,0.20802,1.94355,0.00654,0.9043,0.0046,0.9161,0.22951,0.00458
10,high,4,12,10,1.00,true,0.25612,0.00488,0.24673,1.99193,0.00670,1.0032,0.0029,1.0151,0.27789,0.00484
10,high,4,12,10,1.10,true,0.24588,0.00481,0.28501,2.04081,0.00683,1.1016,0.0018,1.1134,0.32677,0.00505
10,high,4,12,10,1.20,true,0.23513,0.00474,0.32277,2.08973,0.00693,1.2004,0.0008,1.2126,0.37569,0.00526
10,high,4,12,15,0.00,true,0.12212,0.00366,0.02122,1.89929,0.00380,0.3167,0.5446,0.3765,0.00424,0.00179
10,high,4,12,15,0.10,true,0.13537,0.00383,0.03023,1.89505,0.00404,0.3599,0.4415,0.3921,0.00000,0.00000
10,high,4,12,15,0.20,true,0.14375,0.00392,0.04409,1.90058,0.00424,0.4140,0.3470,0.4252,0.00553,0.00183
10,high,4,12,15,0.30,true,0.15038,0.00400,0.06326,1.91319,0.00446,0.4763,0.2639,0.4756,0.01814,0.00255
10,high,4,12,15,0.40,true,0.15375,0.00403,0.08756,1.93424,0.00468,0.5458,0.1979,0.5392,0.03918,0.00303
10,high,4,12,15,0.50,true,0.15538,0.00405,0.11369,1.95888,0.00487,0.6088,0.1415,0.6072,0.06383,0.00345
10,high,4,12,15,0.60,true,0.15375,0.00403,0.14509,1.99210,0.00505,0.6842,0.0997,0.6862,0.09705,0.00380
10,high,4,12,15,0.70,true,0.15313,0.00403,0.17941,2.02729,0.00525,0.7655,0.0688,0.7724,0.13224,0.00412
10,high,4,12,15,0.80,true,0.15025,0.00399,0.21587,2.06691,0.00541,0.8476,0.0421,0.8633,0.17186,0.00440
10,high,4,12,15,0.90,true,0.14513,0.00394,0.25379,2.11030,0.00552,0.9390,0.0294,0.9565,0.21525,0.00463
10,high,4,12,15,1.00,true,0.14163,0.00390,0.29140,2.15179,0.00564,1.0322,0.0202,1.0519,0.25674,0.00481
10,high,4,12,15,1.10,true,0.13750,0.00385,0.32889,2.19385,0.00573,1.1266,0.0132,1.1490,0.29880,0.00496
10,high,4,12,15,1.20,true,0.13350,0.00380,0.36528,2.23472,0.00580,1.2216,0.0081,1.2465,0.33967,0.00507
10,high,4,12,20,0.00,true,0.06750,0.00280,0.05565,1.98886,0.00317,0.4099,0.5410,0.5164,0.00000,0.00000
10,high,4,12,20,0.10,true,0.07425,0.00293,0.06674,1.99318,0.00338,0.4515,0.4649,0.5290,0.00431,0.00137
10,high,4,12,20,0.20,true,0.08163,0.00306,0.08241,2.00150,0.00363,0.5035,0.3925,0.5561,0.01263,0.00204
10,high,4,12,20,0.30,true,0.08450,0.00311,0.10321,2.01951,0.00382,0.5582,0.3187,0.5963,0.03065,0.00250
10,high,4,12,20,0.40,true,0.08937,0.00319,0.12660,2.03815,0.00406,0.6178,0.2585,0.6474,0.04929,0.00295
10,high,4,12,20,0.50,true,0.09062,0.00321,0.15150,2.06197,0.00423,0.6780,0.2114,0.7024,0.07311,0.00325
10,high,4,12,20,0.60,true,0.09237,0.00324,0.18081,2.08977,0.00442,0.7451,0.1655,0.7699,0.10091,0.00357
10,high,4,12,20,0.70,true,0.09237,0.00324,0.21232,2.12156,0.00458,0.8128,0.1242,0.8437,0.13269,0.00386
10,high,4,12,20,0.80,true,0.09162,0.00323,0.24518,2.15550,0.00472,0.8911,0.0984,0.9216,0.16664,0.00406
10,high,4,12,20,0.90,true,0.08912,0.00319,0.27957,2.19277,0.00481,0.9696,0.0742,1.0042,0.20391,0.00426
10,high,4,12,20,1.00,true,0.08725,0.00316,0.31399,2.22950,0.00490,1.0539,0.0582,1.0898,0.24064,0.00440
10,high,4,12,20,1.10,true,0.08413,0.00310,0.34850,2.26763,0.00495,1.1383,0.0438,1.1779,0.27877,0.00453
10,high,4,12,20,1.20,true,0.08150,0.00306,0.38244,2.30474,0.00498,1.2255,0.0329,1.2685,0.31588,0.00463
10,high,4,3,10,0.00,true,0.12150,0.00365,0.00737,1.88597,0.00369,0.1446,0.5643,0.2862,0.04644,0.00544
10,high,4,3,10,0.10,true,0.15588,0.00406,0.01064,1.85488,0.00412,0.2350,0.4182,0.3010,0.01536,0.00475
10,high,4,3,10,0.20,true,0.17650,0.00426,0.01865,1.84233,0.00439,0.3031,0.2945,0.3432,0.00281,0.00328
10,high,4,3,10,0.30,true,0.19300,0.00441,0.03221,1.83952,0.00464,0.3697,0.2003,0.4043,0.00000,0.00000
10,high,4,3,10,0.40,true,0.19887,0.00446,0.05049,1.85212,0.00483,0.4354,0.1336,0.4724,0.01260,0.00307
10,high,4,3,10,0.50,true,0.19825,0.00446,0.07484,1.87737,0.00500,0.5049,0.0822,0.5504,0.03785,0.00413
10,high,4,3,10,0.60,true,0.19600,0.00444,0.10412,1.90929,0.00518,0.5822,0.0512,0.6348,0.06976,0.00484
10,high,4,3,10,0.70,true,0.19400,0.00442,0.13626,1.94389,0.00537,0.6614,0.0295,0.7218,0.10437,0.00531
10,high,4,3,10,0.80,true,0.19187,0.00440,0.17210,1.98245,0.00557,0.7470,0.0150,0.8158,0.14293,0.00579
10,high,4,3,10,0.90,true,0.18987,0.00438,0.20672,2.01973,0.00575,0.8325,0.0093,0.9055,0.18021,0.00608
10,high,4,3,10,1.00,true,0.18338,0.00433,0.24352,2.06381,0.00588,0.9213,0.0055,0.9987,0.22429,0.00635
10,high,4,3,10,1.10,true,0.17463,0.00424,0.28186,2.11182,0.00596,1.0139,0.0033,1.0957,0.27229,0.00659
10,high,4,3,10,1.20,true,0.16500,0.00415,0.31786,2.15841,0.00599,1.1023,0.0022,1.1883,0.31889,0.00675
10,high,4,3,15,0.00,true,0.06763,0.00281,0.04418,1.97717,0.00309,0.2749,0.5301,0.4565,0.00603,0.00419
10,high,4,3,15,0.10,true,0.08125,0.00305,0.05278,1.97216,0.00340,0.3703,0.4373,0.4713,0.00102,0.00318
10,high,4,3,15,0.20,true,0.09488,0.00328,0.06529,1.97114,0.00371,0.4346,0.3627,0.5010,0.00000,0.00000
10,high,4,3,15,0.30,true,0.09838,0.00333,0.08315,1.98568,0.00389,0.4914,0.2943,0.5447,0.01454,0.00291
10,high,4,3,15,0.40,true,0.10138,0.00337,0.10540,2.00521,0.00409,0.5509,0.2342,0.5997,0.03407,0.00397
10,high,4,3,15,0.50,true,0.10312,0.00340,0.13039,2.02879,0.00427,0.6100,0.1817,0.6622,0.05765,0.00457
10,high,4,3,15,0.60,true,0.10225,0.00339,0.15936,2.05909,0.00442,0.6742,0.1369,0.7337,0.08795,0.00495
10,high,4,3,15,0.70,true,0.10325,0.00340,0.18984,2.08911,0.00460,0.7418,0.1004,0.8111,0.11797,0.00519
10,high,4,3,15,0.80,true,0.10088,0.00337,0.22240,2.12470,0.00472,0.8159,0.0752,0.8925,0.15356,0.00538
10,high,4,3,15,0.90,true,0.09938,0.00334,0.25567,2.16021,0.00484,0.8912,0.0536,0.9784,0.18907,0.00556
10,high,4,3,15,1.00,true,0.09825,0.00333,0.28783,2.19431,0.00495,0.9686,0.0384,1.0643,0.22317,0.00573
10,high,4,3,15,1.10,true,0.09688,0.00331,0.32032,2.22910,0.00504,1.0503,0.0281,1.1535,0.25796,0.00585
10,high,4,3,15,1.20,true,0.09025,0.00320,0.35342,2.26985,0.00502,1.1323,0.0207,1.2420,0.29871,0.00586
10,high,4,3,20,0.00,true,0.04612,0.00235,0.11461,2.07038,0.00309,0.4326,0.5226,0.6657,0.00000,0.00000
10,high,4,3,20,0.10,true,0.05162,0.00247,0.12401,2.07426,0.00329,0.5394,0.4736,0.6775,0.00388,0.00310
10,high,4,3,20,0.20,true,0.05100,0.00246,0.13819,2.08916,0.00337,0.6019,0.4189,0.7004,0.01877,0.00355
10,high,4,3,20,0.30,true,0.05488,0.00255,0.15484,2.10211,0.00357,0.6557,0.3669,0.7350,0.03173,0.00384
10,high,4,3,20,0.40,true,0.05675,0.00259,0.17333,2.11899,0.00373,0.7102,0.3237,0.7749,0.04861,0.00409
10,high,4,3,20,0.50,true,0.06175,0.00269,0.19358,2.13459,0.00395,0.7628,0.2814,0.8237,0.06421,0.00436
10,high,4,3,20,0.60,true,0.06475,0.00275,0.21717,2.15566,0.00414,0.8200,0.2390,0.8828,0.08528,0.00457
10,high,4,3,20,0.70,true,0.06350,0.00273,0.24127,2.18157,0.00424,0.8730,0.2009,0.9422,0.11119,0.00474
10,high,4,3,20,0.80,true,0.06400,0.00274,0.26657,2.20702,0.00437,0.9317,0.1676,1.0088,0.13664,0.00492
10,high,4,3,20,0.90,true,0.06388,0.00273,0.29222,2.23353,0.00447,0.9904,0.1370,1.0789,0.16315,0.00508
10,high,4,3,20,1.00,true,0.06263,0.00271,0.31900,2.26241,0.00454,1.0554,0.1120,1.1540,0.19203,0.00520
10,high,4,3,20,1.10,true,0.06288,0.00271,0.34591,2.29003,0.00464,1.1253,0.0911,1.2345,0.21965,0.00533
10,high,4,3,20,1.20,true,0.06087,0.00267,0.37296,2.32013,0.00467,1.1957,0.0732,1.3162,0.24975,0.00540
10,high,4,6,10,0.00,true,0.12525,0.00370,0.00592,1.88071,0.00373,0.2121,0.5603,0.2795,0.04246,0.00343
10,high,4,6,10,0.10,true,0.14913,0.00398,0.00494,1.85588,0.00401,0.2571,0.4071,0.2992,0.01764,0.00276
10,high,4,6,10,0.20,true,0.16562,0.00416,0.00652,1.84104,0.00419,0.3123,0.2670,0.3435,0.00279,0.00185
10,high,4,6,10,0.30,true,0.17300,0.00423,0.01096,1.83825,0.00430,0.3804,0.1682,0.4068,0.00000,0.00000
10,high,4,6,10,0.40,true,0.17288,0.00423,0.01880,1.84644,0.00435,0.4561,0.0975,0.4842,0.00820,0.00172
10,high,4,6,10,0.50,true,0.16575,0.00416,0.03027,1.86538,0.00435,0.5380,0.0536,0.5693,0.02713,0.00228
10,high,4,6,10,0.60,true,0.15538,0.00405,0.04596,1.89194,0.00433,0.6276,0.0280,0.6612,0.05369,0.00272
10,high,4,6,10,0.70,true,0.14575,0.00395,0.06492,1.92114,0.00434,0.7194,0.0149,0.7539,0.08290,0.00302
10,high,4,6,10,0.80,true,0.13200,0.00378,0.08858,1.95939,0.00430,0.8169,0.0065,0.8525,0.12115,0.00334
10,high,4,6,10,0.90,true,0.12025,0.00364,0.11373,1.99724,0.00427,0.9111,0.0036,0.9459,0.15900,0.00356
10,high,4,6,10,1.00,true,0.10375,0.00341,0.14506,2.04634,0.00416,1.0169,0.0018,1.0507,0.20809,0.00386
10,high,4,6,10,1.10,true,0.09187,0.00323,0.17658,2.09112,0.00409,1.1177,0.0008,1.1508,0.25287,0.00409
10,high,4,6,10,1.20,true,0.07988,0.00303,0.20774,2.13575,0.00398,1.2124,0.0007,1.2446,0.29750,0.00427
10,high,4,6,15,0.00,true,0.06738,0.00280,0.03870,1.97177,0.00302,0.3167,0.5312,0.4534,0.00927,0.00203
10,high,4,6,15,0.10,true,0.07287,0.00291,0.03730,1.96500,0.00311,0.3594,0.4312,0.4707,0.00250,0.00150
10,high,4,6,15,0.20,true,0.07850,0.00301,0.04021,1.96250,0.00323,0.4140,0.3399,0.5050,0.00000,0.00000
10,high,4,6,15,0.30,true,0.07925,0.00302,0.04728,1.96913,0.00329,0.4731,0.2601,0.5521,0.00663,0.00137
10,high,4,6,15,0.40,true,0.08038,0.00304,0.05828,1.97943,0.00338,0.5390,0.1942,0.6120,0.01693,0.00190
10,high,4,6,15,0.50,true,0.07875,0.00301,0.07282,1.99613,0.00343,0.6062,0.1389,0.6800,0.03363,0.00225
10,high,4,6,15,0.60,true,0.07612,0.00297,0.09106,2.01769,0.00349,0.6793,0.0931,0.7574,0.05519,0.00254
10,high,4,6,15,0.70,true,0.07437,0.00293,0.11161,2.04079,0.00356,0.7590,0.0637,0.8391,0.07829,0.00280
10,high,4,6,15,0.80,true,0.06813,0.00282,0.13554,2.07195,0.00356,0.8443,0.0424,0.9260,0.10945,0.00303
10,high,4,6,15,0.90,true,0.06263,0.00271,0.16258,2.10567,0.00357,0.9379,0.0281,1.0203,0.14317,0.00327
10,high,4,6,15,1.00,true,0.05600,0.00257,0.19081,2.14181,0.00353,1.0302,0.0176,1.1140,0.17931,0.00347
10,high,4,6,15,1.10,true,0.05137,0.00247,0.21816,2.17513,0.00352,1.1194,0.0121,1.2031,0.21263,0.00363
10,high,4,6,15,1.20,true,0.04512,0.00232,0.24992,2.21477,0.00346,1.2209,0.0081,1.3038,0.25227,0.00376
10,high,4,6,20,0.00,true,0.03037,0.00192,0.10803,2.07930,0.00261,0.4092,0.5256,0.6441,0.00565,0.00106
10,high,4,6,20,0.10,true,0.03525,0.00206,0.10700,2.07364,0.00273,0.4505,0.4504,0.6622,0.00000,0.00000
10,high,4,6,20,0.20,true,0.03700,0.00211,0.11013,2.07539,0.00279,0.5027,0.3814,0.6909,0.00175,0.00109
10,high,4,6,20,0.30,true,0.03950,0.00218,0.11723,2.08046,0.00290,0.5532,0.3104,0.7311,0.00682,0.00153
10,high,4,6,20,0.40,true,0.04175,0.00224,0.12773,2.08928,0.00301,0.6121,0.2531,0.7802,0.01564,0.00184
10,high,4,6,20,0.50,true,0.04025,0.00220,0.14180,2.10556,0.00305,0.6774,0.2036,0.8382,0.03191,0.00217
10,high,4,6,20,0.60,true,0.03938,0.00217,0.15858,2.12403,0.00311,0.7411,0.1565,0.9030,0.05039,0.00241
10,high,4,6,20,0.70,true,0.03875,0.00216,0.17814,2.14517,0.00318,0.8131,0.1194,0.9758,0.07152,0.00266
10,high,4,6,20,0.80,true,0.03762,0.00213,0.19922,2.16843,0.00324,0.8885,0.0921,1.0514,0.09478,0.00286
10,high,4,6,20,0.90,true,0.03550,0.00207,0.22316,2.19574,0.00327,0.9712,0.0695,1.1346,0.12209,0.00304
10,high,4,6,20,1.00,true,0.03363,0.00202,0.24737,2.22312,0.00330,1.0531,0.0523,1.2180,0.14947,0.00323
10,high,4,6,20,1.10,true,0.02975,0.00190,0.27297,2.25403,0.00326,1.1374,0.0388,1.3034,0.18038,0.00339
10,high,4,6,20,1.20,true,0.02825,0.00185,0.29936,2.28345,0.00327,1.2272,0.0292,1.3935,0.20981,0.00353
10,hcp30,4,12,10,0.00,true,0.20625,0.00452,0.05071,1.84734,0.00497,0.4096,0.6113,0.4337,0.01259,0.00337
10,hcp30,4,12,10,0.10,true,0.22762,0.00469,0.06137,1.83682,0.00526,0.4656,0.5323,0.4488,0.00207,0.00230
10,hcp30,4,12,10,0.20,true,0.24550,0.00481,0.07669,1.83475,0.00556,0.5259,0.4554,0.4782,0.00000,0.00000
10,hcp30,4,12,10,0.30,true,0.26262,0.00492,0.09545,1.83710,0.00587,0.5856,0.3814,0.5222,0.00235,0.00222
10,hcp30,4,12,10,0.40,true,0.27000,0.00496,0.11696,1.85219,0.00613,0.6483,0.3193,0.5740,0.01744,0.00308
10,hcp30,4,12,10,0.50,true,0.27513,0.00499,0.14195,1.87327,0.00640,0.7201,0.2654,0.6379,0.03853,0.00375
10,hcp30,4,12,10,0.60,true,0.28037,0.00502,0.16950,1.89704,0.00669,0.7950,0.2147,0.7139,0.06229,0.00440
10,hcp30,4,12,10,0.70,true,0.27900,0.00501,0.19847,1.92908,0.00692,0.8710,0.1746,0.7927,0.09433,0.00491
10,hcp30,4,12,10,0.80,true,0.27600,0.00500,0.22781,1.96333,0.00713,0.9499,0.1426,0.8753,0.12858,0.00529
10,hcp30,4,12,10,0.90,true,0.27500,0.00499,0.25742,1.99606,0.00735,1.0284,0.1107,0.9650,0.16132,0.00567
10,hcp30,4,12,10,1.00,true,0.27313,0.00498,0.28737,2.03027,0.00755,1.1145,0.0865,1.0602,0.19552,0.00603
10,hcp30,4,12,10,1.10,true,0.26475,0.00493,0.31774,2.07162,0.00768,1.2024,0.0717,1.1516,0.23687,0.00632
10,hcp30,4,12,10,1.20,true,0.25538,0.00488,0.34779,2.11394,0.00778,1.2890,0.0574,1.2451,0.27919,0.00656
10,hcp30,4,12,15,0.00,true,0.12700,0.00372,0.13276,2.01444,0.00481,0.6253,0.5500,0.6470,0.00000,0.00000
10,hcp30,4,12,15,0.10,true,0.13525,0.00382,0.14484,2.01858,0.00503,0.6733,0.4941,0.6652,0.00414,0.00176
10,hcp30,4,12,15,0.20,true,0.14100,0.00389,0.16035,2.02896,0.00524,0.7292,0.4419,0.6926,0.01452,0.00245
10,hcp30,4,12,15,0.30,true,0.14600,0.00395,0.17851,2.04302,0.00546,0.7929,0.3964,0.7292,0.02858,0.00301
10,hcp30,4,12,15,0.40,true,0.15138,0.00401,0.19956,2.05994,0.00569,0.8550,0.3472,0.7777,0.04550,0.00357
10,hcp30,4,12,15,0.50,true,0.15225,0.00402,0.22083,2.08173,0.00586,0.9198,0.3116,0.8271,0.06729,0.00403
10,hcp30,4,12,15,0.60,true,0.15500,0.00405,0.24432,2.10417,0.00606,0.9870,0.2741,0.8866,0.08973,0.00447
10,hcp30,4,12,15,0.70,true,0.15600,0.00406,0.26894,2.12976,0.00623,1.0585,0.2419,0.9516,0.11532,0.00483
10,hcp30,4,12,15,0.80,true,0.15563,0.00405,0.29478,2.15819,0.00639,1.1330,0.2130,1.0222,0.14375,0.00521
10,hcp30,4,12,15,0.90,true,0.15413,0.00404,0.32100,2.18834,0.00652,1.2050,0.1852,1.0963,0.17391,0.00553
10,hcp30,4,12,15,1.00,true,0.15475,0.00404,0.34682,2.21621,0.00667,1.2796,0.1588,1.1768,0.20177,0.00583
10,hcp30,4,12,15,1.10,true,0.15338,0.00403,0.37312,2.24680,0.00679,1.3575,0.1361,1.2610,0.23236,0.00611
10,hcp30,4,12,15,1.20,true,0.15000,0.00399,0.39922,2.27943,0.00687,1.4381,0.1176,1.3466,0.26500,0.00634
10,hcp30,4,12,20,0.00,true,0.08025,0.00304,0.21235,2.14863,0.00466,0.8094,0.5424,0.8531,0.00000,0.00000
10,hcp30,4,12,20,0.10,true,0.08400,0.00310,0.22231,2.15515,0.00481,0.8606,0.5050,0.8670,0.00653,0.00134
10,hcp30,4,12,20,0.20,true,0.08775,0.00316,0.23515,2.16487,0.00497,0.9125,0.4638,0.8901,0.01625,0.00204
10,hcp30,4,12,20,0.30,true,0.09200,0.00323,0.25032,2.17674,0.00515,0.9765,0.4269,0.9223,0.02812,0.00262
10,hcp30,4,12,20,0.40,true,0.09600,0.00329,0.26643,2.19003,0.00533,1.0335,0.3895,0.9608,0.04141,0.00311
10,hcp30,4,12,20,0.50,true,0.09825,0.00333,0.28270,2.20539,0.00548,1.0896,0.3575,1.0014,0.05677,0.00352
10,hcp30,4,12,20,0.60,true,0.09838,0.00333,0.30137,2.22562,0.00560,1.1505,0.3255,1.0490,0.07699,0.00392
10,hcp30,4,12,20,0.70,true,0.10075,0.00337,0.32064,2.24444,0.00575,1.2123,0.2934,1.1046,0.09582,0.00430
10,hcp30,4,12,20,0.80,true,0.10200,0.00338,0.34080,2.26552,0.00588,1.2813,0.2668,1.1645,0.11689,0.00466
10,hcp30,4,12,20,0.90,true,0.10200,0.00338,0.36231,2.28946,0.00599,1.3535,0.2423,1.2299,0.14083,0.00502
10,hcp30,4,12,20,1.00,true,0.10162,0.00338,0.38345,2.31361,0.00609,1.4209,0.2178,1.2971,0.16498,0.00530
10,hcp30,4,12,20,1.10,true,0.10187,0.00338,0.40443,2.33715,0.00619,1.4945,0.1972,1.3687,0.18853,0.00556
10,hcp30,4,12,20,1.20,true,0.10088,0.00337,0.42586,2.36262,0.00626,1.5695,0.1785,1.4432,0.21399,0.00579
10,hcp30,4,3,10,0.00,true,0.07000,0.00285,0.10337,2.04035,0.00367,0.1594,0.5538,0.4649,0.01928,0.00404
10,hcp30,4,3,10,0.10,true,0.09237,0.00324,0.10922,2.02423,0.00410,0.3512,0.4480,0.4807,0.00317,0.00301
10,hcp30,4,3,10,0.20,true,0.11013,0.00350,0.12277,2.02107,0.00447,0.4528,0.3805,0.5163,0.00000,0.00000
10,hcp30,4,3,10,0.30,true,0.12262,0.00367,0.14247,2.02983,0.00478,0.5331,0.3248,0.5652,0.00876,0.00298
10,hcp30,4,3,10,0.40,true,0.12900,0.00375,0.16621,2.04919,0.00503,0.6016,0.2770,0.6191,0.02812,0.00409
10,hcp30,4,3,10,0.50,true,0.13550,0.00383,0.19325,2.07216,0.00530,0.6641,0.2290,0.6812,0.05110,0.00490
10,hcp30,4,3,10,0.60,true,0.13662,0.00384,0.22400,2.10469,0.00551,0.7342,0.1926,0.7501,0.08363,0.00550
10,hcp30,4,3,10,0.70,true,0.13887,0.00387,0.25515,2.13679,0.00573,0.8035,0.1611,0.8222,0.11572,0.00593
10,hcp30,4,3,10,0.80,true,0.13925,0.00387,0.28860,2.17358,0.00592,0.8799,0.1362,0.9019,0.15252,0.00629
10,hcp30,4,3,10,0.90,true,0.14000,0.00388,0.32069,2.20879,0.00611,0.9533,0.1128,0.9825,0.18772,0.00658
10,hcp30,4,3,10,1.00,true,0.13962,0.00388,0.35139,2.24395,0.00626,1.0258,0.0928,1.0639,0.22288,0.00682
10,hcp30,4,3,10,1.10,true,0.13887,0.00387,0.38269,2.28046,0.00640,1.1055,0.0775,1.1508,0.25940,0.00705
10,hcp30,4,3,10,1.20,true,0.13625,0.00384,0.41310,2.31823,0.00649,1.1840,0.0628,1.2392,0.29717,0.00720
10,hcp30,4,3,15,0.00,true,0.04100,0.00222,0.21280,2.18907,0.00390,0.2437,0.5325,0.6864,0.00266,0.00290
10,hcp30,4,3,15,0.10,true,0.05162,0.00247,0.22022,2.18641,0.00415,0.4820,0.4628,0.7021,0.00000,0.00000
10,hcp30,4,3,15,0.20,true,0.06225,0.00270,0.23255,2.18917,0.00442,0.6047,0.4148,0.7313,0.00277,0.00277
10,hcp30,4,3,15,0.30,true,0.06825,0.00282,0.24824,2.20033,0.00460,0.6817,0.3687,0.7680,0.01392,0.00361
10,hcp30,4,3,15,0.40,true,0.07100,0.00287,0.26742,2.21873,0.00474,0.7548,0.3288,0.8128,0.03233,0.00412
10,hcp30,4,3,15,0.50,true,0.07275,0.00290,0.28946,2.24140,0.00487,0.8199,0.2889,0.8652,0.05500,0.00446
10,hcp30,4,3,15,0.60,true,0.07988,0.00303,0.31118,2.25853,0.00510,0.8898,0.2593,0.9236,0.07212,0.00492
10,hcp30,4,3,15,0.70,true,0.07875,0.00301,0.33673,2.28836,0.00518,0.9564,0.2277,0.9870,0.10195,0.00518
10,hcp30,4,3,15,0.80,true,0.08000,0.00303,0.36149,2.31520,0.00530,1.0273,0.2048,1.0529,0.12879,0.00546
10,hcp30,4,3,15,0.90,true,0.08125,0.00305,0.38723,2.34336,0.00542,1.0945,0.1796,1.1244,0.15695,0.00573
10,hcp30,4,3,15,1.00,true,0.07675,0.00298,0.41398,2.37869,0.00541,1.1638,0.1587,1.1961,0.19228,0.00587
10,hcp30,4,3,15,1.10,true,0.07650,0.00297,0.43997,2.40925,0.00549,1.2380,0.1408,1.2739,0.22284,0.00605
10,hcp30,4,3,15,1.20,true,0.07700,0.00298,0.46483,2.43811,0.00557,1.3137,0.1255,1.3539,0.25170,0.00624
10,hcp30,4,3,20,0.00,true,0.02763,0.00183,0.32147,2.32444,0.00414,0.3396,0.5301,0.9298,0.00000,0.00000
10,hcp30,4,3,20,0.10,true,0.03238,0.00198,0.32737,2.32596,0.00425,0.5915,0.4768,0.9409,0.00152,0.00256
10,hcp30,4,3,20,0.20,true,0.03750,0.00212,0.33736,2.33175,0.00439,0.7332,0.4387,0.9645,0.00731,0.00313
10,hcp30,4,3,20,0.30,true,0.04150,0.00223,0.34848,2.34010,0.00450,0.8298,0.4052,0.9928,0.01567,0.00350
10,hcp30,4,3,20,0.40,true,0.04437,0.00230,0.36309,2.35360,0.00460,0.9174,0.3763,1.0305,0.02916,0.00377
10,hcp30,4,3,20,0.50,true,0.04725,0.00237,0.37931,2.36905,0.00471,0.9924,0.3462,1.0755,0.04462,0.00403
10,hcp30,4,3,20,0.60,true,0.04775,0.00238,0.39632,2.38797,0.00476,1.0621,0.3185,1.1229,0.06354,0.00433
10,hcp30,4,3,20,0.70,true,0.04688,0.00236,0.41424,2.40951,0.00479,1.1273,0.2922,1.1739,0.08507,0.00456
10,hcp30,4,3,20,0.80,true,0.04775,0.00238,0.43220,2.42958,0.00486,1.1952,0.2696,1.2301,0.10515,0.00483
10,hcp30,4,3,20,0.90,true,0.04850,0.00240,0.45095,2.45088,0.00493,1.2654,0.2495,1.2909,0.12645,0.00507
10,hcp30,4,3,20,1.00,true,0.04788,0.00239,0.47129,2.47566,0.00496,1.3322,0.2263,1.3576,0.15122,0.00526
10,hcp30,4,3,20,1.10,true,0.04587,0.00234,0.49168,2.50215,0.00496,1.4038,0.2080,1.4260,0.17771,0.00540
10,hcp30,4,3,20,1.20,true,0.04587,0.00234,0.51044,2.52503,0.00500,1.4689,0.1888,1.4958,0.20060,0.00558
10,hcp30,4,6,10,0.00,true,0.10787,0.00347,0.07250,1.96827,0.00401,0.4175,0.5568,0.4561,0.01594,0.00262
10,hcp30,4,6,10,0.10,true,0.11925,0.00362,0.07147,1.95640,0.00416,0.4708,0.4801,0.4752,0.00407,0.00187
10,hcp30,4,6,10,0.20,true,0.12837,0.00374,0.07561,1.95233,0.00431,0.5259,0.4023,0.5087,0.00000,0.00000
10,hcp30,4,6,10,0.30,true,0.13362,0.00380,0.08479,1.95760,0.00445,0.5874,0.3334,0.5549,0.00527,0.00177
10,hcp30,4,6,10,0.40,true,0.13537,0.00383,0.09880,1.97165,0.00459,0.6537,0.2701,0.6141,0.01931,0.00260
10,hcp30,4,6,10,0.50,true,0.13837,0.00386,0.11664,1.98868,0.00477,0.7314,0.2214,0.6852,0.03635,0.00327
10,hcp30,4,6,10,0.60,true,0.13425,0.00381,0.13797,2.01674,0.00487,0.8069,0.1779,0.7611,0.06440,0.00379
10,hcp30,4,6,10,0.70,true,0.13075,0.00377,0.16115,2.04629,0.00499,0.8856,0.1445,0.8411,0.09396,0.00422
10,hcp30,4,6,10,0.80,true,0.12312,0.00367,0.18769,2.08385,0.00505,0.9670,0.1136,0.9283,0.13152,0.00464
10,hcp30,4,6,10,0.90,true,0.11363,0.00355,0.21482,2.12404,0.00507,1.0494,0.0921,1.0143,0.17171,0.00502
10,hcp30,4,6,10,1.00,true,0.10512,0.00343,0.24540,2.16732,0.00510,1.1407,0.0721,1.1118,0.21499,0.00535
10,hcp30,4,6,10,1.10,true,0.09800,0.00332,0.27445,2.20765,0.00512,1.2277,0.0574,1.2045,0.25532,0.00560
10,hcp30,4,6,10,1.20,true,0.08887,0.00318,0.30241,2.24887,0.00507,1.3084,0.0450,1.2919,0.29654,0.00580
10,hcp30,4,6,15,0.00,true,0.06313,0.00272,0.17418,2.12220,0.00397,0.6299,0.5272,0.6963,0.00302,0.00141
10,hcp30,4,6,15,0.10,true,0.06700,0.00280,0.17416,2.11918,0.00404,0.6827,0.4776,0.7152,0.00000,0.00000
10,hcp30,4,6,15,0.20,true,0.06888,0.00283,0.17758,2.12198,0.00410,0.7333,0.4245,0.7427,0.00280,0.00131
10,hcp30,4,6,15,0.30,true,0.07100,0.00287,0.18456,2.12847,0.00418,0.7939,0.3784,0.7803,0.00929,0.00200
10,hcp30,4,6,15,0.40,true,0.06913,0.00284,0.19525,2.14306,0.00422,0.8600,0.3364,0.8263,0.02388,0.00262
10,hcp30,4,6,15,0.50,true,0.06763,0.00281,0.20795,2.15950,0.00427,0.9215,0.2968,0.8768,0.04032,0.00308
10,hcp30,4,6,15,0.60,true,0.06575,0.00277,0.22379,2.17989,0.00434,0.9882,0.2592,0.9364,0.06070,0.00355
10,hcp30,4,6,15,0.70,true,0.06187,0.00269,0.24136,2.20422,0.00436,1.0590,0.2302,0.9983,0.08504,0.00393
10,hcp30,4,6,15,0.80,true,0.06112,0.00268,0.26101,2.22785,0.00445,1.1313,0.2002,1.0694,0.10867,0.00434
10,hcp30,4,6,15,0.90,true,0.05775,0.00261,0.28262,2.25643,0.00449,1.2045,0.1715,1.1456,0.13725,0.00469
10,hcp30,4,6,15,1.00,true,0.05450,0.00254,0.30484,2.28566,0.00451,1.2801,0.1475,1.2245,0.16648,0.00502
10,hcp30,4,6,15,1.10,true,0.05162,0.00247,0.32595,2.31330,0.00454,1.3524,0.1286,1.3002,0.19412,0.00528
10,hcp30,4,6,15,1.20,true,0.04875,0.00241,0.34977,2.34428,0.00456,1.4330,0.1083,1.3882,0.22509,0.00553
10,hcp30,4,6,20,0.00,true,0.03175,0.00196,0.27123,2.26013,0.00378,0.8091,0.5195,0.9164,0.00000,0.00000
10,hcp30,4,6,20,0.10,true,0.03250,0.00198,0.27179,2.26096,0.00379,0.8585,0.4815,0.9331,0.00082,0.00114
10,hcp30,4,6,20,0.20,true,0.03475,0.00205,0.27461,2.26287,0.00386,0.9099,0.4416,0.9582,0.00274,0.00166
10,hcp30,4,6,20,0.30,true,0.03425,0.00203,0.28008,2.27050,0.00388,0.9710,0.4081,0.9888,0.01037,0.00214
10,hcp30,4,6,20,0.40,true,0.03388,0.00202,0.28777,2.28052,0.00391,1.0304,0.3743,1.0262,0.02039,0.00259
10,hcp30,4,6,20,0.50,true,0.03575,0.00208,0.29690,2.28998,0.00400,1.0875,0.3396,1.0703,0.02985,0.00298
10,hcp30,4,6,20,0.60,true,0.03725,0.00212,0.30802,2.30210,0.00410,1.1461,0.3059,1.1208,0.04197,0.00341
10,hcp30,4,6,20,0.70,true,0.03413,0.00203,0.32134,2.32139,0.00408,1.2127,0.2780,1.1747,0.06126,0.00380
10,hcp30,4,6,20,0.80,true,0.03225,0.00198,0.33535,2.34022,0.00410,1.2782,0.2525,1.2320,0.08008,0.00414
10,hcp30,4,6,20,0.90,true,0.03188,0.00196,0.35091,2.35944,0.00415,1.3481,0.2271,1.2973,0.09931,0.00447
10,hcp30,4,6,20,1.00,true,0.03100,0.00194,0.36656,2.37928,0.00419,1.4183,0.2063,1.3632,0.11915,0.00475
10,hcp30,4,6,20,1.10,true,0.03025,0.00191,0.38278,2.39976,0.00423,1.4863,0.1850,1.4325,0.13962,0.00500
10,hcp30,4,6,20,1.20,true,0.02950,0.00189,0.39968,2.42114,0.00426,1.5580,0.1656,1.5060,0.16101,0.00522
10,tour,5,12,10,0.00,true,0.45750,0.00557,0.00006,1.54256,0.00557,0.1789,0.7705,0.1902,0.21334,0.00579
10,tour,5,12,10,0.10,true,0.57925,0.00552,0.00026,1.42101,0.00552,0.2324,0.5829,0.2008,0.09179,0.00464
10,tour,5,12,10,0.20,true,0.64975,0.00533,0.00087,1.35112,0.00535,0.2992,0.3512,0.2554,0.02190,0.00289
10,tour,5,12,10,0.30,true,0.67300,0.00524,0.00222,1.32922,0.00528,0.3699,0.1873,0.3353,0.00000,0.00000
10,tour,5,12,10,0.40,true,0.67175,0.00525,0.00511,1.33336,0.00534,0.4496,0.0765,0.4334,0.00414,0.00251
10,tour,5,12,10,0.50,true,0.65875,0.00530,0.01015,1.35140,0.00547,0.5410,0.0315,0.5343,0.02217,0.00324
10,tour,5,12,10,0.60,true,0.64350,0.00535,0.01785,1.37435,0.00564,0.6357,0.0112,0.6353,0.04512,0.00367
10,tour,5,12,10,0.70,true,0.62500,0.00541,0.02847,1.40347,0.00584,0.7315,0.0033,0.7341,0.07425,0.00407
10,tour,5,12,10,0.80,true,0.60775,0.00546,0.04241,1.43466,0.00608,0.8319,0.0010,0.8354,0.10544,0.00442
10,tour,5,12,10,0.90,true,0.59337,0.00549,0.05802,1.46465,0.00631,0.9296,0.0003,0.9331,0.13543,0.00472
10,tour,5,12,10,1.00,true,0.57825,0.00552,0.07605,1.49781,0.00656,1.0292,0.0003,1.0324,0.16858,0.00501
10,tour,5,12,10,1.10,true,0.56075,0.00555,0.09627,1.53553,0.00681,1.1299,0.0003,1.1328,0.20631,0.00531
10,tour,5,12,10,1.20,true,0.54538,0.00557,0.11714,1.57178,0.00705,1.2302,0.0003,1.2329,0.24256,0.00561
10,tour,5,12,15,0.00,true,0.31025,0.00517,0.00091,1.69066,0.00518,0.2500,0.6577,0.2703,0.12099,0.00509
10,tour,5,12,15,0.10,true,0.36062,0.00537,0.00212,1.64149,0.00539,0.2968,0.5259,0.2791,0.07183,0.00440
10,tour,5,12,15,0.20,true,0.40513,0.00549,0.00454,1.59942,0.00553,0.3539,0.3787,0.3169,0.02975,0.00342
10,tour,5,12,15,0.30,true,0.43212,0.00554,0.00816,1.57604,0.00563,0.4144,0.2677,0.3720,0.00637,0.00234
10,tour,5,12,15,0.40,true,0.44438,0.00556,0.01404,1.56966,0.00571,0.4863,0.1748,0.4468,0.00000,0.00000
10,tour,5,12,15,0.50,true,0.44850,0.00556,0.02264,1.57414,0.00581,0.5651,0.1070,0.5347,0.00447,0.00213
10,tour,5,12,15,0.60,true,0.44925,0.00556,0.03403,1.58478,0.00594,0.6494,0.0579,0.6318,0.01512,0.00287
10,tour,5,12,15,0.70,true,0.44375,0.00555,0.04839,1.60464,0.00609,0.7391,0.0308,0.7303,0.03498,0.00332
10,tour,5,12,15,0.80,true,0.43188,0.00554,0.06586,1.63399,0.00625,0.8333,0.0183,0.8285,0.06432,0.00371
10,tour,5,12,15,0.90,true,0.41850,0.00552,0.08610,1.66761,0.00641,0.9269,0.0086,0.9270,0.09795,0.00405
10,tour,5,12,15,1.00,true,0.40725,0.00549,0.10811,1.70087,0.00658,1.0240,0.0044,1.0262,0.13121,0.00433
10,tour,5,12,15,1.10,true,0.39663,0.00547,0.13103,1.73442,0.00675,1.1199,0.0015,1.1241,0.16476,0.00459
10,tour,5,12,15,1.20,true,0.38650,0.00544,0.15511,1.76864,0.00692,1.2180,0.0006,1.2226,0.19897,0.00481
10,tour,5,12,20,0.00,true,0.21363,0.00458,0.00434,1.79071,0.00461,0.3332,0.6039,0.3531,0.05599,0.00424
10,tour,5,12,20,0.10,true,0.24100,0.00478,0.00714,1.76614,0.00484,0.3712,0.5025,0.3620,0.03142,0.00369
10,tour,5,12,20,0.20,true,0.26425,0.00493,0.01199,1.74774,0.00503,0.4274,0.4021,0.3913,0.01301,0.00296
10,tour,5,12,20,0.30,true,0.27925,0.00502,0.01842,1.73917,0.00517,0.4795,0.3092,0.4351,0.00445,0.00216
10,tour,5,12,20,0.40,true,0.29263,0.00509,0.02735,1.73472,0.00533,0.5468,0.2325,0.4967,0.00000,0.00000
10,tour,5,12,20,0.50,true,0.30362,0.00514,0.03867,1.73505,0.00549,0.6198,0.1705,0.5709,0.00032,0.00194
10,tour,5,12,20,0.60,true,0.30612,0.00515,0.05296,1.74685,0.00563,0.6931,0.1162,0.6541,0.01212,0.00263
10,tour,5,12,20,0.70,true,0.30850,0.00516,0.06962,1.76113,0.00579,0.7718,0.0743,0.7451,0.02641,0.00312
10,tour,5,12,20,0.80,true,0.30750,0.00516,0.08861,1.78112,0.00595,0.8560,0.0468,0.8391,0.04639,0.00347
10,tour,5,12,20,0.90,true,0.30212,0.00513,0.11004,1.80793,0.00609,0.9443,0.0288,0.9350,0.07321,0.00376
10,tour,5,12,20,1.00,true,0.29513,0.00510,0.13370,1.83860,0.00623,1.0383,0.0183,1.0337,0.10387,0.00405
10,tour,5,12,20,1.10,true,0.28937,0.00507,0.15824,1.86889,0.00637,1.1328,0.0104,1.1330,0.13417,0.00430
10,tour,5,12,20,1.20,true,0.28287,0.00504,0.18412,1.90129,0.00651,1.2309,0.0058,1.2341,0.16656,0.00454
10,tour,5,3,10,0.00,true,0.14000,0.00388,0.00020,1.86020,0.00388,0.0850,0.5429,0.2162,0.11917,0.00551
10,tour,5,3,10,0.10,true,0.20763,0.00453,0.00040,1.79277,0.00454,0.1620,0.2633,0.2434,0.05174,0.00549
10,tour,5,3,10,0.20,true,0.23187,0.00472,0.00112,1.76925,0.00473,0.2372,0.1403,0.2972,0.02821,0.00485
10,tour,5,3,10,0.30,true,0.24863,0.00483,0.00324,1.75462,0.00485,0.3115,0.0792,0.3668,0.01358,0.00383
10,tour,5,3,10,0.40,true,0.26338,0.00492,0.00747,1.74410,0.00498,0.3842,0.0414,0.4441,0.00306,0.00268
10,tour,5,3,10,0.50,true,0.27375,0.00499,0.01478,1.74104,0.00510,0.4600,0.0208,0.5264,0.00000,0.00000
10,tour,5,3,10,0.60,true,0.28037,0.00502,0.02575,1.74539,0.00522,0.5379,0.0092,0.6123,0.00435,0.00245
10,tour,5,3,10,0.70,true,0.29100,0.00508,0.04005,1.74906,0.00539,0.6184,0.0044,0.7004,0.00802,0.00351
10,tour,5,3,10,0.80,true,0.29513,0.00510,0.05813,1.76303,0.00556,0.7006,0.0016,0.7910,0.02199,0.00421
10,tour,5,3,10,0.90,true,0.29613,0.00510,0.07895,1.78286,0.00573,0.7820,0.0007,0.8807,0.04182,0.00483
10,tour,5,3,10,1.00,true,0.29912,0.00512,0.10308,1.80401,0.00593,0.8697,0.0002,0.9772,0.06298,0.00534
10,tour,5,3,10,1.10,true,0.29825,0.00511,0.12735,1.82919,0.00611,0.9511,0.0000,1.0667,0.08815,0.00576
10,tour,5,3,10,1.20,true,0.29175,0.00508,0.15482,1.86319,0.00626,1.0359,0.0000,1.1613,0.12215,0.00622
10,tour,5,3,15,0.00,true,0.08163,0.00306,0.00309,1.92147,0.00307,0.1333,0.5301,0.3156,0.06755,0.00425
10,tour,5,3,15,0.10,true,0.11800,0.00361,0.00400,1.88601,0.00363,0.2052,0.3379,0.3354,0.03209,0.00371
10,tour,5,3,15,0.20,true,0.14463,0.00393,0.00626,1.86164,0.00397,0.2812,0.2261,0.3781,0.00772,0.00261
10,tour,5,3,15,0.30,true,0.15662,0.00406,0.01054,1.85392,0.00413,0.3553,0.1577,0.4345,0.00000,0.00000
10,tour,5,3,15,0.40,true,0.16362,0.00414,0.01772,1.85410,0.00424,0.4265,0.1063,0.5018,0.00018,0.00260
10,tour,5,3,15,0.50,true,0.16725,0.00417,0.02844,1.86120,0.00435,0.4983,0.0686,0.5772,0.00729,0.00369
10,tour,5,3,15,0.60,true,0.17137,0.00421,0.04245,1.87110,0.00448,0.5710,0.0456,0.6552,0.01718,0.00436
10,tour,5,3,15,0.70,true,0.17550,0.00425,0.05994,1.88446,0.00463,0.6463,0.0317,0.7363,0.03055,0.00487
10,tour,5,3,15,0.80,true,0.17638,0.00426,0.08083,1.90449,0.00477,0.7221,0.0208,0.8203,0.05058,0.00525
10,tour,5,3,15,0.90,true,0.17638,0.00426,0.10534,1.92903,0.00492,0.8035,0.0132,0.9098,0.07511,0.00558
10,tour,5,3,15,1.00,true,0.17863,0.00428,0.13064,1.95210,0.00509,0.8820,0.0079,0.9974,0.09818,0.00586
10,tour,5,3,15,1.10,true,0.17725,0.00427,0.15788,1.98074,0.00523,0.9620,0.0041,1.0864,0.12682,0.00606
10,tour,5,3,15,1.20,true,0.17625,0.00426,0.18570,2.00959,0.00536,1.0440,0.0024,1.1766,0.15568,0.00627
10,tour,5,3,20,0.00,true,0.05975,0.00265,0.01291,1.95317,0.00272,0.1879,0.5257,0.4226,0.02682,0.00368
10,tour,5,3,20,0.10,true,0.07562,0.00296,0.01488,1.93927,0.00304,0.2565,0.3789,0.4364,0.01292,0.00321
10,tour,5,3,20,0.20,true,0.09050,0.00321,0.01883,1.92834,0.00331,0.3329,0.2819,0.4699,0.00199,0.00227
10,tour,5,3,20,0.30,true,0.09900,0.00334,0.02534,1.92635,0.00348,0.4066,0.2113,0.5177,0.00000,0.00000
10,tour,5,3,20,0.40,true,0.10337,0.00340,0.03483,1.93147,0.00360,0.4784,0.1584,0.5762,0.00512,0.00243
10,tour,5,3,20,0.50,true,0.11175,0.00352,0.04774,1.93601,0.00380,0.5525,0.1199,0.6454,0.00966,0.00342
10,tour,5,3,20,0.60,true,0.11325,0.00354,0.06438,1.95116,0.00392,0.6271,0.0930,0.7184,0.02481,0.00401
10,tour,5,3,20,0.70,true,0.11550,0.00357,0.08395,1.96850,0.00406,0.6986,0.0694,0.7950,0.04215,0.00438
10,tour,5,3,20,0.80,true,0.11538,0.00357,0.10663,1.99132,0.00418,0.7715,0.0509,0.8751,0.06497,0.00465
10,tour,5,3,20,0.90,true,0.11550,0.00357,0.13144,2.01602,0.00430,0.8467,0.0373,0.9581,0.08968,0.00488
10,tour,5,3,20,1.00,true,0.11700,0.00359,0.15682,2.03993,0.00445,0.9224,0.0293,1.0407,0.11358,0.00510
10,tour,5,3,20,1.10,true,0.11825,0.00361,0.18342,2.06532,0.00459,0.9960,0.0187,1.1263,0.13897,0.00527
10,tour,5,3,20,1.20,true,0.11887,0.00362,0.21058,2.09190,0.00472,1.0725,0.0112,1.2137,0.16555,0.00544
10,tour,5,6,10,0.00,true,0.22700,0.00468,0.00017,1.77317,0.00468,0.1620,0.5794,0.2044,0.08680,0.00444
10,tour,5,6,10,0.10,true,0.27925,0.00502,0.00007,1.72082,0.00502,0.2114,0.3814,0.2259,0.03445,0.00350
10,tour,5,6,10,0.20,true,0.30662,0.00516,0.00005,1.69342,0.00516,0.2736,0.2086,0.2798,0.00706,0.00234
10,tour,5,6,10,0.30,true,0.31375,0.00519,0.00012,1.68637,0.00519,0.3503,0.1066,0.3553,0.00000,0.00000
10,tour,5,6,10,0.40,true,0.30950,0.00517,0.00034,1.69084,0.00517,0.4354,0.0458,0.4451,0.00447,0.00200
10,tour,5,6,10,0.50,true,0.29875,0.00512,0.00086,1.70211,0.00512,0.5252,0.0200,0.5372,0.01575,0.00259
10,tour,5,6,10,0.60,true,0.28100,0.00503,0.00204,1.72105,0.00504,0.6264,0.0080,0.6393,0.03468,0.00301
10,tour,5,6,10,0.70,true,0.26150,0.00491,0.00409,1.74261,0.00494,0.7249,0.0025,0.7383,0.05624,0.00335
10,tour,5,6,10,0.80,true,0.24063,0.00478,0.00740,1.76680,0.00483,0.8263,0.0008,0.8389,0.08043,0.00363
10,tour,5,6,10,0.90,true,0.21975,0.00463,0.01182,1.79211,0.00470,0.9220,0.0003,0.9337,0.10574,0.00389
10,tour,5,6,10,1.00,true,0.19575,0.00444,0.01812,1.82245,0.00454,1.0243,0.0002,1.0352,0.13608,0.00417
10,tour,5,6,10,1.10,true,0.16925,0.00419,0.02620,1.85707,0.00433,1.1265,0.0000,1.1367,0.17070,0.00443
10,tour,5,6,10,1.20,true,0.14288,0.00391,0.03598,1.89330,0.00409,1.2280,0.0000,1.2375,0.20693,0.00466
10,tour,5,6,15,0.00,true,0.12237,0.00366,0.00174,1.87937,0.00367,0.2445,0.5496,0.2988,0.05456,0.00367
10,tour,5,6,15,0.10,true,0.14800,0.00397,0.00106,1.85306,0.00398,0.2887,0.4219,0.3152,0.02826,0.00318
10,tour,5,6,15,0.20,true,0.16737,0.00417,0.00087,1.83349,0.00418,0.3418,0.2956,0.3542,0.00869,0.00256
10,tour,5,6,15,0.30,true,0.17413,0.00424,0.00115,1.82703,0.00425,0.4069,0.1984,0.4118,0.00222,0.00171
10,tour,5,6,15,0.40,true,0.17713,0.00427,0.00193,1.82481,0.00428,0.4773,0.1244,0.4837,0.00000,0.00000
10,tour,5,6,15,0.50,true,0.17500,0.00425,0.00342,1.82843,0.00427,0.5559,0.0700,0.5681,0.00362,0.00157
10,tour,5,6,15,0.60,true,0.16775,0.00418,0.00579,1.83806,0.00421,0.6423,0.0400,0.6574,0.01325,0.00212
10,tour,5,6,15,0.70,true,0.15712,0.00407,0.00934,1.85226,0.00412,0.7346,0.0197,0.7535,0.02745,0.00255
10,tour,5,6,15,0.80,true,0.14513,0.00394,0.01401,1.86894,0.00401,0.8275,0.0104,0.8474,0.04414,0.00282
10,tour,5,6,15,0.90,true,0.13337,0.00380,0.02050,1.88722,0.00391,0.9305,0.0056,0.9501,0.06241,0.00306
10,tour,5,6,15,1.00,true,0.11762,0.00360,0.02788,1.91039,0.00374,1.0242,0.0034,1.0431,0.08558,0.00331
10,tour,5,6,15,1.10,true,0.10138,0.00337,0.03743,1.93627,0.00355,1.1265,0.0014,1.1452,0.11146,0.00356
10,tour,5,6,15,1.20,true,0.08513,0.00312,0.04794,1.96311,0.00333,1.2236,0.0010,1.2413,0.13830,0.00377
10,tour,5,6,20,0.00,true,0.08200,0.00307,0.00689,1.92489,0.00310,0.3267,0.5339,0.4014,0.02911,0.00291
10,tour,5,6,20,0.10,true,0.09325,0.00325,0.00537,1.91212,0.00328,0.3672,0.4384,0.4153,0.01634,0.00259
10,tour,5,6,20,0.20,true,0.10375,0.00341,0.00488,1.90114,0.00343,0.4159,0.3385,0.4472,0.00536,0.00211
10,tour,5,6,20,0.30,true,0.10825,0.00347,0.00547,1.89723,0.00350,0.4749,0.2548,0.4947,0.00145,0.00149
10,tour,5,6,20,0.40,true,0.11125,0.00352,0.00701,1.89578,0.00355,0.5382,0.1858,0.5543,0.00000,0.00000
10,tour,5,6,20,0.50,true,0.11038,0.00350,0.00962,1.89928,0.00355,0.6093,0.1311,0.6255,0.00350,0.00136
10,tour,5,6,20,0.60,true,0.10537,0.00343,0.01348,1.90816,0.00350,0.6872,0.0894,0.7058,0.01238,0.00189
10,tour,5,6,20,0.70,true,0.10187,0.00338,0.01861,1.91682,0.00347,0.7687,0.0568,0.7926,0.02104,0.00221
10,tour,5,6,20,0.80,true,0.09312,0.00325,0.02517,1.93217,0.00337,0.8560,0.0350,0.8840,0.03639,0.00249
10,tour,5,6,20,0.90,true,0.08475,0.00311,0.03307,1.94850,0.00327,0.9490,0.0224,0.9783,0.05272,0.00273
10,tour,5,6,20,1.00,true,0.07475,0.00294,0.04206,1.96756,0.00313,1.0401,0.0143,1.0702,0.07178,0.00293
10,tour,5,6,20,1.10,true,0.06675,0.00279,0.05229,1.98587,0.00302,1.1326,0.0086,1.1638,0.09009,0.00310
10,tour,5,6,20,1.20,true,0.05763,0.00261,0.06459,2.00741,0.00288,1.2324,0.0045,1.2640,0.11163,0.00326
10,scratch,5,12,10,0.00,true,0.40800,0.00549,0.00019,1.59219,0.00550,0.1872,0.7268,0.2017,0.18310,0.00561
10,scratch,5,12,10,0.10,true,0.50862,0.00559,0.00069,1.49207,0.00560,0.2419,0.5464,0.2143,0.08297,0.00447
10,scratch,5,12,10,0.20,true,0.57188,0.00553,0.00211,1.43024,0.00556,0.3061,0.3364,0.2672,0.02114,0.00283
10,scratch,5,12,10,0.30,true,0.59575,0.00549,0.00485,1.40910,0.00556,0.3739,0.1923,0.3408,0.00000,0.00000
10,scratch,5,12,10,0.40,true,0.59625,0.00549,0.01017,1.41392,0.00563,0.4530,0.0898,0.4343,0.00482,0.00253
10,scratch,5,12,10,0.50,true,0.58713,0.00550,0.01858,1.43145,0.00577,0.5394,0.0363,0.5329,0.02236,0.00327
10,scratch,5,12,10,0.60,true,0.57475,0.00553,0.03058,1.45583,0.00595,0.6360,0.0156,0.6348,0.04673,0.00376
10,scratch,5,12,10,0.70,true,0.55788,0.00555,0.04592,1.48805,0.00617,0.7329,0.0071,0.7342,0.07896,0.00417
10,scratch,5,12,10,0.80,true,0.53812,0.00557,0.06497,1.52686,0.00641,0.8302,0.0016,0.8342,0.11776,0.00455
10,scratch,5,12,10,0.90,true,0.52087,0.00559,0.08544,1.56458,0.00664,0.9253,0.0008,0.9293,0.15549,0.00486
10,scratch,5,12,10,1.00,true,0.50675,0.00559,0.10785,1.60113,0.00687,1.0247,0.0003,1.0287,0.19203,0.00516
10,scratch,5,12,10,1.10,true,0.49100,0.00559,0.13240,1.64144,0.00710,1.1271,0.0002,1.1308,0.23234,0.00547
10,scratch,5,12,10,1.20,true,0.47713,0.00558,0.15674,1.67967,0.00732,1.2271,0.0002,1.2306,0.27057,0.00575
10,scratch,5,12,15,0.00,true,0.26238,0.00492,0.00230,1.73993,0.00494,0.2676,0.6292,0.2903,0.08558,0.00439
10,scratch,5,12,15,0.10,true,0.30462,0.00515,0.00463,1.70001,0.00519,0.3125,0.5053,0.3007,0.04566,0.00360
10,scratch,5,12,15,0.20,true,0.34087,0.00530,0.00889,1.66801,0.00538,0.3680,0.3732,0.3363,0.01367,0.00245
10,scratch,5,12,15,0.30,true,0.36050,0.00537,0.01484,1.65434,0.00551,0.4271,0.2717,0.3883,0.00000,0.00000
10,scratch,5,12,15,0.40,true,0.36875,0.00539,0.02409,1.65535,0.00563,0.4954,0.1826,0.4589,0.00100,0.00231
10,scratch,5,12,15,0.50,true,0.37438,0.00541,0.03653,1.66216,0.00578,0.5713,0.1155,0.5429,0.00782,0.00313
10,scratch,5,12,15,0.60,true,0.37325,0.00541,0.05238,1.67914,0.00593,0.6536,0.0722,0.6330,0.02480,0.00359
10,scratch,5,12,15,0.70,true,0.36675,0.00539,0.07194,1.70521,0.00609,0.7402,0.0405,0.7295,0.05086,0.00400
10,scratch,5,12,15,0.80,true,0.35837,0.00536,0.09416,1.73581,0.00626,0.8320,0.0230,0.8274,0.08147,0.00433
10,scratch,5,12,15,0.90,true,0.34787,0.00533,0.11865,1.77081,0.00642,0.9263,0.0142,0.9249,0.11646,0.00461
10,scratch,5,12,15,1.00,true,0.33675,0.00528,0.14515,1.80845,0.00657,1.0214,0.0072,1.0238,0.15411,0.00488
10,scratch,5,12,15,1.10,true,0.32875,0.00525,0.17141,1.84273,0.00673,1.1167,0.0041,1.1206,0.18838,0.00508
10,scratch,5,12,15,1.20,true,0.32088,0.00522,0.19912,1.87833,0.00689,1.2158,0.0017,1.2215,0.22399,0.00530
10,scratch,5,12,20,0.00,true,0.17137,0.00421,0.00902,1.83765,0.00428,0.3549,0.5791,0.3836,0.02972,0.00335
10,scratch,5,12,20,0.10,true,0.19175,0.00440,0.01352,1.82178,0.00450,0.3935,0.4887,0.3929,0.01385,0.00278
10,scratch,5,12,20,0.20,true,0.21038,0.00456,0.02093,1.81056,0.00472,0.4459,0.3943,0.4212,0.00263,0.00198
10,scratch,5,12,20,0.30,true,0.22237,0.00465,0.03030,1.80793,0.00489,0.4981,0.3102,0.4631,0.00000,0.00000
10,scratch,5,12,20,0.40,true,0.23250,0.00472,0.04296,1.81047,0.00507,0.5638,0.2391,0.5214,0.00254,0.00190
10,scratch,5,12,20,0.50,true,0.24013,0.00478,0.05827,1.81816,0.00526,0.6362,0.1821,0.5914,0.01023,0.00262
10,scratch,5,12,20,0.60,true,0.24500,0.00481,0.07658,1.83161,0.00544,0.7080,0.1285,0.6718,0.02368,0.00315
10,scratch,5,12,20,0.70,true,0.24150,0.00479,0.09757,1.85610,0.00557,0.7828,0.0888,0.7555,0.04817,0.00354
10,scratch,5,12,20,0.80,true,0.24100,0.00478,0.12080,1.87985,0.00574,0.8647,0.0595,0.8465,0.07192,0.00387
10,scratch,5,12,20,0.90,true,0.23763,0.00476,0.14639,1.90883,0.00589,0.9511,0.0380,0.9417,0.10090,0.00417
10,scratch,5,12,20,1.00,true,0.23137,0.00471,0.17333,1.94204,0.00601,1.0402,0.0249,1.0364,0.13411,0.00440
10,scratch,5,12,20,1.10,true,0.22637,0.00468,0.20104,1.97477,0.00614,1.1332,0.0163,1.1333,0.16684,0.00461
10,scratch,5,12,20,1.20,true,0.22062,0.00464,0.22964,2.00915,0.00625,1.2276,0.0099,1.2317,0.20122,0.00480
10,scratch,5,3,10,0.00,true,0.12500,0.00370,0.00062,1.87562,0.00370,0.0965,0.5421,0.2334,0.10612,0.00528
10,scratch,5,3,10,0.10,true,0.19075,0.00439,0.00116,1.81041,0.00440,0.1742,0.2895,0.2591,0.04092,0.00507
10,scratch,5,3,10,0.20,true,0.21363,0.00458,0.00285,1.78922,0.00460,0.2505,0.1731,0.3097,0.01973,0.00420
10,scratch,5,3,10,0.30,true,0.23000,0.00471,0.00676,1.77677,0.00475,0.3229,0.1029,0.3773,0.00727,0.00297
10,scratch,5,3,10,0.40,true,0.24425,0.00480,0.01373,1.76950,0.00490,0.3922,0.0561,0.4526,0.00000,0.00000
10,scratch,5,3,10,0.50,true,0.25238,0.00486,0.02483,1.77247,0.00504,0.4666,0.0309,0.5339,0.00298,0.00276
10,scratch,5,3,10,0.60,true,0.25938,0.00490,0.03990,1.78057,0.00520,0.5419,0.0162,0.6176,0.01107,0.00382
10,scratch,5,3,10,0.70,true,0.26613,0.00494,0.05949,1.79343,0.00539,0.6227,0.0083,0.7067,0.02393,0.00465
10,scratch,5,3,10,0.80,true,0.26837,0.00495,0.08234,1.81406,0.00558,0.7039,0.0041,0.7966,0.04456,0.00525
10,scratch,5,3,10,0.90,true,0.26863,0.00496,0.10725,1.83876,0.00576,0.7839,0.0015,0.8854,0.06926,0.00574
10,scratch,5,3,10,1.00,true,0.26600,0.00494,0.13630,1.87050,0.00595,0.8721,0.0007,0.9824,0.10100,0.00620
10,scratch,5,3,10,1.10,true,0.26250,0.00492,0.16418,1.90194,0.00611,0.9535,0.0002,1.0719,0.13244,0.00654
10,scratch,5,3,10,1.20,true,0.25750,0.00489,0.19439,1.93724,0.00627,1.0388,0.0000,1.1671,0.16774,0.00683
10,scratch,5,3,15,0.00,true,0.07362,0.00292,0.00713,1.93352,0.00295,0.1588,0.5299,0.3487,0.05898,0.00432
10,scratch,5,3,15,0.10,true,0.10450,0.00342,0.00915,1.90467,0.00347,0.2318,0.3668,0.3658,0.03013,0.00387
10,scratch,5,3,15,0.20,true,0.13262,0.00379,0.01321,1.88060,0.00387,0.3086,0.2666,0.4051,0.00607,0.00279
10,scratch,5,3,15,0.30,true,0.14600,0.00395,0.02051,1.87453,0.00407,0.3790,0.1888,0.4591,0.00000,0.00000
10,scratch,5,3,15,0.40,true,0.14675,0.00396,0.03168,1.88496,0.00415,0.4502,0.1383,0.5221,0.01043,0.00280
10,scratch,5,3,15,0.50,true,0.15213,0.00402,0.04644,1.89436,0.00431,0.5186,0.0980,0.5930,0.01983,0.00388
10,scratch,5,3,15,0.60,true,0.15662,0.00406,0.06475,1.90819,0.00447,0.5862,0.0649,0.6693,0.03366,0.00462
10,scratch,5,3,15,0.70,true,0.15625,0.00406,0.08720,1.93105,0.00461,0.6599,0.0456,0.7498,0.05652,0.00508
10,scratch,5,3,15,0.80,true,0.15787,0.00408,0.11135,1.95362,0.00477,0.7334,0.0335,0.8308,0.07909,0.00546
10,scratch,5,3,15,0.90,true,0.15762,0.00407,0.13927,1.98184,0.00492,0.8119,0.0224,0.9186,0.10731,0.00572
10,scratch,5,3,15,1.00,true,0.15937,0.00409,0.16782,2.00871,0.00510,0.8908,0.0149,1.0074,0.13417,0.00599
10,scratch,5,3,15,1.10,true,0.15488,0.00404,0.19833,2.04380,0.00520,0.9722,0.0105,1.0973,0.16926,0.00614
10,scratch,5,3,15,1.20,true,0.14975,0.00399,0.22915,2.07984,0.00528,1.0525,0.0059,1.1879,0.20531,0.00625
10,scratch,5,3,20,0.00,true,0.05575,0.00257,0.02594,1.97025,0.00272,0.2344,0.5259,0.4771,0.01324,0.00329
10,scratch,5,3,20,0.10,true,0.06688,0.00279,0.02973,1.96291,0.00297,0.3039,0.4039,0.4886,0.00590,0.00248
10,scratch,5,3,20,0.20,true,0.07950,0.00302,0.03646,1.95702,0.00324,0.3809,0.3203,0.5187,0.00000,0.00000
10,scratch,5,3,20,0.30,true,0.08712,0.00315,0.04628,1.95922,0.00343,0.4529,0.2543,0.5618,0.00221,0.00251
10,scratch,5,3,20,0.40,true,0.08975,0.00320,0.05976,1.97009,0.00355,0.5243,0.2034,0.6153,0.01307,0.00345
10,scratch,5,3,20,0.50,true,0.09663,0.00330,0.07653,1.98001,0.00376,0.5912,0.1594,0.6777,0.02299,0.00397
10,scratch,5,3,20,0.60,true,0.10075,0.00337,0.09718,1.99656,0.00394,0.6638,0.1259,0.7496,0.03955,0.00436
10,scratch,5,3,20,0.70,true,0.10212,0.00339,0.12006,2.01811,0.00409,0.7348,0.1014,0.8228,0.06109,0.00463
10,scratch,5,3,20,0.80,true,0.10275,0.00339,0.14487,2.04234,0.00422,0.8049,0.0807,0.8989,0.08532,0.00483
10,scratch,5,3,20,0.90,true,0.10487,0.00343,0.17086,2.06627,0.00439,0.8733,0.0612,0.9781,0.10925,0.00503
10,scratch,5,3,20,1.00,true,0.10737,0.00346,0.19728,2.09026,0.00455,0.9442,0.0471,1.0595,0.13325,0.00523
10,scratch,5,3,20,1.10,true,0.10412,0.00341,0.22572,2.12205,0.00462,1.0178,0.0359,1.1433,0.16503,0.00534
10,scratch,5,3,20,1.20,true,0.09975,0.00335,0.25459,2.15541,0.00465,1.0931,0.0276,1.2282,0.19839,0.00540
10,scratch,5,6,10,0.00,true,0.19562,0.00444,0.00049,1.80487,0.00444,0.1733,0.5669,0.2209,0.07747,0.00410
10,scratch,5,6,10,0.10,true,0.23713,0.00476,0.00024,1.76311,0.00476,0.2213,0.3826,0.2418,0.03571,0.00323
10,scratch,5,6,10,0.20,true,0.26338,0.00492,0.00024,1.73687,0.00493,0.2835,0.2235,0.2937,0.00947,0.00218
10,scratch,5,6,10,0.30,true,0.27313,0.00498,0.00052,1.72740,0.00499,0.3565,0.1183,0.3661,0.00000,0.00000
10,scratch,5,6,10,0.40,true,0.26800,0.00495,0.00127,1.73327,0.00496,0.4420,0.0598,0.4531,0.00587,0.00200
10,scratch,5,6,10,0.50,true,0.25875,0.00490,0.00265,1.74391,0.00491,0.5290,0.0270,0.5438,0.01651,0.00261
10,scratch,5,6,10,0.60,true,0.24100,0.00478,0.00528,1.76431,0.00482,0.6287,0.0114,0.6449,0.03691,0.00304
10,scratch,5,6,10,0.70,true,0.22512,0.00467,0.00919,1.78412,0.00473,0.7252,0.0052,0.7414,0.05672,0.00330
10,scratch,5,6,10,0.80,true,0.20650,0.00453,0.01498,1.80858,0.00462,0.8267,0.0017,0.8429,0.08118,0.00359
10,scratch,5,6,10,0.90,true,0.18787,0.00437,0.02212,1.83440,0.00450,0.9211,0.0006,0.9366,0.10700,0.00382
10,scratch,5,6,10,1.00,true,0.16525,0.00415,0.03177,1.86677,0.00433,1.0234,0.0003,1.0379,0.13936,0.00409
10,scratch,5,6,10,1.10,true,0.14263,0.00391,0.04337,1.90112,0.00413,1.1245,0.0001,1.1381,0.17372,0.00432
10,scratch,5,6,10,1.20,true,0.11925,0.00362,0.05697,1.93826,0.00389,1.2254,0.0000,1.2384,0.21086,0.00454
10,scratch,5,6,15,0.00,true,0.10075,0.00337,0.00419,1.90344,0.00339,0.2616,0.5416,0.3289,0.04452,0.00308
10,scratch,5,6,15,0.10,true,0.12037,0.00364,0.00296,1.88259,0.00365,0.3067,0.4249,0.3456,0.02366,0.00252
10,scratch,5,6,15,0.20,true,0.13412,0.00381,0.00274,1.86862,0.00382,0.3588,0.3092,0.3823,0.00969,0.00177
10,scratch,5,6,15,0.30,true,0.14463,0.00393,0.00354,1.85893,0.00395,0.4210,0.2125,0.4379,0.00000,0.00000
10,scratch,5,6,15,0.40,true,0.14500,0.00394,0.00534,1.86037,0.00397,0.4894,0.1412,0.5052,0.00144,0.00169
10,scratch,5,6,15,0.50,true,0.14275,0.00391,0.00847,1.86577,0.00396,0.5671,0.0876,0.5858,0.00685,0.00218
10,scratch,5,6,15,0.60,true,0.13600,0.00383,0.01293,1.87701,0.00390,0.6482,0.0508,0.6718,0.01809,0.00254
10,scratch,5,6,15,0.70,true,0.12837,0.00374,0.01913,1.89089,0.00384,0.7401,0.0300,0.7655,0.03196,0.00281
10,scratch,5,6,15,0.80,true,0.11900,0.00362,0.02661,1.90781,0.00376,0.8282,0.0150,0.8571,0.04889,0.00304
10,scratch,5,6,15,0.90,true,0.10737,0.00346,0.03664,1.92958,0.00364,0.9308,0.0085,0.9592,0.07065,0.00330
10,scratch,5,6,15,1.00,true,0.09362,0.00326,0.04740,1.95421,0.00348,1.0229,0.0052,1.0506,0.09528,0.00349
10,scratch,5,6,15,1.10,true,0.08013,0.00304,0.06088,1.98135,0.00331,1.1251,0.0034,1.1517,0.12243,0.00368
10,scratch,5,6,15,1.20,true,0.06813,0.00282,0.07512,2.00778,0.00314,1.2205,0.0019,1.2467,0.14886,0.00384
10,scratch,5,6,20,0.00,true,0.06450,0.00275,0.01573,1.95125,0.00283,0.3512,0.5291,0.4508,0.02106,0.00259
10,scratch,5,6,20,0.10,true,0.07437,0.00293,0.01363,1.93929,0.00300,0.3907,0.4389,0.4660,0.00910,0.00231
10,scratch,5,6,20,0.20,true,0.07875,0.00301,0.01325,1.93455,0.00308,0.4378,0.3465,0.4955,0.00435,0.00188
10,scratch,5,6,20,0.30,true,0.08413,0.00310,0.01466,1.93060,0.00318,0.4942,0.2659,0.5410,0.00041,0.00129
10,scratch,5,6,20,0.40,true,0.08762,0.00316,0.01772,1.93019,0.00325,0.5578,0.2026,0.5973,0.00000,0.00000
10,scratch,5,6,20,0.50,true,0.08563,0.00313,0.02252,1.93704,0.00324,0.6267,0.1467,0.6655,0.00685,0.00133
10,scratch,5,6,20,0.60,true,0.08338,0.00309,0.02899,1.94583,0.00324,0.7027,0.1056,0.7417,0.01564,0.00177
10,scratch,5,6,20,0.70,true,0.07712,0.00298,0.03722,1.96039,0.00317,0.7828,0.0731,0.8241,0.03020,0.00208
10,scratch,5,6,20,0.80,true,0.07175,0.00289,0.04720,1.97587,0.00312,0.8666,0.0475,0.9124,0.04568,0.00233
10,scratch,5,6,20,0.90,true,0.06438,0.00274,0.05874,1.99493,0.00303,0.9533,0.0298,1.0026,0.06474,0.00254
10,scratch,5,6,20,1.00,true,0.05713,0.00259,0.07136,2.01496,0.00294,1.0434,0.0207,1.0925,0.08477,0.00274
10,scratch,5,6,20,1.10,true,0.05000,0.00244,0.08522,2.03614,0.00283,1.1337,0.0142,1.1826,0.10595,0.00288
10,scratch,5,6,20,1.20,true,0.04500,0.00232,0.10135,2.05751,0.00278,1.2319,0.0086,1.2816,0.12732,0.00301
10,mid,5,12,10,0.00,true,0.32775,0.00525,0.00096,1.67321,0.00526,0.2000,0.6664,0.2194,0.13326,0.00523
10,mid,5,12,10,0.10,true,0.40563,0.00549,0.00274,1.59712,0.00552,0.2522,0.4965,0.2350,0.05717,0.00423
10,mid,5,12,10,0.20,true,0.45550,0.00557,0.00683,1.55134,0.00564,0.3163,0.3186,0.2854,0.01139,0.00274
10,mid,5,12,10,0.30,true,0.47337,0.00558,0.01332,1.53995,0.00574,0.3806,0.1963,0.3516,0.00000,0.00000
10,mid,5,12,10,0.40,true,0.47525,0.00558,0.02445,1.54922,0.00587,0.4549,0.1024,0.4372,0.00927,0.00244
10,mid,5,12,10,0.50,true,0.46963,0.00558,0.04026,1.57067,0.00605,0.5408,0.0497,0.5329,0.03072,0.00323
10,mid,5,12,10,0.60,true,0.45663,0.00557,0.06088,1.60430,0.00626,0.6324,0.0246,0.6303,0.06435,0.00376
10,mid,5,12,10,0.70,true,0.44338,0.00555,0.08547,1.64217,0.00649,0.7268,0.0106,0.7294,0.10222,0.00422
10,mid,5,12,10,0.80,true,0.42438,0.00553,0.11419,1.68993,0.00672,0.8248,0.0054,0.8287,0.14998,0.00462
10,mid,5,12,10,0.90,true,0.40775,0.00549,0.14384,1.73625,0.00694,0.9190,0.0019,0.9246,0.19630,0.00496
10,mid,5,12,10,1.00,true,0.39213,0.00546,0.17559,1.78368,0.00715,1.0181,0.0006,1.0242,0.24373,0.00529
10,mid,5,12,10,1.10,true,0.37762,0.00542,0.20759,1.83024,0.00734,1.1177,0.0002,1.1238,0.29029,0.00556
10,mid,5,12,10,1.20,true,0.36375,0.00538,0.23914,1.87575,0.00751,1.2169,0.0002,1.2226,0.33580,0.00581
10,mid,5,12,15,0.00,true,0.19487,0.00443,0.00725,1.81240,0.00448,0.2860,0.5904,0.3218,0.03889,0.00383
10,mid,5,12,15,0.10,true,0.22437,0.00466,0.01233,1.78797,0.00476,0.3304,0.4762,0.3345,0.01447,0.00314
10,mid,5,12,15,0.20,true,0.24300,0.00480,0.02125,1.77827,0.00497,0.3875,0.3641,0.3680,0.00477,0.00212
10,mid,5,12,15,0.30,true,0.25912,0.00490,0.03259,1.77350,0.00518,0.4430,0.2715,0.4170,0.00000,0.00000
10,mid,5,12,15,0.40,true,0.26763,0.00495,0.04859,1.78102,0.00537,0.5113,0.1947,0.4826,0.00751,0.00204
10,mid,5,12,15,0.50,true,0.27113,0.00497,0.06889,1.79784,0.00557,0.5844,0.1324,0.5604,0.02434,0.00281
10,mid,5,12,15,0.60,true,0.26863,0.00496,0.09318,1.82467,0.00575,0.6620,0.0861,0.6456,0.05117,0.00335
10,mid,5,12,15,0.70,true,0.26350,0.00493,0.12102,1.85767,0.00593,0.7476,0.0567,0.7368,0.08417,0.00379
10,mid,5,12,15,0.80,true,0.25888,0.00490,0.15116,1.89249,0.00611,0.8345,0.0334,0.8320,0.11899,0.00414
10,mid,5,12,15,0.90,true,0.25250,0.00486,0.18293,1.93070,0.00628,0.9258,0.0204,0.9280,0.15720,0.00442
10,mid,5,12,15,1.00,true,0.24400,0.00480,0.21592,1.97226,0.00641,1.0196,0.0136,1.0239,0.19876,0.00465
10,mid,5,12,15,1.10,true,0.23575,0.00475,0.24888,2.01357,0.00653,1.1119,0.0072,1.1201,0.24006,0.00487
10,mid,5,12,15,1.20,true,0.22712,0.00468,0.28235,2.05577,0.00663,1.2091,0.0049,1.2179,0.28227,0.00506
10,mid,5,12,20,0.00,true,0.11887,0.00362,0.02263,1.90383,0.00377,0.3830,0.5557,0.4340,0.00409,0.00174
10,mid,5,12,20,0.10,true,0.13125,0.00378,0.03091,1.89973,0.00400,0.4238,0.4741,0.4455,0.00000,0.00000
10,mid,5,12,20,0.20,true,0.14175,0.00390,0.04341,1.90174,0.00422,0.4746,0.3877,0.4734,0.00201,0.00177
10,mid,5,12,20,0.30,true,0.14788,0.00397,0.05833,1.91055,0.00441,0.5254,0.3135,0.5122,0.01081,0.00240
10,mid,5,12,20,0.40,true,0.15438,0.00404,0.07723,1.92298,0.00462,0.5877,0.2486,0.5655,0.02325,0.00290
10,mid,5,12,20,0.50,true,0.15900,0.00409,0.09929,1.94045,0.00483,0.6543,0.1929,0.6293,0.04072,0.00332
10,mid,5,12,20,0.60,true,0.16125,0.00411,0.12459,1.96355,0.00503,0.7299,0.1516,0.7025,0.06382,0.00372
10,mid,5,12,20,0.70,true,0.16300,0.00413,0.15216,1.98943,0.00522,0.8019,0.1105,0.7824,0.08970,0.00403
10,mid,5,12,20,0.80,true,0.16312,0.00413,0.18157,2.01879,0.00540,0.8778,0.0786,0.8668,0.11906,0.00429
10,mid,5,12,20,0.90,true,0.16350,0.00413,0.21235,2.04929,0.00558,0.9598,0.0542,0.9570,0.14956,0.00454
10,mid,5,12,20,1.00,true,0.15912,0.00409,0.24532,2.08674,0.00569,1.0471,0.0367,1.0512,0.18700,0.00479
10,mid,5,12,20,1.10,true,0.15563,0.00405,0.27730,2.12233,0.00580,1.1354,0.0253,1.1442,0.22260,0.00495
10,mid,5,12,20,1.20,true,0.15038,0.00400,0.30994,2.16036,0.00587,1.2274,0.0172,1.2398,0.26063,0.00508
10,mid,5,3,10,0.00,true,0.11363,0.00355,0.00313,1.88952,0.00356,0.1219,0.5420,0.2656,0.07727,0.00515
10,mid,5,3,10,0.10,true,0.16262,0.00413,0.00525,1.84264,0.00416,0.2018,0.3327,0.2873,0.03039,0.00455
10,mid,5,3,10,0.20,true,0.18937,0.00438,0.01013,1.82079,0.00445,0.2762,0.2219,0.3331,0.00854,0.00328
10,mid,5,3,10,0.30,true,0.20663,0.00453,0.01882,1.81225,0.00466,0.3422,0.1385,0.3954,0.00000,0.00000
10,mid,5,3,10,0.40,true,0.21513,0.00459,0.03232,1.81729,0.00483,0.4118,0.0906,0.4675,0.00504,0.00323
10,mid,5,3,10,0.50,true,0.22187,0.00465,0.05073,1.82901,0.00502,0.4804,0.0533,0.5459,0.01676,0.00446
10,mid,5,3,10,0.60,true,0.22700,0.00468,0.07411,1.84735,0.00523,0.5548,0.0327,0.6297,0.03510,0.00524
10,mid,5,3,10,0.70,true,0.22637,0.00468,0.10265,1.87663,0.00542,0.6346,0.0189,0.7193,0.06439,0.00583
10,mid,5,3,10,0.80,true,0.22275,0.00465,0.13389,1.91166,0.00560,0.7140,0.0092,0.8097,0.09941,0.00627
10,mid,5,3,10,0.90,true,0.22175,0.00464,0.16536,1.94432,0.00579,0.7936,0.0059,0.8982,0.13207,0.00662
10,mid,5,3,10,1.00,true,0.22050,0.00464,0.19910,1.97955,0.00598,0.8776,0.0026,0.9926,0.16730,0.00691
10,mid,5,3,10,1.10,true,0.21513,0.00459,0.23138,2.01747,0.00612,0.9574,0.0011,1.0812,0.20522,0.00713
10,mid,5,3,10,1.20,true,0.21100,0.00456,0.26447,2.05501,0.00626,1.0416,0.0005,1.1753,0.24276,0.00733
10,mid,5,3,15,0.00,true,0.06475,0.00275,0.02368,1.95907,0.00289,0.2190,0.5289,0.4138,0.03187,0.00395
10,mid,5,3,15,0.10,true,0.09050,0.00321,0.02875,1.93839,0.00338,0.2923,0.4060,0.4275,0.01118,0.00305
10,mid,5,3,15,0.20,true,0.11088,0.00351,0.03792,1.92720,0.00375,0.3686,0.3234,0.4602,0.00000,0.00000
10,mid,5,3,15,0.30,true,0.12187,0.00366,0.05182,1.93014,0.00399,0.4380,0.2517,0.5086,0.00293,0.00316
10,mid,5,3,15,0.40,true,0.12862,0.00374,0.06938,1.94100,0.00420,0.5009,0.1931,0.5655,0.01379,0.00423
10,mid,5,3,15,0.50,true,0.13012,0.00376,0.09068,1.96088,0.00435,0.5648,0.1497,0.6292,0.03368,0.00487
10,mid,5,3,15,0.60,true,0.12825,0.00374,0.11631,1.98850,0.00448,0.6314,0.1140,0.7012,0.06129,0.00519
10,mid,5,3,15,0.70,true,0.13037,0.00376,0.14427,2.01448,0.00468,0.6998,0.0847,0.7796,0.08728,0.00551
10,mid,5,3,15,0.80,true,0.12512,0.00370,0.17503,2.05067,0.00477,0.7681,0.0606,0.8603,0.12347,0.00565
10,mid,5,3,15,0.90,true,0.13012,0.00376,0.20566,2.07652,0.00499,0.8429,0.0443,0.9466,0.14932,0.00593
10,mid,5,3,15,1.00,true,0.12787,0.00373,0.23721,2.11058,0.00511,0.9179,0.0331,1.0323,0.18338,0.00608
10,mid,5,3,15,1.10,true,0.12712,0.00372,0.26769,2.14211,0.00523,0.9932,0.0252,1.1180,0.21491,0.00625
10,mid,5,3,15,1.20,true,0.12562,0.00371,0.29836,2.17464,0.00533,1.0703,0.0179,1.2071,0.24743,0.00637
10,mid,5,3,20,0.00,true,0.05013,0.00244,0.06948,2.01988,0.00290,0.3418,0.5249,0.5875,0.00014,0.00281
10,mid,5,3,20,0.10,true,0.05800,0.00261,0.07723,2.01974,0.00312,0.4172,0.4395,0.5980,0.00000,0.00000
10,mid,5,3,20,0.20,true,0.06613,0.00278,0.08903,2.02341,0.00336,0.4950,0.3752,0.6236,0.00367,0.00290
10,mid,5,3,20,0.30,true,0.06975,0.00285,0.10458,2.03537,0.00352,0.5650,0.3197,0.6605,0.01563,0.00373
10,mid,5,3,20,0.40,true,0.07312,0.00291,0.12371,2.05119,0.00370,0.6344,0.2743,0.7083,0.03145,0.00403
10,mid,5,3,20,0.50,true,0.07687,0.00298,0.14427,2.06809,0.00389,0.6913,0.2280,0.7612,0.04835,0.00431
10,mid,5,3,20,0.60,true,0.07938,0.00302,0.16710,2.08855,0.00406,0.7556,0.1954,0.8208,0.06881,0.00456
10,mid,5,3,20,0.70,true,0.08538,0.00312,0.19136,2.10697,0.00429,0.8193,0.1647,0.8882,0.08723,0.00484
10,mid,5,3,20,0.80,true,0.08588,0.00313,0.21884,2.13417,0.00443,0.8830,0.1335,0.9627,0.11443,0.00499
10,mid,5,3,20,0.90,true,0.08075,0.00305,0.24721,2.16793,0.00446,0.9514,0.1131,1.0368,0.14819,0.00506
10,mid,5,3,20,1.00,true,0.07963,0.00303,0.27502,2.19717,0.00455,1.0174,0.0924,1.1154,0.17743,0.00517
10,mid,5,3,20,1.10,true,0.07800,0.00300,0.30213,2.22624,0.00462,1.0840,0.0765,1.1939,0.20650,0.00526
10,mid,5,3,20,1.20,true,0.07612,0.00297,0.32923,2.25561,0.00467,1.1515,0.0626,1.2744,0.23587,0.00536
10,mid,5,6,10,0.00,true,0.15250,0.00402,0.00220,1.84971,0.00403,0.1888,0.5510,0.2506,0.05234,0.00371
10,mid,5,6,10,0.10,true,0.18263,0.00432,0.00137,1.81875,0.00433,0.2371,0.3840,0.2724,0.02138,0.00307
10,mid,5,6,10,0.20,true,0.19925,0.00447,0.00153,1.80230,0.00448,0.2980,0.2384,0.3213,0.00493,0.00201
10,mid,5,6,10,0.30,true,0.20538,0.00452,0.00271,1.79737,0.00453,0.3689,0.1375,0.3894,0.00000,0.00000
10,mid,5,6,10,0.40,true,0.20225,0.00449,0.00526,1.80308,0.00452,0.4511,0.0774,0.4713,0.00571,0.00181
10,mid,5,6,10,0.50,true,0.19462,0.00443,0.00938,1.81489,0.00448,0.5340,0.0402,0.5573,0.01753,0.00242
10,mid,5,6,10,0.60,true,0.18463,0.00434,0.01620,1.83183,0.00444,0.6316,0.0195,0.6567,0.03446,0.00281
10,mid,5,6,10,0.70,true,0.16962,0.00420,0.02527,1.85606,0.00434,0.7250,0.0093,0.7509,0.05869,0.00309
10,mid,5,6,10,0.80,true,0.15413,0.00404,0.03740,1.88393,0.00425,0.8253,0.0046,0.8509,0.08657,0.00334
10,mid,5,6,10,0.90,true,0.14012,0.00388,0.05121,1.91205,0.00416,0.9189,0.0017,0.9444,0.11468,0.00358
10,mid,5,6,10,1.00,true,0.12175,0.00366,0.06845,1.94808,0.00401,1.0191,0.0007,1.0437,0.15071,0.00383
10,mid,5,6,10,1.10,true,0.10337,0.00340,0.08802,1.98653,0.00382,1.1192,0.0003,1.1428,0.18916,0.00402
10,mid,5,6,10,1.20,true,0.08762,0.00316,0.10942,2.02429,0.00365,1.2191,0.0001,1.2419,0.22693,0.00419
10,mid,5,6,15,0.00,true,0.07537,0.00295,0.01455,1.93922,0.00303,0.2856,0.5322,0.3868,0.02610,0.00259
10,mid,5,6,15,0.10,true,0.08750,0.00316,0.01239,1.92496,0.00322,0.3299,0.4286,0.4033,0.01184,0.00216
10,mid,5,6,15,0.20,true,0.09563,0.00329,0.01259,1.91707,0.00335,0.3812,0.3238,0.4381,0.00395,0.00152
10,mid,5,6,15,0.30,true,0.10225,0.00339,0.01520,1.91312,0.00347,0.4387,0.2293,0.4898,0.00000,0.00000
10,mid,5,6,15,0.40,true,0.10275,0.00339,0.02014,1.91766,0.00350,0.5070,0.1637,0.5526,0.00454,0.00148
10,mid,5,6,15,0.50,true,0.09938,0.00334,0.02772,1.92877,0.00349,0.5809,0.1081,0.6278,0.01564,0.00197
10,mid,5,6,15,0.60,true,0.09362,0.00326,0.03750,1.94450,0.00345,0.6595,0.0692,0.7091,0.03138,0.00234
10,mid,5,6,15,0.70,true,0.08762,0.00316,0.04991,1.96317,0.00342,0.7455,0.0418,0.7981,0.05005,0.00261
10,mid,5,6,15,0.80,true,0.08100,0.00305,0.06391,1.98412,0.00338,0.8340,0.0279,0.8862,0.07100,0.00282
10,mid,5,6,15,0.90,true,0.07087,0.00287,0.08154,2.01231,0.00327,0.9300,0.0145,0.9848,0.09919,0.00305
10,mid,5,6,15,1.00,true,0.06338,0.00272,0.09904,2.03778,0.00319,1.0195,0.0091,1.0738,0.12466,0.00320
10,mid,5,6,15,1.10,true,0.05462,0.00254,0.11999,2.06808,0.00309,1.1201,0.0056,1.1733,0.15496,0.00338
10,mid,5,6,15,1.20,true,0.04788,0.00239,0.14101,2.09650,0.00300,1.2145,0.0037,1.2666,0.18337,0.00348
10,mid,5,6,20,0.00,true,0.04575,0.00234,0.05151,2.00607,0.00264,0.3826,0.5246,0.5488,0.00943,0.00165
10,mid,5,6,20,0.10,true,0.05050,0.00245,0.04942,1.99930,0.00274,0.4202,0.4413,0.5648,0.00266,0.00118
10,mid,5,6,20,0.20,true,0.05400,0.00253,0.05015,1.99664,0.00282,0.4676,0.3587,0.5942,0.00000,0.00000
10,mid,5,6,20,0.30,true,0.05750,0.00260,0.05396,1.99710,0.00291,0.5226,0.2840,0.6374,0.00046,0.00123
10,mid,5,6,20,0.40,true,0.05600,0.00257,0.06054,2.00537,0.00292,0.5833,0.2214,0.6900,0.00873,0.00169
10,mid,5,6,20,0.50,true,0.05738,0.00260,0.06978,2.01349,0.00300,0.6516,0.1699,0.7540,0.01685,0.00201
10,mid,5,6,20,0.60,true,0.05613,0.00257,0.08133,2.02660,0.00304,0.7231,0.1278,0.8241,0.02996,0.00221
10,mid,5,6,20,0.70,true,0.05287,0.00250,0.09529,2.04419,0.00304,0.8003,0.0937,0.9018,0.04755,0.00244
10,mid,5,6,20,0.80,true,0.04788,0.00239,0.11141,2.06576,0.00300,0.8813,0.0666,0.9846,0.06912,0.00265
10,mid,5,6,20,0.90,true,0.04387,0.00229,0.12914,2.08801,0.00298,0.9656,0.0456,1.0717,0.09137,0.00286
10,mid,5,6,20,1.00,true,0.03988,0.00219,0.14749,2.11092,0.00295,1.0488,0.0312,1.1568,0.11428,0.00300
10,mid,5,6,20,1.10,true,0.03537,0.00207,0.16684,2.13540,0.00290,1.1361,0.0229,1.2429,0.13876,0.00308
10,mid,5,6,20,1.20,true,0.03050,0.00192,0.18867,2.16285,0.00284,1.2320,0.0160,1.3380,0.16621,0.00320
10,high,5,12,10,0.00,true,0.26887,0.00496,0.00317,1.73431,0.00498,0.2170,0.6322,0.2410,0.09093,0.00494
10,high,5,12,10,0.10,true,0.32638,0.00524,0.00721,1.68086,0.00531,0.2659,0.4754,0.2566,0.03748,0.00399
10,high,5,12,10,0.20,true,0.36600,0.00539,0.01550,1.64954,0.00554,0.3292,0.3200,0.3040,0.00616,0.00262
10,high,5,12,10,0.30,true,0.38388,0.00544,0.02719,1.64338,0.00572,0.3924,0.2084,0.3669,0.00000,0.00000
10,high,5,12,10,0.40,true,0.38312,0.00544,0.04497,1.66196,0.00590,0.4653,0.1246,0.4458,0.01858,0.00236
10,high,5,12,10,0.50,true,0.37725,0.00542,0.06825,1.69118,0.00611,0.5462,0.0684,0.5357,0.04780,0.00324
10,high,5,12,10,0.60,true,0.36962,0.00540,0.09628,1.72693,0.00635,0.6338,0.0353,0.6313,0.08355,0.00380
10,high,5,12,10,0.70,true,0.35187,0.00534,0.12903,1.77754,0.00656,0.7242,0.0197,0.7256,0.13416,0.00427
10,high,5,12,10,0.80,true,0.33850,0.00529,0.16513,1.82716,0.00678,0.8200,0.0089,0.8256,0.18378,0.00466
10,high,5,12,10,0.90,true,0.32438,0.00523,0.20179,1.87812,0.00698,0.9163,0.0057,0.9222,0.23474,0.00500
10,high,5,12,10,1.00,true,0.31112,0.00518,0.23926,1.92904,0.00715,1.0126,0.0024,1.0204,0.28566,0.00530
10,high,5,12,10,1.10,true,0.29762,0.00511,0.27677,1.98030,0.00730,1.1108,0.0005,1.1196,0.33692,0.00555
10,high,5,12,10,1.20,true,0.28337,0.00504,0.31354,2.03161,0.00741,1.2090,0.0003,1.2176,0.38823,0.00578
10,high,5,12,15,0.00,true,0.15213,0.00402,0.01763,1.86563,0.00414,0.3140,0.5713,0.3611,0.01120,0.00295
10,high,5,12,15,0.10,true,0.17100,0.00421,0.02643,1.85556,0.00441,0.3589,0.4682,0.3748,0.00114,0.00209
10,high,5,12,15,0.20,true,0.18625,0.00435,0.04052,1.85443,0.00467,0.4162,0.3693,0.4078,0.00000,0.00000
10,high,5,12,15,0.30,true,0.19550,0.00443,0.05685,1.86156,0.00489,0.4660,0.2845,0.4510,0.00713,0.00179
10,high,5,12,15,0.40,true,0.20287,0.00450,0.07933,1.87674,0.00514,0.5312,0.2100,0.5128,0.02231,0.00261
10,high,5,12,15,0.50,true,0.20300,0.00450,0.10580,1.90320,0.00534,0.6012,0.1537,0.5830,0.04877,0.00312
10,high,5,12,15,0.60,true,0.20338,0.00450,0.13606,1.93321,0.00556,0.6767,0.1081,0.6632,0.07878,0.00357
10,high,5,12,15,0.70,true,0.20100,0.00448,0.16940,1.96910,0.00575,0.7579,0.0753,0.7496,0.11467,0.00395
10,high,5,12,15,0.80,true,0.19487,0.00443,0.20529,2.01132,0.00591,0.8420,0.0505,0.8401,0.15689,0.00430
10,high,5,12,15,0.90,true,0.18900,0.00438,0.24207,2.05420,0.00605,0.9279,0.0319,0.9330,0.19978,0.00457
10,high,5,12,15,1.00,true,0.18338,0.00433,0.27916,2.09720,0.00618,1.0195,0.0214,1.0280,0.24277,0.00480
10,high,5,12,15,1.10,true,0.17513,0.00425,0.31552,2.14212,0.00625,1.1096,0.0144,1.1209,0.28769,0.00494
10,high,5,12,15,1.20,true,0.16925,0.00419,0.35179,2.18464,0.00633,1.2055,0.0096,1.2189,0.33021,0.00510
10,high,5,12,20,0.00,true,0.08750,0.00316,0.04723,1.96020,0.00349,0.4186,0.5460,0.4932,0.00000,0.00000
10,high,5,12,20,0.10,true,0.09613,0.00330,0.05879,1.96313,0.00372,0.4598,0.4738,0.5054,0.00293,0.00147
10,high,5,12,20,0.20,true,0.10475,0.00342,0.07609,1.97183,0.00399,0.5113,0.3949,0.5339,0.01163,0.00222
10,high,5,12,20,0.30,true,0.10950,0.00349,0.09525,1.98631,0.00420,0.5655,0.3334,0.5702,0.02611,0.00267
10,high,5,12,20,0.40,true,0.11400,0.00355,0.11917,2.00584,0.00443,0.6200,0.2657,0.6202,0.04564,0.00313
10,high,5,12,20,0.50,true,0.11700,0.00359,0.14569,2.02950,0.00464,0.6855,0.2155,0.6786,0.06930,0.00350
10,high,5,12,20,0.60,true,0.12050,0.00364,0.17548,2.05598,0.00487,0.7567,0.1718,0.7475,0.09578,0.00389
10,high,5,12,20,0.70,true,0.12112,0.00365,0.20717,2.08727,0.00505,0.8310,0.1374,0.8216,0.12706,0.00418
10,high,5,12,20,0.80,true,0.12075,0.00364,0.24022,2.12095,0.00521,0.9027,0.1029,0.9012,0.16075,0.00444
10,high,5,12,20,0.90,true,0.11775,0.00360,0.27434,2.15837,0.00532,0.9784,0.0761,0.9844,0.19817,0.00463
10,high,5,12,20,1.00,true,0.11675,0.00359,0.30845,2.19383,0.00544,1.0601,0.0555,1.0728,0.23363,0.00481
10,high,5,12,20,1.10,true,0.11488,0.00357,0.34218,2.22983,0.00554,1.1446,0.0401,1.1633,0.26963,0.00496
10,high,5,12,20,1.20,true,0.11025,0.00350,0.37652,2.26924,0.00557,1.2323,0.0280,1.2567,0.30904,0.00508
10,high,5,3,10,0.00,true,0.10350,0.00341,0.01038,1.90701,0.00346,0.1503,0.5400,0.3021,0.05035,0.00525
10,high,5,3,10,0.10,true,0.13800,0.00386,0.01571,1.87786,0.00395,0.2359,0.3735,0.3208,0.02121,0.00473
10,high,5,3,10,0.20,true,0.16475,0.00415,0.02508,1.86055,0.00432,0.3061,0.2634,0.3624,0.00389,0.00348
10,high,5,3,10,0.30,true,0.18363,0.00433,0.03996,1.85666,0.00461,0.3722,0.1857,0.4206,0.00000,0.00000
10,high,5,3,10,0.40,true,0.18887,0.00438,0.06071,1.87233,0.00481,0.4363,0.1251,0.4887,0.01567,0.00347
10,high,5,3,10,0.50,true,0.19375,0.00442,0.08655,1.89352,0.00505,0.5040,0.0836,0.5654,0.03686,0.00465
10,high,5,3,10,0.60,true,0.19350,0.00442,0.11767,1.92522,0.00526,0.5763,0.0533,0.6494,0.06857,0.00550
10,high,5,3,10,0.70,true,0.19125,0.00440,0.15144,1.96165,0.00545,0.6511,0.0343,0.7355,0.10500,0.00607
10,high,5,3,10,0.80,true,0.19212,0.00440,0.18539,1.99520,0.00566,0.7265,0.0223,0.8223,0.13854,0.00647
10,high,5,3,10,0.90,true,0.19100,0.00439,0.22017,2.03167,0.00585,0.8025,0.0131,0.9105,0.17501,0.00679
10,high,5,3,10,1.00,true,0.18862,0.00437,0.25711,2.07169,0.00603,0.8871,0.0080,1.0061,0.21503,0.00703
10,high,5,3,10,1.10,true,0.18063,0.00430,0.29177,2.11514,0.00610,0.9643,0.0041,1.0937,0.25848,0.00717
10,high,5,3,10,1.20,true,0.17313,0.00423,0.32776,2.15955,0.00617,1.0484,0.0020,1.1888,0.30289,0.00730
10,high,5,3,15,0.00,true,0.06087,0.00267,0.05621,1.99619,0.00304,0.2834,0.5296,0.4869,0.00809,0.00321
10,high,5,3,15,0.10,true,0.07787,0.00300,0.06513,1.98810,0.00343,0.3634,0.4342,0.4994,0.00000,0.00000
10,high,5,3,15,0.20,true,0.09075,0.00321,0.07964,1.98979,0.00375,0.4411,0.3622,0.5296,0.00170,0.00332
10,high,5,3,15,0.30,true,0.10337,0.00340,0.09756,1.99520,0.00407,0.5080,0.3025,0.5717,0.00710,0.00433
10,high,5,3,15,0.40,true,0.10787,0.00347,0.11989,2.01322,0.00428,0.5687,0.2480,0.6233,0.02512,0.00480
10,high,5,3,15,0.50,true,0.10412,0.00341,0.14706,2.04444,0.00439,0.6295,0.1981,0.6850,0.05634,0.00501
10,high,5,3,15,0.60,true,0.10287,0.00340,0.17565,2.07463,0.00453,0.6905,0.1588,0.7518,0.08654,0.00523
10,high,5,3,15,0.70,true,0.10612,0.00344,0.20558,2.10175,0.00474,0.7576,0.1294,0.8263,0.11366,0.00548
10,high,5,3,15,0.80,true,0.10475,0.00342,0.23552,2.13358,0.00487,0.8175,0.1014,0.9000,0.14549,0.00566
10,high,5,3,15,0.90,true,0.10712,0.00346,0.26703,2.16336,0.00505,0.8868,0.0784,0.9833,0.17527,0.00586
10,high,5,3,15,1.00,true,0.10600,0.00344,0.29853,2.19671,0.00517,0.9566,0.0604,1.0674,0.20862,0.00600
10,high,5,3,15,1.10,true,0.10312,0.00340,0.32864,2.23050,0.00523,1.0256,0.0479,1.1489,0.24241,0.00609
10,high,5,3,15,1.20,true,0.09900,0.00334,0.35996,2.26688,0.00526,1.0976,0.0354,1.2361,0.27879,0.00615
10,high,5,3,20,0.00,true,0.04512,0.00232,0.13756,2.09504,0.00327,0.4595,0.5230,0.7122,0.00000,0.00000
10,high,5,3,20,0.10,true,0.05137,0.00247,0.14810,2.09925,0.00348,0.5461,0.4601,0.7241,0.00421,0.00315
10,high,5,3,20,0.20,true,0.05000,0.00244,0.16425,2.11680,0.00354,0.6263,0.4045,0.7486,0.02177,0.00365
10,high,5,3,20,0.30,true,0.05663,0.00258,0.18088,2.12690,0.00378,0.6961,0.3621,0.7822,0.03186,0.00403
10,high,5,3,20,0.40,true,0.06162,0.00269,0.19945,2.14065,0.00399,0.7589,0.3234,0.8233,0.04561,0.00432
10,high,5,3,20,0.50,true,0.06175,0.00269,0.22056,2.16189,0.00410,0.8160,0.2863,0.8700,0.06686,0.00452
10,high,5,3,20,0.60,true,0.06075,0.00267,0.24506,2.18782,0.00421,0.8785,0.2517,0.9284,0.09278,0.00462
10,high,5,3,20,0.70,true,0.06050,0.00267,0.26993,2.21342,0.00432,0.9340,0.2166,0.9907,0.11838,0.00477
10,high,5,3,20,0.80,true,0.06325,0.00272,0.29412,2.23540,0.00447,0.9956,0.1919,1.0561,0.14036,0.00500
10,high,5,3,20,0.90,true,0.06613,0.00278,0.31845,2.25753,0.00463,1.0562,0.1674,1.1265,0.16249,0.00520
10,high,5,3,20,1.00,true,0.06575,0.00277,0.34279,2.28301,0.00472,1.1135,0.1438,1.1980,0.18797,0.00534
10,high,5,3,20,1.10,true,0.06187,0.00269,0.36872,2.31373,0.00472,1.1721,0.1215,1.2731,0.21869,0.00538
10,high,5,3,20,1.20,true,0.06150,0.00269,0.39218,2.33853,0.00479,1.2360,0.1066,1.3487,0.24349,0.00548
10,high,5,6,10,0.00,true,0.11900,0.00362,0.00691,1.88795,0.00366,0.2086,0.5387,0.2852,0.03827,0.00327
10,high,5,6,10,0.10,true,0.13912,0.00387,0.00536,1.86630,0.00390,0.2550,0.3887,0.3064,0.01662,0.00266
10,high,5,6,10,0.20,true,0.15475,0.00404,0.00607,1.85144,0.00408,0.3151,0.2567,0.3531,0.00176,0.00179
10,high,5,6,10,0.30,true,0.15975,0.00410,0.00920,1.84968,0.00415,0.3829,0.1598,0.4168,0.00000,0.00000
10,high,5,6,10,0.40,true,0.15675,0.00406,0.01511,1.85878,0.00416,0.4612,0.0959,0.4941,0.00910,0.00172
10,high,5,6,10,0.50,true,0.15288,0.00402,0.02369,1.87151,0.00417,0.5426,0.0570,0.5768,0.02182,0.00221
10,high,5,6,10,0.60,true,0.14300,0.00391,0.03664,1.89478,0.00413,0.6371,0.0314,0.6729,0.04510,0.00268
10,high,5,6,10,0.70,true,0.13175,0.00378,0.05235,1.92230,0.00408,0.7276,0.0155,0.7659,0.07262,0.00295
10,high,5,6,10,0.80,true,0.11862,0.00362,0.07181,1.95565,0.00401,0.8254,0.0084,0.8637,0.10596,0.00319
10,high,5,6,10,0.90,true,0.10687,0.00345,0.09256,1.98902,0.00394,0.9174,0.0048,0.9553,0.13934,0.00340
10,high,5,6,10,1.00,true,0.09413,0.00326,0.11723,2.02756,0.00385,1.0174,0.0023,1.0550,0.17788,0.00364
10,high,5,6,10,1.10,true,0.08263,0.00308,0.14354,2.06667,0.00376,1.1162,0.0010,1.1535,0.21699,0.00381
10,high,5,6,10,1.20,true,0.06675,0.00279,0.17213,2.11265,0.00355,1.2159,0.0004,1.2523,0.26296,0.00403
10,high,5,6,15,0.00,true,0.05875,0.00263,0.03960,1.98128,0.00286,0.3129,0.5286,0.4519,0.01372,0.00191
10,high,5,6,15,0.10,true,0.06588,0.00277,0.03715,1.97183,0.00299,0.3576,0.4357,0.4691,0.00427,0.00148
10,high,5,6,15,0.20,true,0.07175,0.00289,0.03857,1.96756,0.00311,0.4082,0.3404,0.5029,0.00000,0.00000
10,high,5,6,15,0.30,true,0.07400,0.00293,0.04404,1.97106,0.00318,0.4649,0.2535,0.5515,0.00350,0.00144
10,high,5,6,15,0.40,true,0.07250,0.00290,0.05301,1.98192,0.00320,0.5287,0.1861,0.6104,0.01436,0.00193
10,high,5,6,15,0.50,true,0.07200,0.00289,0.06564,1.99556,0.00326,0.6023,0.1334,0.6821,0.02800,0.00229
10,high,5,6,15,0.60,true,0.06775,0.00281,0.08095,2.01575,0.00327,0.6763,0.0920,0.7581,0.04819,0.00252
10,high,5,6,15,0.70,true,0.06325,0.00272,0.09951,2.03961,0.00327,0.7573,0.0594,0.8430,0.07205,0.00275
10,high,5,6,15,0.80,true,0.05750,0.00260,0.11968,2.06645,0.00324,0.8411,0.0401,0.9278,0.09889,0.00295
10,high,5,6,15,0.90,true,0.05337,0.00251,0.14342,2.09546,0.00326,0.9369,0.0273,1.0229,0.12790,0.00313
10,high,5,6,15,1.00,true,0.04738,0.00238,0.16659,2.12581,0.00321,1.0215,0.0164,1.1102,0.15825,0.00328
10,high,5,6,15,1.10,true,0.04138,0.00223,0.19317,2.15981,0.00315,1.1191,0.0106,1.2072,0.19225,0.00346
10,high,5,6,15,1.20,true,0.03625,0.00209,0.21901,2.19224,0.00309,1.2115,0.0069,1.2991,0.22468,0.00357
10,high,5,6,20,0.00,true,0.03400,0.00203,0.11706,2.08500,0.00279,0.4191,0.5242,0.6587,0.00414,0.00092
10,high,5,6,20,0.10,true,0.03725,0.00212,0.11588,2.08086,0.00287,0.4578,0.4512,0.6764,0.00000,0.00000
10,high,5,6,20,0.20,true,0.04000,0.00219,0.11838,2.08101,0.00296,0.5060,0.3760,0.7072,0.00015,0.00107
10,high,5,6,20,0.30,true,0.04138,0.00223,0.12442,2.08619,0.00303,0.5603,0.3089,0.7482,0.00533,0.00149
10,high,5,6,20,0.40,true,0.04138,0.00223,0.13379,2.09617,0.00308,0.6170,0.2474,0.7987,0.01531,0.00187
10,high,5,6,20,0.50,true,0.04225,0.00225,0.14619,2.10842,0.00316,0.6816,0.1963,0.8587,0.02756,0.00217
10,high,5,6,20,0.60,true,0.04150,0.00223,0.16138,2.12522,0.00322,0.7509,0.1528,0.9265,0.04436,0.00247
10,high,5,6,20,0.70,true,0.03725,0.00212,0.17909,2.14817,0.00319,0.8241,0.1174,0.9989,0.06731,0.00267
10,high,5,6,20,0.80,true,0.03388,0.00202,0.19884,2.17242,0.00318,0.9025,0.0895,1.0773,0.09156,0.00285
10,high,5,6,20,0.90,true,0.03100,0.00194,0.21981,2.19751,0.00317,0.9815,0.0663,1.1586,0.11665,0.00301
10,high,5,6,20,1.00,true,0.02863,0.00186,0.24108,2.22245,0.00316,1.0600,0.0481,1.2404,0.14158,0.00316
10,high,5,6,20,1.10,true,0.02587,0.00178,0.26324,2.24875,0.00314,1.1433,0.0359,1.3244,0.16789,0.00327
10,high,5,6,20,1.20,true,0.02237,0.00165,0.28752,2.27813,0.00308,1.2341,0.0253,1.4161,0.19727,0.00335
10,hcp30,5,12,10,0.00,true,0.23788,0.00476,0.04596,1.81056,0.00520,0.4299,0.6310,0.4327,0.02873,0.00440
10,hcp30,5,12,10,0.10,true,0.26900,0.00496,0.05768,1.79147,0.00555,0.4895,0.5564,0.4490,0.00964,0.00357
10,hcp30,5,12,10,0.20,true,0.29363,0.00509,0.07379,1.78353,0.00588,0.5487,0.4741,0.4800,0.00170,0.00246
10,hcp30,5,12,10,0.30,true,0.31375,0.00519,0.09150,1.78183,0.00619,0.6086,0.4047,0.5231,0.00000,0.00000
10,hcp30,5,12,10,0.40,true,0.33000,0.00526,0.11310,1.78814,0.00651,0.6784,0.3390,0.5809,0.00631,0.00235
10,hcp30,5,12,10,0.50,true,0.33725,0.00529,0.13728,1.80625,0.00679,0.7477,0.2793,0.6468,0.02442,0.00331
10,hcp30,5,12,10,0.60,true,0.34487,0.00531,0.16309,1.82582,0.00709,0.8227,0.2265,0.7245,0.04400,0.00404
10,hcp30,5,12,10,0.70,true,0.34750,0.00532,0.19038,1.85210,0.00737,0.9017,0.1833,0.8083,0.07028,0.00465
10,hcp30,5,12,10,0.80,true,0.34437,0.00531,0.21852,1.88518,0.00761,0.9774,0.1447,0.8943,0.10336,0.00514
10,hcp30,5,12,10,0.90,true,0.33837,0.00529,0.24654,1.92118,0.00781,1.0581,0.1183,0.9806,0.13935,0.00555
10,hcp30,5,12,10,1.00,true,0.33313,0.00527,0.27539,1.95752,0.00801,1.1402,0.0920,1.0744,0.17569,0.00596
10,hcp30,5,12,10,1.10,true,0.32837,0.00525,0.30337,1.99270,0.00819,1.2305,0.0741,1.1715,0.21087,0.00628
10,hcp30,5,12,10,1.20,true,0.32262,0.00523,0.33099,2.02871,0.00835,1.3205,0.0587,1.2697,0.24688,0.00658
10,hcp30,5,12,15,0.00,true,0.15762,0.00407,0.11582,1.96585,0.00509,0.6178,0.5778,0.6378,0.00000,0.00000
10,hcp30,5,12,15,0.10,true,0.16825,0.00418,0.12806,1.96780,0.00533,0.6657,0.5227,0.6525,0.00195,0.00188
10,hcp30,5,12,15,0.20,true,0.18025,0.00430,0.14429,1.97269,0.00561,0.7299,0.4709,0.6805,0.00683,0.00272
10,hcp30,5,12,15,0.30,true,0.18600,0.00435,0.16074,1.98421,0.00582,0.7827,0.4252,0.7110,0.01835,0.00328
10,hcp30,5,12,15,0.40,true,0.19137,0.00440,0.18080,2.00002,0.00605,0.8482,0.3820,0.7528,0.03417,0.00381
10,hcp30,5,12,15,0.50,true,0.19862,0.00446,0.20233,2.01564,0.00630,0.9136,0.3391,0.8044,0.04979,0.00434
10,hcp30,5,12,15,0.60,true,0.20137,0.00448,0.22599,2.03819,0.00651,0.9743,0.2941,0.8628,0.07234,0.00482
10,hcp30,5,12,15,0.70,true,0.20425,0.00451,0.24993,2.06110,0.00672,1.0419,0.2565,0.9274,0.09525,0.00522
10,hcp30,5,12,15,0.80,true,0.20538,0.00452,0.27432,2.08641,0.00691,1.1160,0.2265,0.9964,0.12056,0.00556
10,hcp30,5,12,15,0.90,true,0.20800,0.00454,0.29944,2.11121,0.00711,1.1930,0.1967,1.0747,0.14535,0.00594
10,hcp30,5,12,15,1.00,true,0.20688,0.00453,0.32438,2.13978,0.00726,1.2679,0.1710,1.1527,0.17393,0.00622
10,hcp30,5,12,15,1.10,true,0.20525,0.00452,0.34919,2.16892,0.00740,1.3447,0.1483,1.2342,0.20306,0.00649
10,hcp30,5,12,15,1.20,true,0.20212,0.00449,0.37454,2.20038,0.00751,1.4272,0.1299,1.3195,0.23453,0.00672
10,hcp30,5,12,20,0.00,true,0.10337,0.00340,0.19660,2.10865,0.00497,0.8327,0.5523,0.8499,0.00000,0.00000
10,hcp30,5,12,20,0.10,true,0.10912,0.00349,0.20693,2.11363,0.00516,0.8786,0.5145,0.8638,0.00498,0.00139
10,hcp30,5,12,20,0.20,true,0.11425,0.00356,0.22072,2.12303,0.00535,0.9285,0.4711,0.8872,0.01438,0.00210
10,hcp30,5,12,20,0.30,true,0.11713,0.00360,0.23503,2.13539,0.00551,0.9795,0.4345,0.9143,0.02674,0.00260
10,hcp30,5,12,20,0.40,true,0.12000,0.00363,0.25241,2.15117,0.00568,1.0421,0.3991,0.9524,0.04252,0.00319
10,hcp30,5,12,20,0.50,true,0.12200,0.00366,0.27018,2.16842,0.00584,1.0998,0.3642,0.9944,0.05977,0.00362
10,hcp30,5,12,20,0.60,true,0.12375,0.00368,0.28916,2.18738,0.00599,1.1656,0.3344,1.0427,0.07874,0.00400
10,hcp30,5,12,20,0.70,true,0.12550,0.00370,0.30922,2.20770,0.00615,1.2265,0.3012,1.0982,0.09905,0.00441
10,hcp30,5,12,20,0.80,true,0.12575,0.00371,0.32976,2.23021,0.00628,1.2911,0.2724,1.1569,0.12156,0.00474
10,hcp30,5,12,20,0.90,true,0.12675,0.00372,0.35132,2.25328,0.00642,1.3662,0.2482,1.2233,0.14464,0.00511
10,hcp30,5,12,20,1.00,true,0.12900,0.00375,0.37227,2.27463,0.00656,1.4402,0.2252,1.2931,0.16599,0.00542
10,hcp30,5,12,20,1.10,true,0.13012,0.00376,0.39320,2.29729,0.00669,1.5134,0.2035,1.3654,0.18864,0.00569
10,hcp30,5,12,20,1.20,true,0.13037,0.00376,0.41434,2.32127,0.00680,1.5903,0.1844,1.4413,0.21262,0.00593
10,hcp30,5,3,10,0.00,true,0.05412,0.00253,0.12893,2.08359,0.00357,0.1513,0.5248,0.4736,0.01750,0.00359
10,hcp30,5,3,10,0.10,true,0.07525,0.00295,0.13394,2.06799,0.00399,0.2846,0.3933,0.4919,0.00190,0.00279
10,hcp30,5,3,10,0.20,true,0.09275,0.00324,0.14825,2.06609,0.00437,0.4014,0.3232,0.5323,0.00000,0.00000
10,hcp30,5,3,10,0.30,true,0.10175,0.00338,0.16882,2.07951,0.00463,0.4968,0.2807,0.5820,0.01343,0.00281
10,hcp30,5,3,10,0.40,true,0.11088,0.00351,0.19422,2.09812,0.00491,0.5729,0.2376,0.6410,0.03203,0.00397
10,hcp30,5,3,10,0.50,true,0.11475,0.00356,0.22411,2.12693,0.00513,0.6438,0.2026,0.7052,0.06084,0.00469
10,hcp30,5,3,10,0.60,true,0.11875,0.00362,0.25639,2.15847,0.00537,0.7139,0.1735,0.7752,0.09238,0.00517
10,hcp30,5,3,10,0.70,true,0.12175,0.00366,0.28869,2.19129,0.00558,0.7788,0.1466,0.8466,0.12520,0.00561
10,hcp30,5,3,10,0.80,true,0.12612,0.00371,0.32111,2.22314,0.00580,0.8486,0.1267,0.9227,0.15705,0.00601
10,hcp30,5,3,10,0.90,true,0.12650,0.00372,0.35302,2.25869,0.00596,0.9135,0.1072,0.9983,0.19261,0.00634
10,hcp30,5,3,10,1.00,true,0.12975,0.00376,0.38568,2.29269,0.00616,0.9847,0.0875,1.0838,0.22661,0.00666
10,hcp30,5,3,10,1.10,true,0.12862,0.00374,0.41545,2.32827,0.00627,1.0536,0.0727,1.1647,0.26219,0.00683
10,hcp30,5,3,10,1.20,true,0.12875,0.00374,0.44555,2.36343,0.00640,1.1308,0.0610,1.2543,0.29734,0.00701
10,hcp30,5,3,15,0.00,true,0.03188,0.00196,0.25463,2.24449,0.00394,0.2381,0.5154,0.7063,0.01084,0.00229
10,hcp30,5,3,15,0.10,true,0.04675,0.00236,0.25834,2.23365,0.00428,0.3639,0.4357,0.7198,0.00000,0.00000
10,hcp30,5,3,15,0.20,true,0.05588,0.00257,0.26883,2.23606,0.00448,0.4868,0.3768,0.7473,0.00241,0.00248
10,hcp30,5,3,15,0.30,true,0.06313,0.00272,0.28461,2.24622,0.00467,0.5929,0.3337,0.7866,0.01256,0.00342
10,hcp30,5,3,15,0.40,true,0.06413,0.00274,0.30588,2.26872,0.00474,0.6878,0.2987,0.8351,0.03507,0.00386
10,hcp30,5,3,15,0.50,true,0.06825,0.00282,0.32740,2.28857,0.00488,0.7675,0.2688,0.8878,0.05491,0.00430
10,hcp30,5,3,15,0.60,true,0.07037,0.00286,0.35056,2.31242,0.00499,0.8383,0.2400,0.9450,0.07877,0.00464
10,hcp30,5,3,15,0.70,true,0.07100,0.00287,0.37549,2.33991,0.00508,0.9106,0.2177,1.0068,0.10626,0.00493
10,hcp30,5,3,15,0.80,true,0.07325,0.00291,0.40055,2.36613,0.00519,0.9810,0.1980,1.0727,0.13248,0.00524
10,hcp30,5,3,15,0.90,true,0.07437,0.00293,0.42623,2.39455,0.00528,1.0503,0.1781,1.1428,0.16090,0.00551
10,hcp30,5,3,15,1.00,true,0.07575,0.00296,0.45038,2.42128,0.00538,1.1145,0.1589,1.2134,0.18763,0.00576
10,hcp30,5,3,15,1.10,true,0.07225,0.00289,0.47691,2.45595,0.00536,1.1844,0.1424,1.2890,0.22230,0.00586
10,hcp30,5,3,15,1.20,true,0.07237,0.00290,0.49994,2.48343,0.00542,1.2508,0.1276,1.3640,0.24978,0.00604
10,hcp30,5,3,20,0.00,true,0.02237,0.00165,0.36344,2.37832,0.00421,0.3380,0.5160,0.9481,0.00246,0.00217
10,hcp30,5,3,20,0.10,true,0.02838,0.00186,0.36676,2.37586,0.00435,0.4521,0.4481,0.9575,0.00000,0.00000
10,hcp30,5,3,20,0.20,true,0.03200,0.00197,0.37569,2.38208,0.00443,0.5811,0.3999,0.9802,0.00622,0.00229
10,hcp30,5,3,20,0.30,true,0.03687,0.00211,0.38704,2.38987,0.00455,0.6906,0.3618,1.0106,0.01401,0.00308
10,hcp30,5,3,20,0.40,true,0.03575,0.00208,0.40322,2.40913,0.00452,0.7929,0.3307,1.0486,0.03327,0.00333
10,hcp30,5,3,20,0.50,true,0.03850,0.00215,0.41965,2.42501,0.00459,0.8832,0.3055,1.0931,0.04916,0.00365
10,hcp30,5,3,20,0.60,true,0.04013,0.00219,0.43876,2.44517,0.00464,0.9710,0.2835,1.1454,0.06931,0.00393
10,hcp30,5,3,20,0.70,true,0.04075,0.00221,0.45851,2.46730,0.00467,1.0469,0.2597,1.2015,0.09144,0.00416
10,hcp30,5,3,20,0.80,true,0.04475,0.00231,0.47795,2.48592,0.00478,1.1198,0.2378,1.2633,0.11006,0.00448
10,hcp30,5,3,20,0.90,true,0.04662,0.00236,0.49763,2.50727,0.00485,1.1940,0.2200,1.3277,0.13141,0.00472
10,hcp30,5,3,20,1.00,true,0.04725,0.00237,0.51618,2.52891,0.00490,1.2626,0.2036,1.3914,0.15306,0.00492
10,hcp30,5,3,20,1.10,true,0.04637,0.00235,0.53531,2.55307,0.00490,1.3335,0.1888,1.4595,0.17722,0.00506
10,hcp30,5,3,20,1.20,true,0.04637,0.00235,0.55360,2.57558,0.00492,1.4018,0.1751,1.5282,0.19972,0.00525
10,hcp30,5,6,10,0.00,true,0.10375,0.00341,0.07702,1.97726,0.00399,0.4108,0.5382,0.4590,0.01131,0.00254
10,hcp30,5,6,10,0.10,true,0.11250,0.00353,0.07545,1.96743,0.00410,0.4617,0.4586,0.4798,0.00149,0.00182
10,hcp30,5,6,10,0.20,true,0.11850,0.00361,0.07905,1.96594,0.00420,0.5228,0.3841,0.5160,0.00000,0.00000
10,hcp30,5,6,10,0.30,true,0.12362,0.00368,0.08728,1.97037,0.00433,0.5881,0.3184,0.5651,0.00442,0.00178
10,hcp30,5,6,10,0.40,true,0.12600,0.00371,0.09975,1.98222,0.00445,0.6590,0.2594,0.6270,0.01627,0.00254
10,hcp30,5,6,10,0.50,true,0.12412,0.00369,0.11526,2.00170,0.00453,0.7298,0.2105,0.6949,0.03575,0.00312
10,hcp30,5,6,10,0.60,true,0.11975,0.00363,0.13536,2.02888,0.00460,0.8114,0.1676,0.7759,0.06293,0.00364
10,hcp30,5,6,10,0.70,true,0.11450,0.00356,0.15665,2.05834,0.00466,0.8918,0.1362,0.8568,0.09239,0.00403
10,hcp30,5,6,10,0.80,true,0.10875,0.00348,0.18033,2.09107,0.00472,0.9762,0.1093,0.9442,0.12512,0.00439
10,hcp30,5,6,10,0.90,true,0.10100,0.00337,0.20385,2.12573,0.00473,1.0589,0.0911,1.0280,0.15978,0.00472
10,hcp30,5,6,10,1.00,true,0.09187,0.00323,0.22992,2.16480,0.00470,1.1455,0.0738,1.1187,0.19885,0.00502
10,hcp30,5,6,10,1.10,true,0.08338,0.00309,0.25629,2.20372,0.00467,1.2310,0.0589,1.2098,0.23778,0.00524
10,hcp30,5,6,10,1.20,true,0.07512,0.00295,0.28356,2.24357,0.00462,1.3216,0.0476,1.3048,0.27762,0.00549
10,hcp30,5,6,15,0.00,true,0.05575,0.00257,0.17715,2.13313,0.00382,0.6193,0.5262,0.6886,0.00196,0.00114
10,hcp30,5,6,15,0.10,true,0.05713,0.00259,0.17575,2.13117,0.00383,0.6733,0.4812,0.7047,0.00000,0.00000
10,hcp30,5,6,15,0.20,true,0.05975,0.00265,0.17800,2.13201,0.00388,0.7263,0.4289,0.7327,0.00084,0.00142
10,hcp30,5,6,15,0.30,true,0.06137,0.00268,0.18403,2.13804,0.00395,0.7860,0.3801,0.7711,0.00687,0.00207
10,hcp30,5,6,15,0.40,true,0.06200,0.00270,0.19295,2.14827,0.00401,0.8469,0.3362,0.8162,0.01710,0.00258
10,hcp30,5,6,15,0.50,true,0.05900,0.00263,0.20494,2.16559,0.00402,0.9077,0.2910,0.8693,0.03442,0.00305
10,hcp30,5,6,15,0.60,true,0.05688,0.00259,0.21889,2.18427,0.00405,0.9715,0.2525,0.9282,0.05310,0.00347
10,hcp30,5,6,15,0.70,true,0.05638,0.00258,0.23521,2.20403,0.00413,1.0417,0.2168,0.9965,0.07286,0.00389
10,hcp30,5,6,15,0.80,true,0.05325,0.00251,0.25226,2.22726,0.00415,1.1136,0.1913,1.0635,0.09609,0.00419
10,hcp30,5,6,15,0.90,true,0.04975,0.00243,0.27171,2.25372,0.00416,1.1922,0.1663,1.1401,0.12255,0.00448
10,hcp30,5,6,15,1.00,true,0.04813,0.00239,0.29008,2.27706,0.00421,1.2646,0.1460,1.2133,0.14589,0.00474
10,hcp30,5,6,15,1.10,true,0.04425,0.00230,0.31111,2.30585,0.00420,1.3420,0.1244,1.2960,0.17468,0.00500
10,hcp30,5,6,15,1.20,true,0.04100,0.00222,0.33138,2.33317,0.00418,1.4173,0.1071,1.3764,0.20200,0.00522
10,hcp30,5,6,20,0.00,true,0.03163,0.00196,0.28365,2.27528,0.00382,0.8311,0.5180,0.9249,0.00000,0.00000
10,hcp30,5,6,20,0.10,true,0.03188,0.00196,0.28351,2.27590,0.00382,0.8720,0.4775,0.9417,0.00062,0.00101
10,hcp30,5,6,20,0.20,true,0.03288,0.00199,0.28578,2.27858,0.00385,0.9263,0.4384,0.9682,0.00330,0.00163
10,hcp30,5,6,20,0.30,true,0.03263,0.00199,0.29045,2.28521,0.00386,0.9833,0.4021,1.0004,0.00993,0.00209
10,hcp30,5,6,20,0.40,true,0.03200,0.00197,0.29726,2.29466,0.00387,1.0387,0.3653,1.0395,0.01938,0.00255
10,hcp30,5,6,20,0.50,true,0.03150,0.00195,0.30582,2.30601,0.00389,1.0963,0.3305,1.0844,0.03072,0.00294
10,hcp30,5,6,20,0.60,true,0.03075,0.00193,0.31581,2.31928,0.00391,1.1602,0.3009,1.1345,0.04399,0.00329
10,hcp30,5,6,20,0.70,true,0.03125,0.00195,0.32728,2.33304,0.00397,1.2216,0.2690,1.1918,0.05776,0.00366
10,hcp30,5,6,20,0.80,true,0.03037,0.00192,0.33999,2.34966,0.00400,1.2929,0.2448,1.2526,0.07438,0.00396
10,hcp30,5,6,20,0.90,true,0.02925,0.00188,0.35366,2.36766,0.00402,1.3581,0.2189,1.3169,0.09238,0.00425
10,hcp30,5,6,20,1.00,true,0.02913,0.00188,0.36749,2.38487,0.00406,1.4278,0.1984,1.3832,0.10959,0.00451
10,hcp30,5,6,20,1.10,true,0.02900,0.00188,0.38195,2.40288,0.00411,1.5006,0.1802,1.4533,0.12760,0.00477
10,hcp30,5,6,20,1.20,true,0.02712,0.00182,0.39800,2.42466,0.00410,1.5746,0.1605,1.5298,0.14937,0.00500
