stimp,skill,slope_deg,clock,length_ft,rollout_m,solve_ok,make,make_se,three_plus,exp_strokes,exp_strokes_se,mean_past_miss_m,pct_miss_short,mean_leave_m
8,tour,0,12,10,0.00,true,0.27663,0.00500,0.00006,1.72344,0.00500,0.1652,0.6333,0.1966
8,tour,0,12,10,0.10,true,0.34625,0.00532,0.00013,1.65388,0.00532,0.2103,0.4166,0.2144
8,tour,0,12,10,0.20,true,0.37888,0.00542,0.00045,1.62157,0.00543,0.2710,0.2324,0.2665
8,tour,0,12,10,0.30,true,0.38612,0.00544,0.00127,1.61514,0.00545,0.3453,0.1155,0.3421
8,tour,0,12,10,0.40,true,0.38262,0.00543,0.00304,1.62041,0.00546,0.4282,0.0480,0.4315
8,tour,0,12,10,0.50,true,0.36538,0.00538,0.00654,1.64117,0.00544,0.5207,0.0209,0.5268
8,tour,0,12,10,0.60,true,0.34775,0.00532,0.01245,1.66470,0.00543,0.6159,0.0086,0.6238
8,tour,0,12,10,0.70,true,0.32925,0.00525,0.02139,1.69214,0.00543,0.7135,0.0022,0.7229
8,tour,0,12,10,0.80,true,0.30888,0.00517,0.03377,1.72490,0.00544,0.8136,0.0013,0.8220
8,tour,0,12,10,0.90,true,0.29237,0.00509,0.04937,1.75700,0.00547,0.9133,0.0009,0.9211
8,tour,0,12,10,1.00,true,0.27037,0.00497,0.06885,1.79848,0.00547,1.0137,0.0000,1.0215
8,tour,0,12,10,1.10,true,0.25225,0.00486,0.09107,1.83883,0.00550,1.1143,0.0000,1.1216
8,tour,0,12,10,1.20,true,0.23037,0.00471,0.11682,1.88645,0.00549,1.2157,0.0000,1.2225
8,tour,0,12,15,0.00,true,0.15525,0.00405,0.00096,1.84571,0.00405,0.2410,0.5756,0.2873
8,tour,0,12,15,0.10,true,0.18575,0.00435,0.00132,1.81557,0.00436,0.2919,0.4467,0.3021
8,tour,0,12,15,0.20,true,0.20825,0.00454,0.00247,1.79422,0.00456,0.3432,0.3139,0.3404
8,tour,0,12,15,0.30,true,0.21838,0.00462,0.00476,1.78638,0.00465,0.4088,0.2170,0.3973
8,tour,0,12,15,0.40,true,0.22475,0.00467,0.00859,1.78384,0.00473,0.4776,0.1356,0.4701
8,tour,0,12,15,0.50,true,0.22337,0.00466,0.01450,1.79112,0.00476,0.5539,0.0781,0.5536
8,tour,0,12,15,0.60,true,0.21788,0.00462,0.02297,1.80509,0.00477,0.6387,0.0443,0.6435
8,tour,0,12,15,0.70,true,0.21063,0.00456,0.03437,1.82375,0.00479,0.7291,0.0234,0.7384
8,tour,0,12,15,0.80,true,0.19925,0.00447,0.04875,1.84950,0.00479,0.8224,0.0122,0.8344
8,tour,0,12,15,0.90,true,0.18625,0.00435,0.06624,1.87999,0.00478,0.9192,0.0072,0.9314
8,tour,0,12,15,1.00,true,0.17350,0.00423,0.08695,1.91345,0.00477,1.0188,0.0044,1.0310
8,tour,0,12,15,1.10,true,0.16237,0.00412,0.10987,1.94750,0.00478,1.1167,0.0024,1.1291
8,tour,0,12,15,1.20,true,0.14763,0.00397,0.13585,1.98824,0.00473,1.2166,0.0016,1.2285
8,tour,0,12,20,0.00,true,0.10050,0.00336,0.00415,1.90365,0.00338,0.3230,0.5443,0.3774
8,tour,0,12,20,0.10,true,0.11513,0.00357,0.00524,1.89011,0.00360,0.3665,0.4393,0.3915
8,tour,0,12,20,0.20,true,0.12600,0.00371,0.00778,1.88178,0.00375,0.4207,0.3438,0.4251
8,tour,0,12,20,0.30,true,0.13200,0.00378,0.01199,1.87999,0.00385,0.4766,0.2558,0.4737
8,tour,0,12,20,0.40,true,0.13350,0.00380,0.01802,1.88452,0.00391,0.5410,0.1868,0.5346
8,tour,0,12,20,0.50,true,0.13350,0.00380,0.02620,1.89270,0.00396,0.6081,0.1268,0.6068
8,tour,0,12,20,0.60,true,0.13187,0.00378,0.03696,1.90509,0.00400,0.6852,0.0860,0.6875
8,tour,0,12,20,0.70,true,0.12925,0.00375,0.05031,1.92107,0.00405,0.7670,0.0547,0.7754
8,tour,0,12,20,0.80,true,0.12212,0.00366,0.06662,1.94450,0.00405,0.8540,0.0335,0.8676
8,tour,0,12,20,0.90,true,0.11450,0.00356,0.08532,1.97082,0.00405,0.9434,0.0191,0.9616
8,tour,0,12,20,1.00,true,0.10562,0.00344,0.10665,2.00104,0.00403,1.0378,0.0117,1.0573
8,tour,0,12,20,1.10,true,0.09888,0.00334,0.13020,2.03134,0.00403,1.1354,0.0074,1.1555
8,tour,0,12,20,1.20,true,0.08950,0.00319,0.15616,2.06668,0.00399,1.2325,0.0036,1.2539
8,scratch,0,12,10,0.00,true,0.24250,0.00479,0.00024,1.75774,0.00479,0.1773,0.6183,0.2115
8,scratch,0,12,10,0.10,true,0.29738,0.00511,0.00049,1.70311,0.00511,0.2219,0.4163,0.2295
8,scratch,0,12,10,0.20,true,0.32725,0.00525,0.00127,1.67402,0.00526,0.2803,0.2428,0.2791
8,scratch,0,12,10,0.30,true,0.33163,0.00526,0.00309,1.67147,0.00529,0.3530,0.1330,0.3504
8,scratch,0,12,10,0.40,true,0.32775,0.00525,0.00669,1.67894,0.00530,0.4342,0.0632,0.4370
8,scratch,0,12,10,0.50,true,0.31538,0.00520,0.01279,1.69742,0.00530,0.5237,0.0274,0.5313
8,scratch,0,12,10,0.60,true,0.30088,0.00513,0.02220,1.72133,0.00531,0.6177,0.0122,0.6274
8,scratch,0,12,10,0.70,true,0.28525,0.00505,0.03533,1.75008,0.00532,0.7132,0.0045,0.7243
8,scratch,0,12,10,0.80,true,0.26613,0.00494,0.05285,1.78673,0.00534,0.8127,0.0019,0.8236
8,scratch,0,12,10,0.90,true,0.24875,0.00483,0.07390,1.82516,0.00536,0.9119,0.0010,0.9223
8,scratch,0,12,10,1.00,true,0.23225,0.00472,0.09826,1.86603,0.00539,1.0119,0.0007,1.0216
8,scratch,0,12,10,1.10,true,0.21550,0.00460,0.12584,1.91037,0.00542,1.1134,0.0000,1.1230
8,scratch,0,12,10,1.20,true,0.19550,0.00443,0.15601,1.96055,0.00539,1.2144,0.0000,1.2236
8,scratch,0,12,15,0.00,true,0.12712,0.00372,0.00261,1.87548,0.00374,0.2580,0.5616,0.3141
8,scratch,0,12,15,0.10,true,0.15150,0.00401,0.00340,1.85190,0.00403,0.3084,0.4442,0.3289
8,scratch,0,12,15,0.20,true,0.16975,0.00420,0.00563,1.83588,0.00423,0.3582,0.3207,0.3654
8,scratch,0,12,15,0.30,true,0.18050,0.00430,0.00968,1.82918,0.00436,0.4207,0.2257,0.4197
8,scratch,0,12,15,0.40,true,0.18563,0.00435,0.01615,1.83053,0.00445,0.4910,0.1521,0.4891
8,scratch,0,12,15,0.50,true,0.18300,0.00432,0.02546,1.84247,0.00449,0.5668,0.0975,0.5686
8,scratch,0,12,15,0.60,true,0.17763,0.00427,0.03785,1.86023,0.00452,0.6461,0.0572,0.6547
8,scratch,0,12,15,0.70,true,0.17037,0.00420,0.05357,1.88320,0.00455,0.7346,0.0351,0.7461
8,scratch,0,12,15,0.80,true,0.16325,0.00413,0.07243,1.90920,0.00458,0.8248,0.0193,0.8406
8,scratch,0,12,15,0.90,true,0.15313,0.00403,0.09457,1.94146,0.00460,0.9191,0.0102,0.9373
8,scratch,0,12,15,1.00,true,0.14188,0.00390,0.11942,1.97757,0.00459,1.0163,0.0064,1.0344
8,scratch,0,12,15,1.10,true,0.13225,0.00379,0.14656,2.01435,0.00460,1.1151,0.0042,1.1328
8,scratch,0,12,15,1.20,true,0.12112,0.00365,0.17591,2.05484,0.00458,1.2142,0.0024,1.2320
8,scratch,0,12,20,0.00,true,0.07625,0.00297,0.00977,1.93352,0.00301,0.3477,0.5352,0.4199
8,scratch,0,12,20,0.10,true,0.08650,0.00314,0.01170,1.92520,0.00320,0.3896,0.4361,0.4348
8,scratch,0,12,20,0.20,true,0.09663,0.00330,0.01574,1.91911,0.00339,0.4417,0.3498,0.4660
8,scratch,0,12,20,0.30,true,0.10312,0.00340,0.02218,1.91905,0.00353,0.4963,0.2663,0.5128
8,scratch,0,12,20,0.40,true,0.10237,0.00339,0.03115,1.92878,0.00357,0.5599,0.2033,0.5692
8,scratch,0,12,20,0.50,true,0.10300,0.00340,0.04305,1.94006,0.00365,0.6278,0.1463,0.6389
8,scratch,0,12,20,0.60,true,0.10013,0.00336,0.05793,1.95782,0.00370,0.6993,0.0992,0.7165
8,scratch,0,12,20,0.70,true,0.09738,0.00331,0.07546,1.97810,0.00375,0.7792,0.0679,0.7999
8,scratch,0,12,20,0.80,true,0.09300,0.00325,0.09560,2.00263,0.00379,0.8636,0.0456,0.8879
8,scratch,0,12,20,0.90,true,0.08837,0.00317,0.11812,2.02978,0.00383,0.9494,0.0277,0.9791
8,scratch,0,12,20,1.00,true,0.08188,0.00307,0.14315,2.06133,0.00383,1.0417,0.0176,1.0734
8,scratch,0,12,20,1.10,true,0.07550,0.00295,0.16992,2.09448,0.00382,1.1351,0.0110,1.1681
8,scratch,0,12,20,1.20,true,0.06975,0.00285,0.19820,2.12853,0.00382,1.2319,0.0074,1.2647
8,mid,0,12,10,0.00,true,0.18600,0.00435,0.00114,1.81514,0.00436,0.1925,0.5891,0.2369
8,mid,0,12,10,0.10,true,0.22550,0.00467,0.00189,1.77639,0.00468,0.2380,0.4078,0.2564
8,mid,0,12,10,0.20,true,0.24838,0.00483,0.00417,1.75579,0.00486,0.2947,0.2516,0.3036
8,mid,0,12,10,0.30,true,0.25425,0.00487,0.00866,1.75441,0.00493,0.3639,0.1475,0.3701
8,mid,0,12,10,0.40,true,0.24963,0.00484,0.01651,1.76689,0.00496,0.4432,0.0826,0.4507
8,mid,0,12,10,0.50,true,0.24250,0.00479,0.02851,1.78602,0.00500,0.5285,0.0396,0.5414
8,mid,0,12,10,0.60,true,0.22950,0.00470,0.04517,1.81569,0.00503,0.6190,0.0198,0.6342
8,mid,0,12,10,0.70,true,0.21788,0.00462,0.06652,1.84868,0.00508,0.7137,0.0101,0.7299
8,mid,0,12,10,0.80,true,0.20287,0.00450,0.09283,1.89001,0.00512,0.8104,0.0042,0.8276
8,mid,0,12,10,0.90,true,0.18900,0.00438,0.12300,1.93409,0.00516,0.9090,0.0017,0.9263
8,mid,0,12,10,1.00,true,0.17275,0.00423,0.15682,1.98421,0.00517,1.0095,0.0012,1.0258
8,mid,0,12,10,1.10,true,0.15950,0.00409,0.19239,2.03308,0.00519,1.1103,0.0007,1.1260
8,mid,0,12,10,1.20,true,0.14150,0.00390,0.23049,2.08926,0.00512,1.2104,0.0001,1.2260
8,mid,0,12,15,0.00,true,0.09287,0.00325,0.00930,1.91643,0.00329,0.2814,0.5483,0.3625
8,mid,0,12,15,0.10,true,0.10787,0.00347,0.01122,1.90335,0.00353,0.3315,0.4414,0.3782
8,mid,0,12,15,0.20,true,0.11950,0.00363,0.01623,1.89673,0.00372,0.3824,0.3322,0.4134
8,mid,0,12,15,0.30,true,0.12712,0.00372,0.02437,1.89726,0.00387,0.4419,0.2442,0.4635
8,mid,0,12,15,0.40,true,0.13012,0.00376,0.03624,1.90613,0.00398,0.5086,0.1729,0.5275
8,mid,0,12,15,0.50,true,0.12925,0.00375,0.05181,1.92259,0.00407,0.5804,0.1187,0.6007
8,mid,0,12,15,0.60,true,0.12662,0.00372,0.07115,1.94457,0.00416,0.6563,0.0763,0.6819
8,mid,0,12,15,0.70,true,0.12200,0.00366,0.09446,1.97254,0.00423,0.7393,0.0474,0.7694
8,mid,0,12,15,0.80,true,0.11588,0.00358,0.12128,2.00551,0.00429,0.8299,0.0314,0.8611
8,mid,0,12,15,0.90,true,0.10762,0.00346,0.15093,2.04345,0.00431,0.9194,0.0181,0.9541
8,mid,0,12,15,1.00,true,0.09988,0.00335,0.18297,2.08330,0.00433,1.0134,0.0101,1.0499
8,mid,0,12,15,1.10,true,0.09237,0.00324,0.21656,2.12446,0.00434,1.1106,0.0067,1.1464
8,mid,0,12,15,1.20,true,0.08275,0.00308,0.25208,2.16969,0.00429,1.2091,0.0046,1.2442
8,mid,0,12,20,0.00,true,0.05025,0.00244,0.03167,1.98143,0.00261,0.3782,0.5278,0.5001
8,mid,0,12,20,0.10,true,0.05625,0.00258,0.03546,1.97922,0.00277,0.4215,0.4395,0.5165
8,mid,0,12,20,0.20,true,0.06212,0.00270,0.04274,1.98064,0.00294,0.4717,0.3588,0.5471
8,mid,0,12,20,0.30,true,0.06713,0.00280,0.05368,1.98659,0.00311,0.5261,0.2834,0.5915
8,mid,0,12,20,0.40,true,0.06575,0.00277,0.06827,2.00257,0.00318,0.5844,0.2185,0.6446
8,mid,0,12,20,0.50,true,0.06588,0.00277,0.08618,2.02037,0.00329,0.6540,0.1701,0.7087
8,mid,0,12,20,0.60,true,0.06563,0.00277,0.10705,2.04152,0.00340,0.7213,0.1235,0.7799
8,mid,0,12,20,0.70,true,0.06400,0.00274,0.13090,2.06704,0.00350,0.7965,0.0897,0.8573
8,mid,0,12,20,0.80,true,0.06212,0.00270,0.15730,2.09536,0.00358,0.8767,0.0637,0.9405
8,mid,0,12,20,0.90,true,0.06012,0.00266,0.18566,2.12578,0.00366,0.9599,0.0436,1.0275
8,mid,0,12,20,1.00,true,0.05538,0.00256,0.21618,2.16113,0.00367,1.0459,0.0282,1.1172
8,mid,0,12,20,1.10,true,0.05162,0.00247,0.24789,2.19668,0.00369,1.1375,0.0191,1.2097
8,mid,0,12,20,1.20,true,0.04537,0.00233,0.28076,2.23590,0.00363,1.2296,0.0122,1.3028
8,high,0,12,10,0.00,true,0.14988,0.00399,0.00422,1.85434,0.00401,0.2102,0.5726,0.2666
8,high,0,12,10,0.10,true,0.17688,0.00427,0.00611,1.82924,0.00430,0.2564,0.4112,0.2862
8,high,0,12,10,0.20,true,0.19462,0.00443,0.01118,1.81657,0.00450,0.3118,0.2711,0.3304
8,high,0,12,10,0.30,true,0.19875,0.00446,0.02031,1.82159,0.00460,0.3777,0.1682,0.3931
8,high,0,12,10,0.40,true,0.19762,0.00445,0.03439,1.83682,0.00469,0.4548,0.1030,0.4695
8,high,0,12,10,0.50,true,0.19187,0.00440,0.05402,1.86223,0.00478,0.5360,0.0574,0.5548
8,high,0,12,10,0.60,true,0.18188,0.00431,0.07926,1.89752,0.00485,0.6239,0.0310,0.6458
8,high,0,12,10,0.70,true,0.17075,0.00421,0.10982,1.93928,0.00492,0.7166,0.0161,0.7408
8,high,0,12,10,0.80,true,0.15850,0.00408,0.14404,1.98585,0.00497,0.8119,0.0091,0.8365
8,high,0,12,10,0.90,true,0.14613,0.00395,0.18158,2.03589,0.00500,0.9090,0.0041,0.9346
8,high,0,12,10,1.00,true,0.13275,0.00379,0.22111,2.08897,0.00500,1.0074,0.0020,1.0328
8,high,0,12,10,1.10,true,0.12100,0.00365,0.26135,2.14117,0.00498,1.1073,0.0016,1.1317
8,high,0,12,10,1.20,true,0.11050,0.00351,0.30169,2.19226,0.00496,1.2074,0.0008,1.2316
8,high,0,12,15,0.00,true,0.07000,0.00285,0.02678,1.95681,0.00300,0.3078,0.5406,0.4175
8,high,0,12,15,0.10,true,0.08113,0.00305,0.03062,1.94954,0.00322,0.3574,0.4436,0.4342
8,high,0,12,15,0.20,true,0.09087,0.00321,0.03898,1.94816,0.00344,0.4077,0.3457,0.4680
8,high,0,12,15,0.30,true,0.09425,0.00327,0.05197,1.95781,0.00358,0.4650,0.2641,0.5142
8,high,0,12,15,0.40,true,0.09675,0.00331,0.06961,1.97299,0.00373,0.5304,0.1985,0.5734
8,high,0,12,15,0.50,true,0.09688,0.00331,0.09172,1.99503,0.00387,0.5991,0.1419,0.6432
8,high,0,12,15,0.60,true,0.09413,0.00326,0.11796,2.02410,0.00397,0.6747,0.1006,0.7205
8,high,0,12,15,0.70,true,0.08975,0.00320,0.14777,2.05839,0.00406,0.7527,0.0666,0.8037
8,high,0,12,15,0.80,true,0.08525,0.00312,0.18035,2.09560,0.00413,0.8374,0.0444,0.8915
8,high,0,12,15,0.90,true,0.07900,0.00302,0.21469,2.13636,0.00416,0.9260,0.0311,0.9807
8,high,0,12,15,1.00,true,0.07312,0.00291,0.25082,2.17856,0.00418,1.0153,0.0186,1.0738
8,high,0,12,15,1.10,true,0.06613,0.00278,0.28805,2.22304,0.00415,1.1101,0.0128,1.1684
8,high,0,12,15,1.20,true,0.06087,0.00267,0.32512,2.26565,0.00413,1.2048,0.0077,1.2644
8,high,0,12,20,0.00,true,0.03575,0.00208,0.07851,2.04290,0.00254,0.4145,0.5254,0.5919
8,high,0,12,20,0.10,true,0.04000,0.00219,0.08441,2.04456,0.00269,0.4574,0.4449,0.6100
8,high,0,12,20,0.20,true,0.04312,0.00227,0.09484,2.05191,0.00284,0.5069,0.3718,0.6398
8,high,0,12,20,0.30,true,0.04713,0.00237,0.10935,2.06247,0.00303,0.5617,0.3055,0.6818
8,high,0,12,20,0.40,true,0.04825,0.00240,0.12780,2.07987,0.00317,0.6188,0.2447,0.7328
8,high,0,12,20,0.50,true,0.04688,0.00236,0.14962,2.10316,0.00326,0.6830,0.1963,0.7910
8,high,0,12,20,0.60,true,0.04788,0.00239,0.17453,2.12719,0.00341,0.7516,0.1540,0.8587
8,high,0,12,20,0.70,true,0.04763,0.00238,0.20206,2.15513,0.00353,0.8196,0.1142,0.9320
8,high,0,12,20,0.80,true,0.04437,0.00230,0.23222,2.18872,0.00357,0.8969,0.0869,1.0100
8,high,0,12,20,0.90,true,0.04238,0.00225,0.26380,2.22251,0.00362,0.9764,0.0636,1.0931
8,high,0,12,20,1.00,true,0.04088,0.00221,0.29622,2.25668,0.00368,1.0593,0.0456,1.1794
8,high,0,12,20,1.10,true,0.03775,0.00213,0.32935,2.29324,0.00367,1.1442,0.0317,1.2675
8,high,0,12,20,1.20,true,0.03513,0.00206,0.36252,2.32938,0.00366,1.2346,0.0231,1.3583
8,tour,1,12,10,0.00,true,0.29875,0.00512,0.00007,1.70132,0.00512,0.1619,0.6394,0.1955
8,tour,1,12,10,0.10,true,0.36975,0.00540,0.00021,1.63046,0.00540,0.2128,0.4377,0.2111
8,tour,1,12,10,0.20,true,0.41500,0.00551,0.00066,1.58566,0.00552,0.2760,0.2519,0.2640
8,tour,1,12,10,0.30,true,0.42488,0.00553,0.00180,1.57693,0.00554,0.3484,0.1245,0.3402
8,tour,1,12,10,0.40,true,0.42125,0.00552,0.00423,1.58298,0.00556,0.4316,0.0523,0.4314
8,tour,1,12,10,0.50,true,0.40687,0.00549,0.00868,1.60180,0.00558,0.5224,0.0215,0.5265
8,tour,1,12,10,0.60,true,0.39113,0.00546,0.01594,1.62482,0.00561,0.6182,0.0090,0.6243
8,tour,1,12,10,0.70,true,0.37500,0.00541,0.02695,1.65195,0.00566,0.7180,0.0032,0.7253
8,tour,1,12,10,0.80,true,0.35450,0.00535,0.04228,1.68778,0.00572,0.8214,0.0015,0.8284
8,tour,1,12,10,0.90,true,0.33613,0.00528,0.06017,1.72404,0.00580,0.9189,0.0008,0.9256
8,tour,1,12,10,1.00,true,0.31900,0.00521,0.08147,1.76247,0.00588,1.0200,0.0004,1.0263
8,tour,1,12,10,1.10,true,0.30100,0.00513,0.10548,1.80448,0.00595,1.1214,0.0000,1.1276
8,tour,1,12,10,1.20,true,0.28413,0.00504,0.13105,1.84693,0.00603,1.2211,0.0000,1.2270
8,tour,1,12,15,0.00,true,0.17525,0.00425,0.00090,1.82565,0.00426,0.2441,0.5911,0.2803
8,tour,1,12,15,0.10,true,0.20888,0.00454,0.00161,1.79273,0.00456,0.2854,0.4462,0.2939
8,tour,1,12,15,0.20,true,0.23275,0.00472,0.00323,1.77048,0.00475,0.3399,0.3154,0.3321
8,tour,1,12,15,0.30,true,0.24650,0.00482,0.00627,1.75977,0.00486,0.4050,0.2125,0.3906
8,tour,1,12,15,0.40,true,0.25050,0.00484,0.01113,1.76063,0.00493,0.4735,0.1306,0.4635
8,tour,1,12,15,0.50,true,0.24963,0.00484,0.01854,1.76892,0.00498,0.5519,0.0753,0.5484
8,tour,1,12,15,0.60,true,0.24425,0.00480,0.02889,1.78464,0.00502,0.6378,0.0413,0.6403
8,tour,1,12,15,0.70,true,0.23663,0.00475,0.04188,1.80525,0.00506,0.7265,0.0231,0.7326
8,tour,1,12,15,0.80,true,0.22200,0.00465,0.05875,1.83675,0.00506,0.8215,0.0132,0.8293
8,tour,1,12,15,0.90,true,0.21263,0.00457,0.07837,1.86574,0.00511,0.9185,0.0068,0.9281
8,tour,1,12,15,1.00,true,0.20338,0.00450,0.10057,1.89720,0.00517,1.0163,0.0039,1.0264
8,tour,1,12,15,1.10,true,0.19200,0.00440,0.12473,1.93274,0.00520,1.1124,0.0020,1.1230
8,tour,1,12,15,1.20,true,0.18063,0.00430,0.15381,1.97319,0.00524,1.2206,0.0003,1.2318
8,tour,1,12,20,0.00,true,0.12037,0.00364,0.00438,1.88401,0.00366,0.3158,0.5654,0.3691
8,tour,1,12,20,0.10,true,0.14125,0.00389,0.00594,1.86469,0.00393,0.3580,0.4563,0.3824
8,tour,1,12,20,0.20,true,0.15463,0.00404,0.00902,1.85440,0.00410,0.4079,0.3535,0.4133
8,tour,1,12,20,0.30,true,0.16475,0.00415,0.01380,1.84905,0.00424,0.4688,0.2707,0.4607
8,tour,1,12,20,0.40,true,0.16800,0.00418,0.02072,1.85272,0.00432,0.5316,0.1965,0.5211
8,tour,1,12,20,0.50,true,0.16862,0.00419,0.02999,1.86137,0.00438,0.6004,0.1373,0.5927
8,tour,1,12,20,0.60,true,0.16662,0.00417,0.04207,1.87545,0.00444,0.6779,0.0942,0.6739
8,tour,1,12,20,0.70,true,0.16025,0.00410,0.05695,1.89670,0.00447,0.7584,0.0621,0.7597
8,tour,1,12,20,0.80,true,0.15475,0.00404,0.07407,1.91932,0.00452,0.8434,0.0416,0.8484
8,tour,1,12,20,0.90,true,0.14875,0.00398,0.09505,1.94631,0.00457,0.9373,0.0263,0.9463
8,tour,1,12,20,1.00,true,0.14263,0.00391,0.11738,1.97476,0.00462,1.0308,0.0185,1.0408
8,tour,1,12,20,1.10,true,0.13300,0.00380,0.14370,2.01071,0.00463,1.1321,0.0131,1.1426
8,tour,1,12,20,1.20,true,0.12625,0.00371,0.16993,2.04370,0.00466,1.2273,0.0077,1.2406
8,tour,1,3,10,0.00,true,0.23738,0.00476,0.00007,1.76269,0.00476,0.1440,0.6238,0.1989
8,tour,1,3,10,0.10,true,0.32262,0.00523,0.00016,1.67753,0.00523,0.2152,0.4161,0.2176
8,tour,1,3,10,0.20,true,0.36062,0.00537,0.00053,1.63991,0.00537,0.2771,0.2248,0.2731
8,tour,1,3,10,0.30,true,0.37100,0.00540,0.00143,1.63043,0.00541,0.3407,0.1174,0.3404
8,tour,1,3,10,0.40,true,0.36975,0.00540,0.00360,1.63385,0.00543,0.4243,0.0474,0.4313
8,tour,1,3,10,0.50,true,0.35763,0.00536,0.00754,1.64991,0.00542,0.5148,0.0175,0.5260
8,tour,1,3,10,0.60,true,0.34100,0.00530,0.01417,1.67317,0.00542,0.6105,0.0057,0.6235
8,tour,1,3,10,0.70,true,0.32300,0.00523,0.02345,1.70045,0.00542,0.7051,0.0024,0.7178
8,tour,1,3,10,0.80,true,0.30488,0.00515,0.03720,1.73233,0.00544,0.8096,0.0009,0.8220
8,tour,1,3,10,0.90,true,0.28850,0.00507,0.05436,1.76586,0.00549,0.9114,0.0004,0.9236
8,tour,1,3,10,1.00,true,0.26925,0.00496,0.07572,1.80647,0.00552,1.0144,0.0002,1.0262
8,tour,1,3,10,1.10,true,0.25100,0.00485,0.09825,1.84725,0.00554,1.1080,0.0000,1.1199
8,tour,1,3,10,1.20,true,0.23337,0.00473,0.12463,1.89126,0.00557,1.2086,0.0000,1.2204
8,tour,1,3,15,0.00,true,0.14900,0.00398,0.00116,1.85216,0.00399,0.2143,0.5621,0.2928
8,tour,1,3,15,0.10,true,0.17888,0.00428,0.00162,1.82275,0.00429,0.2903,0.4314,0.3086
8,tour,1,3,15,0.20,true,0.19825,0.00446,0.00283,1.80458,0.00447,0.3470,0.3254,0.3436
8,tour,1,3,15,0.30,true,0.21588,0.00460,0.00563,1.78976,0.00464,0.4089,0.2076,0.4053
8,tour,1,3,15,0.40,true,0.22300,0.00465,0.01007,1.78707,0.00472,0.4788,0.1298,0.4783
8,tour,1,3,15,0.50,true,0.22100,0.00464,0.01672,1.79572,0.00475,0.5553,0.0772,0.5602
8,tour,1,3,15,0.60,true,0.21225,0.00457,0.02539,1.81314,0.00474,0.6315,0.0436,0.6421
8,tour,1,3,15,0.70,true,0.20100,0.00448,0.03883,1.83783,0.00474,0.7300,0.0253,0.7425
8,tour,1,3,15,0.80,true,0.18887,0.00438,0.05405,1.86517,0.00473,0.8195,0.0148,0.8342
8,tour,1,3,15,0.90,true,0.17675,0.00426,0.07266,1.89591,0.00472,0.9125,0.0082,0.9288
8,tour,1,3,15,1.00,true,0.16675,0.00417,0.09447,1.92772,0.00474,1.0098,0.0038,1.0277
8,tour,1,3,15,1.10,true,0.15637,0.00406,0.11915,1.96278,0.00476,1.1104,0.0022,1.1282
8,tour,1,3,15,1.20,true,0.14500,0.00394,0.14433,1.99933,0.00475,1.2043,0.0013,1.2221
8,tour,1,3,20,0.00,true,0.10038,0.00336,0.00532,1.90495,0.00339,0.2854,0.5477,0.3896
8,tour,1,3,20,0.10,true,0.11812,0.00361,0.00632,1.88819,0.00364,0.3628,0.4482,0.4029
8,tour,1,3,20,0.20,true,0.12562,0.00371,0.00867,1.88305,0.00375,0.4155,0.3554,0.4318
8,tour,1,3,20,0.30,true,0.13237,0.00379,0.01287,1.88050,0.00386,0.4730,0.2724,0.4772
8,tour,1,3,20,0.40,true,0.13462,0.00382,0.01924,1.88461,0.00393,0.5337,0.1976,0.5362
8,tour,1,3,20,0.50,true,0.13725,0.00385,0.02800,1.89075,0.00402,0.6045,0.1414,0.6075
8,tour,1,3,20,0.60,true,0.13425,0.00381,0.03943,1.90518,0.00405,0.6783,0.0975,0.6856
8,tour,1,3,20,0.70,true,0.13037,0.00376,0.05346,1.92309,0.00409,0.7574,0.0661,0.7691
8,tour,1,3,20,0.80,true,0.12637,0.00371,0.07037,1.94399,0.00413,0.8428,0.0435,0.8592
8,tour,1,3,20,0.90,true,0.11875,0.00362,0.09002,1.97127,0.00414,0.9318,0.0289,0.9513
8,tour,1,3,20,1.00,true,0.11338,0.00354,0.11092,1.99755,0.00417,1.0195,0.0180,1.0426
8,tour,1,3,20,1.10,true,0.10612,0.00344,0.13640,2.03028,0.00419,1.1184,0.0101,1.1447
8,tour,1,3,20,1.20,true,0.09713,0.00331,0.16412,2.06701,0.00417,1.2208,0.0061,1.2479
8,tour,1,6,10,0.00,true,0.25162,0.00485,0.00009,1.74847,0.00485,0.1625,0.6157,0.1985
8,tour,1,6,10,0.10,true,0.31988,0.00521,0.00008,1.68021,0.00522,0.2105,0.4036,0.2184
8,tour,1,6,10,0.20,true,0.35025,0.00533,0.00023,1.64998,0.00534,0.2712,0.2255,0.2700
8,tour,1,6,10,0.30,true,0.35675,0.00536,0.00071,1.64396,0.00536,0.3464,0.1129,0.3457
8,tour,1,6,10,0.40,true,0.34963,0.00533,0.00193,1.65230,0.00535,0.4309,0.0500,0.4351
8,tour,1,6,10,0.50,true,0.33563,0.00528,0.00440,1.66878,0.00532,0.5227,0.0201,0.5307
8,tour,1,6,10,0.60,true,0.31850,0.00521,0.00885,1.69035,0.00528,0.6179,0.0084,0.6272
8,tour,1,6,10,0.70,true,0.29800,0.00511,0.01604,1.71804,0.00524,0.7166,0.0027,0.7267
8,tour,1,6,10,0.80,true,0.27800,0.00501,0.02651,1.74851,0.00521,0.8173,0.0005,0.8273
8,tour,1,6,10,0.90,true,0.25500,0.00487,0.04066,1.78566,0.00516,0.9198,0.0003,0.9288
8,tour,1,6,10,1.00,true,0.23262,0.00472,0.05821,1.82559,0.00512,1.0215,0.0002,1.0298
8,tour,1,6,10,1.10,true,0.20825,0.00454,0.07926,1.87102,0.00504,1.1227,0.0000,1.1306
8,tour,1,6,10,1.20,true,0.18000,0.00430,0.10284,1.92286,0.00489,1.2195,0.0000,1.2268
8,tour,1,6,15,0.00,true,0.15000,0.00399,0.00113,1.85113,0.00400,0.2496,0.5550,0.2946
8,tour,1,6,15,0.10,true,0.18038,0.00430,0.00116,1.82078,0.00431,0.2971,0.4185,0.3138
8,tour,1,6,15,0.20,true,0.19462,0.00443,0.00193,1.80730,0.00444,0.3538,0.3006,0.3532
8,tour,1,6,15,0.30,true,0.20250,0.00449,0.00365,1.80115,0.00452,0.4168,0.1989,0.4125
8,tour,1,6,15,0.40,true,0.20325,0.00450,0.00673,1.80348,0.00454,0.4879,0.1269,0.4850
8,tour,1,6,15,0.50,true,0.19912,0.00446,0.01165,1.81252,0.00454,0.5647,0.0716,0.5690
8,tour,1,6,15,0.60,true,0.19087,0.00439,0.01882,1.82795,0.00451,0.6507,0.0412,0.6588
8,tour,1,6,15,0.70,true,0.18075,0.00430,0.02874,1.84799,0.00448,0.7416,0.0217,0.7539
8,tour,1,6,15,0.80,true,0.16612,0.00416,0.04154,1.87542,0.00441,0.8353,0.0111,0.8497
8,tour,1,6,15,0.90,true,0.15175,0.00401,0.05730,1.90556,0.00434,0.9329,0.0065,0.9475
8,tour,1,6,15,1.00,true,0.13837,0.00386,0.07640,1.93803,0.00429,1.0339,0.0032,1.0489
8,tour,1,6,15,1.10,true,0.12350,0.00368,0.09772,1.97424,0.00419,1.1316,0.0011,1.1470
8,tour,1,6,15,1.20,true,0.10750,0.00346,0.12174,2.01426,0.00407,1.2314,0.0006,1.2461
8,tour,1,6,20,0.00,true,0.09913,0.00334,0.00529,1.90617,0.00337,0.3293,0.5427,0.3918
8,tour,1,6,20,0.10,true,0.11175,0.00352,0.00544,1.89369,0.00355,0.3747,0.4454,0.4050
8,tour,1,6,20,0.20,true,0.12262,0.00367,0.00696,1.88433,0.00370,0.4247,0.3485,0.4366
8,tour,1,6,20,0.30,true,0.13075,0.00377,0.00990,1.87915,0.00382,0.4812,0.2623,0.4842
8,tour,1,6,20,0.40,true,0.13287,0.00380,0.01461,1.88173,0.00388,0.5443,0.1893,0.5453
8,tour,1,6,20,0.50,true,0.13275,0.00379,0.02125,1.88850,0.00392,0.6137,0.1309,0.6178
8,tour,1,6,20,0.60,true,0.12887,0.00375,0.03021,1.90134,0.00392,0.6906,0.0875,0.6991
8,tour,1,6,20,0.70,true,0.12275,0.00367,0.04145,1.91870,0.00391,0.7735,0.0584,0.7856
8,tour,1,6,20,0.80,true,0.11388,0.00355,0.05543,1.94156,0.00387,0.8612,0.0385,0.8764
8,tour,1,6,20,0.90,true,0.10437,0.00342,0.07200,1.96764,0.00382,0.9544,0.0265,0.9707
8,tour,1,6,20,1.00,true,0.09613,0.00330,0.09028,1.99417,0.00378,1.0452,0.0170,1.0641
8,tour,1,6,20,1.10,true,0.08563,0.00313,0.11170,2.02610,0.00370,1.1418,0.0105,1.1624
8,tour,1,6,20,1.20,true,0.07575,0.00296,0.13443,2.05872,0.00361,1.2374,0.0069,1.2585
8,scratch,1,12,10,0.00,true,0.25962,0.00490,0.00021,1.74059,0.00490,0.1719,0.6193,0.2092
8,scratch,1,12,10,0.10,true,0.31875,0.00521,0.00053,1.68178,0.00521,0.2236,0.4330,0.2256
8,scratch,1,12,10,0.20,true,0.35887,0.00536,0.00148,1.64261,0.00538,0.2859,0.2616,0.2762
8,scratch,1,12,10,0.30,true,0.36712,0.00539,0.00368,1.63655,0.00542,0.3547,0.1389,0.3477
8,scratch,1,12,10,0.40,true,0.36662,0.00539,0.00809,1.64146,0.00546,0.4377,0.0639,0.4377
8,scratch,1,12,10,0.50,true,0.35200,0.00534,0.01544,1.66344,0.00548,0.5263,0.0297,0.5305
8,scratch,1,12,10,0.60,true,0.33713,0.00529,0.02648,1.68935,0.00552,0.6204,0.0128,0.6276
8,scratch,1,12,10,0.70,true,0.32212,0.00522,0.04188,1.71976,0.00558,0.7187,0.0059,0.7269
8,scratch,1,12,10,0.80,true,0.30450,0.00515,0.06215,1.75765,0.00565,0.8206,0.0018,0.8298
8,scratch,1,12,10,0.90,true,0.28937,0.00507,0.08461,1.79524,0.00573,0.9178,0.0012,0.9264
8,scratch,1,12,10,1.00,true,0.27200,0.00498,0.11106,1.83906,0.00581,1.0188,0.0007,1.0269
8,scratch,1,12,10,1.10,true,0.25612,0.00488,0.13974,1.88363,0.00588,1.1201,0.0003,1.1280
8,scratch,1,12,10,1.20,true,0.23913,0.00477,0.16971,1.93061,0.00592,1.2186,0.0000,1.2264
8,scratch,1,12,15,0.00,true,0.14575,0.00395,0.00226,1.85651,0.00396,0.2607,0.5774,0.3054
8,scratch,1,12,15,0.10,true,0.17175,0.00422,0.00364,1.83189,0.00424,0.3023,0.4430,0.3197
8,scratch,1,12,15,0.20,true,0.19012,0.00439,0.00655,1.81642,0.00443,0.3531,0.3203,0.3552
8,scratch,1,12,15,0.30,true,0.20137,0.00448,0.01158,1.81021,0.00456,0.4186,0.2260,0.4107
8,scratch,1,12,15,0.40,true,0.20600,0.00452,0.01915,1.81315,0.00465,0.4857,0.1469,0.4804
8,scratch,1,12,15,0.50,true,0.20287,0.00450,0.03005,1.82718,0.00471,0.5615,0.0897,0.5616
8,scratch,1,12,15,0.60,true,0.19862,0.00446,0.04418,1.84556,0.00477,0.6445,0.0541,0.6493
8,scratch,1,12,15,0.70,true,0.19337,0.00442,0.06116,1.86779,0.00483,0.7287,0.0304,0.7389
8,scratch,1,12,15,0.80,true,0.18538,0.00434,0.08250,1.89713,0.00489,0.8239,0.0175,0.8366
8,scratch,1,12,15,0.90,true,0.17563,0.00425,0.10659,1.93097,0.00494,0.9203,0.0114,0.9333
8,scratch,1,12,15,1.00,true,0.16675,0.00417,0.13312,1.96638,0.00499,1.0168,0.0065,1.0311
8,scratch,1,12,15,1.10,true,0.15812,0.00408,0.16130,2.00320,0.00504,1.1134,0.0039,1.1281
8,scratch,1,12,15,1.20,true,0.14600,0.00395,0.19482,2.04885,0.00505,1.2210,0.0020,1.2359
8,scratch,1,12,20,0.00,true,0.09713,0.00331,0.00945,1.91233,0.00336,0.3403,0.5554,0.4094
8,scratch,1,12,20,0.10,true,0.11075,0.00351,0.01210,1.90135,0.00358,0.3816,0.4536,0.4229
8,scratch,1,12,20,0.20,true,0.12062,0.00364,0.01685,1.89623,0.00374,0.4292,0.3576,0.4523
8,scratch,1,12,20,0.30,true,0.12575,0.00371,0.02418,1.89843,0.00386,0.4882,0.2777,0.4976
8,scratch,1,12,20,0.40,true,0.12950,0.00375,0.03391,1.90441,0.00397,0.5511,0.2109,0.5543
8,scratch,1,12,20,0.50,true,0.12962,0.00376,0.04649,1.91686,0.00405,0.6163,0.1528,0.6212
8,scratch,1,12,20,0.60,true,0.13025,0.00376,0.06242,1.93218,0.00416,0.6925,0.1088,0.6997
8,scratch,1,12,20,0.70,true,0.12512,0.00370,0.08128,1.95616,0.00421,0.7709,0.0760,0.7818
8,scratch,1,12,20,0.80,true,0.12112,0.00365,0.10244,1.98133,0.00428,0.8534,0.0521,0.8684
8,scratch,1,12,20,0.90,true,0.11625,0.00358,0.12739,2.01116,0.00434,0.9458,0.0358,0.9633
8,scratch,1,12,20,1.00,true,0.10950,0.00349,0.15346,2.04398,0.00437,1.0349,0.0243,1.0550
8,scratch,1,12,20,1.10,true,0.10237,0.00339,0.18293,2.08059,0.00439,1.1332,0.0170,1.1542
8,scratch,1,12,20,1.20,true,0.09663,0.00330,0.21215,2.11557,0.00441,1.2294,0.0127,1.2504
8,scratch,1,3,10,0.00,true,0.21088,0.00456,0.00018,1.78930,0.00456,0.1533,0.6108,0.2134
8,scratch,1,3,10,0.10,true,0.27763,0.00501,0.00039,1.72276,0.00501,0.2263,0.4160,0.2323
8,scratch,1,3,10,0.20,true,0.31300,0.00518,0.00121,1.68821,0.00519,0.2875,0.2424,0.2845
8,scratch,1,3,10,0.30,true,0.32175,0.00522,0.00290,1.68115,0.00525,0.3489,0.1367,0.3483
8,scratch,1,3,10,0.40,true,0.31850,0.00521,0.00677,1.68827,0.00526,0.4306,0.0613,0.4372
8,scratch,1,3,10,0.50,true,0.30775,0.00516,0.01333,1.70559,0.00527,0.5192,0.0265,0.5302
8,scratch,1,3,10,0.60,true,0.29425,0.00509,0.02341,1.72916,0.00528,0.6124,0.0099,0.6266
8,scratch,1,3,10,0.70,true,0.27937,0.00502,0.03668,1.75730,0.00530,0.7059,0.0040,0.7207
8,scratch,1,3,10,0.80,true,0.26488,0.00493,0.05531,1.79044,0.00535,0.8092,0.0015,0.8240
8,scratch,1,3,10,0.90,true,0.24825,0.00483,0.07783,1.82958,0.00539,0.9100,0.0008,0.9243
8,scratch,1,3,10,1.00,true,0.23025,0.00471,0.10456,1.87432,0.00542,1.0122,0.0003,1.0264
8,scratch,1,3,10,1.10,true,0.21325,0.00458,0.13198,1.91875,0.00544,1.1063,0.0002,1.1204
8,scratch,1,3,10,1.20,true,0.19562,0.00444,0.16321,1.96761,0.00544,1.2063,0.0000,1.2204
8,scratch,1,3,15,0.00,true,0.12662,0.00372,0.00275,1.87613,0.00373,0.2340,0.5549,0.3201
8,scratch,1,3,15,0.10,true,0.15025,0.00399,0.00362,1.85337,0.00402,0.3074,0.4329,0.3355
8,scratch,1,3,15,0.20,true,0.16525,0.00415,0.00593,1.84068,0.00419,0.3632,0.3318,0.3695
8,scratch,1,3,15,0.30,true,0.17825,0.00428,0.01065,1.83240,0.00435,0.4263,0.2282,0.4268
8,scratch,1,3,15,0.40,true,0.18163,0.00431,0.01774,1.83611,0.00443,0.4920,0.1486,0.4955
8,scratch,1,3,15,0.50,true,0.17750,0.00427,0.02759,1.85009,0.00445,0.5651,0.0936,0.5731
8,scratch,1,3,15,0.60,true,0.17313,0.00423,0.04003,1.86691,0.00449,0.6411,0.0574,0.6544
8,scratch,1,3,15,0.70,true,0.16412,0.00414,0.05808,1.89396,0.00451,0.7332,0.0319,0.7512
8,scratch,1,3,15,0.80,true,0.15575,0.00405,0.07765,1.92191,0.00454,0.8219,0.0210,0.8408
8,scratch,1,3,15,0.90,true,0.14675,0.00396,0.10092,1.95418,0.00456,0.9153,0.0126,0.9361
8,scratch,1,3,15,1.00,true,0.13525,0.00382,0.12806,1.99283,0.00456,1.0130,0.0069,1.0354
8,scratch,1,3,15,1.10,true,0.12650,0.00372,0.15686,2.03039,0.00458,1.1121,0.0040,1.1351
8,scratch,1,3,15,1.20,true,0.11688,0.00359,0.18540,2.06856,0.00457,1.2048,0.0024,1.2280
8,scratch,1,3,20,0.00,true,0.08300,0.00308,0.01140,1.92840,0.00314,0.3145,0.5435,0.4326
8,scratch,1,3,20,0.10,true,0.09275,0.00324,0.01303,1.92028,0.00331,0.3873,0.4490,0.4456
8,scratch,1,3,20,0.20,true,0.09825,0.00333,0.01697,1.91872,0.00342,0.4374,0.3615,0.4732
8,scratch,1,3,20,0.30,true,0.10100,0.00337,0.02368,1.92269,0.00351,0.4960,0.2850,0.5168
8,scratch,1,3,20,0.40,true,0.10400,0.00341,0.03311,1.92911,0.00361,0.5582,0.2179,0.5728
8,scratch,1,3,20,0.50,true,0.10550,0.00343,0.04529,1.93979,0.00371,0.6234,0.1599,0.6390
8,scratch,1,3,20,0.60,true,0.10487,0.00343,0.06067,1.95580,0.00379,0.6973,0.1165,0.7146
8,scratch,1,3,20,0.70,true,0.10162,0.00338,0.07866,1.97705,0.00385,0.7710,0.0797,0.7948
8,scratch,1,3,20,0.80,true,0.09850,0.00333,0.09965,2.00117,0.00391,0.8555,0.0570,0.8815
8,scratch,1,3,20,0.90,true,0.09375,0.00326,0.12308,2.02935,0.00396,0.9407,0.0386,0.9710
8,scratch,1,3,20,1.00,true,0.08887,0.00318,0.14777,2.05892,0.00399,1.0274,0.0266,1.0603
8,scratch,1,3,20,1.10,true,0.08263,0.00308,0.17685,2.09427,0.00401,1.1243,0.0169,1.1604
8,scratch,1,3,20,1.20,true,0.07700,0.00298,0.20699,2.13005,0.00402,1.2223,0.0102,1.2610
8,scratch,1,6,10,0.00,true,0.22112,0.00464,0.00027,1.77915,0.00464,0.1742,0.6001,0.2144
8,scratch,1,6,10,0.10,true,0.27413,0.00499,0.00026,1.72613,0.00499,0.2221,0.4059,0.2337
8,scratch,1,6,10,0.20,true,0.29875,0.00512,0.00064,1.70189,0.00512,0.2827,0.2415,0.2832
8,scratch,1,6,10,0.30,true,0.30712,0.00516,0.00171,1.69459,0.00517,0.3554,0.1299,0.3558
8,scratch,1,6,10,0.40,true,0.30562,0.00515,0.00408,1.69846,0.00518,0.4375,0.0628,0.4425
8,scratch,1,6,10,0.50,true,0.29125,0.00508,0.00854,1.71729,0.00515,0.5275,0.0302,0.5356
8,scratch,1,6,10,0.60,true,0.27537,0.00499,0.01574,1.74036,0.00511,0.6196,0.0121,0.6311
8,scratch,1,6,10,0.70,true,0.25850,0.00489,0.02635,1.76785,0.00509,0.7165,0.0042,0.7293
8,scratch,1,6,10,0.80,true,0.23775,0.00476,0.04091,1.80317,0.00504,0.8167,0.0021,0.8287
8,scratch,1,6,10,0.90,true,0.21813,0.00462,0.05912,1.84101,0.00501,0.9169,0.0005,0.9288
8,scratch,1,6,10,1.00,true,0.19612,0.00444,0.08120,1.88509,0.00495,1.0185,0.0003,1.0295
8,scratch,1,6,10,1.10,true,0.17288,0.00423,0.10695,1.93410,0.00485,1.1210,0.0002,1.1314
8,scratch,1,6,10,1.20,true,0.15100,0.00400,0.13413,1.98317,0.00473,1.2174,0.0000,1.2274
8,scratch,1,6,15,0.00,true,0.12500,0.00370,0.00283,1.87783,0.00371,0.2691,0.5433,0.3240
8,scratch,1,6,15,0.10,true,0.14725,0.00396,0.00299,1.85574,0.00398,0.3150,0.4167,0.3429
8,scratch,1,6,15,0.20,true,0.15712,0.00407,0.00448,1.84735,0.00409,0.3702,0.3088,0.3799
8,scratch,1,6,15,0.30,true,0.16325,0.00413,0.00761,1.84436,0.00418,0.4305,0.2103,0.4362
8,scratch,1,6,15,0.40,true,0.16387,0.00414,0.01266,1.84879,0.00421,0.5004,0.1428,0.5044
8,scratch,1,6,15,0.50,true,0.16000,0.00410,0.02033,1.86033,0.00422,0.5757,0.0888,0.5843
8,scratch,1,6,15,0.60,true,0.15350,0.00403,0.03073,1.87723,0.00421,0.6586,0.0542,0.6713
8,scratch,1,6,15,0.70,true,0.14350,0.00392,0.04459,1.90110,0.00418,0.7487,0.0323,0.7647
8,scratch,1,6,15,0.80,true,0.13487,0.00382,0.06123,1.92636,0.00417,0.8396,0.0170,0.8596
8,scratch,1,6,15,0.90,true,0.12550,0.00370,0.08059,1.95511,0.00415,0.9341,0.0093,0.9557
8,scratch,1,6,15,1.00,true,0.11175,0.00352,0.10375,1.99203,0.00407,1.0335,0.0055,1.0550
8,scratch,1,6,15,1.10,true,0.09850,0.00333,0.12879,2.03034,0.00398,1.1308,0.0032,1.1521
8,scratch,1,6,15,1.20,true,0.08625,0.00314,0.15651,2.07034,0.00388,1.2298,0.0012,1.2515
8,scratch,1,6,20,0.00,true,0.07900,0.00302,0.01145,1.93245,0.00307,0.3505,0.5347,0.4354
8,scratch,1,6,20,0.10,true,0.08787,0.00317,0.01191,1.92403,0.00323,0.3961,0.4436,0.4497
8,scratch,1,6,20,0.20,true,0.09525,0.00328,0.01449,1.91924,0.00336,0.4475,0.3542,0.4810
8,scratch,1,6,20,0.30,true,0.10025,0.00336,0.01911,1.91887,0.00346,0.5022,0.2715,0.5267
8,scratch,1,6,20,0.40,true,0.10175,0.00338,0.02612,1.92438,0.00353,0.5679,0.2075,0.5848
8,scratch,1,6,20,0.50,true,0.10125,0.00337,0.03554,1.93430,0.00358,0.6328,0.1478,0.6528
8,scratch,1,6,20,0.60,true,0.09850,0.00333,0.04761,1.94912,0.00361,0.7078,0.1062,0.7292
8,scratch,1,6,20,0.70,true,0.09275,0.00324,0.06243,1.96970,0.00360,0.7850,0.0723,0.8111
8,scratch,1,6,20,0.80,true,0.08725,0.00316,0.08008,1.99286,0.00360,0.8706,0.0486,0.9003
8,scratch,1,6,20,0.90,true,0.08150,0.00306,0.09993,2.01847,0.00360,0.9609,0.0350,0.9910
8,scratch,1,6,20,1.00,true,0.07375,0.00292,0.12170,2.04800,0.00356,1.0497,0.0244,1.0815
8,scratch,1,6,20,1.10,true,0.06575,0.00277,0.14641,2.08075,0.00351,1.1434,0.0155,1.1776
8,scratch,1,6,20,1.20,true,0.05925,0.00264,0.17201,2.11287,0.00347,1.2372,0.0105,1.2721
8,mid,1,12,10,0.00,true,0.20162,0.00449,0.00103,1.79940,0.00449,0.1876,0.5903,0.2331
8,mid,1,12,10,0.10,true,0.24013,0.00478,0.00206,1.76194,0.00479,0.2387,0.4205,0.2506
8,mid,1,12,10,0.20,true,0.26987,0.00496,0.00485,1.73498,0.00500,0.3004,0.2717,0.2980
8,mid,1,12,10,0.30,true,0.27800,0.00501,0.01042,1.73242,0.00509,0.3678,0.1565,0.3661
8,mid,1,12,10,0.40,true,0.27575,0.00500,0.02013,1.74438,0.00516,0.4468,0.0853,0.4489
8,mid,1,12,10,0.50,true,0.26850,0.00495,0.03433,1.76584,0.00522,0.5299,0.0414,0.5384
8,mid,1,12,10,0.60,true,0.25788,0.00489,0.05357,1.79570,0.00530,0.6208,0.0204,0.6322
8,mid,1,12,10,0.70,true,0.24238,0.00479,0.07864,1.83628,0.00537,0.7175,0.0106,0.7300
8,mid,1,12,10,0.80,true,0.22762,0.00469,0.10872,1.88113,0.00546,0.8183,0.0045,0.8320
8,mid,1,12,10,0.90,true,0.21400,0.00459,0.14024,1.92630,0.00553,0.9137,0.0017,0.9280
8,mid,1,12,10,1.00,true,0.20200,0.00449,0.17488,1.97296,0.00562,1.0145,0.0014,1.0279
8,mid,1,12,10,1.10,true,0.18950,0.00438,0.21119,2.02181,0.00568,1.1151,0.0006,1.1284
8,mid,1,12,10,1.20,true,0.17550,0.00425,0.24817,2.07283,0.00569,1.2141,0.0003,1.2271
8,mid,1,12,15,0.00,true,0.10525,0.00343,0.00825,1.90300,0.00347,0.2833,0.5595,0.3507
8,mid,1,12,15,0.10,true,0.12350,0.00368,0.01150,1.88800,0.00375,0.3257,0.4415,0.3658
8,mid,1,12,15,0.20,true,0.13512,0.00382,0.01786,1.88274,0.00393,0.3759,0.3304,0.3997
8,mid,1,12,15,0.30,true,0.14163,0.00390,0.02781,1.88619,0.00408,0.4385,0.2423,0.4511
8,mid,1,12,15,0.40,true,0.14550,0.00394,0.04128,1.89579,0.00421,0.5026,0.1675,0.5152
8,mid,1,12,15,0.50,true,0.14600,0.00395,0.05911,1.91313,0.00434,0.5769,0.1115,0.5919
8,mid,1,12,15,0.60,true,0.14175,0.00390,0.08120,1.93948,0.00443,0.6568,0.0718,0.6758
8,mid,1,12,15,0.70,true,0.13712,0.00385,0.10612,1.96904,0.00452,0.7380,0.0445,0.7618
8,mid,1,12,15,0.80,true,0.13262,0.00379,0.13527,2.00271,0.00462,0.8282,0.0268,0.8553
8,mid,1,12,15,0.90,true,0.12825,0.00374,0.16657,2.03842,0.00472,0.9219,0.0166,0.9506
8,mid,1,12,15,1.00,true,0.12037,0.00364,0.19996,2.07971,0.00476,1.0170,0.0114,1.0454
8,mid,1,12,15,1.10,true,0.11325,0.00354,0.23429,2.12121,0.00480,1.1115,0.0072,1.1406
8,mid,1,12,15,1.20,true,0.10450,0.00342,0.27280,2.16854,0.00480,1.2165,0.0043,1.2457
8,mid,1,12,20,0.00,true,0.06500,0.00276,0.02889,1.96390,0.00292,0.3713,0.5425,0.4837
8,mid,1,12,20,0.10,true,0.07412,0.00293,0.03391,1.95980,0.00313,0.4121,0.4516,0.4982
8,mid,1,12,20,0.20,true,0.08088,0.00305,0.04242,1.96156,0.00330,0.4586,0.3633,0.5274
8,mid,1,12,20,0.30,true,0.08438,0.00311,0.05463,1.97028,0.00345,0.5170,0.2912,0.5701
8,mid,1,12,20,0.40,true,0.08438,0.00311,0.07031,1.98597,0.00355,0.5782,0.2287,0.6229
8,mid,1,12,20,0.50,true,0.08438,0.00311,0.08923,2.00489,0.00366,0.6422,0.1742,0.6851
8,mid,1,12,20,0.60,true,0.08375,0.00310,0.11155,2.02786,0.00378,0.7133,0.1310,0.7559
8,mid,1,12,20,0.70,true,0.08250,0.00308,0.13697,2.05455,0.00390,0.7896,0.0962,0.8343
8,mid,1,12,20,0.80,true,0.07988,0.00303,0.16410,2.08433,0.00398,0.8675,0.0708,0.9143
8,mid,1,12,20,0.90,true,0.07537,0.00295,0.19547,2.12025,0.00404,0.9543,0.0496,1.0042
8,mid,1,12,20,1.00,true,0.07112,0.00287,0.22675,2.15582,0.00408,1.0417,0.0369,1.0922
8,mid,1,12,20,1.10,true,0.06700,0.00280,0.26126,2.19453,0.00411,1.1346,0.0240,1.1890
8,mid,1,12,20,1.20,true,0.06187,0.00269,0.29464,2.23311,0.00410,1.2285,0.0184,1.2819
8,mid,1,3,10,0.00,true,0.16837,0.00418,0.00100,1.83262,0.00419,0.1721,0.5960,0.2386
8,mid,1,3,10,0.10,true,0.21738,0.00461,0.00175,1.78437,0.00462,0.2392,0.4130,0.2569
8,mid,1,3,10,0.20,true,0.23913,0.00477,0.00435,1.76523,0.00480,0.3002,0.2541,0.3063
8,mid,1,3,10,0.30,true,0.24550,0.00481,0.00876,1.76326,0.00488,0.3600,0.1537,0.3664
8,mid,1,3,10,0.40,true,0.24438,0.00480,0.01757,1.77320,0.00493,0.4390,0.0784,0.4505
8,mid,1,3,10,0.50,true,0.23613,0.00475,0.03042,1.79431,0.00497,0.5235,0.0396,0.5388
8,mid,1,3,10,0.60,true,0.22725,0.00469,0.04822,1.82099,0.00503,0.6153,0.0181,0.6340
8,mid,1,3,10,0.70,true,0.21625,0.00460,0.06964,1.85342,0.00509,0.7054,0.0078,0.7261
8,mid,1,3,10,0.80,true,0.19862,0.00446,0.09844,1.89987,0.00512,0.8070,0.0033,0.8279
8,mid,1,3,10,0.90,true,0.18263,0.00432,0.13026,1.94772,0.00514,0.9069,0.0015,0.9277
8,mid,1,3,10,1.00,true,0.16937,0.00419,0.16517,1.99592,0.00518,1.0085,0.0008,1.0290
8,mid,1,3,10,1.10,true,0.15775,0.00408,0.19950,2.04192,0.00521,1.1034,0.0003,1.1238
8,mid,1,3,10,1.20,true,0.14350,0.00392,0.23735,2.09408,0.00519,1.2043,0.0003,1.2244
8,mid,1,3,15,0.00,true,0.09475,0.00327,0.01005,1.91530,0.00333,0.2637,0.5413,0.3694
8,mid,1,3,15,0.10,true,0.11100,0.00351,0.01251,1.90152,0.00358,0.3342,0.4345,0.3861
8,mid,1,3,15,0.20,true,0.11713,0.00360,0.01774,1.90062,0.00370,0.3860,0.3401,0.4172
8,mid,1,3,15,0.30,true,0.12425,0.00369,0.02730,1.90306,0.00385,0.4480,0.2495,0.4687
8,mid,1,3,15,0.40,true,0.12575,0.00371,0.04036,1.91463,0.00396,0.5102,0.1717,0.5323
8,mid,1,3,15,0.50,true,0.12575,0.00371,0.05709,1.93137,0.00406,0.5798,0.1154,0.6052
8,mid,1,3,15,0.60,true,0.12225,0.00366,0.07678,1.95457,0.00413,0.6534,0.0778,0.6819
8,mid,1,3,15,0.70,true,0.11613,0.00358,0.10385,1.98779,0.00420,0.7452,0.0478,0.7777
8,mid,1,3,15,0.80,true,0.11025,0.00350,0.13078,2.02062,0.00426,0.8293,0.0301,0.8652
8,mid,1,3,15,0.90,true,0.10300,0.00340,0.16090,2.05803,0.00430,0.9205,0.0201,0.9572
8,mid,1,3,15,1.00,true,0.09638,0.00330,0.19341,2.09721,0.00433,1.0150,0.0134,1.0524
8,mid,1,3,15,1.10,true,0.09087,0.00321,0.22690,2.13626,0.00437,1.1094,0.0077,1.1488
8,mid,1,3,15,1.20,true,0.08300,0.00308,0.25968,2.17698,0.00433,1.2000,0.0050,1.2396
8,mid,1,3,20,0.00,true,0.05713,0.00259,0.03527,1.97816,0.00279,0.3660,0.5371,0.5143
8,mid,1,3,20,0.10,true,0.06250,0.00271,0.03941,1.97693,0.00293,0.4258,0.4512,0.5295
8,mid,1,3,20,0.20,true,0.06625,0.00278,0.04723,1.98100,0.00305,0.4752,0.3707,0.5583
8,mid,1,3,20,0.30,true,0.06788,0.00281,0.05871,1.99087,0.00316,0.5317,0.3024,0.5984
8,mid,1,3,20,0.40,true,0.06850,0.00282,0.07354,2.00509,0.00327,0.5903,0.2387,0.6498
8,mid,1,3,20,0.50,true,0.07050,0.00286,0.09163,2.02119,0.00341,0.6540,0.1857,0.7107
8,mid,1,3,20,0.60,true,0.07100,0.00287,0.11248,2.04157,0.00354,0.7208,0.1407,0.7786
8,mid,1,3,20,0.70,true,0.07013,0.00285,0.13679,2.06678,0.00366,0.7964,0.1057,0.8559
8,mid,1,3,20,0.80,true,0.06888,0.00283,0.16292,2.09420,0.00376,0.8714,0.0754,0.9365
8,mid,1,3,20,0.90,true,0.06450,0.00275,0.19152,2.12723,0.00380,0.9539,0.0557,1.0207
8,mid,1,3,20,1.00,true,0.06000,0.00266,0.22018,2.16044,0.00381,1.0347,0.0404,1.1042
8,mid,1,3,20,1.10,true,0.05613,0.00257,0.25325,2.19746,0.00384,1.1289,0.0283,1.2007
8,mid,1,3,20,1.20,true,0.05187,0.00248,0.28690,2.23546,0.00384,1.2237,0.0187,1.2985
8,mid,1,6,10,0.00,true,0.17137,0.00421,0.00124,1.82986,0.00422,0.1903,0.5779,0.2412
8,mid,1,6,10,0.10,true,0.20775,0.00454,0.00140,1.79365,0.00454,0.2382,0.4042,0.2610
8,mid,1,6,10,0.20,true,0.22737,0.00469,0.00284,1.77547,0.00471,0.2965,0.2532,0.3081
8,mid,1,6,10,0.30,true,0.23463,0.00474,0.00620,1.77158,0.00478,0.3662,0.1468,0.3758
8,mid,1,6,10,0.40,true,0.22950,0.00470,0.01240,1.78291,0.00479,0.4453,0.0818,0.4563
8,mid,1,6,10,0.50,true,0.22150,0.00464,0.02223,1.80074,0.00480,0.5304,0.0405,0.5460
8,mid,1,6,10,0.60,true,0.20913,0.00455,0.03604,1.82693,0.00479,0.6198,0.0199,0.6379
8,mid,1,6,10,0.70,true,0.19337,0.00442,0.05465,1.86130,0.00477,0.7155,0.0101,0.7342
8,mid,1,6,10,0.80,true,0.17688,0.00427,0.07792,1.90109,0.00475,0.8127,0.0035,0.8327
8,mid,1,6,10,0.90,true,0.16212,0.00412,0.10541,1.94337,0.00474,0.9145,0.0021,0.9334
8,mid,1,6,10,1.00,true,0.14663,0.00395,0.13581,1.98932,0.00471,1.0143,0.0006,1.0331
8,mid,1,6,10,1.10,true,0.12737,0.00373,0.16972,2.04255,0.00461,1.1155,0.0004,1.1333
8,mid,1,6,10,1.20,true,0.11263,0.00353,0.20350,2.09118,0.00452,1.2121,0.0003,1.2293
8,mid,1,6,15,0.00,true,0.08950,0.00319,0.01049,1.92099,0.00324,0.2912,0.5303,0.3750
8,mid,1,6,15,0.10,true,0.10262,0.00339,0.01139,1.90876,0.00345,0.3358,0.4165,0.3936
8,mid,1,6,15,0.20,true,0.10800,0.00347,0.01520,1.90720,0.00355,0.3903,0.3166,0.4297
8,mid,1,6,15,0.30,true,0.11313,0.00354,0.02220,1.90909,0.00367,0.4509,0.2288,0.4827
8,mid,1,6,15,0.40,true,0.11500,0.00357,0.03253,1.91755,0.00376,0.5185,0.1612,0.5478
8,mid,1,6,15,0.50,true,0.11075,0.00351,0.04670,1.93598,0.00378,0.5933,0.1106,0.6227
8,mid,1,6,15,0.60,true,0.10400,0.00341,0.06443,1.96047,0.00378,0.6694,0.0700,0.7036
8,mid,1,6,15,0.70,true,0.09975,0.00335,0.08569,1.98602,0.00383,0.7558,0.0448,0.7925
8,mid,1,6,15,0.80,true,0.09350,0.00325,0.10988,2.01650,0.00386,0.8451,0.0288,0.8836
8,mid,1,6,15,0.90,true,0.08750,0.00316,0.13684,2.04951,0.00388,0.9360,0.0166,0.9775
8,mid,1,6,15,1.00,true,0.07925,0.00302,0.16735,2.08835,0.00386,1.0330,0.0095,1.0755
8,mid,1,6,15,1.10,true,0.07037,0.00286,0.19892,2.12889,0.00381,1.1298,0.0066,1.1712
8,mid,1,6,15,1.20,true,0.06225,0.00270,0.23173,2.16995,0.00374,1.2260,0.0037,1.2676
8,mid,1,6,20,0.00,true,0.05100,0.00246,0.03670,1.98572,0.00266,0.3832,0.5259,0.5212
8,mid,1,6,20,0.10,true,0.05588,0.00257,0.03845,1.98259,0.00278,0.4274,0.4410,0.5374
8,mid,1,6,20,0.20,true,0.06112,0.00268,0.04361,1.98252,0.00292,0.4775,0.3604,0.5681
8,mid,1,6,20,0.30,true,0.06413,0.00274,0.05216,1.98808,0.00304,0.5344,0.2910,0.6105
8,mid,1,6,20,0.40,true,0.06463,0.00275,0.06421,1.99964,0.00312,0.5952,0.2274,0.6644
8,mid,1,6,20,0.50,true,0.06463,0.00275,0.07946,2.01492,0.00321,0.6579,0.1712,0.7273
8,mid,1,6,20,0.60,true,0.06400,0.00274,0.09760,2.03372,0.00330,0.7267,0.1259,0.7981
8,mid,1,6,20,0.70,true,0.06125,0.00268,0.11865,2.05757,0.00335,0.8014,0.0915,0.8750
8,mid,1,6,20,0.80,true,0.05800,0.00261,0.14249,2.08472,0.00340,0.8823,0.0662,0.9573
8,mid,1,6,20,0.90,true,0.05450,0.00254,0.16840,2.11420,0.00344,0.9674,0.0475,1.0439
8,mid,1,6,20,1.00,true,0.04863,0.00240,0.19576,2.14754,0.00341,1.0542,0.0352,1.1305
8,mid,1,6,20,1.10,true,0.04525,0.00232,0.22539,2.18066,0.00343,1.1472,0.0261,1.2234
8,mid,1,6,20,1.20,true,0.03875,0.00216,0.25578,2.21769,0.00335,1.2374,0.0185,1.3144
8,high,1,12,10,0.00,true,0.15850,0.00408,0.00372,1.84523,0.00410,0.2064,0.5720,0.2609
8,high,1,12,10,0.10,true,0.18750,0.00436,0.00612,1.81863,0.00440,0.2562,0.4202,0.2787
8,high,1,12,10,0.20,true,0.20850,0.00454,0.01190,1.80341,0.00463,0.3142,0.2838,0.3222
8,high,1,12,10,0.30,true,0.21775,0.00461,0.02235,1.80462,0.00478,0.3822,0.1796,0.3865
8,high,1,12,10,0.40,true,0.21113,0.00456,0.03888,1.82779,0.00485,0.4569,0.1049,0.4643
8,high,1,12,10,0.50,true,0.20825,0.00454,0.06074,1.85254,0.00498,0.5381,0.0578,0.5509
8,high,1,12,10,0.60,true,0.19937,0.00447,0.08831,1.88903,0.00509,0.6250,0.0319,0.6413
8,high,1,12,10,0.70,true,0.18962,0.00438,0.12131,1.93184,0.00521,0.7188,0.0168,0.7374
8,high,1,12,10,0.80,true,0.17838,0.00428,0.15936,1.98121,0.00531,0.8189,0.0096,0.8381
8,high,1,12,10,0.90,true,0.16950,0.00419,0.19724,2.02806,0.00541,0.9140,0.0053,0.9341
8,high,1,12,10,1.00,true,0.15912,0.00409,0.23751,2.07883,0.00548,1.0116,0.0021,1.0327
8,high,1,12,10,1.10,true,0.14675,0.00396,0.27923,2.13307,0.00549,1.1123,0.0015,1.1327
8,high,1,12,10,1.20,true,0.13587,0.00383,0.31929,2.18420,0.00549,1.2099,0.0010,1.2299
8,high,1,12,15,0.00,true,0.08188,0.00307,0.02324,1.94140,0.00319,0.3118,0.5523,0.4035
8,high,1,12,15,0.10,true,0.09162,0.00323,0.02893,1.93734,0.00340,0.3541,0.4468,0.4184
8,high,1,12,15,0.20,true,0.10000,0.00335,0.03943,1.93947,0.00360,0.4023,0.3438,0.4513
8,high,1,12,15,0.30,true,0.10462,0.00342,0.05472,1.95016,0.00377,0.4620,0.2601,0.4994
8,high,1,12,15,0.40,true,0.10912,0.00349,0.07420,1.96517,0.00397,0.5285,0.1956,0.5597
8,high,1,12,15,0.50,true,0.11038,0.00350,0.09845,1.98821,0.00414,0.5966,0.1352,0.6315
8,high,1,12,15,0.60,true,0.10938,0.00349,0.12672,2.01754,0.00429,0.6737,0.0946,0.7105
8,high,1,12,15,0.70,true,0.10662,0.00345,0.15767,2.05132,0.00442,0.7529,0.0644,0.7934
8,high,1,12,15,0.80,true,0.10162,0.00338,0.19265,2.09140,0.00451,0.8384,0.0417,0.8828
8,high,1,12,15,0.90,true,0.09525,0.00328,0.22972,2.13497,0.00456,0.9277,0.0268,0.9750
8,high,1,12,15,1.00,true,0.08950,0.00319,0.26713,2.17829,0.00460,1.0195,0.0181,1.0676
8,high,1,12,15,1.10,true,0.08488,0.00312,0.30401,2.21997,0.00463,1.1120,0.0131,1.1599
8,high,1,12,15,1.20,true,0.07963,0.00303,0.34470,2.26616,0.00464,1.2155,0.0087,1.2637
8,high,1,12,20,0.00,true,0.04625,0.00235,0.06951,2.02339,0.00276,0.4072,0.5372,0.5679
8,high,1,12,20,0.10,true,0.05250,0.00249,0.07692,2.02455,0.00296,0.4474,0.4562,0.5832
8,high,1,12,20,0.20,true,0.05763,0.00261,0.08898,2.03151,0.00315,0.4949,0.3782,0.6121
8,high,1,12,20,0.30,true,0.06075,0.00267,0.10508,2.04451,0.00333,0.5496,0.3106,0.6520
8,high,1,12,20,0.40,true,0.06125,0.00268,0.12525,2.06423,0.00346,0.6115,0.2542,0.7019
8,high,1,12,20,0.50,true,0.06012,0.00266,0.14848,2.08865,0.00357,0.6715,0.2010,0.7590
8,high,1,12,20,0.60,true,0.06087,0.00267,0.17525,2.11475,0.00372,0.7386,0.1553,0.8264
8,high,1,12,20,0.70,true,0.05788,0.00261,0.20498,2.14759,0.00380,0.8112,0.1191,0.8993
8,high,1,12,20,0.80,true,0.05663,0.00258,0.23584,2.17984,0.00390,0.8869,0.0912,0.9766
8,high,1,12,20,0.90,true,0.05287,0.00250,0.26990,2.21781,0.00393,0.9700,0.0692,1.0605
8,high,1,12,20,1.00,true,0.04963,0.00243,0.30345,2.25481,0.00395,1.0521,0.0520,1.1447
8,high,1,12,20,1.10,true,0.04750,0.00238,0.33894,2.29267,0.00399,1.1434,0.0388,1.2370
8,high,1,12,20,1.20,true,0.04487,0.00231,0.37292,2.32954,0.00399,1.2323,0.0291,1.3273
8,high,1,3,10,0.00,true,0.13750,0.00385,0.00391,1.86642,0.00387,0.1908,0.5823,0.2676
8,high,1,3,10,0.10,true,0.16762,0.00418,0.00615,1.83853,0.00421,0.2581,0.4154,0.2864
8,high,1,3,10,0.20,true,0.18613,0.00435,0.01219,1.82607,0.00443,0.3191,0.2742,0.3334
8,high,1,3,10,0.30,true,0.19225,0.00441,0.02098,1.82876,0.00455,0.3758,0.1778,0.3894
8,high,1,3,10,0.40,true,0.19237,0.00441,0.03645,1.84412,0.00466,0.4511,0.1018,0.4677
8,high,1,3,10,0.50,true,0.18750,0.00436,0.05684,1.86943,0.00476,0.5318,0.0555,0.5532
8,high,1,3,10,0.60,true,0.17450,0.00424,0.08310,1.90875,0.00480,0.6192,0.0301,0.6434
8,high,1,3,10,0.70,true,0.16575,0.00416,0.11258,1.94705,0.00488,0.7079,0.0153,0.7349
8,high,1,3,10,0.80,true,0.15725,0.00407,0.14845,1.99154,0.00498,0.8072,0.0065,0.8364
8,high,1,3,10,0.90,true,0.14663,0.00395,0.18679,2.04063,0.00505,0.9067,0.0034,0.9359
8,high,1,3,10,1.00,true,0.13487,0.00382,0.22775,2.09353,0.00507,1.0086,0.0017,1.0376
8,high,1,3,10,1.10,true,0.12275,0.00367,0.26625,2.14434,0.00505,1.1009,0.0007,1.1302
8,high,1,3,10,1.20,true,0.11050,0.00351,0.30759,2.19817,0.00499,1.2008,0.0007,1.2294
8,high,1,3,15,0.00,true,0.07450,0.00294,0.02816,1.95369,0.00309,0.3018,0.5374,0.4267
8,high,1,3,15,0.10,true,0.08325,0.00309,0.03307,1.94987,0.00328,0.3643,0.4377,0.4434
8,high,1,3,15,0.20,true,0.08787,0.00317,0.04203,1.95421,0.00341,0.4149,0.3545,0.4730
8,high,1,3,15,0.30,true,0.09162,0.00323,0.05713,1.96560,0.00357,0.4766,0.2715,0.5218
8,high,1,3,15,0.40,true,0.09175,0.00323,0.07686,1.98526,0.00370,0.5403,0.2009,0.5825
8,high,1,3,15,0.50,true,0.09100,0.00322,0.09993,2.00914,0.00383,0.6068,0.1454,0.6504
8,high,1,3,15,0.60,true,0.09000,0.00320,0.12529,2.03558,0.00395,0.6728,0.1000,0.7229
8,high,1,3,15,0.70,true,0.08825,0.00317,0.15780,2.06996,0.00409,0.7588,0.0661,0.8126
8,high,1,3,15,0.80,true,0.08563,0.00313,0.18917,2.10409,0.00420,0.8395,0.0455,0.8964
8,high,1,3,15,0.90,true,0.07950,0.00302,0.22389,2.14510,0.00423,0.9265,0.0306,0.9857
8,high,1,3,15,1.00,true,0.07350,0.00292,0.25979,2.18720,0.00425,1.0180,0.0216,1.0775
8,high,1,3,15,1.10,true,0.06850,0.00282,0.29661,2.22925,0.00426,1.1125,0.0156,1.1724
8,high,1,3,15,1.20,true,0.06338,0.00272,0.33120,2.26922,0.00424,1.1998,0.0103,1.2615
8,high,1,3,20,0.00,true,0.04238,0.00225,0.08410,2.04189,0.00275,0.4262,0.5315,0.6095
8,high,1,3,20,0.10,true,0.04537,0.00233,0.09080,2.04560,0.00287,0.4749,0.4595,0.6259
8,high,1,3,20,0.20,true,0.04688,0.00236,0.10135,2.05469,0.00298,0.5204,0.3883,0.6529
8,high,1,3,20,0.30,true,0.04900,0.00241,0.11604,2.06730,0.00312,0.5700,0.3212,0.6911
8,high,1,3,20,0.40,true,0.05013,0.00244,0.13458,2.08479,0.00326,0.6276,0.2644,0.7391
8,high,1,3,20,0.50,true,0.05250,0.00249,0.15602,2.10395,0.00343,0.6891,0.2141,0.7962
8,high,1,3,20,0.60,true,0.05187,0.00248,0.18084,2.12952,0.00355,0.7556,0.1710,0.8609
8,high,1,3,20,0.70,true,0.05112,0.00246,0.20806,2.15764,0.00365,0.8252,0.1337,0.9321
8,high,1,3,20,0.80,true,0.04875,0.00241,0.23727,2.18939,0.00372,0.8986,0.1038,1.0076
8,high,1,3,20,0.90,true,0.04662,0.00236,0.26810,2.22256,0.00378,0.9750,0.0780,1.0887
8,high,1,3,20,1.00,true,0.04275,0.00226,0.29868,2.25725,0.00378,1.0521,0.0597,1.1687
8,high,1,3,20,1.10,true,0.04013,0.00219,0.33269,2.29419,0.00379,1.1413,0.0443,1.2607
8,high,1,3,20,1.20,true,0.03537,0.00207,0.36701,2.33360,0.00373,1.2313,0.0324,1.3532
8,high,1,6,10,0.00,true,0.13537,0.00383,0.00451,1.86914,0.00385,0.2101,0.5650,0.2723
8,high,1,6,10,0.10,true,0.16250,0.00412,0.00528,1.84279,0.00416,0.2562,0.4067,0.2923
8,high,1,6,10,0.20,true,0.17925,0.00429,0.00895,1.82971,0.00434,0.3120,0.2670,0.3369
8,high,1,6,10,0.30,true,0.18225,0.00432,0.01625,1.83402,0.00442,0.3796,0.1694,0.3991
8,high,1,6,10,0.40,true,0.17713,0.00427,0.02794,1.85087,0.00445,0.4542,0.1004,0.4746
8,high,1,6,10,0.50,true,0.17137,0.00421,0.04458,1.87330,0.00450,0.5380,0.0576,0.5608
8,high,1,6,10,0.60,true,0.16337,0.00413,0.06609,1.90286,0.00456,0.6255,0.0326,0.6507
8,high,1,6,10,0.70,true,0.15213,0.00402,0.09281,1.94092,0.00459,0.7170,0.0165,0.7449
8,high,1,6,10,0.80,true,0.13887,0.00387,0.12421,1.98569,0.00459,0.8138,0.0093,0.8419
8,high,1,6,10,0.90,true,0.12725,0.00373,0.15953,2.03281,0.00461,0.9129,0.0037,0.9422
8,high,1,6,10,1.00,true,0.11513,0.00357,0.19687,2.08249,0.00460,1.0130,0.0023,1.0415
8,high,1,6,10,1.10,true,0.10275,0.00339,0.23592,2.13420,0.00455,1.1124,0.0008,1.1408
8,high,1,6,10,1.20,true,0.08787,0.00317,0.27528,2.18877,0.00441,1.2085,0.0004,1.2362
8,high,1,6,15,0.00,true,0.06550,0.00277,0.02996,1.96449,0.00293,0.3171,0.5231,0.4331
8,high,1,6,15,0.10,true,0.07575,0.00296,0.03249,1.95679,0.00314,0.3656,0.4241,0.4538
8,high,1,6,15,0.20,true,0.07975,0.00303,0.03955,1.95987,0.00325,0.4187,0.3317,0.4891
8,high,1,6,15,0.30,true,0.08250,0.00308,0.05117,1.96878,0.00337,0.4763,0.2504,0.5381
8,high,1,6,15,0.40,true,0.08400,0.00310,0.06721,1.98337,0.00350,0.5400,0.1830,0.5990
8,high,1,6,15,0.50,true,0.08000,0.00303,0.08792,2.00817,0.00355,0.6124,0.1323,0.6697
8,high,1,6,15,0.60,true,0.07850,0.00301,0.11201,2.03387,0.00365,0.6878,0.0922,0.7476
8,high,1,6,15,0.70,true,0.07637,0.00297,0.13976,2.06388,0.00375,0.7688,0.0618,0.8321
8,high,1,6,15,0.80,true,0.07212,0.00289,0.17004,2.09860,0.00381,0.8548,0.0426,0.9196
8,high,1,6,15,0.90,true,0.06613,0.00278,0.20285,2.13764,0.00383,0.9438,0.0285,1.0103
8,high,1,6,15,1.00,true,0.05738,0.00260,0.23847,2.18229,0.00376,1.0367,0.0187,1.1043
8,high,1,6,15,1.10,true,0.05137,0.00247,0.27409,2.22425,0.00373,1.1288,0.0111,1.1985
8,high,1,6,15,1.20,true,0.04600,0.00234,0.30999,2.26591,0.00368,1.2238,0.0072,1.2935
8,high,1,6,20,0.00,true,0.03550,0.00207,0.08794,2.05261,0.00260,0.4203,0.5233,0.6181
8,high,1,6,20,0.10,true,0.03913,0.00217,0.09141,2.05249,0.00271,0.4654,0.4484,0.6360
8,high,1,6,20,0.20,true,0.04263,0.00226,0.09936,2.05699,0.00285,0.5134,0.3746,0.6659
8,high,1,6,20,0.30,true,0.04350,0.00228,0.11150,2.06833,0.00295,0.5699,0.3113,0.7065
8,high,1,6,20,0.40,true,0.04575,0.00234,0.12762,2.08230,0.00310,0.6265,0.2491,0.7579
8,high,1,6,20,0.50,true,0.04688,0.00236,0.14689,2.10057,0.00323,0.6911,0.2008,0.8168
8,high,1,6,20,0.60,true,0.04612,0.00235,0.16946,2.12406,0.00332,0.7558,0.1542,0.8833
8,high,1,6,20,0.70,true,0.04425,0.00230,0.19436,2.15103,0.00339,0.8255,0.1173,0.9552
8,high,1,6,20,0.80,true,0.04238,0.00225,0.22189,2.18067,0.00345,0.9025,0.0886,1.0338
8,high,1,6,20,0.90,true,0.03862,0.00215,0.25115,2.21397,0.00346,0.9815,0.0659,1.1149
8,high,1,6,20,1.00,true,0.03612,0.00209,0.28077,2.24641,0.00349,1.0645,0.0503,1.1984
8,high,1,6,20,1.10,true,0.03138,0.00195,0.31305,2.28383,0.00343,1.1533,0.0376,1.2877
8,high,1,6,20,1.20,true,0.02838,0.00186,0.34439,2.31859,0.00341,1.2431,0.0296,1.3765
8,tour,2,12,10,0.00,true,0.33337,0.00527,0.00006,1.66669,0.00527,0.1644,0.6589,0.1896
8,tour,2,12,10,0.10,true,0.41500,0.00551,0.00025,1.58525,0.00551,0.2158,0.4564,0.2054
8,tour,2,12,10,0.20,true,0.46713,0.00558,0.00084,1.53372,0.00559,0.2785,0.2526,0.2607
8,tour,2,12,10,0.30,true,0.48337,0.00559,0.00232,1.51894,0.00561,0.3534,0.1178,0.3417
8,tour,2,12,10,0.40,true,0.48050,0.00559,0.00545,1.52495,0.00565,0.4401,0.0452,0.4378
8,tour,2,12,10,0.50,true,0.46425,0.00558,0.01086,1.54661,0.00569,0.5315,0.0161,0.5349
8,tour,2,12,10,0.60,true,0.44838,0.00556,0.01931,1.57094,0.00577,0.6262,0.0039,0.6329
8,tour,2,12,10,0.70,true,0.43212,0.00554,0.03150,1.59938,0.00587,0.7269,0.0013,0.7335
8,tour,2,12,10,0.80,true,0.41400,0.00551,0.04695,1.63295,0.00598,0.8237,0.0004,0.8299
8,tour,2,12,10,0.90,true,0.39763,0.00547,0.06496,1.66733,0.00610,0.9180,0.0000,0.9239
8,tour,2,12,10,1.00,true,0.38288,0.00543,0.08605,1.70317,0.00624,1.0167,0.0000,1.0222
8,tour,2,12,10,1.10,true,0.36600,0.00539,0.11010,1.74411,0.00637,1.1183,0.0000,1.1235
8,tour,2,12,10,1.20,true,0.34825,0.00533,0.13581,1.78756,0.00649,1.2186,0.0000,1.2235
8,tour,2,12,15,0.00,true,0.21275,0.00458,0.00104,1.78829,0.00458,0.2465,0.6003,0.2787
8,tour,2,12,15,0.10,true,0.25000,0.00484,0.00205,1.75205,0.00486,0.2898,0.4625,0.2914
8,tour,2,12,15,0.20,true,0.27687,0.00500,0.00413,1.72726,0.00503,0.3476,0.3386,0.3280
8,tour,2,12,15,0.30,true,0.29712,0.00511,0.00778,1.71065,0.00517,0.4123,0.2282,0.3874
8,tour,2,12,15,0.40,true,0.30862,0.00516,0.01370,1.70508,0.00528,0.4851,0.1396,0.4657
8,tour,2,12,15,0.50,true,0.30762,0.00516,0.02216,1.71454,0.00535,0.5614,0.0818,0.5500
8,tour,2,12,15,0.60,true,0.30050,0.00513,0.03387,1.73337,0.00541,0.6460,0.0450,0.6421
8,tour,2,12,15,0.70,true,0.29150,0.00508,0.04755,1.75605,0.00547,0.7310,0.0263,0.7313
8,tour,2,12,15,0.80,true,0.28225,0.00503,0.06663,1.78438,0.00557,0.8321,0.0127,0.8369
8,tour,2,12,15,0.90,true,0.26975,0.00496,0.08601,1.81626,0.00563,0.9206,0.0067,0.9275
8,tour,2,12,15,1.00,true,0.25900,0.00490,0.10903,1.85003,0.00572,1.0174,0.0029,1.0260
8,tour,2,12,15,1.10,true,0.24875,0.00483,0.13394,1.88519,0.00581,1.1167,0.0015,1.1254
8,tour,2,12,15,1.20,true,0.23625,0.00475,0.16261,1.92637,0.00589,1.2232,0.0005,1.2320
8,tour,2,12,20,0.00,true,0.14138,0.00390,0.00441,1.86303,0.00392,0.3253,0.5688,0.3687
8,tour,2,12,20,0.10,true,0.16200,0.00412,0.00667,1.84467,0.00416,0.3703,0.4727,0.3801
8,tour,2,12,20,0.20,true,0.17850,0.00428,0.01066,1.83216,0.00435,0.4187,0.3684,0.4101
8,tour,2,12,20,0.30,true,0.18613,0.00435,0.01642,1.83030,0.00446,0.4770,0.2878,0.4534
8,tour,2,12,20,0.40,true,0.19425,0.00442,0.02450,1.83025,0.00460,0.5413,0.2141,0.5136
8,tour,2,12,20,0.50,true,0.19700,0.00445,0.03527,1.83827,0.00470,0.6095,0.1516,0.5851
8,tour,2,12,20,0.60,true,0.19637,0.00444,0.04843,1.85205,0.00479,0.6839,0.1070,0.6637
8,tour,2,12,20,0.70,true,0.19437,0.00442,0.06422,1.86984,0.00488,0.7609,0.0711,0.7488
8,tour,2,12,20,0.80,true,0.19200,0.00440,0.08407,1.89207,0.00499,0.8494,0.0416,0.8472
8,tour,2,12,20,0.90,true,0.18438,0.00434,0.10525,1.92088,0.00505,0.9369,0.0256,0.9403
8,tour,2,12,20,1.00,true,0.17788,0.00428,0.12720,1.94932,0.00512,1.0228,0.0151,1.0308
8,tour,2,12,20,1.10,true,0.16937,0.00419,0.15250,1.98313,0.00517,1.1187,0.0105,1.1273
8,tour,2,12,20,1.20,true,0.16250,0.00412,0.17916,2.01667,0.00523,1.2168,0.0072,1.2262
8,tour,2,3,10,0.00,true,0.19950,0.00447,0.00010,1.80060,0.00447,0.1124,0.5768,0.2048
8,tour,2,3,10,0.10,true,0.28000,0.00502,0.00022,1.72022,0.00502,0.2049,0.3965,0.2258
8,tour,2,3,10,0.20,true,0.32062,0.00522,0.00066,1.68004,0.00522,0.2642,0.2383,0.2742
8,tour,2,3,10,0.30,true,0.33375,0.00527,0.00193,1.66818,0.00529,0.3320,0.1189,0.3467
8,tour,2,3,10,0.40,true,0.33537,0.00528,0.00453,1.66916,0.00532,0.4061,0.0566,0.4258
8,tour,2,3,10,0.50,true,0.33000,0.00526,0.00933,1.67933,0.00534,0.4894,0.0233,0.5137
8,tour,2,3,10,0.60,true,0.32538,0.00524,0.01718,1.69180,0.00538,0.5815,0.0087,0.6085
8,tour,2,3,10,0.70,true,0.31688,0.00520,0.02870,1.71182,0.00544,0.6770,0.0035,0.7045
8,tour,2,3,10,0.80,true,0.30450,0.00515,0.04393,1.73943,0.00550,0.7715,0.0011,0.7996
8,tour,2,3,10,0.90,true,0.29287,0.00509,0.06386,1.77099,0.00559,0.8713,0.0004,0.9001
8,tour,2,3,10,1.00,true,0.27875,0.00501,0.08746,1.80871,0.00568,0.9696,0.0003,0.9989
8,tour,2,3,10,1.10,true,0.26488,0.00493,0.11394,1.84906,0.00577,1.0666,0.0000,1.0971
8,tour,2,3,10,1.20,true,0.24825,0.00483,0.14173,1.89349,0.00582,1.1591,0.0000,1.1903
8,tour,2,3,15,0.00,true,0.12550,0.00370,0.00168,1.87618,0.00371,0.1481,0.5537,0.2998
8,tour,2,3,15,0.10,true,0.16625,0.00416,0.00227,1.83602,0.00418,0.2710,0.4220,0.3169
8,tour,2,3,15,0.20,true,0.18750,0.00436,0.00393,1.81643,0.00439,0.3360,0.3058,0.3571
8,tour,2,3,15,0.30,true,0.20237,0.00449,0.00703,1.80466,0.00454,0.3959,0.2091,0.4123
8,tour,2,3,15,0.40,true,0.20087,0.00448,0.01240,1.81153,0.00456,0.4640,0.1391,0.4801
8,tour,2,3,15,0.50,true,0.19812,0.00446,0.02048,1.82236,0.00459,0.5344,0.0851,0.5568
8,tour,2,3,15,0.60,true,0.19537,0.00443,0.03167,1.83630,0.00465,0.6141,0.0530,0.6402
8,tour,2,3,15,0.70,true,0.19050,0.00439,0.04655,1.85605,0.00470,0.6986,0.0300,0.7300
8,tour,2,3,15,0.80,true,0.18488,0.00434,0.06486,1.87998,0.00477,0.7880,0.0175,0.8223
8,tour,2,3,15,0.90,true,0.17875,0.00428,0.08655,1.90780,0.00484,0.8809,0.0099,0.9173
8,tour,2,3,15,1.00,true,0.17000,0.00420,0.11206,1.94206,0.00490,0.9767,0.0047,1.0157
8,tour,2,3,15,1.10,true,0.16250,0.00412,0.13858,1.97608,0.00496,1.0696,0.0021,1.1100
8,tour,2,3,15,1.20,true,0.15388,0.00403,0.16775,2.01388,0.00500,1.1671,0.0010,1.2078
8,tour,2,3,20,0.00,true,0.08550,0.00313,0.00699,1.92149,0.00316,0.2021,0.5447,0.3921
8,tour,2,3,20,0.10,true,0.10300,0.00340,0.00834,1.90534,0.00344,0.3317,0.4374,0.4049
8,tour,2,3,20,0.20,true,0.11713,0.00360,0.01161,1.89449,0.00366,0.4002,0.3443,0.4386
8,tour,2,3,20,0.30,true,0.12550,0.00370,0.01682,1.89132,0.00381,0.4603,0.2650,0.4849
8,tour,2,3,20,0.40,true,0.13112,0.00377,0.02446,1.89334,0.00393,0.5228,0.1964,0.5436
8,tour,2,3,20,0.50,true,0.13262,0.00379,0.03487,1.90225,0.00401,0.5878,0.1394,0.6116
8,tour,2,3,20,0.60,true,0.13250,0.00379,0.04819,1.91569,0.00409,0.6591,0.0954,0.6881
8,tour,2,3,20,0.70,true,0.13150,0.00378,0.06434,1.93284,0.00418,0.7371,0.0671,0.7691
8,tour,2,3,20,0.80,true,0.12787,0.00373,0.08343,1.95556,0.00425,0.8174,0.0444,0.8545
8,tour,2,3,20,0.90,true,0.12650,0.00372,0.10549,1.97900,0.00435,0.9035,0.0279,0.9460
8,tour,2,3,20,1.00,true,0.12100,0.00365,0.13033,2.00933,0.00441,0.9944,0.0179,1.0400
8,tour,2,3,20,1.10,true,0.11525,0.00357,0.15633,2.04109,0.00445,1.0843,0.0112,1.1324
8,tour,2,3,20,1.20,true,0.10800,0.00347,0.18510,2.07712,0.00446,1.1777,0.0057,1.2294
8,tour,2,6,10,0.00,true,0.23988,0.00477,0.00011,1.76023,0.00477,0.1631,0.6029,0.2010
8,tour,2,6,10,0.10,true,0.30150,0.00513,0.00006,1.69856,0.00513,0.2123,0.3987,0.2209
8,tour,2,6,10,0.20,true,0.32863,0.00525,0.00012,1.67150,0.00525,0.2742,0.2275,0.2724
8,tour,2,6,10,0.30,true,0.33513,0.00528,0.00040,1.66527,0.00528,0.3457,0.1085,0.3475
8,tour,2,6,10,0.40,true,0.32700,0.00524,0.00112,1.67412,0.00525,0.4309,0.0436,0.4385
8,tour,2,6,10,0.50,true,0.30975,0.00517,0.00265,1.69290,0.00519,0.5229,0.0179,0.5330
8,tour,2,6,10,0.60,true,0.29125,0.00508,0.00549,1.71424,0.00512,0.6194,0.0067,0.6306
8,tour,2,6,10,0.70,true,0.26713,0.00495,0.01034,1.74321,0.00502,0.7193,0.0027,0.7301
8,tour,2,6,10,0.80,true,0.24500,0.00481,0.01793,1.77293,0.00493,0.8226,0.0005,0.8333
8,tour,2,6,10,0.90,true,0.21937,0.00463,0.02824,1.80887,0.00481,0.9221,0.0000,0.9321
8,tour,2,6,10,1.00,true,0.18912,0.00438,0.04189,1.85277,0.00463,1.0228,0.0000,1.0319
8,tour,2,6,10,1.10,true,0.16275,0.00413,0.05862,1.89588,0.00445,1.1240,0.0000,1.1324
8,tour,2,6,10,1.20,true,0.13025,0.00376,0.07938,1.94915,0.00415,1.2279,0.0000,1.2357
8,tour,2,6,15,0.00,true,0.14163,0.00390,0.00134,1.85972,0.00391,0.2436,0.5609,0.2960
8,tour,2,6,15,0.10,true,0.16475,0.00415,0.00099,1.83624,0.00415,0.2896,0.4291,0.3118
8,tour,2,6,15,0.20,true,0.17900,0.00429,0.00123,1.82223,0.00429,0.3428,0.3034,0.3495
8,tour,2,6,15,0.30,true,0.18762,0.00436,0.00218,1.81456,0.00438,0.4073,0.2039,0.4075
8,tour,2,6,15,0.40,true,0.19100,0.00439,0.00400,1.81300,0.00442,0.4782,0.1286,0.4800
8,tour,2,6,15,0.50,true,0.18363,0.00433,0.00711,1.82348,0.00437,0.5546,0.0750,0.5618
8,tour,2,6,15,0.60,true,0.17375,0.00424,0.01208,1.83833,0.00431,0.6388,0.0372,0.6533
8,tour,2,6,15,0.70,true,0.16250,0.00412,0.01892,1.85642,0.00423,0.7306,0.0216,0.7460
8,tour,2,6,15,0.80,true,0.14988,0.00399,0.02802,1.87815,0.00415,0.8261,0.0135,0.8413
8,tour,2,6,15,0.90,true,0.13525,0.00382,0.04035,1.90510,0.00404,0.9283,0.0074,0.9441
8,tour,2,6,15,1.00,true,0.11563,0.00358,0.05556,1.93994,0.00386,1.0293,0.0033,1.0459
8,tour,2,6,15,1.10,true,0.09975,0.00335,0.07230,1.97257,0.00370,1.1260,0.0014,1.1426
8,tour,2,6,15,1.20,true,0.08138,0.00306,0.09161,2.01026,0.00346,1.2225,0.0001,1.2391
8,tour,2,6,20,0.00,true,0.08600,0.00313,0.00551,1.91951,0.00316,0.3233,0.5406,0.3933
8,tour,2,6,20,0.10,true,0.10113,0.00337,0.00480,1.90367,0.00339,0.3672,0.4440,0.4073
8,tour,2,6,20,0.20,true,0.10812,0.00347,0.00529,1.89717,0.00350,0.4171,0.3470,0.4375
8,tour,2,6,20,0.30,true,0.11275,0.00354,0.00702,1.89427,0.00357,0.4774,0.2666,0.4841
8,tour,2,6,20,0.40,true,0.11375,0.00355,0.01005,1.89630,0.00360,0.5351,0.1910,0.5419
8,tour,2,6,20,0.50,true,0.11375,0.00355,0.01475,1.90100,0.00363,0.6045,0.1307,0.6142
8,tour,2,6,20,0.60,true,0.10938,0.00349,0.02122,1.91184,0.00360,0.6812,0.0881,0.6943
8,tour,2,6,20,0.70,true,0.10275,0.00339,0.02986,1.92711,0.00355,0.7652,0.0577,0.7820
8,tour,2,6,20,0.80,true,0.09388,0.00326,0.04045,1.94658,0.00347,0.8517,0.0379,0.8712
8,tour,2,6,20,0.90,true,0.08500,0.00312,0.05285,1.96786,0.00338,0.9397,0.0254,0.9608
8,tour,2,6,20,1.00,true,0.07537,0.00295,0.06817,1.99282,0.00328,1.0339,0.0142,1.0588
8,tour,2,6,20,1.10,true,0.06513,0.00276,0.08510,2.02001,0.00316,1.1281,0.0088,1.1535
8,tour,2,6,20,1.20,true,0.05450,0.00254,0.10439,2.04993,0.00301,1.2255,0.0053,1.2513
8,scratch,2,12,10,0.00,true,0.29575,0.00510,0.00017,1.70442,0.00510,0.1770,0.6356,0.2040
8,scratch,2,12,10,0.10,true,0.36238,0.00537,0.00055,1.63818,0.00538,0.2276,0.4501,0.2198
8,scratch,2,12,10,0.20,true,0.40750,0.00549,0.00165,1.59415,0.00551,0.2878,0.2654,0.2710
8,scratch,2,12,10,0.30,true,0.41950,0.00552,0.00419,1.58469,0.00556,0.3599,0.1367,0.3469
8,scratch,2,12,10,0.40,true,0.41913,0.00552,0.00914,1.59001,0.00561,0.4433,0.0594,0.4395
8,scratch,2,12,10,0.50,true,0.40763,0.00549,0.01725,1.60962,0.00567,0.5337,0.0236,0.5365
8,scratch,2,12,10,0.60,true,0.39313,0.00546,0.02912,1.63599,0.00575,0.6270,0.0084,0.6335
8,scratch,2,12,10,0.70,true,0.37700,0.00542,0.04564,1.66864,0.00585,0.7253,0.0018,0.7336
8,scratch,2,12,10,0.80,true,0.35875,0.00536,0.06582,1.70708,0.00596,0.8231,0.0010,0.8307
8,scratch,2,12,10,0.90,true,0.34275,0.00531,0.08859,1.74585,0.00608,0.9174,0.0004,0.9247
8,scratch,2,12,10,1.00,true,0.33025,0.00526,0.11439,1.78415,0.00623,1.0161,0.0000,1.0232
8,scratch,2,12,10,1.10,true,0.31612,0.00520,0.14284,1.82672,0.00636,1.1165,0.0000,1.1232
8,scratch,2,12,10,1.20,true,0.30450,0.00515,0.17202,1.86753,0.00650,1.2165,0.0000,1.2229
8,scratch,2,12,15,0.00,true,0.17750,0.00427,0.00226,1.82476,0.00429,0.2640,0.5843,0.3022
8,scratch,2,12,15,0.10,true,0.21063,0.00456,0.00400,1.79338,0.00459,0.3070,0.4557,0.3166
8,scratch,2,12,15,0.20,true,0.23100,0.00471,0.00743,1.77643,0.00477,0.3642,0.3417,0.3518
8,scratch,2,12,15,0.30,true,0.24525,0.00481,0.01314,1.76789,0.00491,0.4291,0.2411,0.4082
8,scratch,2,12,15,0.40,true,0.25100,0.00485,0.02169,1.77070,0.00502,0.4973,0.1584,0.4790
8,scratch,2,12,15,0.50,true,0.25150,0.00485,0.03357,1.78207,0.00511,0.5717,0.0964,0.5618
8,scratch,2,12,15,0.60,true,0.24725,0.00482,0.04925,1.80200,0.00521,0.6549,0.0570,0.6521
8,scratch,2,12,15,0.70,true,0.23950,0.00477,0.06679,1.82729,0.00528,0.7363,0.0352,0.7380
8,scratch,2,12,15,0.80,true,0.23012,0.00471,0.09059,1.86046,0.00538,0.8340,0.0185,0.8408
8,scratch,2,12,15,0.90,true,0.22287,0.00465,0.11372,1.89086,0.00547,0.9221,0.0106,0.9314
8,scratch,2,12,15,1.00,true,0.21100,0.00456,0.14165,1.93066,0.00554,1.0186,0.0059,1.0294
8,scratch,2,12,15,1.10,true,0.20087,0.00448,0.17120,1.97034,0.00562,1.1158,0.0025,1.1282
8,scratch,2,12,15,1.20,true,0.18862,0.00437,0.20451,2.01591,0.00567,1.2214,0.0014,1.2336
8,scratch,2,12,20,0.00,true,0.11225,0.00353,0.00881,1.89656,0.00358,0.3465,0.5548,0.4046
8,scratch,2,12,20,0.10,true,0.12825,0.00374,0.01218,1.88393,0.00381,0.3912,0.4662,0.4167
8,scratch,2,12,20,0.20,true,0.13925,0.00387,0.01815,1.87890,0.00399,0.4410,0.3719,0.4458
8,scratch,2,12,20,0.30,true,0.14788,0.00397,0.02629,1.87842,0.00415,0.4982,0.2947,0.4887
8,scratch,2,12,20,0.40,true,0.15213,0.00402,0.03729,1.88516,0.00427,0.5608,0.2269,0.5443
8,scratch,2,12,20,0.50,true,0.15338,0.00403,0.05155,1.89818,0.00438,0.6277,0.1662,0.6124
8,scratch,2,12,20,0.60,true,0.15188,0.00401,0.06826,1.91639,0.00448,0.6995,0.1232,0.6860
8,scratch,2,12,20,0.70,true,0.15050,0.00400,0.08781,1.93732,0.00459,0.7757,0.0880,0.7673
8,scratch,2,12,20,0.80,true,0.14625,0.00395,0.11204,1.96580,0.00469,0.8605,0.0575,0.8603
8,scratch,2,12,20,0.90,true,0.14275,0.00391,0.13713,1.99439,0.00479,0.9435,0.0347,0.9527
8,scratch,2,12,20,1.00,true,0.13812,0.00386,0.16242,2.02431,0.00487,1.0276,0.0232,1.0404
8,scratch,2,12,20,1.10,true,0.13200,0.00378,0.19139,2.05941,0.00493,1.1207,0.0144,1.1369
8,scratch,2,12,20,1.20,true,0.12650,0.00372,0.22127,2.09480,0.00499,1.2173,0.0104,1.2338
8,scratch,2,3,10,0.00,true,0.17988,0.00429,0.00028,1.82041,0.00430,0.1220,0.5735,0.2197
8,scratch,2,3,10,0.10,true,0.25175,0.00485,0.00056,1.74881,0.00486,0.2150,0.4031,0.2402
8,scratch,2,3,10,0.20,true,0.28337,0.00504,0.00150,1.71813,0.00505,0.2737,0.2500,0.2863
8,scratch,2,3,10,0.30,true,0.29738,0.00511,0.00389,1.70651,0.00514,0.3426,0.1382,0.3564
8,scratch,2,3,10,0.40,true,0.29825,0.00511,0.00833,1.71008,0.00518,0.4140,0.0716,0.4329
8,scratch,2,3,10,0.50,true,0.29600,0.00510,0.01592,1.71993,0.00523,0.4955,0.0330,0.5199
8,scratch,2,3,10,0.60,true,0.28737,0.00506,0.02755,1.74018,0.00528,0.5848,0.0144,0.6127
8,scratch,2,3,10,0.70,true,0.27650,0.00500,0.04346,1.76696,0.00534,0.6775,0.0057,0.7070
8,scratch,2,3,10,0.80,true,0.26800,0.00495,0.06357,1.79557,0.00544,0.7730,0.0026,0.8033
8,scratch,2,3,10,0.90,true,0.25425,0.00487,0.08904,1.83480,0.00553,0.8727,0.0008,0.9039
8,scratch,2,3,10,1.00,true,0.24000,0.00477,0.11750,1.87751,0.00561,0.9700,0.0003,1.0020
8,scratch,2,3,10,1.10,true,0.22912,0.00470,0.14756,1.91846,0.00570,1.0661,0.0003,1.0988
8,scratch,2,3,10,1.20,true,0.21538,0.00460,0.17861,1.96327,0.00576,1.1583,0.0000,1.1921
8,scratch,2,3,15,0.00,true,0.11400,0.00355,0.00382,1.88982,0.00357,0.1692,0.5511,0.3281
8,scratch,2,3,15,0.10,true,0.14050,0.00389,0.00494,1.86444,0.00391,0.2901,0.4290,0.3433
8,scratch,2,3,15,0.20,true,0.15925,0.00409,0.00784,1.84859,0.00414,0.3520,0.3183,0.3805
8,scratch,2,3,15,0.30,true,0.16912,0.00419,0.01296,1.84383,0.00427,0.4114,0.2249,0.4330
8,scratch,2,3,15,0.40,true,0.17300,0.00423,0.02117,1.84817,0.00437,0.4781,0.1549,0.4986
8,scratch,2,3,15,0.50,true,0.16900,0.00419,0.03292,1.86392,0.00441,0.5489,0.1029,0.5725
8,scratch,2,3,15,0.60,true,0.16812,0.00418,0.04824,1.88012,0.00450,0.6259,0.0643,0.6555
8,scratch,2,3,15,0.70,true,0.16100,0.00411,0.06733,1.90633,0.00455,0.7080,0.0408,0.7414
8,scratch,2,3,15,0.80,true,0.15550,0.00405,0.09004,1.93455,0.00462,0.7960,0.0263,0.8320
8,scratch,2,3,15,0.90,true,0.15313,0.00403,0.11571,1.96260,0.00474,0.8869,0.0152,0.9270
8,scratch,2,3,15,1.00,true,0.14450,0.00393,0.14491,2.00044,0.00480,0.9812,0.0094,1.0233
8,scratch,2,3,15,1.10,true,0.13750,0.00385,0.17478,2.03732,0.00485,1.0727,0.0049,1.1174
8,scratch,2,3,15,1.20,true,0.13100,0.00377,0.20650,2.07556,0.00490,1.1686,0.0022,1.2149
8,scratch,2,3,20,0.00,true,0.07187,0.00289,0.01407,1.94220,0.00296,0.2414,0.5421,0.4361
8,scratch,2,3,20,0.10,true,0.08388,0.00310,0.01669,1.93282,0.00319,0.3667,0.4447,0.4504
8,scratch,2,3,20,0.20,true,0.09538,0.00328,0.02173,1.92636,0.00341,0.4285,0.3583,0.4797
8,scratch,2,3,20,0.30,true,0.10400,0.00341,0.02943,1.92544,0.00359,0.4885,0.2857,0.5233
8,scratch,2,3,20,0.40,true,0.10737,0.00346,0.04005,1.93268,0.00371,0.5467,0.2168,0.5777
8,scratch,2,3,20,0.50,true,0.10988,0.00350,0.05391,1.94404,0.00384,0.6115,0.1618,0.6427
8,scratch,2,3,20,0.60,true,0.11100,0.00351,0.07073,1.95974,0.00396,0.6784,0.1146,0.7153
8,scratch,2,3,20,0.70,true,0.10675,0.00345,0.09102,1.98429,0.00402,0.7533,0.0823,0.7934
8,scratch,2,3,20,0.80,true,0.10600,0.00344,0.11350,2.00752,0.00413,0.8346,0.0604,0.8768
8,scratch,2,3,20,0.90,true,0.10287,0.00340,0.13880,2.03596,0.00422,0.9189,0.0431,0.9647
8,scratch,2,3,20,1.00,true,0.09463,0.00327,0.16737,2.07279,0.00422,1.0041,0.0266,1.0571
8,scratch,2,3,20,1.10,true,0.09062,0.00321,0.19583,2.10527,0.00427,1.0921,0.0177,1.1482
8,scratch,2,3,20,1.20,true,0.08288,0.00308,0.22715,2.14435,0.00424,1.1832,0.0112,1.2429
8,scratch,2,6,10,0.00,true,0.20963,0.00455,0.00027,1.79064,0.00455,0.1744,0.5886,0.2171
8,scratch,2,6,10,0.10,true,0.25675,0.00488,0.00019,1.74344,0.00489,0.2235,0.4031,0.2361
8,scratch,2,6,10,0.20,true,0.28425,0.00504,0.00040,1.71615,0.00505,0.2860,0.2419,0.2870
8,scratch,2,6,10,0.30,true,0.28787,0.00506,0.00109,1.71321,0.00507,0.3554,0.1239,0.3592
8,scratch,2,6,10,0.40,true,0.28137,0.00503,0.00266,1.72129,0.00505,0.4357,0.0544,0.4455
8,scratch,2,6,10,0.50,true,0.26813,0.00495,0.00558,1.73745,0.00499,0.5252,0.0261,0.5367
8,scratch,2,6,10,0.60,true,0.25012,0.00484,0.01076,1.76064,0.00492,0.6211,0.0102,0.6349
8,scratch,2,6,10,0.70,true,0.23150,0.00472,0.01865,1.78715,0.00484,0.7186,0.0041,0.7326
8,scratch,2,6,10,0.80,true,0.20838,0.00454,0.03036,1.82199,0.00473,0.8224,0.0013,0.8361
8,scratch,2,6,10,0.90,true,0.18538,0.00434,0.04501,1.85964,0.00462,0.9217,0.0005,0.9346
8,scratch,2,6,10,1.00,true,0.16437,0.00414,0.06318,1.89883,0.00450,1.0218,0.0000,1.0341
8,scratch,2,6,10,1.10,true,0.13887,0.00387,0.08485,1.94601,0.00431,1.1217,0.0000,1.1332
8,scratch,2,6,10,1.20,true,0.11188,0.00352,0.11087,1.99905,0.00405,1.2254,0.0000,1.2362
8,scratch,2,6,15,0.00,true,0.11875,0.00362,0.00295,1.88420,0.00363,0.2606,0.5505,0.3253
8,scratch,2,6,15,0.10,true,0.13500,0.00382,0.00253,1.86753,0.00383,0.3056,0.4270,0.3411
8,scratch,2,6,15,0.20,true,0.14750,0.00396,0.00321,1.85571,0.00398,0.3585,0.3106,0.3778
8,scratch,2,6,15,0.30,true,0.15138,0.00401,0.00515,1.85377,0.00404,0.4215,0.2176,0.4321
8,scratch,2,6,15,0.40,true,0.15275,0.00402,0.00858,1.85583,0.00407,0.4912,0.1468,0.5000
8,scratch,2,6,15,0.50,true,0.15025,0.00399,0.01395,1.86370,0.00407,0.5655,0.0927,0.5783
8,scratch,2,6,15,0.60,true,0.14488,0.00394,0.02183,1.87696,0.00406,0.6487,0.0535,0.6672
8,scratch,2,6,15,0.70,true,0.13375,0.00381,0.03217,1.89843,0.00399,0.7352,0.0291,0.7583
8,scratch,2,6,15,0.80,true,0.12212,0.00366,0.04520,1.92309,0.00391,0.8283,0.0182,0.8514
8,scratch,2,6,15,0.90,true,0.10725,0.00346,0.06223,1.95500,0.00378,0.9288,0.0112,0.9518
8,scratch,2,6,15,1.00,true,0.09187,0.00323,0.08194,1.99010,0.00363,1.0278,0.0062,1.0512
8,scratch,2,6,15,1.10,true,0.08038,0.00304,0.10305,2.02273,0.00353,1.1232,0.0033,1.1469
8,scratch,2,6,15,1.20,true,0.06638,0.00278,0.12680,2.06051,0.00334,1.2200,0.0015,1.2437
8,scratch,2,6,20,0.00,true,0.06888,0.00283,0.01162,1.94275,0.00289,0.3452,0.5343,0.4393
8,scratch,2,6,20,0.10,true,0.07825,0.00300,0.01094,1.93269,0.00306,0.3889,0.4441,0.4534
8,scratch,2,6,20,0.20,true,0.08325,0.00309,0.01213,1.92888,0.00315,0.4380,0.3544,0.4825
8,scratch,2,6,20,0.30,true,0.08675,0.00315,0.01524,1.92849,0.00322,0.4975,0.2803,0.5262
8,scratch,2,6,20,0.40,true,0.08712,0.00315,0.02037,1.93325,0.00326,0.5566,0.2092,0.5823
8,scratch,2,6,20,0.50,true,0.08650,0.00314,0.02769,1.94120,0.00329,0.6222,0.1483,0.6504
8,scratch,2,6,20,0.60,true,0.08363,0.00309,0.03731,1.95370,0.00329,0.6951,0.1042,0.7257
8,scratch,2,6,20,0.70,true,0.07938,0.00302,0.04961,1.97026,0.00329,0.7786,0.0741,0.8099
8,scratch,2,6,20,0.80,true,0.07162,0.00288,0.06406,1.99247,0.00322,0.8601,0.0495,0.8953
8,scratch,2,6,20,0.90,true,0.06513,0.00276,0.08033,2.01525,0.00317,0.9448,0.0337,0.9824
8,scratch,2,6,20,1.00,true,0.05738,0.00260,0.09984,2.04254,0.00310,1.0388,0.0236,1.0765
8,scratch,2,6,20,1.10,true,0.05013,0.00244,0.12087,2.07084,0.00302,1.1289,0.0138,1.1701
8,scratch,2,6,20,1.20,true,0.04288,0.00226,0.14407,2.10133,0.00293,1.2243,0.0088,1.2660
8,mid,2,12,10,0.00,true,0.23162,0.00472,0.00084,1.76921,0.00472,0.1902,0.6022,0.2251
8,mid,2,12,10,0.10,true,0.28075,0.00502,0.00218,1.72143,0.00504,0.2402,0.4327,0.2424
8,mid,2,12,10,0.20,true,0.31425,0.00519,0.00547,1.69122,0.00524,0.3003,0.2745,0.2900
8,mid,2,12,10,0.30,true,0.32062,0.00522,0.01199,1.69137,0.00532,0.3687,0.1540,0.3600
8,mid,2,12,10,0.40,true,0.32338,0.00523,0.02308,1.69970,0.00543,0.4497,0.0748,0.4487
8,mid,2,12,10,0.50,true,0.31662,0.00520,0.03883,1.72221,0.00554,0.5359,0.0360,0.5405
8,mid,2,12,10,0.60,true,0.30725,0.00516,0.05963,1.75239,0.00567,0.6270,0.0157,0.6360
8,mid,2,12,10,0.70,true,0.29475,0.00510,0.08589,1.79115,0.00581,0.7241,0.0058,0.7355
8,mid,2,12,10,0.80,true,0.28037,0.00502,0.11522,1.83486,0.00594,0.8195,0.0017,0.8318
8,mid,2,12,10,0.90,true,0.26737,0.00495,0.14688,1.87953,0.00606,0.9155,0.0010,0.9271
8,mid,2,12,10,1.00,true,0.25338,0.00486,0.18146,1.92813,0.00618,1.0138,0.0003,1.0253
8,mid,2,12,10,1.10,true,0.24163,0.00479,0.21707,1.97551,0.00629,1.1143,0.0000,1.1254
8,mid,2,12,10,1.20,true,0.22750,0.00469,0.25326,2.02585,0.00636,1.2136,0.0000,1.2243
8,mid,2,12,15,0.00,true,0.12975,0.00376,0.00803,1.87828,0.00380,0.2894,0.5625,0.3444
8,mid,2,12,15,0.10,true,0.15075,0.00400,0.01224,1.86149,0.00408,0.3314,0.4461,0.3595
8,mid,2,12,15,0.20,true,0.16187,0.00412,0.01972,1.85785,0.00425,0.3863,0.3427,0.3929
8,mid,2,12,15,0.30,true,0.16987,0.00420,0.03100,1.86113,0.00442,0.4487,0.2530,0.4444
8,mid,2,12,15,0.40,true,0.17538,0.00425,0.04659,1.87122,0.00459,0.5163,0.1766,0.5113
8,mid,2,12,15,0.50,true,0.17588,0.00426,0.06609,1.89022,0.00473,0.5871,0.1168,0.5877
8,mid,2,12,15,0.60,true,0.17137,0.00421,0.08999,1.91864,0.00484,0.6643,0.0735,0.6717
8,mid,2,12,15,0.70,true,0.16737,0.00417,0.11533,1.94798,0.00496,0.7429,0.0483,0.7545
8,mid,2,12,15,0.80,true,0.15937,0.00409,0.14826,1.98893,0.00506,0.8390,0.0290,0.8546
8,mid,2,12,15,0.90,true,0.15425,0.00404,0.17800,2.02381,0.00516,0.9231,0.0179,0.9421
8,mid,2,12,15,1.00,true,0.14563,0.00394,0.21223,2.06669,0.00522,1.0176,0.0114,1.0378
8,mid,2,12,15,1.10,true,0.13825,0.00386,0.24744,2.10930,0.00528,1.1131,0.0064,1.1352
8,mid,2,12,15,1.20,true,0.13075,0.00377,0.28561,2.15502,0.00532,1.2175,0.0029,1.2411
8,mid,2,12,20,0.00,true,0.07700,0.00298,0.02616,1.94917,0.00313,0.3771,0.5406,0.4712
8,mid,2,12,20,0.10,true,0.08550,0.00313,0.03264,1.94715,0.00333,0.4213,0.4600,0.4841
8,mid,2,12,20,0.20,true,0.09325,0.00325,0.04286,1.94962,0.00353,0.4700,0.3759,0.5121
8,mid,2,12,20,0.30,true,0.09575,0.00329,0.05640,1.96066,0.00366,0.5252,0.3056,0.5514
8,mid,2,12,20,0.40,true,0.09788,0.00332,0.07358,1.97572,0.00381,0.5864,0.2436,0.6029
8,mid,2,12,20,0.50,true,0.09975,0.00335,0.09454,1.99482,0.00398,0.6529,0.1884,0.6662
8,mid,2,12,20,0.60,true,0.10162,0.00338,0.11746,2.01588,0.00414,0.7180,0.1409,0.7350
8,mid,2,12,20,0.70,true,0.09750,0.00332,0.14381,2.04636,0.00422,0.7941,0.1098,0.8096
8,mid,2,12,20,0.80,true,0.09438,0.00327,0.17446,2.08016,0.00433,0.8749,0.0776,0.8966
8,mid,2,12,20,0.90,true,0.09112,0.00322,0.20509,2.11407,0.00441,0.9551,0.0543,0.9829
8,mid,2,12,20,1.00,true,0.08912,0.00319,0.23561,2.14662,0.00451,1.0357,0.0371,1.0697
8,mid,2,12,20,1.10,true,0.08463,0.00311,0.26897,2.18452,0.00455,1.1241,0.0243,1.1625
8,mid,2,12,20,1.20,true,0.08163,0.00306,0.30195,2.22055,0.00460,1.2150,0.0162,1.2562
8,mid,2,3,10,0.00,true,0.15063,0.00400,0.00142,1.85079,0.00401,0.1437,0.5742,0.2454
8,mid,2,3,10,0.10,true,0.20500,0.00451,0.00239,1.79739,0.00453,0.2312,0.4143,0.2642
8,mid,2,3,10,0.20,true,0.22700,0.00468,0.00511,1.77811,0.00472,0.2888,0.2710,0.3071
8,mid,2,3,10,0.30,true,0.24138,0.00478,0.01113,1.76976,0.00487,0.3569,0.1626,0.3737
8,mid,2,3,10,0.40,true,0.24175,0.00479,0.02069,1.77894,0.00494,0.4266,0.0915,0.4482
8,mid,2,3,10,0.50,true,0.23738,0.00476,0.03496,1.79759,0.00502,0.5049,0.0487,0.5315
8,mid,2,3,10,0.60,true,0.22875,0.00470,0.05492,1.82619,0.00510,0.5917,0.0232,0.6233
8,mid,2,3,10,0.70,true,0.21850,0.00462,0.07978,1.86132,0.00519,0.6835,0.0122,0.7170
8,mid,2,3,10,0.80,true,0.20938,0.00455,0.10815,1.89883,0.00529,0.7748,0.0051,0.8109
8,mid,2,3,10,0.90,true,0.19962,0.00447,0.14126,1.94173,0.00540,0.8731,0.0025,0.9102
8,mid,2,3,10,1.00,true,0.18688,0.00436,0.17653,1.98978,0.00547,0.9687,0.0009,1.0070
8,mid,2,3,10,1.10,true,0.17588,0.00426,0.21277,2.03707,0.00553,1.0648,0.0005,1.1039
8,mid,2,3,10,1.20,true,0.16537,0.00415,0.24796,2.08281,0.00557,1.1568,0.0003,1.1967
8,mid,2,3,15,0.00,true,0.09150,0.00322,0.01266,1.92116,0.00329,0.2177,0.5471,0.3791
8,mid,2,3,15,0.10,true,0.10687,0.00345,0.01576,1.90889,0.00354,0.3225,0.4365,0.3931
8,mid,2,3,15,0.20,true,0.11925,0.00362,0.02253,1.90329,0.00376,0.3828,0.3374,0.4280
8,mid,2,3,15,0.30,true,0.12487,0.00370,0.03302,1.90816,0.00390,0.4411,0.2532,0.4758
8,mid,2,3,15,0.40,true,0.12875,0.00374,0.04769,1.91896,0.00405,0.5053,0.1829,0.5378
8,mid,2,3,15,0.50,true,0.12900,0.00375,0.06616,1.93720,0.00417,0.5741,0.1312,0.6074
8,mid,2,3,15,0.60,true,0.12775,0.00373,0.08857,1.96087,0.00430,0.6459,0.0881,0.6851
8,mid,2,3,15,0.70,true,0.12337,0.00368,0.11456,1.99126,0.00439,0.7235,0.0576,0.7684
8,mid,2,3,15,0.80,true,0.12175,0.00366,0.14365,2.02200,0.00453,0.8100,0.0396,0.8578
8,mid,2,3,15,0.90,true,0.11438,0.00356,0.17539,2.06116,0.00458,0.8964,0.0257,0.9481
8,mid,2,3,15,1.00,true,0.10963,0.00349,0.20918,2.09975,0.00466,0.9889,0.0174,1.0431
8,mid,2,3,15,1.10,true,0.10475,0.00342,0.24265,2.13816,0.00471,1.0775,0.0101,1.1359
8,mid,2,3,15,1.20,true,0.09688,0.00331,0.27769,2.18115,0.00470,1.1709,0.0066,1.2305
8,mid,2,3,20,0.00,true,0.05287,0.00250,0.04174,1.98889,0.00275,0.3340,0.5361,0.5255
8,mid,2,3,20,0.10,true,0.06300,0.00272,0.04686,1.98389,0.00300,0.4294,0.4558,0.5382
8,mid,2,3,20,0.20,true,0.06663,0.00279,0.05617,1.98958,0.00314,0.4849,0.3806,0.5644
8,mid,2,3,20,0.30,true,0.07487,0.00294,0.06857,1.99374,0.00338,0.5390,0.3133,0.6046
8,mid,2,3,20,0.40,true,0.07750,0.00299,0.08429,2.00684,0.00353,0.5956,0.2527,0.6538
8,mid,2,3,20,0.50,true,0.07850,0.00301,0.10399,2.02556,0.00368,0.6554,0.1966,0.7139
8,mid,2,3,20,0.60,true,0.07525,0.00295,0.12669,2.05154,0.00375,0.7205,0.1514,0.7804
8,mid,2,3,20,0.70,true,0.07275,0.00290,0.15228,2.07966,0.00383,0.7873,0.1099,0.8549
8,mid,2,3,20,0.80,true,0.06950,0.00284,0.17981,2.11049,0.00390,0.8634,0.0842,0.9328
8,mid,2,3,20,0.90,true,0.06663,0.00279,0.20842,2.14203,0.00397,0.9418,0.0643,1.0137
8,mid,2,3,20,1.00,true,0.06600,0.00278,0.23870,2.17301,0.00407,1.0256,0.0484,1.1012
8,mid,2,3,20,1.10,true,0.06325,0.00272,0.26887,2.20601,0.00412,1.1054,0.0344,1.1866
8,mid,2,3,20,1.20,true,0.05862,0.00263,0.30125,2.24311,0.00411,1.1923,0.0246,1.2780
8,mid,2,6,10,0.00,true,0.16062,0.00411,0.00127,1.84064,0.00411,0.1907,0.5665,0.2452
8,mid,2,6,10,0.10,true,0.19462,0.00443,0.00108,1.80646,0.00443,0.2383,0.3984,0.2648
8,mid,2,6,10,0.20,true,0.21400,0.00459,0.00194,1.78794,0.00460,0.2985,0.2538,0.3117
8,mid,2,6,10,0.30,true,0.21887,0.00462,0.00416,1.78529,0.00465,0.3659,0.1456,0.3785
8,mid,2,6,10,0.40,true,0.21513,0.00459,0.00859,1.79347,0.00465,0.4438,0.0747,0.4604
8,mid,2,6,10,0.50,true,0.20563,0.00452,0.01584,1.81023,0.00462,0.5294,0.0365,0.5494
8,mid,2,6,10,0.60,true,0.18962,0.00438,0.02685,1.83725,0.00455,0.6231,0.0180,0.6442
8,mid,2,6,10,0.70,true,0.17475,0.00425,0.04215,1.86744,0.00450,0.7201,0.0085,0.7419
8,mid,2,6,10,0.80,true,0.15613,0.00406,0.06189,1.90585,0.00442,0.8204,0.0040,0.8418
8,mid,2,6,10,0.90,true,0.13900,0.00387,0.08486,1.94599,0.00433,0.9183,0.0019,0.9393
8,mid,2,6,10,1.00,true,0.12337,0.00368,0.11115,1.98798,0.00426,1.0169,0.0006,1.0376
8,mid,2,6,10,1.10,true,0.10312,0.00340,0.14098,2.03815,0.00408,1.1155,0.0001,1.1354
8,mid,2,6,10,1.20,true,0.08350,0.00309,0.17478,2.09171,0.00386,1.2189,0.0000,1.2380
8,mid,2,6,15,0.00,true,0.08350,0.00309,0.01130,1.92780,0.00315,0.2820,0.5378,0.3782
8,mid,2,6,15,0.10,true,0.09688,0.00331,0.01069,1.91382,0.00336,0.3271,0.4291,0.3949
8,mid,2,6,15,0.20,true,0.10512,0.00343,0.01270,1.90758,0.00349,0.3781,0.3207,0.4302
8,mid,2,6,15,0.30,true,0.10912,0.00349,0.01737,1.90826,0.00358,0.4405,0.2368,0.4808
8,mid,2,6,15,0.40,true,0.10625,0.00345,0.02507,1.91885,0.00358,0.5082,0.1667,0.5448
8,mid,2,6,15,0.50,true,0.10662,0.00345,0.03564,1.92906,0.00365,0.5803,0.1124,0.6189
8,mid,2,6,15,0.60,true,0.10162,0.00338,0.04989,1.94833,0.00366,0.6606,0.0739,0.7012
8,mid,2,6,15,0.70,true,0.09287,0.00325,0.06738,1.97460,0.00361,0.7410,0.0422,0.7881
8,mid,2,6,15,0.80,true,0.08500,0.00312,0.08791,2.00306,0.00358,0.8295,0.0255,0.8781
8,mid,2,6,15,0.90,true,0.07500,0.00294,0.11278,2.03801,0.00352,0.9285,0.0173,0.9753
8,mid,2,6,15,1.00,true,0.06538,0.00276,0.13983,2.07478,0.00344,1.0259,0.0116,1.0716
8,mid,2,6,15,1.10,true,0.05525,0.00255,0.16791,2.11310,0.00333,1.1192,0.0077,1.1646
8,mid,2,6,15,1.20,true,0.04750,0.00238,0.19780,2.15088,0.00324,1.2148,0.0047,1.2601
8,mid,2,6,20,0.00,true,0.04738,0.00238,0.03939,1.99204,0.00259,0.3754,0.5276,0.5296
8,mid,2,6,20,0.10,true,0.05312,0.00251,0.03903,1.98593,0.00272,0.4188,0.4461,0.5452
8,mid,2,6,20,0.20,true,0.05500,0.00255,0.04196,1.98699,0.00277,0.4686,0.3651,0.5741
8,mid,2,6,20,0.30,true,0.05675,0.00259,0.04809,1.99139,0.00285,0.5248,0.2938,0.6155
8,mid,2,6,20,0.40,true,0.05675,0.00259,0.05733,2.00066,0.00290,0.5841,0.2310,0.6674
8,mid,2,6,20,0.50,true,0.05350,0.00252,0.06988,2.01648,0.00290,0.6480,0.1747,0.7294
8,mid,2,6,20,0.60,true,0.05225,0.00249,0.08525,2.03315,0.00296,0.7152,0.1275,0.7990
8,mid,2,6,20,0.70,true,0.05225,0.00249,0.10365,2.05161,0.00306,0.7937,0.0940,0.8777
8,mid,2,6,20,0.80,true,0.04688,0.00236,0.12447,2.07788,0.00304,0.8733,0.0690,0.9578
8,mid,2,6,20,0.90,true,0.04163,0.00223,0.14697,2.10572,0.00301,0.9527,0.0488,1.0399
8,mid,2,6,20,1.00,true,0.03675,0.00210,0.17257,2.13631,0.00298,1.0411,0.0343,1.1293
8,mid,2,6,20,1.10,true,0.03238,0.00198,0.19914,2.16740,0.00296,1.1311,0.0249,1.2190
8,mid,2,6,20,1.20,true,0.02813,0.00185,0.22767,2.20034,0.00292,1.2226,0.0158,1.3130
8,high,2,12,10,0.00,true,0.18700,0.00436,0.00307,1.81608,0.00438,0.2083,0.5800,0.2514
8,high,2,12,10,0.10,true,0.22137,0.00464,0.00640,1.78502,0.00469,0.2568,0.4280,0.2685
8,high,2,12,10,0.20,true,0.24513,0.00481,0.01332,1.76820,0.00491,0.3150,0.2890,0.3119
8,high,2,12,10,0.30,true,0.25975,0.00490,0.02509,1.76535,0.00511,0.3817,0.1739,0.3787
8,high,2,12,10,0.40,true,0.25950,0.00490,0.04313,1.78365,0.00525,0.4604,0.0986,0.4612
8,high,2,12,10,0.50,true,0.25325,0.00486,0.06695,1.81373,0.00540,0.5435,0.0519,0.5506
8,high,2,12,10,0.60,true,0.24600,0.00482,0.09596,1.85001,0.00556,0.6329,0.0270,0.6442
8,high,2,12,10,0.70,true,0.23438,0.00474,0.13079,1.89650,0.00571,0.7281,0.0131,0.7426
8,high,2,12,10,0.80,true,0.22300,0.00465,0.16703,1.94415,0.00584,0.8208,0.0056,0.8375
8,high,2,12,10,0.90,true,0.21125,0.00456,0.20454,1.99347,0.00595,0.9136,0.0024,0.9310
8,high,2,12,10,1.00,true,0.19862,0.00446,0.24427,2.04589,0.00603,1.0108,0.0012,1.0277
8,high,2,12,10,1.10,true,0.18638,0.00435,0.28501,2.09898,0.00609,1.1106,0.0006,1.1272
8,high,2,12,10,1.20,true,0.17613,0.00426,0.32464,2.14897,0.00614,1.2099,0.0002,1.2264
8,high,2,12,15,0.00,true,0.09950,0.00335,0.02125,1.92177,0.00347,0.3160,0.5494,0.3923
8,high,2,12,15,0.10,true,0.11125,0.00352,0.02856,1.91733,0.00370,0.3576,0.4447,0.4074
8,high,2,12,15,0.20,true,0.12025,0.00364,0.04069,1.92047,0.00391,0.4113,0.3500,0.4401
8,high,2,12,15,0.30,true,0.12350,0.00368,0.05785,1.93439,0.00408,0.4732,0.2694,0.4879
8,high,2,12,15,0.40,true,0.12750,0.00373,0.07987,1.95243,0.00428,0.5382,0.1974,0.5502
8,high,2,12,15,0.50,true,0.12800,0.00374,0.10593,1.97801,0.00446,0.6082,0.1421,0.6213
8,high,2,12,15,0.60,true,0.12900,0.00375,0.13610,2.00722,0.00465,0.6839,0.0972,0.7023
8,high,2,12,15,0.70,true,0.12387,0.00368,0.16743,2.04372,0.00475,0.7577,0.0671,0.7811
8,high,2,12,15,0.80,true,0.11862,0.00362,0.20540,2.08701,0.00487,0.8470,0.0423,0.8757
8,high,2,12,15,0.90,true,0.11475,0.00356,0.23974,2.12531,0.00496,0.9305,0.0298,0.9612
8,high,2,12,15,1.00,true,0.11088,0.00351,0.27714,2.16668,0.00505,1.0214,0.0193,1.0551
8,high,2,12,15,1.10,true,0.10600,0.00344,0.31535,2.20989,0.00511,1.1165,0.0130,1.1515
8,high,2,12,15,1.20,true,0.10088,0.00337,0.35539,2.25522,0.00515,1.2173,0.0075,1.2545
8,high,2,12,20,0.00,true,0.05775,0.00261,0.06147,2.00383,0.00298,0.4120,0.5350,0.5473
8,high,2,12,20,0.10,true,0.06275,0.00271,0.07049,2.00784,0.00316,0.4551,0.4620,0.5607
8,high,2,12,20,0.20,true,0.06900,0.00283,0.08446,2.01556,0.00338,0.5074,0.3895,0.5888
8,high,2,12,20,0.30,true,0.06875,0.00283,0.10193,2.03330,0.00350,0.5588,0.3228,0.6251
8,high,2,12,20,0.40,true,0.06938,0.00284,0.12339,2.05417,0.00365,0.6175,0.2650,0.6725
8,high,2,12,20,0.50,true,0.06838,0.00282,0.14907,2.08089,0.00378,0.6811,0.2121,0.7306
8,high,2,12,20,0.60,true,0.06888,0.00283,0.17667,2.10805,0.00394,0.7462,0.1679,0.7951
8,high,2,12,20,0.70,true,0.06788,0.00281,0.20684,2.13928,0.00407,0.8157,0.1310,0.8660
8,high,2,12,20,0.80,true,0.06700,0.00280,0.24071,2.17412,0.00419,0.8970,0.1020,0.9475
8,high,2,12,20,0.90,true,0.06600,0.00278,0.27406,2.20859,0.00430,0.9741,0.0766,1.0297
8,high,2,12,20,1.00,true,0.06463,0.00275,0.30627,2.24231,0.00438,1.0500,0.0572,1.1109
8,high,2,12,20,1.10,true,0.06212,0.00270,0.34087,2.27957,0.00442,1.1334,0.0408,1.1997
8,high,2,12,20,1.20,true,0.06000,0.00266,0.37536,2.31638,0.00445,1.2183,0.0266,1.2914
8,high,2,3,10,0.00,true,0.12912,0.00375,0.00516,1.87604,0.00378,0.1686,0.5710,0.2763
8,high,2,3,10,0.10,true,0.16437,0.00414,0.00755,1.84318,0.00419,0.2502,0.4218,0.2930
8,high,2,3,10,0.20,true,0.18450,0.00434,0.01386,1.82938,0.00443,0.3088,0.2912,0.3347
8,high,2,3,10,0.30,true,0.19862,0.00446,0.02502,1.82642,0.00464,0.3736,0.1864,0.3967
8,high,2,3,10,0.40,true,0.19800,0.00446,0.04097,1.84303,0.00475,0.4427,0.1171,0.4677
8,high,2,3,10,0.50,true,0.19050,0.00439,0.06319,1.87278,0.00484,0.5193,0.0687,0.5492
8,high,2,3,10,0.60,true,0.18188,0.00431,0.09021,1.90849,0.00493,0.6001,0.0379,0.6356
8,high,2,3,10,0.70,true,0.17738,0.00427,0.12143,1.94429,0.00508,0.6878,0.0204,0.7273
8,high,2,3,10,0.80,true,0.16837,0.00418,0.15667,1.98864,0.00519,0.7793,0.0119,0.8209
8,high,2,3,10,0.90,true,0.16012,0.00410,0.19503,2.03539,0.00529,0.8733,0.0057,0.9177
8,high,2,3,10,1.00,true,0.15050,0.00400,0.23520,2.08536,0.00536,0.9693,0.0025,1.0159
8,high,2,3,10,1.10,true,0.13925,0.00387,0.27570,2.13733,0.00538,1.0650,0.0015,1.1125
8,high,2,3,10,1.20,true,0.12837,0.00374,0.31345,2.18619,0.00536,1.1540,0.0007,1.2026
8,high,2,3,15,0.00,true,0.07500,0.00294,0.03335,1.95840,0.00314,0.2705,0.5411,0.4385
8,high,2,3,15,0.10,true,0.08250,0.00308,0.03988,1.95743,0.00332,0.3683,0.4486,0.4536
8,high,2,3,15,0.20,true,0.09175,0.00323,0.05096,1.95929,0.00355,0.4228,0.3591,0.4857
8,high,2,3,15,0.30,true,0.09738,0.00331,0.06635,1.96908,0.00374,0.4786,0.2821,0.5305
8,high,2,3,15,0.40,true,0.10013,0.00336,0.08663,1.98666,0.00392,0.5381,0.2138,0.5874
8,high,2,3,15,0.50,true,0.10250,0.00339,0.11017,2.00789,0.00410,0.6030,0.1606,0.6529
8,high,2,3,15,0.60,true,0.09825,0.00333,0.13832,2.04038,0.00420,0.6744,0.1189,0.7261
8,high,2,3,15,0.70,true,0.09475,0.00327,0.16917,2.07485,0.00431,0.7468,0.0827,0.8055
8,high,2,3,15,0.80,true,0.09500,0.00328,0.20138,2.10696,0.00447,0.8258,0.0575,0.8904
8,high,2,3,15,0.90,true,0.09200,0.00323,0.23561,2.14436,0.00456,0.9091,0.0405,0.9780
8,high,2,3,15,1.00,true,0.08588,0.00313,0.27241,2.18751,0.00459,0.9979,0.0289,1.0699
8,high,2,3,15,1.10,true,0.07975,0.00303,0.30838,2.22986,0.00459,1.0849,0.0201,1.1604
8,high,2,3,15,1.20,true,0.07300,0.00291,0.34461,2.27315,0.00455,1.1746,0.0140,1.2527
8,high,2,3,20,0.00,true,0.04362,0.00228,0.09347,2.05004,0.00288,0.4319,0.5346,0.6253
8,high,2,3,20,0.10,true,0.04963,0.00243,0.10136,2.05195,0.00308,0.5067,0.4684,0.6396
8,high,2,3,20,0.20,true,0.05275,0.00250,0.11324,2.06073,0.00324,0.5510,0.3994,0.6648
8,high,2,3,20,0.30,true,0.05400,0.00253,0.12924,2.07554,0.00338,0.6050,0.3416,0.7028
8,high,2,3,20,0.40,true,0.05375,0.00252,0.14844,2.09507,0.00349,0.6569,0.2843,0.7488
8,high,2,3,20,0.50,true,0.05375,0.00252,0.17080,2.11753,0.00362,0.7139,0.2338,0.8041
8,high,2,3,20,0.60,true,0.05375,0.00252,0.19487,2.14173,0.00375,0.7701,0.1877,0.8642
8,high,2,3,20,0.70,true,0.05462,0.00254,0.22146,2.16761,0.00389,0.8344,0.1497,0.9328
8,high,2,3,20,0.80,true,0.05287,0.00250,0.24988,2.19798,0.00397,0.9019,0.1177,1.0057
8,high,2,3,20,0.90,true,0.05100,0.00246,0.27962,2.22983,0.00403,0.9753,0.0935,1.0830
8,high,2,3,20,1.00,true,0.04825,0.00240,0.31069,2.26393,0.00406,1.0521,0.0732,1.1646
8,high,2,3,20,1.10,true,0.04575,0.00234,0.34134,2.29740,0.00408,1.1312,0.0583,1.2473
8,high,2,3,20,1.20,true,0.04375,0.00229,0.37350,2.33194,0.00410,1.2151,0.0447,1.3371
8,high,2,6,10,0.00,true,0.12737,0.00373,0.00471,1.87734,0.00375,0.2080,0.5538,0.2768
8,high,2,6,10,0.10,true,0.15200,0.00401,0.00449,1.85249,0.00404,0.2548,0.4012,0.2967
8,high,2,6,10,0.20,true,0.16800,0.00418,0.00676,1.83878,0.00422,0.3138,0.2676,0.3417
8,high,2,6,10,0.30,true,0.17012,0.00420,0.01212,1.84203,0.00428,0.3828,0.1707,0.4050
8,high,2,6,10,0.40,true,0.16737,0.00417,0.02144,1.85413,0.00431,0.4567,0.0971,0.4821
8,high,2,6,10,0.50,true,0.15912,0.00409,0.03493,1.87591,0.00430,0.5363,0.0501,0.5668
8,high,2,6,10,0.60,true,0.14875,0.00398,0.05357,1.90499,0.00430,0.6285,0.0291,0.6590
8,high,2,6,10,0.70,true,0.13662,0.00384,0.07661,1.94027,0.00429,0.7221,0.0156,0.7536
8,high,2,6,10,0.80,true,0.12437,0.00369,0.10430,1.98035,0.00427,0.8201,0.0081,0.8521
8,high,2,6,10,0.90,true,0.11063,0.00351,0.13459,2.02458,0.00422,0.9154,0.0039,0.9476
8,high,2,6,10,1.00,true,0.09600,0.00329,0.16839,2.07326,0.00413,1.0138,0.0021,1.0454
8,high,2,6,10,1.10,true,0.08300,0.00308,0.20435,2.12254,0.00403,1.1118,0.0007,1.1433
8,high,2,6,10,1.20,true,0.06600,0.00278,0.24454,2.18014,0.00381,1.2149,0.0003,1.2454
8,high,2,6,15,0.00,true,0.06650,0.00279,0.03253,1.96607,0.00296,0.3089,0.5341,0.4401
8,high,2,6,15,0.10,true,0.07175,0.00289,0.03243,1.96074,0.00306,0.3526,0.4315,0.4575
8,high,2,6,15,0.20,true,0.07888,0.00301,0.03670,1.95791,0.00322,0.4046,0.3359,0.4922
8,high,2,6,15,0.30,true,0.08075,0.00305,0.04519,1.96456,0.00330,0.4650,0.2561,0.5403
8,high,2,6,15,0.40,true,0.08075,0.00305,0.05772,1.97716,0.00338,0.5302,0.1905,0.5997
8,high,2,6,15,0.50,true,0.07900,0.00302,0.07423,1.99550,0.00344,0.6015,0.1393,0.6689
8,high,2,6,15,0.60,true,0.07587,0.00296,0.09514,2.01966,0.00350,0.6787,0.0964,0.7482
8,high,2,6,15,0.70,true,0.06938,0.00284,0.11922,2.05040,0.00350,0.7580,0.0655,0.8304
8,high,2,6,15,0.80,true,0.06388,0.00273,0.14606,2.08293,0.00351,0.8384,0.0401,0.9167
8,high,2,6,15,0.90,true,0.05613,0.00257,0.17731,2.12220,0.00348,0.9315,0.0253,1.0108
8,high,2,6,15,1.00,true,0.04925,0.00242,0.20981,2.16190,0.00344,1.0266,0.0176,1.1045
8,high,2,6,15,1.10,true,0.04325,0.00227,0.24223,2.20068,0.00339,1.1200,0.0137,1.1958
8,high,2,6,15,1.20,true,0.03650,0.00210,0.27593,2.24157,0.00329,1.2129,0.0093,1.2886
8,high,2,6,20,0.00,true,0.03425,0.00203,0.09535,2.06129,0.00261,0.4124,0.5267,0.6319
8,high,2,6,20,0.10,true,0.03687,0.00211,0.09619,2.05955,0.00269,0.4551,0.4520,0.6488
8,high,2,6,20,0.20,true,0.03787,0.00213,0.10126,2.06368,0.00274,0.5018,0.3770,0.6771
8,high,2,6,20,0.30,true,0.03862,0.00215,0.11060,2.07235,0.00281,0.5585,0.3124,0.7175
8,high,2,6,20,0.40,true,0.03900,0.00216,0.12343,2.08493,0.00289,0.6193,0.2585,0.7663
8,high,2,6,20,0.50,true,0.03938,0.00217,0.13984,2.10110,0.00299,0.6794,0.2035,0.8248
8,high,2,6,20,0.60,true,0.03662,0.00210,0.15940,2.12359,0.00302,0.7434,0.1573,0.8893
8,high,2,6,20,0.70,true,0.03400,0.00203,0.18213,2.14918,0.00305,0.8145,0.1187,0.9619
8,high,2,6,20,0.80,true,0.03375,0.00202,0.20663,2.17419,0.00314,0.8906,0.0895,1.0401
8,high,2,6,20,0.90,true,0.03062,0.00193,0.23229,2.20329,0.00315,0.9685,0.0694,1.1177
8,high,2,6,20,1.00,true,0.02675,0.00180,0.26101,2.23627,0.00312,1.0508,0.0496,1.2033
8,high,2,6,20,1.10,true,0.02450,0.00173,0.28985,2.26778,0.00313,1.1374,0.0375,1.2900
8,high,2,6,20,1.20,true,0.02063,0.00159,0.32023,2.30253,0.00306,1.2273,0.0280,1.3800
8,tour,3,12,10,0.00,true,0.39975,0.00548,0.00005,1.60030,0.00548,0.1666,0.7205,0.1867
8,tour,3,12,10,0.10,true,0.50425,0.00559,0.00020,1.49595,0.00559,0.2161,0.5129,0.1999
8,tour,3,12,10,0.20,true,0.56112,0.00555,0.00070,1.43958,0.00556,0.2793,0.3070,0.2497
8,tour,3,12,10,0.30,true,0.58713,0.00550,0.00194,1.41482,0.00553,0.3518,0.1444,0.3319
8,tour,3,12,10,0.40,true,0.58650,0.00551,0.00459,1.41809,0.00557,0.4388,0.0605,0.4292
8,tour,3,12,10,0.50,true,0.57337,0.00553,0.00951,1.43613,0.00566,0.5305,0.0214,0.5294
8,tour,3,12,10,0.60,true,0.55575,0.00556,0.01704,1.46129,0.00578,0.6237,0.0079,0.6261
8,tour,3,12,10,0.70,true,0.53950,0.00557,0.02802,1.48852,0.00593,0.7221,0.0019,0.7265
8,tour,3,12,10,0.80,true,0.51900,0.00559,0.04252,1.52352,0.00611,0.8209,0.0005,0.8253
8,tour,3,12,10,0.90,true,0.49800,0.00559,0.06046,1.56246,0.00630,0.9209,0.0000,0.9252
8,tour,3,12,10,1.00,true,0.48500,0.00559,0.07965,1.59465,0.00649,1.0194,0.0000,1.0234
8,tour,3,12,10,1.10,true,0.46987,0.00558,0.10110,1.63122,0.00669,1.1193,0.0000,1.1231
8,tour,3,12,10,1.20,true,0.45413,0.00557,0.12389,1.66977,0.00688,1.2183,0.0000,1.2218
8,tour,3,12,15,0.00,true,0.25525,0.00487,0.00085,1.74560,0.00488,0.2444,0.6187,0.2687
8,tour,3,12,15,0.10,true,0.30112,0.00513,0.00185,1.70072,0.00514,0.2888,0.4851,0.2809
8,tour,3,12,15,0.20,true,0.33513,0.00528,0.00392,1.66880,0.00531,0.3462,0.3516,0.3184
8,tour,3,12,15,0.30,true,0.35487,0.00535,0.00783,1.65296,0.00542,0.4110,0.2288,0.3806
8,tour,3,12,15,0.40,true,0.36412,0.00538,0.01328,1.64915,0.00550,0.4812,0.1523,0.4521
8,tour,3,12,15,0.50,true,0.36188,0.00537,0.02187,1.65999,0.00558,0.5566,0.0854,0.5391
8,tour,3,12,15,0.60,true,0.35475,0.00535,0.03359,1.67884,0.00566,0.6415,0.0475,0.6321
8,tour,3,12,15,0.70,true,0.34613,0.00532,0.04863,1.70250,0.00576,0.7327,0.0237,0.7306
8,tour,3,12,15,0.80,true,0.33587,0.00528,0.06655,1.73068,0.00588,0.8261,0.0124,0.8278
8,tour,3,12,15,0.90,true,0.32738,0.00525,0.08708,1.75970,0.00601,0.9229,0.0074,0.9260
8,tour,3,12,15,1.00,true,0.31562,0.00520,0.11027,1.79464,0.00613,1.0201,0.0037,1.0249
8,tour,3,12,15,1.10,true,0.30512,0.00515,0.13487,1.82975,0.00625,1.1181,0.0022,1.1233
8,tour,3,12,15,1.20,true,0.29463,0.00510,0.16121,1.86659,0.00638,1.2174,0.0012,1.2229
8,tour,3,12,20,0.00,true,0.17400,0.00424,0.00383,1.82983,0.00426,0.3208,0.5811,0.3570
8,tour,3,12,20,0.10,true,0.20125,0.00448,0.00635,1.80510,0.00453,0.3713,0.4834,0.3684
8,tour,3,12,20,0.20,true,0.22187,0.00465,0.01057,1.78870,0.00472,0.4245,0.3843,0.3984
8,tour,3,12,20,0.30,true,0.23650,0.00475,0.01673,1.78023,0.00488,0.4794,0.2878,0.4462
8,tour,3,12,20,0.40,true,0.24450,0.00481,0.02503,1.78053,0.00500,0.5422,0.2131,0.5070
8,tour,3,12,20,0.50,true,0.25050,0.00484,0.03603,1.78553,0.00513,0.6107,0.1509,0.5796
8,tour,3,12,20,0.60,true,0.25300,0.00486,0.04975,1.79676,0.00526,0.6870,0.1034,0.6624
8,tour,3,12,20,0.70,true,0.24875,0.00483,0.06636,1.81761,0.00536,0.7664,0.0699,0.7485
8,tour,3,12,20,0.80,true,0.24800,0.00483,0.08524,1.83724,0.00550,0.8533,0.0464,0.8417
8,tour,3,12,20,0.90,true,0.24175,0.00479,0.10650,1.86475,0.00560,0.9411,0.0290,0.9362
8,tour,3,12,20,1.00,true,0.23412,0.00473,0.13018,1.89606,0.00570,1.0346,0.0197,1.0326
8,tour,3,12,20,1.10,true,0.22762,0.00469,0.15502,1.92740,0.00581,1.1275,0.0118,1.1298
8,tour,3,12,20,1.20,true,0.21863,0.00462,0.18168,1.96306,0.00589,1.2223,0.0067,1.2277
8,tour,3,3,10,0.00,true,0.16850,0.00418,0.00021,1.83171,0.00419,0.0872,0.5311,0.2131
8,tour,3,3,10,0.10,true,0.23513,0.00474,0.00035,1.76523,0.00474,0.1813,0.3442,0.2367
8,tour,3,3,10,0.20,true,0.27000,0.00496,0.00097,1.73097,0.00497,0.2493,0.2128,0.2857
8,tour,3,3,10,0.30,true,0.28313,0.00504,0.00275,1.71963,0.00506,0.3167,0.1147,0.3543
8,tour,3,3,10,0.40,true,0.29000,0.00507,0.00628,1.71628,0.00512,0.3847,0.0592,0.4283
8,tour,3,3,10,0.50,true,0.29325,0.00509,0.01296,1.71971,0.00519,0.4659,0.0287,0.5150
8,tour,3,3,10,0.60,true,0.29250,0.00509,0.02375,1.73125,0.00527,0.5524,0.0122,0.6069
8,tour,3,3,10,0.70,true,0.28737,0.00506,0.03844,1.75106,0.00536,0.6407,0.0051,0.6982
8,tour,3,3,10,0.80,true,0.28400,0.00504,0.05648,1.77248,0.00548,0.7295,0.0031,0.7899
8,tour,3,3,10,0.90,true,0.28125,0.00503,0.07822,1.79697,0.00563,0.8193,0.0017,0.8837
8,tour,3,3,10,1.00,true,0.27163,0.00497,0.10392,1.83230,0.00575,0.9100,0.0009,0.9788
8,tour,3,3,10,1.10,true,0.26375,0.00493,0.13130,1.86756,0.00589,0.9995,0.0005,1.0725
8,tour,3,3,10,1.20,true,0.25712,0.00489,0.16087,1.90375,0.00603,1.0920,0.0002,1.1699
8,tour,3,3,15,0.00,true,0.09400,0.00326,0.00254,1.90854,0.00327,0.1219,0.5447,0.3031
8,tour,3,3,15,0.10,true,0.12837,0.00374,0.00320,1.87483,0.00376,0.2249,0.3750,0.3214
8,tour,3,3,15,0.20,true,0.15213,0.00402,0.00510,1.85297,0.00404,0.3000,0.2710,0.3623
8,tour,3,3,15,0.30,true,0.16875,0.00419,0.00899,1.84024,0.00424,0.3682,0.1920,0.4189
8,tour,3,3,15,0.40,true,0.17800,0.00428,0.01565,1.83765,0.00438,0.4363,0.1256,0.4882
8,tour,3,3,15,0.50,true,0.17888,0.00428,0.02502,1.84615,0.00445,0.5048,0.0842,0.5596
8,tour,3,3,15,0.60,true,0.18050,0.00430,0.03777,1.85727,0.00455,0.5786,0.0552,0.6384
8,tour,3,3,15,0.70,true,0.18025,0.00430,0.05478,1.87453,0.00465,0.6559,0.0311,0.7240
8,tour,3,3,15,0.80,true,0.17925,0.00429,0.07532,1.89607,0.00477,0.7397,0.0193,0.8125
8,tour,3,3,15,0.90,true,0.17400,0.00424,0.09865,1.92465,0.00486,0.8214,0.0107,0.8997
8,tour,3,3,15,1.00,true,0.17137,0.00421,0.12464,1.95327,0.00498,0.9072,0.0059,0.9902
8,tour,3,3,15,1.10,true,0.16625,0.00416,0.15383,1.98759,0.00509,0.9984,0.0040,1.0846
8,tour,3,3,15,1.20,true,0.16387,0.00414,0.18298,2.01911,0.00521,1.0873,0.0025,1.1775
8,tour,3,3,20,0.00,true,0.06775,0.00281,0.01167,1.94392,0.00287,0.1758,0.5284,0.4112
8,tour,3,3,20,0.10,true,0.08675,0.00315,0.01338,1.92663,0.00322,0.2874,0.4132,0.4245
8,tour,3,3,20,0.20,true,0.09775,0.00332,0.01700,1.91925,0.00342,0.3642,0.3173,0.4574
8,tour,3,3,20,0.30,true,0.10662,0.00345,0.02320,1.91657,0.00359,0.4341,0.2437,0.5053
8,tour,3,3,20,0.40,true,0.11188,0.00352,0.03214,1.92027,0.00372,0.5022,0.1886,0.5626
8,tour,3,3,20,0.50,true,0.11688,0.00359,0.04386,1.92698,0.00386,0.5668,0.1407,0.6270
8,tour,3,3,20,0.60,true,0.12312,0.00367,0.05920,1.93608,0.00404,0.6371,0.1011,0.7020
8,tour,3,3,20,0.70,true,0.12762,0.00373,0.07705,1.94943,0.00421,0.7088,0.0731,0.7792
8,tour,3,3,20,0.80,true,0.12262,0.00367,0.09851,1.97588,0.00426,0.7851,0.0530,0.8598
8,tour,3,3,20,0.90,true,0.11950,0.00363,0.12220,2.00271,0.00435,0.8630,0.0383,0.9435
8,tour,3,3,20,1.00,true,0.11525,0.00357,0.14902,2.03378,0.00442,0.9457,0.0267,1.0323
8,tour,3,3,20,1.10,true,0.11375,0.00355,0.17683,2.06309,0.00453,1.0307,0.0178,1.1228
8,tour,3,3,20,1.20,true,0.11200,0.00353,0.20408,2.09210,0.00462,1.1110,0.0108,1.2101
8,tour,3,6,10,0.00,true,0.23050,0.00471,0.00012,1.76962,0.00471,0.1653,0.5846,0.2041
8,tour,3,6,10,0.10,true,0.28137,0.00503,0.00004,1.71867,0.00503,0.2127,0.3881,0.2241
8,tour,3,6,10,0.20,true,0.31325,0.00519,0.00006,1.68681,0.00519,0.2742,0.2135,0.2777
8,tour,3,6,10,0.30,true,0.31688,0.00520,0.00018,1.68331,0.00520,0.3486,0.1059,0.3527
8,tour,3,6,10,0.40,true,0.31062,0.00517,0.00055,1.68992,0.00518,0.4362,0.0475,0.4438
8,tour,3,6,10,0.50,true,0.29187,0.00508,0.00136,1.70949,0.00509,0.5258,0.0175,0.5375
8,tour,3,6,10,0.60,true,0.26850,0.00495,0.00304,1.73454,0.00498,0.6255,0.0058,0.6382
8,tour,3,6,10,0.70,true,0.24563,0.00481,0.00591,1.76029,0.00485,0.7253,0.0022,0.7375
8,tour,3,6,10,0.80,true,0.21225,0.00457,0.01067,1.79842,0.00464,0.8308,0.0005,0.8423
8,tour,3,6,10,0.90,true,0.18038,0.00430,0.01724,1.83686,0.00440,0.9311,0.0000,0.9417
8,tour,3,6,10,1.00,true,0.14875,0.00398,0.02598,1.87723,0.00411,1.0310,0.0000,1.0407
8,tour,3,6,10,1.10,true,0.11650,0.00359,0.03736,1.92087,0.00376,1.1324,0.0000,1.1413
8,tour,3,6,10,1.20,true,0.08975,0.00320,0.05014,1.96040,0.00340,1.2255,0.0000,1.2338
8,tour,3,6,15,0.00,true,0.13700,0.00384,0.00138,1.86438,0.00385,0.2478,0.5433,0.3011
8,tour,3,6,15,0.10,true,0.15613,0.00406,0.00094,1.84482,0.00406,0.2929,0.4192,0.3175
8,tour,3,6,15,0.20,true,0.17175,0.00422,0.00096,1.82921,0.00422,0.3463,0.2934,0.3571
8,tour,3,6,15,0.30,true,0.17688,0.00427,0.00151,1.82463,0.00427,0.4117,0.1950,0.4162
8,tour,3,6,15,0.40,true,0.17688,0.00427,0.00270,1.82582,0.00428,0.4831,0.1198,0.4898
8,tour,3,6,15,0.50,true,0.16900,0.00419,0.00482,1.83582,0.00422,0.5648,0.0695,0.5753
8,tour,3,6,15,0.60,true,0.15500,0.00405,0.00795,1.85295,0.00409,0.6474,0.0374,0.6628
8,tour,3,6,15,0.70,true,0.14188,0.00390,0.01282,1.87094,0.00397,0.7442,0.0188,0.7625
8,tour,3,6,15,0.80,true,0.12375,0.00368,0.01953,1.89578,0.00378,0.8439,0.0103,0.8625
8,tour,3,6,15,0.90,true,0.10462,0.00342,0.02747,1.92285,0.00355,0.9362,0.0054,0.9550
8,tour,3,6,15,1.00,true,0.08762,0.00316,0.03809,1.95047,0.00333,1.0364,0.0025,1.0552
8,tour,3,6,15,1.10,true,0.07087,0.00287,0.05000,1.97914,0.00308,1.1308,0.0012,1.1490
8,tour,3,6,15,1.20,true,0.05638,0.00258,0.06526,2.00891,0.00283,1.2354,0.0005,1.2528
8,tour,3,6,20,0.00,true,0.08188,0.00307,0.00630,1.92442,0.00310,0.3247,0.5333,0.4007
8,tour,3,6,20,0.10,true,0.09413,0.00326,0.00506,1.91093,0.00329,0.3703,0.4304,0.4164
8,tour,3,6,20,0.20,true,0.10250,0.00339,0.00495,1.90245,0.00342,0.4223,0.3352,0.4490
8,tour,3,6,20,0.30,true,0.10637,0.00345,0.00599,1.89962,0.00348,0.4857,0.2599,0.4967
8,tour,3,6,20,0.40,true,0.10725,0.00346,0.00812,1.90087,0.00350,0.5473,0.1872,0.5572
8,tour,3,6,20,0.50,true,0.10775,0.00347,0.01147,1.90372,0.00352,0.6181,0.1303,0.6301
8,tour,3,6,20,0.60,true,0.10038,0.00336,0.01620,1.91582,0.00344,0.6969,0.0903,0.7106
8,tour,3,6,20,0.70,true,0.09275,0.00324,0.02242,1.92967,0.00335,0.7752,0.0587,0.7944
8,tour,3,6,20,0.80,true,0.08400,0.00310,0.03020,1.94620,0.00325,0.8608,0.0389,0.8828
8,tour,3,6,20,0.90,true,0.07550,0.00295,0.04041,1.96492,0.00314,0.9556,0.0237,0.9810
8,tour,3,6,20,1.00,true,0.06450,0.00275,0.05171,1.98723,0.00298,1.0453,0.0140,1.0732
8,tour,3,6,20,1.10,true,0.05275,0.00250,0.06488,2.01216,0.00278,1.1397,0.0087,1.1680
8,tour,3,6,20,1.20,true,0.04425,0.00230,0.07888,2.03468,0.00264,1.2302,0.0052,1.2589
8,scratch,3,12,10,0.00,true,0.35550,0.00535,0.00014,1.64464,0.00535,0.1773,0.6916,0.1988
8,scratch,3,12,10,0.10,true,0.44262,0.00555,0.00049,1.55787,0.00556,0.2242,0.4941,0.2122
8,scratch,3,12,10,0.20,true,0.49162,0.00559,0.00155,1.50993,0.00561,0.2891,0.3088,0.2612
8,scratch,3,12,10,0.30,true,0.51362,0.00559,0.00388,1.49026,0.00563,0.3590,0.1653,0.3359
8,scratch,3,12,10,0.40,true,0.51800,0.00559,0.00846,1.49046,0.00569,0.4412,0.0737,0.4299
8,scratch,3,12,10,0.50,true,0.50587,0.00559,0.01616,1.51028,0.00578,0.5301,0.0309,0.5271
8,scratch,3,12,10,0.60,true,0.48925,0.00559,0.02772,1.53847,0.00591,0.6238,0.0108,0.6265
8,scratch,3,12,10,0.70,true,0.47413,0.00558,0.04324,1.56912,0.00608,0.7221,0.0052,0.7257
8,scratch,3,12,10,0.80,true,0.45675,0.00557,0.06220,1.60545,0.00625,0.8182,0.0014,0.8233
8,scratch,3,12,10,0.90,true,0.44175,0.00555,0.08452,1.64277,0.00645,0.9177,0.0004,0.9229
8,scratch,3,12,10,1.00,true,0.42600,0.00553,0.10924,1.68325,0.00664,1.0167,0.0000,1.0219
8,scratch,3,12,10,1.10,true,0.41013,0.00550,0.13592,1.72580,0.00683,1.1173,0.0000,1.1221
8,scratch,3,12,10,1.20,true,0.39225,0.00546,0.16414,1.77189,0.00700,1.2175,0.0000,1.2221
8,scratch,3,12,15,0.00,true,0.21575,0.00460,0.00196,1.78621,0.00461,0.2618,0.5963,0.2909
8,scratch,3,12,15,0.10,true,0.24813,0.00483,0.00384,1.75572,0.00486,0.3050,0.4713,0.3033
8,scratch,3,12,15,0.20,true,0.27463,0.00499,0.00756,1.73293,0.00505,0.3641,0.3503,0.3408
8,scratch,3,12,15,0.30,true,0.28687,0.00506,0.01382,1.72694,0.00517,0.4258,0.2380,0.3984
8,scratch,3,12,15,0.40,true,0.29600,0.00510,0.02219,1.72619,0.00529,0.4932,0.1642,0.4662
8,scratch,3,12,15,0.50,true,0.29812,0.00511,0.03442,1.73630,0.00541,0.5671,0.1006,0.5490
8,scratch,3,12,15,0.60,true,0.29575,0.00510,0.05014,1.75439,0.00553,0.6493,0.0605,0.6386
8,scratch,3,12,15,0.70,true,0.28775,0.00506,0.06948,1.78173,0.00564,0.7359,0.0351,0.7318
8,scratch,3,12,15,0.80,true,0.28000,0.00502,0.09235,1.81236,0.00578,0.8278,0.0168,0.8310
8,scratch,3,12,15,0.90,true,0.26800,0.00495,0.11812,1.85013,0.00588,0.9232,0.0102,0.9281
8,scratch,3,12,15,1.00,true,0.25850,0.00489,0.14557,1.88708,0.00601,1.0198,0.0067,1.0254
8,scratch,3,12,15,1.10,true,0.24750,0.00482,0.17512,1.92762,0.00611,1.1172,0.0037,1.1242
8,scratch,3,12,15,1.20,true,0.23663,0.00475,0.20571,1.96909,0.00620,1.2157,0.0021,1.2232
8,scratch,3,12,20,0.00,true,0.14062,0.00389,0.00764,1.86702,0.00393,0.3410,0.5638,0.3890
8,scratch,3,12,20,0.10,true,0.15962,0.00409,0.01175,1.85213,0.00417,0.3911,0.4742,0.4006
8,scratch,3,12,20,0.20,true,0.17763,0.00427,0.01821,1.84059,0.00440,0.4438,0.3817,0.4306
8,scratch,3,12,20,0.30,true,0.18912,0.00438,0.02712,1.83800,0.00458,0.5006,0.2981,0.4754
8,scratch,3,12,20,0.40,true,0.19525,0.00443,0.03868,1.84343,0.00472,0.5593,0.2249,0.5324
8,scratch,3,12,20,0.50,true,0.19825,0.00446,0.05326,1.85502,0.00486,0.6240,0.1640,0.6001
8,scratch,3,12,20,0.60,true,0.19825,0.00446,0.07105,1.87280,0.00499,0.6994,0.1193,0.6782
8,scratch,3,12,20,0.70,true,0.19700,0.00445,0.09166,1.89467,0.00513,0.7782,0.0842,0.7626
8,scratch,3,12,20,0.80,true,0.19237,0.00441,0.11465,1.92228,0.00524,0.8601,0.0591,0.8500
8,scratch,3,12,20,0.90,true,0.18862,0.00437,0.14021,1.95159,0.00536,0.9476,0.0397,0.9437
8,scratch,3,12,20,1.00,true,0.18200,0.00431,0.16809,1.98610,0.00546,1.0383,0.0260,1.0398
8,scratch,3,12,20,1.10,true,0.17588,0.00426,0.19661,2.02074,0.00555,1.1304,0.0184,1.1344
8,scratch,3,12,20,1.20,true,0.17112,0.00421,0.22584,2.05473,0.00565,1.2229,0.0112,1.2312
8,scratch,3,3,10,0.00,true,0.15525,0.00405,0.00058,1.84533,0.00405,0.0985,0.5342,0.2301
8,scratch,3,3,10,0.10,true,0.21450,0.00459,0.00096,1.78646,0.00460,0.1922,0.3596,0.2514
8,scratch,3,3,10,0.20,true,0.24525,0.00481,0.00224,1.75699,0.00483,0.2621,0.2365,0.2980
8,scratch,3,3,10,0.30,true,0.25662,0.00488,0.00539,1.74877,0.00492,0.3281,0.1369,0.3640
8,scratch,3,3,10,0.40,true,0.26100,0.00491,0.01107,1.75008,0.00499,0.3939,0.0759,0.4362
8,scratch,3,3,10,0.50,true,0.26175,0.00491,0.02138,1.75963,0.00508,0.4744,0.0393,0.5232
8,scratch,3,3,10,0.60,true,0.25738,0.00489,0.03680,1.77942,0.00516,0.5599,0.0194,0.6144
8,scratch,3,3,10,0.70,true,0.25475,0.00487,0.05552,1.80077,0.00529,0.6436,0.0086,0.7029
8,scratch,3,3,10,0.80,true,0.25262,0.00486,0.07799,1.82538,0.00543,0.7304,0.0045,0.7935
8,scratch,3,3,10,0.90,true,0.24675,0.00482,0.10503,1.85830,0.00558,0.8210,0.0027,0.8879
8,scratch,3,3,10,1.00,true,0.23938,0.00477,0.13527,1.89592,0.00572,0.9130,0.0016,0.9839
8,scratch,3,3,10,1.10,true,0.23100,0.00471,0.16642,1.93546,0.00585,1.0018,0.0011,1.0770
8,scratch,3,3,10,1.20,true,0.22187,0.00465,0.19953,1.97771,0.00596,1.0926,0.0005,1.1727
8,scratch,3,3,15,0.00,true,0.08488,0.00312,0.00558,1.92070,0.00314,0.1452,0.5421,0.3328
8,scratch,3,3,15,0.10,true,0.11300,0.00354,0.00697,1.89397,0.00358,0.2484,0.3956,0.3490
8,scratch,3,3,15,0.20,true,0.13537,0.00383,0.01051,1.87513,0.00389,0.3217,0.2943,0.3872
8,scratch,3,3,15,0.30,true,0.15238,0.00402,0.01644,1.86407,0.00412,0.3870,0.2171,0.4393
8,scratch,3,3,15,0.40,true,0.15987,0.00410,0.02644,1.86657,0.00427,0.4561,0.1501,0.5071
8,scratch,3,3,15,0.50,true,0.15712,0.00407,0.03970,1.88258,0.00432,0.5233,0.1043,0.5770
8,scratch,3,3,15,0.60,true,0.15812,0.00408,0.05614,1.89802,0.00444,0.5911,0.0710,0.6508
8,scratch,3,3,15,0.70,true,0.15850,0.00408,0.07732,1.91883,0.00458,0.6686,0.0462,0.7353
8,scratch,3,3,15,0.80,true,0.15825,0.00408,0.10209,1.94386,0.00473,0.7494,0.0294,0.8228
8,scratch,3,3,15,0.90,true,0.15288,0.00402,0.12987,1.97703,0.00482,0.8317,0.0186,0.9111
8,scratch,3,3,15,1.00,true,0.15025,0.00399,0.15877,2.00856,0.00495,0.9139,0.0109,0.9996
8,scratch,3,3,15,1.10,true,0.14150,0.00390,0.19218,2.05074,0.00500,1.0047,0.0066,1.0951
8,scratch,3,3,15,1.20,true,0.13900,0.00387,0.22377,2.08484,0.00511,1.0934,0.0048,1.1877
8,scratch,3,3,20,0.00,true,0.05962,0.00265,0.02252,1.96290,0.00278,0.2188,0.5264,0.4605
8,scratch,3,3,20,0.10,true,0.07237,0.00290,0.02543,1.95305,0.00305,0.3314,0.4327,0.4714
8,scratch,3,3,20,0.20,true,0.08100,0.00305,0.03128,1.95028,0.00324,0.4067,0.3470,0.5012
8,scratch,3,3,20,0.30,true,0.09150,0.00322,0.04023,1.94874,0.00347,0.4718,0.2755,0.5448
8,scratch,3,3,20,0.40,true,0.09763,0.00332,0.05273,1.95512,0.00365,0.5382,0.2189,0.5994
8,scratch,3,3,20,0.50,true,0.10412,0.00341,0.06713,1.96301,0.00384,0.5984,0.1726,0.6573
8,scratch,3,3,20,0.60,true,0.10925,0.00349,0.08583,1.97659,0.00403,0.6669,0.1312,0.7289
8,scratch,3,3,20,0.70,true,0.10837,0.00348,0.10806,1.99971,0.00415,0.7379,0.0981,0.8055
8,scratch,3,3,20,0.80,true,0.10387,0.00341,0.13292,2.02908,0.00421,0.8092,0.0714,0.8841
8,scratch,3,3,20,0.90,true,0.10400,0.00341,0.15835,2.05440,0.00434,0.8826,0.0534,0.9642
8,scratch,3,3,20,1.00,true,0.09850,0.00333,0.18750,2.08906,0.00439,0.9653,0.0419,1.0508
8,scratch,3,3,20,1.10,true,0.09663,0.00330,0.21746,2.12092,0.00449,1.0477,0.0289,1.1413
8,scratch,3,3,20,1.20,true,0.09262,0.00324,0.24691,2.15440,0.00453,1.1285,0.0216,1.2279
8,scratch,3,6,10,0.00,true,0.20225,0.00449,0.00034,1.79809,0.00449,0.1758,0.5732,0.2203
8,scratch,3,6,10,0.10,true,0.24625,0.00482,0.00018,1.75393,0.00482,0.2249,0.3950,0.2406
8,scratch,3,6,10,0.20,true,0.26987,0.00496,0.00026,1.73038,0.00496,0.2852,0.2345,0.2907
8,scratch,3,6,10,0.30,true,0.27550,0.00499,0.00065,1.72515,0.00500,0.3574,0.1225,0.3638
8,scratch,3,6,10,0.40,true,0.26525,0.00494,0.00158,1.73633,0.00495,0.4424,0.0606,0.4512
8,scratch,3,6,10,0.50,true,0.25025,0.00484,0.00337,1.75312,0.00487,0.5288,0.0272,0.5416
8,scratch,3,6,10,0.60,true,0.23162,0.00472,0.00658,1.77496,0.00476,0.6267,0.0106,0.6416
8,scratch,3,6,10,0.70,true,0.20513,0.00451,0.01168,1.80656,0.00459,0.7254,0.0036,0.7409
8,scratch,3,6,10,0.80,true,0.18025,0.00430,0.01946,1.83921,0.00441,0.8298,0.0009,0.8448
8,scratch,3,6,10,0.90,true,0.15338,0.00403,0.02961,1.87625,0.00419,0.9299,0.0004,0.9437
8,scratch,3,6,10,1.00,true,0.12700,0.00372,0.04256,1.91558,0.00393,1.0295,0.0000,1.0425
8,scratch,3,6,10,1.10,true,0.10200,0.00338,0.05857,1.95660,0.00365,1.1306,0.0000,1.1428
8,scratch,3,6,10,1.20,true,0.07700,0.00298,0.07596,1.99901,0.00329,1.2232,0.0000,1.2347
8,scratch,3,6,15,0.00,true,0.11463,0.00356,0.00322,1.88859,0.00358,0.2652,0.5341,0.3316
8,scratch,3,6,15,0.10,true,0.12900,0.00375,0.00252,1.87352,0.00376,0.3116,0.4208,0.3487
8,scratch,3,6,15,0.20,true,0.14088,0.00389,0.00279,1.86191,0.00390,0.3637,0.3034,0.3868
8,scratch,3,6,15,0.30,true,0.14125,0.00389,0.00409,1.86284,0.00392,0.4263,0.2092,0.4418
8,scratch,3,6,15,0.40,true,0.13762,0.00385,0.00656,1.86893,0.00389,0.4967,0.1370,0.5116
8,scratch,3,6,15,0.50,true,0.13425,0.00381,0.01054,1.87630,0.00387,0.5743,0.0826,0.5935
8,scratch,3,6,15,0.60,true,0.12487,0.00370,0.01603,1.89116,0.00378,0.6564,0.0508,0.6781
8,scratch,3,6,15,0.70,true,0.11375,0.00355,0.02403,1.91029,0.00367,0.7486,0.0278,0.7739
8,scratch,3,6,15,0.80,true,0.09875,0.00334,0.03450,1.93577,0.00350,0.8457,0.0141,0.8732
8,scratch,3,6,15,0.90,true,0.08425,0.00311,0.04617,1.96195,0.00332,0.9363,0.0086,0.9635
8,scratch,3,6,15,1.00,true,0.07100,0.00287,0.06106,1.99010,0.00314,1.0356,0.0048,1.0625
8,scratch,3,6,15,1.10,true,0.05925,0.00264,0.07714,2.01796,0.00297,1.1292,0.0024,1.1560
8,scratch,3,6,15,1.20,true,0.04688,0.00236,0.09706,2.05029,0.00276,1.2332,0.0012,1.2592
8,scratch,3,6,20,0.00,true,0.06400,0.00274,0.01377,1.94977,0.00281,0.3480,0.5275,0.4485
8,scratch,3,6,20,0.10,true,0.07262,0.00290,0.01227,1.93964,0.00296,0.3937,0.4323,0.4648
8,scratch,3,6,20,0.20,true,0.07950,0.00302,0.01262,1.93313,0.00309,0.4445,0.3433,0.4965
8,scratch,3,6,20,0.30,true,0.07963,0.00303,0.01478,1.93515,0.00310,0.5061,0.2707,0.5417
8,scratch,3,6,20,0.40,true,0.08113,0.00305,0.01867,1.93756,0.00315,0.5700,0.2064,0.5993
8,scratch,3,6,20,0.50,true,0.07938,0.00302,0.02440,1.94504,0.00314,0.6360,0.1491,0.6666
8,scratch,3,6,20,0.60,true,0.07825,0.00300,0.03203,1.95379,0.00316,0.7091,0.1039,0.7436
8,scratch,3,6,20,0.70,true,0.07200,0.00289,0.04151,1.96954,0.00310,0.7872,0.0735,0.8237
8,scratch,3,6,20,0.80,true,0.06488,0.00275,0.05289,1.98806,0.00302,0.8692,0.0504,0.9086
8,scratch,3,6,20,0.90,true,0.05763,0.00261,0.06719,2.00963,0.00293,0.9615,0.0334,1.0032
8,scratch,3,6,20,1.00,true,0.05063,0.00245,0.08242,2.03189,0.00284,1.0492,0.0216,1.0935
8,scratch,3,6,20,1.10,true,0.04125,0.00222,0.09967,2.05854,0.00268,1.1407,0.0136,1.1865
8,scratch,3,6,20,1.20,true,0.03513,0.00206,0.11743,2.08246,0.00259,1.2303,0.0089,1.2763
8,mid,3,12,10,0.00,true,0.28200,0.00503,0.00072,1.71872,0.00504,0.1903,0.6426,0.2179
8,mid,3,12,10,0.10,true,0.34500,0.00531,0.00204,1.65704,0.00533,0.2367,0.4632,0.2328
8,mid,3,12,10,0.20,true,0.38762,0.00545,0.00514,1.61752,0.00550,0.2998,0.3037,0.2793
8,mid,3,12,10,0.30,true,0.40175,0.00548,0.01113,1.60938,0.00559,0.3673,0.1807,0.3466
8,mid,3,12,10,0.40,true,0.40813,0.00549,0.02141,1.61328,0.00572,0.4447,0.0887,0.4349
8,mid,3,12,10,0.50,true,0.40013,0.00548,0.03648,1.63635,0.00585,0.5300,0.0429,0.5274
8,mid,3,12,10,0.60,true,0.38562,0.00544,0.05704,1.67142,0.00601,0.6224,0.0197,0.6249
8,mid,3,12,10,0.70,true,0.36925,0.00540,0.08271,1.71346,0.00618,0.7185,0.0079,0.7246
8,mid,3,12,10,0.80,true,0.35500,0.00535,0.11133,1.75634,0.00637,0.8158,0.0041,0.8225
8,mid,3,12,10,0.90,true,0.33863,0.00529,0.14328,1.80467,0.00654,0.9139,0.0011,0.9218
8,mid,3,12,10,1.00,true,0.32312,0.00523,0.17660,1.85350,0.00671,1.0122,0.0006,1.0198
8,mid,3,12,10,1.10,true,0.31125,0.00518,0.21020,1.89898,0.00687,1.1122,0.0002,1.1197
8,mid,3,12,10,1.20,true,0.29938,0.00512,0.24379,1.94446,0.00701,1.2125,0.0000,1.2199
8,mid,3,12,15,0.00,true,0.15712,0.00407,0.00685,1.84972,0.00411,0.2842,0.5680,0.3270
8,mid,3,12,15,0.10,true,0.17838,0.00428,0.01145,1.83308,0.00436,0.3283,0.4555,0.3413
8,mid,3,12,15,0.20,true,0.19437,0.00442,0.01948,1.82511,0.00457,0.3824,0.3449,0.3762
8,mid,3,12,15,0.30,true,0.20438,0.00451,0.03180,1.82743,0.00475,0.4465,0.2482,0.4311
8,mid,3,12,15,0.40,true,0.20863,0.00454,0.04682,1.83820,0.00490,0.5085,0.1760,0.4937
8,mid,3,12,15,0.50,true,0.20850,0.00454,0.06699,1.85850,0.00505,0.5841,0.1221,0.5707
8,mid,3,12,15,0.60,true,0.20525,0.00452,0.09112,1.88588,0.00520,0.6586,0.0750,0.6548
8,mid,3,12,15,0.70,true,0.20037,0.00448,0.11888,1.91852,0.00534,0.7424,0.0471,0.7443
8,mid,3,12,15,0.80,true,0.19250,0.00441,0.14980,1.95732,0.00546,0.8310,0.0294,0.8372
8,mid,3,12,15,0.90,true,0.18762,0.00436,0.18267,1.99507,0.00560,0.9225,0.0154,0.9345
8,mid,3,12,15,1.00,true,0.18000,0.00430,0.21699,2.03704,0.00570,1.0178,0.0096,1.0312
8,mid,3,12,15,1.10,true,0.17238,0.00422,0.25168,2.07937,0.00578,1.1143,0.0069,1.1276
8,mid,3,12,15,1.20,true,0.16512,0.00415,0.28683,2.12179,0.00585,1.2116,0.0046,1.2255
8,mid,3,12,20,0.00,true,0.09950,0.00335,0.02199,1.92249,0.00348,0.3730,0.5482,0.4471
8,mid,3,12,20,0.10,true,0.10963,0.00349,0.02994,1.92033,0.00369,0.4233,0.4672,0.4597
8,mid,3,12,20,0.20,true,0.11962,0.00363,0.04136,1.92174,0.00391,0.4727,0.3814,0.4883
8,mid,3,12,20,0.30,true,0.12812,0.00374,0.05622,1.92810,0.00413,0.5285,0.3057,0.5309
8,mid,3,12,20,0.40,true,0.13262,0.00379,0.07384,1.94123,0.00432,0.5862,0.2410,0.5831
8,mid,3,12,20,0.50,true,0.13212,0.00379,0.09550,1.96339,0.00446,0.6495,0.1832,0.6464
8,mid,3,12,20,0.60,true,0.13137,0.00378,0.11995,1.98860,0.00460,0.7196,0.1383,0.7179
8,mid,3,12,20,0.70,true,0.12900,0.00375,0.14707,2.01811,0.00473,0.7939,0.1023,0.7958
8,mid,3,12,20,0.80,true,0.12712,0.00372,0.17641,2.04933,0.00487,0.8736,0.0748,0.8800
8,mid,3,12,20,0.90,true,0.12237,0.00366,0.20774,2.08543,0.00496,0.9562,0.0544,0.9667
8,mid,3,12,20,1.00,true,0.12062,0.00364,0.24016,2.11962,0.00508,1.0437,0.0387,1.0586
8,mid,3,12,20,1.10,true,0.11588,0.00358,0.27377,2.15800,0.00514,1.1324,0.0264,1.1521
8,mid,3,12,20,1.20,true,0.11300,0.00354,0.30676,2.19391,0.00522,1.2254,0.0197,1.2465
8,mid,3,3,10,0.00,true,0.13812,0.00386,0.00257,1.86445,0.00387,0.1233,0.5404,0.2594
8,mid,3,3,10,0.10,true,0.18400,0.00433,0.00387,1.81987,0.00436,0.2147,0.3897,0.2767
8,mid,3,3,10,0.20,true,0.20900,0.00455,0.00731,1.79831,0.00460,0.2825,0.2690,0.3192
8,mid,3,3,10,0.30,true,0.21600,0.00460,0.01452,1.79852,0.00470,0.3459,0.1682,0.3807
8,mid,3,3,10,0.40,true,0.21575,0.00460,0.02681,1.81107,0.00479,0.4139,0.1022,0.4539
8,mid,3,3,10,0.50,true,0.21475,0.00459,0.04499,1.83025,0.00491,0.4903,0.0571,0.5384
8,mid,3,3,10,0.60,true,0.21275,0.00458,0.06844,1.85572,0.00506,0.5719,0.0324,0.6268
8,mid,3,3,10,0.70,true,0.20913,0.00455,0.09519,1.88611,0.00521,0.6537,0.0182,0.7141
8,mid,3,3,10,0.80,true,0.20062,0.00448,0.12649,1.92593,0.00533,0.7386,0.0095,0.8047
8,mid,3,3,10,0.90,true,0.19550,0.00443,0.15973,1.96433,0.00548,0.8251,0.0050,0.8966
8,mid,3,3,10,1.00,true,0.19000,0.00439,0.19538,2.00552,0.00562,0.9157,0.0029,0.9918
8,mid,3,3,10,1.10,true,0.18338,0.00433,0.23063,2.04746,0.00573,1.0039,0.0018,1.0845
8,mid,3,3,10,1.20,true,0.17325,0.00423,0.26766,2.09468,0.00579,1.0944,0.0014,1.1796
8,mid,3,3,15,0.00,true,0.07525,0.00295,0.01774,1.94249,0.00305,0.2011,0.5373,0.3912
8,mid,3,3,15,0.10,true,0.09825,0.00333,0.02160,1.92336,0.00346,0.3001,0.4257,0.4041
8,mid,3,3,15,0.20,true,0.11263,0.00353,0.02937,1.91675,0.00372,0.3676,0.3340,0.4366
8,mid,3,3,15,0.30,true,0.12050,0.00364,0.04126,1.92077,0.00390,0.4323,0.2604,0.4842
8,mid,3,3,15,0.40,true,0.12687,0.00372,0.05835,1.93150,0.00410,0.4970,0.1928,0.5462
8,mid,3,3,15,0.50,true,0.12875,0.00374,0.07820,1.94948,0.00425,0.5585,0.1423,0.6112
8,mid,3,3,15,0.60,true,0.12987,0.00376,0.10148,1.97165,0.00441,0.6254,0.1065,0.6824
8,mid,3,3,15,0.70,true,0.12437,0.00369,0.13043,2.00614,0.00451,0.6993,0.0741,0.7644
8,mid,3,3,15,0.80,true,0.12025,0.00364,0.16115,2.04101,0.00461,0.7767,0.0530,0.8488
8,mid,3,3,15,0.90,true,0.11887,0.00362,0.19215,2.07342,0.00474,0.8521,0.0356,0.9337
8,mid,3,3,15,1.00,true,0.11500,0.00357,0.22524,2.11045,0.00483,0.9316,0.0232,1.0218
8,mid,3,3,15,1.10,true,0.11213,0.00353,0.25871,2.14687,0.00493,1.0148,0.0151,1.1124
8,mid,3,3,15,1.20,true,0.10750,0.00346,0.29325,2.18613,0.00498,1.1025,0.0102,1.2061
8,mid,3,3,20,0.00,true,0.05212,0.00249,0.05845,2.00636,0.00286,0.3199,0.5258,0.5603
8,mid,3,3,20,0.10,true,0.05450,0.00254,0.06564,2.01118,0.00296,0.4331,0.4536,0.5711
8,mid,3,3,20,0.20,true,0.06250,0.00271,0.07583,2.01337,0.00320,0.5053,0.3936,0.5953
8,mid,3,3,20,0.30,true,0.07287,0.00291,0.08946,2.01664,0.00349,0.5604,0.3298,0.6325
8,mid,3,3,20,0.40,true,0.07687,0.00298,0.10670,2.02989,0.00367,0.6151,0.2714,0.6793
8,mid,3,3,20,0.50,true,0.07725,0.00299,0.12672,2.04956,0.00380,0.6756,0.2265,0.7336
8,mid,3,3,20,0.60,true,0.08075,0.00305,0.15049,2.06986,0.00400,0.7406,0.1836,0.8004
8,mid,3,3,20,0.70,true,0.08075,0.00305,0.17569,2.09511,0.00413,0.8043,0.1473,0.8697
8,mid,3,3,20,0.80,true,0.07938,0.00302,0.20256,2.12341,0.00424,0.8703,0.1170,0.9430
8,mid,3,3,20,0.90,true,0.07750,0.00299,0.22989,2.15268,0.00433,0.9357,0.0916,1.0184
8,mid,3,3,20,1.00,true,0.07400,0.00293,0.25926,2.18564,0.00437,1.0090,0.0726,1.0994
8,mid,3,3,20,1.10,true,0.07212,0.00289,0.28905,2.21741,0.00444,1.0848,0.0552,1.1848
8,mid,3,3,20,1.20,true,0.06875,0.00283,0.31774,2.24960,0.00446,1.1597,0.0447,1.2663
8,mid,3,6,10,0.00,true,0.15912,0.00409,0.00160,1.84248,0.00410,0.1923,0.5576,0.2495
8,mid,3,6,10,0.10,true,0.18575,0.00435,0.00110,1.81535,0.00435,0.2405,0.3950,0.2697
8,mid,3,6,10,0.20,true,0.20413,0.00451,0.00148,1.79736,0.00452,0.2990,0.2485,0.3171
8,mid,3,6,10,0.30,true,0.20750,0.00453,0.00293,1.79544,0.00455,0.3677,0.1413,0.3847
8,mid,3,6,10,0.40,true,0.19875,0.00446,0.00599,1.80724,0.00450,0.4496,0.0778,0.4670
8,mid,3,6,10,0.50,true,0.18475,0.00434,0.01097,1.82623,0.00440,0.5344,0.0403,0.5548
8,mid,3,6,10,0.60,true,0.17188,0.00422,0.01882,1.84696,0.00433,0.6281,0.0186,0.6512
8,mid,3,6,10,0.70,true,0.15550,0.00405,0.02972,1.87426,0.00422,0.7249,0.0084,0.7488
8,mid,3,6,10,0.80,true,0.13487,0.00382,0.04481,1.91001,0.00406,0.8282,0.0030,0.8523
8,mid,3,6,10,0.90,true,0.11613,0.00358,0.06247,1.94645,0.00390,0.9267,0.0011,0.9500
8,mid,3,6,10,1.00,true,0.09813,0.00333,0.08328,1.98533,0.00372,1.0255,0.0006,1.0477
8,mid,3,6,10,1.10,true,0.07712,0.00298,0.10779,2.03093,0.00345,1.1259,0.0001,1.1473
8,mid,3,6,10,1.20,true,0.05937,0.00264,0.13291,2.07391,0.00317,1.2183,0.0000,1.2390
8,mid,3,6,15,0.00,true,0.08138,0.00306,0.01272,1.93135,0.00312,0.2890,0.5229,0.3882
8,mid,3,6,15,0.10,true,0.08950,0.00319,0.01159,1.92209,0.00325,0.3355,0.4204,0.4066
8,mid,3,6,15,0.20,true,0.09475,0.00327,0.01277,1.91803,0.00334,0.3879,0.3159,0.4430
8,mid,3,6,15,0.30,true,0.09588,0.00329,0.01639,1.92053,0.00338,0.4468,0.2269,0.4942
8,mid,3,6,15,0.40,true,0.09438,0.00327,0.02240,1.92804,0.00338,0.5158,0.1626,0.5577
8,mid,3,6,15,0.50,true,0.09225,0.00324,0.03129,1.93908,0.00340,0.5896,0.1047,0.6352
8,mid,3,6,15,0.60,true,0.08600,0.00313,0.04246,1.95652,0.00335,0.6679,0.0687,0.7155
8,mid,3,6,15,0.70,true,0.07800,0.00300,0.05733,1.97943,0.00329,0.7556,0.0407,0.8067
8,mid,3,6,15,0.80,true,0.06700,0.00280,0.07533,2.00849,0.00317,0.8493,0.0240,0.9017
8,mid,3,6,15,0.90,true,0.05862,0.00263,0.09397,2.03556,0.00308,0.9359,0.0143,0.9893
8,mid,3,6,15,1.00,true,0.05087,0.00246,0.11647,2.06591,0.00299,1.0331,0.0091,1.0855
8,mid,3,6,15,1.10,true,0.04150,0.00223,0.13968,2.09861,0.00285,1.1248,0.0060,1.1762
8,mid,3,6,15,1.20,true,0.03200,0.00197,0.16744,2.13603,0.00268,1.2275,0.0027,1.2791
8,mid,3,6,20,0.00,true,0.04138,0.00223,0.04674,2.00539,0.00250,0.3792,0.5211,0.5424
8,mid,3,6,20,0.10,true,0.04512,0.00232,0.04527,2.00017,0.00258,0.4237,0.4341,0.5597
8,mid,3,6,20,0.20,true,0.05075,0.00245,0.04710,1.99639,0.00272,0.4741,0.3538,0.5911
8,mid,3,6,20,0.30,true,0.05287,0.00250,0.05194,1.99913,0.00279,0.5337,0.2872,0.6340
8,mid,3,6,20,0.40,true,0.05312,0.00251,0.05970,2.00666,0.00284,0.5955,0.2263,0.6877
8,mid,3,6,20,0.50,true,0.05187,0.00248,0.07009,2.01833,0.00287,0.6581,0.1717,0.7492
8,mid,3,6,20,0.60,true,0.05063,0.00245,0.08314,2.03269,0.00291,0.7295,0.1289,0.8201
8,mid,3,6,20,0.70,true,0.04763,0.00238,0.09851,2.05111,0.00292,0.8047,0.0952,0.8963
8,mid,3,6,20,0.80,true,0.04325,0.00227,0.11602,2.07308,0.00290,0.8816,0.0682,0.9761
8,mid,3,6,20,0.90,true,0.03938,0.00217,0.13680,2.09784,0.00289,0.9701,0.0485,1.0655
8,mid,3,6,20,1.00,true,0.03288,0.00199,0.15829,2.12596,0.00280,1.0558,0.0349,1.1518
8,mid,3,6,20,1.10,true,0.02825,0.00185,0.18138,2.15382,0.00275,1.1440,0.0241,1.2416
8,mid,3,6,20,1.20,true,0.02475,0.00174,0.20447,2.18058,0.00271,1.2300,0.0165,1.3287
8,high,3,12,10,0.00,true,0.22975,0.00470,0.00239,1.77264,0.00472,0.2068,0.6154,0.2406
8,high,3,12,10,0.10,true,0.27650,0.00500,0.00559,1.72909,0.00505,0.2522,0.4521,0.2561
8,high,3,12,10,0.20,true,0.30775,0.00516,0.01230,1.70455,0.00527,0.3135,0.3061,0.3006
8,high,3,12,10,0.30,true,0.31950,0.00521,0.02339,1.70390,0.00543,0.3806,0.1960,0.3639
8,high,3,12,10,0.40,true,0.32100,0.00522,0.04032,1.71932,0.00559,0.4545,0.1134,0.4434
8,high,3,12,10,0.50,true,0.31338,0.00519,0.06338,1.75002,0.00575,0.5356,0.0606,0.5323
8,high,3,12,10,0.60,true,0.30875,0.00517,0.09162,1.78290,0.00597,0.6249,0.0306,0.6281
8,high,3,12,10,0.70,true,0.29775,0.00511,0.12502,1.82730,0.00617,0.7190,0.0157,0.7258
8,high,3,12,10,0.80,true,0.28763,0.00506,0.16087,1.87331,0.00637,0.8141,0.0068,0.8240
8,high,3,12,10,0.90,true,0.27500,0.00499,0.19903,1.92412,0.00654,0.9120,0.0040,0.9222
8,high,3,12,10,1.00,true,0.26325,0.00492,0.23741,1.97428,0.00669,1.0091,0.0017,1.0201
8,high,3,12,10,1.10,true,0.25050,0.00484,0.27654,2.02622,0.00681,1.1089,0.0010,1.1198
8,high,3,12,10,1.20,true,0.24050,0.00478,0.31376,2.07351,0.00692,1.2078,0.0005,1.2188
8,high,3,12,15,0.00,true,0.11775,0.00360,0.01755,1.89982,0.00372,0.3112,0.5513,0.3696
8,high,3,12,15,0.10,true,0.13012,0.00376,0.02563,1.89552,0.00394,0.3536,0.4502,0.3836
8,high,3,12,15,0.20,true,0.14363,0.00392,0.03855,1.89494,0.00420,0.4088,0.3532,0.4176
8,high,3,12,15,0.30,true,0.15125,0.00401,0.05698,1.90576,0.00442,0.4704,0.2641,0.4690
8,high,3,12,15,0.40,true,0.15225,0.00402,0.07793,1.92571,0.00458,0.5298,0.1985,0.5255
8,high,3,12,15,0.50,true,0.15463,0.00404,0.10458,1.95000,0.00479,0.6010,0.1419,0.5981
8,high,3,12,15,0.60,true,0.15400,0.00404,0.13484,1.98091,0.00498,0.6757,0.0988,0.6775
8,high,3,12,15,0.70,true,0.14975,0.00399,0.16869,2.01904,0.00513,0.7538,0.0648,0.7626
8,high,3,12,15,0.80,true,0.14513,0.00394,0.20486,2.05988,0.00526,0.8391,0.0431,0.8524
8,high,3,12,15,0.90,true,0.13987,0.00388,0.24243,2.10275,0.00537,0.9282,0.0289,0.9449
8,high,3,12,15,1.00,true,0.13712,0.00385,0.28028,2.14341,0.00550,1.0194,0.0172,1.0409
8,high,3,12,15,1.10,true,0.13087,0.00377,0.31856,2.18802,0.00556,1.1128,0.0109,1.1364
8,high,3,12,15,1.20,true,0.12437,0.00369,0.35617,2.23224,0.00559,1.2077,0.0071,1.2323
8,high,3,12,20,0.00,true,0.07337,0.00292,0.04994,1.97665,0.00323,0.4083,0.5400,0.5135
8,high,3,12,20,0.10,true,0.07950,0.00302,0.06136,1.98194,0.00343,0.4566,0.4659,0.5264
8,high,3,12,20,0.20,true,0.08575,0.00313,0.07707,1.99139,0.00366,0.5052,0.3887,0.5537
8,high,3,12,20,0.30,true,0.09150,0.00322,0.09678,2.00536,0.00389,0.5613,0.3210,0.5939
8,high,3,12,20,0.40,true,0.09388,0.00326,0.11916,2.02538,0.00408,0.6179,0.2624,0.6420
8,high,3,12,20,0.50,true,0.09450,0.00327,0.14536,2.05099,0.00425,0.6782,0.2062,0.7011
8,high,3,12,20,0.60,true,0.09400,0.00326,0.17418,2.08035,0.00441,0.7452,0.1617,0.7678
8,high,3,12,20,0.70,true,0.09287,0.00325,0.20545,2.11280,0.00455,0.8175,0.1261,0.8410
8,high,3,12,20,0.80,true,0.09025,0.00320,0.23849,2.14852,0.00466,0.8931,0.0966,0.9197
8,high,3,12,20,0.90,true,0.08837,0.00317,0.27251,2.18450,0.00476,0.9721,0.0732,1.0026
8,high,3,12,20,1.00,true,0.08550,0.00313,0.30791,2.22288,0.00484,1.0558,0.0551,1.0900
8,high,3,12,20,1.10,true,0.08325,0.00309,0.34243,2.25977,0.00490,1.1409,0.0416,1.1782
8,high,3,12,20,1.20,true,0.08038,0.00304,0.37717,2.29753,0.00494,1.2298,0.0314,1.2698
8,high,3,3,10,0.00,true,0.12262,0.00367,0.00830,1.88568,0.00371,0.1508,0.5435,0.2926
8,high,3,3,10,0.10,true,0.15637,0.00406,0.01109,1.85473,0.00413,0.2403,0.4118,0.3070
8,high,3,3,10,0.20,true,0.17463,0.00424,0.01871,1.84410,0.00437,0.3077,0.2949,0.3477
8,high,3,3,10,0.30,true,0.17938,0.00429,0.03255,1.85321,0.00452,0.3732,0.2002,0.4074
8,high,3,3,10,0.40,true,0.18238,0.00432,0.05150,1.86919,0.00468,0.4384,0.1327,0.4770
8,high,3,3,10,0.50,true,0.18025,0.00430,0.07755,1.89741,0.00484,0.5110,0.0828,0.5576
8,high,3,3,10,0.60,true,0.17538,0.00425,0.10826,1.93306,0.00499,0.5878,0.0506,0.6430
8,high,3,3,10,0.70,true,0.17112,0.00421,0.14062,1.96976,0.00515,0.6647,0.0314,0.7266
8,high,3,3,10,0.80,true,0.16837,0.00418,0.17648,2.00848,0.00532,0.7473,0.0189,0.8163
8,high,3,3,10,0.90,true,0.16225,0.00412,0.21489,2.05317,0.00545,0.8321,0.0110,0.9080
8,high,3,3,10,1.00,true,0.15425,0.00404,0.25466,2.10115,0.00554,0.9201,0.0064,1.0020
8,high,3,3,10,1.10,true,0.14538,0.00394,0.29319,2.14878,0.00558,1.0058,0.0038,1.0931
8,high,3,3,10,1.20,true,0.13537,0.00383,0.33271,2.19860,0.00559,1.0955,0.0026,1.1877
8,high,3,3,15,0.00,true,0.06950,0.00284,0.04325,1.97383,0.00311,0.2601,0.5340,0.4567
8,high,3,3,15,0.10,true,0.08175,0.00306,0.05114,1.96947,0.00339,0.3640,0.4465,0.4698
8,high,3,3,15,0.20,true,0.08912,0.00319,0.06396,1.97493,0.00360,0.4277,0.3656,0.4995
8,high,3,3,15,0.30,true,0.09600,0.00329,0.08109,1.98521,0.00383,0.4870,0.2978,0.5424
8,high,3,3,15,0.40,true,0.10088,0.00337,0.10336,2.00266,0.00405,0.5464,0.2350,0.5976
8,high,3,3,15,0.50,true,0.10212,0.00339,0.12903,2.02715,0.00423,0.6086,0.1845,0.6612
8,high,3,3,15,0.60,true,0.10013,0.00336,0.15683,2.05704,0.00436,0.6707,0.1440,0.7283
8,high,3,3,15,0.70,true,0.09900,0.00334,0.18743,2.08889,0.00451,0.7365,0.1093,0.8023
8,high,3,3,15,0.80,true,0.09663,0.00330,0.22009,2.12408,0.00463,0.8055,0.0807,0.8817
8,high,3,3,15,0.90,true,0.09513,0.00328,0.25383,2.15952,0.00475,0.8814,0.0612,0.9659
8,high,3,3,15,1.00,true,0.09025,0.00320,0.28844,2.19923,0.00480,0.9594,0.0478,1.0506
8,high,3,3,15,1.10,true,0.08825,0.00317,0.32350,2.23660,0.00488,1.0385,0.0325,1.1421
8,high,3,3,15,1.20,true,0.08862,0.00318,0.35642,2.26948,0.00499,1.1191,0.0219,1.2333
8,high,3,3,20,0.00,true,0.04050,0.00220,0.12006,2.07990,0.00301,0.4320,0.5211,0.6744
8,high,3,3,20,0.10,true,0.04625,0.00235,0.12899,2.08308,0.00321,0.5506,0.4740,0.6846
8,high,3,3,20,0.20,true,0.05287,0.00250,0.14170,2.08919,0.00345,0.6113,0.4181,0.7076
8,high,3,3,20,0.30,true,0.05412,0.00253,0.15886,2.10516,0.00359,0.6724,0.3704,0.7424
8,high,3,3,20,0.40,true,0.05625,0.00258,0.17889,2.12315,0.00375,0.7236,0.3185,0.7869
8,high,3,3,20,0.50,true,0.05875,0.00263,0.19979,2.14166,0.00392,0.7743,0.2740,0.8365
8,high,3,3,20,0.60,true,0.06225,0.00270,0.22298,2.16150,0.00412,0.8282,0.2314,0.8948
8,high,3,3,20,0.70,true,0.06275,0.00271,0.24831,2.18651,0.00425,0.8884,0.1966,0.9591
8,high,3,3,20,0.80,true,0.06062,0.00267,0.27476,2.21533,0.00433,0.9471,0.1635,1.0269
8,high,3,3,20,0.90,true,0.05688,0.00259,0.30135,2.24594,0.00435,1.0045,0.1347,1.0959
8,high,3,3,20,1.00,true,0.05575,0.00257,0.32899,2.27504,0.00442,1.0731,0.1133,1.1723
8,high,3,3,20,1.10,true,0.05425,0.00253,0.35703,2.30497,0.00446,1.1438,0.0940,1.2523
8,high,3,3,20,1.20,true,0.05200,0.00248,0.38467,2.33529,0.00448,1.2112,0.0762,1.3323
8,high,3,6,10,0.00,true,0.12625,0.00371,0.00554,1.87929,0.00374,0.2112,0.5454,0.2828
8,high,3,6,10,0.10,true,0.14425,0.00393,0.00458,1.86034,0.00395,0.2582,0.3989,0.3029
8,high,3,6,10,0.20,true,0.15513,0.00405,0.00577,1.85066,0.00408,0.3158,0.2650,0.3477
8,high,3,6,10,0.30,true,0.15787,0.00408,0.00944,1.85160,0.00413,0.3821,0.1618,0.4116
8,high,3,6,10,0.40,true,0.15538,0.00405,0.01609,1.86078,0.00414,0.4606,0.0965,0.4897
8,high,3,6,10,0.50,true,0.14688,0.00396,0.02605,1.87928,0.00411,0.5435,0.0570,0.5739
8,high,3,6,10,0.60,true,0.13537,0.00383,0.04032,1.90513,0.00405,0.6339,0.0293,0.6676
8,high,3,6,10,0.70,true,0.12275,0.00367,0.05845,1.93599,0.00399,0.7277,0.0152,0.7628
8,high,3,6,10,0.80,true,0.10737,0.00346,0.08155,1.97463,0.00389,0.8288,0.0073,0.8644
8,high,3,6,10,0.90,true,0.09200,0.00323,0.10684,2.01550,0.00376,0.9253,0.0034,0.9607
8,high,3,6,10,1.00,true,0.07687,0.00298,0.13505,2.05911,0.00360,1.0225,0.0018,1.0570
8,high,3,6,10,1.10,true,0.05962,0.00265,0.16676,2.10842,0.00336,1.1216,0.0005,1.1556
8,high,3,6,10,1.20,true,0.04838,0.00240,0.19776,2.15106,0.00319,1.2146,0.0004,1.2477
8,high,3,6,15,0.00,true,0.06037,0.00266,0.03660,1.97627,0.00287,0.3187,0.5186,0.4532
8,high,3,6,15,0.10,true,0.06563,0.00277,0.03560,1.97004,0.00296,0.3640,0.4260,0.4724
8,high,3,6,15,0.20,true,0.06950,0.00284,0.03846,1.96906,0.00306,0.4157,0.3332,0.5073
8,high,3,6,15,0.30,true,0.07125,0.00288,0.04522,1.97412,0.00313,0.4715,0.2472,0.5564
8,high,3,6,15,0.40,true,0.06913,0.00284,0.05574,1.98683,0.00315,0.5368,0.1814,0.6168
8,high,3,6,15,0.50,true,0.06738,0.00280,0.07024,2.00319,0.00319,0.6118,0.1307,0.6892
8,high,3,6,15,0.60,true,0.06263,0.00271,0.08748,2.02532,0.00319,0.6843,0.0879,0.7659
8,high,3,6,15,0.70,true,0.05600,0.00257,0.10898,2.05363,0.00315,0.7690,0.0592,0.8516
8,high,3,6,15,0.80,true,0.04888,0.00241,0.13342,2.08543,0.00310,0.8565,0.0373,0.9416
8,high,3,6,15,0.90,true,0.04450,0.00231,0.15764,2.11429,0.00309,0.9407,0.0256,1.0262
8,high,3,6,15,1.00,true,0.03737,0.00212,0.18617,2.15030,0.00301,1.0340,0.0151,1.1212
8,high,3,6,15,1.10,true,0.03188,0.00196,0.21427,2.18428,0.00294,1.1251,0.0105,1.2113
8,high,3,6,15,1.20,true,0.02587,0.00178,0.24659,2.22310,0.00284,1.2273,0.0069,1.3124
8,high,3,6,20,0.00,true,0.03000,0.00191,0.10886,2.07911,0.00260,0.4155,0.5200,0.6490
8,high,3,6,20,0.10,true,0.03338,0.00201,0.10852,2.07546,0.00269,0.4582,0.4405,0.6681
8,high,3,6,20,0.20,true,0.03687,0.00211,0.11210,2.07562,0.00281,0.5088,0.3682,0.6994
8,high,3,6,20,0.30,true,0.03750,0.00212,0.11952,2.08252,0.00286,0.5657,0.3053,0.7402
8,high,3,6,20,0.40,true,0.03687,0.00211,0.13045,2.09421,0.00290,0.6281,0.2515,0.7906
8,high,3,6,20,0.50,true,0.03700,0.00211,0.14444,2.10825,0.00298,0.6918,0.2016,0.8499
8,high,3,6,20,0.60,true,0.03575,0.00208,0.16126,2.12653,0.00302,0.7553,0.1543,0.9157
8,high,3,6,20,0.70,true,0.03463,0.00204,0.18040,2.14705,0.00307,0.8259,0.1182,0.9878
8,high,3,6,20,0.80,true,0.03238,0.00198,0.20153,2.17073,0.00309,0.9023,0.0917,1.0640
8,high,3,6,20,0.90,true,0.02888,0.00187,0.22589,2.19897,0.00307,0.9857,0.0677,1.1493
8,high,3,6,20,1.00,true,0.02587,0.00178,0.25028,2.22676,0.00305,1.0681,0.0506,1.2333
8,high,3,6,20,1.10,true,0.02287,0.00167,0.27592,2.25587,0.00302,1.1536,0.0372,1.3204
8,high,3,6,20,1.20,true,0.01988,0.00156,0.30091,2.28436,0.00298,1.2384,0.0293,1.4044
10,tour,0,12,10,0.00,true,0.27000,0.00496,0.00004,1.73004,0.00496,0.1669,0.6368,0.1973
10,tour,0,12,10,0.10,true,0.33963,0.00529,0.00010,1.66048,0.00530,0.2142,0.4304,0.2137
10,tour,0,12,10,0.20,true,0.38712,0.00545,0.00036,1.61324,0.00545,0.2744,0.2435,0.2660
10,tour,0,12,10,0.30,true,0.40037,0.00548,0.00107,1.60069,0.00549,0.3444,0.1149,0.3414
10,tour,0,12,10,0.40,true,0.39837,0.00547,0.00262,1.60425,0.00550,0.4267,0.0488,0.4298
10,tour,0,12,10,0.50,true,0.38950,0.00545,0.00559,1.61609,0.00550,0.5164,0.0149,0.5257
10,tour,0,12,10,0.60,true,0.37362,0.00541,0.01065,1.63702,0.00551,0.6131,0.0062,0.6226
10,tour,0,12,10,0.70,true,0.35800,0.00536,0.01824,1.66024,0.00552,0.7117,0.0018,0.7215
10,tour,0,12,10,0.80,true,0.34263,0.00531,0.02871,1.68609,0.00555,0.8107,0.0002,0.8203
10,tour,0,12,10,0.90,true,0.32775,0.00525,0.04246,1.71471,0.00560,0.9120,0.0000,0.9209
10,tour,0,12,10,1.00,true,0.31350,0.00519,0.05900,1.74550,0.00567,1.0118,0.0000,1.0200
10,tour,0,12,10,1.10,true,0.29925,0.00512,0.07842,1.77917,0.00574,1.1120,0.0000,1.1197
10,tour,0,12,10,1.20,true,0.28313,0.00504,0.10073,1.81762,0.00580,1.2124,0.0000,1.2197
10,tour,0,12,15,0.00,true,0.16487,0.00415,0.00085,1.83597,0.00415,0.2415,0.5800,0.2884
10,tour,0,12,15,0.10,true,0.19687,0.00445,0.00119,1.80431,0.00445,0.2890,0.4478,0.3019
10,tour,0,12,15,0.20,true,0.22025,0.00463,0.00223,1.78198,0.00465,0.3409,0.3166,0.3392
10,tour,0,12,15,0.30,true,0.23463,0.00474,0.00425,1.76963,0.00477,0.4042,0.2115,0.3973
10,tour,0,12,15,0.40,true,0.24013,0.00478,0.00766,1.76754,0.00483,0.4748,0.1334,0.4696
10,tour,0,12,15,0.50,true,0.23988,0.00477,0.01286,1.77299,0.00487,0.5538,0.0802,0.5530
10,tour,0,12,15,0.60,true,0.23550,0.00474,0.02027,1.78477,0.00489,0.6385,0.0484,0.6414
10,tour,0,12,15,0.70,true,0.22837,0.00469,0.03025,1.80188,0.00491,0.7282,0.0271,0.7355
10,tour,0,12,15,0.80,true,0.21863,0.00462,0.04316,1.82453,0.00492,0.8211,0.0141,0.8319
10,tour,0,12,15,0.90,true,0.20938,0.00455,0.05897,1.84960,0.00495,0.9163,0.0063,0.9298
10,tour,0,12,15,1.00,true,0.20112,0.00448,0.07745,1.87633,0.00499,1.0151,0.0039,1.0283
10,tour,0,12,15,1.10,true,0.19050,0.00439,0.09855,1.90806,0.00502,1.1133,0.0019,1.1268
10,tour,0,12,15,1.20,true,0.18188,0.00431,0.12187,1.94000,0.00507,1.2129,0.0009,1.2262
10,tour,0,12,20,0.00,true,0.11762,0.00360,0.00378,1.88615,0.00362,0.3137,0.5454,0.3822
10,tour,0,12,20,0.10,true,0.13150,0.00378,0.00458,1.87308,0.00380,0.3623,0.4459,0.3957
10,tour,0,12,20,0.20,true,0.14288,0.00391,0.00658,1.86371,0.00395,0.4137,0.3497,0.4263
10,tour,0,12,20,0.30,true,0.14850,0.00398,0.01001,1.86151,0.00403,0.4729,0.2676,0.4720
10,tour,0,12,20,0.40,true,0.15338,0.00403,0.01514,1.86177,0.00412,0.5365,0.1965,0.5315
10,tour,0,12,20,0.50,true,0.15600,0.00406,0.02231,1.86631,0.00420,0.6072,0.1401,0.6029
10,tour,0,12,20,0.60,true,0.15500,0.00405,0.03164,1.87664,0.00424,0.6809,0.0950,0.6818
10,tour,0,12,20,0.70,true,0.15288,0.00402,0.04346,1.89059,0.00429,0.7615,0.0629,0.7677
10,tour,0,12,20,0.80,true,0.14963,0.00399,0.05778,1.90815,0.00435,0.8465,0.0404,0.8578
10,tour,0,12,20,0.90,true,0.14300,0.00391,0.07471,1.93171,0.00437,0.9345,0.0242,0.9508
10,tour,0,12,20,1.00,true,0.13562,0.00383,0.09414,1.95852,0.00439,1.0285,0.0161,1.0460
10,tour,0,12,20,1.10,true,0.13087,0.00377,0.11557,1.98471,0.00444,1.1246,0.0104,1.1434
10,tour,0,12,20,1.20,true,0.12400,0.00368,0.13915,2.01517,0.00447,1.2208,0.0061,1.2411
10,scratch,0,12,10,0.00,true,0.23663,0.00475,0.00015,1.76352,0.00475,0.1783,0.6196,0.2125
10,scratch,0,12,10,0.10,true,0.29413,0.00509,0.00035,1.70623,0.00510,0.2245,0.4317,0.2281
10,scratch,0,12,10,0.20,true,0.33425,0.00527,0.00098,1.66673,0.00528,0.2821,0.2557,0.2771
10,scratch,0,12,10,0.30,true,0.34713,0.00532,0.00248,1.65536,0.00534,0.3516,0.1333,0.3491
10,scratch,0,12,10,0.40,true,0.34413,0.00531,0.00546,1.66133,0.00536,0.4310,0.0616,0.4347
10,scratch,0,12,10,0.50,true,0.33637,0.00528,0.01053,1.67415,0.00537,0.5196,0.0249,0.5287
10,scratch,0,12,10,0.60,true,0.32462,0.00524,0.01851,1.69389,0.00539,0.6146,0.0093,0.6261
10,scratch,0,12,10,0.70,true,0.31088,0.00517,0.02982,1.71895,0.00542,0.7120,0.0042,0.7235
10,scratch,0,12,10,0.80,true,0.29925,0.00512,0.04451,1.74526,0.00548,0.8107,0.0011,0.8226
10,scratch,0,12,10,0.90,true,0.28350,0.00504,0.06280,1.77931,0.00553,0.9099,0.0002,0.9213
10,scratch,0,12,10,1.00,true,0.26825,0.00495,0.08431,1.81607,0.00558,1.0098,0.0000,1.0206
10,scratch,0,12,10,1.10,true,0.25300,0.00486,0.10852,1.85553,0.00564,1.1094,0.0000,1.1195
10,scratch,0,12,10,1.20,true,0.23938,0.00477,0.13481,1.89545,0.00570,1.2093,0.0000,1.2190
10,scratch,0,12,15,0.00,true,0.13762,0.00385,0.00223,1.86460,0.00386,0.2593,0.5683,0.3154
10,scratch,0,12,15,0.10,true,0.16187,0.00412,0.00297,1.84110,0.00414,0.3052,0.4425,0.3296
10,scratch,0,12,15,0.20,true,0.18025,0.00430,0.00494,1.82469,0.00433,0.3569,0.3237,0.3650
10,scratch,0,12,15,0.30,true,0.19162,0.00440,0.00851,1.81688,0.00446,0.4184,0.2244,0.4197
10,scratch,0,12,15,0.40,true,0.19362,0.00442,0.01408,1.82045,0.00451,0.4870,0.1494,0.4877
10,scratch,0,12,15,0.50,true,0.19600,0.00444,0.02211,1.82611,0.00459,0.5646,0.0948,0.5687
10,scratch,0,12,15,0.60,true,0.19312,0.00441,0.03309,1.83997,0.00464,0.6476,0.0596,0.6553
10,scratch,0,12,15,0.70,true,0.18812,0.00437,0.04695,1.85883,0.00468,0.7358,0.0373,0.7465
10,scratch,0,12,15,0.80,true,0.18175,0.00431,0.06401,1.88227,0.00473,0.8259,0.0209,0.8409
10,scratch,0,12,15,0.90,true,0.17438,0.00424,0.08388,1.90952,0.00478,0.9197,0.0118,0.9370
10,scratch,0,12,15,1.00,true,0.16700,0.00417,0.10637,1.93938,0.00483,1.0147,0.0056,1.0343
10,scratch,0,12,15,1.10,true,0.15775,0.00408,0.13148,1.97375,0.00486,1.1136,0.0036,1.1326
10,scratch,0,12,15,1.20,true,0.14750,0.00396,0.15884,2.01137,0.00488,1.2122,0.0018,1.2315
10,scratch,0,12,20,0.00,true,0.09275,0.00324,0.00864,1.91589,0.00329,0.3362,0.5342,0.4247
10,scratch,0,12,20,0.10,true,0.10287,0.00340,0.01001,1.90713,0.00345,0.3843,0.4434,0.4384
10,scratch,0,12,20,0.20,true,0.11088,0.00351,0.01329,1.90242,0.00358,0.4351,0.3555,0.4675
10,scratch,0,12,20,0.30,true,0.11550,0.00357,0.01870,1.90321,0.00368,0.4924,0.2780,0.5109
10,scratch,0,12,20,0.40,true,0.11912,0.00362,0.02643,1.90731,0.00378,0.5547,0.2099,0.5676
10,scratch,0,12,20,0.50,true,0.11975,0.00363,0.03674,1.91699,0.00385,0.6222,0.1535,0.6347
10,scratch,0,12,20,0.60,true,0.12025,0.00364,0.04957,1.92933,0.00394,0.6965,0.1121,0.7098
10,scratch,0,12,20,0.70,true,0.11762,0.00360,0.06529,1.94767,0.00399,0.7741,0.0773,0.7922
10,scratch,0,12,20,0.80,true,0.11475,0.00356,0.08340,1.96867,0.00406,0.8549,0.0513,0.8787
10,scratch,0,12,20,0.90,true,0.11088,0.00351,0.10405,1.99319,0.00411,0.9424,0.0349,0.9690
10,scratch,0,12,20,1.00,true,0.10675,0.00345,0.12692,2.02020,0.00417,1.0325,0.0227,1.0622
10,scratch,0,12,20,1.10,true,0.10250,0.00339,0.15167,2.04921,0.00422,1.1260,0.0150,1.1573
10,scratch,0,12,20,1.20,true,0.09675,0.00331,0.17844,2.08174,0.00425,1.2227,0.0101,1.2547
10,mid,0,12,10,0.00,true,0.18538,0.00434,0.00080,1.81543,0.00435,0.1944,0.5958,0.2381
10,mid,0,12,10,0.10,true,0.22387,0.00466,0.00144,1.77756,0.00467,0.2410,0.4266,0.2547
10,mid,0,12,10,0.20,true,0.25300,0.00486,0.00336,1.75036,0.00488,0.2950,0.2676,0.2996
10,mid,0,12,10,0.30,true,0.26650,0.00494,0.00739,1.74089,0.00500,0.3622,0.1505,0.3678
10,mid,0,12,10,0.40,true,0.26475,0.00493,0.01427,1.74952,0.00504,0.4397,0.0801,0.4487
10,mid,0,12,10,0.50,true,0.25750,0.00489,0.02490,1.76741,0.00508,0.5248,0.0399,0.5379
10,mid,0,12,10,0.60,true,0.24775,0.00483,0.03976,1.79203,0.00512,0.6132,0.0151,0.6315
10,mid,0,12,10,0.70,true,0.23625,0.00475,0.05911,1.82289,0.00518,0.7089,0.0070,0.7274
10,mid,0,12,10,0.80,true,0.22375,0.00466,0.08284,1.85913,0.00524,0.8075,0.0040,0.8251
10,mid,0,12,10,0.90,true,0.21350,0.00458,0.11029,1.89685,0.00533,0.9064,0.0013,0.9244
10,mid,0,12,10,1.00,true,0.20062,0.00448,0.14119,1.94066,0.00540,1.0065,0.0003,1.0241
10,mid,0,12,10,1.10,true,0.18912,0.00438,0.17386,1.98487,0.00546,1.1063,0.0000,1.1233
10,mid,0,12,10,1.20,true,0.17913,0.00429,0.20770,2.02877,0.00553,1.2063,0.0000,1.2228
10,mid,0,12,15,0.00,true,0.09838,0.00333,0.00836,1.90998,0.00337,0.2827,0.5523,0.3639
10,mid,0,12,15,0.10,true,0.11163,0.00352,0.01025,1.89863,0.00358,0.3274,0.4369,0.3789
10,mid,0,12,15,0.20,true,0.12500,0.00370,0.01472,1.88972,0.00378,0.3809,0.3323,0.4140
10,mid,0,12,15,0.30,true,0.13387,0.00381,0.02212,1.88826,0.00394,0.4406,0.2426,0.4647
10,mid,0,12,15,0.40,true,0.13850,0.00386,0.03282,1.89434,0.00407,0.5068,0.1699,0.5288
10,mid,0,12,15,0.50,true,0.13912,0.00387,0.04709,1.90799,0.00417,0.5784,0.1146,0.6024
10,mid,0,12,15,0.60,true,0.13875,0.00386,0.06519,1.92648,0.00428,0.6590,0.0771,0.6849
10,mid,0,12,15,0.70,true,0.13437,0.00381,0.08697,1.95265,0.00435,0.7423,0.0498,0.7715
10,mid,0,12,15,0.80,true,0.12912,0.00375,0.11198,1.98294,0.00443,0.8308,0.0329,0.8618
10,mid,0,12,15,0.90,true,0.12275,0.00367,0.13998,2.01734,0.00449,0.9219,0.0199,0.9558
10,mid,0,12,15,1.00,true,0.11663,0.00359,0.17026,2.05379,0.00455,1.0157,0.0122,1.0512
10,mid,0,12,15,1.10,true,0.10850,0.00348,0.20258,2.09429,0.00457,1.1106,0.0067,1.1474
10,mid,0,12,15,1.20,true,0.10275,0.00339,0.23536,2.13289,0.00460,1.2072,0.0039,1.2443
10,mid,0,12,20,0.00,true,0.06275,0.00271,0.02884,1.96610,0.00287,0.3658,0.5255,0.5048
10,mid,0,12,20,0.10,true,0.06863,0.00283,0.03179,1.96318,0.00300,0.4125,0.4417,0.5199
10,mid,0,12,20,0.20,true,0.07425,0.00293,0.03807,1.96383,0.00315,0.4655,0.3648,0.5492
10,mid,0,12,20,0.30,true,0.07712,0.00298,0.04771,1.97061,0.00326,0.5197,0.2912,0.5903
10,mid,0,12,20,0.40,true,0.07900,0.00302,0.06083,1.98187,0.00338,0.5828,0.2322,0.6423
10,mid,0,12,20,0.50,true,0.08100,0.00305,0.07717,1.99622,0.00351,0.6472,0.1775,0.7045
10,mid,0,12,20,0.60,true,0.08088,0.00305,0.09673,2.01592,0.00362,0.7185,0.1349,0.7748
10,mid,0,12,20,0.70,true,0.07975,0.00303,0.11916,2.03951,0.00373,0.7921,0.0985,0.8516
10,mid,0,12,20,0.80,true,0.07825,0.00300,0.14423,2.06612,0.00383,0.8719,0.0715,0.9340
10,mid,0,12,20,0.90,true,0.07437,0.00293,0.17133,2.09713,0.00388,0.9520,0.0489,1.0191
10,mid,0,12,20,1.00,true,0.07000,0.00285,0.20027,2.13051,0.00392,1.0391,0.0349,1.1075
10,mid,0,12,20,1.10,true,0.06788,0.00281,0.23027,2.16271,0.00399,1.1287,0.0236,1.1996
10,mid,0,12,20,1.20,true,0.06450,0.00275,0.26106,2.19695,0.00402,1.2210,0.0166,1.2925
10,high,0,12,10,0.00,true,0.14775,0.00397,0.00341,1.85566,0.00399,0.2125,0.5792,0.2677
10,high,0,12,10,0.10,true,0.17638,0.00426,0.00512,1.82875,0.00429,0.2582,0.4254,0.2849
10,high,0,12,10,0.20,true,0.19675,0.00444,0.00977,1.81302,0.00451,0.3122,0.2842,0.3271
10,high,0,12,10,0.30,true,0.20675,0.00453,0.01810,1.81137,0.00466,0.3768,0.1762,0.3896
10,high,0,12,10,0.40,true,0.20750,0.00453,0.03096,1.82350,0.00475,0.4496,0.1002,0.4662
10,high,0,12,10,0.50,true,0.20312,0.00450,0.04904,1.84598,0.00485,0.5322,0.0547,0.5526
10,high,0,12,10,0.60,true,0.19587,0.00444,0.07211,1.87634,0.00494,0.6201,0.0289,0.6437
10,high,0,12,10,0.70,true,0.18663,0.00436,0.10006,1.91359,0.00503,0.7117,0.0129,0.7385
10,high,0,12,10,0.80,true,0.17813,0.00428,0.13182,1.95393,0.00514,0.8081,0.0065,0.8351
10,high,0,12,10,0.90,true,0.16800,0.00418,0.16650,1.99884,0.00521,0.9058,0.0042,0.9317
10,high,0,12,10,1.00,true,0.15825,0.00408,0.20334,2.04556,0.00528,1.0039,0.0016,1.0303
10,high,0,12,10,1.10,true,0.14925,0.00398,0.24085,2.09223,0.00534,1.1021,0.0006,1.1282
10,high,0,12,10,1.20,true,0.14062,0.00389,0.27871,2.13890,0.00538,1.2010,0.0001,1.2267
10,high,0,12,15,0.00,true,0.07387,0.00292,0.02459,1.95073,0.00306,0.3106,0.5456,0.4196
10,high,0,12,15,0.10,true,0.08500,0.00312,0.02824,1.94327,0.00328,0.3539,0.4395,0.4360
10,high,0,12,15,0.20,true,0.09538,0.00328,0.03612,1.94079,0.00350,0.4074,0.3457,0.4699
10,high,0,12,15,0.30,true,0.10138,0.00337,0.04847,1.94716,0.00367,0.4645,0.2615,0.5174
10,high,0,12,15,0.40,true,0.10487,0.00343,0.06528,1.96050,0.00383,0.5305,0.1931,0.5785
10,high,0,12,15,0.50,true,0.10412,0.00341,0.08629,1.98231,0.00395,0.6004,0.1390,0.6477
10,high,0,12,15,0.60,true,0.10262,0.00339,0.11119,2.00877,0.00407,0.6756,0.0976,0.7247
10,high,0,12,15,0.70,true,0.09975,0.00335,0.13940,2.03994,0.00418,0.7558,0.0675,0.8074
10,high,0,12,15,0.80,true,0.09525,0.00328,0.17030,2.07545,0.00426,0.8397,0.0467,0.8932
10,high,0,12,15,0.90,true,0.09112,0.00322,0.20364,2.11305,0.00434,0.9288,0.0322,0.9840
10,high,0,12,15,1.00,true,0.08700,0.00315,0.23820,2.15190,0.00441,1.0190,0.0209,1.0767
10,high,0,12,15,1.10,true,0.08250,0.00308,0.27360,2.19199,0.00445,1.1117,0.0139,1.1707
10,high,0,12,15,1.20,true,0.07800,0.00300,0.30947,2.23261,0.00447,1.2067,0.0088,1.2668
10,high,0,12,20,0.00,true,0.04850,0.00240,0.07284,2.02443,0.00282,0.3995,0.5226,0.5969
10,high,0,12,20,0.10,true,0.05187,0.00248,0.07808,2.02632,0.00294,0.4470,0.4465,0.6138
10,high,0,12,20,0.20,true,0.05462,0.00254,0.08768,2.03320,0.00306,0.5001,0.3772,0.6426
10,high,0,12,20,0.30,true,0.05800,0.00261,0.10132,2.04349,0.00322,0.5529,0.3088,0.6827
10,high,0,12,20,0.40,true,0.05800,0.00261,0.11880,2.06103,0.00332,0.6148,0.2545,0.7312
10,high,0,12,20,0.50,true,0.05738,0.00260,0.13978,2.08271,0.00343,0.6765,0.2022,0.7886
10,high,0,12,20,0.60,true,0.05738,0.00260,0.16380,2.10683,0.00355,0.7453,0.1603,0.8543
10,high,0,12,20,0.70,true,0.05625,0.00258,0.19046,2.13473,0.00365,0.8166,0.1238,0.9264
10,high,0,12,20,0.80,true,0.05437,0.00254,0.21894,2.16523,0.00374,0.8898,0.0933,1.0028
10,high,0,12,20,0.90,true,0.05425,0.00253,0.24876,2.19534,0.00385,0.9700,0.0716,1.0843
10,high,0,12,20,1.00,true,0.05275,0.00250,0.28015,2.22844,0.00392,1.0525,0.0525,1.1704
10,high,0,12,20,1.10,true,0.05112,0.00246,0.31180,2.26195,0.00397,1.1366,0.0375,1.2582
10,high,0,12,20,1.20,true,0.04688,0.00236,0.34435,2.29904,0.00395,1.2264,0.0287,1.3476
10,tour,1,12,10,0.00,true,0.31525,0.00519,0.00004,1.68479,0.00519,0.1639,0.6557,0.1928
10,tour,1,12,10,0.10,true,0.38962,0.00545,0.00014,1.61051,0.00545,0.2098,0.4407,0.2076
10,tour,1,12,10,0.20,true,0.43488,0.00554,0.00048,1.56560,0.00555,0.2730,0.2515,0.2601
10,tour,1,12,10,0.30,true,0.45138,0.00556,0.00137,1.54999,0.00558,0.3453,0.1230,0.3368
10,tour,1,12,10,0.40,true,0.45175,0.00556,0.00335,1.55160,0.00560,0.4315,0.0499,0.4311
10,tour,1,12,10,0.50,true,0.44212,0.00555,0.00710,1.56497,0.00563,0.5219,0.0173,0.5274
10,tour,1,12,10,0.60,true,0.42725,0.00553,0.01308,1.58583,0.00566,0.6158,0.0065,0.6230
10,tour,1,12,10,0.70,true,0.41400,0.00551,0.02227,1.60827,0.00573,0.7154,0.0023,0.7229
10,tour,1,12,10,0.80,true,0.39900,0.00547,0.03470,1.63570,0.00581,0.8141,0.0010,0.8213
10,tour,1,12,10,0.90,true,0.38625,0.00544,0.04970,1.66345,0.00591,0.9102,0.0004,0.9171
10,tour,1,12,10,1.00,true,0.37112,0.00540,0.06839,1.69727,0.00603,1.0108,0.0000,1.0175
10,tour,1,12,10,1.10,true,0.35687,0.00536,0.08976,1.73289,0.00615,1.1134,0.0000,1.1197
10,tour,1,12,10,1.20,true,0.34250,0.00531,0.11265,1.77016,0.00627,1.2131,0.0000,1.2190
10,tour,1,12,15,0.00,true,0.18600,0.00435,0.00082,1.81482,0.00436,0.2490,0.5940,0.2804
10,tour,1,12,15,0.10,true,0.22325,0.00466,0.00151,1.77826,0.00467,0.2929,0.4545,0.2945
10,tour,1,12,15,0.20,true,0.25150,0.00485,0.00304,1.75154,0.00487,0.3458,0.3213,0.3332
10,tour,1,12,15,0.30,true,0.26562,0.00494,0.00576,1.74013,0.00498,0.4069,0.2134,0.3910
10,tour,1,12,15,0.40,true,0.27037,0.00497,0.01027,1.73990,0.00505,0.4802,0.1348,0.4657
10,tour,1,12,15,0.50,true,0.27150,0.00497,0.01675,1.74525,0.00510,0.5566,0.0781,0.5499
10,tour,1,12,15,0.60,true,0.26813,0.00495,0.02612,1.75799,0.00516,0.6431,0.0429,0.6431
10,tour,1,12,15,0.70,true,0.26062,0.00491,0.03875,1.77813,0.00521,0.7351,0.0211,0.7410
10,tour,1,12,15,0.80,true,0.25400,0.00487,0.05378,1.79978,0.00527,0.8299,0.0124,0.8373
10,tour,1,12,15,0.90,true,0.24575,0.00481,0.07129,1.82554,0.00534,0.9233,0.0061,0.9327
10,tour,1,12,15,1.00,true,0.23875,0.00477,0.09187,1.85312,0.00543,1.0227,0.0036,1.0323
10,tour,1,12,15,1.10,true,0.22887,0.00470,0.11584,1.88697,0.00551,1.1253,0.0016,1.1356
10,tour,1,12,15,1.20,true,0.21987,0.00463,0.13993,1.92006,0.00558,1.2211,0.0005,1.2318
10,tour,1,12,20,0.00,true,0.12300,0.00367,0.00363,1.88063,0.00369,0.3178,0.5573,0.3695
10,tour,1,12,20,0.10,true,0.14062,0.00389,0.00512,1.86450,0.00392,0.3602,0.4506,0.3822
10,tour,1,12,20,0.20,true,0.15488,0.00404,0.00801,1.85314,0.00409,0.4121,0.3508,0.4141
10,tour,1,12,20,0.30,true,0.16337,0.00413,0.01250,1.84913,0.00421,0.4711,0.2680,0.4605
10,tour,1,12,20,0.40,true,0.17200,0.00422,0.01897,1.84697,0.00434,0.5375,0.1955,0.5232
10,tour,1,12,20,0.50,true,0.17688,0.00427,0.02784,1.85097,0.00445,0.6111,0.1397,0.5973
10,tour,1,12,20,0.60,true,0.18000,0.00430,0.03873,1.85873,0.00456,0.6850,0.0959,0.6768
10,tour,1,12,20,0.70,true,0.17738,0.00427,0.05315,1.87578,0.00463,0.7692,0.0628,0.7672
10,tour,1,12,20,0.80,true,0.17300,0.00423,0.06991,1.89691,0.00469,0.8567,0.0419,0.8590
10,tour,1,12,20,0.90,true,0.16912,0.00419,0.08841,1.91928,0.00477,0.9433,0.0277,0.9498
10,tour,1,12,20,1.00,true,0.16212,0.00412,0.11083,1.94871,0.00482,1.0388,0.0173,1.0489
10,tour,1,12,20,1.10,true,0.15737,0.00407,0.13446,1.97709,0.00490,1.1339,0.0105,1.1468
10,tour,1,12,20,1.20,true,0.15088,0.00400,0.15952,2.00866,0.00495,1.2299,0.0068,1.2439
10,tour,1,3,10,0.00,true,0.24175,0.00479,0.00007,1.75832,0.00479,0.1373,0.6072,0.2018
10,tour,1,3,10,0.10,true,0.31425,0.00519,0.00013,1.68588,0.00519,0.2100,0.4114,0.2193
10,tour,1,3,10,0.20,true,0.36012,0.00537,0.00039,1.64027,0.00537,0.2697,0.2379,0.2703
10,tour,1,3,10,0.30,true,0.37375,0.00541,0.00126,1.62751,0.00542,0.3447,0.1134,0.3481
10,tour,1,3,10,0.40,true,0.37050,0.00540,0.00306,1.63256,0.00543,0.4225,0.0578,0.4295
10,tour,1,3,10,0.50,true,0.36612,0.00539,0.00658,1.64046,0.00544,0.5119,0.0262,0.5225
10,tour,1,3,10,0.60,true,0.35775,0.00536,0.01233,1.65458,0.00547,0.6038,0.0095,0.6183
10,tour,1,3,10,0.70,true,0.34600,0.00532,0.02113,1.67513,0.00550,0.7018,0.0040,0.7170
10,tour,1,3,10,0.80,true,0.33525,0.00528,0.03284,1.69759,0.00556,0.7990,0.0017,0.8144
10,tour,1,3,10,0.90,true,0.32250,0.00523,0.04709,1.72460,0.00562,0.8910,0.0006,0.9066
10,tour,1,3,10,1.00,true,0.30812,0.00516,0.06707,1.75895,0.00570,0.9968,0.0000,1.0127
10,tour,1,3,10,1.10,true,0.29400,0.00509,0.08935,1.79535,0.00579,1.0984,0.0000,1.1142
10,tour,1,3,10,1.20,true,0.28025,0.00502,0.11409,1.83384,0.00588,1.1993,0.0000,1.2152
10,tour,1,3,15,0.00,true,0.15063,0.00400,0.00085,1.85023,0.00400,0.1992,0.5681,0.2904
10,tour,1,3,15,0.10,true,0.18138,0.00431,0.00118,1.81980,0.00431,0.2792,0.4416,0.3044
10,tour,1,3,15,0.20,true,0.20438,0.00451,0.00223,1.79786,0.00452,0.3343,0.3205,0.3403
10,tour,1,3,15,0.30,true,0.22325,0.00466,0.00447,1.78122,0.00469,0.3993,0.2185,0.3985
10,tour,1,3,15,0.40,true,0.22387,0.00466,0.00830,1.78443,0.00472,0.4672,0.1425,0.4673
10,tour,1,3,15,0.50,true,0.22062,0.00464,0.01425,1.79362,0.00473,0.5402,0.0844,0.5470
10,tour,1,3,15,0.60,true,0.22000,0.00463,0.02265,1.80265,0.00479,0.6230,0.0468,0.6364
10,tour,1,3,15,0.70,true,0.21575,0.00460,0.03401,1.81826,0.00483,0.7108,0.0245,0.7293
10,tour,1,3,15,0.80,true,0.20938,0.00455,0.04835,1.83897,0.00488,0.8026,0.0136,0.8233
10,tour,1,3,15,0.90,true,0.20438,0.00451,0.06540,1.86103,0.00495,0.8956,0.0063,0.9184
10,tour,1,3,15,1.00,true,0.19487,0.00443,0.08684,1.89197,0.00500,0.9963,0.0022,1.0204
10,tour,1,3,15,1.10,true,0.18575,0.00435,0.10934,1.92360,0.00504,1.0915,0.0012,1.1155
10,tour,1,3,15,1.20,true,0.17788,0.00428,0.13436,1.95648,0.00510,1.1896,0.0002,1.2140
10,tour,1,3,20,0.00,true,0.10475,0.00342,0.00496,1.90021,0.00345,0.2617,0.5388,0.3890
10,tour,1,3,20,0.10,true,0.12000,0.00363,0.00595,1.88595,0.00367,0.3535,0.4365,0.4029
10,tour,1,3,20,0.20,true,0.13625,0.00384,0.00831,1.87206,0.00388,0.4121,0.3454,0.4359
10,tour,1,3,20,0.30,true,0.14325,0.00392,0.01231,1.86906,0.00399,0.4723,0.2652,0.4828
10,tour,1,3,20,0.40,true,0.14738,0.00396,0.01822,1.87085,0.00408,0.5375,0.2000,0.5416
10,tour,1,3,20,0.50,true,0.15050,0.00400,0.02630,1.87580,0.00416,0.6040,0.1424,0.6106
10,tour,1,3,20,0.60,true,0.15200,0.00401,0.03718,1.88518,0.00425,0.6791,0.0968,0.6910
10,tour,1,3,20,0.70,true,0.14888,0.00398,0.05040,1.90153,0.00430,0.7594,0.0692,0.7731
10,tour,1,3,20,0.80,true,0.14388,0.00392,0.06678,1.92290,0.00434,0.8430,0.0453,0.8623
10,tour,1,3,20,0.90,true,0.13825,0.00386,0.08573,1.94748,0.00439,0.9302,0.0293,0.9538
10,tour,1,3,20,1.00,true,0.13275,0.00379,0.10673,1.97398,0.00443,1.0195,0.0180,1.0471
10,tour,1,3,20,1.10,true,0.12725,0.00373,0.13003,2.00278,0.00448,1.1112,0.0099,1.1426
10,tour,1,3,20,1.20,true,0.12062,0.00364,0.15503,2.03441,0.00451,1.2050,0.0058,1.2376
10,tour,1,6,10,0.00,true,0.24838,0.00483,0.00007,1.75170,0.00483,0.1655,0.6047,0.2016
10,tour,1,6,10,0.10,true,0.31012,0.00517,0.00006,1.68993,0.00517,0.2138,0.3975,0.2218
10,tour,1,6,10,0.20,true,0.34125,0.00530,0.00016,1.65891,0.00530,0.2756,0.2233,0.2744
10,tour,1,6,10,0.30,true,0.35400,0.00535,0.00053,1.64653,0.00535,0.3506,0.1120,0.3506
10,tour,1,6,10,0.40,true,0.35213,0.00534,0.00148,1.64935,0.00535,0.4343,0.0465,0.4407
10,tour,1,6,10,0.50,true,0.34087,0.00530,0.00340,1.66252,0.00533,0.5256,0.0199,0.5346
10,tour,1,6,10,0.60,true,0.32837,0.00525,0.00682,1.67844,0.00531,0.6211,0.0080,0.6316
10,tour,1,6,10,0.70,true,0.31338,0.00519,0.01230,1.69892,0.00528,0.7188,0.0038,0.7292
10,tour,1,6,10,0.80,true,0.29613,0.00510,0.02072,1.72460,0.00526,0.8218,0.0014,0.8321
10,tour,1,6,10,0.90,true,0.27963,0.00502,0.03152,1.75189,0.00525,0.9192,0.0003,0.9292
10,tour,1,6,10,1.00,true,0.26238,0.00492,0.04606,1.78369,0.00525,1.0235,0.0000,1.0329
10,tour,1,6,10,1.10,true,0.24513,0.00481,0.06249,1.81737,0.00524,1.1200,0.0000,1.1288
10,tour,1,6,10,1.20,true,0.22687,0.00468,0.08365,1.85679,0.00523,1.2272,0.0000,1.2356
10,tour,1,6,15,0.00,true,0.14675,0.00396,0.00084,1.85409,0.00396,0.2416,0.5580,0.2923
10,tour,1,6,15,0.10,true,0.17525,0.00425,0.00079,1.82554,0.00425,0.2892,0.4242,0.3090
10,tour,1,6,15,0.20,true,0.19562,0.00444,0.00127,1.80565,0.00444,0.3477,0.3080,0.3483
10,tour,1,6,15,0.30,true,0.20938,0.00455,0.00249,1.79312,0.00456,0.4094,0.2047,0.4066
10,tour,1,6,15,0.40,true,0.21113,0.00456,0.00479,1.79366,0.00459,0.4792,0.1280,0.4787
10,tour,1,6,15,0.50,true,0.20913,0.00455,0.00845,1.79932,0.00460,0.5565,0.0755,0.5609
10,tour,1,6,15,0.60,true,0.20338,0.00450,0.01400,1.81063,0.00459,0.6425,0.0435,0.6510
10,tour,1,6,15,0.70,true,0.19787,0.00445,0.02165,1.82377,0.00459,0.7316,0.0228,0.7446
10,tour,1,6,15,0.80,true,0.18850,0.00437,0.03188,1.84338,0.00457,0.8259,0.0116,0.8413
10,tour,1,6,15,0.90,true,0.17825,0.00428,0.04457,1.86632,0.00455,0.9217,0.0055,0.9383
10,tour,1,6,15,1.00,true,0.16725,0.00417,0.06052,1.89327,0.00453,1.0234,0.0030,1.0396
10,tour,1,6,15,1.10,true,0.15675,0.00406,0.07819,1.92144,0.00452,1.1208,0.0016,1.1366
10,tour,1,6,15,1.20,true,0.14700,0.00396,0.09822,1.95123,0.00451,1.2192,0.0000,1.2356
10,tour,1,6,20,0.00,true,0.09388,0.00326,0.00457,1.91070,0.00328,0.3227,0.5392,0.3916
10,tour,1,6,20,0.10,true,0.11163,0.00352,0.00450,1.89287,0.00354,0.3700,0.4414,0.4069
10,tour,1,6,20,0.20,true,0.12212,0.00366,0.00553,1.88341,0.00369,0.4192,0.3417,0.4390
10,tour,1,6,20,0.30,true,0.12712,0.00372,0.00779,1.88067,0.00377,0.4768,0.2596,0.4851
10,tour,1,6,20,0.40,true,0.13175,0.00378,0.01149,1.87974,0.00385,0.5424,0.1916,0.5456
10,tour,1,6,20,0.50,true,0.13375,0.00381,0.01685,1.88311,0.00390,0.6126,0.1367,0.6165
10,tour,1,6,20,0.60,true,0.13462,0.00382,0.02416,1.88954,0.00396,0.6882,0.0933,0.6962
10,tour,1,6,20,0.70,true,0.13100,0.00377,0.03344,1.90244,0.00397,0.7676,0.0620,0.7802
10,tour,1,6,20,0.80,true,0.12637,0.00371,0.04504,1.91867,0.00397,0.8554,0.0425,0.8699
10,tour,1,6,20,0.90,true,0.12200,0.00366,0.05925,1.93726,0.00400,0.9483,0.0280,0.9655
10,tour,1,6,20,1.00,true,0.11538,0.00357,0.07516,1.95980,0.00399,1.0391,0.0182,1.0588
10,tour,1,6,20,1.10,true,0.10650,0.00345,0.09351,1.98703,0.00395,1.1333,0.0116,1.1547
10,tour,1,6,20,1.20,true,0.09788,0.00332,0.11421,2.01636,0.00392,1.2308,0.0073,1.2532
10,scratch,1,12,10,0.00,true,0.27613,0.00500,0.00013,1.72401,0.00500,0.1747,0.6310,0.2070
10,scratch,1,12,10,0.10,true,0.33750,0.00529,0.00042,1.66292,0.00529,0.2211,0.4362,0.2222
10,scratch,1,12,10,0.20,true,0.37862,0.00542,0.00125,1.62262,0.00543,0.2823,0.2655,0.2709
10,scratch,1,12,10,0.30,true,0.39350,0.00546,0.00312,1.60962,0.00549,0.3529,0.1393,0.3445
10,scratch,1,12,10,0.40,true,0.39713,0.00547,0.00689,1.60977,0.00554,0.4351,0.0614,0.4351
10,scratch,1,12,10,0.50,true,0.38575,0.00544,0.01345,1.62770,0.00557,0.5250,0.0283,0.5290
10,scratch,1,12,10,0.60,true,0.37462,0.00541,0.02275,1.64813,0.00562,0.6151,0.0112,0.6228
10,scratch,1,12,10,0.70,true,0.36050,0.00537,0.03656,1.67607,0.00570,0.7144,0.0039,0.7236
10,scratch,1,12,10,0.80,true,0.34675,0.00532,0.05383,1.70709,0.00580,0.8135,0.0019,0.8224
10,scratch,1,12,10,0.90,true,0.33300,0.00527,0.07402,1.74102,0.00591,0.9102,0.0009,0.9188
10,scratch,1,12,10,1.00,true,0.31838,0.00521,0.09768,1.77931,0.00602,1.0102,0.0004,1.0185
10,scratch,1,12,10,1.10,true,0.30525,0.00515,0.12396,1.81872,0.00614,1.1126,0.0000,1.1208
10,scratch,1,12,10,1.20,true,0.29275,0.00509,0.15122,1.85848,0.00625,1.2131,0.0000,1.2209
10,scratch,1,12,15,0.00,true,0.15400,0.00404,0.00213,1.84813,0.00405,0.2662,0.5771,0.3056
10,scratch,1,12,15,0.10,true,0.18175,0.00431,0.00358,1.82183,0.00433,0.3106,0.4511,0.3196
10,scratch,1,12,15,0.20,true,0.20125,0.00448,0.00643,1.80518,0.00453,0.3611,0.3274,0.3558
10,scratch,1,12,15,0.30,true,0.21550,0.00460,0.01111,1.79562,0.00468,0.4222,0.2282,0.4111
10,scratch,1,12,15,0.40,true,0.22125,0.00464,0.01834,1.79709,0.00477,0.4929,0.1512,0.4820
10,scratch,1,12,15,0.50,true,0.22537,0.00467,0.02802,1.80265,0.00488,0.5666,0.0933,0.5625
10,scratch,1,12,15,0.60,true,0.22350,0.00466,0.04136,1.81786,0.00496,0.6509,0.0562,0.6524
10,scratch,1,12,15,0.70,true,0.21700,0.00461,0.05825,1.84125,0.00503,0.7390,0.0303,0.7471
10,scratch,1,12,15,0.80,true,0.21063,0.00456,0.07771,1.86709,0.00511,0.8303,0.0165,0.8421
10,scratch,1,12,15,0.90,true,0.20388,0.00450,0.09964,1.89578,0.00519,0.9231,0.0096,0.9363
10,scratch,1,12,15,1.00,true,0.19462,0.00443,0.12491,1.93029,0.00526,1.0208,0.0056,1.0346
10,scratch,1,12,15,1.10,true,0.18600,0.00435,0.15318,1.96719,0.00533,1.1236,0.0034,1.1376
10,scratch,1,12,15,1.20,true,0.17850,0.00428,0.18069,2.00222,0.00540,1.2185,0.0015,1.2332
10,scratch,1,12,20,0.00,true,0.09625,0.00330,0.00819,1.91194,0.00334,0.3413,0.5467,0.4083
10,scratch,1,12,20,0.10,true,0.10912,0.00349,0.01080,1.90168,0.00355,0.3822,0.4472,0.4214
10,scratch,1,12,20,0.20,true,0.11862,0.00362,0.01548,1.89686,0.00371,0.4314,0.3523,0.4518
10,scratch,1,12,20,0.30,true,0.12487,0.00370,0.02241,1.89753,0.00383,0.4917,0.2778,0.4962
10,scratch,1,12,20,0.40,true,0.13062,0.00377,0.03201,1.90139,0.00397,0.5559,0.2098,0.5546
10,scratch,1,12,20,0.50,true,0.13587,0.00383,0.04454,1.90867,0.00412,0.6273,0.1535,0.6258
10,scratch,1,12,20,0.60,true,0.13662,0.00384,0.05946,1.92284,0.00422,0.7006,0.1113,0.7015
10,scratch,1,12,20,0.70,true,0.13487,0.00382,0.07782,1.94295,0.00431,0.7823,0.0802,0.7856
10,scratch,1,12,20,0.80,true,0.13337,0.00380,0.09877,1.96541,0.00442,0.8649,0.0529,0.8755
10,scratch,1,12,20,0.90,true,0.12962,0.00376,0.12115,1.99154,0.00449,0.9486,0.0358,0.9639
10,scratch,1,12,20,1.00,true,0.12550,0.00370,0.14713,2.02165,0.00457,1.0426,0.0242,1.0608
10,scratch,1,12,20,1.10,true,0.12187,0.00366,0.17422,2.05237,0.00466,1.1364,0.0158,1.1575
10,scratch,1,12,20,1.20,true,0.11675,0.00359,0.20222,2.08550,0.00471,1.2299,0.0102,1.2530
10,scratch,1,3,10,0.00,true,0.21225,0.00457,0.00019,1.78794,0.00457,0.1482,0.5955,0.2166
10,scratch,1,3,10,0.10,true,0.27525,0.00499,0.00037,1.72512,0.00500,0.2208,0.4113,0.2346
10,scratch,1,3,10,0.20,true,0.30975,0.00517,0.00103,1.69128,0.00518,0.2805,0.2510,0.2828
10,scratch,1,3,10,0.30,true,0.32612,0.00524,0.00284,1.67672,0.00526,0.3543,0.1330,0.3570
10,scratch,1,3,10,0.40,true,0.32837,0.00525,0.00605,1.67768,0.00530,0.4288,0.0698,0.4365
10,scratch,1,3,10,0.50,true,0.32075,0.00522,0.01190,1.69115,0.00532,0.5156,0.0342,0.5270
10,scratch,1,3,10,0.60,true,0.31238,0.00518,0.02078,1.70841,0.00535,0.6067,0.0149,0.6220
10,scratch,1,3,10,0.70,true,0.30250,0.00514,0.03330,1.73080,0.00541,0.7021,0.0061,0.7194
10,scratch,1,3,10,0.80,true,0.29013,0.00507,0.04971,1.75959,0.00547,0.7998,0.0028,0.8174
10,scratch,1,3,10,0.90,true,0.27950,0.00502,0.06827,1.78877,0.00554,0.8917,0.0012,0.9095
10,scratch,1,3,10,1.00,true,0.26488,0.00493,0.09323,1.82836,0.00563,0.9959,0.0003,1.0141
10,scratch,1,3,10,1.10,true,0.25375,0.00487,0.11946,1.86572,0.00572,1.0958,0.0000,1.1141
10,scratch,1,3,10,1.20,true,0.23900,0.00477,0.14888,1.90990,0.00579,1.1979,0.0000,1.2162
10,scratch,1,3,15,0.00,true,0.12812,0.00374,0.00220,1.87408,0.00375,0.2186,0.5599,0.3172
10,scratch,1,3,15,0.10,true,0.15313,0.00403,0.00289,1.84976,0.00404,0.2963,0.4406,0.3317
10,scratch,1,3,15,0.20,true,0.16850,0.00418,0.00497,1.83647,0.00421,0.3519,0.3295,0.3659
10,scratch,1,3,15,0.30,true,0.18325,0.00433,0.00896,1.82571,0.00438,0.4144,0.2316,0.4207
10,scratch,1,3,15,0.40,true,0.18363,0.00433,0.01520,1.83158,0.00443,0.4809,0.1554,0.4873
10,scratch,1,3,15,0.50,true,0.18375,0.00433,0.02412,1.84038,0.00449,0.5538,0.1015,0.5632
10,scratch,1,3,15,0.60,true,0.18350,0.00433,0.03617,1.85267,0.00457,0.6340,0.0623,0.6490
10,scratch,1,3,15,0.70,true,0.18125,0.00431,0.05134,1.87010,0.00464,0.7185,0.0359,0.7393
10,scratch,1,3,15,0.80,true,0.17463,0.00424,0.07002,1.89540,0.00470,0.8066,0.0195,0.8318
10,scratch,1,3,15,0.90,true,0.16787,0.00418,0.09129,1.92342,0.00476,0.8986,0.0119,0.9248
10,scratch,1,3,15,1.00,true,0.16012,0.00410,0.11724,1.95712,0.00482,0.9981,0.0052,1.0270
10,scratch,1,3,15,1.10,true,0.15288,0.00402,0.14301,1.99015,0.00487,1.0901,0.0021,1.1205
10,scratch,1,3,15,1.20,true,0.14450,0.00393,0.17142,2.02694,0.00491,1.1878,0.0012,1.2178
10,scratch,1,3,20,0.00,true,0.08363,0.00309,0.01078,1.92715,0.00315,0.2940,0.5338,0.4316
10,scratch,1,3,20,0.10,true,0.09613,0.00330,0.01242,1.91630,0.00336,0.3778,0.4358,0.4459
10,scratch,1,3,20,0.20,true,0.10587,0.00344,0.01635,1.91048,0.00353,0.4364,0.3529,0.4772
10,scratch,1,3,20,0.30,true,0.11450,0.00356,0.02235,1.90785,0.00369,0.4946,0.2787,0.5211
10,scratch,1,3,20,0.40,true,0.11775,0.00360,0.03112,1.91337,0.00379,0.5577,0.2137,0.5776
10,scratch,1,3,20,0.50,true,0.11775,0.00360,0.04275,1.92501,0.00387,0.6252,0.1594,0.6439
10,scratch,1,3,20,0.60,true,0.11787,0.00361,0.05737,1.93950,0.00396,0.6995,0.1172,0.7193
10,scratch,1,3,20,0.70,true,0.11388,0.00355,0.07474,1.96087,0.00401,0.7741,0.0818,0.7991
10,scratch,1,3,20,0.80,true,0.11275,0.00354,0.09435,1.98161,0.00411,0.8559,0.0589,0.8838
10,scratch,1,3,20,0.90,true,0.10887,0.00348,0.11692,2.00806,0.00417,0.9411,0.0401,0.9735
10,scratch,1,3,20,1.00,true,0.10262,0.00339,0.14154,2.03894,0.00420,1.0275,0.0266,1.0641
10,scratch,1,3,20,1.10,true,0.09825,0.00333,0.16813,2.06991,0.00425,1.1190,0.0176,1.1585
10,scratch,1,3,20,1.20,true,0.09250,0.00324,0.19561,2.10315,0.00427,1.2088,0.0099,1.2524
10,scratch,1,6,10,0.00,true,0.21488,0.00459,0.00023,1.78536,0.00459,0.1761,0.5873,0.2173
10,scratch,1,6,10,0.10,true,0.26625,0.00494,0.00020,1.73395,0.00494,0.2260,0.3983,0.2381
10,scratch,1,6,10,0.20,true,0.29400,0.00509,0.00048,1.70648,0.00510,0.2858,0.2385,0.2875
10,scratch,1,6,10,0.30,true,0.30425,0.00514,0.00131,1.69706,0.00515,0.3580,0.1299,0.3592
10,scratch,1,6,10,0.40,true,0.30462,0.00515,0.00323,1.69860,0.00517,0.4396,0.0629,0.4456
10,scratch,1,6,10,0.50,true,0.29775,0.00511,0.00676,1.70901,0.00517,0.5286,0.0279,0.5391
10,scratch,1,6,10,0.60,true,0.28575,0.00505,0.01272,1.72697,0.00515,0.6230,0.0117,0.6358
10,scratch,1,6,10,0.70,true,0.27013,0.00496,0.02154,1.75141,0.00512,0.7192,0.0051,0.7326
10,scratch,1,6,10,0.80,true,0.25575,0.00488,0.03407,1.77833,0.00512,0.8213,0.0027,0.8342
10,scratch,1,6,10,0.90,true,0.24038,0.00478,0.04946,1.80909,0.00512,0.9194,0.0012,0.9319
10,scratch,1,6,10,1.00,true,0.22512,0.00467,0.06906,1.84395,0.00513,1.0234,0.0003,1.0356
10,scratch,1,6,10,1.10,true,0.21363,0.00458,0.08940,1.87579,0.00516,1.1189,0.0002,1.1307
10,scratch,1,6,10,1.20,true,0.19662,0.00444,0.11526,1.91867,0.00515,1.2258,0.0000,1.2371
10,scratch,1,6,15,0.00,true,0.12512,0.00370,0.00228,1.87715,0.00371,0.2607,0.5499,0.3214
10,scratch,1,6,15,0.10,true,0.14763,0.00397,0.00222,1.85459,0.00398,0.3081,0.4248,0.3390
10,scratch,1,6,15,0.20,true,0.16150,0.00411,0.00322,1.84172,0.00413,0.3642,0.3159,0.3758
10,scratch,1,6,15,0.30,true,0.17037,0.00420,0.00559,1.83521,0.00424,0.4250,0.2201,0.4305
10,scratch,1,6,15,0.40,true,0.17375,0.00424,0.00968,1.83593,0.00429,0.4935,0.1454,0.4996
10,scratch,1,6,15,0.50,true,0.17213,0.00422,0.01580,1.84367,0.00432,0.5667,0.0892,0.5782
10,scratch,1,6,15,0.60,true,0.16787,0.00418,0.02451,1.85664,0.00433,0.6528,0.0581,0.6652
10,scratch,1,6,15,0.70,true,0.16175,0.00412,0.03584,1.87410,0.00433,0.7374,0.0318,0.7560
10,scratch,1,6,15,0.80,true,0.15488,0.00404,0.05017,1.89530,0.00435,0.8305,0.0180,0.8515
10,scratch,1,6,15,0.90,true,0.14825,0.00397,0.06683,1.91860,0.00437,0.9242,0.0107,0.9461
10,scratch,1,6,15,1.00,true,0.13887,0.00387,0.08732,1.94847,0.00436,1.0240,0.0051,1.0473
10,scratch,1,6,15,1.10,true,0.12762,0.00373,0.10905,1.98147,0.00433,1.1195,0.0030,1.1424
10,scratch,1,6,15,1.20,true,0.11575,0.00358,0.13363,2.01793,0.00428,1.2180,0.0018,1.2402
10,scratch,1,6,20,0.00,true,0.07400,0.00293,0.01042,1.93642,0.00298,0.3447,0.5306,0.4366
10,scratch,1,6,20,0.10,true,0.08463,0.00311,0.01043,1.92581,0.00316,0.3911,0.4400,0.4514
10,scratch,1,6,20,0.20,true,0.09775,0.00332,0.01228,1.91453,0.00338,0.4406,0.3487,0.4836
10,scratch,1,6,20,0.30,true,0.10063,0.00336,0.01603,1.91541,0.00345,0.4985,0.2739,0.5270
10,scratch,1,6,20,0.40,true,0.10425,0.00342,0.02197,1.91772,0.00354,0.5604,0.2054,0.5844
10,scratch,1,6,20,0.50,true,0.10575,0.00344,0.02995,1.92421,0.00361,0.6303,0.1554,0.6505
10,scratch,1,6,20,0.60,true,0.10550,0.00343,0.04055,1.93506,0.00367,0.7034,0.1107,0.7264
10,scratch,1,6,20,0.70,true,0.10187,0.00338,0.05343,1.95157,0.00369,0.7805,0.0768,0.8076
10,scratch,1,6,20,0.80,true,0.09850,0.00333,0.06894,1.97046,0.00372,0.8643,0.0523,0.8950
10,scratch,1,6,20,0.90,true,0.09400,0.00326,0.08694,1.99297,0.00375,0.9549,0.0379,0.9857
10,scratch,1,6,20,1.00,true,0.08937,0.00319,0.10664,2.01732,0.00377,1.0438,0.0258,1.0771
10,scratch,1,6,20,1.10,true,0.08200,0.00307,0.12928,2.04734,0.00375,1.1378,0.0172,1.1730
10,scratch,1,6,20,1.20,true,0.07612,0.00297,0.15330,2.07726,0.00374,1.2328,0.0114,1.2693
10,mid,1,12,10,0.00,true,0.22087,0.00464,0.00074,1.77986,0.00464,0.1899,0.6021,0.2306
10,mid,1,12,10,0.10,true,0.26575,0.00494,0.00170,1.73595,0.00495,0.2372,0.4273,0.2473
10,mid,1,12,10,0.20,true,0.29300,0.00509,0.00422,1.71122,0.00512,0.2972,0.2755,0.2931
10,mid,1,12,10,0.30,true,0.30388,0.00514,0.00912,1.70525,0.00522,0.3630,0.1562,0.3605
10,mid,1,12,10,0.40,true,0.30400,0.00514,0.01785,1.71385,0.00529,0.4432,0.0810,0.4456
10,mid,1,12,10,0.50,true,0.29712,0.00511,0.03098,1.73386,0.00537,0.5292,0.0388,0.5374
10,mid,1,12,10,0.60,true,0.28825,0.00506,0.04800,1.75975,0.00546,0.6180,0.0186,0.6295
10,mid,1,12,10,0.70,true,0.27525,0.00499,0.07072,1.79548,0.00555,0.7146,0.0079,0.7281
10,mid,1,12,10,0.80,true,0.26150,0.00491,0.09721,1.83574,0.00565,0.8118,0.0036,0.8258
10,mid,1,12,10,0.90,true,0.25112,0.00485,0.12602,1.87493,0.00578,0.9089,0.0020,0.9225
10,mid,1,12,10,1.00,true,0.24000,0.00477,0.15802,1.91808,0.00589,1.0087,0.0010,1.0220
10,mid,1,12,10,1.10,true,0.22987,0.00470,0.19177,1.96197,0.00601,1.1104,0.0005,1.1235
10,mid,1,12,10,1.20,true,0.21987,0.00463,0.22539,2.00562,0.00611,1.2096,0.0002,1.2225
10,mid,1,12,15,0.00,true,0.11475,0.00356,0.00763,1.89289,0.00361,0.2892,0.5593,0.3502
10,mid,1,12,15,0.10,true,0.13225,0.00379,0.01091,1.87866,0.00385,0.3314,0.4438,0.3644
10,mid,1,12,15,0.20,true,0.14500,0.00394,0.01694,1.87195,0.00405,0.3822,0.3352,0.3984
10,mid,1,12,15,0.30,true,0.15288,0.00402,0.02607,1.87320,0.00420,0.4409,0.2433,0.4494
10,mid,1,12,15,0.40,true,0.15875,0.00409,0.03911,1.88037,0.00435,0.5070,0.1657,0.5160
10,mid,1,12,15,0.50,true,0.15875,0.00409,0.05555,1.89681,0.00446,0.5825,0.1172,0.5902
10,mid,1,12,15,0.60,true,0.15637,0.00406,0.07631,1.91996,0.00457,0.6601,0.0730,0.6746
10,mid,1,12,15,0.70,true,0.15363,0.00403,0.10103,1.94743,0.00470,0.7467,0.0458,0.7656
10,mid,1,12,15,0.80,true,0.14775,0.00397,0.12851,1.98081,0.00478,0.8338,0.0267,0.8577
10,mid,1,12,15,0.90,true,0.14288,0.00391,0.15748,2.01466,0.00488,0.9231,0.0162,0.9493
10,mid,1,12,15,1.00,true,0.13775,0.00385,0.18909,2.05143,0.00497,1.0181,0.0103,1.0450
10,mid,1,12,15,1.10,true,0.13037,0.00376,0.22412,2.09387,0.00503,1.1186,0.0056,1.1466
10,mid,1,12,15,1.20,true,0.12412,0.00369,0.25728,2.13333,0.00507,1.2143,0.0040,1.2417
10,mid,1,12,20,0.00,true,0.06388,0.00273,0.02540,1.96153,0.00287,0.3693,0.5328,0.4802
10,mid,1,12,20,0.10,true,0.07112,0.00287,0.03056,1.95944,0.00305,0.4131,0.4445,0.4952
10,mid,1,12,20,0.20,true,0.07737,0.00299,0.03901,1.96164,0.00322,0.4623,0.3605,0.5246
10,mid,1,12,20,0.30,true,0.08238,0.00307,0.05089,1.96853,0.00339,0.5201,0.2902,0.5669
10,mid,1,12,20,0.40,true,0.08463,0.00311,0.06619,1.98159,0.00353,0.5814,0.2275,0.6197
10,mid,1,12,20,0.50,true,0.08900,0.00318,0.08491,1.99594,0.00372,0.6499,0.1749,0.6845
10,mid,1,12,20,0.60,true,0.09187,0.00323,0.10606,2.01423,0.00389,0.7206,0.1334,0.7551
10,mid,1,12,20,0.70,true,0.09087,0.00321,0.13116,2.04034,0.00401,0.7964,0.0972,0.8341
10,mid,1,12,20,0.80,true,0.08975,0.00320,0.15816,2.06849,0.00413,0.8783,0.0732,0.9170
10,mid,1,12,20,0.90,true,0.08762,0.00316,0.18624,2.09872,0.00422,0.9569,0.0511,1.0013
10,mid,1,12,20,1.00,true,0.08500,0.00312,0.21762,2.13276,0.00431,1.0476,0.0369,1.0940
10,mid,1,12,20,1.10,true,0.08250,0.00308,0.24947,2.16715,0.00439,1.1382,0.0256,1.1877
10,mid,1,12,20,1.20,true,0.08000,0.00303,0.28135,2.20160,0.00445,1.2305,0.0185,1.2814
10,mid,1,3,10,0.00,true,0.17350,0.00423,0.00102,1.82752,0.00424,0.1649,0.5774,0.2421
10,mid,1,3,10,0.10,true,0.21575,0.00460,0.00158,1.78583,0.00461,0.2368,0.4131,0.2600
10,mid,1,3,10,0.20,true,0.24363,0.00480,0.00370,1.76007,0.00483,0.2955,0.2644,0.3063
10,mid,1,3,10,0.30,true,0.25488,0.00487,0.00853,1.75365,0.00494,0.3685,0.1563,0.3755
10,mid,1,3,10,0.40,true,0.25750,0.00489,0.01604,1.75854,0.00501,0.4390,0.0848,0.4524
10,mid,1,3,10,0.50,true,0.24950,0.00484,0.02791,1.77842,0.00505,0.5234,0.0478,0.5388
10,mid,1,3,10,0.60,true,0.24050,0.00478,0.04432,1.80384,0.00511,0.6115,0.0247,0.6307
10,mid,1,3,10,0.70,true,0.23350,0.00473,0.06508,1.83160,0.00520,0.7041,0.0116,0.7263
10,mid,1,3,10,0.80,true,0.22400,0.00466,0.09014,1.86618,0.00530,0.7989,0.0050,0.8229
10,mid,1,3,10,0.90,true,0.21250,0.00457,0.11688,1.90444,0.00537,0.8898,0.0032,0.9135
10,mid,1,3,10,1.00,true,0.20325,0.00450,0.14991,1.94674,0.00548,0.9932,0.0014,1.0175
10,mid,1,3,10,1.10,true,0.19212,0.00440,0.18386,1.99184,0.00556,1.0928,0.0005,1.1176
10,mid,1,3,10,1.20,true,0.18000,0.00430,0.21938,2.03954,0.00560,1.1931,0.0000,1.2182
10,mid,1,3,15,0.00,true,0.09600,0.00329,0.00867,1.91267,0.00334,0.2516,0.5449,0.3663
10,mid,1,3,15,0.10,true,0.10625,0.00345,0.01085,1.90460,0.00350,0.3251,0.4385,0.3821
10,mid,1,3,15,0.20,true,0.11975,0.00363,0.01576,1.89601,0.00372,0.3793,0.3407,0.4148
10,mid,1,3,15,0.30,true,0.12962,0.00376,0.02403,1.89441,0.00390,0.4374,0.2506,0.4641
10,mid,1,3,15,0.40,true,0.13300,0.00380,0.03581,1.90282,0.00402,0.5027,0.1804,0.5262
10,mid,1,3,15,0.50,true,0.13287,0.00380,0.05139,1.91854,0.00412,0.5710,0.1220,0.5979
10,mid,1,3,15,0.60,true,0.13175,0.00378,0.07076,1.93904,0.00422,0.6488,0.0834,0.6778
10,mid,1,3,15,0.70,true,0.12987,0.00376,0.09379,1.96396,0.00434,0.7288,0.0517,0.7642
10,mid,1,3,15,0.80,true,0.12500,0.00370,0.12002,1.99508,0.00442,0.8143,0.0324,0.8534
10,mid,1,3,15,0.90,true,0.11713,0.00360,0.14828,2.03124,0.00445,0.9002,0.0188,0.9429
10,mid,1,3,15,1.00,true,0.10938,0.00349,0.18137,2.07212,0.00449,0.9985,0.0115,1.0423
10,mid,1,3,15,1.10,true,0.10612,0.00344,0.21250,2.10654,0.00458,1.0895,0.0063,1.1356
10,mid,1,3,15,1.20,true,0.10113,0.00337,0.24577,2.14486,0.00462,1.1852,0.0031,1.2325
10,mid,1,3,20,0.00,true,0.05900,0.00263,0.03337,1.97439,0.00282,0.3560,0.5283,0.5144
10,mid,1,3,20,0.10,true,0.06663,0.00279,0.03740,1.97079,0.00300,0.4220,0.4423,0.5296
10,mid,1,3,20,0.20,true,0.07250,0.00290,0.04483,1.97235,0.00316,0.4757,0.3648,0.5598
10,mid,1,3,20,0.30,true,0.07475,0.00294,0.05588,1.98115,0.00328,0.5322,0.2947,0.6017
10,mid,1,3,20,0.40,true,0.07562,0.00296,0.07003,1.99444,0.00339,0.5929,0.2352,0.6536
10,mid,1,3,20,0.50,true,0.07725,0.00299,0.08730,2.01010,0.00352,0.6572,0.1841,0.7144
10,mid,1,3,20,0.60,true,0.07625,0.00297,0.10817,2.03199,0.00362,0.7270,0.1422,0.7831
10,mid,1,3,20,0.70,true,0.07525,0.00295,0.13159,2.05643,0.00373,0.7996,0.1068,0.8585
10,mid,1,3,20,0.80,true,0.07400,0.00293,0.15742,2.08354,0.00384,0.8766,0.0783,0.9397
10,mid,1,3,20,0.90,true,0.06863,0.00283,0.18547,2.11700,0.00386,0.9565,0.0570,1.0229
10,mid,1,3,20,1.00,true,0.06763,0.00281,0.21454,2.14712,0.00396,1.0436,0.0436,1.1109
10,mid,1,3,20,1.10,true,0.06588,0.00277,0.24452,2.17890,0.00403,1.1289,0.0305,1.2008
10,mid,1,3,20,1.20,true,0.06237,0.00270,0.27605,2.21401,0.00406,1.2192,0.0211,1.2944
10,mid,1,6,10,0.00,true,0.16925,0.00419,0.00109,1.83184,0.00420,0.1924,0.5661,0.2455
10,mid,1,6,10,0.10,true,0.20550,0.00452,0.00122,1.79572,0.00453,0.2420,0.3984,0.2663
10,mid,1,6,10,0.20,true,0.22325,0.00466,0.00245,1.77920,0.00467,0.2995,0.2498,0.3131
10,mid,1,6,10,0.30,true,0.23212,0.00472,0.00528,1.77315,0.00476,0.3678,0.1439,0.3800
10,mid,1,6,10,0.40,true,0.23037,0.00471,0.01052,1.78015,0.00478,0.4475,0.0809,0.4605
10,mid,1,6,10,0.50,true,0.22600,0.00468,0.01887,1.79287,0.00481,0.5326,0.0391,0.5506
10,mid,1,6,10,0.60,true,0.21950,0.00463,0.03096,1.81147,0.00484,0.6255,0.0208,0.6447
10,mid,1,6,10,0.70,true,0.21063,0.00456,0.04696,1.83635,0.00487,0.7199,0.0092,0.7412
10,mid,1,6,10,0.80,true,0.19962,0.00447,0.06776,1.86817,0.00491,0.8216,0.0047,0.8426
10,mid,1,6,10,0.90,true,0.18550,0.00435,0.09125,1.90581,0.00492,0.9185,0.0028,0.9389
10,mid,1,6,10,1.00,true,0.17313,0.00423,0.11927,1.94624,0.00495,1.0216,0.0015,1.0414
10,mid,1,6,10,1.10,true,0.16050,0.00410,0.14774,1.98740,0.00495,1.1164,0.0004,1.1363
10,mid,1,6,10,1.20,true,0.14663,0.00395,0.18165,2.03526,0.00494,1.2229,0.0003,1.2420
10,mid,1,6,15,0.00,true,0.09137,0.00322,0.00900,1.91763,0.00327,0.2844,0.5372,0.3738
10,mid,1,6,15,0.10,true,0.10687,0.00345,0.00941,1.90253,0.00350,0.3311,0.4218,0.3928
10,mid,1,6,15,0.20,true,0.11463,0.00356,0.01231,1.89768,0.00363,0.3853,0.3236,0.4274
10,mid,1,6,15,0.30,true,0.12150,0.00365,0.01795,1.89645,0.00375,0.4459,0.2371,0.4789
10,mid,1,6,15,0.40,true,0.12475,0.00369,0.02662,1.90188,0.00385,0.5121,0.1662,0.5433
10,mid,1,6,15,0.50,true,0.12312,0.00367,0.03849,1.91538,0.00390,0.5830,0.1112,0.6167
10,mid,1,6,15,0.60,true,0.11787,0.00361,0.05380,1.93596,0.00392,0.6624,0.0730,0.6983
10,mid,1,6,15,0.70,true,0.11163,0.00352,0.07224,1.96067,0.00393,0.7466,0.0488,0.7836
10,mid,1,6,15,0.80,true,0.10575,0.00344,0.09403,1.98836,0.00396,0.8334,0.0285,0.8749
10,mid,1,6,15,0.90,true,0.09875,0.00334,0.11849,2.01987,0.00398,0.9247,0.0176,0.9675
10,mid,1,6,15,1.00,true,0.09162,0.00323,0.14649,2.05504,0.00399,1.0215,0.0103,1.0651
10,mid,1,6,15,1.10,true,0.08475,0.00311,0.17533,2.09083,0.00399,1.1156,0.0055,1.1602
10,mid,1,6,15,1.20,true,0.07850,0.00301,0.20579,2.12763,0.00399,1.2121,0.0031,1.2563
10,mid,1,6,20,0.00,true,0.05500,0.00255,0.03412,1.97913,0.00273,0.3762,0.5250,0.5254
10,mid,1,6,20,0.10,true,0.06062,0.00267,0.03511,1.97450,0.00286,0.4228,0.4426,0.5414
10,mid,1,6,20,0.20,true,0.06463,0.00275,0.03935,1.97475,0.00296,0.4735,0.3630,0.5713
10,mid,1,6,20,0.30,true,0.06863,0.00283,0.04661,1.97802,0.00309,0.5287,0.2911,0.6134
10,mid,1,6,20,0.40,true,0.06938,0.00284,0.05696,1.98763,0.00316,0.5869,0.2274,0.6650
10,mid,1,6,20,0.50,true,0.07050,0.00286,0.07034,1.99990,0.00327,0.6538,0.1764,0.7273
10,mid,1,6,20,0.60,true,0.06888,0.00283,0.08698,2.01819,0.00333,0.7253,0.1334,0.7977
10,mid,1,6,20,0.70,true,0.06788,0.00281,0.10611,2.03835,0.00341,0.8001,0.0991,0.8740
10,mid,1,6,20,0.80,true,0.06663,0.00279,0.12789,2.06144,0.00350,0.8793,0.0711,0.9565
10,mid,1,6,20,0.90,true,0.06363,0.00273,0.15236,2.08896,0.00356,0.9639,0.0503,1.0434
10,mid,1,6,20,1.00,true,0.05937,0.00264,0.17827,2.11921,0.00358,1.0517,0.0377,1.1307
10,mid,1,6,20,1.10,true,0.05700,0.00259,0.20556,2.14896,0.00363,1.1419,0.0274,1.2217
10,mid,1,6,20,1.20,true,0.05187,0.00248,0.23468,2.18332,0.00361,1.2329,0.0190,1.3141
10,high,1,12,10,0.00,true,0.17700,0.00427,0.00287,1.82587,0.00428,0.2089,0.5825,0.2580
10,high,1,12,10,0.10,true,0.20900,0.00455,0.00532,1.79633,0.00458,0.2557,0.4237,0.2757
10,high,1,12,10,0.20,true,0.22950,0.00470,0.01087,1.78137,0.00478,0.3137,0.2852,0.3192
10,high,1,12,10,0.30,true,0.23813,0.00476,0.02037,1.78226,0.00492,0.3784,0.1788,0.3816
10,high,1,12,10,0.40,true,0.23663,0.00475,0.03547,1.79886,0.00502,0.4543,0.1020,0.4610
10,high,1,12,10,0.50,true,0.23412,0.00473,0.05607,1.82198,0.00516,0.5375,0.0540,0.5501
10,high,1,12,10,0.60,true,0.22725,0.00469,0.08094,1.85376,0.00529,0.6236,0.0293,0.6398
10,high,1,12,10,0.70,true,0.22037,0.00463,0.11133,1.89105,0.00544,0.7171,0.0146,0.7361
10,high,1,12,10,0.80,true,0.21050,0.00456,0.14538,1.93503,0.00557,0.8128,0.0073,0.8330
10,high,1,12,10,0.90,true,0.19962,0.00447,0.18102,1.98161,0.00568,0.9070,0.0037,0.9275
10,high,1,12,10,1.00,true,0.18800,0.00437,0.21950,2.03180,0.00576,1.0055,0.0023,1.0255
10,high,1,12,10,1.10,true,0.17988,0.00429,0.25855,2.07908,0.00586,1.1070,0.0014,1.1267
10,high,1,12,10,1.20,true,0.17000,0.00420,0.29738,2.12792,0.00592,1.2066,0.0008,1.2262
10,high,1,12,15,0.00,true,0.08912,0.00319,0.02092,1.93181,0.00330,0.3160,0.5499,0.4012
10,high,1,12,15,0.10,true,0.09863,0.00333,0.02654,1.92794,0.00350,0.3589,0.4461,0.4157
10,high,1,12,15,0.20,true,0.10925,0.00349,0.03655,1.92733,0.00372,0.4094,0.3472,0.4493
10,high,1,12,15,0.30,true,0.11275,0.00354,0.05077,1.93806,0.00387,0.4645,0.2620,0.4956
10,high,1,12,15,0.40,true,0.11837,0.00361,0.06973,1.95142,0.00408,0.5285,0.1884,0.5579
10,high,1,12,15,0.50,true,0.11975,0.00363,0.09226,1.97260,0.00424,0.5999,0.1390,0.6268
10,high,1,12,15,0.60,true,0.11700,0.00359,0.11986,2.00300,0.00437,0.6753,0.0947,0.7063
10,high,1,12,15,0.70,true,0.11500,0.00357,0.15087,2.03606,0.00451,0.7580,0.0640,0.7926
10,high,1,12,15,0.80,true,0.11213,0.00353,0.18385,2.07200,0.00464,0.8425,0.0425,0.8810
10,high,1,12,15,0.90,true,0.10637,0.00345,0.21821,2.11219,0.00470,0.9274,0.0273,0.9696
10,high,1,12,15,1.00,true,0.10225,0.00339,0.25450,2.15274,0.00478,1.0182,0.0166,1.0635
10,high,1,12,15,1.10,true,0.09763,0.00332,0.29317,2.19618,0.00485,1.1183,0.0114,1.1635
10,high,1,12,15,1.20,true,0.09325,0.00325,0.32892,2.23647,0.00488,1.2109,0.0070,1.2572
10,high,1,12,20,0.00,true,0.04800,0.00239,0.06206,2.01414,0.00276,0.4054,0.5298,0.5635
10,high,1,12,20,0.10,true,0.05300,0.00250,0.06967,2.01676,0.00293,0.4476,0.4502,0.5788
10,high,1,12,20,0.20,true,0.05800,0.00261,0.08174,2.02384,0.00312,0.4976,0.3758,0.6076
10,high,1,12,20,0.30,true,0.06125,0.00268,0.09771,2.03658,0.00330,0.5524,0.3092,0.6472
10,high,1,12,20,0.40,true,0.06200,0.00270,0.11763,2.05579,0.00344,0.6119,0.2507,0.6964
10,high,1,12,20,0.50,true,0.06375,0.00273,0.14122,2.07768,0.00361,0.6781,0.2005,0.7561
10,high,1,12,20,0.60,true,0.06675,0.00279,0.16690,2.10043,0.00381,0.7461,0.1586,0.8225
10,high,1,12,20,0.70,true,0.06800,0.00281,0.19587,2.12823,0.00397,0.8192,0.1222,0.8967
10,high,1,12,20,0.80,true,0.06763,0.00281,0.22652,2.15936,0.00410,0.8961,0.0938,0.9753
10,high,1,12,20,0.90,true,0.06638,0.00278,0.25744,2.19165,0.00419,0.9741,0.0727,1.0550
10,high,1,12,20,1.00,true,0.06388,0.00273,0.29144,2.22831,0.00425,1.0571,0.0518,1.1435
10,high,1,12,20,1.10,true,0.06175,0.00269,0.32529,2.26447,0.00431,1.1467,0.0400,1.2336
10,high,1,12,20,1.20,true,0.05875,0.00263,0.35902,2.30142,0.00432,1.2351,0.0288,1.3252
10,high,1,3,10,0.00,true,0.14363,0.00392,0.00375,1.86013,0.00394,0.1877,0.5665,0.2727
10,high,1,3,10,0.10,true,0.17350,0.00423,0.00569,1.83219,0.00427,0.2578,0.4168,0.2915
10,high,1,3,10,0.20,true,0.19175,0.00440,0.01069,1.81895,0.00447,0.3145,0.2847,0.3336
10,high,1,3,10,0.30,true,0.20150,0.00448,0.02052,1.81905,0.00463,0.3829,0.1733,0.3997
10,high,1,3,10,0.40,true,0.20463,0.00451,0.03369,1.82911,0.00475,0.4526,0.1083,0.4712
10,high,1,3,10,0.50,true,0.20062,0.00448,0.05247,1.85192,0.00485,0.5328,0.0635,0.5547
10,high,1,3,10,0.60,true,0.19325,0.00441,0.07637,1.88323,0.00494,0.6178,0.0373,0.6428
10,high,1,3,10,0.70,true,0.18775,0.00437,0.10451,1.91693,0.00507,0.7079,0.0208,0.7360
10,high,1,3,10,0.80,true,0.17875,0.00428,0.13636,1.95786,0.00517,0.7993,0.0107,0.8301
10,high,1,3,10,0.90,true,0.17025,0.00420,0.16911,1.99921,0.00526,0.8887,0.0051,0.9213
10,high,1,3,10,1.00,true,0.15925,0.00409,0.20909,2.05033,0.00533,0.9930,0.0031,1.0256
10,high,1,3,10,1.10,true,0.14850,0.00398,0.24828,2.10042,0.00538,1.0924,0.0019,1.1252
10,high,1,3,10,1.20,true,0.14088,0.00389,0.28716,2.14712,0.00544,1.1926,0.0012,1.2259
10,high,1,3,15,0.00,true,0.06838,0.00282,0.02535,1.95700,0.00296,0.2938,0.5351,0.4232
10,high,1,3,15,0.10,true,0.08188,0.00307,0.02965,1.94781,0.00323,0.3581,0.4453,0.4397
10,high,1,3,15,0.20,true,0.09037,0.00321,0.03808,1.94775,0.00343,0.4085,0.3543,0.4707
10,high,1,3,15,0.30,true,0.09538,0.00328,0.05122,1.95592,0.00360,0.4650,0.2735,0.5157
10,high,1,3,15,0.40,true,0.10200,0.00338,0.06861,1.96671,0.00381,0.5301,0.2089,0.5746
10,high,1,3,15,0.50,true,0.10000,0.00335,0.09072,1.99087,0.00392,0.5954,0.1497,0.6421
10,high,1,3,15,0.60,true,0.09675,0.00331,0.11678,2.02025,0.00402,0.6682,0.1049,0.7182
10,high,1,3,15,0.70,true,0.09325,0.00325,0.14554,2.05260,0.00412,0.7461,0.0743,0.7988
10,high,1,3,15,0.80,true,0.09175,0.00323,0.17664,2.08529,0.00425,0.8274,0.0505,0.8845
10,high,1,3,15,0.90,true,0.08987,0.00320,0.20882,2.11948,0.00436,0.9117,0.0343,0.9722
10,high,1,3,15,1.00,true,0.08712,0.00315,0.24490,2.15847,0.00446,1.0032,0.0204,1.0688
10,high,1,3,15,1.10,true,0.08250,0.00308,0.27963,2.19801,0.00450,1.0933,0.0142,1.1601
10,high,1,3,15,1.20,true,0.07750,0.00299,0.31548,2.23909,0.00451,1.1848,0.0079,1.2547
10,high,1,3,20,0.00,true,0.04462,0.00231,0.07930,2.03479,0.00279,0.4267,0.5251,0.6091
10,high,1,3,20,0.10,true,0.05025,0.00244,0.08582,2.03571,0.00296,0.4735,0.4493,0.6260
10,high,1,3,20,0.20,true,0.05050,0.00245,0.09657,2.04624,0.00304,0.5239,0.3803,0.6547
10,high,1,3,20,0.30,true,0.05375,0.00252,0.11113,2.05759,0.00321,0.5765,0.3156,0.6949
10,high,1,3,20,0.40,true,0.05575,0.00257,0.12902,2.07354,0.00337,0.6347,0.2604,0.7440
10,high,1,3,20,0.50,true,0.05525,0.00255,0.15066,2.09576,0.00348,0.6980,0.2122,0.8016
10,high,1,3,20,0.60,true,0.05488,0.00255,0.17494,2.12051,0.00360,0.7621,0.1686,0.8658
10,high,1,3,20,0.70,true,0.05450,0.00254,0.20100,2.14706,0.00371,0.8335,0.1364,0.9353
10,high,1,3,20,0.80,true,0.05237,0.00249,0.23020,2.17854,0.00379,0.9054,0.1041,1.0124
10,high,1,3,20,0.90,true,0.05162,0.00247,0.25990,2.20916,0.00388,0.9830,0.0815,1.0924
10,high,1,3,20,1.00,true,0.04950,0.00243,0.29094,2.24254,0.00393,1.0613,0.0608,1.1761
10,high,1,3,20,1.10,true,0.04750,0.00238,0.32252,2.27636,0.00397,1.1463,0.0475,1.2627
10,high,1,3,20,1.20,true,0.04562,0.00233,0.35411,2.31012,0.00400,1.2344,0.0381,1.3513
10,high,1,6,10,0.00,true,0.13425,0.00381,0.00403,1.86978,0.00383,0.2109,0.5518,0.2772
10,high,1,6,10,0.10,true,0.16075,0.00411,0.00460,1.84385,0.00413,0.2594,0.3992,0.2984
10,high,1,6,10,0.20,true,0.17713,0.00427,0.00775,1.83063,0.00432,0.3171,0.2687,0.3427
10,high,1,6,10,0.30,true,0.18488,0.00434,0.01417,1.82931,0.00443,0.3838,0.1688,0.4058
10,high,1,6,10,0.40,true,0.18388,0.00433,0.02463,1.84078,0.00449,0.4596,0.1008,0.4823
10,high,1,6,10,0.50,true,0.18063,0.00430,0.03954,1.85897,0.00456,0.5433,0.0586,0.5683
10,high,1,6,10,0.60,true,0.17550,0.00425,0.05909,1.88369,0.00464,0.6312,0.0315,0.6596
10,high,1,6,10,0.70,true,0.16687,0.00417,0.08314,1.91642,0.00470,0.7232,0.0173,0.7532
10,high,1,6,10,0.80,true,0.15775,0.00408,0.11236,1.95486,0.00476,0.8221,0.0085,0.8534
10,high,1,6,10,0.90,true,0.14613,0.00395,0.14360,1.99784,0.00479,0.9178,0.0050,0.9487
10,high,1,6,10,1.00,true,0.13775,0.00385,0.17880,2.04158,0.00485,1.0201,0.0028,1.0508
10,high,1,6,10,1.10,true,0.12887,0.00375,0.21297,2.08483,0.00489,1.1145,0.0017,1.1448
10,high,1,6,10,1.20,true,0.11463,0.00356,0.25369,2.14008,0.00483,1.2204,0.0008,1.2504
10,high,1,6,15,0.00,true,0.07050,0.00286,0.02675,1.95627,0.00300,0.3113,0.5312,0.4332
10,high,1,6,15,0.10,true,0.08213,0.00307,0.02843,1.94634,0.00322,0.3583,0.4280,0.4532
10,high,1,6,15,0.20,true,0.08612,0.00314,0.03425,1.94816,0.00332,0.4123,0.3387,0.4867
10,high,1,6,15,0.30,true,0.08900,0.00318,0.04434,1.95541,0.00344,0.4710,0.2573,0.5352
10,high,1,6,15,0.40,true,0.08837,0.00317,0.05857,1.97030,0.00351,0.5346,0.1894,0.5949
10,high,1,6,15,0.50,true,0.08750,0.00316,0.07659,1.98925,0.00361,0.6033,0.1362,0.6636
10,high,1,6,15,0.60,true,0.08563,0.00313,0.09880,2.01341,0.00370,0.6773,0.0925,0.7414
10,high,1,6,15,0.70,true,0.08175,0.00306,0.12414,2.04273,0.00377,0.7579,0.0641,0.8235
10,high,1,6,15,0.80,true,0.07787,0.00300,0.15270,2.07530,0.00383,0.8456,0.0457,0.9111
10,high,1,6,15,0.90,true,0.07500,0.00294,0.18282,2.10846,0.00391,0.9304,0.0281,1.0007
10,high,1,6,15,1.00,true,0.07025,0.00286,0.21658,2.14719,0.00396,1.0256,0.0187,1.0964
10,high,1,6,15,1.10,true,0.06663,0.00279,0.24946,2.18395,0.00400,1.1157,0.0111,1.1887
10,high,1,6,15,1.20,true,0.06112,0.00268,0.28399,2.22428,0.00399,1.2111,0.0077,1.2832
10,high,1,6,20,0.00,true,0.04175,0.00224,0.08381,2.04219,0.00273,0.4131,0.5232,0.6251
10,high,1,6,20,0.10,true,0.04550,0.00233,0.08652,2.04117,0.00284,0.4596,0.4504,0.6422
10,high,1,6,20,0.20,true,0.04775,0.00238,0.09340,2.04584,0.00294,0.5065,0.3745,0.6715
10,high,1,6,20,0.30,true,0.05038,0.00245,0.10423,2.05410,0.00306,0.5613,0.3089,0.7122
10,high,1,6,20,0.40,true,0.05125,0.00247,0.11880,2.06786,0.00317,0.6188,0.2489,0.7621
10,high,1,6,20,0.50,true,0.05100,0.00246,0.13660,2.08602,0.00326,0.6803,0.1977,0.8193
10,high,1,6,20,0.60,true,0.05000,0.00244,0.15780,2.10834,0.00335,0.7528,0.1592,0.8856
10,high,1,6,20,0.70,true,0.04950,0.00243,0.18141,2.13260,0.00345,0.8241,0.1230,0.9581
10,high,1,6,20,0.80,true,0.04788,0.00239,0.20737,2.16038,0.00352,0.9011,0.0952,1.0353
10,high,1,6,20,0.90,true,0.04612,0.00235,0.23572,2.19072,0.00359,0.9815,0.0706,1.1187
10,high,1,6,20,1.00,true,0.04462,0.00231,0.26417,2.22094,0.00365,1.0619,0.0522,1.2021
10,high,1,6,20,1.10,true,0.04050,0.00220,0.29445,2.25566,0.00363,1.1495,0.0408,1.2885
10,high,1,6,20,1.20,true,0.03737,0.00212,0.32539,2.29009,0.00362,1.2385,0.0308,1.3781
10,tour,2,12,10,0.00,true,0.35625,0.00535,0.00005,1.64380,0.00535,0.1683,0.7050,0.1911
10,tour,2,12,10,0.10,true,0.45725,0.00557,0.00019,1.54294,0.00557,0.2153,0.5021,0.2032
10,tour,2,12,10,0.20,true,0.50962,0.00559,0.00066,1.49104,0.00560,0.2740,0.2937,0.2517
10,tour,2,12,10,0.30,true,0.53363,0.00558,0.00195,1.46833,0.00560,0.3542,0.1410,0.3365
10,tour,2,12,10,0.40,true,0.52987,0.00558,0.00445,1.47458,0.00564,0.4355,0.0612,0.4277
10,tour,2,12,10,0.50,true,0.52012,0.00559,0.00856,1.48844,0.00569,0.5189,0.0245,0.5186
10,tour,2,12,10,0.60,true,0.50775,0.00559,0.01552,1.50777,0.00578,0.6130,0.0071,0.6176
10,tour,2,12,10,0.70,true,0.49112,0.00559,0.02547,1.53435,0.00589,0.7110,0.0025,0.7164
10,tour,2,12,10,0.80,true,0.47675,0.00558,0.03871,1.56196,0.00602,0.8107,0.0010,0.8161
10,tour,2,12,10,0.90,true,0.46300,0.00557,0.05449,1.59149,0.00617,0.9082,0.0002,0.9135
10,tour,2,12,10,1.00,true,0.44712,0.00556,0.07326,1.62614,0.00634,1.0075,0.0002,1.0124
10,tour,2,12,10,1.10,true,0.43412,0.00554,0.09401,1.65988,0.00651,1.1085,0.0000,1.1132
10,tour,2,12,10,1.20,true,0.41963,0.00552,0.11623,1.69660,0.00667,1.2083,0.0000,1.2128
10,tour,2,12,15,0.00,true,0.22762,0.00469,0.00079,1.77316,0.00469,0.2433,0.6151,0.2735
10,tour,2,12,15,0.10,true,0.27163,0.00497,0.00162,1.72999,0.00499,0.2887,0.4785,0.2860
10,tour,2,12,15,0.20,true,0.30262,0.00514,0.00338,1.70076,0.00516,0.3428,0.3433,0.3224
10,tour,2,12,15,0.30,true,0.32887,0.00525,0.00666,1.67778,0.00531,0.4111,0.2298,0.3850
10,tour,2,12,15,0.40,true,0.33850,0.00529,0.01157,1.67307,0.00539,0.4797,0.1466,0.4579
10,tour,2,12,15,0.50,true,0.34175,0.00530,0.01896,1.67721,0.00547,0.5592,0.0883,0.5441
10,tour,2,12,15,0.60,true,0.33825,0.00529,0.02925,1.69100,0.00555,0.6444,0.0525,0.6355
10,tour,2,12,15,0.70,true,0.33163,0.00526,0.04253,1.71090,0.00564,0.7317,0.0275,0.7305
10,tour,2,12,15,0.80,true,0.32362,0.00523,0.05875,1.73513,0.00574,0.8238,0.0133,0.8279
10,tour,2,12,15,0.90,true,0.31225,0.00518,0.07779,1.76554,0.00584,0.9191,0.0073,0.9249
10,tour,2,12,15,1.00,true,0.30175,0.00513,0.09905,1.79730,0.00595,1.0157,0.0045,1.0221
10,tour,2,12,15,1.10,true,0.29225,0.00508,0.12201,1.82976,0.00606,1.1122,0.0021,1.1196
10,tour,2,12,15,1.20,true,0.28087,0.00502,0.14694,1.86606,0.00616,1.2111,0.0016,1.2181
10,tour,2,12,20,0.00,true,0.15438,0.00404,0.00414,1.84977,0.00406,0.3337,0.5697,0.3656
10,tour,2,12,20,0.10,true,0.17725,0.00427,0.00644,1.82919,0.00431,0.3813,0.4787,0.3771
10,tour,2,12,20,0.20,true,0.19387,0.00442,0.01025,1.81638,0.00449,0.4309,0.3821,0.4056
10,tour,2,12,20,0.30,true,0.20788,0.00454,0.01600,1.80812,0.00465,0.4848,0.2858,0.4534
10,tour,2,12,20,0.40,true,0.21987,0.00463,0.02431,1.80443,0.00481,0.5506,0.2022,0.5203
10,tour,2,12,20,0.50,true,0.22150,0.00464,0.03471,1.81321,0.00490,0.6194,0.1416,0.5935
10,tour,2,12,20,0.60,true,0.22425,0.00466,0.04662,1.82237,0.00502,0.6906,0.0994,0.6706
10,tour,2,12,20,0.70,true,0.22200,0.00465,0.06186,1.83986,0.00511,0.7719,0.0670,0.7582
10,tour,2,12,20,0.80,true,0.21838,0.00462,0.07974,1.86137,0.00521,0.8582,0.0448,0.8501
10,tour,2,12,20,0.90,true,0.21363,0.00458,0.09991,1.88629,0.00531,0.9460,0.0275,0.9448
10,tour,2,12,20,1.00,true,0.20725,0.00453,0.12210,1.91485,0.00539,1.0374,0.0162,1.0413
10,tour,2,12,20,1.10,true,0.20237,0.00449,0.14579,1.94341,0.00550,1.1329,0.0108,1.1386
10,tour,2,12,20,1.20,true,0.19300,0.00441,0.17184,1.97885,0.00555,1.2299,0.0073,1.2367
10,tour,2,3,10,0.00,true,0.18175,0.00431,0.00011,1.81836,0.00431,0.0871,0.5846,0.2063
10,tour,2,3,10,0.10,true,0.26850,0.00495,0.00022,1.73172,0.00496,0.1896,0.3703,0.2291
10,tour,2,3,10,0.20,true,0.30438,0.00514,0.00063,1.69626,0.00515,0.2554,0.2259,0.2790
10,tour,2,3,10,0.30,true,0.31762,0.00521,0.00169,1.68407,0.00522,0.3179,0.1255,0.3430
10,tour,2,3,10,0.40,true,0.32388,0.00523,0.00418,1.68030,0.00527,0.3931,0.0649,0.4219
10,tour,2,3,10,0.50,true,0.32812,0.00525,0.00884,1.68072,0.00532,0.4755,0.0298,0.5096
10,tour,2,3,10,0.60,true,0.32475,0.00524,0.01663,1.69188,0.00537,0.5631,0.0130,0.6009
10,tour,2,3,10,0.70,true,0.32312,0.00523,0.02751,1.70438,0.00546,0.6534,0.0050,0.6938
10,tour,2,3,10,0.80,true,0.31875,0.00521,0.04306,1.72431,0.00557,0.7502,0.0018,0.7935
10,tour,2,3,10,0.90,true,0.31075,0.00517,0.06127,1.75052,0.00568,0.8412,0.0005,0.8858
10,tour,2,3,10,1.00,true,0.30238,0.00513,0.08303,1.78066,0.00580,0.9342,0.0002,0.9803
10,tour,2,3,10,1.10,true,0.29400,0.00509,0.10817,1.81418,0.00594,1.0299,0.0002,1.0781
10,tour,2,3,10,1.20,true,0.28563,0.00505,0.13517,1.84955,0.00608,1.1248,0.0000,1.1755
10,tour,2,3,15,0.00,true,0.11300,0.00354,0.00183,1.88883,0.00355,0.1320,0.5488,0.3003
10,tour,2,3,15,0.10,true,0.15288,0.00402,0.00234,1.84947,0.00404,0.2477,0.4087,0.3173
10,tour,2,3,15,0.20,true,0.17938,0.00429,0.00379,1.82442,0.00431,0.3164,0.2966,0.3566
10,tour,2,3,15,0.30,true,0.19100,0.00439,0.00689,1.81589,0.00444,0.3820,0.2072,0.4127
10,tour,2,3,15,0.40,true,0.19550,0.00443,0.01213,1.81663,0.00451,0.4466,0.1332,0.4798
10,tour,2,3,15,0.50,true,0.19725,0.00445,0.01986,1.82261,0.00458,0.5195,0.0881,0.5548
10,tour,2,3,15,0.60,true,0.19962,0.00447,0.03071,1.83109,0.00468,0.5975,0.0543,0.6384
10,tour,2,3,15,0.70,true,0.20187,0.00449,0.04462,1.84275,0.00479,0.6792,0.0335,0.7249
10,tour,2,3,15,0.80,true,0.20037,0.00448,0.06218,1.86181,0.00490,0.7651,0.0195,0.8151
10,tour,2,3,15,0.90,true,0.19525,0.00443,0.08405,1.88880,0.00499,0.8564,0.0109,0.9104
10,tour,2,3,15,1.00,true,0.19162,0.00440,0.10724,1.91562,0.00510,0.9447,0.0062,1.0011
10,tour,2,3,15,1.10,true,0.18738,0.00436,0.13323,1.94586,0.00521,1.0376,0.0040,1.0960
10,tour,2,3,15,1.20,true,0.18125,0.00431,0.16156,1.98032,0.00531,1.1315,0.0020,1.1924
10,tour,2,3,20,0.00,true,0.07913,0.00302,0.00770,1.92857,0.00306,0.1811,0.5388,0.4016
10,tour,2,3,20,0.10,true,0.09888,0.00334,0.00899,1.91011,0.00338,0.3118,0.4227,0.4154
10,tour,2,3,20,0.20,true,0.11050,0.00351,0.01185,1.90135,0.00357,0.3824,0.3370,0.4461
10,tour,2,3,20,0.30,true,0.12462,0.00369,0.01672,1.89210,0.00379,0.4466,0.2619,0.4924
10,tour,2,3,20,0.40,true,0.13337,0.00380,0.02430,1.89092,0.00395,0.5133,0.2022,0.5501
10,tour,2,3,20,0.50,true,0.13762,0.00385,0.03471,1.89709,0.00407,0.5801,0.1481,0.6181
10,tour,2,3,20,0.60,true,0.14263,0.00391,0.04752,1.90490,0.00421,0.6490,0.1061,0.6919
10,tour,2,3,20,0.70,true,0.14325,0.00392,0.06351,1.92026,0.00432,0.7239,0.0754,0.7717
10,tour,2,3,20,0.80,true,0.14150,0.00390,0.08199,1.94049,0.00441,0.7995,0.0513,0.8536
10,tour,2,3,20,0.90,true,0.14037,0.00388,0.10351,1.96314,0.00453,0.8816,0.0345,0.9412
10,tour,2,3,20,1.00,true,0.13600,0.00383,0.12799,1.99200,0.00461,0.9685,0.0230,1.0330
10,tour,2,3,20,1.10,true,0.13100,0.00377,0.15364,2.02265,0.00467,1.0547,0.0147,1.1228
10,tour,2,3,20,1.20,true,0.12475,0.00369,0.18139,2.05666,0.00472,1.1432,0.0080,1.2160
10,tour,2,6,10,0.00,true,0.24538,0.00481,0.00009,1.75472,0.00481,0.1676,0.6008,0.2027
10,tour,2,6,10,0.10,true,0.30262,0.00514,0.00005,1.69742,0.00514,0.2136,0.3924,0.2232
10,tour,2,6,10,0.20,true,0.32863,0.00525,0.00010,1.67147,0.00525,0.2732,0.2158,0.2754
10,tour,2,6,10,0.30,true,0.33950,0.00529,0.00028,1.66078,0.00530,0.3462,0.1031,0.3509
10,tour,2,6,10,0.40,true,0.33625,0.00528,0.00075,1.66450,0.00529,0.4337,0.0460,0.4415
10,tour,2,6,10,0.50,true,0.32125,0.00522,0.00175,1.68050,0.00523,0.5257,0.0173,0.5371
10,tour,2,6,10,0.60,true,0.30750,0.00516,0.00367,1.69617,0.00519,0.6227,0.0058,0.6354
10,tour,2,6,10,0.70,true,0.28987,0.00507,0.00710,1.71722,0.00513,0.7262,0.0018,0.7386
10,tour,2,6,10,0.80,true,0.27200,0.00498,0.01193,1.73993,0.00506,0.8208,0.0003,0.8326
10,tour,2,6,10,0.90,true,0.24950,0.00484,0.01921,1.76971,0.00497,0.9212,0.0003,0.9319
10,tour,2,6,10,1.00,true,0.22887,0.00470,0.02929,1.80042,0.00489,1.0241,0.0002,1.0340
10,tour,2,6,10,1.10,true,0.20963,0.00455,0.04188,1.83226,0.00481,1.1261,0.0000,1.1354
10,tour,2,6,10,1.20,true,0.18425,0.00433,0.05839,1.87415,0.00467,1.2341,0.0000,1.2429
10,tour,2,6,15,0.00,true,0.13775,0.00385,0.00133,1.86358,0.00386,0.2467,0.5652,0.3016
10,tour,2,6,15,0.10,true,0.15900,0.00409,0.00093,1.84193,0.00409,0.2904,0.4346,0.3150
10,tour,2,6,15,0.20,true,0.17650,0.00426,0.00102,1.82452,0.00427,0.3455,0.3121,0.3522
10,tour,2,6,15,0.30,true,0.19037,0.00439,0.00164,1.81126,0.00440,0.4073,0.2100,0.4088
10,tour,2,6,15,0.40,true,0.19487,0.00443,0.00297,1.80809,0.00445,0.4802,0.1346,0.4813
10,tour,2,6,15,0.50,true,0.19362,0.00442,0.00526,1.81163,0.00445,0.5594,0.0829,0.5637
10,tour,2,6,15,0.60,true,0.18825,0.00437,0.00880,1.82055,0.00442,0.6415,0.0464,0.6521
10,tour,2,6,15,0.70,true,0.17788,0.00428,0.01385,1.83598,0.00436,0.7287,0.0246,0.7438
10,tour,2,6,15,0.80,true,0.16700,0.00417,0.02088,1.85388,0.00429,0.8237,0.0135,0.8404
10,tour,2,6,15,0.90,true,0.15675,0.00406,0.02985,1.87311,0.00423,0.9207,0.0087,0.9370
10,tour,2,6,15,1.00,true,0.14388,0.00392,0.04191,1.89804,0.00415,1.0237,0.0029,1.0422
10,tour,2,6,15,1.10,true,0.13050,0.00377,0.05598,1.92549,0.00406,1.1255,0.0010,1.1439
10,tour,2,6,15,1.20,true,0.11550,0.00357,0.07180,1.95632,0.00393,1.2243,0.0003,1.2420
10,tour,2,6,20,0.00,true,0.08987,0.00320,0.00502,1.91514,0.00322,0.3250,0.5358,0.3964
10,tour,2,6,20,0.10,true,0.10262,0.00339,0.00424,1.90161,0.00341,0.3691,0.4393,0.4102
10,tour,2,6,20,0.20,true,0.11463,0.00356,0.00444,1.88982,0.00358,0.4199,0.3422,0.4426
10,tour,2,6,20,0.30,true,0.12212,0.00366,0.00566,1.88354,0.00369,0.4783,0.2573,0.4909
10,tour,2,6,20,0.40,true,0.12612,0.00371,0.00801,1.88189,0.00375,0.5410,0.1847,0.5523
10,tour,2,6,20,0.50,true,0.12662,0.00372,0.01172,1.88509,0.00378,0.6109,0.1270,0.6248
10,tour,2,6,20,0.60,true,0.12250,0.00367,0.01696,1.89447,0.00376,0.6875,0.0850,0.7049
10,tour,2,6,20,0.70,true,0.11688,0.00359,0.02384,1.90696,0.00372,0.7710,0.0587,0.7896
10,tour,2,6,20,0.80,true,0.11100,0.00351,0.03239,1.92140,0.00368,0.8566,0.0398,0.8775
10,tour,2,6,20,0.90,true,0.10287,0.00340,0.04325,1.94039,0.00362,0.9472,0.0242,0.9719
10,tour,2,6,20,1.00,true,0.09300,0.00325,0.05562,1.96263,0.00353,1.0384,0.0154,1.0646
10,tour,2,6,20,1.10,true,0.08375,0.00310,0.07013,1.98640,0.00344,1.1342,0.0098,1.1610
10,tour,2,6,20,1.20,true,0.07387,0.00292,0.08759,2.01375,0.00334,1.2376,0.0059,1.2648
10,scratch,2,12,10,0.00,true,0.31800,0.00521,0.00015,1.68215,0.00521,0.1816,0.6802,0.2052
10,scratch,2,12,10,0.10,true,0.39463,0.00546,0.00047,1.60585,0.00547,0.2259,0.4842,0.2173
10,scratch,2,12,10,0.20,true,0.44338,0.00555,0.00140,1.55803,0.00557,0.2846,0.2993,0.2637
10,scratch,2,12,10,0.30,true,0.46550,0.00558,0.00368,1.53818,0.00562,0.3600,0.1543,0.3424
10,scratch,2,12,10,0.40,true,0.46575,0.00558,0.00777,1.54202,0.00566,0.4392,0.0772,0.4292
10,scratch,2,12,10,0.50,true,0.45913,0.00557,0.01414,1.55502,0.00573,0.5213,0.0337,0.5198
10,scratch,2,12,10,0.60,true,0.44575,0.00556,0.02444,1.57869,0.00582,0.6155,0.0140,0.6185
10,scratch,2,12,10,0.70,true,0.43300,0.00554,0.03815,1.60515,0.00594,0.7110,0.0042,0.7172
10,scratch,2,12,10,0.80,true,0.41525,0.00551,0.05574,1.64049,0.00608,0.8088,0.0017,0.8153
10,scratch,2,12,10,0.90,true,0.40075,0.00548,0.07609,1.67534,0.00623,0.9070,0.0004,0.9137
10,scratch,2,12,10,1.00,true,0.38788,0.00545,0.09902,1.71115,0.00639,1.0060,0.0002,1.0123
10,scratch,2,12,10,1.10,true,0.37400,0.00541,0.12419,1.75019,0.00655,1.1054,0.0002,1.1113
10,scratch,2,12,10,1.20,true,0.36225,0.00537,0.15048,1.78823,0.00672,1.2051,0.0000,1.2109
10,scratch,2,12,15,0.00,true,0.19012,0.00439,0.00177,1.81165,0.00440,0.2596,0.5948,0.2961
10,scratch,2,12,15,0.10,true,0.22450,0.00467,0.00327,1.77877,0.00469,0.3042,0.4678,0.3092
10,scratch,2,12,15,0.20,true,0.25012,0.00484,0.00623,1.75611,0.00489,0.3579,0.3442,0.3445
10,scratch,2,12,15,0.30,true,0.27063,0.00497,0.01130,1.74067,0.00506,0.4256,0.2444,0.4021
10,scratch,2,12,15,0.40,true,0.27875,0.00501,0.01862,1.73987,0.00517,0.4905,0.1610,0.4714
10,scratch,2,12,15,0.50,true,0.28125,0.00503,0.02909,1.74784,0.00527,0.5652,0.1017,0.5521
10,scratch,2,12,15,0.60,true,0.27787,0.00501,0.04302,1.76514,0.00536,0.6481,0.0632,0.6407
10,scratch,2,12,15,0.70,true,0.27113,0.00497,0.06013,1.78901,0.00546,0.7341,0.0391,0.7317
10,scratch,2,12,15,0.80,true,0.26512,0.00493,0.08042,1.81530,0.00557,0.8233,0.0201,0.8281
10,scratch,2,12,15,0.90,true,0.25738,0.00489,0.10353,1.84616,0.00569,0.9177,0.0114,0.9252
10,scratch,2,12,15,1.00,true,0.24813,0.00483,0.12926,1.88114,0.00580,1.0139,0.0065,1.0231
10,scratch,2,12,15,1.10,true,0.23850,0.00476,0.15683,1.91834,0.00590,1.1117,0.0043,1.1211
10,scratch,2,12,15,1.20,true,0.22900,0.00470,0.18609,1.95710,0.00599,1.2107,0.0023,1.2209
10,scratch,2,12,20,0.00,true,0.11962,0.00363,0.00803,1.88840,0.00368,0.3550,0.5535,0.3992
10,scratch,2,12,20,0.10,true,0.13475,0.00382,0.01162,1.87687,0.00389,0.4035,0.4691,0.4118
10,scratch,2,12,20,0.20,true,0.14813,0.00397,0.01735,1.86923,0.00409,0.4555,0.3831,0.4405
10,scratch,2,12,20,0.30,true,0.16050,0.00410,0.02552,1.86502,0.00428,0.5058,0.2929,0.4854
10,scratch,2,12,20,0.40,true,0.16750,0.00417,0.03688,1.86938,0.00444,0.5664,0.2114,0.5472
10,scratch,2,12,20,0.50,true,0.16937,0.00419,0.05090,1.88152,0.00456,0.6366,0.1565,0.6172
10,scratch,2,12,20,0.60,true,0.17137,0.00421,0.06614,1.89477,0.00468,0.7064,0.1153,0.6906
10,scratch,2,12,20,0.70,true,0.17037,0.00420,0.08482,1.91445,0.00480,0.7825,0.0800,0.7733
10,scratch,2,12,20,0.80,true,0.16862,0.00419,0.10640,1.93778,0.00492,0.8662,0.0553,0.8626
10,scratch,2,12,20,0.90,true,0.16500,0.00415,0.13054,1.96555,0.00503,0.9556,0.0391,0.9556
10,scratch,2,12,20,1.00,true,0.16050,0.00410,0.15621,1.99572,0.00513,1.0415,0.0241,1.0486
10,scratch,2,12,20,1.10,true,0.15762,0.00407,0.18306,2.02544,0.00524,1.1328,0.0151,1.1439
10,scratch,2,12,20,1.20,true,0.15288,0.00402,0.21167,2.05881,0.00532,1.2287,0.0105,1.2411
10,scratch,2,3,10,0.00,true,0.16662,0.00417,0.00034,1.83371,0.00417,0.0981,0.5826,0.2223
10,scratch,2,3,10,0.10,true,0.23900,0.00477,0.00056,1.76156,0.00477,0.1993,0.3824,0.2424
10,scratch,2,3,10,0.20,true,0.27313,0.00498,0.00144,1.72831,0.00499,0.2665,0.2456,0.2905
10,scratch,2,3,10,0.30,true,0.28525,0.00505,0.00351,1.71826,0.00508,0.3297,0.1464,0.3532
10,scratch,2,3,10,0.40,true,0.29287,0.00509,0.00788,1.71500,0.00515,0.4031,0.0827,0.4300
10,scratch,2,3,10,0.50,true,0.29450,0.00510,0.01558,1.72108,0.00522,0.4822,0.0397,0.5163
10,scratch,2,3,10,0.60,true,0.29225,0.00508,0.02708,1.73483,0.00530,0.5680,0.0191,0.6067
10,scratch,2,3,10,0.70,true,0.28813,0.00506,0.04226,1.75414,0.00540,0.6560,0.0088,0.6978
10,scratch,2,3,10,0.80,true,0.27900,0.00501,0.06342,1.78443,0.00551,0.7527,0.0040,0.7977
10,scratch,2,3,10,0.90,true,0.27263,0.00498,0.08587,1.81325,0.00564,0.8414,0.0017,0.8881
10,scratch,2,3,10,1.00,true,0.26575,0.00494,0.11202,1.84628,0.00578,0.9345,0.0005,0.9832
10,scratch,2,3,10,1.10,true,0.25762,0.00489,0.14094,1.88333,0.00591,1.0297,0.0002,1.0805
10,scratch,2,3,10,1.20,true,0.24663,0.00482,0.17162,1.92501,0.00602,1.1247,0.0002,1.1777
10,scratch,2,3,15,0.00,true,0.10250,0.00339,0.00417,1.90167,0.00341,0.1543,0.5475,0.3287
10,scratch,2,3,15,0.10,true,0.13525,0.00382,0.00514,1.86989,0.00385,0.2659,0.4192,0.3436
10,scratch,2,3,15,0.20,true,0.15650,0.00406,0.00799,1.85149,0.00411,0.3351,0.3105,0.3817
10,scratch,2,3,15,0.30,true,0.16500,0.00415,0.01318,1.84818,0.00423,0.4017,0.2287,0.4343
10,scratch,2,3,15,0.40,true,0.16937,0.00419,0.02115,1.85177,0.00433,0.4652,0.1573,0.4978
10,scratch,2,3,15,0.50,true,0.17638,0.00426,0.03214,1.85577,0.00448,0.5341,0.1064,0.5705
10,scratch,2,3,15,0.60,true,0.17713,0.00427,0.04684,1.86972,0.00458,0.6096,0.0700,0.6510
10,scratch,2,3,15,0.70,true,0.17425,0.00424,0.06567,1.89142,0.00468,0.6907,0.0451,0.7373
10,scratch,2,3,15,0.80,true,0.17188,0.00422,0.08779,1.91592,0.00479,0.7751,0.0288,0.8262
10,scratch,2,3,15,0.90,true,0.16887,0.00419,0.11329,1.94443,0.00491,0.8628,0.0168,0.9196
10,scratch,2,3,15,1.00,true,0.16325,0.00413,0.14015,1.97692,0.00500,0.9499,0.0105,1.0096
10,scratch,2,3,15,1.10,true,0.15400,0.00404,0.17058,2.01660,0.00505,1.0421,0.0062,1.1048
10,scratch,2,3,15,1.20,true,0.14663,0.00395,0.20200,2.05541,0.00511,1.1362,0.0040,1.2013
10,scratch,2,3,20,0.00,true,0.07112,0.00287,0.01566,1.94453,0.00296,0.2220,0.5360,0.4475
10,scratch,2,3,20,0.10,true,0.08200,0.00307,0.01809,1.93610,0.00317,0.3481,0.4338,0.4598
10,scratch,2,3,20,0.20,true,0.09450,0.00327,0.02267,1.92817,0.00340,0.4151,0.3578,0.4871
10,scratch,2,3,20,0.30,true,0.10537,0.00343,0.03041,1.92504,0.00362,0.4794,0.2848,0.5319
10,scratch,2,3,20,0.40,true,0.11425,0.00356,0.04069,1.92644,0.00381,0.5420,0.2259,0.5848
10,scratch,2,3,20,0.50,true,0.12112,0.00365,0.05400,1.93288,0.00399,0.6066,0.1747,0.6478
10,scratch,2,3,20,0.60,true,0.12050,0.00364,0.07107,1.95058,0.00409,0.6750,0.1313,0.7187
10,scratch,2,3,20,0.70,true,0.11875,0.00362,0.09150,1.97276,0.00419,0.7486,0.0957,0.7980
10,scratch,2,3,20,0.80,true,0.11638,0.00359,0.11397,1.99761,0.00429,0.8241,0.0702,0.8786
10,scratch,2,3,20,0.90,true,0.11475,0.00356,0.13873,2.02400,0.00440,0.9024,0.0484,0.9647
10,scratch,2,3,20,1.00,true,0.10887,0.00348,0.16595,2.05711,0.00444,0.9845,0.0341,1.0526
10,scratch,2,3,20,1.10,true,0.10525,0.00343,0.19366,2.08845,0.00451,1.0681,0.0233,1.1410
10,scratch,2,3,20,1.20,true,0.10175,0.00338,0.22283,2.12114,0.00457,1.1556,0.0152,1.2337
10,scratch,2,6,10,0.00,true,0.21363,0.00458,0.00024,1.78661,0.00458,0.1795,0.5856,0.2192
10,scratch,2,6,10,0.10,true,0.26200,0.00492,0.00014,1.73814,0.00492,0.2250,0.3946,0.2395
10,scratch,2,6,10,0.20,true,0.28425,0.00504,0.00025,1.71600,0.00504,0.2843,0.2300,0.2900
10,scratch,2,6,10,0.30,true,0.29300,0.00509,0.00068,1.70768,0.00509,0.3548,0.1185,0.3619
10,scratch,2,6,10,0.40,true,0.28950,0.00507,0.00173,1.71223,0.00508,0.4398,0.0598,0.4485
10,scratch,2,6,10,0.50,true,0.28100,0.00503,0.00381,1.72281,0.00505,0.5305,0.0263,0.5431
10,scratch,2,6,10,0.60,true,0.26488,0.00493,0.00749,1.74262,0.00499,0.6248,0.0095,0.6401
10,scratch,2,6,10,0.70,true,0.24538,0.00481,0.01354,1.76817,0.00490,0.7278,0.0036,0.7430
10,scratch,2,6,10,0.80,true,0.23087,0.00471,0.02130,1.79043,0.00485,0.8214,0.0013,0.8362
10,scratch,2,6,10,0.90,true,0.21413,0.00459,0.03227,1.81815,0.00479,0.9211,0.0003,0.9352
10,scratch,2,6,10,1.00,true,0.19662,0.00444,0.04649,1.84987,0.00473,1.0240,0.0003,1.0371
10,scratch,2,6,10,1.10,true,0.17700,0.00427,0.06343,1.88645,0.00464,1.1251,0.0002,1.1375
10,scratch,2,6,10,1.20,true,0.15575,0.00405,0.08447,1.92875,0.00451,1.2327,0.0000,1.2446
10,scratch,2,6,15,0.00,true,0.11200,0.00353,0.00297,1.89097,0.00354,0.2637,0.5541,0.3310
10,scratch,2,6,15,0.10,true,0.13000,0.00376,0.00233,1.87233,0.00377,0.3085,0.4339,0.3456
10,scratch,2,6,15,0.20,true,0.14463,0.00393,0.00267,1.85805,0.00395,0.3630,0.3221,0.3811
10,scratch,2,6,15,0.30,true,0.15588,0.00406,0.00401,1.84814,0.00408,0.4225,0.2236,0.4348
10,scratch,2,6,15,0.40,true,0.15700,0.00407,0.00667,1.84967,0.00410,0.4935,0.1509,0.5031
10,scratch,2,6,15,0.50,true,0.15662,0.00406,0.01087,1.85425,0.00413,0.5702,0.0977,0.5820
10,scratch,2,6,15,0.60,true,0.15388,0.00403,0.01683,1.86296,0.00413,0.6520,0.0612,0.6676
10,scratch,2,6,15,0.70,true,0.14613,0.00395,0.02484,1.87872,0.00409,0.7367,0.0359,0.7570
10,scratch,2,6,15,0.80,true,0.13950,0.00387,0.03520,1.89571,0.00407,0.8272,0.0193,0.8515
10,scratch,2,6,15,0.90,true,0.12837,0.00374,0.04790,1.91954,0.00400,0.9217,0.0123,0.9459
10,scratch,2,6,15,1.00,true,0.11762,0.00360,0.06408,1.94648,0.00394,1.0250,0.0072,1.0494
10,scratch,2,6,15,1.10,true,0.10575,0.00344,0.08223,1.97653,0.00385,1.1239,0.0029,1.1497
10,scratch,2,6,15,1.20,true,0.09312,0.00325,0.10202,2.00896,0.00374,1.2213,0.0011,1.2472
10,scratch,2,6,20,0.00,true,0.07187,0.00289,0.01087,1.93899,0.00294,0.3484,0.5293,0.4439
10,scratch,2,6,20,0.10,true,0.07938,0.00302,0.01004,1.93067,0.00307,0.3914,0.4383,0.4581
10,scratch,2,6,20,0.20,true,0.08787,0.00317,0.01081,1.92294,0.00322,0.4442,0.3514,0.4896
10,scratch,2,6,20,0.30,true,0.09588,0.00329,0.01327,1.91740,0.00336,0.4971,0.2655,0.5360
10,scratch,2,6,20,0.40,true,0.09725,0.00331,0.01744,1.92019,0.00340,0.5627,0.2035,0.5932
10,scratch,2,6,20,0.50,true,0.09813,0.00333,0.02359,1.92547,0.00345,0.6277,0.1429,0.6621
10,scratch,2,6,20,0.60,true,0.09488,0.00328,0.03168,1.93681,0.00344,0.7015,0.1011,0.7374
10,scratch,2,6,20,0.70,true,0.08887,0.00318,0.04185,1.95299,0.00340,0.7802,0.0705,0.8179
10,scratch,2,6,20,0.80,true,0.08375,0.00310,0.05386,1.97014,0.00338,0.8644,0.0502,0.9028
10,scratch,2,6,20,0.90,true,0.07775,0.00299,0.06855,1.99084,0.00335,0.9535,0.0333,0.9946
10,scratch,2,6,20,1.00,true,0.07050,0.00286,0.08479,2.01435,0.00329,1.0436,0.0223,1.0862
10,scratch,2,6,20,1.10,true,0.06325,0.00272,0.10301,2.03984,0.00322,1.1360,0.0145,1.1799
10,scratch,2,6,20,1.20,true,0.05575,0.00257,0.12424,2.06860,0.00315,1.2373,0.0097,1.2810
10,mid,2,12,10,0.00,true,0.25050,0.00484,0.00068,1.75019,0.00485,0.1960,0.6373,0.2264
10,mid,2,12,10,0.10,true,0.30762,0.00516,0.00189,1.69427,0.00518,0.2418,0.4643,0.2403
10,mid,2,12,10,0.20,true,0.34463,0.00531,0.00478,1.66015,0.00536,0.2999,0.3017,0.2848
10,mid,2,12,10,0.30,true,0.36125,0.00537,0.01072,1.64947,0.00547,0.3693,0.1689,0.3561
10,mid,2,12,10,0.40,true,0.36250,0.00537,0.02001,1.65751,0.00556,0.4442,0.0898,0.4379
10,mid,2,12,10,0.50,true,0.35550,0.00535,0.03277,1.67727,0.00566,0.5241,0.0495,0.5225
10,mid,2,12,10,0.60,true,0.34513,0.00532,0.05134,1.70622,0.00579,0.6140,0.0216,0.6191
10,mid,2,12,10,0.70,true,0.33075,0.00526,0.07455,1.74381,0.00593,0.7079,0.0095,0.7160
10,mid,2,12,10,0.80,true,0.31862,0.00521,0.10183,1.78321,0.00609,0.8046,0.0031,0.8148
10,mid,2,12,10,0.90,true,0.30800,0.00516,0.13173,1.82375,0.00626,0.9034,0.0016,0.9133
10,mid,2,12,10,1.00,true,0.29500,0.00510,0.16398,1.86900,0.00641,1.0015,0.0007,1.0114
10,mid,2,12,10,1.10,true,0.28213,0.00503,0.19761,1.91552,0.00655,1.1005,0.0002,1.1103
10,mid,2,12,10,1.20,true,0.27087,0.00497,0.23126,1.96043,0.00667,1.1999,0.0002,1.2093
10,mid,2,12,15,0.00,true,0.13912,0.00387,0.00617,1.86705,0.00391,0.2808,0.5706,0.3346
10,mid,2,12,15,0.10,true,0.16175,0.00412,0.00998,1.84823,0.00418,0.3255,0.4571,0.3485
10,mid,2,12,15,0.20,true,0.18013,0.00430,0.01676,1.83663,0.00441,0.3784,0.3458,0.3828
10,mid,2,12,15,0.30,true,0.18837,0.00437,0.02720,1.83883,0.00457,0.4423,0.2550,0.4344
10,mid,2,12,15,0.40,true,0.19650,0.00444,0.04074,1.84424,0.00474,0.5052,0.1780,0.4987
10,mid,2,12,15,0.50,true,0.19712,0.00445,0.05880,1.86168,0.00488,0.5764,0.1189,0.5743
10,mid,2,12,15,0.60,true,0.19625,0.00444,0.08104,1.88480,0.00503,0.6567,0.0788,0.6586
10,mid,2,12,15,0.70,true,0.19375,0.00442,0.10642,1.91269,0.00518,0.7409,0.0516,0.7472
10,mid,2,12,15,0.80,true,0.18912,0.00438,0.13503,1.94593,0.00532,0.8286,0.0330,0.8391
10,mid,2,12,15,0.90,true,0.18563,0.00435,0.16560,1.98001,0.00547,0.9187,0.0187,0.9345
10,mid,2,12,15,1.00,true,0.18063,0.00430,0.19830,2.01772,0.00560,1.0138,0.0108,1.0323
10,mid,2,12,15,1.10,true,0.17263,0.00423,0.23180,2.05924,0.00567,1.1084,0.0071,1.1275
10,mid,2,12,15,1.20,true,0.16562,0.00416,0.26626,2.10073,0.00575,1.2067,0.0049,1.2258
10,mid,2,12,20,0.00,true,0.07975,0.00303,0.02286,1.94312,0.00317,0.3851,0.5364,0.4608
10,mid,2,12,20,0.10,true,0.09050,0.00321,0.02961,1.93911,0.00340,0.4329,0.4618,0.4742
10,mid,2,12,20,0.20,true,0.09875,0.00334,0.03981,1.94107,0.00360,0.4830,0.3835,0.5017
10,mid,2,12,20,0.30,true,0.10475,0.00342,0.05335,1.94861,0.00379,0.5335,0.3059,0.5424
10,mid,2,12,20,0.40,true,0.11050,0.00351,0.07116,1.96068,0.00399,0.5953,0.2350,0.5996
10,mid,2,12,20,0.50,true,0.11400,0.00355,0.09159,1.97761,0.00418,0.6594,0.1769,0.6651
10,mid,2,12,20,0.60,true,0.11488,0.00357,0.11315,1.99830,0.00433,0.7250,0.1359,0.7322
10,mid,2,12,20,0.70,true,0.11563,0.00358,0.13870,2.02311,0.00449,0.7988,0.0991,0.8110
10,mid,2,12,20,0.80,true,0.11550,0.00357,0.16650,2.05105,0.00464,0.8784,0.0719,0.8949
10,mid,2,12,20,0.90,true,0.11213,0.00353,0.19668,2.08462,0.00474,0.9626,0.0525,0.9823
10,mid,2,12,20,1.00,true,0.10775,0.00347,0.22823,2.12057,0.00481,1.0505,0.0391,1.0723
10,mid,2,12,20,1.10,true,0.10375,0.00341,0.26020,2.15657,0.00487,1.1351,0.0252,1.1635
10,mid,2,12,20,1.20,true,0.10050,0.00336,0.29287,2.19253,0.00494,1.2273,0.0175,1.2581
10,mid,2,3,10,0.00,true,0.14550,0.00394,0.00147,1.85597,0.00395,0.1206,0.5772,0.2492
10,mid,2,3,10,0.10,true,0.19825,0.00446,0.00232,1.80407,0.00447,0.2182,0.4005,0.2671
10,mid,2,3,10,0.20,true,0.22912,0.00470,0.00494,1.77582,0.00473,0.2815,0.2679,0.3110
10,mid,2,3,10,0.30,true,0.24000,0.00477,0.01042,1.77043,0.00485,0.3460,0.1699,0.3724
10,mid,2,3,10,0.40,true,0.24425,0.00480,0.01970,1.77545,0.00495,0.4170,0.1024,0.4460
10,mid,2,3,10,0.50,true,0.24138,0.00478,0.03391,1.79254,0.00504,0.4953,0.0601,0.5288
10,mid,2,3,10,0.60,true,0.24088,0.00478,0.05266,1.81180,0.00517,0.5769,0.0310,0.6175
10,mid,2,3,10,0.70,true,0.23463,0.00474,0.07592,1.84132,0.00529,0.6627,0.0158,0.7079
10,mid,2,3,10,0.80,true,0.22275,0.00465,0.10569,1.88299,0.00540,0.7556,0.0072,0.8054
10,mid,2,3,10,0.90,true,0.21288,0.00458,0.13628,1.92347,0.00551,0.8455,0.0043,0.8969
10,mid,2,3,10,1.00,true,0.20575,0.00452,0.16902,1.96336,0.00564,0.9363,0.0017,0.9906
10,mid,2,3,10,1.10,true,0.19725,0.00445,0.20435,2.00723,0.00575,1.0311,0.0006,1.0881
10,mid,2,3,10,1.20,true,0.19150,0.00440,0.23923,2.04792,0.00587,1.1266,0.0003,1.1860
10,mid,2,3,15,0.00,true,0.08925,0.00319,0.01296,1.92372,0.00326,0.2040,0.5435,0.3815
10,mid,2,3,15,0.10,true,0.10537,0.00343,0.01645,1.91108,0.00353,0.3115,0.4376,0.3969
10,mid,2,3,15,0.20,true,0.12012,0.00363,0.02274,1.90262,0.00377,0.3754,0.3398,0.4307
10,mid,2,3,15,0.30,true,0.12950,0.00375,0.03251,1.90302,0.00396,0.4338,0.2592,0.4768
10,mid,2,3,15,0.40,true,0.13325,0.00380,0.04653,1.91330,0.00410,0.4977,0.1953,0.5350
10,mid,2,3,15,0.50,true,0.13762,0.00385,0.06445,1.92685,0.00427,0.5632,0.1389,0.6045
10,mid,2,3,15,0.60,true,0.13562,0.00383,0.08688,1.95129,0.00439,0.6363,0.0973,0.6823
10,mid,2,3,15,0.70,true,0.13137,0.00378,0.11291,1.98159,0.00449,0.7134,0.0666,0.7653
10,mid,2,3,15,0.80,true,0.12737,0.00373,0.14143,2.01413,0.00460,0.7948,0.0466,0.8513
10,mid,2,3,15,0.90,true,0.12425,0.00369,0.17238,2.04824,0.00471,0.8784,0.0311,0.9412
10,mid,2,3,15,1.00,true,0.11850,0.00361,0.20383,2.08548,0.00478,0.9593,0.0193,1.0285
10,mid,2,3,15,1.10,true,0.11450,0.00356,0.23746,2.12317,0.00486,1.0487,0.0121,1.1226
10,mid,2,3,15,1.20,true,0.11038,0.00350,0.27153,2.16143,0.00493,1.1411,0.0080,1.2184
10,mid,2,3,20,0.00,true,0.05750,0.00260,0.04341,1.98593,0.00286,0.3197,0.5326,0.5387
10,mid,2,3,20,0.10,true,0.06713,0.00280,0.04885,1.98175,0.00310,0.4253,0.4504,0.5507
10,mid,2,3,20,0.20,true,0.07500,0.00294,0.05735,1.98237,0.00330,0.4858,0.3873,0.5747
10,mid,2,3,20,0.30,true,0.08163,0.00306,0.07053,1.98893,0.00351,0.5467,0.3222,0.6157
10,mid,2,3,20,0.40,true,0.08313,0.00309,0.08694,2.00386,0.00365,0.6065,0.2648,0.6651
10,mid,2,3,20,0.50,true,0.08313,0.00309,0.10652,2.02345,0.00377,0.6693,0.2160,0.7228
10,mid,2,3,20,0.60,true,0.08388,0.00310,0.12911,2.04532,0.00391,0.7323,0.1695,0.7895
10,mid,2,3,20,0.70,true,0.08375,0.00310,0.15387,2.07023,0.00405,0.8006,0.1334,0.8617
10,mid,2,3,20,0.80,true,0.08163,0.00306,0.17994,2.09847,0.00414,0.8711,0.1059,0.9360
10,mid,2,3,20,0.90,true,0.07800,0.00300,0.20818,2.13038,0.00420,0.9393,0.0771,1.0154
10,mid,2,3,20,1.00,true,0.07600,0.00296,0.23761,2.16187,0.00429,1.0161,0.0576,1.0999
10,mid,2,3,20,1.10,true,0.07437,0.00293,0.26633,2.19229,0.00436,1.0940,0.0435,1.1836
10,mid,2,3,20,1.20,true,0.07075,0.00287,0.29643,2.22611,0.00439,1.1744,0.0316,1.2708
10,mid,2,6,10,0.00,true,0.16800,0.00418,0.00109,1.83309,0.00419,0.1956,0.5648,0.2482
10,mid,2,6,10,0.10,true,0.20062,0.00448,0.00083,1.80020,0.00448,0.2399,0.3894,0.2691
10,mid,2,6,10,0.20,true,0.21863,0.00462,0.00136,1.78273,0.00463,0.2989,0.2440,0.3168
10,mid,2,6,10,0.30,true,0.21763,0.00461,0.00300,1.78538,0.00463,0.3677,0.1404,0.3834
10,mid,2,6,10,0.40,true,0.21800,0.00462,0.00631,1.78832,0.00466,0.4478,0.0713,0.4671
10,mid,2,6,10,0.50,true,0.20925,0.00455,0.01197,1.80272,0.00462,0.5359,0.0387,0.5560
10,mid,2,6,10,0.60,true,0.20112,0.00448,0.02049,1.81938,0.00461,0.6278,0.0164,0.6516
10,mid,2,6,10,0.70,true,0.18787,0.00437,0.03285,1.84501,0.00457,0.7273,0.0074,0.7513
10,mid,2,6,10,0.80,true,0.17425,0.00424,0.04745,1.87325,0.00453,0.8206,0.0036,0.8441
10,mid,2,6,10,0.90,true,0.16300,0.00413,0.06576,1.90285,0.00451,0.9178,0.0013,0.9410
10,mid,2,6,10,1.00,true,0.14675,0.00396,0.08840,1.94178,0.00445,1.0197,0.0007,1.0418
10,mid,2,6,10,1.10,true,0.13137,0.00378,0.11401,1.98283,0.00438,1.1217,0.0003,1.1431
10,mid,2,6,10,1.20,true,0.11500,0.00357,0.14377,2.02908,0.00427,1.2291,0.0003,1.2495
10,mid,2,6,15,0.00,true,0.07975,0.00303,0.01109,1.93134,0.00309,0.2870,0.5410,0.3862
10,mid,2,6,15,0.10,true,0.09037,0.00321,0.01011,1.91973,0.00326,0.3315,0.4327,0.4017
10,mid,2,6,15,0.20,true,0.10150,0.00338,0.01142,1.90992,0.00343,0.3864,0.3321,0.4365
10,mid,2,6,15,0.30,true,0.10875,0.00348,0.01513,1.90639,0.00356,0.4448,0.2429,0.4865
10,mid,2,6,15,0.40,true,0.11188,0.00352,0.02144,1.90958,0.00364,0.5117,0.1704,0.5504
10,mid,2,6,15,0.50,true,0.10963,0.00349,0.03036,1.92077,0.00366,0.5851,0.1181,0.6230
10,mid,2,6,15,0.60,true,0.10700,0.00346,0.04198,1.93502,0.00369,0.6629,0.0792,0.7029
10,mid,2,6,15,0.70,true,0.10300,0.00340,0.05627,1.95334,0.00371,0.7452,0.0516,0.7884
10,mid,2,6,15,0.80,true,0.09638,0.00330,0.07375,1.97749,0.00370,0.8326,0.0318,0.8790
10,mid,2,6,15,0.90,true,0.09000,0.00320,0.09376,2.00393,0.00369,0.9224,0.0187,0.9715
10,mid,2,6,15,1.00,true,0.08088,0.00305,0.11782,2.03718,0.00365,1.0228,0.0122,1.0710
10,mid,2,6,15,1.10,true,0.07187,0.00289,0.14354,2.07200,0.00359,1.1215,0.0088,1.1684
10,mid,2,6,15,1.20,true,0.06363,0.00273,0.17022,2.10704,0.00352,1.2150,0.0043,1.2635
10,mid,2,6,20,0.00,true,0.04825,0.00240,0.03816,1.98992,0.00261,0.3797,0.5229,0.5364
10,mid,2,6,20,0.10,true,0.05462,0.00254,0.03768,1.98308,0.00275,0.4222,0.4398,0.5530
10,mid,2,6,20,0.20,true,0.05825,0.00262,0.04023,1.98200,0.00284,0.4734,0.3594,0.5836
10,mid,2,6,20,0.30,true,0.06150,0.00269,0.04561,1.98415,0.00294,0.5267,0.2856,0.6259
10,mid,2,6,20,0.40,true,0.06425,0.00274,0.05390,1.98970,0.00304,0.5888,0.2235,0.6805
10,mid,2,6,20,0.50,true,0.06338,0.00272,0.06494,2.00164,0.00308,0.6520,0.1676,0.7432
10,mid,2,6,20,0.60,true,0.06062,0.00267,0.07868,2.01817,0.00310,0.7206,0.1230,0.8129
10,mid,2,6,20,0.70,true,0.05725,0.00260,0.09500,2.03791,0.00312,0.7945,0.0876,0.8894
10,mid,2,6,20,0.80,true,0.05300,0.00250,0.11335,2.06057,0.00312,0.8755,0.0655,0.9692
10,mid,2,6,20,0.90,true,0.04788,0.00239,0.13477,2.08719,0.00310,0.9632,0.0482,1.0560
10,mid,2,6,20,1.00,true,0.04412,0.00230,0.15702,2.11330,0.00310,1.0478,0.0343,1.1420
10,mid,2,6,20,1.10,true,0.03837,0.00215,0.18154,2.14368,0.00305,1.1375,0.0243,1.2320
10,mid,2,6,20,1.20,true,0.03575,0.00208,0.20884,2.17375,0.00307,1.2362,0.0169,1.3308
10,high,2,12,10,0.00,true,0.20463,0.00451,0.00259,1.79796,0.00453,0.2144,0.6135,0.2516
10,high,2,12,10,0.10,true,0.24575,0.00481,0.00544,1.75969,0.00485,0.2577,0.4577,0.2651
10,high,2,12,10,0.20,true,0.27100,0.00497,0.01161,1.74061,0.00506,0.3141,0.3122,0.3061
10,high,2,12,10,0.30,true,0.28175,0.00503,0.02259,1.74084,0.00522,0.3813,0.1892,0.3720
10,high,2,12,10,0.40,true,0.28537,0.00505,0.03820,1.75283,0.00538,0.4555,0.1135,0.4498
10,high,2,12,10,0.50,true,0.28413,0.00504,0.05788,1.77377,0.00554,0.5319,0.0651,0.5325
10,high,2,12,10,0.60,true,0.27475,0.00499,0.08425,1.80953,0.00569,0.6186,0.0350,0.6246
10,high,2,12,10,0.70,true,0.26587,0.00494,0.11486,1.84903,0.00586,0.7091,0.0169,0.7199
10,high,2,12,10,0.80,true,0.25400,0.00487,0.14974,1.89580,0.00602,0.8046,0.0080,0.8177
10,high,2,12,10,0.90,true,0.24350,0.00480,0.18638,1.94297,0.00617,0.9006,0.0031,0.9154
10,high,2,12,10,1.00,true,0.23262,0.00472,0.22403,1.99154,0.00630,0.9979,0.0018,1.0125
10,high,2,12,10,1.10,true,0.22175,0.00464,0.26281,2.04124,0.00641,1.0974,0.0010,1.1117
10,high,2,12,10,1.20,true,0.21338,0.00458,0.30019,2.08706,0.00652,1.1962,0.0003,1.2106
10,high,2,12,15,0.00,true,0.10362,0.00341,0.01703,1.91342,0.00351,0.3086,0.5574,0.3798
10,high,2,12,15,0.10,true,0.12212,0.00366,0.02384,1.90173,0.00382,0.3522,0.4537,0.3952
10,high,2,12,15,0.20,true,0.13537,0.00383,0.03516,1.89980,0.00407,0.4046,0.3541,0.4282
10,high,2,12,15,0.30,true,0.14375,0.00392,0.05112,1.90739,0.00428,0.4647,0.2705,0.4756
10,high,2,12,15,0.40,true,0.15038,0.00400,0.07074,1.92039,0.00450,0.5293,0.2041,0.5352
10,high,2,12,15,0.50,true,0.15100,0.00400,0.09501,1.94405,0.00467,0.5957,0.1425,0.6059
10,high,2,12,15,0.60,true,0.15000,0.00399,0.12319,1.97326,0.00484,0.6703,0.0993,0.6842
10,high,2,12,15,0.70,true,0.14838,0.00397,0.15454,2.00626,0.00501,0.7520,0.0694,0.7689
10,high,2,12,15,0.80,true,0.14500,0.00394,0.18825,2.04338,0.00516,0.8363,0.0478,0.8569
10,high,2,12,15,0.90,true,0.13925,0.00387,0.22428,2.08521,0.00526,0.9242,0.0325,0.9481
10,high,2,12,15,1.00,true,0.13425,0.00381,0.26152,2.12752,0.00536,1.0148,0.0201,1.0434
10,high,2,12,15,1.10,true,0.13037,0.00376,0.29829,2.16824,0.00546,1.1080,0.0132,1.1386
10,high,2,12,15,1.20,true,0.12512,0.00370,0.33561,2.21091,0.00552,1.2035,0.0084,1.2357
10,high,2,12,20,0.00,true,0.05850,0.00262,0.05224,1.99381,0.00296,0.4179,0.5301,0.5305
10,high,2,12,20,0.10,true,0.06525,0.00276,0.06212,1.99694,0.00317,0.4670,0.4631,0.5449
10,high,2,12,20,0.20,true,0.07075,0.00287,0.07638,2.00569,0.00338,0.5206,0.3957,0.5722
10,high,2,12,20,0.30,true,0.07512,0.00295,0.09455,2.01950,0.00359,0.5716,0.3254,0.6116
10,high,2,12,20,0.40,true,0.07737,0.00299,0.11727,2.04000,0.00378,0.6267,0.2563,0.6631
10,high,2,12,20,0.50,true,0.08050,0.00304,0.14206,2.06169,0.00399,0.6870,0.2011,0.7231
10,high,2,12,20,0.60,true,0.08200,0.00307,0.16782,2.08598,0.00416,0.7487,0.1585,0.7861
10,high,2,12,20,0.70,true,0.08225,0.00307,0.19737,2.11533,0.00431,0.8213,0.1242,0.8589
10,high,2,12,20,0.80,true,0.08175,0.00306,0.22925,2.14777,0.00445,0.8968,0.0935,0.9387
10,high,2,12,20,0.90,true,0.08075,0.00305,0.26252,2.18213,0.00456,0.9771,0.0703,1.0226
10,high,2,12,20,1.00,true,0.07863,0.00301,0.29633,2.21816,0.00464,1.0601,0.0535,1.1082
10,high,2,12,20,1.10,true,0.07625,0.00297,0.33033,2.25466,0.00470,1.1467,0.0411,1.1966
10,high,2,12,20,1.20,true,0.07400,0.00293,0.36434,2.29106,0.00475,1.2348,0.0302,1.2882
10,high,2,3,10,0.00,true,0.12700,0.00372,0.00516,1.87816,0.00375,0.1478,0.5747,0.2805
10,high,2,3,10,0.10,true,0.16725,0.00417,0.00751,1.84027,0.00422,0.2427,0.4197,0.2975
10,high,2,3,10,0.20,true,0.18725,0.00436,0.01390,1.82666,0.00446,0.3063,0.2945,0.3396
10,high,2,3,10,0.30,true,0.19850,0.00446,0.02395,1.82547,0.00463,0.3658,0.1971,0.3962
10,high,2,3,10,0.40,true,0.20225,0.00449,0.03959,1.83737,0.00478,0.4348,0.1288,0.4661
10,high,2,3,10,0.50,true,0.20087,0.00448,0.06078,1.85997,0.00492,0.5099,0.0824,0.5452
10,high,2,3,10,0.60,true,0.19725,0.00445,0.08736,1.89021,0.00507,0.5880,0.0464,0.6318
10,high,2,3,10,0.70,true,0.18887,0.00438,0.11892,1.93021,0.00519,0.6739,0.0276,0.7224
10,high,2,3,10,0.80,true,0.17888,0.00428,0.15518,1.97655,0.00531,0.7629,0.0152,0.8170
10,high,2,3,10,0.90,true,0.17225,0.00422,0.19055,2.01866,0.00543,0.8495,0.0085,0.9074
10,high,2,3,10,1.00,true,0.16600,0.00416,0.22726,2.06174,0.00554,0.9388,0.0046,0.9999
10,high,2,3,10,1.10,true,0.15588,0.00406,0.26664,2.11142,0.00559,1.0329,0.0031,1.0965
10,high,2,3,10,1.20,true,0.15050,0.00400,0.30400,2.15437,0.00568,1.1261,0.0010,1.1939
10,high,2,3,15,0.00,true,0.07362,0.00292,0.03469,1.96111,0.00313,0.2657,0.5376,0.4458
10,high,2,3,15,0.10,true,0.08588,0.00313,0.04042,1.95459,0.00338,0.3644,0.4533,0.4590
10,high,2,3,15,0.20,true,0.09663,0.00330,0.05089,1.95432,0.00363,0.4217,0.3678,0.4888
10,high,2,3,15,0.30,true,0.10437,0.00342,0.06640,1.96210,0.00386,0.4773,0.2899,0.5334
10,high,2,3,15,0.40,true,0.10088,0.00337,0.08744,1.98668,0.00394,0.5408,0.2272,0.5893
10,high,2,3,15,0.50,true,0.10225,0.00339,0.11146,2.00937,0.00412,0.6053,0.1746,0.6540
10,high,2,3,15,0.60,true,0.10275,0.00339,0.13796,2.03545,0.00428,0.6703,0.1300,0.7246
10,high,2,3,15,0.70,true,0.10200,0.00338,0.16763,2.06595,0.00443,0.7415,0.0955,0.8023
10,high,2,3,15,0.80,true,0.09825,0.00333,0.19952,2.10170,0.00452,0.8161,0.0694,0.8833
10,high,2,3,15,0.90,true,0.09538,0.00328,0.23422,2.13943,0.00463,0.8986,0.0507,0.9719
10,high,2,3,15,1.00,true,0.09175,0.00323,0.26781,2.17682,0.00470,0.9788,0.0363,1.0585
10,high,2,3,15,1.10,true,0.08737,0.00316,0.30285,2.21646,0.00474,1.0630,0.0255,1.1492
10,high,2,3,15,1.20,true,0.08425,0.00311,0.33729,2.25429,0.00479,1.1493,0.0165,1.2426
10,high,2,3,20,0.00,true,0.04662,0.00236,0.09662,2.05017,0.00298,0.4268,0.5300,0.6434
10,high,2,3,20,0.10,true,0.05350,0.00252,0.10559,2.05227,0.00320,0.5258,0.4665,0.6577
10,high,2,3,20,0.20,true,0.05563,0.00256,0.11759,2.06217,0.00333,0.5767,0.4079,0.6815
10,high,2,3,20,0.30,true,0.05700,0.00259,0.13386,2.07711,0.00347,0.6327,0.3533,0.7184
10,high,2,3,20,0.40,true,0.06037,0.00266,0.15284,2.09277,0.00366,0.6876,0.3026,0.7642
10,high,2,3,20,0.50,true,0.06000,0.00266,0.17515,2.11554,0.00378,0.7440,0.2544,0.8182
10,high,2,3,20,0.60,true,0.05950,0.00264,0.19935,2.14036,0.00390,0.8010,0.2111,0.8777
10,high,2,3,20,0.70,true,0.06150,0.00269,0.22491,2.16406,0.00407,0.8628,0.1739,0.9447
10,high,2,3,20,0.80,true,0.06025,0.00266,0.25143,2.19200,0.00416,0.9249,0.1418,1.0138
10,high,2,3,20,0.90,true,0.05800,0.00261,0.27876,2.22177,0.00422,0.9925,0.1181,1.0854
10,high,2,3,20,1.00,true,0.05563,0.00256,0.30768,2.25331,0.00426,1.0603,0.0934,1.1637
10,high,2,3,20,1.10,true,0.05638,0.00258,0.33549,2.28066,0.00436,1.1312,0.0735,1.2446
10,high,2,3,20,1.20,true,0.05362,0.00252,0.36540,2.31366,0.00438,1.2075,0.0573,1.3299
10,high,2,6,10,0.00,true,0.12912,0.00375,0.00414,1.87502,0.00377,0.2134,0.5483,0.2803
10,high,2,6,10,0.10,true,0.15275,0.00402,0.00373,1.85098,0.00404,0.2583,0.3917,0.3021
10,high,2,6,10,0.20,true,0.16850,0.00418,0.00545,1.83696,0.00422,0.3169,0.2605,0.3480
10,high,2,6,10,0.30,true,0.17075,0.00421,0.00961,1.83888,0.00426,0.3830,0.1645,0.4098
10,high,2,6,10,0.40,true,0.17037,0.00420,0.01703,1.84670,0.00431,0.4589,0.0933,0.4880
10,high,2,6,10,0.50,true,0.16425,0.00414,0.02815,1.86397,0.00431,0.5450,0.0549,0.5746
10,high,2,6,10,0.60,true,0.15762,0.00407,0.04325,1.88576,0.00434,0.6337,0.0288,0.6665
10,high,2,6,10,0.70,true,0.14913,0.00398,0.06301,1.91409,0.00436,0.7293,0.0137,0.7644
10,high,2,6,10,0.80,true,0.14050,0.00389,0.08456,1.94438,0.00437,0.8201,0.0070,0.8555
10,high,2,6,10,0.90,true,0.12800,0.00374,0.11103,1.98351,0.00435,0.9180,0.0037,0.9528
10,high,2,6,10,1.00,true,0.11463,0.00356,0.14126,2.02732,0.00430,1.0187,0.0020,1.0527
10,high,2,6,10,1.10,true,0.10312,0.00340,0.17359,2.07141,0.00426,1.1190,0.0007,1.1527
10,high,2,6,10,1.20,true,0.08900,0.00318,0.21022,2.12252,0.00415,1.2260,0.0003,1.2588
10,high,2,6,15,0.00,true,0.06137,0.00268,0.03201,1.97066,0.00286,0.3152,0.5350,0.4500
10,high,2,6,15,0.10,true,0.06725,0.00280,0.03126,1.96405,0.00297,0.3589,0.4365,0.4662
10,high,2,6,15,0.20,true,0.07525,0.00295,0.03442,1.95924,0.00314,0.4127,0.3454,0.4998
10,high,2,6,15,0.30,true,0.07938,0.00302,0.04136,1.96208,0.00325,0.4720,0.2672,0.5465
10,high,2,6,15,0.40,true,0.08163,0.00306,0.05214,1.97066,0.00336,0.5355,0.1957,0.6066
10,high,2,6,15,0.50,true,0.08163,0.00306,0.06644,1.98504,0.00344,0.6049,0.1407,0.6755
10,high,2,6,15,0.60,true,0.07913,0.00302,0.08391,2.00511,0.00349,0.6794,0.1007,0.7505
10,high,2,6,15,0.70,true,0.07375,0.00292,0.10462,2.03132,0.00350,0.7599,0.0721,0.8314
10,high,2,6,15,0.80,true,0.07025,0.00286,0.12833,2.05870,0.00355,0.8428,0.0477,0.9184
10,high,2,6,15,0.90,true,0.06663,0.00279,0.15399,2.08819,0.00360,0.9288,0.0320,1.0068
10,high,2,6,15,1.00,true,0.06050,0.00267,0.18388,2.12449,0.00359,1.0227,0.0190,1.1037
10,high,2,6,15,1.10,true,0.05387,0.00252,0.21462,2.16217,0.00356,1.1186,0.0128,1.1992
10,high,2,6,15,1.20,true,0.04825,0.00240,0.24518,2.19873,0.00352,1.2136,0.0101,1.2923
10,high,2,6,20,0.00,true,0.03400,0.00203,0.09394,2.06010,0.00262,0.4147,0.5206,0.6402
10,high,2,6,20,0.10,true,0.03850,0.00215,0.09473,2.05643,0.00274,0.4585,0.4459,0.6592
10,high,2,6,20,0.20,true,0.04138,0.00223,0.09941,2.05829,0.00283,0.5092,0.3757,0.6891
10,high,2,6,20,0.30,true,0.04300,0.00227,0.10777,2.06510,0.00292,0.5624,0.3084,0.7299
10,high,2,6,20,0.40,true,0.04387,0.00229,0.11961,2.07616,0.00300,0.6186,0.2454,0.7812
10,high,2,6,20,0.50,true,0.04300,0.00227,0.13449,2.09205,0.00306,0.6835,0.1968,0.8400
10,high,2,6,20,0.60,true,0.04175,0.00224,0.15233,2.11129,0.00312,0.7471,0.1490,0.9066
10,high,2,6,20,0.70,true,0.03988,0.00219,0.17257,2.13361,0.00316,0.8189,0.1137,0.9789
10,high,2,6,20,0.80,true,0.03775,0.00213,0.19466,2.15806,0.00320,0.8924,0.0848,1.0550
10,high,2,6,20,0.90,true,0.03413,0.00203,0.21978,2.18709,0.00320,0.9773,0.0650,1.1384
10,high,2,6,20,1.00,true,0.03188,0.00196,0.24516,2.21505,0.00322,1.0600,0.0495,1.2214
10,high,2,6,20,1.10,true,0.02738,0.00182,0.27234,2.24711,0.00316,1.1464,0.0377,1.3075
10,high,2,6,20,1.20,true,0.02438,0.00172,0.30207,2.28029,0.00313,1.2403,0.0270,1.4024
10,tour,3,12,10,0.00,true,0.47175,0.00558,0.00004,1.52829,0.00558,0.1745,0.7965,0.1908
10,tour,3,12,10,0.10,true,0.59550,0.00549,0.00017,1.40467,0.00549,0.2277,0.6162,0.1971
10,tour,3,12,10,0.20,true,0.66412,0.00528,0.00053,1.33640,0.00529,0.2886,0.4094,0.2393
10,tour,3,12,10,0.30,true,0.69775,0.00513,0.00147,1.30372,0.00516,0.3615,0.2151,0.3209
10,tour,3,12,10,0.40,true,0.70150,0.00512,0.00338,1.30188,0.00518,0.4420,0.0838,0.4237
10,tour,3,12,10,0.50,true,0.68988,0.00517,0.00700,1.31712,0.00529,0.5345,0.0318,0.5278
10,tour,3,12,10,0.60,true,0.67575,0.00523,0.01250,1.33675,0.00544,0.6279,0.0123,0.6268
10,tour,3,12,10,0.70,true,0.65825,0.00530,0.02065,1.36240,0.00564,0.7254,0.0029,0.7281
10,tour,3,12,10,0.80,true,0.63850,0.00537,0.03170,1.39320,0.00586,0.8245,0.0007,0.8279
10,tour,3,12,10,0.90,true,0.62175,0.00542,0.04458,1.42283,0.00609,0.9204,0.0000,0.9240
10,tour,3,12,10,1.00,true,0.60625,0.00546,0.05991,1.45366,0.00633,1.0206,0.0000,1.0239
10,tour,3,12,10,1.10,true,0.59300,0.00549,0.07666,1.48367,0.00656,1.1218,0.0000,1.1249
10,tour,3,12,10,1.20,true,0.57850,0.00552,0.09528,1.51678,0.00681,1.2253,0.0000,1.2282
10,tour,3,12,15,0.00,true,0.32350,0.00523,0.00065,1.67715,0.00524,0.2487,0.6748,0.2681
10,tour,3,12,15,0.10,true,0.37638,0.00542,0.00146,1.62509,0.00543,0.2930,0.5442,0.2741
10,tour,3,12,15,0.20,true,0.42762,0.00553,0.00308,1.57545,0.00556,0.3494,0.4075,0.3087
10,tour,3,12,15,0.30,true,0.45500,0.00557,0.00605,1.55105,0.00563,0.4168,0.2869,0.3663
10,tour,3,12,15,0.40,true,0.47650,0.00558,0.01064,1.53414,0.00571,0.4862,0.1774,0.4458
10,tour,3,12,15,0.50,true,0.47963,0.00559,0.01736,1.53773,0.00579,0.5652,0.1095,0.5334
10,tour,3,12,15,0.60,true,0.47600,0.00558,0.02673,1.55073,0.00590,0.6501,0.0613,0.6300
10,tour,3,12,15,0.70,true,0.46900,0.00558,0.03859,1.56959,0.00602,0.7399,0.0363,0.7266
10,tour,3,12,15,0.80,true,0.46050,0.00557,0.05308,1.59258,0.00617,0.8305,0.0174,0.8259
10,tour,3,12,15,0.90,true,0.44900,0.00556,0.07023,1.62123,0.00633,0.9257,0.0082,0.9257
10,tour,3,12,15,1.00,true,0.43638,0.00554,0.08930,1.65293,0.00650,1.0216,0.0035,1.0242
10,tour,3,12,15,1.10,true,0.42450,0.00553,0.11063,1.68613,0.00667,1.1216,0.0020,1.1249
10,tour,3,12,15,1.20,true,0.41325,0.00551,0.13277,1.71953,0.00684,1.2201,0.0006,1.2242
10,tour,3,12,20,0.00,true,0.22162,0.00464,0.00301,1.78138,0.00466,0.3235,0.6184,0.3525
10,tour,3,12,20,0.10,true,0.25300,0.00486,0.00529,1.75229,0.00490,0.3678,0.5127,0.3600
10,tour,3,12,20,0.20,true,0.27875,0.00501,0.00909,1.73034,0.00509,0.4249,0.4113,0.3878
10,tour,3,12,20,0.30,true,0.30012,0.00512,0.01397,1.71384,0.00525,0.4804,0.3252,0.4309
10,tour,3,12,20,0.40,true,0.31350,0.00519,0.02121,1.70771,0.00538,0.5441,0.2427,0.4915
10,tour,3,12,20,0.50,true,0.31762,0.00521,0.03073,1.71311,0.00548,0.6127,0.1792,0.5612
10,tour,3,12,20,0.60,true,0.32350,0.00523,0.04287,1.71937,0.00562,0.6874,0.1220,0.6460
10,tour,3,12,20,0.70,true,0.32300,0.00523,0.05755,1.73455,0.00576,0.7667,0.0801,0.7362
10,tour,3,12,20,0.80,true,0.32012,0.00522,0.07457,1.75444,0.00589,0.8510,0.0511,0.8305
10,tour,3,12,20,0.90,true,0.31562,0.00520,0.09386,1.77823,0.00603,0.9425,0.0343,0.9277
10,tour,3,12,20,1.00,true,0.31025,0.00517,0.11504,1.80479,0.00617,1.0332,0.0194,1.0271
10,tour,3,12,20,1.10,true,0.30400,0.00514,0.13745,1.83345,0.00631,1.1265,0.0110,1.1255
10,tour,3,12,20,1.20,true,0.29700,0.00511,0.16088,1.86388,0.00644,1.2215,0.0068,1.2229
10,tour,3,3,10,0.00,true,0.13450,0.00381,0.00037,1.86587,0.00382,0.0862,0.5523,0.2184
10,tour,3,3,10,0.10,true,0.19600,0.00444,0.00051,1.80451,0.00444,0.1530,0.2606,0.2440
10,tour,3,3,10,0.20,true,0.22025,0.00463,0.00112,1.78087,0.00464,0.2292,0.1343,0.2978
10,tour,3,3,10,0.30,true,0.23362,0.00473,0.00287,1.76924,0.00475,0.3048,0.0742,0.3675
10,tour,3,3,10,0.40,true,0.24338,0.00480,0.00670,1.76332,0.00484,0.3773,0.0396,0.4436
10,tour,3,3,10,0.50,true,0.25338,0.00486,0.01334,1.75996,0.00496,0.4509,0.0204,0.5245
10,tour,3,3,10,0.60,true,0.26462,0.00493,0.02334,1.75871,0.00510,0.5269,0.0107,0.6089
10,tour,3,3,10,0.70,true,0.27200,0.00498,0.03703,1.76504,0.00526,0.6039,0.0048,0.6954
10,tour,3,3,10,0.80,true,0.27863,0.00501,0.05513,1.77651,0.00544,0.6871,0.0031,0.7884
10,tour,3,3,10,0.90,true,0.28450,0.00504,0.07514,1.79064,0.00563,0.7648,0.0014,0.8768
10,tour,3,3,10,1.00,true,0.28763,0.00506,0.09743,1.80982,0.00582,0.8412,0.0004,0.9642
10,tour,3,3,10,1.10,true,0.28850,0.00507,0.12213,1.83364,0.00601,0.9209,0.0000,1.0532
10,tour,3,3,10,1.20,true,0.29037,0.00508,0.14892,1.85856,0.00622,1.0048,0.0000,1.1477
10,tour,3,3,15,0.00,true,0.07700,0.00298,0.00496,1.92796,0.00300,0.1378,0.5404,0.3212
10,tour,3,3,15,0.10,true,0.11063,0.00351,0.00562,1.89499,0.00354,0.2007,0.3452,0.3390
10,tour,3,3,15,0.20,true,0.13337,0.00380,0.00753,1.87416,0.00384,0.2738,0.2097,0.3826
10,tour,3,3,15,0.30,true,0.14088,0.00389,0.01133,1.87045,0.00395,0.3476,0.1397,0.4386
10,tour,3,3,15,0.40,true,0.14688,0.00396,0.01788,1.87101,0.00406,0.4230,0.0948,0.5070
10,tour,3,3,15,0.50,true,0.15388,0.00403,0.02724,1.87337,0.00420,0.4953,0.0646,0.5803
10,tour,3,3,15,0.60,true,0.15962,0.00409,0.04036,1.88073,0.00434,0.5688,0.0421,0.6597
10,tour,3,3,15,0.70,true,0.16300,0.00413,0.05682,1.89382,0.00448,0.6414,0.0263,0.7406
10,tour,3,3,15,0.80,true,0.16250,0.00412,0.07758,1.91508,0.00460,0.7191,0.0181,0.8257
10,tour,3,3,15,0.90,true,0.16450,0.00414,0.10090,1.93641,0.00476,0.7955,0.0106,0.9121
10,tour,3,3,15,1.00,true,0.16262,0.00413,0.12774,1.96512,0.00489,0.8764,0.0069,1.0021
10,tour,3,3,15,1.10,true,0.16425,0.00414,0.15446,1.99022,0.00506,0.9545,0.0046,1.0898
10,tour,3,3,15,1.20,true,0.16325,0.00413,0.18283,2.01960,0.00520,1.0327,0.0019,1.1790
10,tour,3,3,20,0.00,true,0.05375,0.00252,0.01893,1.96519,0.00264,0.1959,0.5314,0.4307
10,tour,3,3,20,0.10,true,0.07500,0.00294,0.02008,1.94508,0.00307,0.2554,0.3872,0.4437
10,tour,3,3,20,0.20,true,0.08850,0.00318,0.02297,1.93447,0.00331,0.3267,0.2826,0.4753
10,tour,3,3,20,0.30,true,0.09650,0.00330,0.02895,1.93245,0.00347,0.4030,0.1977,0.5275
10,tour,3,3,20,0.40,true,0.10512,0.00343,0.03687,1.93175,0.00365,0.4740,0.1483,0.5843
10,tour,3,3,20,0.50,true,0.10575,0.00344,0.04842,1.94267,0.00372,0.5474,0.1099,0.6509
10,tour,3,3,20,0.60,true,0.11138,0.00352,0.06339,1.95202,0.00389,0.6215,0.0824,0.7244
10,tour,3,3,20,0.70,true,0.11238,0.00353,0.08151,1.96914,0.00401,0.6939,0.0603,0.8010
10,tour,3,3,20,0.80,true,0.11563,0.00358,0.10159,1.98598,0.00416,0.7670,0.0478,0.8780
10,tour,3,3,20,0.90,true,0.11750,0.00360,0.12531,2.00782,0.00431,0.8418,0.0337,0.9621
10,tour,3,3,20,1.00,true,0.12137,0.00365,0.14916,2.02780,0.00449,0.9149,0.0255,1.0439
10,tour,3,3,20,1.10,true,0.12200,0.00366,0.17495,2.05298,0.00462,0.9902,0.0194,1.1280
10,tour,3,3,20,1.20,true,0.11887,0.00362,0.20305,2.08421,0.00470,1.0685,0.0145,1.2160
10,tour,3,6,10,0.00,true,0.23300,0.00473,0.00011,1.76711,0.00473,0.1678,0.5833,0.2063
10,tour,3,6,10,0.10,true,0.28687,0.00506,0.00005,1.71318,0.00506,0.2178,0.3986,0.2263
10,tour,3,6,10,0.20,true,0.31650,0.00520,0.00007,1.68357,0.00520,0.2779,0.2224,0.2793
10,tour,3,6,10,0.30,true,0.32975,0.00526,0.00019,1.67044,0.00526,0.3518,0.1009,0.3585
10,tour,3,6,10,0.40,true,0.32250,0.00523,0.00053,1.67803,0.00523,0.4356,0.0430,0.4465
10,tour,3,6,10,0.50,true,0.30925,0.00517,0.00128,1.69203,0.00518,0.5311,0.0150,0.5452
10,tour,3,6,10,0.60,true,0.28875,0.00507,0.00260,1.71385,0.00509,0.6275,0.0056,0.6417
10,tour,3,6,10,0.70,true,0.27025,0.00497,0.00464,1.73439,0.00500,0.7264,0.0026,0.7397
10,tour,3,6,10,0.80,true,0.25162,0.00485,0.00735,1.75572,0.00490,0.8196,0.0010,0.8322
10,tour,3,6,10,0.90,true,0.22412,0.00466,0.01132,1.78720,0.00473,0.9235,0.0000,0.9355
10,tour,3,6,10,1.00,true,0.19787,0.00445,0.01643,1.81856,0.00455,1.0259,0.0000,1.0369
10,tour,3,6,10,1.10,true,0.17087,0.00421,0.02282,1.85195,0.00433,1.1285,0.0000,1.1387
10,tour,3,6,10,1.20,true,0.13962,0.00388,0.03074,1.89113,0.00403,1.2311,0.0000,1.2406
10,tour,3,6,15,0.00,true,0.13150,0.00378,0.00147,1.86997,0.00379,0.2413,0.5422,0.3014
10,tour,3,6,15,0.10,true,0.15375,0.00403,0.00102,1.84727,0.00404,0.2890,0.4182,0.3185
10,tour,3,6,15,0.20,true,0.16725,0.00417,0.00103,1.83378,0.00418,0.3433,0.2941,0.3572
10,tour,3,6,15,0.30,true,0.17400,0.00424,0.00149,1.82749,0.00425,0.4074,0.1967,0.4146
10,tour,3,6,15,0.40,true,0.18063,0.00430,0.00250,1.82188,0.00432,0.4817,0.1216,0.4902
10,tour,3,6,15,0.50,true,0.17550,0.00425,0.00411,1.82861,0.00428,0.5602,0.0741,0.5714
10,tour,3,6,15,0.60,true,0.16612,0.00416,0.00662,1.84050,0.00420,0.6472,0.0414,0.6625
10,tour,3,6,15,0.70,true,0.15438,0.00404,0.01001,1.85564,0.00409,0.7365,0.0223,0.7548
10,tour,3,6,15,0.80,true,0.14175,0.00390,0.01457,1.87282,0.00397,0.8338,0.0137,0.8518
10,tour,3,6,15,0.90,true,0.12987,0.00376,0.02011,1.89024,0.00386,0.9289,0.0079,0.9475
10,tour,3,6,15,1.00,true,0.11625,0.00358,0.02698,1.91074,0.00371,1.0273,0.0028,1.0475
10,tour,3,6,15,1.10,true,0.09750,0.00332,0.03546,1.93797,0.00347,1.1293,0.0006,1.1496
10,tour,3,6,15,1.20,true,0.08375,0.00310,0.04444,1.96071,0.00328,1.2248,0.0003,1.2440
10,tour,3,6,20,0.00,true,0.08488,0.00312,0.00676,1.92189,0.00315,0.3188,0.5298,0.4035
10,tour,3,6,20,0.10,true,0.09675,0.00331,0.00567,1.90892,0.00333,0.3657,0.4297,0.4188
10,tour,3,6,20,0.20,true,0.10250,0.00339,0.00566,1.90316,0.00342,0.4183,0.3372,0.4501
10,tour,3,6,20,0.30,true,0.10912,0.00349,0.00658,1.89746,0.00352,0.4775,0.2537,0.4987
10,tour,3,6,20,0.40,true,0.11238,0.00353,0.00842,1.89604,0.00357,0.5431,0.1865,0.5594
10,tour,3,6,20,0.50,true,0.11175,0.00352,0.01126,1.89951,0.00358,0.6146,0.1320,0.6309
10,tour,3,6,20,0.60,true,0.11000,0.00350,0.01514,1.90515,0.00357,0.6912,0.0892,0.7110
10,tour,3,6,20,0.70,true,0.10212,0.00339,0.02022,1.91810,0.00348,0.7754,0.0610,0.7969
10,tour,3,6,20,0.80,true,0.09563,0.00329,0.02618,1.93057,0.00341,0.8591,0.0398,0.8843
10,tour,3,6,20,0.90,true,0.08725,0.00316,0.03341,1.94617,0.00331,0.9496,0.0262,0.9768
10,tour,3,6,20,1.00,true,0.07787,0.00300,0.04166,1.96380,0.00319,1.0396,0.0153,1.0699
10,tour,3,6,20,1.10,true,0.06663,0.00279,0.05137,1.98478,0.00301,1.1359,0.0086,1.1678
10,tour,3,6,20,1.20,true,0.05862,0.00263,0.06202,2.00343,0.00289,1.2357,0.0068,1.2655
10,scratch,3,12,10,0.00,true,0.42675,0.00553,0.00012,1.57337,0.00553,0.1869,0.7577,0.2028
10,scratch,3,12,10,0.10,true,0.53312,0.00558,0.00043,1.46730,0.00558,0.2392,0.5743,0.2129
10,scratch,3,12,10,0.20,true,0.59037,0.00550,0.00117,1.41079,0.00551,0.2966,0.3845,0.2537
10,scratch,3,12,10,0.30,true,0.62138,0.00542,0.00295,1.38157,0.00547,0.3695,0.2199,0.3295
10,scratch,3,12,10,0.40,true,0.62900,0.00540,0.00637,1.37737,0.00550,0.4459,0.0957,0.4258
10,scratch,3,12,10,0.50,true,0.61887,0.00543,0.01221,1.39333,0.00561,0.5347,0.0403,0.5262
10,scratch,3,12,10,0.60,true,0.60500,0.00547,0.02107,1.41607,0.00578,0.6275,0.0161,0.6260
10,scratch,3,12,10,0.70,true,0.58700,0.00550,0.03351,1.44652,0.00598,0.7261,0.0082,0.7266
10,scratch,3,12,10,0.80,true,0.57112,0.00553,0.04912,1.47800,0.00621,0.8264,0.0017,0.8300
10,scratch,3,12,10,0.90,true,0.55150,0.00556,0.06716,1.51566,0.00644,0.9228,0.0006,0.9268
10,scratch,3,12,10,1.00,true,0.53100,0.00558,0.08822,1.55722,0.00668,1.0219,0.0000,1.0259
10,scratch,3,12,10,1.10,true,0.51475,0.00559,0.11022,1.59547,0.00692,1.1203,0.0000,1.1240
10,scratch,3,12,10,1.20,true,0.49962,0.00559,0.13375,1.63413,0.00715,1.2217,0.0000,1.2252
10,scratch,3,12,15,0.00,true,0.27637,0.00500,0.00151,1.72513,0.00501,0.2668,0.6417,0.2888
10,scratch,3,12,15,0.10,true,0.32225,0.00522,0.00307,1.68082,0.00525,0.3126,0.5216,0.2978
10,scratch,3,12,15,0.20,true,0.35800,0.00536,0.00588,1.64788,0.00542,0.3643,0.3962,0.3292
10,scratch,3,12,15,0.30,true,0.38388,0.00544,0.01079,1.62691,0.00555,0.4277,0.2828,0.3843
10,scratch,3,12,15,0.40,true,0.39750,0.00547,0.01808,1.62058,0.00566,0.4964,0.1884,0.4568
10,scratch,3,12,15,0.50,true,0.40137,0.00548,0.02818,1.62681,0.00578,0.5705,0.1151,0.5421
10,scratch,3,12,15,0.60,true,0.39900,0.00547,0.04151,1.64251,0.00591,0.6564,0.0743,0.6338
10,scratch,3,12,15,0.70,true,0.39263,0.00546,0.05774,1.66512,0.00605,0.7437,0.0449,0.7290
10,scratch,3,12,15,0.80,true,0.38538,0.00544,0.07682,1.69145,0.00621,0.8354,0.0270,0.8268
10,scratch,3,12,15,0.90,true,0.37625,0.00542,0.09870,1.72245,0.00638,0.9271,0.0124,0.9265
10,scratch,3,12,15,1.00,true,0.36325,0.00538,0.12265,1.75941,0.00653,1.0208,0.0071,1.0227
10,scratch,3,12,15,1.10,true,0.35387,0.00535,0.14828,1.79441,0.00670,1.1188,0.0031,1.1231
10,scratch,3,12,15,1.20,true,0.34313,0.00531,0.17503,1.83192,0.00686,1.2182,0.0019,1.2229
10,scratch,3,12,20,0.00,true,0.17950,0.00429,0.00617,1.82667,0.00433,0.3467,0.5935,0.3826
10,scratch,3,12,20,0.10,true,0.20212,0.00449,0.01010,1.80798,0.00456,0.3926,0.4955,0.3922
10,scratch,3,12,20,0.20,true,0.22087,0.00464,0.01611,1.79524,0.00476,0.4476,0.4009,0.4200
10,scratch,3,12,20,0.30,true,0.23525,0.00474,0.02335,1.78810,0.00493,0.5014,0.3246,0.4597
10,scratch,3,12,20,0.40,true,0.24700,0.00482,0.03374,1.78674,0.00510,0.5621,0.2468,0.5172
10,scratch,3,12,20,0.50,true,0.25100,0.00485,0.04696,1.79596,0.00524,0.6322,0.1899,0.5842
10,scratch,3,12,20,0.60,true,0.25362,0.00486,0.06312,1.80950,0.00539,0.7045,0.1377,0.6626
10,scratch,3,12,20,0.70,true,0.25575,0.00488,0.08176,1.82602,0.00556,0.7804,0.0944,0.7492
10,scratch,3,12,20,0.80,true,0.25375,0.00487,0.10319,1.84945,0.00571,0.8636,0.0653,0.8403
10,scratch,3,12,20,0.90,true,0.25050,0.00484,0.12635,1.87586,0.00586,0.9477,0.0425,0.9336
10,scratch,3,12,20,1.00,true,0.24538,0.00481,0.15142,1.90606,0.00599,1.0375,0.0292,1.0287
10,scratch,3,12,20,1.10,true,0.23975,0.00477,0.17815,1.93842,0.00612,1.1284,0.0173,1.1268
10,scratch,3,12,20,1.20,true,0.23425,0.00474,0.20522,1.97099,0.00625,1.2215,0.0104,1.2242
10,scratch,3,3,10,0.00,true,0.12262,0.00367,0.00101,1.87838,0.00367,0.0982,0.5512,0.2368
10,scratch,3,3,10,0.10,true,0.18075,0.00430,0.00133,1.82058,0.00431,0.1653,0.2904,0.2604
10,scratch,3,3,10,0.20,true,0.20425,0.00451,0.00250,1.79825,0.00452,0.2415,0.1642,0.3114
10,scratch,3,3,10,0.30,true,0.21638,0.00460,0.00554,1.78917,0.00464,0.3153,0.0968,0.3784
10,scratch,3,3,10,0.40,true,0.22700,0.00468,0.01131,1.78431,0.00476,0.3860,0.0581,0.4521
10,scratch,3,3,10,0.50,true,0.23738,0.00476,0.02073,1.78336,0.00491,0.4568,0.0331,0.5310
10,scratch,3,3,10,0.60,true,0.24288,0.00479,0.03465,1.79178,0.00505,0.5316,0.0185,0.6149
10,scratch,3,3,10,0.70,true,0.24913,0.00484,0.05260,1.80349,0.00522,0.6074,0.0095,0.7009
10,scratch,3,3,10,0.80,true,0.25688,0.00488,0.07462,1.81776,0.00544,0.6867,0.0047,0.7914
10,scratch,3,3,10,0.90,true,0.26262,0.00492,0.09937,1.83676,0.00567,0.7671,0.0034,0.8816
10,scratch,3,3,10,1.00,true,0.25900,0.00490,0.12672,1.86774,0.00583,0.8436,0.0013,0.9692
10,scratch,3,3,10,1.10,true,0.26012,0.00490,0.15523,1.89514,0.00604,0.9237,0.0003,1.0591
10,scratch,3,3,10,1.20,true,0.25888,0.00490,0.18555,1.92672,0.00623,1.0065,0.0003,1.1523
10,scratch,3,3,15,0.00,true,0.07100,0.00287,0.01046,1.93946,0.00293,0.1644,0.5394,0.3560
10,scratch,3,3,15,0.10,true,0.09800,0.00332,0.01164,1.91364,0.00339,0.2285,0.3767,0.3706
10,scratch,3,3,15,0.20,true,0.11825,0.00361,0.01498,1.89673,0.00370,0.3017,0.2536,0.4102
10,scratch,3,3,15,0.30,true,0.12862,0.00374,0.02108,1.89246,0.00387,0.3733,0.1777,0.4636
10,scratch,3,3,15,0.40,true,0.13550,0.00383,0.03011,1.89461,0.00401,0.4439,0.1268,0.5267
10,scratch,3,3,15,0.50,true,0.14263,0.00391,0.04276,1.90014,0.00418,0.5148,0.0926,0.5971
10,scratch,3,3,15,0.60,true,0.14575,0.00395,0.05956,1.91382,0.00432,0.5852,0.0657,0.6729
10,scratch,3,3,15,0.70,true,0.14938,0.00399,0.08045,1.93108,0.00449,0.6573,0.0451,0.7541
10,scratch,3,3,15,0.80,true,0.14813,0.00397,0.10554,1.95743,0.00463,0.7312,0.0299,0.8383
10,scratch,3,3,15,0.90,true,0.14788,0.00397,0.13288,1.98503,0.00478,0.8077,0.0207,0.9245
10,scratch,3,3,15,1.00,true,0.14500,0.00394,0.16226,2.01730,0.00490,0.8844,0.0143,1.0112
10,scratch,3,3,15,1.10,true,0.14575,0.00395,0.19124,2.04555,0.00506,0.9589,0.0092,1.0971
10,scratch,3,3,15,1.20,true,0.14625,0.00395,0.22100,2.07484,0.00521,1.0354,0.0059,1.1846
10,scratch,3,3,20,0.00,true,0.04988,0.00243,0.03463,1.98476,0.00266,0.2455,0.5309,0.4884
10,scratch,3,3,20,0.10,true,0.06538,0.00276,0.03670,1.97133,0.00300,0.3062,0.4154,0.4982
10,scratch,3,3,20,0.20,true,0.07650,0.00297,0.04184,1.96534,0.00324,0.3792,0.3235,0.5277
10,scratch,3,3,20,0.30,true,0.08637,0.00314,0.05006,1.96369,0.00346,0.4546,0.2545,0.5718
10,scratch,3,3,20,0.40,true,0.09162,0.00323,0.06128,1.96967,0.00361,0.5201,0.1958,0.6244
10,scratch,3,3,20,0.50,true,0.09388,0.00326,0.07612,1.98226,0.00373,0.5900,0.1545,0.6856
10,scratch,3,3,20,0.60,true,0.09988,0.00335,0.09348,1.99362,0.00392,0.6588,0.1225,0.7530
10,scratch,3,3,20,0.70,true,0.10350,0.00341,0.11419,2.01071,0.00410,0.7279,0.0959,0.8260
10,scratch,3,3,20,0.80,true,0.10587,0.00344,0.13667,2.03084,0.00425,0.7940,0.0738,0.9002
10,scratch,3,3,20,0.90,true,0.11000,0.00350,0.16216,2.05221,0.00445,0.8682,0.0581,0.9825
10,scratch,3,3,20,1.00,true,0.10787,0.00347,0.18936,2.08156,0.00455,0.9421,0.0469,1.0643
10,scratch,3,3,20,1.10,true,0.10550,0.00343,0.21777,2.11237,0.00463,1.0139,0.0342,1.1491
10,scratch,3,3,20,1.20,true,0.10262,0.00339,0.24609,2.14360,0.00470,1.0868,0.0267,1.2328
10,scratch,3,6,10,0.00,true,0.20363,0.00450,0.00028,1.79666,0.00450,0.1797,0.5688,0.2236
10,scratch,3,6,10,0.10,true,0.24650,0.00482,0.00017,1.75367,0.00482,0.2308,0.4005,0.2439
10,scratch,3,6,10,0.20,true,0.27050,0.00497,0.00025,1.72975,0.00497,0.2885,0.2358,0.2937
10,scratch,3,6,10,0.30,true,0.28525,0.00505,0.00061,1.71536,0.00505,0.3603,0.1170,0.3694
10,scratch,3,6,10,0.40,true,0.27787,0.00501,0.00138,1.72351,0.00502,0.4392,0.0540,0.4529
10,scratch,3,6,10,0.50,true,0.26650,0.00494,0.00290,1.73640,0.00496,0.5319,0.0222,0.5486
10,scratch,3,6,10,0.60,true,0.25200,0.00485,0.00531,1.75331,0.00489,0.6272,0.0087,0.6450
10,scratch,3,6,10,0.70,true,0.23212,0.00472,0.00882,1.77670,0.00478,0.7256,0.0041,0.7425
10,scratch,3,6,10,0.80,true,0.21100,0.00456,0.01337,1.80238,0.00464,0.8204,0.0024,0.8361
10,scratch,3,6,10,0.90,true,0.19012,0.00439,0.01973,1.82961,0.00450,0.9229,0.0006,0.9383
10,scratch,3,6,10,1.00,true,0.16812,0.00418,0.02767,1.85956,0.00433,1.0247,0.0000,1.0394
10,scratch,3,6,10,1.10,true,0.14300,0.00391,0.03740,1.89443,0.00411,1.1263,0.0000,1.1399
10,scratch,3,6,10,1.20,true,0.11850,0.00361,0.04911,1.93066,0.00384,1.2285,0.0000,1.2414
10,scratch,3,6,15,0.00,true,0.10737,0.00346,0.00341,1.89604,0.00348,0.2592,0.5331,0.3321
10,scratch,3,6,15,0.10,true,0.12512,0.00370,0.00275,1.87763,0.00371,0.3052,0.4171,0.3494
10,scratch,3,6,15,0.20,true,0.13650,0.00384,0.00299,1.86649,0.00385,0.3602,0.3047,0.3867
10,scratch,3,6,15,0.30,true,0.13887,0.00387,0.00411,1.86524,0.00389,0.4225,0.2114,0.4410
10,scratch,3,6,15,0.40,true,0.14400,0.00393,0.00621,1.86221,0.00396,0.4943,0.1379,0.5123
10,scratch,3,6,15,0.50,true,0.14188,0.00390,0.00932,1.86745,0.00395,0.5700,0.0881,0.5902
10,scratch,3,6,15,0.60,true,0.13575,0.00383,0.01382,1.87808,0.00390,0.6561,0.0539,0.6789
10,scratch,3,6,15,0.70,true,0.12612,0.00371,0.01957,1.89345,0.00381,0.7434,0.0325,0.7686
10,scratch,3,6,15,0.80,true,0.11625,0.00358,0.02693,1.91069,0.00372,0.8351,0.0180,0.8627
10,scratch,3,6,15,0.90,true,0.10525,0.00343,0.03560,1.93037,0.00360,0.9300,0.0119,0.9569
10,scratch,3,6,15,1.00,true,0.09212,0.00323,0.04605,1.95397,0.00345,1.0268,0.0063,1.0545
10,scratch,3,6,15,1.10,true,0.08088,0.00305,0.05851,1.97769,0.00331,1.1283,0.0023,1.1572
10,scratch,3,6,15,1.20,true,0.06938,0.00284,0.07140,2.00211,0.00315,1.2218,0.0008,1.2503
10,scratch,3,6,20,0.00,true,0.06700,0.00280,0.01547,1.94847,0.00288,0.3413,0.5233,0.4525
10,scratch,3,6,20,0.10,true,0.07512,0.00295,0.01431,1.93919,0.00302,0.3899,0.4307,0.4693
10,scratch,3,6,20,0.20,true,0.08025,0.00304,0.01486,1.93461,0.00311,0.4416,0.3452,0.4997
10,scratch,3,6,20,0.30,true,0.08425,0.00311,0.01698,1.93274,0.00319,0.4977,0.2656,0.5450
10,scratch,3,6,20,0.40,true,0.08675,0.00315,0.02055,1.93380,0.00325,0.5617,0.2018,0.6021
10,scratch,3,6,20,0.50,true,0.08625,0.00314,0.02562,1.93938,0.00327,0.6327,0.1498,0.6700
10,scratch,3,6,20,0.60,true,0.08425,0.00311,0.03221,1.94798,0.00327,0.7072,0.1069,0.7461
10,scratch,3,6,20,0.70,true,0.08113,0.00305,0.04036,1.95927,0.00326,0.7871,0.0735,0.8293
10,scratch,3,6,20,0.80,true,0.07375,0.00292,0.04964,1.97593,0.00317,0.8690,0.0520,0.9126
10,scratch,3,6,20,0.90,true,0.06750,0.00280,0.06051,1.99307,0.00310,0.9561,0.0347,1.0024
10,scratch,3,6,20,1.00,true,0.05987,0.00265,0.07261,2.01281,0.00300,1.0443,0.0226,1.0930
10,scratch,3,6,20,1.10,true,0.05100,0.00246,0.08643,2.03554,0.00286,1.1383,0.0144,1.1880
10,scratch,3,6,20,1.20,true,0.04437,0.00230,0.10117,2.05694,0.00276,1.2324,0.0086,1.2831
10,mid,3,12,10,0.00,true,0.34650,0.00532,0.00065,1.65415,0.00533,0.1990,0.6899,0.2205
10,mid,3,12,10,0.10,true,0.42500,0.00553,0.00193,1.57693,0.00555,0.2512,0.5174,0.2337
10,mid,3,12,10,0.20,true,0.47137,0.00558,0.00459,1.53322,0.00563,0.3096,0.3575,0.2747
10,mid,3,12,10,0.30,true,0.49612,0.00559,0.00987,1.51374,0.00571,0.3820,0.2188,0.3461
10,mid,3,12,10,0.40,true,0.49975,0.00559,0.01852,1.51877,0.00582,0.4538,0.1124,0.4321
10,mid,3,12,10,0.50,true,0.49312,0.00559,0.03168,1.53855,0.00598,0.5379,0.0503,0.5293
10,mid,3,12,10,0.60,true,0.47837,0.00558,0.04863,1.57026,0.00616,0.6273,0.0244,0.6249
10,mid,3,12,10,0.70,true,0.46100,0.00557,0.07016,1.60917,0.00637,0.7218,0.0109,0.7237
10,mid,3,12,10,0.80,true,0.44175,0.00555,0.09567,1.65393,0.00659,0.8207,0.0063,0.8235
10,mid,3,12,10,0.90,true,0.42712,0.00553,0.12221,1.69511,0.00681,0.9153,0.0015,0.9208
10,mid,3,12,10,1.00,true,0.41037,0.00550,0.15168,1.74133,0.00702,1.0149,0.0004,1.0207
10,mid,3,12,10,1.10,true,0.39575,0.00547,0.18149,1.78578,0.00721,1.1140,0.0002,1.1196
10,mid,3,12,10,1.20,true,0.38162,0.00543,0.21202,1.83045,0.00739,1.2148,0.0000,1.2203
10,mid,3,12,15,0.00,true,0.20875,0.00454,0.00563,1.79688,0.00458,0.2909,0.6027,0.3214
10,mid,3,12,15,0.10,true,0.23763,0.00476,0.00982,1.77220,0.00484,0.3359,0.4942,0.3317
10,mid,3,12,15,0.20,true,0.25762,0.00489,0.01655,1.75893,0.00503,0.3856,0.3822,0.3619
10,mid,3,12,15,0.30,true,0.27763,0.00501,0.02665,1.74903,0.00524,0.4472,0.2814,0.4144
10,mid,3,12,15,0.40,true,0.28637,0.00505,0.04034,1.75397,0.00541,0.5142,0.1999,0.4807
10,mid,3,12,15,0.50,true,0.28900,0.00507,0.05793,1.76894,0.00558,0.5834,0.1299,0.5592
10,mid,3,12,15,0.60,true,0.28613,0.00505,0.07915,1.79304,0.00575,0.6631,0.0870,0.6443
10,mid,3,12,15,0.70,true,0.28050,0.00502,0.10384,1.82336,0.00591,0.7479,0.0565,0.7357
10,mid,3,12,15,0.80,true,0.27525,0.00499,0.13077,1.85554,0.00608,0.8358,0.0369,0.8289
10,mid,3,12,15,0.90,true,0.26462,0.00493,0.16123,1.89664,0.00622,0.9283,0.0233,0.9262
10,mid,3,12,15,1.00,true,0.25788,0.00489,0.19216,1.93434,0.00637,1.0197,0.0120,1.0242
10,mid,3,12,15,1.10,true,0.24713,0.00482,0.22524,1.97818,0.00649,1.1167,0.0073,1.1232
10,mid,3,12,15,1.20,true,0.23713,0.00476,0.25821,2.02118,0.00659,1.2136,0.0043,1.2217
10,mid,3,12,20,0.00,true,0.12400,0.00368,0.01758,1.89359,0.00380,0.3750,0.5664,0.4316
10,mid,3,12,20,0.10,true,0.13987,0.00388,0.02521,1.88534,0.00406,0.4215,0.4778,0.4436
10,mid,3,12,20,0.20,true,0.14963,0.00399,0.03624,1.88662,0.00426,0.4768,0.3948,0.4705
10,mid,3,12,20,0.30,true,0.15912,0.00409,0.04893,1.88982,0.00446,0.5287,0.3253,0.5084
10,mid,3,12,20,0.40,true,0.16400,0.00414,0.06566,1.90167,0.00464,0.5867,0.2564,0.5599
10,mid,3,12,20,0.50,true,0.16762,0.00418,0.08528,1.91767,0.00482,0.6504,0.1985,0.6223
10,mid,3,12,20,0.60,true,0.17025,0.00420,0.10780,1.93758,0.00500,0.7226,0.1553,0.6932
10,mid,3,12,20,0.70,true,0.17150,0.00421,0.13326,1.96180,0.00519,0.7976,0.1162,0.7731
10,mid,3,12,20,0.80,true,0.17125,0.00421,0.16056,1.98937,0.00536,0.8727,0.0822,0.8576
10,mid,3,12,20,0.90,true,0.16937,0.00419,0.18970,2.02040,0.00551,0.9560,0.0599,0.9465
10,mid,3,12,20,1.00,true,0.16650,0.00416,0.22035,2.05395,0.00564,1.0412,0.0411,1.0394
10,mid,3,12,20,1.10,true,0.16275,0.00413,0.25183,2.08920,0.00576,1.1317,0.0291,1.1345
10,mid,3,12,20,1.20,true,0.15950,0.00409,0.28256,2.12322,0.00586,1.2203,0.0193,1.2287
10,mid,3,3,10,0.00,true,0.10875,0.00348,0.00404,1.89529,0.00350,0.1263,0.5475,0.2707
10,mid,3,3,10,0.10,true,0.15463,0.00404,0.00527,1.85064,0.00407,0.1947,0.3445,0.2896
10,mid,3,3,10,0.20,true,0.17988,0.00429,0.00901,1.82913,0.00435,0.2691,0.2187,0.3365
10,mid,3,3,10,0.30,true,0.19162,0.00440,0.01645,1.82483,0.00451,0.3373,0.1406,0.3974
10,mid,3,3,10,0.40,true,0.20725,0.00453,0.02830,1.82106,0.00473,0.4058,0.0940,0.4684
10,mid,3,3,10,0.50,true,0.21138,0.00456,0.04542,1.83407,0.00489,0.4738,0.0596,0.5450
10,mid,3,3,10,0.60,true,0.21438,0.00459,0.06726,1.85291,0.00507,0.5433,0.0361,0.6260
10,mid,3,3,10,0.70,true,0.21800,0.00462,0.09276,1.87481,0.00528,0.6161,0.0221,0.7101
10,mid,3,3,10,0.80,true,0.21900,0.00462,0.12319,1.90425,0.00549,0.6946,0.0123,0.8014
10,mid,3,3,10,0.90,true,0.22200,0.00465,0.15442,1.93252,0.00572,0.7738,0.0072,0.8922
10,mid,3,3,10,1.00,true,0.21800,0.00462,0.18658,1.96872,0.00588,0.8503,0.0043,0.9798
10,mid,3,3,10,1.10,true,0.21450,0.00459,0.21972,2.00541,0.00604,0.9312,0.0032,1.0700
10,mid,3,3,10,1.20,true,0.21175,0.00457,0.25294,2.04146,0.00620,1.0121,0.0014,1.1627
10,mid,3,3,15,0.00,true,0.06375,0.00273,0.02891,1.96517,0.00291,0.2260,0.5397,0.4235
10,mid,3,3,15,0.10,true,0.08188,0.00307,0.03293,1.95107,0.00327,0.2944,0.4180,0.4358
10,mid,3,3,15,0.20,true,0.09788,0.00332,0.04044,1.94258,0.00358,0.3666,0.3205,0.4679
10,mid,3,3,15,0.30,true,0.11125,0.00352,0.05121,1.93999,0.00385,0.4316,0.2494,0.5124
10,mid,3,3,15,0.40,true,0.11787,0.00361,0.06673,1.94889,0.00404,0.4958,0.1910,0.5682
10,mid,3,3,15,0.50,true,0.12112,0.00365,0.08740,1.96632,0.00422,0.5663,0.1492,0.6360
10,mid,3,3,15,0.60,true,0.12250,0.00367,0.11123,1.98880,0.00438,0.6319,0.1127,0.7081
10,mid,3,3,15,0.70,true,0.12737,0.00373,0.13760,2.01032,0.00460,0.7011,0.0861,0.7862
10,mid,3,3,15,0.80,true,0.12600,0.00371,0.16574,2.03988,0.00474,0.7681,0.0664,0.8637
10,mid,3,3,15,0.90,true,0.12612,0.00371,0.19568,2.06974,0.00489,0.8373,0.0483,0.9467
10,mid,3,3,15,1.00,true,0.12412,0.00369,0.22719,2.10331,0.00501,0.9097,0.0357,1.0323
10,mid,3,3,15,1.10,true,0.12225,0.00366,0.25807,2.13614,0.00512,0.9796,0.0251,1.1166
10,mid,3,3,15,1.20,true,0.12162,0.00365,0.28882,2.16762,0.00524,1.0544,0.0191,1.2035
10,mid,3,3,20,0.00,true,0.04825,0.00240,0.08055,2.03237,0.00295,0.3571,0.5319,0.6056
10,mid,3,3,20,0.10,true,0.05625,0.00258,0.08630,2.03012,0.00316,0.4270,0.4506,0.6146
10,mid,3,3,20,0.20,true,0.06263,0.00271,0.09565,2.03310,0.00335,0.5000,0.3834,0.6374
10,mid,3,3,20,0.30,true,0.06763,0.00281,0.10893,2.04139,0.00352,0.5739,0.3251,0.6739
10,mid,3,3,20,0.40,true,0.07625,0.00297,0.12339,2.04725,0.00377,0.6373,0.2815,0.7163
10,mid,3,3,20,0.50,true,0.08013,0.00304,0.14196,2.06196,0.00394,0.7002,0.2398,0.7684
10,mid,3,3,20,0.60,true,0.07963,0.00303,0.16347,2.08401,0.00406,0.7598,0.1983,0.8283
10,mid,3,3,20,0.70,true,0.08600,0.00313,0.18568,2.09990,0.00429,0.8235,0.1685,0.8941
10,mid,3,3,20,0.80,true,0.08513,0.00312,0.21138,2.12653,0.00440,0.8892,0.1414,0.9659
10,mid,3,3,20,0.90,true,0.08675,0.00315,0.23804,2.15165,0.00455,0.9537,0.1152,1.0432
10,mid,3,3,20,1.00,true,0.08762,0.00316,0.26412,2.17695,0.00468,1.0206,0.0978,1.1198
10,mid,3,3,20,1.10,true,0.08338,0.00309,0.29162,2.20882,0.00471,1.0848,0.0805,1.1977
10,mid,3,3,20,1.20,true,0.08113,0.00305,0.31893,2.23852,0.00477,1.1511,0.0657,1.2790
10,mid,3,6,10,0.00,true,0.15887,0.00409,0.00149,1.84262,0.00410,0.1965,0.5513,0.2536
10,mid,3,6,10,0.10,true,0.18762,0.00436,0.00112,1.81350,0.00437,0.2452,0.3991,0.2733
10,mid,3,6,10,0.20,true,0.20713,0.00453,0.00151,1.79439,0.00454,0.3021,0.2529,0.3200
10,mid,3,6,10,0.30,true,0.21488,0.00459,0.00279,1.78792,0.00461,0.3688,0.1412,0.3876
10,mid,3,6,10,0.40,true,0.21250,0.00457,0.00513,1.79264,0.00461,0.4450,0.0719,0.4682
10,mid,3,6,10,0.50,true,0.20488,0.00451,0.00917,1.80430,0.00457,0.5363,0.0347,0.5619
10,mid,3,6,10,0.60,true,0.19087,0.00439,0.01496,1.82410,0.00449,0.6303,0.0167,0.6569
10,mid,3,6,10,0.70,true,0.17388,0.00424,0.02283,1.84898,0.00437,0.7248,0.0065,0.7525
10,mid,3,6,10,0.80,true,0.15613,0.00406,0.03231,1.87624,0.00424,0.8188,0.0037,0.8449
10,mid,3,6,10,0.90,true,0.14088,0.00389,0.04465,1.90386,0.00413,0.9203,0.0022,0.9451
10,mid,3,6,10,1.00,true,0.12525,0.00370,0.05928,1.93415,0.00400,1.0213,0.0009,1.0456
10,mid,3,6,10,1.10,true,0.10887,0.00348,0.07628,1.96760,0.00385,1.1230,0.0001,1.1467
10,mid,3,6,10,1.20,true,0.09087,0.00321,0.09559,2.00500,0.00364,1.2246,0.0000,1.2475
10,mid,3,6,15,0.00,true,0.07550,0.00295,0.01411,1.93861,0.00303,0.2824,0.5222,0.3897
10,mid,3,6,15,0.10,true,0.08825,0.00317,0.01308,1.92483,0.00324,0.3291,0.4180,0.4086
10,mid,3,6,15,0.20,true,0.09575,0.00329,0.01412,1.91838,0.00336,0.3828,0.3168,0.4441
10,mid,3,6,15,0.30,true,0.09900,0.00334,0.01734,1.91835,0.00343,0.4449,0.2328,0.4952
10,mid,3,6,15,0.40,true,0.10013,0.00336,0.02267,1.92257,0.00348,0.5112,0.1585,0.5606
10,mid,3,6,15,0.50,true,0.09988,0.00335,0.02985,1.93002,0.00351,0.5862,0.1089,0.6350
10,mid,3,6,15,0.60,true,0.09538,0.00328,0.03932,1.94400,0.00349,0.6672,0.0719,0.7173
10,mid,3,6,15,0.70,true,0.08862,0.00318,0.05067,1.96213,0.00344,0.7505,0.0446,0.8038
10,mid,3,6,15,0.80,true,0.08300,0.00308,0.06422,1.98135,0.00341,0.8411,0.0293,0.8945
10,mid,3,6,15,0.90,true,0.07400,0.00293,0.07939,2.00558,0.00332,0.9307,0.0178,0.9854
10,mid,3,6,15,1.00,true,0.06475,0.00275,0.09671,2.03223,0.00321,1.0268,0.0120,1.0804
10,mid,3,6,15,1.10,true,0.05725,0.00260,0.11619,2.05931,0.00313,1.1265,0.0078,1.1794
10,mid,3,6,15,1.20,true,0.04738,0.00238,0.13564,2.08875,0.00297,1.2179,0.0043,1.2712
10,mid,3,6,20,0.00,true,0.04562,0.00233,0.05354,2.00794,0.00265,0.3735,0.5188,0.5503
10,mid,3,6,20,0.10,true,0.05063,0.00245,0.05287,2.00229,0.00277,0.4186,0.4327,0.5680
10,mid,3,6,20,0.20,true,0.05300,0.00250,0.05507,2.00212,0.00283,0.4711,0.3564,0.5979
10,mid,3,6,20,0.30,true,0.05475,0.00254,0.05995,2.00527,0.00290,0.5265,0.2837,0.6408
10,mid,3,6,20,0.40,true,0.05625,0.00258,0.06710,2.01094,0.00298,0.5851,0.2197,0.6937
10,mid,3,6,20,0.50,true,0.05650,0.00258,0.07656,2.02019,0.00303,0.6535,0.1697,0.7567
10,mid,3,6,20,0.60,true,0.05400,0.00253,0.08810,2.03427,0.00304,0.7262,0.1294,0.8265
10,mid,3,6,20,0.70,true,0.05087,0.00246,0.10174,2.05110,0.00304,0.8024,0.0938,0.9044
10,mid,3,6,20,0.80,true,0.04725,0.00237,0.11646,2.06953,0.00302,0.8812,0.0690,0.9840
10,mid,3,6,20,0.90,true,0.04400,0.00229,0.13295,2.08936,0.00301,0.9645,0.0496,1.0687
10,mid,3,6,20,1.00,true,0.03887,0.00216,0.15068,2.11233,0.00295,1.0509,0.0351,1.1562
10,mid,3,6,20,1.10,true,0.03438,0.00204,0.16999,2.13628,0.00289,1.1423,0.0249,1.2479
10,mid,3,6,20,1.20,true,0.02950,0.00189,0.19003,2.16137,0.00282,1.2325,0.0158,1.3401
10,high,3,12,10,0.00,true,0.28250,0.00503,0.00236,1.71986,0.00505,0.2185,0.6502,0.2422
10,high,3,12,10,0.10,true,0.34313,0.00531,0.00536,1.66224,0.00536,0.2677,0.4936,0.2564
10,high,3,12,10,0.20,true,0.37638,0.00542,0.01103,1.63466,0.00553,0.3239,0.3498,0.2958
10,high,3,12,10,0.30,true,0.39550,0.00547,0.02085,1.62535,0.00569,0.3908,0.2264,0.3599
10,high,3,12,10,0.40,true,0.39625,0.00547,0.03562,1.63938,0.00584,0.4628,0.1356,0.4386
10,high,3,12,10,0.50,true,0.39575,0.00547,0.05570,1.65997,0.00605,0.5425,0.0687,0.5316
10,high,3,12,10,0.60,true,0.38562,0.00544,0.08071,1.69510,0.00626,0.6312,0.0358,0.6276
10,high,3,12,10,0.70,true,0.37362,0.00541,0.10926,1.73568,0.00648,0.7209,0.0180,0.7228
10,high,3,12,10,0.80,true,0.35900,0.00536,0.14205,1.78311,0.00670,0.8179,0.0096,0.8222
10,high,3,12,10,0.90,true,0.34500,0.00531,0.17535,1.83043,0.00690,0.9118,0.0055,0.9174
10,high,3,12,10,1.00,true,0.33175,0.00526,0.21112,1.87949,0.00709,1.0101,0.0021,1.0175
10,high,3,12,10,1.10,true,0.31900,0.00521,0.24653,1.92769,0.00726,1.1078,0.0009,1.1157
10,high,3,12,10,1.20,true,0.30812,0.00516,0.28215,1.97425,0.00742,1.2098,0.0004,1.2178
10,high,3,12,15,0.00,true,0.15975,0.00410,0.01394,1.85420,0.00419,0.3168,0.5788,0.3587
10,high,3,12,15,0.10,true,0.18013,0.00430,0.02138,1.84127,0.00446,0.3626,0.4806,0.3710
10,high,3,12,15,0.20,true,0.19300,0.00441,0.03258,1.83960,0.00467,0.4126,0.3831,0.4000
10,high,3,12,15,0.30,true,0.20525,0.00452,0.04801,1.84278,0.00491,0.4684,0.2894,0.4473
10,high,3,12,15,0.40,true,0.20950,0.00455,0.06812,1.85865,0.00510,0.5352,0.2174,0.5084
10,high,3,12,15,0.50,true,0.21025,0.00456,0.09253,1.88233,0.00530,0.6027,0.1523,0.5815
10,high,3,12,15,0.60,true,0.21150,0.00457,0.12058,1.90914,0.00552,0.6776,0.1029,0.6643
10,high,3,12,15,0.70,true,0.20850,0.00454,0.15117,1.94276,0.00570,0.7602,0.0739,0.7498
10,high,3,12,15,0.80,true,0.20363,0.00450,0.18464,1.98115,0.00587,0.8452,0.0504,0.8406
10,high,3,12,15,0.90,true,0.19750,0.00445,0.21982,2.02250,0.00601,0.9338,0.0346,0.9336
10,high,3,12,15,1.00,true,0.19312,0.00441,0.25548,2.06260,0.00616,1.0254,0.0235,1.0293
10,high,3,12,15,1.10,true,0.18650,0.00435,0.29174,2.10556,0.00627,1.1169,0.0146,1.1255
10,high,3,12,15,1.20,true,0.18050,0.00430,0.32791,2.14783,0.00636,1.2114,0.0082,1.2241
10,high,3,12,20,0.00,true,0.09400,0.00326,0.03875,1.94481,0.00352,0.4122,0.5559,0.4906
10,high,3,12,20,0.10,true,0.10462,0.00342,0.04975,1.94517,0.00378,0.4562,0.4754,0.5026
10,high,3,12,20,0.20,true,0.11100,0.00351,0.06535,1.95440,0.00399,0.5124,0.4021,0.5287
10,high,3,12,20,0.30,true,0.11750,0.00360,0.08229,1.96486,0.00421,0.5626,0.3387,0.5640
10,high,3,12,20,0.40,true,0.12262,0.00367,0.10366,1.98113,0.00443,0.6208,0.2775,0.6120
10,high,3,12,20,0.50,true,0.12750,0.00373,0.12806,2.00068,0.00466,0.6816,0.2209,0.6707
10,high,3,12,20,0.60,true,0.12687,0.00372,0.15538,2.02866,0.00483,0.7481,0.1764,0.7354
10,high,3,12,20,0.70,true,0.12587,0.00371,0.18502,2.05935,0.00499,0.8201,0.1403,0.8076
10,high,3,12,20,0.80,true,0.12712,0.00372,0.21625,2.08940,0.00517,0.8961,0.1091,0.8874
10,high,3,12,20,0.90,true,0.12462,0.00369,0.24909,2.12481,0.00530,0.9709,0.0805,0.9705
10,high,3,12,20,1.00,true,0.12150,0.00365,0.28314,2.16208,0.00541,1.0524,0.0593,1.0588
10,high,3,12,20,1.10,true,0.11912,0.00362,0.31672,2.19816,0.00550,1.1349,0.0420,1.1488
10,high,3,12,20,1.20,true,0.11513,0.00357,0.35047,2.23606,0.00556,1.2248,0.0326,1.2407
10,high,3,3,10,0.00,true,0.09900,0.00334,0.01166,1.91267,0.00341,0.1550,0.5463,0.3084
10,high,3,3,10,0.10,true,0.13350,0.00380,0.01518,1.88170,0.00390,0.2297,0.3824,0.3257
10,high,3,3,10,0.20,true,0.15637,0.00406,0.02272,1.86637,0.00421,0.3006,0.2666,0.3666
10,high,3,3,10,0.30,true,0.16975,0.00420,0.03589,1.86618,0.00444,0.3675,0.1889,0.4231
10,high,3,3,10,0.40,true,0.18238,0.00432,0.05392,1.87160,0.00470,0.4317,0.1332,0.4899
10,high,3,3,10,0.50,true,0.18400,0.00433,0.07737,1.89346,0.00488,0.4961,0.0928,0.5624
10,high,3,3,10,0.60,true,0.18775,0.00437,0.10546,1.91786,0.00511,0.5633,0.0623,0.6423
10,high,3,3,10,0.70,true,0.18738,0.00436,0.13717,1.95001,0.00532,0.6337,0.0425,0.7249
10,high,3,3,10,0.80,true,0.18825,0.00437,0.17261,1.98467,0.00555,0.7091,0.0269,0.8152
10,high,3,3,10,0.90,true,0.18650,0.00435,0.20881,2.02275,0.00574,0.7858,0.0177,0.9050
10,high,3,3,10,1.00,true,0.18163,0.00431,0.24494,2.06392,0.00588,0.8594,0.0102,0.9925
10,high,3,3,10,1.10,true,0.18000,0.00430,0.28077,2.10157,0.00604,0.9390,0.0067,1.0832
10,high,3,3,10,1.20,true,0.17325,0.00423,0.31670,2.14449,0.00613,1.0173,0.0042,1.1734
10,high,3,3,15,0.00,true,0.05613,0.00257,0.06401,2.00801,0.00301,0.2964,0.5373,0.5013
10,high,3,3,15,0.10,true,0.07013,0.00285,0.07061,2.00061,0.00333,0.3688,0.4450,0.5115
10,high,3,3,15,0.20,true,0.08188,0.00307,0.08186,2.00012,0.00361,0.4436,0.3698,0.5383
10,high,3,3,15,0.30,true,0.09337,0.00325,0.09771,2.00450,0.00391,0.5089,0.3064,0.5795
10,high,3,3,15,0.40,true,0.09725,0.00331,0.11865,2.02161,0.00411,0.5728,0.2505,0.6319
10,high,3,3,15,0.50,true,0.10187,0.00338,0.14178,2.04018,0.00433,0.6321,0.2036,0.6905
10,high,3,3,15,0.60,true,0.10337,0.00340,0.16875,2.06574,0.00451,0.6959,0.1665,0.7578
10,high,3,3,15,0.70,true,0.10637,0.00345,0.19666,2.09077,0.00471,0.7578,0.1353,0.8288
10,high,3,3,15,0.80,true,0.10487,0.00343,0.22723,2.12300,0.00485,0.8217,0.1070,0.9063
10,high,3,3,15,0.90,true,0.10550,0.00343,0.25708,2.15242,0.00499,0.8847,0.0861,0.9829
10,high,3,3,15,1.00,true,0.10450,0.00342,0.28834,2.18491,0.00511,0.9525,0.0695,1.0645
10,high,3,3,15,1.10,true,0.10200,0.00338,0.32020,2.21956,0.00519,1.0204,0.0540,1.1488
10,high,3,3,15,1.20,true,0.10013,0.00336,0.35016,2.25173,0.00527,1.0882,0.0428,1.2319
10,high,3,3,20,0.00,true,0.04225,0.00225,0.15122,2.10952,0.00329,0.4815,0.5301,0.7367
10,high,3,3,20,0.10,true,0.05013,0.00244,0.15854,2.10895,0.00352,0.5585,0.4723,0.7449
10,high,3,3,20,0.20,true,0.05250,0.00249,0.17019,2.11825,0.00363,0.6336,0.4182,0.7646
10,high,3,3,20,0.30,true,0.05688,0.00259,0.18609,2.12983,0.00382,0.7088,0.3691,0.7992
10,high,3,3,20,0.40,true,0.06338,0.00272,0.20210,2.13942,0.00404,0.7769,0.3338,0.8393
10,high,3,3,20,0.50,true,0.06375,0.00273,0.22157,2.15863,0.00416,0.8404,0.2987,0.8861
10,high,3,3,20,0.60,true,0.06288,0.00271,0.24319,2.18129,0.00425,0.9031,0.2672,0.9398
10,high,3,3,20,0.70,true,0.06350,0.00273,0.26592,2.20360,0.00437,0.9570,0.2328,0.9994
10,high,3,3,20,0.80,true,0.06725,0.00280,0.28877,2.22294,0.00455,1.0114,0.2013,1.0651
10,high,3,3,20,0.90,true,0.06488,0.00275,0.31344,2.25030,0.00461,1.0721,0.1781,1.1326
10,high,3,3,20,1.00,true,0.06888,0.00283,0.33677,2.26998,0.00478,1.1340,0.1571,1.2057
10,high,3,3,20,1.10,true,0.06613,0.00278,0.36146,2.29783,0.00481,1.1930,0.1375,1.2782
10,high,3,3,20,1.20,true,0.06738,0.00280,0.38467,2.32027,0.00492,1.2478,0.1161,1.3548
10,high,3,6,10,0.00,true,0.13112,0.00377,0.00550,1.87437,0.00380,0.2151,0.5441,0.2876
10,high,3,6,10,0.10,true,0.14913,0.00398,0.00486,1.85574,0.00401,0.2621,0.4025,0.3072
10,high,3,6,10,0.20,true,0.16212,0.00412,0.00616,1.84405,0.00416,0.3185,0.2691,0.3515
10,high,3,6,10,0.30,true,0.16712,0.00417,0.00949,1.84239,0.00423,0.3839,0.1642,0.4153
10,high,3,6,10,0.40,true,0.16475,0.00415,0.01489,1.85018,0.00424,0.4568,0.0935,0.4911
10,high,3,6,10,0.50,true,0.15750,0.00407,0.02318,1.86576,0.00421,0.5437,0.0496,0.5808
10,high,3,6,10,0.60,true,0.14950,0.00399,0.03407,1.88470,0.00419,0.6351,0.0257,0.6741
10,high,3,6,10,0.70,true,0.13637,0.00384,0.04774,1.91157,0.00411,0.7300,0.0138,0.7692
10,high,3,6,10,0.80,true,0.12525,0.00370,0.06303,1.93809,0.00405,0.8200,0.0064,0.8599
10,high,3,6,10,0.90,true,0.11375,0.00355,0.08206,1.96878,0.00398,0.9199,0.0038,0.9585
10,high,3,6,10,1.00,true,0.10025,0.00336,0.10363,2.00404,0.00388,1.0199,0.0022,1.0574
10,high,3,6,10,1.10,true,0.08662,0.00314,0.12770,2.04199,0.00375,1.1209,0.0008,1.1580
10,high,3,6,10,1.20,true,0.07287,0.00291,0.15378,2.08214,0.00359,1.2220,0.0005,1.2582
10,high,3,6,15,0.00,true,0.05887,0.00263,0.04000,1.98118,0.00286,0.3114,0.5191,0.4565
10,high,3,6,15,0.10,true,0.06788,0.00281,0.03941,1.97161,0.00304,0.3562,0.4227,0.4764
10,high,3,6,15,0.20,true,0.06950,0.00284,0.04237,1.97297,0.00309,0.4103,0.3307,0.5109
10,high,3,6,15,0.30,true,0.07175,0.00289,0.04864,1.97703,0.00317,0.4700,0.2513,0.5595
10,high,3,6,15,0.40,true,0.07212,0.00289,0.05809,1.98617,0.00323,0.5355,0.1848,0.6199
10,high,3,6,15,0.50,true,0.07300,0.00291,0.07002,1.99731,0.00331,0.6058,0.1331,0.6894
10,high,3,6,15,0.60,true,0.07100,0.00287,0.08500,2.01440,0.00335,0.6826,0.0910,0.7685
10,high,3,6,15,0.70,true,0.06825,0.00282,0.10178,2.03408,0.00338,0.7632,0.0637,0.8498
10,high,3,6,15,0.80,true,0.06225,0.00270,0.12134,2.05983,0.00335,0.8499,0.0421,0.9385
10,high,3,6,15,0.90,true,0.05525,0.00255,0.14210,2.08783,0.00329,0.9377,0.0292,1.0262
10,high,3,6,15,1.00,true,0.04825,0.00240,0.16491,2.11793,0.00321,1.0287,0.0186,1.1185
10,high,3,6,15,1.10,true,0.04312,0.00227,0.18966,2.14816,0.00317,1.1268,0.0131,1.2155
10,high,3,6,15,1.20,true,0.03913,0.00217,0.21350,2.17636,0.00314,1.2192,0.0099,1.3068
10,high,3,6,20,0.00,true,0.03238,0.00198,0.12084,2.08876,0.00278,0.4071,0.5178,0.6588
10,high,3,6,20,0.10,true,0.03712,0.00211,0.12146,2.08470,0.00291,0.4518,0.4388,0.6793
10,high,3,6,20,0.20,true,0.03712,0.00211,0.12561,2.08893,0.00294,0.5042,0.3692,0.7092
10,high,3,6,20,0.30,true,0.03837,0.00215,0.13286,2.09504,0.00301,0.5584,0.3039,0.7498
10,high,3,6,20,0.40,true,0.03913,0.00217,0.14298,2.10454,0.00308,0.6185,0.2467,0.8007
10,high,3,6,20,0.50,true,0.03975,0.00218,0.15557,2.11668,0.00316,0.6822,0.1957,0.8602
10,high,3,6,20,0.60,true,0.03800,0.00214,0.17044,2.13350,0.00318,0.7519,0.1538,0.9269
10,high,3,6,20,0.70,true,0.03687,0.00211,0.18735,2.15179,0.00322,0.8276,0.1202,1.0009
10,high,3,6,20,0.80,true,0.03450,0.00204,0.20521,2.17231,0.00322,0.9005,0.0910,1.0763
10,high,3,6,20,0.90,true,0.03075,0.00193,0.22489,2.19608,0.00317,0.9801,0.0682,1.1574
10,high,3,6,20,1.00,true,0.02712,0.00182,0.24542,2.22061,0.00313,1.0632,0.0523,1.2406
10,high,3,6,20,1.10,true,0.02400,0.00171,0.26733,2.24610,0.00308,1.1509,0.0391,1.3290
10,high,3,6,20,1.20,true,0.02187,0.00164,0.28953,2.27092,0.00305,1.2384,0.0275,1.4194
12,tour,0,12,10,0.00,true,0.27775,0.00501,0.00003,1.72228,0.00501,0.1607,0.6359,0.1948
12,tour,0,12,10,0.10,true,0.35187,0.00534,0.00008,1.64820,0.00534,0.2099,0.4285,0.2118
12,tour,0,12,10,0.20,true,0.39263,0.00546,0.00028,1.60766,0.00546,0.2704,0.2422,0.2634
12,tour,0,12,10,0.30,true,0.40887,0.00550,0.00085,1.59197,0.00550,0.3409,0.1140,0.3390
12,tour,0,12,10,0.40,true,0.40787,0.00549,0.00217,1.59429,0.00552,0.4250,0.0469,0.4295
12,tour,0,12,10,0.50,true,0.39563,0.00547,0.00475,1.60913,0.00551,0.5155,0.0192,0.5231
12,tour,0,12,10,0.60,true,0.38412,0.00544,0.00917,1.62505,0.00552,0.6113,0.0071,0.6206
12,tour,0,12,10,0.70,true,0.37038,0.00540,0.01600,1.64563,0.00554,0.7100,0.0014,0.7204
12,tour,0,12,10,0.80,true,0.35663,0.00536,0.02556,1.66893,0.00558,0.8095,0.0006,0.8190
12,tour,0,12,10,0.90,true,0.34463,0.00531,0.03798,1.69336,0.00564,0.9090,0.0004,0.9177
12,tour,0,12,10,1.00,true,0.33175,0.00526,0.05347,1.72172,0.00571,1.0090,0.0000,1.0174
12,tour,0,12,10,1.10,true,0.32025,0.00522,0.07155,1.75130,0.00580,1.1087,0.0000,1.1166
12,tour,0,12,10,1.20,true,0.30788,0.00516,0.09232,1.78445,0.00590,1.2098,0.0000,1.2173
12,tour,0,12,15,0.00,true,0.16237,0.00412,0.00072,1.83835,0.00413,0.2452,0.5781,0.2886
12,tour,0,12,15,0.10,true,0.19087,0.00439,0.00101,1.81014,0.00440,0.2903,0.4445,0.3019
12,tour,0,12,15,0.20,true,0.21613,0.00460,0.00194,1.78582,0.00461,0.3442,0.3191,0.3394
12,tour,0,12,15,0.30,true,0.23237,0.00472,0.00376,1.77138,0.00475,0.4069,0.2141,0.3974
12,tour,0,12,15,0.40,true,0.23800,0.00476,0.00691,1.76891,0.00481,0.4765,0.1337,0.4701
12,tour,0,12,15,0.50,true,0.24225,0.00479,0.01175,1.76950,0.00487,0.5546,0.0782,0.5542
12,tour,0,12,15,0.60,true,0.23975,0.00477,0.01869,1.77894,0.00491,0.6415,0.0483,0.6439
12,tour,0,12,15,0.70,true,0.23212,0.00472,0.02821,1.79609,0.00492,0.7293,0.0259,0.7371
12,tour,0,12,15,0.80,true,0.22425,0.00466,0.04035,1.81611,0.00494,0.8219,0.0135,0.8330
12,tour,0,12,15,0.90,true,0.21813,0.00462,0.05516,1.83704,0.00500,0.9194,0.0085,0.9307
12,tour,0,12,15,1.00,true,0.21113,0.00456,0.07264,1.86152,0.00505,1.0165,0.0043,1.0292
12,tour,0,12,15,1.10,true,0.20312,0.00450,0.09247,1.88935,0.00511,1.1144,0.0024,1.1272
12,tour,0,12,15,1.20,true,0.19500,0.00443,0.11472,1.91972,0.00517,1.2136,0.0012,1.2264
12,tour,0,12,20,0.00,true,0.10525,0.00343,0.00361,1.89836,0.00345,0.3201,0.5481,0.3843
12,tour,0,12,20,0.10,true,0.12187,0.00366,0.00433,1.88245,0.00368,0.3679,0.4507,0.3973
12,tour,0,12,20,0.20,true,0.13687,0.00384,0.00623,1.86935,0.00388,0.4200,0.3563,0.4280
12,tour,0,12,20,0.30,true,0.14988,0.00399,0.00951,1.85963,0.00405,0.4794,0.2738,0.4752
12,tour,0,12,20,0.40,true,0.15762,0.00407,0.01438,1.85676,0.00416,0.5410,0.2011,0.5346
12,tour,0,12,20,0.50,true,0.15962,0.00409,0.02116,1.86154,0.00423,0.6076,0.1415,0.6043
12,tour,0,12,20,0.60,true,0.15975,0.00410,0.03005,1.87030,0.00429,0.6842,0.1003,0.6827
12,tour,0,12,20,0.70,true,0.15550,0.00405,0.04126,1.88576,0.00431,0.7635,0.0678,0.7668
12,tour,0,12,20,0.80,true,0.15263,0.00402,0.05492,1.90230,0.00436,0.8486,0.0440,0.8575
12,tour,0,12,20,0.90,true,0.14838,0.00397,0.07082,1.92245,0.00441,0.9351,0.0277,0.9488
12,tour,0,12,20,1.00,true,0.14413,0.00393,0.08897,1.94485,0.00447,1.0257,0.0164,1.0435
12,tour,0,12,20,1.10,true,0.13862,0.00386,0.10926,1.97065,0.00451,1.1204,0.0102,1.1398
12,tour,0,12,20,1.20,true,0.13262,0.00379,0.13165,1.99904,0.00455,1.2180,0.0075,1.2369
12,scratch,0,12,10,0.00,true,0.24063,0.00478,0.00011,1.75949,0.00478,0.1711,0.6163,0.2093
12,scratch,0,12,10,0.10,true,0.30250,0.00514,0.00025,1.69775,0.00514,0.2210,0.4249,0.2271
12,scratch,0,12,10,0.20,true,0.33850,0.00529,0.00074,1.66224,0.00530,0.2799,0.2534,0.2758
12,scratch,0,12,10,0.30,true,0.35213,0.00534,0.00193,1.64981,0.00536,0.3498,0.1300,0.3489
12,scratch,0,12,10,0.40,true,0.35025,0.00533,0.00438,1.65413,0.00537,0.4308,0.0616,0.4349
12,scratch,0,12,10,0.50,true,0.34400,0.00531,0.00882,1.66482,0.00539,0.5186,0.0244,0.5285
12,scratch,0,12,10,0.60,true,0.33237,0.00527,0.01586,1.68349,0.00540,0.6133,0.0112,0.6241
12,scratch,0,12,10,0.70,true,0.32262,0.00523,0.02606,1.70343,0.00544,0.7104,0.0044,0.7221
12,scratch,0,12,10,0.80,true,0.31150,0.00518,0.03963,1.72814,0.00550,0.8085,0.0009,0.8209
12,scratch,0,12,10,0.90,true,0.29900,0.00512,0.05670,1.75771,0.00557,0.9087,0.0005,0.9201
12,scratch,0,12,10,1.00,true,0.28575,0.00505,0.07691,1.79116,0.00564,1.0095,0.0004,1.0202
12,scratch,0,12,10,1.10,true,0.27225,0.00498,0.09970,1.82746,0.00572,1.1096,0.0000,1.1200
12,scratch,0,12,10,1.20,true,0.25962,0.00490,0.12472,1.86512,0.00580,1.2100,0.0000,1.2199
12,scratch,0,12,15,0.00,true,0.13425,0.00381,0.00187,1.86762,0.00382,0.2638,0.5664,0.3155
12,scratch,0,12,15,0.10,true,0.15825,0.00408,0.00248,1.84423,0.00409,0.3076,0.4409,0.3298
12,scratch,0,12,15,0.20,true,0.17550,0.00425,0.00422,1.82872,0.00428,0.3611,0.3267,0.3652
12,scratch,0,12,15,0.30,true,0.18725,0.00436,0.00745,1.82020,0.00441,0.4216,0.2267,0.4199
12,scratch,0,12,15,0.40,true,0.19375,0.00442,0.01267,1.81892,0.00450,0.4903,0.1512,0.4888
12,scratch,0,12,15,0.50,true,0.19662,0.00444,0.02018,1.82356,0.00458,0.5647,0.0944,0.5682
12,scratch,0,12,15,0.60,true,0.19625,0.00444,0.03030,1.83406,0.00464,0.6476,0.0583,0.6554
12,scratch,0,12,15,0.70,true,0.19212,0.00440,0.04341,1.85128,0.00469,0.7351,0.0354,0.7468
12,scratch,0,12,15,0.80,true,0.18525,0.00434,0.05945,1.87421,0.00473,0.8254,0.0209,0.8402
12,scratch,0,12,15,0.90,true,0.17913,0.00429,0.07822,1.89910,0.00479,0.9180,0.0110,0.9358
12,scratch,0,12,15,1.00,true,0.17263,0.00423,0.09983,1.92722,0.00485,1.0168,0.0076,1.0340
12,scratch,0,12,15,1.10,true,0.16550,0.00415,0.12372,1.95823,0.00491,1.1140,0.0040,1.1322
12,scratch,0,12,15,1.20,true,0.15762,0.00407,0.14964,1.99204,0.00496,1.2125,0.0024,1.2308
12,scratch,0,12,20,0.00,true,0.08450,0.00311,0.00813,1.92363,0.00315,0.3425,0.5396,0.4266
12,scratch,0,12,20,0.10,true,0.09688,0.00331,0.00945,1.91258,0.00336,0.3909,0.4505,0.4401
12,scratch,0,12,20,0.20,true,0.10562,0.00344,0.01262,1.90699,0.00350,0.4418,0.3630,0.4690
12,scratch,0,12,20,0.30,true,0.11450,0.00356,0.01776,1.90326,0.00366,0.4969,0.2805,0.5138
12,scratch,0,12,20,0.40,true,0.12050,0.00364,0.02511,1.90461,0.00379,0.5613,0.2166,0.5705
12,scratch,0,12,20,0.50,true,0.12050,0.00364,0.03473,1.91423,0.00385,0.6265,0.1602,0.6358
12,scratch,0,12,20,0.60,true,0.12162,0.00365,0.04675,1.92513,0.00394,0.6973,0.1146,0.7102
12,scratch,0,12,20,0.70,true,0.12050,0.00364,0.06147,1.94098,0.00401,0.7745,0.0803,0.7915
12,scratch,0,12,20,0.80,true,0.11875,0.00362,0.07866,1.95992,0.00409,0.8574,0.0566,0.8774
12,scratch,0,12,20,0.90,true,0.11638,0.00359,0.09799,1.98163,0.00417,0.9428,0.0389,0.9664
12,scratch,0,12,20,1.00,true,0.11013,0.00350,0.12000,2.00990,0.00419,1.0305,0.0249,1.0586
12,scratch,0,12,20,1.10,true,0.10525,0.00343,0.14375,2.03853,0.00424,1.1220,0.0158,1.1529
12,scratch,0,12,20,1.20,true,0.10100,0.00337,0.16917,2.06821,0.00429,1.2175,0.0104,1.2494
12,mid,0,12,10,0.00,true,0.18388,0.00433,0.00065,1.81677,0.00433,0.1863,0.5885,0.2343
12,mid,0,12,10,0.10,true,0.22775,0.00469,0.00119,1.77344,0.00470,0.2356,0.4168,0.2528
12,mid,0,12,10,0.20,true,0.25738,0.00489,0.00285,1.74548,0.00491,0.2955,0.2675,0.2996
12,mid,0,12,10,0.30,true,0.27175,0.00497,0.00637,1.73462,0.00502,0.3625,0.1505,0.3681
12,mid,0,12,10,0.40,true,0.27025,0.00497,0.01273,1.74248,0.00506,0.4391,0.0762,0.4501
12,mid,0,12,10,0.50,true,0.26325,0.00492,0.02274,1.75949,0.00510,0.5256,0.0378,0.5401
12,mid,0,12,10,0.60,true,0.25438,0.00487,0.03677,1.78241,0.00514,0.6164,0.0179,0.6334
12,mid,0,12,10,0.70,true,0.24138,0.00478,0.05528,1.81393,0.00519,0.7110,0.0082,0.7290
12,mid,0,12,10,0.80,true,0.23000,0.00471,0.07772,1.84775,0.00525,0.8084,0.0044,0.8261
12,mid,0,12,10,0.90,true,0.22050,0.00464,0.10368,1.88323,0.00535,0.9056,0.0008,0.9243
12,mid,0,12,10,1.00,true,0.20950,0.00455,0.13271,1.92329,0.00543,1.0052,0.0005,1.0230
12,mid,0,12,10,1.10,true,0.19912,0.00446,0.16370,1.96469,0.00551,1.1047,0.0003,1.1216
12,mid,0,12,10,1.20,true,0.19000,0.00439,0.19610,2.00625,0.00559,1.2043,0.0002,1.2208
12,mid,0,12,15,0.00,true,0.09800,0.00332,0.00735,1.90935,0.00336,0.2865,0.5509,0.3639
12,mid,0,12,15,0.10,true,0.11275,0.00354,0.00917,1.89642,0.00359,0.3316,0.4376,0.3796
12,mid,0,12,15,0.20,true,0.12450,0.00369,0.01342,1.88892,0.00377,0.3841,0.3341,0.4138
12,mid,0,12,15,0.30,true,0.13237,0.00379,0.02059,1.88822,0.00391,0.4428,0.2436,0.4642
12,mid,0,12,15,0.40,true,0.13812,0.00386,0.03102,1.89290,0.00405,0.5080,0.1693,0.5287
12,mid,0,12,15,0.50,true,0.13687,0.00384,0.04482,1.90797,0.00412,0.5789,0.1137,0.6019
12,mid,0,12,15,0.60,true,0.13662,0.00384,0.06203,1.92543,0.00423,0.6572,0.0746,0.6833
12,mid,0,12,15,0.70,true,0.13612,0.00383,0.08260,1.94651,0.00435,0.7433,0.0498,0.7713
12,mid,0,12,15,0.80,true,0.13162,0.00378,0.10630,1.97474,0.00442,0.8294,0.0308,0.8612
12,mid,0,12,15,0.90,true,0.12600,0.00371,0.13278,2.00687,0.00449,0.9204,0.0205,0.9532
12,mid,0,12,15,1.00,true,0.12025,0.00364,0.16203,2.04190,0.00456,1.0131,0.0112,1.0488
12,mid,0,12,15,1.10,true,0.11525,0.00357,0.19269,2.07761,0.00463,1.1109,0.0083,1.1453
12,mid,0,12,15,1.20,true,0.11000,0.00350,0.22477,2.11499,0.00468,1.2079,0.0049,1.2431
12,mid,0,12,20,0.00,true,0.05750,0.00260,0.02768,1.97018,0.00275,0.3725,0.5304,0.5072
12,mid,0,12,20,0.10,true,0.06525,0.00276,0.03072,1.96548,0.00293,0.4190,0.4484,0.5217
12,mid,0,12,20,0.20,true,0.06900,0.00283,0.03694,1.96795,0.00304,0.4682,0.3676,0.5494
12,mid,0,12,20,0.30,true,0.07300,0.00291,0.04626,1.97328,0.00318,0.5244,0.2971,0.5903
12,mid,0,12,20,0.40,true,0.07800,0.00300,0.05869,1.98072,0.00335,0.5856,0.2350,0.6434
12,mid,0,12,20,0.50,true,0.07925,0.00302,0.07422,1.99501,0.00347,0.6501,0.1821,0.7047
12,mid,0,12,20,0.60,true,0.07762,0.00299,0.09297,2.01540,0.00355,0.7180,0.1367,0.7736
12,mid,0,12,20,0.70,true,0.07525,0.00295,0.11434,2.03917,0.00362,0.7913,0.1012,0.8488
12,mid,0,12,20,0.80,true,0.07412,0.00293,0.13816,2.06414,0.00373,0.8698,0.0741,0.9299
12,mid,0,12,20,0.90,true,0.07350,0.00292,0.16415,2.09080,0.00384,0.9541,0.0545,1.0160
12,mid,0,12,20,1.00,true,0.07212,0.00289,0.19184,2.11990,0.00393,1.0397,0.0383,1.1051
12,mid,0,12,20,1.10,true,0.06950,0.00284,0.22087,2.15162,0.00400,1.1279,0.0266,1.1959
12,mid,0,12,20,1.20,true,0.06688,0.00279,0.25112,2.18457,0.00405,1.2202,0.0186,1.2895
12,high,0,12,10,0.00,true,0.14538,0.00394,0.00286,1.85749,0.00396,0.2056,0.5706,0.2643
12,high,0,12,10,0.10,true,0.17625,0.00426,0.00431,1.82806,0.00429,0.2551,0.4176,0.2833
12,high,0,12,10,0.20,true,0.19700,0.00445,0.00842,1.81143,0.00450,0.3128,0.2821,0.3270
12,high,0,12,10,0.30,true,0.20738,0.00453,0.01615,1.80879,0.00465,0.3774,0.1732,0.3907
12,high,0,12,10,0.40,true,0.20713,0.00453,0.02821,1.82111,0.00473,0.4488,0.0970,0.4668
12,high,0,12,10,0.50,true,0.20325,0.00450,0.04532,1.84212,0.00482,0.5320,0.0546,0.5526
12,high,0,12,10,0.60,true,0.19775,0.00445,0.06747,1.86980,0.00492,0.6195,0.0277,0.6441
12,high,0,12,10,0.70,true,0.19062,0.00439,0.09399,1.90350,0.00503,0.7127,0.0159,0.7377
12,high,0,12,10,0.80,true,0.18213,0.00432,0.12471,1.94278,0.00513,0.8079,0.0076,0.8343
12,high,0,12,10,0.90,true,0.17313,0.00423,0.15850,1.98566,0.00522,0.9054,0.0045,0.9314
12,high,0,12,10,1.00,true,0.16575,0.00416,0.19389,2.02854,0.00532,1.0023,0.0015,1.0292
12,high,0,12,10,1.10,true,0.15825,0.00408,0.23050,2.07278,0.00541,1.1011,0.0004,1.1278
12,high,0,12,10,1.20,true,0.14938,0.00399,0.26797,2.11930,0.00546,1.2010,0.0003,1.2270
12,high,0,12,15,0.00,true,0.07350,0.00292,0.02228,1.94880,0.00304,0.3144,0.5430,0.4193
12,high,0,12,15,0.10,true,0.08550,0.00313,0.02595,1.94048,0.00327,0.3588,0.4404,0.4363
12,high,0,12,15,0.20,true,0.09300,0.00325,0.03367,1.94071,0.00344,0.4093,0.3454,0.4687
12,high,0,12,15,0.30,true,0.09950,0.00335,0.04559,1.94615,0.00362,0.4669,0.2636,0.5159
12,high,0,12,15,0.40,true,0.10275,0.00339,0.06173,1.95906,0.00378,0.5301,0.1945,0.5752
12,high,0,12,15,0.50,true,0.10400,0.00341,0.08196,1.97809,0.00392,0.5995,0.1390,0.6450
12,high,0,12,15,0.60,true,0.10187,0.00338,0.10601,2.00432,0.00403,0.6748,0.0984,0.7215
12,high,0,12,15,0.70,true,0.10025,0.00336,0.13335,2.03335,0.00416,0.7536,0.0657,0.8048
12,high,0,12,15,0.80,true,0.10038,0.00336,0.16322,2.06319,0.00431,0.8418,0.0470,0.8936
12,high,0,12,15,0.90,true,0.09550,0.00329,0.19574,2.10070,0.00438,0.9276,0.0301,0.9835
12,high,0,12,15,1.00,true,0.09162,0.00323,0.22962,2.13860,0.00446,1.0202,0.0211,1.0767
12,high,0,12,15,1.10,true,0.08712,0.00315,0.26467,2.17832,0.00451,1.1128,0.0131,1.1714
12,high,0,12,15,1.20,true,0.08400,0.00310,0.29977,2.21676,0.00457,1.2100,0.0094,1.2682
12,high,0,12,20,0.00,true,0.04163,0.00223,0.07079,2.02925,0.00265,0.4075,0.5273,0.5987
12,high,0,12,20,0.10,true,0.04612,0.00235,0.07600,2.02997,0.00279,0.4553,0.4542,0.6146
12,high,0,12,20,0.20,true,0.04888,0.00241,0.08517,2.03642,0.00292,0.5031,0.3802,0.6421
12,high,0,12,20,0.30,true,0.05187,0.00248,0.09828,2.04656,0.00307,0.5587,0.3167,0.6809
12,high,0,12,20,0.40,true,0.05575,0.00257,0.11499,2.05945,0.00326,0.6173,0.2569,0.7312
12,high,0,12,20,0.50,true,0.05738,0.00260,0.13501,2.07791,0.00341,0.6809,0.2066,0.7895
12,high,0,12,20,0.60,true,0.05738,0.00260,0.15788,2.10086,0.00354,0.7468,0.1632,0.8541
12,high,0,12,20,0.70,true,0.05613,0.00257,0.18359,2.12792,0.00364,0.8163,0.1257,0.9253
12,high,0,12,20,0.80,true,0.05462,0.00254,0.21135,2.15732,0.00373,0.8930,0.0981,1.0019
12,high,0,12,20,0.90,true,0.05312,0.00251,0.24064,2.18826,0.00381,0.9704,0.0735,1.0828
12,high,0,12,20,1.00,true,0.05100,0.00246,0.27119,2.22112,0.00386,1.0542,0.0569,1.1671
12,high,0,12,20,1.10,true,0.04938,0.00242,0.30250,2.25428,0.00392,1.1387,0.0418,1.2550
12,high,0,12,20,1.20,true,0.04800,0.00239,0.33410,2.28751,0.00396,1.2253,0.0298,1.3453
12,tour,1,12,10,0.00,true,0.33113,0.00526,0.00003,1.66890,0.00526,0.1674,0.6731,0.1932
12,tour,1,12,10,0.10,true,0.41263,0.00550,0.00011,1.58748,0.00551,0.2118,0.4595,0.2068
12,tour,1,12,10,0.20,true,0.46275,0.00557,0.00040,1.53765,0.00558,0.2722,0.2624,0.2579
12,tour,1,12,10,0.30,true,0.48575,0.00559,0.00120,1.51545,0.00560,0.3465,0.1237,0.3383
12,tour,1,12,10,0.40,true,0.48300,0.00559,0.00297,1.51997,0.00562,0.4283,0.0515,0.4283
12,tour,1,12,10,0.50,true,0.47237,0.00558,0.00647,1.53409,0.00565,0.5231,0.0225,0.5264
12,tour,1,12,10,0.60,true,0.46113,0.00557,0.01224,1.55112,0.00571,0.6212,0.0081,0.6275
12,tour,1,12,10,0.70,true,0.44788,0.00556,0.02025,1.57238,0.00578,0.7133,0.0036,0.7202
12,tour,1,12,10,0.80,true,0.43625,0.00554,0.03207,1.59582,0.00588,0.8176,0.0022,0.8239
12,tour,1,12,10,0.90,true,0.42475,0.00553,0.04553,1.62078,0.00599,0.9113,0.0007,0.9181
12,tour,1,12,10,1.00,true,0.41013,0.00550,0.06259,1.65247,0.00612,1.0117,0.0004,1.0180
12,tour,1,12,10,1.10,true,0.39950,0.00548,0.08139,1.68189,0.00626,1.1116,0.0002,1.1177
12,tour,1,12,10,1.20,true,0.38612,0.00544,0.10245,1.71633,0.00640,1.2115,0.0000,1.2175
12,tour,1,12,15,0.00,true,0.19437,0.00442,0.00065,1.80627,0.00443,0.2495,0.5971,0.2821
12,tour,1,12,15,0.10,true,0.23613,0.00475,0.00126,1.76513,0.00476,0.2976,0.4656,0.2965
12,tour,1,12,15,0.20,true,0.26488,0.00493,0.00264,1.73776,0.00495,0.3476,0.3307,0.3334
12,tour,1,12,15,0.30,true,0.28375,0.00504,0.00515,1.72140,0.00508,0.4099,0.2223,0.3916
12,tour,1,12,15,0.40,true,0.29263,0.00509,0.00938,1.71675,0.00516,0.4823,0.1414,0.4665
12,tour,1,12,15,0.50,true,0.29450,0.00510,0.01572,1.72122,0.00522,0.5621,0.0877,0.5510
12,tour,1,12,15,0.60,true,0.29225,0.00508,0.02456,1.73231,0.00528,0.6458,0.0493,0.6425
12,tour,1,12,15,0.70,true,0.28575,0.00505,0.03600,1.75025,0.00534,0.7353,0.0282,0.7367
12,tour,1,12,15,0.80,true,0.27687,0.00500,0.05050,1.77363,0.00540,0.8281,0.0149,0.8338
12,tour,1,12,15,0.90,true,0.26963,0.00496,0.06814,1.79852,0.00549,0.9263,0.0060,0.9359
12,tour,1,12,15,1.00,true,0.26175,0.00491,0.08672,1.82497,0.00557,1.0192,0.0030,1.0295
12,tour,1,12,15,1.10,true,0.25325,0.00486,0.10971,1.85646,0.00567,1.1232,0.0012,1.1340
12,tour,1,12,15,1.20,true,0.24588,0.00481,0.13143,1.88556,0.00576,1.2150,0.0007,1.2255
12,tour,1,12,20,0.00,true,0.12862,0.00374,0.00300,1.87438,0.00376,0.3171,0.5701,0.3675
12,tour,1,12,20,0.10,true,0.14800,0.00397,0.00446,1.85646,0.00400,0.3602,0.4686,0.3776
12,tour,1,12,20,0.20,true,0.16287,0.00413,0.00718,1.84430,0.00417,0.4078,0.3661,0.4060
12,tour,1,12,20,0.30,true,0.17600,0.00426,0.01146,1.83546,0.00433,0.4629,0.2723,0.4530
12,tour,1,12,20,0.40,true,0.18388,0.00433,0.01759,1.83371,0.00445,0.5265,0.1960,0.5142
12,tour,1,12,20,0.50,true,0.18812,0.00437,0.02559,1.83747,0.00455,0.6004,0.1452,0.5850
12,tour,1,12,20,0.60,true,0.19000,0.00439,0.03604,1.84604,0.00464,0.6736,0.0977,0.6650
12,tour,1,12,20,0.70,true,0.18850,0.00437,0.04914,1.86064,0.00471,0.7557,0.0658,0.7520
12,tour,1,12,20,0.80,true,0.18488,0.00434,0.06478,1.87990,0.00478,0.8401,0.0417,0.8428
12,tour,1,12,20,0.90,true,0.17988,0.00429,0.08278,1.90291,0.00485,0.9277,0.0251,0.9361
12,tour,1,12,20,1.00,true,0.17350,0.00423,0.10313,1.92963,0.00491,1.0198,0.0165,1.0304
12,tour,1,12,20,1.10,true,0.16787,0.00418,0.12649,1.95862,0.00499,1.1186,0.0098,1.1316
12,tour,1,12,20,1.20,true,0.16287,0.00413,0.15103,1.98816,0.00506,1.2160,0.0046,1.2319
12,tour,1,3,10,0.00,true,0.24800,0.00483,0.00006,1.75206,0.00483,0.1389,0.5708,0.2004
12,tour,1,3,10,0.10,true,0.32150,0.00522,0.00011,1.67861,0.00522,0.2062,0.4000,0.2191
12,tour,1,3,10,0.20,true,0.36525,0.00538,0.00036,1.63511,0.00539,0.2652,0.2269,0.2703
12,tour,1,3,10,0.30,true,0.38300,0.00543,0.00105,1.61805,0.00544,0.3385,0.1212,0.3432
12,tour,1,3,10,0.40,true,0.38388,0.00544,0.00290,1.61903,0.00546,0.4252,0.0517,0.4359
12,tour,1,3,10,0.50,true,0.37838,0.00542,0.00599,1.62762,0.00548,0.5057,0.0233,0.5208
12,tour,1,3,10,0.60,true,0.37275,0.00541,0.01154,1.63879,0.00551,0.6015,0.0102,0.6185
12,tour,1,3,10,0.70,true,0.36775,0.00539,0.02000,1.65225,0.00557,0.7014,0.0030,0.7199
12,tour,1,3,10,0.80,true,0.35775,0.00536,0.03106,1.67331,0.00564,0.7958,0.0012,0.8148
12,tour,1,3,10,0.90,true,0.34913,0.00533,0.04562,1.69650,0.00573,0.8942,0.0006,0.9132
12,tour,1,3,10,1.00,true,0.33987,0.00530,0.06360,1.72373,0.00584,0.9942,0.0000,1.0139
12,tour,1,3,10,1.10,true,0.33050,0.00526,0.08399,1.75349,0.00596,1.0930,0.0000,1.1128
12,tour,1,3,10,1.20,true,0.32050,0.00522,0.10661,1.78611,0.00609,1.1922,0.0000,1.2125
12,tour,1,3,15,0.00,true,0.14275,0.00391,0.00099,1.85824,0.00392,0.1863,0.5822,0.2948
12,tour,1,3,15,0.10,true,0.17888,0.00428,0.00133,1.82246,0.00429,0.2777,0.4406,0.3082
12,tour,1,3,15,0.20,true,0.20438,0.00451,0.00241,1.79803,0.00452,0.3356,0.3185,0.3453
12,tour,1,3,15,0.30,true,0.22050,0.00464,0.00463,1.78413,0.00467,0.3983,0.2150,0.4021
12,tour,1,3,15,0.40,true,0.23100,0.00471,0.00836,1.77736,0.00477,0.4665,0.1409,0.4717
12,tour,1,3,15,0.50,true,0.23250,0.00472,0.01405,1.78155,0.00482,0.5410,0.0868,0.5512
12,tour,1,3,15,0.60,true,0.22925,0.00470,0.02221,1.79296,0.00486,0.6215,0.0511,0.6372
12,tour,1,3,15,0.70,true,0.22487,0.00467,0.03327,1.80839,0.00490,0.7084,0.0297,0.7282
12,tour,1,3,15,0.80,true,0.22087,0.00464,0.04733,1.82646,0.00497,0.8009,0.0175,0.8233
12,tour,1,3,15,0.90,true,0.21400,0.00459,0.06430,1.85030,0.00503,0.8933,0.0089,0.9186
12,tour,1,3,15,1.00,true,0.20700,0.00453,0.08411,1.87711,0.00510,0.9882,0.0041,1.0153
12,tour,1,3,15,1.10,true,0.20025,0.00447,0.10611,1.90586,0.00518,1.0845,0.0022,1.1120
12,tour,1,3,15,1.20,true,0.19375,0.00442,0.13036,1.93661,0.00526,1.1825,0.0008,1.2107
12,tour,1,3,20,0.00,true,0.09550,0.00329,0.00513,1.90963,0.00331,0.2447,0.5415,0.3917
12,tour,1,3,20,0.10,true,0.11313,0.00354,0.00596,1.89284,0.00357,0.3493,0.4461,0.4054
12,tour,1,3,20,0.20,true,0.12725,0.00373,0.00799,1.88074,0.00377,0.4056,0.3532,0.4355
12,tour,1,3,20,0.30,true,0.13687,0.00384,0.01167,1.87479,0.00391,0.4668,0.2762,0.4809
12,tour,1,3,20,0.40,true,0.14663,0.00395,0.01701,1.87039,0.00406,0.5251,0.2055,0.5366
12,tour,1,3,20,0.50,true,0.15213,0.00402,0.02483,1.87271,0.00417,0.5938,0.1488,0.6059
12,tour,1,3,20,0.60,true,0.15113,0.00400,0.03511,1.88399,0.00423,0.6650,0.1043,0.6810
12,tour,1,3,20,0.70,true,0.15375,0.00403,0.04779,1.89404,0.00434,0.7447,0.0733,0.7645
12,tour,1,3,20,0.80,true,0.15363,0.00403,0.06304,1.90942,0.00443,0.8249,0.0468,0.8520
12,tour,1,3,20,0.90,true,0.15125,0.00401,0.08078,1.92953,0.00452,0.9122,0.0318,0.9422
12,tour,1,3,20,1.00,true,0.14638,0.00395,0.10110,1.95473,0.00458,1.0019,0.0217,1.0341
12,tour,1,3,20,1.10,true,0.14300,0.00391,0.12308,1.98009,0.00466,1.0933,0.0146,1.1275
12,tour,1,3,20,1.20,true,0.13687,0.00384,0.14708,2.01021,0.00470,1.1872,0.0109,1.2216
12,tour,1,6,10,0.00,true,0.24275,0.00479,0.00005,1.75730,0.00479,0.1624,0.6113,0.2014
12,tour,1,6,10,0.10,true,0.30462,0.00515,0.00005,1.69542,0.00515,0.2120,0.4091,0.2198
12,tour,1,6,10,0.20,true,0.34125,0.00530,0.00013,1.65888,0.00530,0.2713,0.2336,0.2700
12,tour,1,6,10,0.30,true,0.35363,0.00535,0.00040,1.64678,0.00535,0.3434,0.1156,0.3442
12,tour,1,6,10,0.40,true,0.35763,0.00536,0.00110,1.64347,0.00537,0.4282,0.0486,0.4350
12,tour,1,6,10,0.50,true,0.34863,0.00533,0.00255,1.65392,0.00535,0.5196,0.0215,0.5287
12,tour,1,6,10,0.60,true,0.33813,0.00529,0.00520,1.66708,0.00533,0.6133,0.0079,0.6245
12,tour,1,6,10,0.70,true,0.32312,0.00523,0.00965,1.68653,0.00531,0.7110,0.0037,0.7218
12,tour,1,6,10,0.80,true,0.31012,0.00517,0.01634,1.70622,0.00530,0.8097,0.0009,0.8208
12,tour,1,6,10,0.90,true,0.29675,0.00511,0.02583,1.72908,0.00531,0.9121,0.0004,0.9225
12,tour,1,6,10,1.00,true,0.28075,0.00502,0.03764,1.75689,0.00531,1.0100,0.0000,1.0198
12,tour,1,6,10,1.10,true,0.26375,0.00493,0.05300,1.78926,0.00531,1.1143,0.0000,1.1235
12,tour,1,6,10,1.20,true,0.25188,0.00485,0.06998,1.81811,0.00534,1.2155,0.0000,1.2242
12,tour,1,6,15,0.00,true,0.15750,0.00407,0.00075,1.84325,0.00408,0.2403,0.5644,0.2912
12,tour,1,6,15,0.10,true,0.18413,0.00433,0.00068,1.81655,0.00434,0.2840,0.4239,0.3068
12,tour,1,6,15,0.20,true,0.20750,0.00453,0.00105,1.79355,0.00454,0.3392,0.2981,0.3465
12,tour,1,6,15,0.30,true,0.22025,0.00463,0.00201,1.78176,0.00465,0.4044,0.2017,0.4043
12,tour,1,6,15,0.40,true,0.22400,0.00466,0.00380,1.77980,0.00469,0.4750,0.1255,0.4769
12,tour,1,6,15,0.50,true,0.22337,0.00466,0.00675,1.78337,0.00470,0.5520,0.0729,0.5593
12,tour,1,6,15,0.60,true,0.21863,0.00462,0.01131,1.79269,0.00470,0.6368,0.0403,0.6488
12,tour,1,6,15,0.70,true,0.21138,0.00456,0.01779,1.80642,0.00468,0.7276,0.0219,0.7426
12,tour,1,6,15,0.80,true,0.20475,0.00451,0.02634,1.82159,0.00468,0.8211,0.0123,0.8373
12,tour,1,6,15,0.90,true,0.19462,0.00443,0.03763,1.84300,0.00467,0.9187,0.0061,0.9361
12,tour,1,6,15,1.00,true,0.18288,0.00432,0.05177,1.86890,0.00464,1.0204,0.0034,1.0374
12,tour,1,6,15,1.10,true,0.17575,0.00426,0.06720,1.89146,0.00466,1.1174,0.0015,1.1344
12,tour,1,6,15,1.20,true,0.16712,0.00417,0.08548,1.91836,0.00467,1.2190,0.0005,1.2358
12,tour,1,6,20,0.00,true,0.09663,0.00330,0.00363,1.90700,0.00332,0.3147,0.5474,0.3884
12,tour,1,6,20,0.10,true,0.11038,0.00350,0.00341,1.89304,0.00352,0.3588,0.4460,0.4009
12,tour,1,6,20,0.20,true,0.12050,0.00364,0.00416,1.88366,0.00366,0.4090,0.3489,0.4307
12,tour,1,6,20,0.30,true,0.13112,0.00377,0.00600,1.87488,0.00381,0.4662,0.2614,0.4778
12,tour,1,6,20,0.40,true,0.13562,0.00383,0.00906,1.87343,0.00388,0.5318,0.1928,0.5374
12,tour,1,6,20,0.50,true,0.13962,0.00388,0.01361,1.87398,0.00395,0.6014,0.1342,0.6090
12,tour,1,6,20,0.60,true,0.13875,0.00386,0.01979,1.88104,0.00398,0.6777,0.0935,0.6873
12,tour,1,6,20,0.70,true,0.13700,0.00384,0.02784,1.89084,0.00400,0.7551,0.0587,0.7719
12,tour,1,6,20,0.80,true,0.13187,0.00378,0.03800,1.90613,0.00400,0.8425,0.0397,0.8611
12,tour,1,6,20,0.90,true,0.12637,0.00371,0.05067,1.92430,0.00400,0.9333,0.0236,0.9563
12,tour,1,6,20,1.00,true,0.11950,0.00363,0.06512,1.94563,0.00399,1.0269,0.0155,1.0507
12,tour,1,6,20,1.10,true,0.11200,0.00353,0.08175,1.96977,0.00397,1.1227,0.0103,1.1469
12,tour,1,6,20,1.20,true,0.10812,0.00347,0.10021,1.99211,0.00400,1.2201,0.0053,1.2463
12,scratch,1,12,10,0.00,true,0.29037,0.00508,0.00013,1.70975,0.00508,0.1798,0.6498,0.2072
12,scratch,1,12,10,0.10,true,0.36200,0.00537,0.00038,1.63838,0.00538,0.2241,0.4495,0.2227
12,scratch,1,12,10,0.20,true,0.40187,0.00548,0.00114,1.59926,0.00549,0.2833,0.2721,0.2706
12,scratch,1,12,10,0.30,true,0.42562,0.00553,0.00292,1.57730,0.00556,0.3552,0.1375,0.3475
12,scratch,1,12,10,0.40,true,0.42575,0.00553,0.00637,1.58062,0.00559,0.4358,0.0651,0.4348
12,scratch,1,12,10,0.50,true,0.41713,0.00551,0.01231,1.59518,0.00564,0.5268,0.0311,0.5297
12,scratch,1,12,10,0.60,true,0.40613,0.00549,0.02143,1.61531,0.00570,0.6220,0.0137,0.6283
12,scratch,1,12,10,0.70,true,0.39337,0.00546,0.03340,1.64003,0.00579,0.7134,0.0049,0.7221
12,scratch,1,12,10,0.80,true,0.37688,0.00542,0.05023,1.67336,0.00589,0.8171,0.0032,0.8249
12,scratch,1,12,10,0.90,true,0.36650,0.00539,0.06842,1.70192,0.00602,0.9112,0.0016,0.9193
12,scratch,1,12,10,1.00,true,0.35313,0.00534,0.09065,1.73753,0.00615,1.0113,0.0006,1.0194
12,scratch,1,12,10,1.10,true,0.34050,0.00530,0.11493,1.77443,0.00629,1.1120,0.0004,1.1197
12,scratch,1,12,10,1.20,true,0.32900,0.00525,0.14027,1.81128,0.00642,1.2112,0.0002,1.2187
12,scratch,1,12,15,0.00,true,0.16175,0.00412,0.00182,1.84007,0.00413,0.2675,0.5796,0.3074
12,scratch,1,12,15,0.10,true,0.19500,0.00443,0.00314,1.80814,0.00445,0.3154,0.4593,0.3222
12,scratch,1,12,15,0.20,true,0.21538,0.00460,0.00585,1.79047,0.00464,0.3635,0.3323,0.3576
12,scratch,1,12,15,0.30,true,0.22950,0.00470,0.01033,1.78083,0.00478,0.4252,0.2330,0.4127
12,scratch,1,12,15,0.40,true,0.23675,0.00475,0.01718,1.78043,0.00488,0.4949,0.1556,0.4830
12,scratch,1,12,15,0.50,true,0.23925,0.00477,0.02666,1.78741,0.00497,0.5710,0.1022,0.5624
12,scratch,1,12,15,0.60,true,0.23938,0.00477,0.03936,1.79999,0.00507,0.6530,0.0618,0.6515
12,scratch,1,12,15,0.70,true,0.23438,0.00474,0.05512,1.82075,0.00515,0.7403,0.0382,0.7431
12,scratch,1,12,15,0.80,true,0.23062,0.00471,0.07393,1.84330,0.00525,0.8312,0.0210,0.8397
12,scratch,1,12,15,0.90,true,0.22262,0.00465,0.09597,1.87335,0.00534,0.9272,0.0119,0.9383
12,scratch,1,12,15,1.00,true,0.21513,0.00459,0.11906,1.90394,0.00542,1.0184,0.0054,1.0325
12,scratch,1,12,15,1.10,true,0.20575,0.00452,0.14680,1.94106,0.00551,1.1219,0.0028,1.1365
12,scratch,1,12,15,1.20,true,0.19887,0.00446,0.17199,1.97313,0.00559,1.2125,0.0014,1.2273
12,scratch,1,12,20,0.00,true,0.10250,0.00339,0.00711,1.90461,0.00343,0.3399,0.5592,0.4057
12,scratch,1,12,20,0.10,true,0.11762,0.00360,0.00967,1.89204,0.00366,0.3835,0.4654,0.4171
12,scratch,1,12,20,0.20,true,0.12800,0.00374,0.01418,1.88618,0.00382,0.4339,0.3753,0.4447
12,scratch,1,12,20,0.30,true,0.13612,0.00383,0.02088,1.88475,0.00397,0.4838,0.2830,0.4886
12,scratch,1,12,20,0.40,true,0.14138,0.00390,0.03013,1.88876,0.00409,0.5478,0.2118,0.5471
12,scratch,1,12,20,0.50,true,0.14438,0.00393,0.04165,1.89727,0.00420,0.6167,0.1575,0.6144
12,scratch,1,12,20,0.60,true,0.14500,0.00394,0.05589,1.91090,0.00431,0.6895,0.1126,0.6904
12,scratch,1,12,20,0.70,true,0.14350,0.00392,0.07292,1.92942,0.00440,0.7676,0.0791,0.7726
12,scratch,1,12,20,0.80,true,0.14075,0.00389,0.09266,1.95191,0.00448,0.8505,0.0546,0.8599
12,scratch,1,12,20,0.90,true,0.13925,0.00387,0.11413,1.97489,0.00459,0.9351,0.0366,0.9494
12,scratch,1,12,20,1.00,true,0.13612,0.00383,0.13816,2.00204,0.00468,1.0242,0.0229,1.0435
12,scratch,1,12,20,1.10,true,0.12937,0.00375,0.16519,2.03583,0.00473,1.1199,0.0151,1.1410
12,scratch,1,12,20,1.20,true,0.12562,0.00371,0.19268,2.06707,0.00481,1.2155,0.0093,1.2387
12,scratch,1,3,10,0.00,true,0.21750,0.00461,0.00016,1.78266,0.00461,0.1488,0.5639,0.2143
12,scratch,1,3,10,0.10,true,0.28463,0.00504,0.00031,1.71569,0.00505,0.2173,0.4038,0.2338
12,scratch,1,3,10,0.20,true,0.32388,0.00523,0.00086,1.67698,0.00524,0.2746,0.2413,0.2820
12,scratch,1,3,10,0.30,true,0.33575,0.00528,0.00236,1.66661,0.00530,0.3486,0.1364,0.3537
12,scratch,1,3,10,0.40,true,0.34087,0.00530,0.00565,1.66477,0.00535,0.4335,0.0675,0.4429
12,scratch,1,3,10,0.50,true,0.33725,0.00529,0.01068,1.67343,0.00538,0.5117,0.0334,0.5266
12,scratch,1,3,10,0.60,true,0.33113,0.00526,0.01927,1.68814,0.00543,0.6050,0.0144,0.6235
12,scratch,1,3,10,0.70,true,0.32388,0.00523,0.03171,1.70783,0.00550,0.7044,0.0057,0.7244
12,scratch,1,3,10,0.80,true,0.31488,0.00519,0.04701,1.73214,0.00558,0.7969,0.0024,0.8181
12,scratch,1,3,10,0.90,true,0.30488,0.00515,0.06657,1.76169,0.00569,0.8958,0.0011,0.9173
12,scratch,1,3,10,1.00,true,0.29463,0.00510,0.08992,1.79530,0.00581,0.9962,0.0005,1.0179
12,scratch,1,3,10,1.10,true,0.28300,0.00504,0.11543,1.83243,0.00592,1.0938,0.0000,1.1162
12,scratch,1,3,10,1.20,true,0.26963,0.00496,0.14329,1.87367,0.00602,1.1921,0.0000,1.2147
12,scratch,1,3,15,0.00,true,0.12387,0.00368,0.00235,1.87848,0.00369,0.2053,0.5790,0.3208
12,scratch,1,3,15,0.10,true,0.14775,0.00397,0.00311,1.85536,0.00398,0.2944,0.4393,0.3349
12,scratch,1,3,15,0.20,true,0.16987,0.00420,0.00521,1.83533,0.00423,0.3531,0.3313,0.3697
12,scratch,1,3,15,0.30,true,0.18350,0.00433,0.00906,1.82556,0.00439,0.4151,0.2332,0.4235
12,scratch,1,3,15,0.40,true,0.19212,0.00440,0.01501,1.82288,0.00450,0.4794,0.1553,0.4902
12,scratch,1,3,15,0.50,true,0.19675,0.00444,0.02354,1.82679,0.00461,0.5541,0.1040,0.5667
12,scratch,1,3,15,0.60,true,0.19450,0.00443,0.03548,1.84098,0.00467,0.6325,0.0638,0.6512
12,scratch,1,3,15,0.70,true,0.18850,0.00437,0.05088,1.86238,0.00472,0.7181,0.0391,0.7410
12,scratch,1,3,15,0.80,true,0.18363,0.00433,0.06911,1.88549,0.00479,0.8066,0.0236,0.8330
12,scratch,1,3,15,0.90,true,0.17650,0.00426,0.09036,1.91387,0.00485,0.8970,0.0140,0.9260
12,scratch,1,3,15,1.00,true,0.17075,0.00421,0.11452,1.94378,0.00494,0.9916,0.0084,1.0220
12,scratch,1,3,15,1.10,true,0.16512,0.00415,0.14083,1.97571,0.00502,1.0864,0.0042,1.1188
12,scratch,1,3,15,1.20,true,0.15937,0.00409,0.16887,2.00951,0.00510,1.1836,0.0022,1.2168
12,scratch,1,3,20,0.00,true,0.07850,0.00301,0.01084,1.93235,0.00306,0.2787,0.5368,0.4351
12,scratch,1,3,20,0.10,true,0.09337,0.00325,0.01228,1.91890,0.00332,0.3755,0.4482,0.4488
12,scratch,1,3,20,0.20,true,0.10400,0.00341,0.01573,1.91173,0.00350,0.4316,0.3650,0.4770
12,scratch,1,3,20,0.30,true,0.11325,0.00354,0.02165,1.90840,0.00367,0.4902,0.2898,0.5204
12,scratch,1,3,20,0.40,true,0.11775,0.00360,0.02974,1.91199,0.00379,0.5478,0.2232,0.5723
12,scratch,1,3,20,0.50,true,0.12037,0.00364,0.04086,1.92049,0.00389,0.6149,0.1688,0.6372
12,scratch,1,3,20,0.60,true,0.12325,0.00368,0.05443,1.93118,0.00402,0.6842,0.1228,0.7100
12,scratch,1,3,20,0.70,true,0.12350,0.00368,0.07086,1.94737,0.00413,0.7610,0.0913,0.7883
12,scratch,1,3,20,0.80,true,0.12475,0.00369,0.08993,1.96519,0.00426,0.8393,0.0627,0.8733
12,scratch,1,3,20,0.90,true,0.12375,0.00368,0.11175,1.98801,0.00437,0.9226,0.0418,0.9626
12,scratch,1,3,20,1.00,true,0.11912,0.00362,0.13566,2.01655,0.00443,1.0093,0.0294,1.0519
12,scratch,1,3,20,1.10,true,0.11338,0.00354,0.16156,2.04821,0.00447,1.0998,0.0211,1.1437
12,scratch,1,3,20,1.20,true,0.10900,0.00348,0.18895,2.07998,0.00453,1.1939,0.0156,1.2387
12,scratch,1,6,10,0.00,true,0.21000,0.00455,0.00022,1.79022,0.00456,0.1736,0.5962,0.2171
12,scratch,1,6,10,0.10,true,0.26162,0.00491,0.00017,1.73855,0.00492,0.2234,0.4134,0.2351
12,scratch,1,6,10,0.20,true,0.29413,0.00509,0.00038,1.70625,0.00510,0.2817,0.2499,0.2831
12,scratch,1,6,10,0.30,true,0.31062,0.00517,0.00100,1.69037,0.00518,0.3496,0.1282,0.3542
12,scratch,1,6,10,0.40,true,0.30962,0.00517,0.00249,1.69287,0.00519,0.4325,0.0614,0.4407
12,scratch,1,6,10,0.50,true,0.30162,0.00513,0.00539,1.70376,0.00517,0.5228,0.0301,0.5331
12,scratch,1,6,10,0.60,true,0.29125,0.00508,0.01024,1.71899,0.00516,0.6157,0.0127,0.6288
12,scratch,1,6,10,0.70,true,0.27825,0.00501,0.01750,1.73925,0.00514,0.7106,0.0055,0.7243
12,scratch,1,6,10,0.80,true,0.26375,0.00493,0.02791,1.76417,0.00513,0.8089,0.0029,0.8221
12,scratch,1,6,10,0.90,true,0.25325,0.00486,0.04173,1.78848,0.00516,0.9106,0.0005,0.9242
12,scratch,1,6,10,1.00,true,0.23975,0.00477,0.05794,1.81820,0.00518,1.0086,0.0003,1.0213
12,scratch,1,6,10,1.10,true,0.22637,0.00468,0.07817,1.85182,0.00520,1.1131,0.0000,1.1254
12,scratch,1,6,10,1.20,true,0.21213,0.00457,0.10036,1.88827,0.00522,1.2138,0.0000,1.2255
12,scratch,1,6,15,0.00,true,0.13337,0.00380,0.00209,1.86871,0.00381,0.2557,0.5533,0.3192
12,scratch,1,6,15,0.10,true,0.15338,0.00403,0.00195,1.84858,0.00404,0.3000,0.4234,0.3353
12,scratch,1,6,15,0.20,true,0.17213,0.00422,0.00272,1.83060,0.00424,0.3552,0.3076,0.3735
12,scratch,1,6,15,0.30,true,0.17888,0.00428,0.00462,1.82575,0.00431,0.4185,0.2148,0.4282
12,scratch,1,6,15,0.40,true,0.18513,0.00434,0.00794,1.82281,0.00439,0.4880,0.1411,0.4978
12,scratch,1,6,15,0.50,true,0.18413,0.00433,0.01295,1.82883,0.00441,0.5617,0.0873,0.5759
12,scratch,1,6,15,0.60,true,0.17838,0.00428,0.02042,1.84205,0.00441,0.6452,0.0526,0.6629
12,scratch,1,6,15,0.70,true,0.17350,0.00423,0.03043,1.85694,0.00442,0.7325,0.0286,0.7549
12,scratch,1,6,15,0.80,true,0.16725,0.00417,0.04299,1.87575,0.00444,0.8250,0.0168,0.8487
12,scratch,1,6,15,0.90,true,0.16125,0.00411,0.05837,1.89713,0.00446,0.9218,0.0101,0.9457
12,scratch,1,6,15,1.00,true,0.15500,0.00405,0.07675,1.92177,0.00450,1.0213,0.0055,1.0459
12,scratch,1,6,15,1.10,true,0.14613,0.00395,0.09682,1.95072,0.00451,1.1176,0.0034,1.1416
12,scratch,1,6,15,1.20,true,0.13575,0.00383,0.12007,1.98437,0.00449,1.2183,0.0014,1.2424
12,scratch,1,6,20,0.00,true,0.07550,0.00295,0.00880,1.93330,0.00299,0.3360,0.5384,0.4336
12,scratch,1,6,20,0.10,true,0.08675,0.00315,0.00855,1.92180,0.00319,0.3795,0.4435,0.4471
12,scratch,1,6,20,0.20,true,0.09525,0.00328,0.00998,1.91473,0.00333,0.4314,0.3566,0.4763
12,scratch,1,6,20,0.30,true,0.10200,0.00338,0.01309,1.91109,0.00345,0.4862,0.2723,0.5209
12,scratch,1,6,20,0.40,true,0.10387,0.00341,0.01809,1.91422,0.00351,0.5492,0.2076,0.5758
12,scratch,1,6,20,0.50,true,0.10525,0.00343,0.02524,1.91999,0.00357,0.6178,0.1519,0.6430
12,scratch,1,6,20,0.60,true,0.10437,0.00342,0.03472,1.93035,0.00361,0.6906,0.1066,0.7189
12,scratch,1,6,20,0.70,true,0.10350,0.00341,0.04633,1.94284,0.00367,0.7678,0.0731,0.8001
12,scratch,1,6,20,0.80,true,0.10225,0.00339,0.06030,1.95806,0.00373,0.8523,0.0507,0.8868
12,scratch,1,6,20,0.90,true,0.09775,0.00332,0.07688,1.97915,0.00374,0.9406,0.0345,0.9772
12,scratch,1,6,20,1.00,true,0.09388,0.00326,0.09542,2.00158,0.00378,1.0300,0.0217,1.0699
12,scratch,1,6,20,1.10,true,0.08825,0.00317,0.11593,2.02773,0.00378,1.1230,0.0145,1.1636
12,scratch,1,6,20,1.20,true,0.08300,0.00308,0.13903,2.05611,0.00380,1.2219,0.0101,1.2621
12,mid,1,12,10,0.00,true,0.22925,0.00470,0.00063,1.77138,0.00470,0.1943,0.6163,0.2299
12,mid,1,12,10,0.10,true,0.27837,0.00501,0.00150,1.72312,0.00502,0.2396,0.4353,0.2466
12,mid,1,12,10,0.20,true,0.31112,0.00518,0.00375,1.69262,0.00521,0.2980,0.2791,0.2926
12,mid,1,12,10,0.30,true,0.32700,0.00524,0.00835,1.68136,0.00532,0.3667,0.1588,0.3623
12,mid,1,12,10,0.40,true,0.32638,0.00524,0.01625,1.68988,0.00538,0.4428,0.0807,0.4455
12,mid,1,12,10,0.50,true,0.32075,0.00522,0.02851,1.70776,0.00547,0.5300,0.0375,0.5388
12,mid,1,12,10,0.60,true,0.30812,0.00516,0.04572,1.73760,0.00555,0.6255,0.0201,0.6356
12,mid,1,12,10,0.70,true,0.30050,0.00513,0.06542,1.76493,0.00567,0.7162,0.0111,0.7275
12,mid,1,12,10,0.80,true,0.29025,0.00507,0.09120,1.80097,0.00581,0.8159,0.0041,0.8294
12,mid,1,12,10,0.90,true,0.27750,0.00501,0.11823,1.84076,0.00593,0.9100,0.0028,0.9228
12,mid,1,12,10,1.00,true,0.26813,0.00495,0.14838,1.88029,0.00607,1.0090,0.0017,1.0215
12,mid,1,12,10,1.10,true,0.25688,0.00488,0.18016,1.92334,0.00619,1.1067,0.0007,1.1194
12,mid,1,12,10,1.20,true,0.24700,0.00482,0.21301,1.96609,0.00631,1.2070,0.0005,1.2193
12,mid,1,12,15,0.00,true,0.11762,0.00360,0.00664,1.88902,0.00364,0.2902,0.5586,0.3507
12,mid,1,12,15,0.10,true,0.13925,0.00387,0.00972,1.87047,0.00393,0.3387,0.4537,0.3657
12,mid,1,12,15,0.20,true,0.15213,0.00402,0.01567,1.86355,0.00412,0.3855,0.3375,0.4000
12,mid,1,12,15,0.30,true,0.16225,0.00412,0.02470,1.86245,0.00429,0.4468,0.2489,0.4515
12,mid,1,12,15,0.40,true,0.16825,0.00418,0.03731,1.86906,0.00444,0.5113,0.1719,0.5168
12,mid,1,12,15,0.50,true,0.16900,0.00419,0.05333,1.88433,0.00456,0.5844,0.1191,0.5909
12,mid,1,12,15,0.60,true,0.16712,0.00417,0.07332,1.90621,0.00467,0.6649,0.0809,0.6741
12,mid,1,12,15,0.70,true,0.16462,0.00415,0.09664,1.93203,0.00480,0.7476,0.0513,0.7626
12,mid,1,12,15,0.80,true,0.16062,0.00411,0.12332,1.96273,0.00491,0.8365,0.0337,0.8545
12,mid,1,12,15,0.90,true,0.15463,0.00404,0.15328,1.99871,0.00501,0.9286,0.0194,0.9513
12,mid,1,12,15,1.00,true,0.14975,0.00399,0.18278,2.03309,0.00511,1.0177,0.0121,1.0424
12,mid,1,12,15,1.10,true,0.14350,0.00392,0.21703,2.07363,0.00519,1.1176,0.0063,1.1445
12,mid,1,12,15,1.20,true,0.13800,0.00386,0.24746,2.10959,0.00526,1.2065,0.0038,1.2339
12,mid,1,12,20,0.00,true,0.07075,0.00287,0.02290,1.95215,0.00299,0.3740,0.5475,0.4790
12,mid,1,12,20,0.10,true,0.07938,0.00302,0.02787,1.94850,0.00318,0.4165,0.4629,0.4912
12,mid,1,12,20,0.20,true,0.08550,0.00313,0.03610,1.95061,0.00335,0.4652,0.3794,0.5187
12,mid,1,12,20,0.30,true,0.09025,0.00320,0.04736,1.95712,0.00350,0.5156,0.2994,0.5593
12,mid,1,12,20,0.40,true,0.09362,0.00326,0.06182,1.96821,0.00365,0.5733,0.2311,0.6114
12,mid,1,12,20,0.50,true,0.09600,0.00329,0.07918,1.98320,0.00380,0.6353,0.1745,0.6729
12,mid,1,12,20,0.60,true,0.09550,0.00329,0.09977,2.00430,0.00392,0.7099,0.1371,0.7423
12,mid,1,12,20,0.70,true,0.09638,0.00330,0.12353,2.02720,0.00407,0.7835,0.0979,0.8214
12,mid,1,12,20,0.80,true,0.09325,0.00325,0.15011,2.05692,0.00416,0.8644,0.0721,0.9040
12,mid,1,12,20,0.90,true,0.09000,0.00320,0.17803,2.08811,0.00424,0.9459,0.0525,0.9883
12,mid,1,12,20,1.00,true,0.08712,0.00315,0.20797,2.12096,0.00432,1.0324,0.0375,1.0776
12,mid,1,12,20,1.10,true,0.08525,0.00312,0.23990,2.15480,0.00441,1.1223,0.0239,1.1726
12,mid,1,12,20,1.20,true,0.08325,0.00309,0.27183,2.18877,0.00449,1.2162,0.0172,1.2672
12,mid,1,3,10,0.00,true,0.18300,0.00432,0.00086,1.81786,0.00433,0.1661,0.5554,0.2399
12,mid,1,3,10,0.10,true,0.22350,0.00466,0.00146,1.77796,0.00467,0.2326,0.4031,0.2587
12,mid,1,3,10,0.20,true,0.25200,0.00485,0.00335,1.75135,0.00488,0.2930,0.2639,0.3045
12,mid,1,3,10,0.30,true,0.26837,0.00495,0.00764,1.73926,0.00501,0.3615,0.1510,0.3737
12,mid,1,3,10,0.40,true,0.27087,0.00497,0.01570,1.74483,0.00509,0.4451,0.0845,0.4586
12,mid,1,3,10,0.50,true,0.26600,0.00494,0.02673,1.76074,0.00515,0.5216,0.0451,0.5408
12,mid,1,3,10,0.60,true,0.25712,0.00489,0.04317,1.78606,0.00521,0.6110,0.0215,0.6344
12,mid,1,3,10,0.70,true,0.25138,0.00485,0.06440,1.81305,0.00533,0.7094,0.0114,0.7338
12,mid,1,3,10,0.80,true,0.24138,0.00478,0.08823,1.84688,0.00543,0.8000,0.0049,0.8269
12,mid,1,3,10,0.90,true,0.23087,0.00471,0.11681,1.88598,0.00554,0.8979,0.0024,0.9254
12,mid,1,3,10,1.00,true,0.21937,0.00463,0.14827,1.92896,0.00563,0.9962,0.0011,1.0242
12,mid,1,3,10,1.10,true,0.20913,0.00455,0.18071,1.97167,0.00572,1.0929,0.0005,1.1214
12,mid,1,3,10,1.20,true,0.19850,0.00446,0.21411,2.01572,0.00580,1.1905,0.0005,1.2192
12,mid,1,3,15,0.00,true,0.09287,0.00325,0.00906,1.91619,0.00329,0.2471,0.5661,0.3718
12,mid,1,3,15,0.10,true,0.11413,0.00355,0.01113,1.89700,0.00362,0.3250,0.4457,0.3860
12,mid,1,3,15,0.20,true,0.12512,0.00370,0.01614,1.89102,0.00379,0.3810,0.3465,0.4179
12,mid,1,3,15,0.30,true,0.13462,0.00382,0.02461,1.88999,0.00397,0.4409,0.2557,0.4676
12,mid,1,3,15,0.40,true,0.14100,0.00389,0.03644,1.89545,0.00413,0.5040,0.1807,0.5304
12,mid,1,3,15,0.50,true,0.14263,0.00391,0.05159,1.90898,0.00425,0.5751,0.1274,0.6018
12,mid,1,3,15,0.60,true,0.13775,0.00385,0.07062,1.93290,0.00431,0.6483,0.0852,0.6795
12,mid,1,3,15,0.70,true,0.13550,0.00383,0.09297,1.95751,0.00442,0.7287,0.0548,0.7653
12,mid,1,3,15,0.80,true,0.13137,0.00378,0.11860,1.98728,0.00451,0.8147,0.0354,0.8549
12,mid,1,3,15,0.90,true,0.12712,0.00372,0.14656,2.01950,0.00460,0.9039,0.0231,0.9467
12,mid,1,3,15,1.00,true,0.12387,0.00368,0.17620,2.05242,0.00470,0.9939,0.0136,1.0402
12,mid,1,3,15,1.10,true,0.11812,0.00361,0.20755,2.08955,0.00476,1.0865,0.0086,1.1340
12,mid,1,3,15,1.20,true,0.11275,0.00354,0.24003,2.12745,0.00481,1.1814,0.0052,1.2302
12,mid,1,3,20,0.00,true,0.05763,0.00261,0.03333,1.97571,0.00280,0.3518,0.5343,0.5203
12,mid,1,3,20,0.10,true,0.07013,0.00285,0.03692,1.96680,0.00307,0.4229,0.4552,0.5340
12,mid,1,3,20,0.20,true,0.07537,0.00295,0.04390,1.96854,0.00322,0.4743,0.3804,0.5602
12,mid,1,3,20,0.30,true,0.08213,0.00307,0.05423,1.97212,0.00341,0.5313,0.3119,0.6014
12,mid,1,3,20,0.40,true,0.08488,0.00312,0.06762,1.98277,0.00354,0.5868,0.2487,0.6500
12,mid,1,3,20,0.50,true,0.08363,0.00309,0.08461,2.00102,0.00362,0.6524,0.1994,0.7087
12,mid,1,3,20,0.60,true,0.08363,0.00309,0.10451,2.02093,0.00374,0.7171,0.1518,0.7759
12,mid,1,3,20,0.70,true,0.08712,0.00315,0.12672,2.03966,0.00393,0.7883,0.1130,0.8520
12,mid,1,3,20,0.80,true,0.08588,0.00313,0.15133,2.06554,0.00403,0.8667,0.0879,0.9306
12,mid,1,3,20,0.90,true,0.08438,0.00311,0.17772,2.09346,0.00413,0.9428,0.0632,1.0131
12,mid,1,3,20,1.00,true,0.08163,0.00306,0.20607,2.12460,0.00421,1.0252,0.0453,1.1000
12,mid,1,3,20,1.10,true,0.07712,0.00298,0.23578,2.15886,0.00424,1.1109,0.0325,1.1889
12,mid,1,3,20,1.20,true,0.07587,0.00296,0.26570,2.19009,0.00432,1.2029,0.0246,1.2822
12,mid,1,6,10,0.00,true,0.16437,0.00414,0.00097,1.83659,0.00415,0.1885,0.5764,0.2445
12,mid,1,6,10,0.10,true,0.19950,0.00447,0.00098,1.80148,0.00447,0.2385,0.4105,0.2633
12,mid,1,6,10,0.20,true,0.22112,0.00464,0.00187,1.78074,0.00465,0.2950,0.2618,0.3081
12,mid,1,6,10,0.30,true,0.23250,0.00472,0.00407,1.77157,0.00475,0.3626,0.1526,0.3743
12,mid,1,6,10,0.40,true,0.23463,0.00474,0.00831,1.77368,0.00480,0.4413,0.0817,0.4559
12,mid,1,6,10,0.50,true,0.23087,0.00471,0.01543,1.78456,0.00482,0.5267,0.0401,0.5457
12,mid,1,6,10,0.60,true,0.22100,0.00464,0.02579,1.80479,0.00482,0.6179,0.0209,0.6382
12,mid,1,6,10,0.70,true,0.21025,0.00456,0.03993,1.82970,0.00482,0.7114,0.0100,0.7329
12,mid,1,6,10,0.80,true,0.19912,0.00446,0.05801,1.85891,0.00484,0.8084,0.0052,0.8298
12,mid,1,6,10,0.90,true,0.18950,0.00438,0.07999,1.89054,0.00489,0.9089,0.0029,0.9297
12,mid,1,6,10,1.00,true,0.18175,0.00431,0.10417,1.92250,0.00496,1.0054,0.0008,1.0267
12,mid,1,6,10,1.10,true,0.16875,0.00419,0.13312,1.96450,0.00497,1.1095,0.0003,1.1301
12,mid,1,6,10,1.20,true,0.15750,0.00407,0.16298,2.00567,0.00499,1.2097,0.0001,1.2296
12,mid,1,6,15,0.00,true,0.09738,0.00331,0.00802,1.91065,0.00335,0.2778,0.5384,0.3716
12,mid,1,6,15,0.10,true,0.11050,0.00351,0.00821,1.89771,0.00355,0.3240,0.4240,0.3892
12,mid,1,6,15,0.20,true,0.12262,0.00367,0.01061,1.88799,0.00372,0.3772,0.3163,0.4262
12,mid,1,6,15,0.30,true,0.13012,0.00376,0.01544,1.88532,0.00385,0.4388,0.2285,0.4787
12,mid,1,6,15,0.40,true,0.13237,0.00379,0.02294,1.89057,0.00392,0.5073,0.1616,0.5428
12,mid,1,6,15,0.50,true,0.13175,0.00378,0.03323,1.90149,0.00398,0.5796,0.1097,0.6160
12,mid,1,6,15,0.60,true,0.12762,0.00373,0.04692,1.91932,0.00401,0.6565,0.0692,0.6973
12,mid,1,6,15,0.70,true,0.12500,0.00370,0.06380,1.93885,0.00407,0.7407,0.0424,0.7851
12,mid,1,6,15,0.80,true,0.12075,0.00364,0.08380,1.96311,0.00413,0.8303,0.0259,0.8766
12,mid,1,6,15,0.90,true,0.11500,0.00357,0.10679,1.99190,0.00417,0.9234,0.0164,0.9699
12,mid,1,6,15,1.00,true,0.10837,0.00348,0.13324,2.02502,0.00420,1.0219,0.0100,1.0685
12,mid,1,6,15,1.10,true,0.10325,0.00340,0.16023,2.05719,0.00425,1.1169,0.0064,1.1631
12,mid,1,6,15,1.20,true,0.09575,0.00329,0.19040,2.09495,0.00425,1.2169,0.0040,1.2625
12,mid,1,6,20,0.00,true,0.05075,0.00245,0.03107,1.98033,0.00261,0.3661,0.5296,0.5228
12,mid,1,6,20,0.10,true,0.05575,0.00257,0.03160,1.97586,0.00273,0.4115,0.4461,0.5375
12,mid,1,6,20,0.20,true,0.06225,0.00270,0.03511,1.97287,0.00289,0.4631,0.3672,0.5670
12,mid,1,6,20,0.30,true,0.06638,0.00278,0.04156,1.97521,0.00301,0.5147,0.2891,0.6085
12,mid,1,6,20,0.40,true,0.06725,0.00280,0.05096,1.98374,0.00308,0.5742,0.2261,0.6596
12,mid,1,6,20,0.50,true,0.06938,0.00284,0.06331,1.99398,0.00320,0.6423,0.1754,0.7218
12,mid,1,6,20,0.60,true,0.06888,0.00283,0.07851,2.00971,0.00327,0.7109,0.1298,0.7915
12,mid,1,6,20,0.70,true,0.06675,0.00279,0.09643,2.02978,0.00333,0.7851,0.0956,0.8667
12,mid,1,6,20,0.80,true,0.06500,0.00276,0.11711,2.05225,0.00340,0.8635,0.0671,0.9488
12,mid,1,6,20,0.90,true,0.06350,0.00273,0.14014,2.07683,0.00348,0.9491,0.0479,1.0356
12,mid,1,6,20,1.00,true,0.06012,0.00266,0.16495,2.10507,0.00352,1.0370,0.0350,1.1235
12,mid,1,6,20,1.10,true,0.05725,0.00260,0.19130,2.13438,0.00357,1.1253,0.0233,1.2143
12,mid,1,6,20,1.20,true,0.05437,0.00254,0.21952,2.16558,0.00360,1.2209,0.0172,1.3088
12,high,1,12,10,0.00,true,0.18013,0.00430,0.00259,1.82246,0.00431,0.2126,0.5928,0.2563
12,high,1,12,10,0.10,true,0.21563,0.00460,0.00493,1.78930,0.00463,0.2573,0.4300,0.2738
12,high,1,12,10,0.20,true,0.24088,0.00478,0.01015,1.76927,0.00486,0.3154,0.2915,0.3175
12,high,1,12,10,0.30,true,0.25575,0.00488,0.01928,1.76353,0.00503,0.3819,0.1817,0.3821
12,high,1,12,10,0.40,true,0.26000,0.00490,0.03309,1.77310,0.00517,0.4540,0.1014,0.4608
12,high,1,12,10,0.50,true,0.25600,0.00488,0.05256,1.79658,0.00530,0.5371,0.0548,0.5490
12,high,1,12,10,0.60,true,0.24750,0.00482,0.07778,1.83032,0.00543,0.6281,0.0299,0.6430
12,high,1,12,10,0.70,true,0.24013,0.00478,0.10535,1.86529,0.00557,0.7164,0.0169,0.7333
12,high,1,12,10,0.80,true,0.23062,0.00471,0.13936,1.90884,0.00572,0.8158,0.0094,0.8337
12,high,1,12,10,0.90,true,0.21987,0.00463,0.17320,1.95347,0.00584,0.9066,0.0043,0.9261
12,high,1,12,10,1.00,true,0.20950,0.00455,0.21018,2.00089,0.00595,1.0051,0.0028,1.0241
12,high,1,12,10,1.10,true,0.20050,0.00448,0.24740,2.04718,0.00606,1.1041,0.0022,1.1224
12,high,1,12,10,1.20,true,0.19262,0.00441,0.28437,2.09212,0.00616,1.2023,0.0006,1.2216
12,high,1,12,15,0.00,true,0.09100,0.00322,0.01927,1.92828,0.00332,0.3187,0.5483,0.4013
12,high,1,12,15,0.10,true,0.10300,0.00340,0.02506,1.92207,0.00355,0.3663,0.4528,0.4165
12,high,1,12,15,0.20,true,0.11325,0.00354,0.03507,1.92184,0.00377,0.4133,0.3503,0.4494
12,high,1,12,15,0.30,true,0.12062,0.00364,0.04923,1.92864,0.00397,0.4700,0.2645,0.4975
12,high,1,12,15,0.40,true,0.12525,0.00370,0.06789,1.94269,0.00416,0.5351,0.1963,0.5583
12,high,1,12,15,0.50,true,0.12687,0.00372,0.09047,1.96366,0.00433,0.6051,0.1416,0.6289
12,high,1,12,15,0.60,true,0.12562,0.00371,0.11677,1.99125,0.00447,0.6801,0.1006,0.7060
12,high,1,12,15,0.70,true,0.12137,0.00365,0.14672,2.02549,0.00458,0.7618,0.0720,0.7895
12,high,1,12,15,0.80,true,0.11775,0.00360,0.17922,2.06167,0.00470,0.8435,0.0466,0.8776
12,high,1,12,15,0.90,true,0.11413,0.00355,0.21448,2.10062,0.00481,0.9352,0.0322,0.9714
12,high,1,12,15,1.00,true,0.11188,0.00352,0.24800,2.13648,0.00493,1.0213,0.0213,1.0609
12,high,1,12,15,1.10,true,0.10800,0.00347,0.28594,2.17841,0.00501,1.1190,0.0130,1.1614
12,high,1,12,15,1.20,true,0.10412,0.00341,0.31926,2.21574,0.00506,1.2073,0.0089,1.2507
12,high,1,12,20,0.00,true,0.05275,0.00250,0.05743,2.00474,0.00284,0.4091,0.5435,0.5605
12,high,1,12,20,0.10,true,0.05763,0.00261,0.06495,2.00739,0.00300,0.4541,0.4690,0.5741
12,high,1,12,20,0.20,true,0.06212,0.00270,0.07661,2.01456,0.00318,0.4998,0.3912,0.6010
12,high,1,12,20,0.30,true,0.06400,0.00274,0.09211,2.02820,0.00333,0.5483,0.3181,0.6387
12,high,1,12,20,0.40,true,0.06688,0.00279,0.11133,2.04457,0.00351,0.6044,0.2543,0.6877
12,high,1,12,20,0.50,true,0.06888,0.00283,0.13339,2.06467,0.00368,0.6648,0.2007,0.7451
12,high,1,12,20,0.60,true,0.06938,0.00284,0.15854,2.08937,0.00382,0.7317,0.1569,0.8104
12,high,1,12,20,0.70,true,0.06888,0.00283,0.18660,2.11799,0.00395,0.8081,0.1259,0.8825
12,high,1,12,20,0.80,true,0.06850,0.00282,0.21688,2.14872,0.00408,0.8825,0.0942,0.9610
12,high,1,12,20,0.90,true,0.06738,0.00280,0.24773,2.18080,0.00418,0.9611,0.0722,1.0415
12,high,1,12,20,1.00,true,0.06475,0.00275,0.28051,2.21632,0.00424,1.0428,0.0536,1.1266
12,high,1,12,20,1.10,true,0.06313,0.00272,0.31474,2.25232,0.00431,1.1312,0.0391,1.2178
12,high,1,12,20,1.20,true,0.06137,0.00268,0.34814,2.28765,0.00436,1.2192,0.0280,1.3089
12,high,1,3,10,0.00,true,0.15188,0.00401,0.00338,1.85151,0.00403,0.1886,0.5455,0.2703
12,high,1,3,10,0.10,true,0.18313,0.00432,0.00508,1.82196,0.00436,0.2536,0.4104,0.2892
12,high,1,3,10,0.20,true,0.20137,0.00448,0.00970,1.80833,0.00455,0.3114,0.2799,0.3321
12,high,1,3,10,0.30,true,0.21363,0.00458,0.01848,1.80486,0.00471,0.3774,0.1723,0.3969
12,high,1,3,10,0.40,true,0.21400,0.00459,0.03275,1.81878,0.00482,0.4587,0.1048,0.4777
12,high,1,3,10,0.50,true,0.21325,0.00458,0.05017,1.83696,0.00494,0.5344,0.0639,0.5577
12,high,1,3,10,0.60,true,0.20450,0.00451,0.07427,1.86985,0.00503,0.6211,0.0365,0.6482
12,high,1,3,10,0.70,true,0.19687,0.00445,0.10340,1.90665,0.00516,0.7135,0.0174,0.7454
12,high,1,3,10,0.80,true,0.19075,0.00439,0.13383,1.94327,0.00529,0.8039,0.0107,0.8371
12,high,1,3,10,0.90,true,0.18125,0.00431,0.16852,1.98755,0.00539,0.8982,0.0055,0.9331
12,high,1,3,10,1.00,true,0.17150,0.00421,0.20556,2.03444,0.00548,0.9943,0.0026,1.0306
12,high,1,3,10,1.10,true,0.16337,0.00413,0.24263,2.07977,0.00556,1.0903,0.0012,1.1274
12,high,1,3,10,1.20,true,0.15625,0.00406,0.27940,2.12382,0.00563,1.1868,0.0009,1.2243
12,high,1,3,15,0.00,true,0.07287,0.00291,0.02502,1.95217,0.00304,0.2905,0.5580,0.4289
12,high,1,3,15,0.10,true,0.08725,0.00316,0.02971,1.94249,0.00333,0.3630,0.4544,0.4449
12,high,1,3,15,0.20,true,0.09450,0.00327,0.03867,1.94421,0.00351,0.4165,0.3635,0.4759
12,high,1,3,15,0.30,true,0.09988,0.00335,0.05198,1.95216,0.00368,0.4743,0.2808,0.5219
12,high,1,3,15,0.40,true,0.10175,0.00338,0.06898,1.96731,0.00382,0.5335,0.2117,0.5780
12,high,1,3,15,0.50,true,0.10287,0.00340,0.09009,1.98733,0.00397,0.5990,0.1528,0.6457
12,high,1,3,15,0.60,true,0.10175,0.00338,0.11466,2.01309,0.00410,0.6707,0.1109,0.7194
12,high,1,3,15,0.70,true,0.10162,0.00338,0.14240,2.04102,0.00426,0.7468,0.0778,0.8001
12,high,1,3,15,0.80,true,0.10063,0.00336,0.17260,2.07231,0.00440,0.8282,0.0536,0.8862
12,high,1,3,15,0.90,true,0.09713,0.00331,0.20481,2.10812,0.00449,0.9131,0.0367,0.9750
12,high,1,3,15,1.00,true,0.09300,0.00325,0.23799,2.14556,0.00456,0.9996,0.0256,1.0639
12,high,1,3,15,1.10,true,0.08962,0.00319,0.27234,2.18345,0.00463,1.0884,0.0162,1.1567
12,high,1,3,15,1.20,true,0.08588,0.00313,0.30738,2.22245,0.00468,1.1803,0.0100,1.2514
12,high,1,3,20,0.00,true,0.04900,0.00241,0.07806,2.02916,0.00290,0.4294,0.5322,0.6169
12,high,1,3,20,0.10,true,0.05513,0.00255,0.08415,2.02913,0.00308,0.4831,0.4649,0.6323
12,high,1,3,20,0.20,true,0.05675,0.00259,0.09393,2.03731,0.00318,0.5282,0.3968,0.6576
12,high,1,3,20,0.30,true,0.05900,0.00263,0.10794,2.04910,0.00332,0.5818,0.3346,0.6962
12,high,1,3,20,0.40,true,0.06150,0.00269,0.12477,2.06349,0.00348,0.6346,0.2773,0.7419
12,high,1,3,20,0.50,true,0.06125,0.00268,0.14518,2.08420,0.00359,0.6940,0.2273,0.7964
12,high,1,3,20,0.60,true,0.06225,0.00270,0.16836,2.10647,0.00374,0.7591,0.1848,0.8597
12,high,1,3,20,0.70,true,0.06375,0.00273,0.19463,2.13134,0.00390,0.8286,0.1461,0.9321
12,high,1,3,20,0.80,true,0.06425,0.00274,0.22201,2.15835,0.00403,0.9007,0.1153,1.0075
12,high,1,3,20,0.90,true,0.06150,0.00269,0.25084,2.19008,0.00409,0.9758,0.0919,1.0844
12,high,1,3,20,1.00,true,0.06075,0.00267,0.28022,2.22039,0.00418,1.0509,0.0692,1.1666
12,high,1,3,20,1.10,true,0.05775,0.00261,0.31114,2.25452,0.00421,1.1299,0.0509,1.2521
12,high,1,3,20,1.20,true,0.05688,0.00259,0.34154,2.28605,0.00428,1.2149,0.0390,1.3404
12,high,1,6,10,0.00,true,0.13100,0.00377,0.00371,1.87271,0.00379,0.2074,0.5627,0.2766
12,high,1,6,10,0.10,true,0.15650,0.00406,0.00403,1.84753,0.00408,0.2565,0.4126,0.2958
12,high,1,6,10,0.20,true,0.17188,0.00422,0.00650,1.83463,0.00426,0.3125,0.2789,0.3382
12,high,1,6,10,0.30,true,0.18138,0.00431,0.01189,1.83053,0.00438,0.3786,0.1745,0.4011
12,high,1,6,10,0.40,true,0.18225,0.00432,0.02090,1.83868,0.00445,0.4530,0.1013,0.4776
12,high,1,6,10,0.50,true,0.18138,0.00431,0.03416,1.85283,0.00453,0.5363,0.0576,0.5636
12,high,1,6,10,0.60,true,0.17538,0.00425,0.05167,1.87637,0.00459,0.6226,0.0308,0.6530
12,high,1,6,10,0.70,true,0.16650,0.00416,0.07337,1.90700,0.00463,0.7137,0.0169,0.7452
12,high,1,6,10,0.80,true,0.15687,0.00407,0.09909,1.94241,0.00467,0.8076,0.0092,0.8396
12,high,1,6,10,0.90,true,0.14775,0.00397,0.12904,1.98158,0.00473,0.9065,0.0048,0.9385
12,high,1,6,10,1.00,true,0.14000,0.00388,0.16034,2.02076,0.00479,1.0034,0.0033,1.0345
12,high,1,6,10,1.10,true,0.13375,0.00381,0.19522,2.06208,0.00487,1.1061,0.0016,1.1373
12,high,1,6,10,1.20,true,0.12562,0.00371,0.23053,2.10574,0.00491,1.2053,0.0004,1.2367
12,high,1,6,15,0.00,true,0.07462,0.00294,0.02489,1.95028,0.00307,0.3058,0.5325,0.4318
12,high,1,6,15,0.10,true,0.08588,0.00313,0.02599,1.94014,0.00327,0.3502,0.4268,0.4509
12,high,1,6,15,0.20,true,0.09200,0.00323,0.03096,1.93899,0.00340,0.4029,0.3316,0.4855
12,high,1,6,15,0.30,true,0.09700,0.00331,0.03985,1.94290,0.00354,0.4616,0.2488,0.5346
12,high,1,6,15,0.40,true,0.09900,0.00334,0.05275,1.95383,0.00365,0.5298,0.1862,0.5954
12,high,1,6,15,0.50,true,0.09800,0.00332,0.06935,1.97148,0.00373,0.5983,0.1312,0.6650
12,high,1,6,15,0.60,true,0.09700,0.00331,0.08983,1.99302,0.00383,0.6757,0.0921,0.7435
12,high,1,6,15,0.70,true,0.09450,0.00327,0.11341,2.01918,0.00392,0.7547,0.0613,0.8261
12,high,1,6,15,0.80,true,0.09025,0.00320,0.14024,2.05038,0.00399,0.8391,0.0394,0.9138
12,high,1,6,15,0.90,true,0.08725,0.00316,0.16942,2.08270,0.00407,0.9291,0.0255,1.0053
12,high,1,6,15,1.00,true,0.08200,0.00307,0.20158,2.12031,0.00411,1.0251,0.0172,1.1009
12,high,1,6,15,1.10,true,0.07650,0.00297,0.23355,2.15800,0.00413,1.1177,0.0120,1.1929
12,high,1,6,15,1.20,true,0.07150,0.00288,0.26772,2.19745,0.00415,1.2145,0.0074,1.2903
12,high,1,6,20,0.00,true,0.03750,0.00212,0.07968,2.04227,0.00259,0.4013,0.5297,0.6229
12,high,1,6,20,0.10,true,0.04025,0.00220,0.08162,2.04148,0.00268,0.4454,0.4527,0.6392
12,high,1,6,20,0.20,true,0.04300,0.00227,0.08758,2.04473,0.00278,0.4942,0.3793,0.6675
12,high,1,6,20,0.30,true,0.04625,0.00235,0.09751,2.05145,0.00292,0.5479,0.3111,0.7077
12,high,1,6,20,0.40,true,0.04838,0.00240,0.11102,2.06290,0.00305,0.6054,0.2501,0.7574
12,high,1,6,20,0.50,true,0.04713,0.00237,0.12826,2.08147,0.00312,0.6702,0.2001,0.8150
12,high,1,6,20,0.60,true,0.04863,0.00240,0.14817,2.09998,0.00326,0.7379,0.1561,0.8815
12,high,1,6,20,0.70,true,0.04863,0.00240,0.17052,2.12246,0.00336,0.8085,0.1196,0.9533
12,high,1,6,20,0.80,true,0.04838,0.00240,0.19506,2.14743,0.00347,0.8854,0.0925,1.0301
12,high,1,6,20,0.90,true,0.04775,0.00238,0.22191,2.17510,0.00356,0.9640,0.0671,1.1130
12,high,1,6,20,1.00,true,0.04650,0.00235,0.24991,2.20459,0.00363,1.0476,0.0498,1.1981
12,high,1,6,20,1.10,true,0.04512,0.00232,0.27861,2.23493,0.00369,1.1344,0.0381,1.2848
12,high,1,6,20,1.20,true,0.04163,0.00223,0.30949,2.26964,0.00368,1.2243,0.0270,1.3765
12,tour,2,12,10,0.00,true,0.40713,0.00549,0.00002,1.59290,0.00549,0.1613,0.7354,0.1904
12,tour,2,12,10,0.10,true,0.51162,0.00559,0.00011,1.48849,0.00559,0.2144,0.5406,0.1990
12,tour,2,12,10,0.20,true,0.57125,0.00553,0.00045,1.42920,0.00554,0.2753,0.3251,0.2466
12,tour,2,12,10,0.30,true,0.60062,0.00548,0.00130,1.40067,0.00549,0.3457,0.1624,0.3248
12,tour,2,12,10,0.40,true,0.60262,0.00547,0.00319,1.40056,0.00552,0.4305,0.0764,0.4174
12,tour,2,12,10,0.50,true,0.59037,0.00550,0.00671,1.41633,0.00559,0.5191,0.0314,0.5149
12,tour,2,12,10,0.60,true,0.57737,0.00552,0.01257,1.43520,0.00569,0.6132,0.0092,0.6160
12,tour,2,12,10,0.70,true,0.55963,0.00555,0.02111,1.46148,0.00583,0.7084,0.0026,0.7132
12,tour,2,12,10,0.80,true,0.54375,0.00557,0.03257,1.48882,0.00599,0.8063,0.0014,0.8108
12,tour,2,12,10,0.90,true,0.52600,0.00558,0.04685,1.52085,0.00616,0.9048,0.0005,0.9093
12,tour,2,12,10,1.00,true,0.51338,0.00559,0.06309,1.54972,0.00635,1.0046,0.0000,1.0091
12,tour,2,12,10,1.10,true,0.50038,0.00559,0.08111,1.58074,0.00654,1.1045,0.0000,1.1087
12,tour,2,12,10,1.20,true,0.48850,0.00559,0.10026,1.61177,0.00673,1.2037,0.0000,1.2077
12,tour,2,12,15,0.00,true,0.25988,0.00490,0.00070,1.74083,0.00491,0.2507,0.6393,0.2760
12,tour,2,12,15,0.10,true,0.30675,0.00516,0.00156,1.69481,0.00517,0.2982,0.5103,0.2853
12,tour,2,12,15,0.20,true,0.34625,0.00532,0.00330,1.65705,0.00535,0.3544,0.3755,0.3214
12,tour,2,12,15,0.30,true,0.36712,0.00539,0.00637,1.63924,0.00545,0.4139,0.2526,0.3785
12,tour,2,12,15,0.40,true,0.37862,0.00542,0.01088,1.63226,0.00553,0.4814,0.1652,0.4501
12,tour,2,12,15,0.50,true,0.38075,0.00543,0.01774,1.63699,0.00560,0.5565,0.0983,0.5347
12,tour,2,12,15,0.60,true,0.37888,0.00542,0.02716,1.64829,0.00569,0.6396,0.0537,0.6283
12,tour,2,12,15,0.70,true,0.37438,0.00541,0.03932,1.66494,0.00579,0.7302,0.0312,0.7245
12,tour,2,12,15,0.80,true,0.36662,0.00539,0.05425,1.68762,0.00590,0.8236,0.0168,0.8229
12,tour,2,12,15,0.90,true,0.35875,0.00536,0.07142,1.71267,0.00603,0.9187,0.0101,0.9201
12,tour,2,12,15,1.00,true,0.35200,0.00534,0.09065,1.73865,0.00617,1.0150,0.0044,1.0196
12,tour,2,12,15,1.10,true,0.34325,0.00531,0.11184,1.76859,0.00630,1.1132,0.0021,1.1189
12,tour,2,12,15,1.20,true,0.33400,0.00527,0.13447,1.80047,0.00644,1.2115,0.0013,1.2172
12,tour,2,12,20,0.00,true,0.17838,0.00428,0.00324,1.82487,0.00430,0.3345,0.5781,0.3603
12,tour,2,12,20,0.10,true,0.20137,0.00448,0.00551,1.80414,0.00452,0.3793,0.4808,0.3715
12,tour,2,12,20,0.20,true,0.22700,0.00468,0.00919,1.78219,0.00475,0.4328,0.3816,0.4038
12,tour,2,12,20,0.30,true,0.24163,0.00479,0.01478,1.77316,0.00490,0.4916,0.2912,0.4520
12,tour,2,12,20,0.40,true,0.25300,0.00486,0.02232,1.76932,0.00504,0.5552,0.2130,0.5154
12,tour,2,12,20,0.50,true,0.25712,0.00489,0.03141,1.77429,0.00514,0.6151,0.1486,0.5842
12,tour,2,12,20,0.60,true,0.26000,0.00490,0.04339,1.78339,0.00525,0.6915,0.1027,0.6666
12,tour,2,12,20,0.70,true,0.25738,0.00489,0.05788,1.80050,0.00535,0.7745,0.0719,0.7542
12,tour,2,12,20,0.80,true,0.25738,0.00489,0.07474,1.81737,0.00548,0.8609,0.0466,0.8484
12,tour,2,12,20,0.90,true,0.25375,0.00487,0.09357,1.83982,0.00560,0.9486,0.0295,0.9428
12,tour,2,12,20,1.00,true,0.25025,0.00484,0.11423,1.86398,0.00572,1.0413,0.0197,1.0392
12,tour,2,12,20,1.10,true,0.24563,0.00481,0.13700,1.89137,0.00585,1.1373,0.0126,1.1386
12,tour,2,12,20,1.20,true,0.24213,0.00479,0.16030,1.91818,0.00597,1.2315,0.0066,1.2371
12,tour,2,3,10,0.00,true,0.16725,0.00417,0.00013,1.83288,0.00417,0.0833,0.5303,0.2120
12,tour,2,3,10,0.10,true,0.22812,0.00469,0.00023,1.77210,0.00469,0.1724,0.3592,0.2316
12,tour,2,3,10,0.20,true,0.27113,0.00497,0.00069,1.72956,0.00498,0.2453,0.2128,0.2840
12,tour,2,3,10,0.30,true,0.29487,0.00510,0.00195,1.70707,0.00511,0.3112,0.1197,0.3507
12,tour,2,3,10,0.40,true,0.31362,0.00519,0.00458,1.69095,0.00522,0.3804,0.0592,0.4270
12,tour,2,3,10,0.50,true,0.31900,0.00521,0.00939,1.69039,0.00529,0.4583,0.0275,0.5093
12,tour,2,3,10,0.60,true,0.32200,0.00522,0.01702,1.69502,0.00537,0.5411,0.0118,0.5969
12,tour,2,3,10,0.70,true,0.32062,0.00522,0.02834,1.70772,0.00545,0.6305,0.0050,0.6899
12,tour,2,3,10,0.80,true,0.31762,0.00521,0.04232,1.72469,0.00556,0.7152,0.0018,0.7776
12,tour,2,3,10,0.90,true,0.31938,0.00521,0.06024,1.74087,0.00572,0.8065,0.0004,0.8728
12,tour,2,3,10,1.00,true,0.31900,0.00521,0.08003,1.76103,0.00588,0.8938,0.0004,0.9635
12,tour,2,3,10,1.10,true,0.31400,0.00519,0.10374,1.78974,0.00604,0.9855,0.0002,1.0594
12,tour,2,3,10,1.20,true,0.31038,0.00517,0.12925,1.81888,0.00621,1.0781,0.0000,1.1566
12,tour,2,3,15,0.00,true,0.09888,0.00334,0.00208,1.90320,0.00335,0.1261,0.5501,0.3052
12,tour,2,3,15,0.10,true,0.12912,0.00375,0.00257,1.87344,0.00376,0.2241,0.3814,0.3214
12,tour,2,3,15,0.20,true,0.15250,0.00402,0.00400,1.85150,0.00404,0.2988,0.2754,0.3615
12,tour,2,3,15,0.30,true,0.16700,0.00417,0.00677,1.83977,0.00421,0.3638,0.1940,0.4157
12,tour,2,3,15,0.40,true,0.17900,0.00429,0.01178,1.83278,0.00436,0.4297,0.1312,0.4821
12,tour,2,3,15,0.50,true,0.18475,0.00434,0.02008,1.83533,0.00447,0.5066,0.0860,0.5611
12,tour,2,3,15,0.60,true,0.18937,0.00438,0.03086,1.84148,0.00458,0.5801,0.0557,0.6400
12,tour,2,3,15,0.70,true,0.19312,0.00441,0.04570,1.85258,0.00472,0.6617,0.0338,0.7284
12,tour,2,3,15,0.80,true,0.19250,0.00441,0.06276,1.87026,0.00482,0.7408,0.0218,0.8124
12,tour,2,3,15,0.90,true,0.19100,0.00439,0.08457,1.89357,0.00495,0.8285,0.0124,0.9059
12,tour,2,3,15,1.00,true,0.19112,0.00440,0.10661,1.91549,0.00509,0.9112,0.0080,0.9920
12,tour,2,3,15,1.10,true,0.19000,0.00439,0.13167,1.94167,0.00523,0.9977,0.0048,1.0831
12,tour,2,3,15,1.20,true,0.18663,0.00436,0.15905,1.97244,0.00535,1.0867,0.0020,1.1773
12,tour,2,3,20,0.00,true,0.06925,0.00284,0.00952,1.94027,0.00289,0.1754,0.5314,0.4108
12,tour,2,3,20,0.10,true,0.09012,0.00320,0.01067,1.92055,0.00326,0.2824,0.4142,0.4246
12,tour,2,3,20,0.20,true,0.10475,0.00342,0.01342,1.90867,0.00350,0.3604,0.3256,0.4566
12,tour,2,3,20,0.30,true,0.11500,0.00357,0.01826,1.90326,0.00367,0.4282,0.2527,0.5027
12,tour,2,3,20,0.40,true,0.12187,0.00366,0.02521,1.90333,0.00381,0.4931,0.1969,0.5583
12,tour,2,3,20,0.50,true,0.12662,0.00372,0.03553,1.90891,0.00393,0.5607,0.1457,0.6245
12,tour,2,3,20,0.60,true,0.13212,0.00379,0.04785,1.91573,0.00408,0.6276,0.1098,0.6939
12,tour,2,3,20,0.70,true,0.13312,0.00380,0.06427,1.93115,0.00420,0.6998,0.0754,0.7738
12,tour,2,3,20,0.80,true,0.13312,0.00380,0.08271,1.94958,0.00431,0.7747,0.0547,0.8539
12,tour,2,3,20,0.90,true,0.13237,0.00379,0.10328,1.97091,0.00442,0.8512,0.0390,0.9362
12,tour,2,3,20,1.00,true,0.13200,0.00378,0.12686,1.99487,0.00454,0.9314,0.0248,1.0248
12,tour,2,3,20,1.10,true,0.13162,0.00378,0.15141,2.01980,0.00466,1.0134,0.0163,1.1119
12,tour,2,3,20,1.20,true,0.12950,0.00375,0.17742,2.04794,0.00476,1.0986,0.0116,1.2011
12,tour,2,6,10,0.00,true,0.23463,0.00474,0.00012,1.76550,0.00474,0.1602,0.6002,0.2047
12,tour,2,6,10,0.10,true,0.29100,0.00508,0.00005,1.70905,0.00508,0.2071,0.3981,0.2225
12,tour,2,6,10,0.20,true,0.32562,0.00524,0.00004,1.67442,0.00524,0.2702,0.2278,0.2743
12,tour,2,6,10,0.30,true,0.33937,0.00529,0.00010,1.66072,0.00529,0.3442,0.1139,0.3491
12,tour,2,6,10,0.40,true,0.33950,0.00529,0.00031,1.66081,0.00530,0.4293,0.0524,0.4376
12,tour,2,6,10,0.50,true,0.32950,0.00526,0.00084,1.67134,0.00526,0.5234,0.0227,0.5343
12,tour,2,6,10,0.60,true,0.31625,0.00520,0.00195,1.68570,0.00521,0.6173,0.0088,0.6301
12,tour,2,6,10,0.70,true,0.30062,0.00513,0.00409,1.70347,0.00516,0.7166,0.0032,0.7296
12,tour,2,6,10,0.80,true,0.28575,0.00505,0.00727,1.72152,0.00510,0.8100,0.0018,0.8222
12,tour,2,6,10,0.90,true,0.27050,0.00497,0.01231,1.74181,0.00505,0.9118,0.0007,0.9234
12,tour,2,6,10,1.00,true,0.25338,0.00486,0.01959,1.76622,0.00500,1.0185,0.0003,1.0294
12,tour,2,6,10,1.10,true,0.23588,0.00475,0.02838,1.79251,0.00493,1.1183,0.0002,1.1285
12,tour,2,6,10,1.20,true,0.21937,0.00463,0.03868,1.81932,0.00487,1.2133,0.0000,1.2232
12,tour,2,6,15,0.00,true,0.14163,0.00390,0.00109,1.85946,0.00390,0.2395,0.5593,0.2976
12,tour,2,6,15,0.10,true,0.17000,0.00420,0.00068,1.83068,0.00420,0.2830,0.4217,0.3136
12,tour,2,6,15,0.20,true,0.18650,0.00435,0.00066,1.81416,0.00436,0.3402,0.3013,0.3519
12,tour,2,6,15,0.30,true,0.19575,0.00444,0.00103,1.80528,0.00444,0.4036,0.2028,0.4086
12,tour,2,6,15,0.40,true,0.20125,0.00448,0.00192,1.80067,0.00449,0.4738,0.1244,0.4812
12,tour,2,6,15,0.50,true,0.20125,0.00448,0.00353,1.80228,0.00450,0.5530,0.0718,0.5649
12,tour,2,6,15,0.60,true,0.19625,0.00444,0.00611,1.80986,0.00448,0.6391,0.0407,0.6543
12,tour,2,6,15,0.70,true,0.18962,0.00438,0.00994,1.82031,0.00444,0.7337,0.0247,0.7497
12,tour,2,6,15,0.80,true,0.18063,0.00430,0.01517,1.83454,0.00439,0.8269,0.0136,0.8448
12,tour,2,6,15,0.90,true,0.17300,0.00423,0.02184,1.84885,0.00436,0.9199,0.0060,0.9400
12,tour,2,6,15,1.00,true,0.16412,0.00414,0.03098,1.86686,0.00432,1.0238,0.0025,1.0441
12,tour,2,6,15,1.10,true,0.15275,0.00402,0.04110,1.88836,0.00425,1.1193,0.0009,1.1395
12,tour,2,6,15,1.20,true,0.14000,0.00388,0.05406,1.91407,0.00417,1.2240,0.0004,1.2430
12,tour,2,6,20,0.00,true,0.08925,0.00319,0.00485,1.91560,0.00321,0.3154,0.5327,0.3988
12,tour,2,6,20,0.10,true,0.10262,0.00339,0.00387,1.90125,0.00341,0.3601,0.4343,0.4134
12,tour,2,6,20,0.20,true,0.11113,0.00351,0.00377,1.89264,0.00353,0.4137,0.3423,0.4443
12,tour,2,6,20,0.30,true,0.11663,0.00359,0.00458,1.88796,0.00361,0.4758,0.2649,0.4911
12,tour,2,6,20,0.40,true,0.11987,0.00363,0.00632,1.88644,0.00366,0.5363,0.1916,0.5500
12,tour,2,6,20,0.50,true,0.12212,0.00366,0.00911,1.88699,0.00371,0.6038,0.1324,0.6201
12,tour,2,6,20,0.60,true,0.11975,0.00363,0.01312,1.89337,0.00370,0.6809,0.0923,0.6983
12,tour,2,6,20,0.70,true,0.11563,0.00358,0.01846,1.90284,0.00367,0.7594,0.0592,0.7824
12,tour,2,6,20,0.80,true,0.11175,0.00352,0.02559,1.91384,0.00365,0.8472,0.0359,0.8750
12,tour,2,6,20,0.90,true,0.10512,0.00343,0.03439,1.92928,0.00360,0.9410,0.0232,0.9698
12,tour,2,6,20,1.00,true,0.09788,0.00332,0.04441,1.94654,0.00354,1.0326,0.0147,1.0625
12,tour,2,6,20,1.10,true,0.09025,0.00320,0.05613,1.96590,0.00348,1.1276,0.0099,1.1572
12,tour,2,6,20,1.20,true,0.08125,0.00305,0.07041,1.98919,0.00339,1.2297,0.0065,1.2589
12,scratch,2,12,10,0.00,true,0.36288,0.00538,0.00008,1.63720,0.00538,0.1712,0.6985,0.2029
12,scratch,2,12,10,0.10,true,0.45000,0.00556,0.00029,1.55029,0.00557,0.2267,0.5173,0.2138
12,scratch,2,12,10,0.20,true,0.50162,0.00559,0.00101,1.49938,0.00560,0.2881,0.3258,0.2600
12,scratch,2,12,10,0.30,true,0.52687,0.00558,0.00259,1.47572,0.00561,0.3555,0.1794,0.3322
12,scratch,2,12,10,0.40,true,0.52838,0.00558,0.00596,1.47759,0.00566,0.4351,0.0880,0.4211
12,scratch,2,12,10,0.50,true,0.51650,0.00559,0.01177,1.49527,0.00573,0.5203,0.0403,0.5149
12,scratch,2,12,10,0.60,true,0.50650,0.00559,0.02071,1.51421,0.00584,0.6134,0.0162,0.6143
12,scratch,2,12,10,0.70,true,0.49262,0.00559,0.03286,1.54024,0.00598,0.7079,0.0047,0.7130
12,scratch,2,12,10,0.80,true,0.47500,0.00558,0.04885,1.57385,0.00614,0.8065,0.0017,0.8123
12,scratch,2,12,10,0.90,true,0.45937,0.00557,0.06757,1.60820,0.00631,0.9057,0.0012,0.9109
12,scratch,2,12,10,1.00,true,0.44550,0.00556,0.08849,1.64299,0.00650,1.0050,0.0005,1.0102
12,scratch,2,12,10,1.10,true,0.43212,0.00554,0.11137,1.67925,0.00669,1.1045,0.0000,1.1098
12,scratch,2,12,10,1.20,true,0.41813,0.00551,0.13547,1.71735,0.00686,1.2026,0.0000,1.2076
12,scratch,2,12,15,0.00,true,0.21638,0.00460,0.00175,1.78538,0.00462,0.2683,0.6125,0.2982
12,scratch,2,12,15,0.10,true,0.25138,0.00485,0.00330,1.75193,0.00487,0.3136,0.4909,0.3083
12,scratch,2,12,15,0.20,true,0.28050,0.00502,0.00630,1.72580,0.00507,0.3679,0.3683,0.3424
12,scratch,2,12,15,0.30,true,0.30250,0.00514,0.01111,1.70861,0.00523,0.4283,0.2590,0.3973
12,scratch,2,12,15,0.40,true,0.31512,0.00519,0.01792,1.70279,0.00535,0.4945,0.1776,0.4652
12,scratch,2,12,15,0.50,true,0.32000,0.00522,0.02781,1.70782,0.00546,0.5696,0.1140,0.5471
12,scratch,2,12,15,0.60,true,0.32088,0.00522,0.04046,1.71959,0.00558,0.6509,0.0701,0.6364
12,scratch,2,12,15,0.70,true,0.31438,0.00519,0.05638,1.74201,0.00569,0.7352,0.0408,0.7289
12,scratch,2,12,15,0.80,true,0.30812,0.00516,0.07527,1.76715,0.00582,0.8255,0.0233,0.8250
12,scratch,2,12,15,0.90,true,0.29950,0.00512,0.09665,1.79715,0.00594,0.9187,0.0145,0.9209
12,scratch,2,12,15,1.00,true,0.28937,0.00507,0.12053,1.83116,0.00606,1.0138,0.0088,1.0181
12,scratch,2,12,15,1.10,true,0.28213,0.00503,0.14585,1.86373,0.00620,1.1096,0.0042,1.1167
12,scratch,2,12,15,1.20,true,0.27587,0.00500,0.17270,1.89683,0.00634,1.2089,0.0019,1.2172
12,scratch,2,12,20,0.00,true,0.14450,0.00393,0.00667,1.86217,0.00397,0.3566,0.5598,0.3934
12,scratch,2,12,20,0.10,true,0.16037,0.00410,0.01021,1.84983,0.00417,0.4012,0.4706,0.4051
12,scratch,2,12,20,0.20,true,0.18125,0.00431,0.01579,1.83454,0.00442,0.4551,0.3797,0.4371
12,scratch,2,12,20,0.30,true,0.18987,0.00438,0.02393,1.83406,0.00456,0.5118,0.2961,0.4823
12,scratch,2,12,20,0.40,true,0.20037,0.00448,0.03429,1.83391,0.00473,0.5726,0.2224,0.5418
12,scratch,2,12,20,0.50,true,0.20475,0.00451,0.04637,1.84162,0.00486,0.6352,0.1665,0.6072
12,scratch,2,12,20,0.60,true,0.20963,0.00455,0.06172,1.85210,0.00502,0.7068,0.1164,0.6865
12,scratch,2,12,20,0.70,true,0.20925,0.00455,0.07998,1.87073,0.00515,0.7868,0.0830,0.7712
12,scratch,2,12,20,0.80,true,0.20488,0.00451,0.10060,1.89573,0.00526,0.8704,0.0597,0.8588
12,scratch,2,12,20,0.90,true,0.20300,0.00450,0.12330,1.92031,0.00539,0.9556,0.0387,0.9521
12,scratch,2,12,20,1.00,true,0.19950,0.00447,0.14778,1.94828,0.00552,1.0456,0.0270,1.0459
12,scratch,2,12,20,1.10,true,0.19362,0.00442,0.17400,1.98038,0.00562,1.1363,0.0177,1.1409
12,scratch,2,12,20,1.20,true,0.18887,0.00438,0.20140,2.01254,0.00572,1.2318,0.0122,1.2387
12,scratch,2,3,10,0.00,true,0.15263,0.00402,0.00042,1.84779,0.00402,0.0934,0.5349,0.2281
12,scratch,2,3,10,0.10,true,0.21013,0.00455,0.00064,1.79052,0.00456,0.1834,0.3719,0.2473
12,scratch,2,3,10,0.20,true,0.24700,0.00482,0.00162,1.75462,0.00483,0.2576,0.2375,0.2958
12,scratch,2,3,10,0.30,true,0.27037,0.00497,0.00395,1.73358,0.00500,0.3220,0.1420,0.3602
12,scratch,2,3,10,0.40,true,0.28387,0.00504,0.00847,1.72459,0.00511,0.3889,0.0751,0.4346
12,scratch,2,3,10,0.50,true,0.28713,0.00506,0.01630,1.72917,0.00519,0.4665,0.0403,0.5165
12,scratch,2,3,10,0.60,true,0.29050,0.00508,0.02746,1.73696,0.00530,0.5456,0.0194,0.6018
12,scratch,2,3,10,0.70,true,0.28913,0.00507,0.04351,1.75438,0.00542,0.6325,0.0083,0.6938
12,scratch,2,3,10,0.80,true,0.28900,0.00507,0.06187,1.77287,0.00556,0.7165,0.0040,0.7811
12,scratch,2,3,10,0.90,true,0.28475,0.00505,0.08550,1.80076,0.00572,0.8084,0.0016,0.8771
12,scratch,2,3,10,1.00,true,0.28187,0.00503,0.11017,1.82830,0.00589,0.8951,0.0003,0.9678
12,scratch,2,3,10,1.10,true,0.27650,0.00500,0.13831,1.86182,0.00605,0.9871,0.0003,1.0637
12,scratch,2,3,10,1.20,true,0.27375,0.00499,0.16720,1.89347,0.00623,1.0797,0.0002,1.1607
12,scratch,2,3,15,0.00,true,0.09325,0.00325,0.00479,1.91154,0.00327,0.1476,0.5477,0.3351
12,scratch,2,3,15,0.10,true,0.11250,0.00353,0.00589,1.89339,0.00356,0.2466,0.3994,0.3488
12,scratch,2,3,15,0.20,true,0.13537,0.00383,0.00849,1.87312,0.00387,0.3204,0.2998,0.3863
12,scratch,2,3,15,0.30,true,0.14825,0.00397,0.01338,1.86513,0.00405,0.3853,0.2213,0.4374
12,scratch,2,3,15,0.40,true,0.15775,0.00408,0.02139,1.86364,0.00421,0.4505,0.1573,0.5013
12,scratch,2,3,15,0.50,true,0.16537,0.00415,0.03345,1.86808,0.00437,0.5238,0.1072,0.5773
12,scratch,2,3,15,0.60,true,0.16862,0.00419,0.04823,1.87961,0.00450,0.5950,0.0734,0.6540
12,scratch,2,3,15,0.70,true,0.17025,0.00420,0.06737,1.89712,0.00464,0.6737,0.0481,0.7396
12,scratch,2,3,15,0.80,true,0.16850,0.00418,0.08919,1.92069,0.00476,0.7510,0.0320,0.8231
12,scratch,2,3,15,0.90,true,0.16600,0.00416,0.11533,1.94934,0.00489,0.8363,0.0202,0.9148
12,scratch,2,3,15,1.00,true,0.16712,0.00417,0.14058,1.97347,0.00505,0.9166,0.0132,1.0000
12,scratch,2,3,15,1.10,true,0.16537,0.00415,0.16926,2.00391,0.00519,1.0032,0.0085,1.0918
12,scratch,2,3,15,1.20,true,0.16150,0.00411,0.19966,2.03820,0.00530,1.0925,0.0054,1.1861
12,scratch,2,3,20,0.00,true,0.06463,0.00275,0.01890,1.95427,0.00286,0.2173,0.5315,0.4595
12,scratch,2,3,20,0.10,true,0.07900,0.00302,0.02136,1.94236,0.00314,0.3257,0.4319,0.4725
12,scratch,2,3,20,0.20,true,0.09112,0.00322,0.02575,1.93463,0.00337,0.4001,0.3530,0.5002
12,scratch,2,3,20,0.30,true,0.09688,0.00331,0.03349,1.93662,0.00351,0.4690,0.2865,0.5427
12,scratch,2,3,20,0.40,true,0.10787,0.00347,0.04354,1.93567,0.00374,0.5313,0.2295,0.5958
12,scratch,2,3,20,0.50,true,0.11163,0.00352,0.05687,1.94525,0.00388,0.5929,0.1790,0.6546
12,scratch,2,3,20,0.60,true,0.11438,0.00356,0.07259,1.95822,0.00402,0.6542,0.1365,0.7200
12,scratch,2,3,20,0.70,true,0.11588,0.00358,0.09272,1.97685,0.00416,0.7269,0.1026,0.7972
12,scratch,2,3,20,0.80,true,0.11250,0.00353,0.11569,2.00321,0.00424,0.7992,0.0751,0.8769
12,scratch,2,3,20,0.90,true,0.11313,0.00354,0.13967,2.02657,0.00438,0.8754,0.0568,0.9592
12,scratch,2,3,20,1.00,true,0.11150,0.00352,0.16603,2.05457,0.00449,0.9539,0.0418,1.0447
12,scratch,2,3,20,1.10,true,0.11050,0.00351,0.19245,2.08200,0.00460,1.0306,0.0289,1.1292
12,scratch,2,3,20,1.20,true,0.10825,0.00347,0.21962,2.11143,0.00468,1.1086,0.0195,1.2152
12,scratch,2,6,10,0.00,true,0.20287,0.00450,0.00030,1.79743,0.00450,0.1710,0.5852,0.2210
12,scratch,2,6,10,0.10,true,0.24938,0.00484,0.00016,1.75079,0.00484,0.2192,0.4015,0.2393
12,scratch,2,6,10,0.20,true,0.27975,0.00502,0.00021,1.72046,0.00502,0.2810,0.2414,0.2889
12,scratch,2,6,10,0.30,true,0.29025,0.00507,0.00048,1.71023,0.00508,0.3503,0.1275,0.3589
12,scratch,2,6,10,0.40,true,0.29113,0.00508,0.00114,1.71002,0.00509,0.4334,0.0635,0.4444
12,scratch,2,6,10,0.50,true,0.28225,0.00503,0.00251,1.72026,0.00505,0.5252,0.0327,0.5372
12,scratch,2,6,10,0.60,true,0.27287,0.00498,0.00487,1.73199,0.00501,0.6172,0.0132,0.6328
12,scratch,2,6,10,0.70,true,0.26100,0.00491,0.00881,1.74781,0.00497,0.7167,0.0054,0.7329
12,scratch,2,6,10,0.80,true,0.24725,0.00482,0.01417,1.76693,0.00492,0.8095,0.0028,0.8251
12,scratch,2,6,10,0.90,true,0.23325,0.00473,0.02218,1.78894,0.00488,0.9114,0.0015,0.9262
12,scratch,2,6,10,1.00,true,0.21750,0.00461,0.03305,1.81556,0.00482,1.0167,0.0005,1.0311
12,scratch,2,6,10,1.10,true,0.20062,0.00448,0.04584,1.84523,0.00476,1.1172,0.0003,1.1308
12,scratch,2,6,10,1.20,true,0.18837,0.00437,0.05980,1.87145,0.00473,1.2113,0.0002,1.2245
12,scratch,2,6,15,0.00,true,0.11663,0.00359,0.00255,1.88592,0.00360,0.2562,0.5489,0.3272
12,scratch,2,6,15,0.10,true,0.13900,0.00387,0.00196,1.86296,0.00388,0.3007,0.4229,0.3440
12,scratch,2,6,15,0.20,true,0.15350,0.00403,0.00214,1.84864,0.00404,0.3555,0.3091,0.3806
12,scratch,2,6,15,0.30,true,0.16325,0.00413,0.00314,1.83989,0.00415,0.4177,0.2165,0.4345
12,scratch,2,6,15,0.40,true,0.16550,0.00415,0.00509,1.83959,0.00418,0.4873,0.1420,0.5035
12,scratch,2,6,15,0.50,true,0.16712,0.00417,0.00835,1.84122,0.00422,0.5661,0.0896,0.5844
12,scratch,2,6,15,0.60,true,0.16562,0.00416,0.01300,1.84738,0.00423,0.6483,0.0514,0.6721
12,scratch,2,6,15,0.70,true,0.16012,0.00410,0.01934,1.85922,0.00421,0.7380,0.0324,0.7625
12,scratch,2,6,15,0.80,true,0.15313,0.00403,0.02754,1.87443,0.00418,0.8316,0.0204,0.8567
12,scratch,2,6,15,0.90,true,0.14413,0.00393,0.03757,1.89345,0.00414,0.9221,0.0110,0.9495
12,scratch,2,6,15,1.00,true,0.13175,0.00378,0.05087,1.91914,0.00406,1.0242,0.0049,1.0529
12,scratch,2,6,15,1.10,true,0.12275,0.00367,0.06477,1.94205,0.00401,1.1183,0.0024,1.1468
12,scratch,2,6,15,1.20,true,0.10988,0.00350,0.08225,1.97243,0.00391,1.2220,0.0008,1.2501
12,scratch,2,6,20,0.00,true,0.06875,0.00283,0.01089,1.94214,0.00288,0.3387,0.5255,0.4471
12,scratch,2,6,20,0.10,true,0.07863,0.00301,0.00973,1.93110,0.00306,0.3850,0.4379,0.4621
12,scratch,2,6,20,0.20,true,0.08625,0.00314,0.01006,1.92381,0.00319,0.4348,0.3466,0.4930
12,scratch,2,6,20,0.30,true,0.08887,0.00318,0.01188,1.92301,0.00324,0.4947,0.2741,0.5365
12,scratch,2,6,20,0.40,true,0.09200,0.00323,0.01524,1.92324,0.00331,0.5570,0.2099,0.5921
12,scratch,2,6,20,0.50,true,0.09287,0.00325,0.02023,1.92736,0.00335,0.6203,0.1488,0.6584
12,scratch,2,6,20,0.60,true,0.09187,0.00323,0.02687,1.93500,0.00337,0.6957,0.1083,0.7330
12,scratch,2,6,20,0.70,true,0.09037,0.00321,0.03535,1.94499,0.00339,0.7740,0.0745,0.8150
12,scratch,2,6,20,0.80,true,0.08538,0.00312,0.04607,1.96072,0.00336,0.8591,0.0493,0.9035
12,scratch,2,6,20,0.90,true,0.08050,0.00304,0.05870,1.97823,0.00334,0.9485,0.0315,0.9960
12,scratch,2,6,20,1.00,true,0.07500,0.00294,0.07250,1.99754,0.00330,1.0370,0.0214,1.0852
12,scratch,2,6,20,1.10,true,0.06950,0.00284,0.08804,2.01860,0.00327,1.1289,0.0142,1.1776
12,scratch,2,6,20,1.20,true,0.06275,0.00271,0.10645,2.04378,0.00321,1.2294,0.0096,1.2773
12,mid,2,12,10,0.00,true,0.28713,0.00506,0.00046,1.71333,0.00506,0.1875,0.6479,0.2223
12,mid,2,12,10,0.10,true,0.35275,0.00534,0.00144,1.64869,0.00536,0.2408,0.4774,0.2367
12,mid,2,12,10,0.20,true,0.39113,0.00546,0.00393,1.61280,0.00549,0.3026,0.3172,0.2810
12,mid,2,12,10,0.30,true,0.40775,0.00549,0.00867,1.60092,0.00558,0.3677,0.1916,0.3469
12,mid,2,12,10,0.40,true,0.41175,0.00550,0.01700,1.60525,0.00568,0.4411,0.0997,0.4300
12,mid,2,12,10,0.50,true,0.40400,0.00549,0.02950,1.62550,0.00579,0.5269,0.0543,0.5209
12,mid,2,12,10,0.60,true,0.39263,0.00546,0.04651,1.65388,0.00593,0.6145,0.0257,0.6153
12,mid,2,12,10,0.70,true,0.38200,0.00543,0.06759,1.68559,0.00609,0.7077,0.0111,0.7131
12,mid,2,12,10,0.80,true,0.36788,0.00539,0.09284,1.72498,0.00627,0.8036,0.0040,0.8116
12,mid,2,12,10,0.90,true,0.35663,0.00536,0.12055,1.76394,0.00646,0.9016,0.0014,0.9103
12,mid,2,12,10,1.00,true,0.34163,0.00530,0.15052,1.80891,0.00662,0.9994,0.0009,1.0075
12,mid,2,12,10,1.10,true,0.32750,0.00525,0.18257,1.85509,0.00679,1.0998,0.0007,1.1075
12,mid,2,12,10,1.20,true,0.31525,0.00519,0.21428,1.89906,0.00694,1.1979,0.0000,1.2060
12,mid,2,12,15,0.00,true,0.15887,0.00409,0.00598,1.84710,0.00413,0.2907,0.5833,0.3342
12,mid,2,12,15,0.10,true,0.18388,0.00433,0.00990,1.82602,0.00440,0.3366,0.4747,0.3463
12,mid,2,12,15,0.20,true,0.20613,0.00452,0.01652,1.81040,0.00465,0.3895,0.3656,0.3793
12,mid,2,12,15,0.30,true,0.21875,0.00462,0.02642,1.80768,0.00483,0.4477,0.2666,0.4301
12,mid,2,12,15,0.40,true,0.22700,0.00468,0.03910,1.81210,0.00499,0.5110,0.1931,0.4920
12,mid,2,12,15,0.50,true,0.23225,0.00472,0.05602,1.82378,0.00517,0.5831,0.1309,0.5689
12,mid,2,12,15,0.60,true,0.23112,0.00471,0.07686,1.84575,0.00532,0.6628,0.0871,0.6539
12,mid,2,12,15,0.70,true,0.22700,0.00468,0.10071,1.87372,0.00546,0.7436,0.0560,0.7415
12,mid,2,12,15,0.80,true,0.22025,0.00463,0.12753,1.90730,0.00559,0.8286,0.0345,0.8327
12,mid,2,12,15,0.90,true,0.21275,0.00458,0.15686,1.94414,0.00571,0.9184,0.0214,0.9267
12,mid,2,12,15,1.00,true,0.20513,0.00451,0.18815,1.98306,0.00583,1.0115,0.0135,1.0223
12,mid,2,12,15,1.10,true,0.19787,0.00445,0.22034,2.02251,0.00593,1.1063,0.0086,1.1189
12,mid,2,12,15,1.20,true,0.19212,0.00440,0.25312,2.06106,0.00604,1.2037,0.0053,1.2177
12,mid,2,12,20,0.00,true,0.10275,0.00339,0.01937,1.91663,0.00351,0.3854,0.5422,0.4504
12,mid,2,12,20,0.10,true,0.11188,0.00352,0.02632,1.91445,0.00370,0.4295,0.4594,0.4637
12,mid,2,12,20,0.20,true,0.12375,0.00368,0.03667,1.91292,0.00393,0.4823,0.3763,0.4947
12,mid,2,12,20,0.30,true,0.12950,0.00375,0.05043,1.92093,0.00411,0.5404,0.3040,0.5375
12,mid,2,12,20,0.40,true,0.13250,0.00379,0.06707,1.93458,0.00426,0.5980,0.2369,0.5910
12,mid,2,12,20,0.50,true,0.13550,0.00383,0.08544,1.94996,0.00443,0.6602,0.1867,0.6516
12,mid,2,12,20,0.60,true,0.13637,0.00384,0.10778,1.97143,0.00458,0.7258,0.1369,0.7233
12,mid,2,12,20,0.70,true,0.13637,0.00384,0.13296,1.99661,0.00474,0.7999,0.0994,0.8027
12,mid,2,12,20,0.80,true,0.13562,0.00383,0.16048,2.02489,0.00489,0.8821,0.0739,0.8879
12,mid,2,12,20,0.90,true,0.13200,0.00378,0.18973,2.05778,0.00500,0.9669,0.0556,0.9750
12,mid,2,12,20,1.00,true,0.13012,0.00376,0.21984,2.08978,0.00512,1.0520,0.0392,1.0655
12,mid,2,12,20,1.10,true,0.12587,0.00371,0.25164,2.12585,0.00520,1.1399,0.0265,1.1590
12,mid,2,12,20,1.20,true,0.12212,0.00366,0.28333,2.16132,0.00528,1.2316,0.0195,1.2524
12,mid,2,3,10,0.00,true,0.13450,0.00381,0.00183,1.86734,0.00382,0.1160,0.5371,0.2564
12,mid,2,3,10,0.10,true,0.18225,0.00432,0.00267,1.82042,0.00433,0.2040,0.3988,0.2728
12,mid,2,3,10,0.20,true,0.21550,0.00460,0.00548,1.78998,0.00463,0.2780,0.2733,0.3172
12,mid,2,3,10,0.30,true,0.23062,0.00471,0.01098,1.78036,0.00479,0.3401,0.1719,0.3780
12,mid,2,3,10,0.40,true,0.23800,0.00476,0.02017,1.78217,0.00491,0.4061,0.1063,0.4483
12,mid,2,3,10,0.50,true,0.24438,0.00480,0.03363,1.78926,0.00506,0.4774,0.0592,0.5273
12,mid,2,3,10,0.60,true,0.24100,0.00478,0.05229,1.81130,0.00517,0.5556,0.0339,0.6118
12,mid,2,3,10,0.70,true,0.23963,0.00477,0.07633,1.83673,0.00534,0.6419,0.0178,0.7046
12,mid,2,3,10,0.80,true,0.23888,0.00477,0.10154,1.86270,0.00552,0.7224,0.0079,0.7914
12,mid,2,3,10,0.90,true,0.23550,0.00474,0.13162,1.89618,0.00569,0.8128,0.0047,0.8858
12,mid,2,3,10,1.00,true,0.22562,0.00467,0.16386,1.93832,0.00582,0.9000,0.0023,0.9773
12,mid,2,3,10,1.10,true,0.22062,0.00464,0.19719,1.97668,0.00597,0.9896,0.0006,1.0720
12,mid,2,3,10,1.20,true,0.21425,0.00459,0.23138,2.01730,0.00611,1.0809,0.0003,1.1676
12,mid,2,3,15,0.00,true,0.08038,0.00304,0.01524,1.93486,0.00312,0.2040,0.5448,0.3925
12,mid,2,3,15,0.10,true,0.09400,0.00326,0.01828,1.92428,0.00337,0.2995,0.4283,0.4044
12,mid,2,3,15,0.20,true,0.10850,0.00348,0.02498,1.91648,0.00363,0.3703,0.3407,0.4378
12,mid,2,3,15,0.30,true,0.11787,0.00361,0.03495,1.91708,0.00382,0.4289,0.2606,0.4839
12,mid,2,3,15,0.40,true,0.12525,0.00370,0.04860,1.92336,0.00401,0.4900,0.1986,0.5410
12,mid,2,3,15,0.50,true,0.13325,0.00380,0.06728,1.93405,0.00424,0.5609,0.1480,0.6119
12,mid,2,3,15,0.60,true,0.13512,0.00382,0.08814,1.95304,0.00440,0.6253,0.1062,0.6837
12,mid,2,3,15,0.70,true,0.13737,0.00385,0.11423,1.97690,0.00458,0.7035,0.0774,0.7676
12,mid,2,3,15,0.80,true,0.13387,0.00381,0.14174,2.00793,0.00470,0.7762,0.0554,0.8483
12,mid,2,3,15,0.90,true,0.12987,0.00376,0.17296,2.04319,0.00481,0.8542,0.0362,0.9362
12,mid,2,3,15,1.00,true,0.12887,0.00375,0.20250,2.07377,0.00494,0.9323,0.0255,1.0207
12,mid,2,3,15,1.10,true,0.12800,0.00374,0.23392,2.10612,0.00508,1.0153,0.0183,1.1100
12,mid,2,3,15,1.20,true,0.12312,0.00367,0.26723,2.14436,0.00515,1.1004,0.0124,1.2018
12,mid,2,3,20,0.00,true,0.05437,0.00254,0.05034,1.99599,0.00285,0.3178,0.5298,0.5569
12,mid,2,3,20,0.10,true,0.06225,0.00270,0.05649,1.99426,0.00306,0.4261,0.4569,0.5699
12,mid,2,3,20,0.20,true,0.07300,0.00291,0.06500,1.99203,0.00332,0.4957,0.3946,0.5948
12,mid,2,3,20,0.30,true,0.07900,0.00302,0.07654,1.99758,0.00351,0.5491,0.3316,0.6289
12,mid,2,3,20,0.40,true,0.08150,0.00306,0.09251,2.01105,0.00366,0.6104,0.2798,0.6767
12,mid,2,3,20,0.50,true,0.08313,0.00309,0.11157,2.02850,0.00381,0.6718,0.2323,0.7321
12,mid,2,3,20,0.60,true,0.08425,0.00311,0.13152,2.04735,0.00395,0.7268,0.1907,0.7895
12,mid,2,3,20,0.70,true,0.08413,0.00310,0.15592,2.07191,0.00408,0.7909,0.1514,0.8595
12,mid,2,3,20,0.80,true,0.08588,0.00313,0.18083,2.09510,0.00425,0.8556,0.1199,0.9324
12,mid,2,3,20,0.90,true,0.08388,0.00310,0.20841,2.12474,0.00434,0.9263,0.0951,1.0106
12,mid,2,3,20,1.00,true,0.08275,0.00308,0.23694,2.15445,0.00445,0.9993,0.0740,1.0928
12,mid,2,3,20,1.10,true,0.08238,0.00307,0.26473,2.18269,0.00455,1.0731,0.0584,1.1743
12,mid,2,3,20,1.20,true,0.08225,0.00307,0.29242,2.21059,0.00465,1.1464,0.0449,1.2574
12,mid,2,6,10,0.00,true,0.15900,0.00409,0.00133,1.84233,0.00410,0.1864,0.5667,0.2502
12,mid,2,6,10,0.10,true,0.19062,0.00439,0.00088,1.81026,0.00440,0.2346,0.4006,0.2690
12,mid,2,6,10,0.20,true,0.21363,0.00458,0.00113,1.78750,0.00459,0.2941,0.2556,0.3152
12,mid,2,6,10,0.30,true,0.22162,0.00464,0.00217,1.78055,0.00466,0.3617,0.1502,0.3803
12,mid,2,6,10,0.40,true,0.22387,0.00466,0.00446,1.78058,0.00469,0.4414,0.0823,0.4613
12,mid,2,6,10,0.50,true,0.21700,0.00461,0.00853,1.79154,0.00466,0.5284,0.0433,0.5504
12,mid,2,6,10,0.60,true,0.20838,0.00454,0.01470,1.80633,0.00463,0.6191,0.0224,0.6429
12,mid,2,6,10,0.70,true,0.20012,0.00447,0.02377,1.82366,0.00462,0.7165,0.0108,0.7414
12,mid,2,6,10,0.80,true,0.19012,0.00439,0.03496,1.84487,0.00460,0.8086,0.0051,0.8340
12,mid,2,6,10,0.90,true,0.17813,0.00428,0.05011,1.87204,0.00458,0.9099,0.0026,0.9347
12,mid,2,6,10,1.00,true,0.16625,0.00416,0.06885,1.90270,0.00456,1.0149,0.0016,1.0385
12,mid,2,6,10,1.10,true,0.15250,0.00402,0.08956,1.93721,0.00452,1.1138,0.0007,1.1370
12,mid,2,6,10,1.20,true,0.13987,0.00388,0.11140,1.97174,0.00447,1.2074,0.0004,1.2301
12,mid,2,6,15,0.00,true,0.08775,0.00316,0.01048,1.92273,0.00322,0.2810,0.5391,0.3846
12,mid,2,6,15,0.10,true,0.10025,0.00336,0.00953,1.90928,0.00341,0.3242,0.4248,0.4015
12,mid,2,6,15,0.20,true,0.11275,0.00354,0.01061,1.89786,0.00359,0.3768,0.3173,0.4378
12,mid,2,6,15,0.30,true,0.11688,0.00359,0.01364,1.89677,0.00366,0.4381,0.2334,0.4876
12,mid,2,6,15,0.40,true,0.12000,0.00363,0.01881,1.89882,0.00374,0.5066,0.1659,0.5512
12,mid,2,6,15,0.50,true,0.11825,0.00361,0.02638,1.90815,0.00376,0.5797,0.1094,0.6261
12,mid,2,6,15,0.60,true,0.11713,0.00360,0.03624,1.91915,0.00380,0.6582,0.0697,0.7080
12,mid,2,6,15,0.70,true,0.11263,0.00353,0.04869,1.93612,0.00380,0.7431,0.0437,0.7951
12,mid,2,6,15,0.80,true,0.10575,0.00344,0.06384,1.95818,0.00379,0.8344,0.0285,0.8863
12,mid,2,6,15,0.90,true,0.09963,0.00335,0.08110,1.98161,0.00378,0.9275,0.0200,0.9783
12,mid,2,6,15,1.00,true,0.09125,0.00322,0.10222,2.01116,0.00375,1.0265,0.0114,1.0788
12,mid,2,6,15,1.10,true,0.08250,0.00308,0.12349,2.04126,0.00369,1.1171,0.0060,1.1705
12,mid,2,6,15,1.20,true,0.07512,0.00295,0.14823,2.07348,0.00365,1.2185,0.0036,1.2711
12,mid,2,6,20,0.00,true,0.04650,0.00235,0.04007,1.99358,0.00258,0.3689,0.5194,0.5424
12,mid,2,6,20,0.10,true,0.05175,0.00248,0.03908,1.98735,0.00269,0.4163,0.4412,0.5591
12,mid,2,6,20,0.20,true,0.05588,0.00257,0.04088,1.98503,0.00279,0.4645,0.3579,0.5892
12,mid,2,6,20,0.30,true,0.05813,0.00262,0.04544,1.98735,0.00286,0.5233,0.2910,0.6308
12,mid,2,6,20,0.40,true,0.06037,0.00266,0.05264,1.99231,0.00295,0.5857,0.2313,0.6839
12,mid,2,6,20,0.50,true,0.05838,0.00262,0.06252,2.00422,0.00296,0.6479,0.1754,0.7448
12,mid,2,6,20,0.60,true,0.05912,0.00264,0.07462,2.01559,0.00305,0.7144,0.1275,0.8143
12,mid,2,6,20,0.70,true,0.05788,0.00261,0.08912,2.03139,0.00309,0.7936,0.0983,0.8901
12,mid,2,6,20,0.80,true,0.05638,0.00258,0.10626,2.05008,0.00315,0.8726,0.0678,0.9737
12,mid,2,6,20,0.90,true,0.05225,0.00249,0.12553,2.07355,0.00314,0.9572,0.0470,1.0604
12,mid,2,6,20,1.00,true,0.04950,0.00243,0.14548,2.09633,0.00317,1.0407,0.0317,1.1465
12,mid,2,6,20,1.10,true,0.04437,0.00230,0.16714,2.12322,0.00313,1.1298,0.0230,1.2344
12,mid,2,6,20,1.20,true,0.03988,0.00219,0.19164,2.15235,0.00310,1.2267,0.0155,1.3311
12,high,2,12,10,0.00,true,0.23438,0.00474,0.00182,1.76745,0.00475,0.2066,0.6162,0.2466
12,high,2,12,10,0.10,true,0.27937,0.00502,0.00434,1.72497,0.00505,0.2570,0.4628,0.2607
12,high,2,12,10,0.20,true,0.31112,0.00518,0.00983,1.69870,0.00526,0.3160,0.3194,0.3024
12,high,2,12,10,0.30,true,0.32575,0.00524,0.01879,1.69304,0.00541,0.3789,0.2069,0.3629
12,high,2,12,10,0.40,true,0.32875,0.00525,0.03310,1.70435,0.00556,0.4517,0.1225,0.4407
12,high,2,12,10,0.50,true,0.32125,0.00522,0.05297,1.73173,0.00570,0.5318,0.0696,0.5272
12,high,2,12,10,0.60,true,0.31150,0.00518,0.07809,1.76660,0.00587,0.6195,0.0379,0.6208
12,high,2,12,10,0.70,true,0.30088,0.00513,0.10711,1.80626,0.00605,0.7106,0.0209,0.7157
12,high,2,12,10,0.80,true,0.29025,0.00507,0.14028,1.85008,0.00623,0.8057,0.0093,0.8152
12,high,2,12,10,0.90,true,0.28087,0.00502,0.17483,1.89402,0.00642,0.9020,0.0038,0.9137
12,high,2,12,10,1.00,true,0.26937,0.00496,0.21067,1.94139,0.00657,0.9986,0.0017,1.0108
12,high,2,12,10,1.10,true,0.25912,0.00490,0.24727,1.98828,0.00671,1.0981,0.0012,1.1099
12,high,2,12,10,1.20,true,0.25000,0.00484,0.28310,2.03330,0.00685,1.1968,0.0008,1.2083
12,high,2,12,15,0.00,true,0.12437,0.00369,0.01529,1.89093,0.00379,0.3195,0.5676,0.3781
12,high,2,12,15,0.10,true,0.13937,0.00387,0.02217,1.88280,0.00403,0.3638,0.4696,0.3899
12,high,2,12,15,0.20,true,0.15475,0.00404,0.03307,1.87833,0.00429,0.4162,0.3733,0.4209
12,high,2,12,15,0.30,true,0.16137,0.00411,0.04821,1.88685,0.00447,0.4720,0.2844,0.4669
12,high,2,12,15,0.40,true,0.16800,0.00418,0.06648,1.89851,0.00468,0.5319,0.2120,0.5252
12,high,2,12,15,0.50,true,0.17137,0.00421,0.08982,1.91848,0.00488,0.6019,0.1536,0.5964
12,high,2,12,15,0.60,true,0.16987,0.00420,0.11683,1.94701,0.00505,0.6748,0.1072,0.6744
12,high,2,12,15,0.70,true,0.16737,0.00417,0.14705,1.97975,0.00521,0.7553,0.0749,0.7593
12,high,2,12,15,0.80,true,0.16362,0.00414,0.17919,2.01568,0.00536,0.8363,0.0501,0.8465
12,high,2,12,15,0.90,true,0.15950,0.00409,0.21361,2.05426,0.00550,0.9234,0.0330,0.9385
12,high,2,12,15,1.00,true,0.15450,0.00404,0.24931,2.09502,0.00561,1.0142,0.0222,1.0324
12,high,2,12,15,1.10,true,0.14925,0.00398,0.28560,2.13663,0.00571,1.1081,0.0153,1.1283
12,high,2,12,15,1.20,true,0.14438,0.00393,0.32150,2.17749,0.00579,1.2025,0.0101,1.2248
12,high,2,12,20,0.00,true,0.07375,0.00292,0.04471,1.97100,0.00320,0.4198,0.5327,0.5158
12,high,2,12,20,0.10,true,0.08013,0.00304,0.05506,1.97498,0.00340,0.4633,0.4567,0.5305
12,high,2,12,20,0.20,true,0.08812,0.00317,0.06956,1.98148,0.00365,0.5179,0.3870,0.5593
12,high,2,12,20,0.30,true,0.09337,0.00325,0.08804,1.99473,0.00386,0.5729,0.3178,0.6004
12,high,2,12,20,0.40,true,0.09325,0.00325,0.10981,2.01664,0.00401,0.6308,0.2582,0.6498
12,high,2,12,20,0.50,true,0.09588,0.00329,0.13271,2.03694,0.00419,0.6889,0.2085,0.7060
12,high,2,12,20,0.60,true,0.09775,0.00332,0.15977,2.06215,0.00438,0.7556,0.1635,0.7736
12,high,2,12,20,0.70,true,0.09663,0.00330,0.18934,2.09289,0.00452,0.8252,0.1252,0.8469
12,high,2,12,20,0.80,true,0.09713,0.00331,0.22069,2.12380,0.00468,0.9007,0.0943,0.9274
12,high,2,12,20,0.90,true,0.09663,0.00330,0.25336,2.15703,0.00482,0.9820,0.0718,1.0120
12,high,2,12,20,1.00,true,0.09413,0.00326,0.28658,2.19284,0.00491,1.0657,0.0559,1.0975
12,high,2,12,20,1.10,true,0.09225,0.00324,0.32058,2.22883,0.00500,1.1526,0.0423,1.1878
12,high,2,12,20,1.20,true,0.08912,0.00319,0.35456,2.26605,0.00504,1.2393,0.0303,1.2795
12,high,2,3,10,0.00,true,0.12125,0.00365,0.00643,1.88518,0.00369,0.1421,0.5385,0.2897
12,high,2,3,10,0.10,true,0.15687,0.00407,0.00866,1.85179,0.00412,0.2306,0.4194,0.3047
12,high,2,3,10,0.20,true,0.17913,0.00429,0.01494,1.83583,0.00439,0.3031,0.3020,0.3450
12,high,2,3,10,0.30,true,0.19525,0.00443,0.02524,1.83001,0.00461,0.3638,0.2092,0.4007
12,high,2,3,10,0.40,true,0.20400,0.00451,0.04056,1.83659,0.00480,0.4265,0.1383,0.4677
12,high,2,3,10,0.50,true,0.20413,0.00451,0.06198,1.85792,0.00496,0.4962,0.0859,0.5446
12,high,2,3,10,0.60,true,0.20488,0.00451,0.08785,1.88307,0.00515,0.5708,0.0527,0.6276
12,high,2,3,10,0.70,true,0.20100,0.00448,0.11926,1.91842,0.00533,0.6535,0.0314,0.7179
12,high,2,3,10,0.80,true,0.19550,0.00443,0.15122,1.95596,0.00548,0.7321,0.0180,0.8035
12,high,2,3,10,0.90,true,0.18950,0.00438,0.18721,1.99805,0.00563,0.8186,0.0105,0.8961
12,high,2,3,10,1.00,true,0.18513,0.00434,0.22263,2.03796,0.00578,0.9034,0.0054,0.9869
12,high,2,3,10,1.10,true,0.18100,0.00430,0.25968,2.07931,0.00592,0.9944,0.0035,1.0827
12,high,2,3,10,1.20,true,0.17475,0.00425,0.29617,2.12225,0.00602,1.0833,0.0014,1.1776
12,high,2,3,15,0.00,true,0.06750,0.00280,0.03876,1.97130,0.00305,0.2668,0.5397,0.4585
12,high,2,3,15,0.10,true,0.07787,0.00300,0.04581,1.96799,0.00329,0.3645,0.4476,0.4718
12,high,2,3,15,0.20,true,0.08850,0.00318,0.05679,1.96835,0.00355,0.4303,0.3731,0.5012
12,high,2,3,15,0.30,true,0.09438,0.00327,0.07189,1.97760,0.00374,0.4839,0.2997,0.5429
12,high,2,3,15,0.40,true,0.10212,0.00339,0.09077,1.98876,0.00399,0.5418,0.2408,0.5957
12,high,2,3,15,0.50,true,0.10650,0.00345,0.11500,2.00866,0.00421,0.6042,0.1851,0.6603
12,high,2,3,15,0.60,true,0.10675,0.00345,0.14109,2.03457,0.00437,0.6705,0.1481,0.7278
12,high,2,3,15,0.70,true,0.11088,0.00351,0.17083,2.06028,0.00460,0.7393,0.1094,0.8074
12,high,2,3,15,0.80,true,0.10825,0.00347,0.20079,2.09297,0.00472,0.8069,0.0841,0.8829
12,high,2,3,15,0.90,true,0.10400,0.00341,0.23457,2.13115,0.00481,0.8823,0.0625,0.9673
12,high,2,3,15,1.00,true,0.10350,0.00341,0.26512,2.16237,0.00493,0.9552,0.0485,1.0474
12,high,2,3,15,1.10,true,0.10138,0.00337,0.29838,2.19797,0.00503,1.0325,0.0332,1.1368
12,high,2,3,15,1.20,true,0.09825,0.00333,0.33177,2.23475,0.00509,1.1153,0.0244,1.2276
12,high,2,3,20,0.00,true,0.04350,0.00228,0.10844,2.06514,0.00300,0.4308,0.5254,0.6705
12,high,2,3,20,0.10,true,0.05212,0.00249,0.11614,2.06422,0.00325,0.5355,0.4713,0.6811
12,high,2,3,20,0.20,true,0.05663,0.00258,0.12808,2.07168,0.00343,0.6046,0.4206,0.7056
12,high,2,3,20,0.30,true,0.05838,0.00262,0.14432,2.08622,0.00358,0.6641,0.3700,0.7416
12,high,2,3,20,0.40,true,0.06288,0.00271,0.16065,2.09811,0.00377,0.7078,0.3211,0.7808
12,high,2,3,20,0.50,true,0.06575,0.00277,0.18064,2.11531,0.00395,0.7642,0.2790,0.8308
12,high,2,3,20,0.60,true,0.06463,0.00275,0.20314,2.13905,0.00406,0.8186,0.2393,0.8863
12,high,2,3,20,0.70,true,0.06212,0.00270,0.22867,2.16723,0.00414,0.8769,0.2010,0.9496
12,high,2,3,20,0.80,true,0.06488,0.00275,0.25343,2.18941,0.00431,0.9343,0.1672,1.0173
12,high,2,3,20,0.90,true,0.06425,0.00274,0.27957,2.21639,0.00441,0.9957,0.1395,1.0880
12,high,2,3,20,1.00,true,0.06550,0.00277,0.30661,2.24244,0.00454,1.0631,0.1154,1.1656
12,high,2,3,20,1.10,true,0.06488,0.00275,0.33275,2.26950,0.00461,1.1304,0.0972,1.2410
12,high,2,3,20,1.20,true,0.06288,0.00271,0.35966,2.29875,0.00465,1.1980,0.0795,1.3202
12,high,2,6,10,0.00,true,0.12537,0.00370,0.00454,1.87917,0.00373,0.2043,0.5551,0.2831
12,high,2,6,10,0.10,true,0.14950,0.00399,0.00368,1.85419,0.00401,0.2528,0.4059,0.3028
12,high,2,6,10,0.20,true,0.16737,0.00417,0.00456,1.83719,0.00420,0.3099,0.2717,0.3464
12,high,2,6,10,0.30,true,0.17463,0.00424,0.00745,1.83284,0.00429,0.3777,0.1760,0.4077
12,high,2,6,10,0.40,true,0.17788,0.00428,0.01286,1.83501,0.00435,0.4528,0.1042,0.4840
12,high,2,6,10,0.50,true,0.17488,0.00425,0.02154,1.84671,0.00438,0.5372,0.0592,0.5706
12,high,2,6,10,0.60,true,0.16650,0.00416,0.03344,1.86703,0.00437,0.6257,0.0355,0.6596
12,high,2,6,10,0.70,true,0.15925,0.00409,0.04952,1.89042,0.00439,0.7204,0.0189,0.7563
12,high,2,6,10,0.80,true,0.15000,0.00399,0.06746,1.91769,0.00439,0.8093,0.0103,0.8463
12,high,2,6,10,0.90,true,0.13975,0.00388,0.09033,1.95093,0.00439,0.9083,0.0051,0.9457
12,high,2,6,10,1.00,true,0.13025,0.00376,0.11704,1.98732,0.00440,1.0117,0.0026,1.0487
12,high,2,6,10,1.10,true,0.11900,0.00362,0.14491,2.02666,0.00438,1.1102,0.0020,1.1459
12,high,2,6,10,1.20,true,0.10712,0.00346,0.17344,2.06733,0.00432,1.2030,0.0013,1.2382
12,high,2,6,15,0.00,true,0.06838,0.00282,0.03133,1.96298,0.00300,0.3078,0.5327,0.4492
12,high,2,6,15,0.10,true,0.07675,0.00298,0.03058,1.95386,0.00315,0.3506,0.4304,0.4668
12,high,2,6,15,0.20,true,0.08475,0.00311,0.03333,1.94863,0.00330,0.4011,0.3302,0.5018
12,high,2,6,15,0.30,true,0.08650,0.00314,0.03938,1.95296,0.00337,0.4622,0.2551,0.5484
12,high,2,6,15,0.40,true,0.08825,0.00317,0.04869,1.96056,0.00345,0.5280,0.1888,0.6082
12,high,2,6,15,0.50,true,0.08687,0.00315,0.06154,1.97484,0.00350,0.5994,0.1336,0.6791
12,high,2,6,15,0.60,true,0.08538,0.00312,0.07740,1.99229,0.00357,0.6758,0.0923,0.7571
12,high,2,6,15,0.70,true,0.08200,0.00307,0.09632,2.01469,0.00361,0.7571,0.0617,0.8411
12,high,2,6,15,0.80,true,0.07750,0.00299,0.11798,2.04100,0.00364,0.8428,0.0401,0.9292
12,high,2,6,15,0.90,true,0.07325,0.00291,0.14130,2.06877,0.00366,0.9324,0.0289,1.0176
12,high,2,6,15,1.00,true,0.06650,0.00279,0.16881,2.10328,0.00365,1.0314,0.0208,1.1150
12,high,2,6,15,1.10,true,0.06062,0.00267,0.19546,2.13607,0.00362,1.1210,0.0138,1.2056
12,high,2,6,15,1.20,true,0.05437,0.00254,0.22541,2.17263,0.00358,1.2174,0.0077,1.3039
12,high,2,6,20,0.00,true,0.03400,0.00203,0.09904,2.06519,0.00265,0.4046,0.5193,0.6499
12,high,2,6,20,0.10,true,0.03787,0.00213,0.09923,2.06154,0.00275,0.4518,0.4484,0.6687
12,high,2,6,20,0.20,true,0.04075,0.00221,0.10311,2.06260,0.00284,0.4993,0.3720,0.6993
12,high,2,6,20,0.30,true,0.04337,0.00228,0.11046,2.06739,0.00295,0.5572,0.3101,0.7403
12,high,2,6,20,0.40,true,0.04437,0.00230,0.12098,2.07700,0.00303,0.6172,0.2545,0.7899
12,high,2,6,20,0.50,true,0.04325,0.00227,0.13463,2.09189,0.00307,0.6801,0.2036,0.8481
12,high,2,6,20,0.60,true,0.04225,0.00225,0.15078,2.10918,0.00312,0.7433,0.1562,0.9132
12,high,2,6,20,0.70,true,0.04188,0.00224,0.16909,2.12804,0.00320,0.8119,0.1178,0.9845
12,high,2,6,20,0.80,true,0.03800,0.00214,0.19048,2.15354,0.00318,0.8941,0.0926,1.0628
12,high,2,6,20,0.90,true,0.03537,0.00207,0.21370,2.17965,0.00320,0.9733,0.0670,1.1460
12,high,2,6,20,1.00,true,0.03288,0.00199,0.23697,2.20571,0.00321,1.0535,0.0498,1.2281
12,high,2,6,20,1.10,true,0.02987,0.00190,0.26163,2.23372,0.00319,1.1368,0.0358,1.3134
12,high,2,6,20,1.20,true,0.02763,0.00183,0.28846,2.26322,0.00319,1.2308,0.0266,1.4066
12,tour,3,12,10,0.00,true,0.58013,0.00552,0.00001,1.41989,0.00552,0.1859,0.9354,0.1942
12,tour,3,12,10,0.10,true,0.72550,0.00499,0.00005,1.27455,0.00499,0.2454,0.8525,0.1871
12,tour,3,12,10,0.20,true,0.82150,0.00428,0.00018,1.17868,0.00429,0.3135,0.6751,0.2160
12,tour,3,12,10,0.30,true,0.86400,0.00383,0.00053,1.13653,0.00385,0.3922,0.4586,0.2839
12,tour,3,12,10,0.40,true,0.88200,0.00361,0.00127,1.11927,0.00365,0.4719,0.2352,0.3978
12,tour,3,12,10,0.50,true,0.88362,0.00359,0.00266,1.11904,0.00367,0.5618,0.0999,0.5227
12,tour,3,12,10,0.60,true,0.87675,0.00368,0.00514,1.12839,0.00383,0.6587,0.0345,0.6436
12,tour,3,12,10,0.70,true,0.86525,0.00382,0.00856,1.14331,0.00407,0.7458,0.0111,0.7418
12,tour,3,12,10,0.80,true,0.85162,0.00397,0.01379,1.16217,0.00436,0.8471,0.0017,0.8485
12,tour,3,12,10,0.90,true,0.83700,0.00413,0.02045,1.18345,0.00466,0.9466,0.0000,0.9491
12,tour,3,12,10,1.00,true,0.82012,0.00429,0.02880,1.20868,0.00500,1.0461,0.0000,1.0483
12,tour,3,12,10,1.10,true,0.80663,0.00442,0.03777,1.23115,0.00530,1.1427,0.0000,1.1447
12,tour,3,12,10,1.20,true,0.79338,0.00453,0.04780,1.25443,0.00560,1.2416,0.0000,1.2435
12,tour,3,12,15,0.00,true,0.43512,0.00554,0.00059,1.56546,0.00555,0.2752,0.7876,0.2757
12,tour,3,12,15,0.10,true,0.51150,0.00559,0.00115,1.48965,0.00560,0.3185,0.6840,0.2736
12,tour,3,12,15,0.20,true,0.58262,0.00551,0.00226,1.41964,0.00555,0.3779,0.5544,0.2985
12,tour,3,12,15,0.30,true,0.63275,0.00539,0.00418,1.37143,0.00546,0.4455,0.4149,0.3525
12,tour,3,12,15,0.40,true,0.66150,0.00529,0.00707,1.34557,0.00541,0.5150,0.2781,0.4322
12,tour,3,12,15,0.50,true,0.67625,0.00523,0.01144,1.33519,0.00543,0.5941,0.1676,0.5326
12,tour,3,12,15,0.60,true,0.67612,0.00523,0.01765,1.34152,0.00554,0.6809,0.0961,0.6385
12,tour,3,12,15,0.70,true,0.66975,0.00526,0.02565,1.35590,0.00570,0.7721,0.0594,0.7404
12,tour,3,12,15,0.80,true,0.66175,0.00529,0.03580,1.37406,0.00589,0.8641,0.0259,0.8505
12,tour,3,12,15,0.90,true,0.65212,0.00533,0.04741,1.39529,0.00610,0.9608,0.0122,0.9551
12,tour,3,12,15,1.00,true,0.64125,0.00536,0.05966,1.41842,0.00631,1.0516,0.0059,1.0501
12,tour,3,12,15,1.10,true,0.62825,0.00540,0.07382,1.44558,0.00654,1.1468,0.0040,1.1461
12,tour,3,12,15,1.20,true,0.61575,0.00544,0.08947,1.47373,0.00677,1.2456,0.0023,1.2461
12,tour,3,12,20,0.00,true,0.32987,0.00526,0.00226,1.67239,0.00528,0.3402,0.7040,0.3486
12,tour,3,12,20,0.10,true,0.38275,0.00543,0.00405,1.62130,0.00547,0.3884,0.5996,0.3516
12,tour,3,12,20,0.20,true,0.42175,0.00552,0.00649,1.58474,0.00559,0.4352,0.5011,0.3730
12,tour,3,12,20,0.30,true,0.46025,0.00557,0.01035,1.55010,0.00569,0.4950,0.3951,0.4184
12,tour,3,12,20,0.40,true,0.48187,0.00559,0.01560,1.53373,0.00578,0.5575,0.2999,0.4778
12,tour,3,12,20,0.50,true,0.49675,0.00559,0.02269,1.52594,0.00588,0.6325,0.2211,0.5555
12,tour,3,12,20,0.60,true,0.50113,0.00559,0.03159,1.53046,0.00599,0.7087,0.1599,0.6390
12,tour,3,12,20,0.70,true,0.50450,0.00559,0.04254,1.53804,0.00613,0.7877,0.1029,0.7362
12,tour,3,12,20,0.80,true,0.50400,0.00559,0.05545,1.55145,0.00629,0.8776,0.0691,0.8371
12,tour,3,12,20,0.90,true,0.49962,0.00559,0.07045,1.57083,0.00646,0.9675,0.0407,0.9419
12,tour,3,12,20,1.00,true,0.49362,0.00559,0.08689,1.59327,0.00665,1.0583,0.0227,1.0442
12,tour,3,12,20,1.10,true,0.48488,0.00559,0.10508,1.62022,0.00683,1.1534,0.0116,1.1475
12,tour,3,12,20,1.20,true,0.47450,0.00558,0.12401,1.64953,0.00701,1.2498,0.0083,1.2455
12,tour,3,3,10,0.00,true,0.12112,0.00365,0.00157,1.88045,0.00366,0.1099,0.5345,0.2354
12,tour,3,3,10,0.10,true,0.16550,0.00415,0.00155,1.83605,0.00416,0.1578,0.2528,0.2587
12,tour,3,3,10,0.20,true,0.18725,0.00436,0.00215,1.81490,0.00437,0.2271,0.0915,0.3118
12,tour,3,3,10,0.30,true,0.18800,0.00437,0.00376,1.81576,0.00439,0.3027,0.0292,0.3764
12,tour,3,3,10,0.40,true,0.19225,0.00441,0.00786,1.81561,0.00445,0.3985,0.0067,0.4640
12,tour,3,3,10,0.50,true,0.19850,0.00446,0.01489,1.81640,0.00455,0.4877,0.0025,0.5508
12,tour,3,3,10,0.60,true,0.20475,0.00451,0.02538,1.82064,0.00467,0.5700,0.0017,0.6366
12,tour,3,3,10,0.70,true,0.20838,0.00454,0.04125,1.83288,0.00481,0.6526,0.0011,0.7292
12,tour,3,3,10,0.80,true,0.21800,0.00462,0.06040,1.84241,0.00501,0.7277,0.0006,0.8192
12,tour,3,3,10,0.90,true,0.22050,0.00464,0.08396,1.86349,0.00519,0.7995,0.0002,0.9099
12,tour,3,3,10,1.00,true,0.23000,0.00471,0.10835,1.87839,0.00543,0.8671,0.0002,0.9984
12,tour,3,3,10,1.10,true,0.24063,0.00478,0.13286,1.89229,0.00568,0.9313,0.0000,1.0863
12,tour,3,3,10,1.20,true,0.24688,0.00482,0.15877,1.91197,0.00590,0.9983,0.0000,1.1781
12,tour,3,3,15,0.00,true,0.07900,0.00302,0.01363,1.93463,0.00309,0.1797,0.5162,0.3513
12,tour,3,3,15,0.10,true,0.10237,0.00339,0.01354,1.91117,0.00347,0.2245,0.3396,0.3690
12,tour,3,3,15,0.20,true,0.11975,0.00363,0.01498,1.89523,0.00372,0.2811,0.1903,0.4095
12,tour,3,3,15,0.30,true,0.12800,0.00374,0.01862,1.89062,0.00385,0.3520,0.0948,0.4683
12,tour,3,3,15,0.40,true,0.13100,0.00377,0.02504,1.89404,0.00392,0.4325,0.0449,0.5381
12,tour,3,3,15,0.50,true,0.13275,0.00379,0.03487,1.90213,0.00400,0.5196,0.0226,0.6159
12,tour,3,3,15,0.60,true,0.13625,0.00384,0.04851,1.91227,0.00412,0.6071,0.0116,0.6978
12,tour,3,3,15,0.70,true,0.13825,0.00386,0.06660,1.92837,0.00424,0.6953,0.0055,0.7845
12,tour,3,3,15,0.80,true,0.13800,0.00386,0.08732,1.94935,0.00435,0.7766,0.0026,0.8678
12,tour,3,3,15,0.90,true,0.13975,0.00388,0.11219,1.97248,0.00450,0.8612,0.0019,0.9576
12,tour,3,3,15,1.00,true,0.14100,0.00389,0.13994,1.99899,0.00466,0.9441,0.0007,1.0503
12,tour,3,3,15,1.10,true,0.14213,0.00390,0.16770,2.02565,0.00481,1.0217,0.0006,1.1403
12,tour,3,3,15,1.20,true,0.14538,0.00394,0.19573,2.05046,0.00498,1.0975,0.0006,1.2318
12,tour,3,3,20,0.00,true,0.05300,0.00250,0.04270,1.98971,0.00279,0.2552,0.5246,0.4788
12,tour,3,3,20,0.10,true,0.06475,0.00275,0.04278,1.97803,0.00303,0.3009,0.3991,0.4910
12,tour,3,3,20,0.20,true,0.07600,0.00296,0.04494,1.96895,0.00325,0.3486,0.2761,0.5217
12,tour,3,3,20,0.30,true,0.08213,0.00307,0.04961,1.96749,0.00338,0.4076,0.1795,0.5669
12,tour,3,3,20,0.40,true,0.08525,0.00312,0.05737,1.97214,0.00347,0.4804,0.1171,0.6252
12,tour,3,3,20,0.50,true,0.08875,0.00318,0.06847,1.97974,0.00358,0.5581,0.0701,0.6947
12,tour,3,3,20,0.60,true,0.09062,0.00321,0.08309,1.99249,0.00368,0.6429,0.0441,0.7703
12,tour,3,3,20,0.70,true,0.09050,0.00321,0.10107,2.01061,0.00376,0.7284,0.0271,0.8494
12,tour,3,3,20,0.80,true,0.09200,0.00323,0.12129,2.02934,0.00388,0.8132,0.0182,0.9292
12,tour,3,3,20,0.90,true,0.09500,0.00328,0.14539,2.05046,0.00404,0.9046,0.0126,1.0183
12,tour,3,3,20,1.00,true,0.09475,0.00327,0.17076,2.07610,0.00414,0.9906,0.0091,1.1048
12,tour,3,3,20,1.10,true,0.09513,0.00328,0.19571,2.10070,0.00424,1.0704,0.0069,1.1878
12,tour,3,3,20,1.20,true,0.09625,0.00330,0.22375,2.12765,0.00437,1.1565,0.0054,1.2800
12,tour,3,6,10,0.00,true,0.22462,0.00467,0.00011,1.77549,0.00467,0.1592,0.5925,0.2038
12,tour,3,6,10,0.10,true,0.28013,0.00502,0.00008,1.71996,0.00502,0.2063,0.3928,0.2232
12,tour,3,6,10,0.20,true,0.31038,0.00517,0.00018,1.68981,0.00517,0.2677,0.2204,0.2744
12,tour,3,6,10,0.30,true,0.31575,0.00520,0.00047,1.68472,0.00520,0.3409,0.1096,0.3478
12,tour,3,6,10,0.40,true,0.31238,0.00518,0.00110,1.68872,0.00519,0.4238,0.0434,0.4365
12,tour,3,6,10,0.50,true,0.30000,0.00512,0.00226,1.70226,0.00514,0.5148,0.0168,0.5296
12,tour,3,6,10,0.60,true,0.28425,0.00504,0.00424,1.71999,0.00507,0.6159,0.0059,0.6310
12,tour,3,6,10,0.70,true,0.27037,0.00497,0.00683,1.73645,0.00501,0.7094,0.0010,0.7247
12,tour,3,6,10,0.80,true,0.25188,0.00485,0.01044,1.75857,0.00492,0.8123,0.0002,0.8263
12,tour,3,6,10,0.90,true,0.23475,0.00474,0.01495,1.78020,0.00484,0.9178,0.0000,0.9306
12,tour,3,6,10,1.00,true,0.21600,0.00460,0.01978,1.80378,0.00472,1.0164,0.0000,1.0283
12,tour,3,6,10,1.10,true,0.19337,0.00442,0.02502,1.83165,0.00456,1.1140,0.0000,1.1250
12,tour,3,6,10,1.20,true,0.16987,0.00420,0.03096,1.86110,0.00437,1.2182,0.0000,1.2286
12,tour,3,6,15,0.00,true,0.13312,0.00380,0.00180,1.86868,0.00381,0.2478,0.5453,0.3043
12,tour,3,6,15,0.10,true,0.15400,0.00404,0.00169,1.84769,0.00404,0.2912,0.4214,0.3197
12,tour,3,6,15,0.20,true,0.16912,0.00419,0.00217,1.83305,0.00420,0.3458,0.3000,0.3581
12,tour,3,6,15,0.30,true,0.17863,0.00428,0.00326,1.82464,0.00430,0.4071,0.1972,0.4156
12,tour,3,6,15,0.40,true,0.18650,0.00435,0.00504,1.81854,0.00438,0.4781,0.1182,0.4901
12,tour,3,6,15,0.50,true,0.18050,0.00430,0.00765,1.82715,0.00434,0.5602,0.0711,0.5738
12,tour,3,6,15,0.60,true,0.17613,0.00426,0.01112,1.83500,0.00432,0.6458,0.0367,0.6652
12,tour,3,6,15,0.70,true,0.16937,0.00419,0.01553,1.84616,0.00428,0.7421,0.0200,0.7631
12,tour,3,6,15,0.80,true,0.16150,0.00411,0.02036,1.85886,0.00423,0.8315,0.0094,0.8548
12,tour,3,6,15,0.90,true,0.14650,0.00395,0.02643,1.87994,0.00409,0.9346,0.0041,0.9579
12,tour,3,6,15,1.00,true,0.13462,0.00382,0.03248,1.89786,0.00398,1.0289,0.0019,1.0516
12,tour,3,6,15,1.10,true,0.12150,0.00365,0.03924,1.91775,0.00384,1.1291,0.0010,1.1505
12,tour,3,6,15,1.20,true,0.10650,0.00345,0.04636,1.93989,0.00366,1.2292,0.0003,1.2497
12,tour,3,6,20,0.00,true,0.08575,0.00313,0.00920,1.92345,0.00317,0.3227,0.5379,0.4080
12,tour,3,6,20,0.10,true,0.09825,0.00333,0.00876,1.91051,0.00337,0.3675,0.4348,0.4235
12,tour,3,6,20,0.20,true,0.10662,0.00345,0.00955,1.90292,0.00350,0.4185,0.3392,0.4552
12,tour,3,6,20,0.30,true,0.11088,0.00351,0.01145,1.90057,0.00357,0.4790,0.2619,0.5011
12,tour,3,6,20,0.40,true,0.11438,0.00356,0.01445,1.90007,0.00363,0.5442,0.1925,0.5614
12,tour,3,6,20,0.50,true,0.11700,0.00359,0.01835,1.90135,0.00369,0.6156,0.1377,0.6323
12,tour,3,6,20,0.60,true,0.11438,0.00356,0.02307,1.90870,0.00368,0.6903,0.0951,0.7100
12,tour,3,6,20,0.70,true,0.11050,0.00351,0.02885,1.91836,0.00365,0.7746,0.0625,0.7983
12,tour,3,6,20,0.80,true,0.10300,0.00340,0.03494,1.93196,0.00357,0.8576,0.0429,0.8834
12,tour,3,6,20,0.90,true,0.09525,0.00328,0.04210,1.94687,0.00349,0.9503,0.0260,0.9802
12,tour,3,6,20,1.00,true,0.08600,0.00313,0.04911,1.96313,0.00336,1.0360,0.0159,1.0684
12,tour,3,6,20,1.10,true,0.07750,0.00299,0.05701,1.97954,0.00325,1.1317,0.0096,1.1649
12,tour,3,6,20,1.20,true,0.06900,0.00283,0.06503,1.99608,0.00312,1.2274,0.0050,1.2618
12,scratch,3,12,10,0.00,true,0.54688,0.00557,0.00005,1.45317,0.00557,0.1982,0.8952,0.2056
12,scratch,3,12,10,0.10,true,0.67600,0.00523,0.00015,1.32415,0.00523,0.2481,0.7812,0.2025
12,scratch,3,12,10,0.20,true,0.76787,0.00472,0.00050,1.23263,0.00473,0.3123,0.5967,0.2352
12,scratch,3,12,10,0.30,true,0.81100,0.00438,0.00128,1.19028,0.00441,0.3933,0.3981,0.3061
12,scratch,3,12,10,0.40,true,0.82337,0.00426,0.00294,1.17956,0.00434,0.4789,0.2350,0.4046
12,scratch,3,12,10,0.50,true,0.82550,0.00424,0.00604,1.18055,0.00440,0.5684,0.0989,0.5309
12,scratch,3,12,10,0.60,true,0.81288,0.00436,0.01077,1.19790,0.00462,0.6602,0.0441,0.6407
12,scratch,3,12,10,0.70,true,0.80112,0.00446,0.01698,1.21586,0.00486,0.7490,0.0163,0.7423
12,scratch,3,12,10,0.80,true,0.78600,0.00459,0.02544,1.23944,0.00515,0.8457,0.0058,0.8446
12,scratch,3,12,10,0.90,true,0.76787,0.00472,0.03597,1.26810,0.00548,0.9418,0.0005,0.9442
12,scratch,3,12,10,1.00,true,0.75300,0.00482,0.04748,1.29449,0.00578,1.0368,0.0000,1.0394
12,scratch,3,12,10,1.10,true,0.73438,0.00494,0.06120,1.32683,0.00611,1.1326,0.0000,1.1350
12,scratch,3,12,10,1.20,true,0.71675,0.00504,0.07620,1.35946,0.00643,1.2305,0.0000,1.2327
12,scratch,3,12,15,0.00,true,0.38000,0.00543,0.00138,1.62138,0.00544,0.2856,0.7393,0.2917
12,scratch,3,12,15,0.10,true,0.44688,0.00556,0.00252,1.55565,0.00559,0.3306,0.6296,0.2958
12,scratch,3,12,15,0.20,true,0.50200,0.00559,0.00466,1.50266,0.00565,0.3862,0.5040,0.3215
12,scratch,3,12,15,0.30,true,0.54375,0.00557,0.00805,1.46430,0.00568,0.4543,0.3833,0.3734
12,scratch,3,12,15,0.40,true,0.57063,0.00553,0.01306,1.44243,0.00572,0.5237,0.2652,0.4486
12,scratch,3,12,15,0.50,true,0.58350,0.00551,0.02015,1.43665,0.00581,0.5969,0.1696,0.5380
12,scratch,3,12,15,0.60,true,0.58350,0.00551,0.02988,1.44638,0.00595,0.6792,0.1023,0.6370
12,scratch,3,12,15,0.70,true,0.58037,0.00552,0.04191,1.46154,0.00612,0.7712,0.0640,0.7399
12,scratch,3,12,15,0.80,true,0.57000,0.00554,0.05639,1.48640,0.00633,0.8636,0.0369,0.8438
12,scratch,3,12,15,0.90,true,0.55900,0.00555,0.07242,1.51344,0.00654,0.9527,0.0170,0.9448
12,scratch,3,12,15,1.00,true,0.54700,0.00557,0.08953,1.54255,0.00675,1.0438,0.0097,1.0402
12,scratch,3,12,15,1.10,true,0.53575,0.00558,0.10840,1.57268,0.00697,1.1396,0.0046,1.1397
12,scratch,3,12,15,1.20,true,0.52363,0.00558,0.12813,1.60454,0.00718,1.2355,0.0037,1.2355
12,scratch,3,12,20,0.00,true,0.27337,0.00498,0.00464,1.73126,0.00502,0.3590,0.6614,0.3731
12,scratch,3,12,20,0.10,true,0.31112,0.00518,0.00778,1.69666,0.00525,0.4038,0.5574,0.3783
12,scratch,3,12,20,0.20,true,0.34237,0.00531,0.01182,1.66944,0.00542,0.4489,0.4642,0.4012
12,scratch,3,12,20,0.30,true,0.36862,0.00539,0.01790,1.64928,0.00558,0.5098,0.3750,0.4429
12,scratch,3,12,20,0.40,true,0.38862,0.00545,0.02601,1.63739,0.00573,0.5715,0.2875,0.5017
12,scratch,3,12,20,0.50,true,0.39975,0.00548,0.03652,1.63678,0.00587,0.6446,0.2187,0.5741
12,scratch,3,12,20,0.60,true,0.40337,0.00548,0.04939,1.64603,0.00602,0.7191,0.1617,0.6543
12,scratch,3,12,20,0.70,true,0.40437,0.00549,0.06493,1.66057,0.00619,0.7966,0.1121,0.7445
12,scratch,3,12,20,0.80,true,0.40063,0.00548,0.08254,1.68194,0.00636,0.8782,0.0759,0.8382
12,scratch,3,12,20,0.90,true,0.39787,0.00547,0.10184,1.70400,0.00654,0.9677,0.0529,0.9360
12,scratch,3,12,20,1.00,true,0.39200,0.00546,0.12315,1.73119,0.00672,1.0550,0.0317,1.0363
12,scratch,3,12,20,1.10,true,0.38475,0.00544,0.14578,1.76108,0.00690,1.1463,0.0189,1.1360
12,scratch,3,12,20,1.20,true,0.37700,0.00542,0.16938,1.79245,0.00707,1.2408,0.0102,1.2373
12,scratch,3,3,10,0.00,true,0.10887,0.00348,0.00361,1.89474,0.00350,0.1258,0.5315,0.2572
12,scratch,3,3,10,0.10,true,0.14975,0.00399,0.00369,1.85394,0.00401,0.1730,0.2833,0.2789
12,scratch,3,3,10,0.20,true,0.17050,0.00420,0.00484,1.83434,0.00423,0.2395,0.1239,0.3284
12,scratch,3,3,10,0.30,true,0.17550,0.00425,0.00756,1.83206,0.00430,0.3116,0.0511,0.3901
12,scratch,3,3,10,0.40,true,0.17800,0.00428,0.01392,1.83592,0.00436,0.4036,0.0178,0.4742
12,scratch,3,3,10,0.50,true,0.18463,0.00434,0.02413,1.83951,0.00449,0.4903,0.0063,0.5597
12,scratch,3,3,10,0.60,true,0.18937,0.00438,0.03862,1.84927,0.00463,0.5711,0.0032,0.6439
12,scratch,3,3,10,0.70,true,0.19387,0.00442,0.05968,1.86583,0.00480,0.6540,0.0019,0.7361
12,scratch,3,3,10,0.80,true,0.20325,0.00450,0.08337,1.88017,0.00504,0.7282,0.0016,0.8245
12,scratch,3,3,10,0.90,true,0.20800,0.00454,0.11084,1.90291,0.00526,0.7998,0.0011,0.9145
12,scratch,3,3,10,1.00,true,0.21413,0.00459,0.13854,1.92451,0.00549,0.8657,0.0006,1.0010
12,scratch,3,3,10,1.10,true,0.22275,0.00465,0.16660,1.94399,0.00575,0.9311,0.0003,1.0900
12,scratch,3,3,10,1.20,true,0.22650,0.00468,0.19593,1.96961,0.00597,0.9981,0.0002,1.1815
12,scratch,3,3,15,0.00,true,0.06938,0.00284,0.02521,1.95584,0.00300,0.2155,0.5138,0.3931
12,scratch,3,3,15,0.10,true,0.08712,0.00315,0.02569,1.93857,0.00331,0.2595,0.3666,0.4086
12,scratch,3,3,15,0.20,true,0.10437,0.00342,0.02850,1.92413,0.00360,0.3158,0.2371,0.4463
12,scratch,3,3,15,0.30,true,0.11588,0.00358,0.03429,1.91843,0.00379,0.3829,0.1429,0.5005
12,scratch,3,3,15,0.40,true,0.12137,0.00365,0.04385,1.92249,0.00392,0.4583,0.0802,0.5674
12,scratch,3,3,15,0.50,true,0.12537,0.00370,0.05698,1.93163,0.00405,0.5390,0.0473,0.6403
12,scratch,3,3,15,0.60,true,0.12687,0.00372,0.07457,1.94773,0.00417,0.6241,0.0301,0.7195
12,scratch,3,3,15,0.70,true,0.12737,0.00373,0.09637,1.96906,0.00430,0.7091,0.0189,0.8032
12,scratch,3,3,15,0.80,true,0.12875,0.00374,0.12014,1.99148,0.00444,0.7876,0.0119,0.8847
12,scratch,3,3,15,0.90,true,0.13175,0.00378,0.14753,2.01589,0.00462,0.8700,0.0085,0.9727
12,scratch,3,3,15,1.00,true,0.12987,0.00376,0.17840,2.04868,0.00475,0.9515,0.0045,1.0648
12,scratch,3,3,15,1.10,true,0.13150,0.00378,0.20761,2.07632,0.00490,1.0261,0.0030,1.1520
12,scratch,3,3,15,1.20,true,0.13737,0.00385,0.23627,2.09916,0.00512,1.1000,0.0025,1.2416
12,scratch,3,3,20,0.00,true,0.04713,0.00237,0.07063,2.02352,0.00287,0.3220,0.5218,0.5508
12,scratch,3,3,20,0.10,true,0.05475,0.00254,0.07213,2.01741,0.00304,0.3663,0.4180,0.5621
12,scratch,3,3,20,0.20,true,0.06325,0.00272,0.07626,2.01304,0.00324,0.4131,0.3204,0.5883
12,scratch,3,3,20,0.30,true,0.07125,0.00288,0.08344,2.01223,0.00342,0.4727,0.2389,0.6302
12,scratch,3,3,20,0.40,true,0.07587,0.00296,0.09408,2.01826,0.00356,0.5378,0.1723,0.6828
12,scratch,3,3,20,0.50,true,0.07875,0.00301,0.10788,2.02920,0.00368,0.6133,0.1280,0.7446
12,scratch,3,3,20,0.60,true,0.08125,0.00305,0.12503,2.04387,0.00380,0.6908,0.0914,0.8150
12,scratch,3,3,20,0.70,true,0.08213,0.00307,0.14505,2.06305,0.00391,0.7698,0.0654,0.8893
12,scratch,3,3,20,0.80,true,0.08413,0.00310,0.16707,2.08311,0.00404,0.8497,0.0474,0.9669
12,scratch,3,3,20,0.90,true,0.08800,0.00317,0.19171,2.10393,0.00421,0.9345,0.0350,1.0514
12,scratch,3,3,20,1.00,true,0.08837,0.00317,0.21802,2.12991,0.00432,1.0167,0.0258,1.1361
12,scratch,3,3,20,1.10,true,0.08825,0.00317,0.24298,2.15506,0.00441,1.0924,0.0210,1.2148
12,scratch,3,3,20,1.20,true,0.09000,0.00320,0.27094,2.18134,0.00455,1.1768,0.0173,1.3051
12,scratch,3,6,10,0.00,true,0.19662,0.00444,0.00033,1.80371,0.00445,0.1709,0.5807,0.2209
12,scratch,3,6,10,0.10,true,0.23988,0.00477,0.00032,1.76044,0.00478,0.2169,0.3935,0.2401
12,scratch,3,6,10,0.20,true,0.26150,0.00491,0.00057,1.73907,0.00492,0.2771,0.2339,0.2882
12,scratch,3,6,10,0.30,true,0.27100,0.00497,0.00122,1.73022,0.00498,0.3499,0.1245,0.3601
12,scratch,3,6,10,0.40,true,0.26887,0.00496,0.00242,1.73354,0.00497,0.4304,0.0581,0.4446
12,scratch,3,6,10,0.50,true,0.26012,0.00490,0.00439,1.74427,0.00494,0.5179,0.0253,0.5351
12,scratch,3,6,10,0.60,true,0.24600,0.00482,0.00748,1.76149,0.00487,0.6174,0.0099,0.6358
12,scratch,3,6,10,0.70,true,0.23450,0.00474,0.01130,1.77680,0.00481,0.7104,0.0038,0.7289
12,scratch,3,6,10,0.80,true,0.21825,0.00462,0.01638,1.79813,0.00472,0.8121,0.0008,0.8302
12,scratch,3,6,10,0.90,true,0.19987,0.00447,0.02250,1.82264,0.00461,0.9168,0.0002,0.9337
12,scratch,3,6,10,1.00,true,0.18250,0.00432,0.02891,1.84643,0.00448,1.0150,0.0000,1.0308
12,scratch,3,6,10,1.10,true,0.16450,0.00414,0.03575,1.87128,0.00434,1.1130,0.0000,1.1278
12,scratch,3,6,10,1.20,true,0.14500,0.00394,0.04343,1.89847,0.00416,1.2167,0.0000,1.2308
12,scratch,3,6,15,0.00,true,0.10887,0.00348,0.00471,1.89584,0.00351,0.2634,0.5357,0.3345
12,scratch,3,6,15,0.10,true,0.12562,0.00371,0.00477,1.87915,0.00373,0.3075,0.4199,0.3511
12,scratch,3,6,15,0.20,true,0.13750,0.00385,0.00583,1.86833,0.00388,0.3631,0.3093,0.3885
12,scratch,3,6,15,0.30,true,0.14525,0.00394,0.00789,1.86264,0.00398,0.4227,0.2125,0.4428
12,scratch,3,6,15,0.40,true,0.15025,0.00399,0.01097,1.86073,0.00406,0.4914,0.1377,0.5121
12,scratch,3,6,15,0.50,true,0.14825,0.00397,0.01518,1.86694,0.00406,0.5700,0.0851,0.5931
12,scratch,3,6,15,0.60,true,0.14375,0.00392,0.02044,1.87670,0.00404,0.6544,0.0507,0.6808
12,scratch,3,6,15,0.70,true,0.13562,0.00383,0.02679,1.89118,0.00397,0.7458,0.0275,0.7758
12,scratch,3,6,15,0.80,true,0.12950,0.00375,0.03352,1.90405,0.00393,0.8359,0.0162,0.8669
12,scratch,3,6,15,0.90,true,0.11850,0.00361,0.04174,1.92328,0.00383,0.9356,0.0077,0.9680
12,scratch,3,6,15,1.00,true,0.10762,0.00346,0.04982,1.94224,0.00371,1.0287,0.0041,1.0607
12,scratch,3,6,15,1.10,true,0.09788,0.00332,0.05869,1.96088,0.00360,1.1262,0.0018,1.1577
12,scratch,3,6,15,1.20,true,0.08762,0.00316,0.06798,1.98045,0.00347,1.2271,0.0010,1.2574
12,scratch,3,6,20,0.00,true,0.06763,0.00281,0.02219,1.95457,0.00292,0.3456,0.5306,0.4581
12,scratch,3,6,20,0.10,true,0.07700,0.00298,0.02224,1.94524,0.00310,0.3894,0.4340,0.4743
12,scratch,3,6,20,0.20,true,0.08413,0.00310,0.02405,1.93993,0.00323,0.4414,0.3460,0.5061
12,scratch,3,6,20,0.30,true,0.08600,0.00313,0.02740,1.94140,0.00329,0.5006,0.2734,0.5497
12,scratch,3,6,20,0.40,true,0.08912,0.00319,0.03215,1.94304,0.00336,0.5648,0.2079,0.6069
12,scratch,3,6,20,0.50,true,0.08925,0.00319,0.03812,1.94889,0.00340,0.6321,0.1539,0.6724
12,scratch,3,6,20,0.60,true,0.08750,0.00316,0.04503,1.95756,0.00341,0.7074,0.1125,0.7475
12,scratch,3,6,20,0.70,true,0.08313,0.00309,0.05309,1.97001,0.00337,0.7870,0.0773,0.8306
12,scratch,3,6,20,0.80,true,0.07750,0.00299,0.06134,1.98390,0.00331,0.8692,0.0554,0.9140
12,scratch,3,6,20,0.90,true,0.07200,0.00289,0.07084,1.99892,0.00325,0.9576,0.0360,1.0064
12,scratch,3,6,20,1.00,true,0.06613,0.00278,0.08000,2.01397,0.00317,1.0417,0.0241,1.0929
12,scratch,3,6,20,1.10,true,0.05838,0.00262,0.09022,2.03197,0.00305,1.1344,0.0153,1.1870
12,scratch,3,6,20,1.20,true,0.05250,0.00249,0.10048,2.04814,0.00296,1.2278,0.0095,1.2812
12,mid,3,12,10,0.00,true,0.47950,0.00559,0.00034,1.52084,0.00559,0.2116,0.8134,0.2220
12,mid,3,12,10,0.10,true,0.58313,0.00551,0.00092,1.41780,0.00553,0.2602,0.6750,0.2251
12,mid,3,12,10,0.20,true,0.65687,0.00531,0.00237,1.34550,0.00535,0.3196,0.4885,0.2626
12,mid,3,12,10,0.30,true,0.69512,0.00515,0.00527,1.31015,0.00524,0.3924,0.3145,0.3328
12,mid,3,12,10,0.40,true,0.70500,0.00510,0.01035,1.30536,0.00529,0.4763,0.1941,0.4221
12,mid,3,12,10,0.50,true,0.70075,0.00512,0.01860,1.31785,0.00546,0.5601,0.0998,0.5257
12,mid,3,12,10,0.60,true,0.68950,0.00517,0.02968,1.34019,0.00570,0.6483,0.0471,0.6303
12,mid,3,12,10,0.70,true,0.67388,0.00524,0.04316,1.36929,0.00598,0.7370,0.0245,0.7272
12,mid,3,12,10,0.80,true,0.65950,0.00530,0.05934,1.39986,0.00628,0.8318,0.0099,0.8293
12,mid,3,12,10,0.90,true,0.64013,0.00537,0.07813,1.43804,0.00659,0.9286,0.0049,0.9286
12,mid,3,12,10,1.00,true,0.62113,0.00542,0.09868,1.47760,0.00690,1.0248,0.0013,1.0273
12,mid,3,12,10,1.10,true,0.59888,0.00548,0.12174,1.52293,0.00721,1.1233,0.0003,1.1264
12,mid,3,12,10,1.20,true,0.58300,0.00551,0.14365,1.56073,0.00748,1.2209,0.0000,1.2242
12,mid,3,12,15,0.00,true,0.29463,0.00510,0.00482,1.71020,0.00514,0.3068,0.6736,0.3186
12,mid,3,12,15,0.10,true,0.34087,0.00530,0.00796,1.66709,0.00538,0.3474,0.5642,0.3256
12,mid,3,12,15,0.20,true,0.37962,0.00543,0.01310,1.63348,0.00556,0.4027,0.4556,0.3521
12,mid,3,12,15,0.30,true,0.41613,0.00551,0.02063,1.60451,0.00574,0.4659,0.3509,0.4016
12,mid,3,12,15,0.40,true,0.43088,0.00554,0.03123,1.60037,0.00590,0.5284,0.2495,0.4676
12,mid,3,12,15,0.50,true,0.43525,0.00554,0.04498,1.60975,0.00606,0.5981,0.1724,0.5454
12,mid,3,12,15,0.60,true,0.43825,0.00555,0.06185,1.62363,0.00626,0.6748,0.1104,0.6358
12,mid,3,12,15,0.70,true,0.43138,0.00554,0.08222,1.65088,0.00646,0.7577,0.0675,0.7317
12,mid,3,12,15,0.80,true,0.42188,0.00552,0.10520,1.68338,0.00667,0.8505,0.0452,0.8304
12,mid,3,12,15,0.90,true,0.40937,0.00550,0.13039,1.72110,0.00687,0.9429,0.0292,0.9293
12,mid,3,12,15,1.00,true,0.39787,0.00547,0.15538,1.75761,0.00705,1.0282,0.0164,1.0224
12,mid,3,12,15,1.10,true,0.38550,0.00544,0.18271,1.79734,0.00723,1.1221,0.0092,1.1209
12,mid,3,12,15,1.20,true,0.37262,0.00541,0.21130,1.83885,0.00740,1.2184,0.0048,1.2204
12,mid,3,12,20,0.00,true,0.19100,0.00439,0.01342,1.82243,0.00450,0.3800,0.6080,0.4104
12,mid,3,12,20,0.10,true,0.21750,0.00461,0.02016,1.80267,0.00478,0.4280,0.5153,0.4196
12,mid,3,12,20,0.20,true,0.23800,0.00476,0.02822,1.79023,0.00500,0.4721,0.4329,0.4425
12,mid,3,12,20,0.30,true,0.25612,0.00488,0.03949,1.78338,0.00523,0.5307,0.3544,0.4826
12,mid,3,12,20,0.40,true,0.26937,0.00496,0.05369,1.78434,0.00545,0.5931,0.2820,0.5370
12,mid,3,12,20,0.50,true,0.27500,0.00499,0.07084,1.79588,0.00564,0.6572,0.2171,0.6017
12,mid,3,12,20,0.60,true,0.27813,0.00501,0.09088,1.81282,0.00583,0.7291,0.1657,0.6764
12,mid,3,12,20,0.70,true,0.27687,0.00500,0.11349,1.83670,0.00601,0.8068,0.1276,0.7569
12,mid,3,12,20,0.80,true,0.27550,0.00499,0.13803,1.86264,0.00619,0.8832,0.0913,0.8441
12,mid,3,12,20,0.90,true,0.27213,0.00498,0.16443,1.89245,0.00637,0.9650,0.0646,0.9354
12,mid,3,12,20,1.00,true,0.26737,0.00495,0.19231,1.92512,0.00653,1.0540,0.0469,1.0307
12,mid,3,12,20,1.10,true,0.26288,0.00492,0.22087,1.95823,0.00669,1.1428,0.0312,1.1286
12,mid,3,12,20,1.20,true,0.25875,0.00490,0.24935,1.99090,0.00684,1.2315,0.0185,1.2268
12,mid,3,3,10,0.00,true,0.09237,0.00324,0.01100,1.91863,0.00330,0.1620,0.5280,0.2986
12,mid,3,3,10,0.10,true,0.12375,0.00368,0.01217,1.88843,0.00375,0.2086,0.3317,0.3176
12,mid,3,3,10,0.20,true,0.14588,0.00395,0.01623,1.87037,0.00405,0.2716,0.1876,0.3617
12,mid,3,3,10,0.30,true,0.15825,0.00408,0.02316,1.86492,0.00423,0.3404,0.1114,0.4179
12,mid,3,3,10,0.40,true,0.16212,0.00412,0.03701,1.87492,0.00436,0.4250,0.0576,0.4962
12,mid,3,3,10,0.50,true,0.16762,0.00418,0.05551,1.88794,0.00454,0.5037,0.0311,0.5757
12,mid,3,3,10,0.60,true,0.16725,0.00417,0.07946,1.91230,0.00468,0.5805,0.0174,0.6578
12,mid,3,3,10,0.70,true,0.17850,0.00428,0.10755,1.92918,0.00498,0.6583,0.0097,0.7467
12,mid,3,3,10,0.80,true,0.18850,0.00437,0.13731,1.94899,0.00526,0.7304,0.0060,0.8336
12,mid,3,3,10,0.90,true,0.19425,0.00442,0.16929,1.97529,0.00552,0.8008,0.0037,0.9226
12,mid,3,3,10,1.00,true,0.19462,0.00443,0.20135,2.00706,0.00571,0.8676,0.0026,1.0095
12,mid,3,3,10,1.10,true,0.19750,0.00445,0.23296,2.03592,0.00592,0.9340,0.0020,1.0987
12,mid,3,3,10,1.20,true,0.20025,0.00447,0.26391,2.06426,0.00612,1.0011,0.0019,1.1898
12,mid,3,3,15,0.00,true,0.06000,0.00266,0.05854,1.99858,0.00305,0.2974,0.5132,0.4787
12,mid,3,3,15,0.10,true,0.07125,0.00288,0.06252,1.99133,0.00329,0.3413,0.4020,0.4933
12,mid,3,3,15,0.20,true,0.08263,0.00308,0.07008,1.98753,0.00354,0.3994,0.3071,0.5252
12,mid,3,3,15,0.30,true,0.09237,0.00324,0.08163,1.98935,0.00377,0.4625,0.2253,0.5719
12,mid,3,3,15,0.40,true,0.09975,0.00335,0.09659,1.99696,0.00397,0.5302,0.1650,0.6274
12,mid,3,3,15,0.50,true,0.10787,0.00347,0.11569,2.00798,0.00420,0.6038,0.1188,0.6946
12,mid,3,3,15,0.60,true,0.11413,0.00355,0.13822,2.02432,0.00442,0.6802,0.0849,0.7692
12,mid,3,3,15,0.70,true,0.11575,0.00358,0.16438,2.04893,0.00458,0.7595,0.0628,0.8484
12,mid,3,3,15,0.80,true,0.11812,0.00361,0.18965,2.07190,0.00474,0.8306,0.0482,0.9232
12,mid,3,3,15,0.90,true,0.11950,0.00363,0.21905,2.10003,0.00490,0.9097,0.0389,1.0078
12,mid,3,3,15,1.00,true,0.12187,0.00366,0.24909,2.12781,0.00508,0.9872,0.0323,1.0947
12,mid,3,3,15,1.10,true,0.12237,0.00366,0.27818,2.15655,0.00521,1.0585,0.0268,1.1794
12,mid,3,3,15,1.20,true,0.12087,0.00364,0.30889,2.18896,0.00531,1.1288,0.0192,1.2696
12,mid,3,3,20,0.00,true,0.04125,0.00222,0.13937,2.09838,0.00320,0.4755,0.5193,0.7034
12,mid,3,3,20,0.10,true,0.04788,0.00239,0.14528,2.09769,0.00338,0.5215,0.4479,0.7157
12,mid,3,3,20,0.20,true,0.05387,0.00252,0.15436,2.10080,0.00356,0.5792,0.3867,0.7407
12,mid,3,3,20,0.30,true,0.05850,0.00262,0.16550,2.10737,0.00371,0.6287,0.3206,0.7734
12,mid,3,3,20,0.40,true,0.06075,0.00267,0.18001,2.11969,0.00382,0.6917,0.2676,0.8169
12,mid,3,3,20,0.50,true,0.06463,0.00275,0.19688,2.13277,0.00397,0.7579,0.2209,0.8699
12,mid,3,3,20,0.60,true,0.06688,0.00279,0.21578,2.14953,0.00410,0.8288,0.1839,0.9290
12,mid,3,3,20,0.70,true,0.06825,0.00282,0.23665,2.16914,0.00421,0.9040,0.1547,0.9945
12,mid,3,3,20,0.80,true,0.07375,0.00292,0.25595,2.18306,0.00440,0.9748,0.1339,1.0586
12,mid,3,3,20,0.90,true,0.07312,0.00291,0.28199,2.20991,0.00448,1.0610,0.1153,1.1398
12,mid,3,3,20,1.00,true,0.07612,0.00297,0.30629,2.23140,0.00463,1.1379,0.0988,1.2192
12,mid,3,3,20,1.10,true,0.07825,0.00300,0.32766,2.25084,0.00474,1.2033,0.0858,1.2905
12,mid,3,3,20,1.20,true,0.08138,0.00306,0.35230,2.27262,0.00489,1.2785,0.0728,1.3764
12,mid,3,6,10,0.00,true,0.15100,0.00400,0.00191,1.85091,0.00401,0.1881,0.5624,0.2515
12,mid,3,6,10,0.10,true,0.18088,0.00430,0.00193,1.82105,0.00431,0.2331,0.3957,0.2706
12,mid,3,6,10,0.20,true,0.19887,0.00446,0.00292,1.80405,0.00448,0.2922,0.2503,0.3167
12,mid,3,6,10,0.30,true,0.20650,0.00453,0.00488,1.79838,0.00456,0.3605,0.1438,0.3830
12,mid,3,6,10,0.40,true,0.20450,0.00451,0.00800,1.80351,0.00456,0.4384,0.0759,0.4631
12,mid,3,6,10,0.50,true,0.19737,0.00445,0.01243,1.81507,0.00453,0.5228,0.0377,0.5501
12,mid,3,6,10,0.60,true,0.18650,0.00435,0.01860,1.83213,0.00447,0.6196,0.0163,0.6488
12,mid,3,6,10,0.70,true,0.17638,0.00426,0.02551,1.84918,0.00441,0.7110,0.0080,0.7399
12,mid,3,6,10,0.80,true,0.16375,0.00414,0.03404,1.87037,0.00433,0.8111,0.0033,0.8396
12,mid,3,6,10,0.90,true,0.15050,0.00400,0.04373,1.89335,0.00424,0.9138,0.0007,0.9418
12,mid,3,6,10,1.00,true,0.13662,0.00384,0.05359,1.91712,0.00412,1.0114,0.0003,1.0380
12,mid,3,6,10,1.10,true,0.12062,0.00364,0.06395,1.94355,0.00396,1.1084,0.0001,1.1339
12,mid,3,6,10,1.20,true,0.10487,0.00343,0.07552,1.97095,0.00378,1.2111,0.0000,1.2357
12,mid,3,6,15,0.00,true,0.07963,0.00303,0.02027,1.94066,0.00314,0.2873,0.5244,0.3942
12,mid,3,6,15,0.10,true,0.09075,0.00321,0.02102,1.93029,0.00333,0.3324,0.4207,0.4123
12,mid,3,6,15,0.20,true,0.09788,0.00332,0.02388,1.92603,0.00346,0.3870,0.3242,0.4468
12,mid,3,6,15,0.30,true,0.10013,0.00336,0.02867,1.92858,0.00352,0.4463,0.2350,0.4980
12,mid,3,6,15,0.40,true,0.10337,0.00340,0.03521,1.93189,0.00361,0.5116,0.1633,0.5618
12,mid,3,6,15,0.50,true,0.10375,0.00341,0.04332,1.93965,0.00366,0.5833,0.1020,0.6388
12,mid,3,6,15,0.60,true,0.09825,0.00333,0.05281,1.95468,0.00362,0.6680,0.0692,0.7220
12,mid,3,6,15,0.70,true,0.09400,0.00326,0.06341,1.96957,0.00361,0.7546,0.0421,0.8117
12,mid,3,6,15,0.80,true,0.09037,0.00321,0.07409,1.98394,0.00360,0.8395,0.0261,0.8985
12,mid,3,6,15,0.90,true,0.08450,0.00311,0.08647,2.00227,0.00356,0.9377,0.0157,0.9970
12,mid,3,6,15,1.00,true,0.07712,0.00298,0.09844,2.02170,0.00348,1.0271,0.0087,1.0874
12,mid,3,6,15,1.10,true,0.06913,0.00284,0.11132,2.04269,0.00338,1.1233,0.0051,1.1827
12,mid,3,6,15,1.20,true,0.06025,0.00266,0.12480,2.06517,0.00324,1.2214,0.0023,1.2805
12,mid,3,6,20,0.00,true,0.04600,0.00234,0.07381,2.02789,0.00281,0.3783,0.5242,0.5585
12,mid,3,6,20,0.10,true,0.05038,0.00245,0.07520,2.02491,0.00292,0.4207,0.4360,0.5759
12,mid,3,6,20,0.20,true,0.05575,0.00257,0.07910,2.02346,0.00307,0.4723,0.3560,0.6080
12,mid,3,6,20,0.30,true,0.05638,0.00258,0.08518,2.02895,0.00312,0.5295,0.2885,0.6493
12,mid,3,6,20,0.40,true,0.05700,0.00259,0.09307,2.03625,0.00318,0.5922,0.2281,0.7025
12,mid,3,6,20,0.50,true,0.05650,0.00258,0.10236,2.04610,0.00322,0.6563,0.1759,0.7630
12,mid,3,6,20,0.60,true,0.05412,0.00253,0.11284,2.05902,0.00322,0.7279,0.1345,0.8319
12,mid,3,6,20,0.70,true,0.05137,0.00247,0.12470,2.07371,0.00321,0.8059,0.0983,0.9111
12,mid,3,6,20,0.80,true,0.04863,0.00240,0.13648,2.08835,0.00319,0.8812,0.0719,0.9887
12,mid,3,6,20,0.90,true,0.04625,0.00235,0.14951,2.10388,0.00318,0.9697,0.0532,1.0768
12,mid,3,6,20,1.00,true,0.04325,0.00227,0.16187,2.11936,0.00315,1.0494,0.0384,1.1588
12,mid,3,6,20,1.10,true,0.04100,0.00222,0.17533,2.13524,0.00314,1.1384,0.0254,1.2509
12,mid,3,6,20,1.20,true,0.03662,0.00210,0.18881,2.15328,0.00306,1.2274,0.0165,1.3416
12,high,3,12,10,0.00,true,0.41613,0.00551,0.00125,1.58513,0.00552,0.2228,0.7523,0.2400
12,high,3,12,10,0.10,true,0.49700,0.00559,0.00293,1.50593,0.00563,0.2699,0.6091,0.2465
12,high,3,12,10,0.20,true,0.55463,0.00556,0.00664,1.45202,0.00565,0.3290,0.4429,0.2835
12,high,3,12,10,0.30,true,0.58950,0.00550,0.01308,1.42359,0.00569,0.4018,0.2945,0.3509
12,high,3,12,10,0.40,true,0.59862,0.00548,0.02289,1.42428,0.00583,0.4796,0.1906,0.4320
12,high,3,12,10,0.50,true,0.59125,0.00550,0.03741,1.44619,0.00605,0.5645,0.1153,0.5269
12,high,3,12,10,0.60,true,0.58100,0.00552,0.05554,1.47458,0.00632,0.6496,0.0597,0.6283
12,high,3,12,10,0.70,true,0.56675,0.00554,0.07609,1.50940,0.00660,0.7363,0.0326,0.7244
12,high,3,12,10,0.80,true,0.55025,0.00556,0.10013,1.54996,0.00690,0.8304,0.0178,0.8244
12,high,3,12,10,0.90,true,0.53087,0.00558,0.12724,1.59649,0.00720,0.9263,0.0085,0.9252
12,high,3,12,10,1.00,true,0.51225,0.00559,0.15566,1.64359,0.00748,1.0237,0.0044,1.0249
12,high,3,12,10,1.10,true,0.49238,0.00559,0.18525,1.69312,0.00774,1.1204,0.0022,1.1231
12,high,3,12,10,1.20,true,0.47363,0.00558,0.21547,1.74218,0.00798,1.2187,0.0007,1.2226
12,high,3,12,15,0.00,true,0.23400,0.00473,0.01127,1.77729,0.00483,0.3276,0.6354,0.3496
12,high,3,12,15,0.10,true,0.26825,0.00495,0.01716,1.74893,0.00511,0.3673,0.5318,0.3589
12,high,3,12,15,0.20,true,0.29125,0.00508,0.02654,1.73532,0.00533,0.4246,0.4353,0.3855
12,high,3,12,15,0.30,true,0.31212,0.00518,0.03934,1.72725,0.00557,0.4826,0.3373,0.4317
12,high,3,12,15,0.40,true,0.32238,0.00523,0.05578,1.73346,0.00578,0.5472,0.2557,0.4917
12,high,3,12,15,0.50,true,0.32662,0.00524,0.07602,1.74948,0.00600,0.6153,0.1860,0.5644
12,high,3,12,15,0.60,true,0.32725,0.00525,0.09975,1.77262,0.00622,0.6875,0.1282,0.6471
12,high,3,12,15,0.70,true,0.32550,0.00524,0.12624,1.80091,0.00644,0.7679,0.0880,0.7365
12,high,3,12,15,0.80,true,0.32125,0.00522,0.15511,1.83409,0.00666,0.8523,0.0571,0.8314
12,high,3,12,15,0.90,true,0.31388,0.00519,0.18569,1.87213,0.00686,0.9426,0.0397,0.9272
12,high,3,12,15,1.00,true,0.30562,0.00515,0.21528,1.91006,0.00702,1.0280,0.0288,1.0166
12,high,3,12,15,1.10,true,0.29788,0.00511,0.24730,1.94995,0.00719,1.1193,0.0180,1.1146
12,high,3,12,15,1.20,true,0.29100,0.00508,0.27902,1.98870,0.00735,1.2121,0.0102,1.2130
12,high,3,12,20,0.00,true,0.14588,0.00395,0.02861,1.88279,0.00416,0.4122,0.5847,0.4578
12,high,3,12,20,0.10,true,0.16287,0.00413,0.03923,1.87641,0.00444,0.4609,0.5007,0.4682
12,high,3,12,20,0.20,true,0.17413,0.00424,0.05117,1.87713,0.00466,0.5076,0.4317,0.4893
12,high,3,12,20,0.30,true,0.18688,0.00436,0.06720,1.88043,0.00492,0.5598,0.3560,0.5269
12,high,3,12,20,0.40,true,0.19962,0.00447,0.08622,1.88673,0.00520,0.6215,0.2910,0.5782
12,high,3,12,20,0.50,true,0.20500,0.00451,0.10842,1.90361,0.00542,0.6837,0.2324,0.6380
12,high,3,12,20,0.60,true,0.20725,0.00453,0.13357,1.92657,0.00563,0.7543,0.1857,0.7068
12,high,3,12,20,0.70,true,0.20713,0.00453,0.16085,1.95406,0.00583,0.8259,0.1458,0.7815
12,high,3,12,20,0.80,true,0.20675,0.00453,0.18995,1.98363,0.00602,0.9042,0.1152,0.8629
12,high,3,12,20,0.90,true,0.20425,0.00451,0.22038,2.01668,0.00619,0.9802,0.0855,0.9486
12,high,3,12,20,1.00,true,0.20000,0.00447,0.25247,2.05318,0.00633,1.0630,0.0634,1.0392
12,high,3,12,20,1.10,true,0.19687,0.00445,0.28462,2.08864,0.00647,1.1517,0.0475,1.1340
12,high,3,12,20,1.20,true,0.19275,0.00441,0.31651,2.12488,0.00659,1.2403,0.0348,1.2291
12,high,3,3,10,0.00,true,0.08075,0.00305,0.02753,1.94682,0.00321,0.2019,0.5268,0.3453
12,high,3,3,10,0.10,true,0.10462,0.00342,0.03095,1.92637,0.00362,0.2487,0.3680,0.3624
12,high,3,3,10,0.20,true,0.12637,0.00371,0.03867,1.91236,0.00397,0.3090,0.2395,0.4022
12,high,3,3,10,0.30,true,0.13975,0.00388,0.05002,1.91037,0.00421,0.3743,0.1620,0.4532
12,high,3,3,10,0.40,true,0.14575,0.00395,0.07029,1.92470,0.00442,0.4578,0.1078,0.5253
12,high,3,3,10,0.50,true,0.14700,0.00396,0.09550,1.94872,0.00459,0.5328,0.0708,0.6007
12,high,3,3,10,0.60,true,0.15225,0.00402,0.12315,1.97121,0.00482,0.6049,0.0525,0.6768
12,high,3,3,10,0.70,true,0.16300,0.00413,0.15488,1.99231,0.00514,0.6757,0.0360,0.7608
12,high,3,3,10,0.80,true,0.16900,0.00419,0.18963,2.02121,0.00542,0.7466,0.0244,0.8488
12,high,3,3,10,0.90,true,0.17563,0.00425,0.22424,2.04939,0.00569,0.8145,0.0159,0.9381
12,high,3,3,10,1.00,true,0.17375,0.00424,0.25927,2.08655,0.00585,0.8800,0.0106,1.0256
12,high,3,3,10,1.10,true,0.17650,0.00426,0.29145,2.11627,0.00606,0.9430,0.0077,1.1123
12,high,3,3,10,1.20,true,0.18000,0.00430,0.32221,2.14388,0.00626,1.0061,0.0055,1.2008
12,high,3,3,15,0.00,true,0.05212,0.00249,0.11188,2.06014,0.00326,0.3894,0.5111,0.5758
12,high,3,3,15,0.10,true,0.06313,0.00272,0.11914,2.05643,0.00353,0.4340,0.4259,0.5910
12,high,3,3,15,0.20,true,0.06950,0.00284,0.13070,2.06166,0.00372,0.4925,0.3505,0.6190
12,high,3,3,15,0.30,true,0.07975,0.00303,0.14544,2.06622,0.00399,0.5561,0.2843,0.6608
12,high,3,3,15,0.40,true,0.08662,0.00314,0.16379,2.07781,0.00421,0.6236,0.2301,0.7114
12,high,3,3,15,0.50,true,0.09362,0.00326,0.18448,2.09163,0.00444,0.6929,0.1858,0.7700
12,high,3,3,15,0.60,true,0.09613,0.00330,0.20848,2.11330,0.00461,0.7655,0.1517,0.8353
12,high,3,3,15,0.70,true,0.10162,0.00338,0.23356,2.13306,0.00482,0.8381,0.1252,0.9060
12,high,3,3,15,0.80,true,0.10425,0.00342,0.25946,2.15657,0.00498,0.9064,0.1033,0.9789
12,high,3,3,15,0.90,true,0.10825,0.00347,0.28779,2.18121,0.00517,0.9806,0.0854,1.0614
12,high,3,3,15,1.00,true,0.10700,0.00346,0.31787,2.21294,0.00528,1.0539,0.0707,1.1467
12,high,3,3,15,1.10,true,0.10625,0.00345,0.34672,2.24300,0.00538,1.1246,0.0599,1.2319
12,high,3,3,15,1.20,true,0.10837,0.00348,0.37381,2.26848,0.00552,1.1937,0.0517,1.3186
12,high,3,3,20,0.00,true,0.03625,0.00209,0.22702,2.19247,0.00360,0.6414,0.5175,0.8714
12,high,3,3,20,0.10,true,0.04188,0.00224,0.23600,2.19591,0.00378,0.6922,0.4644,0.8865
12,high,3,3,20,0.20,true,0.04813,0.00239,0.24670,2.20049,0.00397,0.7469,0.4152,0.9103
12,high,3,3,20,0.30,true,0.05237,0.00249,0.26001,2.20971,0.00412,0.8120,0.3730,0.9423
12,high,3,3,20,0.40,true,0.05337,0.00251,0.27592,2.22482,0.00421,0.8732,0.3272,0.9822
12,high,3,3,20,0.50,true,0.05462,0.00254,0.29298,2.24087,0.00430,0.9372,0.2873,1.0278
12,high,3,3,20,0.60,true,0.06050,0.00267,0.30960,2.25193,0.00450,1.0079,0.2563,1.0807
12,high,3,3,20,0.70,true,0.06187,0.00269,0.32884,2.27017,0.00460,1.0816,0.2285,1.1397
12,high,3,3,20,0.80,true,0.06125,0.00268,0.34831,2.29069,0.00465,1.1491,0.2031,1.1999
12,high,3,3,20,0.90,true,0.06150,0.00269,0.36957,2.31219,0.00472,1.2253,0.1827,1.2682
12,high,3,3,20,1.00,true,0.06550,0.00277,0.38868,2.32785,0.00487,1.2958,0.1651,1.3377
12,high,3,3,20,1.10,true,0.06713,0.00280,0.40797,2.34616,0.00497,1.3680,0.1524,1.4087
12,high,3,3,20,1.20,true,0.07062,0.00286,0.42811,2.36354,0.00510,1.4439,0.1404,1.4875
12,high,3,6,10,0.00,true,0.12125,0.00365,0.00749,1.88625,0.00369,0.2055,0.5505,0.2859
12,high,3,6,10,0.10,true,0.14363,0.00392,0.00770,1.86409,0.00396,0.2517,0.4011,0.3061
12,high,3,6,10,0.20,true,0.15388,0.00403,0.00998,1.85613,0.00409,0.3091,0.2680,0.3493
12,high,3,6,10,0.30,true,0.15975,0.00410,0.01418,1.85448,0.00418,0.3756,0.1662,0.4121
12,high,3,6,10,0.40,true,0.15887,0.00409,0.02018,1.86139,0.00421,0.4514,0.1002,0.4873
12,high,3,6,10,0.50,true,0.15488,0.00404,0.02798,1.87324,0.00421,0.5317,0.0550,0.5707
12,high,3,6,10,0.60,true,0.14663,0.00395,0.03812,1.89170,0.00418,0.6247,0.0283,0.6657
12,high,3,6,10,0.70,true,0.13762,0.00385,0.04889,1.91156,0.00413,0.7124,0.0145,0.7547
12,high,3,6,10,0.80,true,0.12687,0.00372,0.06168,1.93522,0.00406,0.8097,0.0070,0.8520
12,high,3,6,10,0.90,true,0.11588,0.00358,0.07591,1.96061,0.00398,0.9123,0.0034,0.9537
12,high,3,6,10,1.00,true,0.10450,0.00342,0.09019,1.98645,0.00388,1.0082,0.0010,1.0495
12,high,3,6,10,1.10,true,0.09312,0.00325,0.10510,2.01295,0.00376,1.1034,0.0004,1.1436
12,high,3,6,10,1.20,true,0.08063,0.00304,0.12197,2.04259,0.00360,1.2073,0.0001,1.2465
12,high,3,6,15,0.00,true,0.06050,0.00267,0.05538,1.99501,0.00300,0.3150,0.5186,0.4616
12,high,3,6,15,0.10,true,0.06713,0.00280,0.05722,1.99025,0.00315,0.3607,0.4280,0.4801
12,high,3,6,15,0.20,true,0.06950,0.00284,0.06229,1.99300,0.00323,0.4160,0.3389,0.5147
12,high,3,6,15,0.30,true,0.07400,0.00293,0.06995,1.99624,0.00337,0.4737,0.2563,0.5640
12,high,3,6,15,0.40,true,0.07525,0.00295,0.07974,2.00488,0.00345,0.5353,0.1857,0.6240
12,high,3,6,15,0.50,true,0.07612,0.00297,0.09156,2.01596,0.00353,0.6058,0.1287,0.6960
12,high,3,6,15,0.60,true,0.07412,0.00293,0.10485,2.03141,0.00356,0.6828,0.0879,0.7745
12,high,3,6,15,0.70,true,0.07100,0.00287,0.11928,2.04917,0.00357,0.7676,0.0611,0.8593
12,high,3,6,15,0.80,true,0.06588,0.00277,0.13373,2.06897,0.00353,0.8482,0.0403,0.9427
12,high,3,6,15,0.90,true,0.06062,0.00267,0.15014,2.09092,0.00349,0.9420,0.0255,1.0376
12,high,3,6,15,1.00,true,0.05650,0.00258,0.16577,2.11097,0.00346,1.0300,0.0174,1.1259
12,high,3,6,15,1.10,true,0.04988,0.00243,0.18257,2.13476,0.00336,1.1223,0.0101,1.2193
12,high,3,6,15,1.20,true,0.04325,0.00227,0.20006,2.15929,0.00325,1.2190,0.0061,1.3155
12,high,3,6,20,0.00,true,0.03338,0.00201,0.15392,2.12112,0.00303,0.4149,0.5227,0.6709
12,high,3,6,20,0.10,true,0.03562,0.00207,0.15646,2.12151,0.00311,0.4579,0.4438,0.6902
12,high,3,6,20,0.20,true,0.03875,0.00216,0.16174,2.12378,0.00323,0.5068,0.3704,0.7217
12,high,3,6,20,0.30,true,0.03963,0.00218,0.16925,2.13057,0.00329,0.5611,0.3055,0.7625
12,high,3,6,20,0.40,true,0.03963,0.00218,0.17886,2.14039,0.00334,0.6238,0.2506,0.8133
12,high,3,6,20,0.50,true,0.03887,0.00216,0.19004,2.15255,0.00337,0.6867,0.2011,0.8710
12,high,3,6,20,0.60,true,0.03825,0.00214,0.20249,2.16590,0.00340,0.7548,0.1590,0.9367
12,high,3,6,20,0.70,true,0.03750,0.00212,0.21635,2.18086,0.00343,0.8313,0.1244,1.0112
12,high,3,6,20,0.80,true,0.03750,0.00212,0.23016,2.19502,0.00347,0.9035,0.0960,1.0859
12,high,3,6,20,0.90,true,0.03500,0.00205,0.24536,2.21316,0.00345,0.9848,0.0719,1.1691
12,high,3,6,20,1.00,true,0.03175,0.00196,0.25979,2.23128,0.00339,1.0642,0.0565,1.2484
12,high,3,6,20,1.10,true,0.02813,0.00185,0.27546,2.25110,0.00332,1.1512,0.0436,1.3353
12,high,3,6,20,1.20,true,0.02625,0.00179,0.29112,2.26919,0.00329,1.2354,0.0300,1.4245
