stimp,skill,slope_deg,clock,length_ft,rollout_m,solve_ok,make,make_se,three_plus,exp_strokes,exp_strokes_se,mean_past_miss_m,pct_miss_short,mean_leave_m
8,hcp30,0,12,10,0.00,true,0.12500,0.00370,0.07435,1.95086,0.00426,0.4139,0.5653,0.4471
8,hcp30,0,12,10,0.10,true,0.13862,0.00386,0.08109,1.94419,0.00450,0.4657,0.4850,0.4654
8,hcp30,0,12,10,0.20,true,0.14825,0.00397,0.09392,1.94779,0.00472,0.5202,0.4050,0.4990
8,hcp30,0,12,10,0.30,true,0.15575,0.00405,0.11205,1.95903,0.00496,0.5819,0.3348,0.5462
8,hcp30,0,12,10,0.40,true,0.15837,0.00408,0.13506,1.98026,0.00517,0.6478,0.2716,0.6050
8,hcp30,0,12,10,0.50,true,0.15862,0.00408,0.16176,2.00778,0.00537,0.7180,0.2191,0.6725
8,hcp30,0,12,10,0.60,true,0.15500,0.00405,0.19163,2.04260,0.00554,0.7939,0.1783,0.7467
8,hcp30,0,12,10,0.70,true,0.14963,0.00399,0.22418,2.08213,0.00567,0.8717,0.1426,0.8272
8,hcp30,0,12,10,0.80,true,0.14313,0.00392,0.25915,2.12551,0.00579,0.9574,0.1164,0.9138
8,hcp30,0,12,10,0.90,true,0.13600,0.00383,0.29550,2.17119,0.00587,1.0452,0.0945,1.0046
8,hcp30,0,12,10,1.00,true,0.12650,0.00372,0.33237,2.22008,0.00590,1.1316,0.0753,1.0968
8,hcp30,0,12,10,1.10,true,0.11750,0.00360,0.36860,2.26812,0.00590,1.2190,0.0593,1.1907
8,hcp30,0,12,10,1.20,true,0.10887,0.00348,0.40401,2.31523,0.00588,1.3107,0.0484,1.2861
8,hcp30,0,12,15,0.00,true,0.06588,0.00277,0.17592,2.11514,0.00405,0.6106,0.5363,0.6749
8,hcp30,0,12,15,0.10,true,0.06888,0.00283,0.18268,2.11926,0.00415,0.6676,0.4883,0.6909
8,hcp30,0,12,15,0.20,true,0.07287,0.00291,0.19356,2.12672,0.00430,0.7250,0.4389,0.7182
8,hcp30,0,12,15,0.30,true,0.07762,0.00299,0.20798,2.13723,0.00448,0.7827,0.3904,0.7553
8,hcp30,0,12,15,0.40,true,0.07938,0.00302,0.22565,2.15423,0.00463,0.8400,0.3426,0.8000
8,hcp30,0,12,15,0.50,true,0.08113,0.00305,0.24570,2.17386,0.00479,0.9011,0.2991,0.8527
8,hcp30,0,12,15,0.60,true,0.07938,0.00302,0.26835,2.19987,0.00489,0.9707,0.2642,0.9111
8,hcp30,0,12,15,0.70,true,0.07637,0.00297,0.29271,2.22909,0.00497,1.0410,0.2324,0.9747
8,hcp30,0,12,15,0.80,true,0.07425,0.00293,0.31801,2.25862,0.00505,1.1138,0.2042,1.0435
8,hcp30,0,12,15,0.90,true,0.07162,0.00288,0.34496,2.29058,0.00512,1.1886,0.1773,1.1187
8,hcp30,0,12,15,1.00,true,0.06825,0.00282,0.37202,2.32365,0.00516,1.2638,0.1540,1.1959
8,hcp30,0,12,15,1.10,true,0.06550,0.00277,0.39912,2.35635,0.00519,1.3408,0.1331,1.2770
8,hcp30,0,12,15,1.20,true,0.06288,0.00271,0.42639,2.38936,0.00522,1.4196,0.1144,1.3613
8,hcp30,0,12,20,0.00,true,0.03550,0.00207,0.27296,2.24796,0.00391,0.8218,0.5185,0.8919
8,hcp30,0,12,20,0.10,true,0.03750,0.00212,0.28009,2.25368,0.00400,0.8721,0.4766,0.9116
8,hcp30,0,12,20,0.20,true,0.03875,0.00216,0.28958,2.26275,0.00408,0.9232,0.4363,0.9375
8,hcp30,0,12,20,0.30,true,0.03950,0.00218,0.30120,2.27470,0.00417,0.9812,0.4007,0.9699
8,hcp30,0,12,20,0.40,true,0.04150,0.00223,0.31451,2.28732,0.00429,1.0413,0.3667,1.0099
8,hcp30,0,12,20,0.50,true,0.04125,0.00222,0.32991,2.30454,0.00437,1.0989,0.3322,1.0552
8,hcp30,0,12,20,0.60,true,0.04125,0.00222,0.34676,2.32320,0.00446,1.1619,0.3013,1.1069
8,hcp30,0,12,20,0.70,true,0.04213,0.00225,0.36458,2.34218,0.00456,1.2218,0.2692,1.1645
8,hcp30,0,12,20,0.80,true,0.04088,0.00221,0.38355,2.36468,0.00462,1.2864,0.2420,1.2251
8,hcp30,0,12,20,0.90,true,0.03913,0.00217,0.40355,2.38893,0.00465,1.3522,0.2166,1.2896
8,hcp30,0,12,20,1.00,true,0.03650,0.00210,0.42411,2.41486,0.00465,1.4271,0.1982,1.3564
8,hcp30,0,12,20,1.10,true,0.03400,0.00203,0.44542,2.44165,0.00465,1.5012,0.1796,1.4277
8,hcp30,0,12,20,1.20,true,0.03300,0.00200,0.46640,2.46680,0.00468,1.5737,0.1608,1.5024
8,hcp30,1,12,10,0.00,true,0.13150,0.00378,0.07133,1.94129,0.00433,0.4067,0.5662,0.4445
8,hcp30,1,12,10,0.10,true,0.14925,0.00398,0.08052,1.93288,0.00462,0.4622,0.4852,0.4649
8,hcp30,1,12,10,0.20,true,0.15675,0.00406,0.09527,1.94046,0.00484,0.5221,0.4134,0.4959
8,hcp30,1,12,10,0.30,true,0.16275,0.00413,0.11565,1.95537,0.00508,0.5863,0.3464,0.5412
8,hcp30,1,12,10,0.40,true,0.16837,0.00418,0.14086,1.97571,0.00534,0.6551,0.2853,0.5996
8,hcp30,1,12,10,0.50,true,0.17150,0.00421,0.16870,2.00137,0.00558,0.7241,0.2326,0.6654
8,hcp30,1,12,10,0.60,true,0.17100,0.00421,0.20013,2.03451,0.00580,0.7994,0.1891,0.7403
8,hcp30,1,12,10,0.70,true,0.17012,0.00420,0.23368,2.07040,0.00601,0.8790,0.1517,0.8232
8,hcp30,1,12,10,0.80,true,0.16537,0.00415,0.26890,2.11214,0.00616,0.9600,0.1195,0.9106
8,hcp30,1,12,10,0.90,true,0.15812,0.00408,0.30342,2.15587,0.00626,1.0426,0.0976,0.9967
8,hcp30,1,12,10,1.00,true,0.15438,0.00404,0.33821,2.19670,0.00639,1.1315,0.0785,1.0908
8,hcp30,1,12,10,1.10,true,0.14650,0.00395,0.37342,2.24238,0.00643,1.2191,0.0622,1.1851
8,hcp30,1,12,10,1.20,true,0.14050,0.00389,0.40700,2.28480,0.00648,1.3095,0.0496,1.2815
8,hcp30,1,12,15,0.00,true,0.07612,0.00297,0.16688,2.09556,0.00419,0.6166,0.5478,0.6594
8,hcp30,1,12,15,0.10,true,0.08225,0.00307,0.17539,2.09823,0.00437,0.6666,0.4941,0.6761
8,hcp30,1,12,15,0.20,true,0.08513,0.00312,0.18822,2.10872,0.00452,0.7192,0.4404,0.7027
8,hcp30,1,12,15,0.30,true,0.08787,0.00317,0.20423,2.12273,0.00469,0.7700,0.3856,0.7386
8,hcp30,1,12,15,0.40,true,0.09012,0.00320,0.22296,2.14018,0.00486,0.8298,0.3402,0.7830
8,hcp30,1,12,15,0.50,true,0.09112,0.00322,0.24451,2.16197,0.00502,0.8906,0.2957,0.8353
8,hcp30,1,12,15,0.60,true,0.09062,0.00321,0.26903,2.18853,0.00515,0.9656,0.2623,0.8962
8,hcp30,1,12,15,0.70,true,0.09087,0.00321,0.29397,2.21495,0.00529,1.0377,0.2317,0.9610
8,hcp30,1,12,15,0.80,true,0.08987,0.00320,0.32123,2.24524,0.00541,1.1105,0.2005,1.0331
8,hcp30,1,12,15,0.90,true,0.08962,0.00319,0.34886,2.27538,0.00553,1.1858,0.1734,1.1098
8,hcp30,1,12,15,1.00,true,0.08675,0.00315,0.37660,2.30846,0.00559,1.2589,0.1489,1.1874
8,hcp30,1,12,15,1.10,true,0.08475,0.00311,0.40418,2.34075,0.00565,1.3352,0.1277,1.2690
8,hcp30,1,12,15,1.20,true,0.07950,0.00302,0.43526,2.38038,0.00565,1.4234,0.1093,1.3607
8,hcp30,1,12,20,0.00,true,0.04813,0.00239,0.26169,2.22398,0.00421,0.8105,0.5333,0.8806
8,hcp30,1,12,20,0.10,true,0.04963,0.00243,0.26912,2.23033,0.00429,0.8569,0.4919,0.8955
8,hcp30,1,12,20,0.20,true,0.05212,0.00249,0.27978,2.23918,0.00441,0.9060,0.4481,0.9212
8,hcp30,1,12,20,0.30,true,0.05412,0.00253,0.29245,2.25077,0.00453,0.9610,0.4093,0.9535
8,hcp30,1,12,20,0.40,true,0.05462,0.00254,0.30758,2.26657,0.00463,1.0134,0.3685,0.9931
8,hcp30,1,12,20,0.50,true,0.05412,0.00253,0.32375,2.28462,0.00471,1.0744,0.3365,1.0364
8,hcp30,1,12,20,0.60,true,0.05387,0.00252,0.34203,2.30481,0.00479,1.1420,0.3074,1.0872
8,hcp30,1,12,20,0.70,true,0.05450,0.00254,0.36184,2.32589,0.00490,1.2071,0.2768,1.1448
8,hcp30,1,12,20,0.80,true,0.05262,0.00250,0.38231,2.35031,0.00494,1.2770,0.2533,1.2033
8,hcp30,1,12,20,0.90,true,0.05225,0.00249,0.40416,2.37496,0.00501,1.3424,0.2245,1.2704
8,hcp30,1,12,20,1.00,true,0.05125,0.00247,0.42507,2.39939,0.00506,1.4116,0.2032,1.3364
8,hcp30,1,12,20,1.10,true,0.04913,0.00242,0.44811,2.42749,0.00508,1.4880,0.1827,1.4107
8,hcp30,1,12,20,1.20,true,0.04713,0.00237,0.47021,2.45462,0.00509,1.5589,0.1628,1.4851
8,hcp30,1,3,10,0.00,true,0.10550,0.00343,0.08007,1.97627,0.00402,0.3569,0.5611,0.4508
8,hcp30,1,3,10,0.10,true,0.12462,0.00369,0.08721,1.96453,0.00435,0.4608,0.4757,0.4696
8,hcp30,1,3,10,0.20,true,0.13712,0.00385,0.10146,1.96677,0.00464,0.5284,0.4034,0.5048
8,hcp30,1,3,10,0.30,true,0.14588,0.00395,0.11887,1.97608,0.00489,0.5871,0.3435,0.5479
8,hcp30,1,3,10,0.40,true,0.15013,0.00399,0.14399,1.99794,0.00514,0.6584,0.2830,0.6079
8,hcp30,1,3,10,0.50,true,0.14913,0.00398,0.17168,2.02782,0.00533,0.7234,0.2293,0.6724
8,hcp30,1,3,10,0.60,true,0.14750,0.00396,0.20241,2.06164,0.00552,0.7938,0.1824,0.7465
8,hcp30,1,3,10,0.70,true,0.14575,0.00395,0.23387,2.09651,0.00569,0.8685,0.1482,0.8237
8,hcp30,1,3,10,0.80,true,0.14050,0.00389,0.27094,2.14098,0.00583,0.9555,0.1177,0.9150
8,hcp30,1,3,10,0.90,true,0.13212,0.00379,0.30764,2.18844,0.00590,1.0386,0.0929,1.0047
8,hcp30,1,3,10,1.00,true,0.12187,0.00366,0.34521,2.23895,0.00591,1.1219,0.0709,1.0974
8,hcp30,1,3,10,1.10,true,0.11375,0.00355,0.37944,2.28404,0.00591,1.2055,0.0575,1.1856
8,hcp30,1,3,10,1.20,true,0.10625,0.00345,0.41449,2.32969,0.00590,1.2940,0.0450,1.2805
8,hcp30,1,3,15,0.00,true,0.05962,0.00265,0.18647,2.13259,0.00397,0.5289,0.5278,0.6814
8,hcp30,1,3,15,0.10,true,0.06738,0.00280,0.19402,2.13279,0.00418,0.6549,0.4738,0.7000
8,hcp30,1,3,15,0.20,true,0.07325,0.00291,0.20462,2.13813,0.00437,0.7181,0.4307,0.7268
8,hcp30,1,3,15,0.30,true,0.07625,0.00297,0.22067,2.15214,0.00453,0.7856,0.3838,0.7659
8,hcp30,1,3,15,0.40,true,0.07612,0.00297,0.23937,2.17217,0.00465,0.8504,0.3424,0.8104
8,hcp30,1,3,15,0.50,true,0.07625,0.00297,0.26030,2.19441,0.00478,0.9149,0.3035,0.8620
8,hcp30,1,3,15,0.60,true,0.07587,0.00296,0.28225,2.21834,0.00490,0.9804,0.2708,0.9174
8,hcp30,1,3,15,0.70,true,0.07625,0.00297,0.30863,2.24644,0.00505,1.0531,0.2340,0.9872
8,hcp30,1,3,15,0.80,true,0.07400,0.00293,0.33501,2.27727,0.00512,1.1191,0.2010,1.0574
8,hcp30,1,3,15,0.90,true,0.07037,0.00286,0.36231,2.31068,0.00516,1.1911,0.1736,1.1317
8,hcp30,1,3,15,1.00,true,0.06875,0.00283,0.38914,2.34184,0.00523,1.2631,0.1475,1.2105
8,hcp30,1,3,15,1.10,true,0.06475,0.00275,0.41602,2.37564,0.00524,1.3397,0.1284,1.2896
8,hcp30,1,3,15,1.20,true,0.06012,0.00266,0.44189,2.40912,0.00521,1.4134,0.1121,1.3672
8,hcp30,1,3,20,0.00,true,0.03862,0.00215,0.28946,2.26282,0.00407,0.7001,0.5239,0.9152
8,hcp30,1,3,20,0.10,true,0.04088,0.00221,0.29633,2.26792,0.00415,0.8451,0.4823,0.9322
8,hcp30,1,3,20,0.20,true,0.04163,0.00223,0.30610,2.27771,0.00422,0.9082,0.4444,0.9569
8,hcp30,1,3,20,0.30,true,0.04412,0.00230,0.31749,2.28762,0.00434,0.9716,0.4102,0.9892
8,hcp30,1,3,20,0.40,true,0.04450,0.00231,0.33097,2.30199,0.00442,1.0310,0.3759,1.0269
8,hcp30,1,3,20,0.50,true,0.04300,0.00227,0.34642,2.32048,0.00446,1.0930,0.3443,1.0699
8,hcp30,1,3,20,0.60,true,0.04100,0.00222,0.36326,2.34110,0.00449,1.1552,0.3144,1.1177
8,hcp30,1,3,20,0.70,true,0.04075,0.00221,0.38142,2.36154,0.00456,1.2222,0.2872,1.1728
8,hcp30,1,3,20,0.80,true,0.03988,0.00219,0.40039,2.38367,0.00461,1.2889,0.2612,1.2317
8,hcp30,1,3,20,0.90,true,0.03837,0.00215,0.42023,2.40754,0.00465,1.3499,0.2329,1.2947
8,hcp30,1,3,20,1.00,true,0.03750,0.00212,0.43970,2.43052,0.00468,1.4161,0.2104,1.3596
8,hcp30,1,3,20,1.10,true,0.03662,0.00210,0.46063,2.45541,0.00472,1.4962,0.1922,1.4329
8,hcp30,1,3,20,1.20,true,0.03438,0.00204,0.48214,2.48253,0.00472,1.5677,0.1705,1.5089
8,hcp30,1,6,10,0.00,true,0.11100,0.00351,0.07791,1.96842,0.00409,0.4144,0.5591,0.4527
8,hcp30,1,6,10,0.10,true,0.12425,0.00369,0.08215,1.95966,0.00431,0.4675,0.4790,0.4722
8,hcp30,1,6,10,0.20,true,0.13525,0.00382,0.09252,1.95949,0.00454,0.5231,0.4013,0.5066
8,hcp30,1,6,10,0.30,true,0.13987,0.00388,0.10863,1.97165,0.00473,0.5832,0.3299,0.5535
8,hcp30,1,6,10,0.40,true,0.14100,0.00389,0.12957,1.99240,0.00491,0.6493,0.2678,0.6122
8,hcp30,1,6,10,0.50,true,0.13700,0.00384,0.15509,2.02313,0.00504,0.7256,0.2222,0.6792
8,hcp30,1,6,10,0.60,true,0.13500,0.00382,0.18326,2.05476,0.00521,0.7990,0.1799,0.7529
8,hcp30,1,6,10,0.70,true,0.12962,0.00376,0.21526,2.09391,0.00533,0.8769,0.1438,0.8338
8,hcp30,1,6,10,0.80,true,0.12350,0.00368,0.24885,2.13571,0.00544,0.9589,0.1157,0.9191
8,hcp30,1,6,10,0.90,true,0.11425,0.00356,0.28500,2.18353,0.00547,1.0448,0.0924,1.0094
8,hcp30,1,6,10,1.00,true,0.10512,0.00343,0.32121,2.23153,0.00548,1.1336,0.0758,1.1010
8,hcp30,1,6,10,1.10,true,0.09913,0.00334,0.35625,2.27548,0.00551,1.2218,0.0601,1.1955
8,hcp30,1,6,10,1.20,true,0.08975,0.00320,0.39026,2.32193,0.00545,1.3089,0.0501,1.2855
8,hcp30,1,6,15,0.00,true,0.05850,0.00262,0.18218,2.12891,0.00392,0.6283,0.5187,0.6856
8,hcp30,1,6,15,0.10,true,0.06388,0.00273,0.18835,2.13023,0.00406,0.6841,0.4682,0.7073
8,hcp30,1,6,15,0.20,true,0.06800,0.00281,0.19857,2.13710,0.00421,0.7383,0.4162,0.7384
8,hcp30,1,6,15,0.30,true,0.06825,0.00282,0.21309,2.15243,0.00431,0.7948,0.3657,0.7780
8,hcp30,1,6,15,0.40,true,0.06888,0.00283,0.23039,2.17039,0.00443,0.8630,0.3270,0.8257
8,hcp30,1,6,15,0.50,true,0.06638,0.00278,0.25020,2.19426,0.00450,0.9272,0.2880,0.8785
8,hcp30,1,6,15,0.60,true,0.06600,0.00278,0.27185,2.21809,0.00462,0.9933,0.2512,0.9393
8,hcp30,1,6,15,0.70,true,0.06263,0.00271,0.29637,2.24810,0.00467,1.0626,0.2170,1.0068
8,hcp30,1,6,15,0.80,true,0.05937,0.00264,0.32113,2.27842,0.00472,1.1314,0.1874,1.0764
8,hcp30,1,6,15,0.90,true,0.05638,0.00258,0.34672,2.30954,0.00476,1.2062,0.1636,1.1505
8,hcp30,1,6,15,1.00,true,0.05375,0.00252,0.37344,2.34173,0.00480,1.2855,0.1424,1.2306
8,hcp30,1,6,15,1.10,true,0.05125,0.00247,0.39888,2.37261,0.00483,1.3641,0.1253,1.3099
8,hcp30,1,6,15,1.20,true,0.04688,0.00236,0.42574,2.40707,0.00479,1.4414,0.1073,1.3933
8,hcp30,1,6,20,0.00,true,0.03363,0.00202,0.28557,2.26338,0.00391,0.8321,0.5156,0.9207
8,hcp30,1,6,20,0.10,true,0.03413,0.00203,0.29008,2.26805,0.00395,0.8862,0.4787,0.9385
8,hcp30,1,6,20,0.20,true,0.03537,0.00207,0.29725,2.27489,0.00402,0.9375,0.4394,0.9643
8,hcp30,1,6,20,0.30,true,0.03575,0.00208,0.30732,2.28577,0.00408,0.9926,0.4020,0.9975
8,hcp30,1,6,20,0.40,true,0.03687,0.00211,0.31932,2.29806,0.00417,1.0483,0.3652,1.0374
8,hcp30,1,6,20,0.50,true,0.03762,0.00213,0.33300,2.31263,0.00426,1.1140,0.3355,1.0831
8,hcp30,1,6,20,0.60,true,0.03537,0.00207,0.34869,2.33249,0.00428,1.1754,0.3050,1.1325
8,hcp30,1,6,20,0.70,true,0.03513,0.00206,0.36546,2.35165,0.00435,1.2370,0.2749,1.1885
8,hcp30,1,6,20,0.80,true,0.03500,0.00205,0.38322,2.37191,0.00442,1.3029,0.2477,1.2496
8,hcp30,1,6,20,0.90,true,0.03288,0.00199,0.40221,2.39565,0.00444,1.3751,0.2259,1.3134
8,hcp30,1,6,20,1.00,true,0.03125,0.00195,0.42128,2.41909,0.00445,1.4427,0.2040,1.3797
8,hcp30,1,6,20,1.10,true,0.03062,0.00193,0.44144,2.44295,0.00449,1.5093,0.1795,1.4531
8,hcp30,1,6,20,1.20,true,0.02800,0.00184,0.46148,2.46878,0.00447,1.5800,0.1613,1.5251
8,hcp30,2,12,10,0.00,true,0.15837,0.00408,0.06374,1.90661,0.00459,0.4106,0.5776,0.4341
8,hcp30,2,12,10,0.10,true,0.18025,0.00430,0.07431,1.89542,0.00493,0.4662,0.5000,0.4531
8,hcp30,2,12,10,0.20,true,0.19062,0.00439,0.09099,1.90202,0.00518,0.5250,0.4232,0.4846
8,hcp30,2,12,10,0.30,true,0.20175,0.00449,0.11257,1.91293,0.00548,0.5904,0.3533,0.5317
8,hcp30,2,12,10,0.40,true,0.20438,0.00451,0.13926,1.93765,0.00573,0.6570,0.2885,0.5893
8,hcp30,2,12,10,0.50,true,0.20788,0.00454,0.16828,1.96401,0.00600,0.7302,0.2369,0.6571
8,hcp30,2,12,10,0.60,true,0.21238,0.00457,0.19942,1.99168,0.00627,0.8005,0.1844,0.7352
8,hcp30,2,12,10,0.70,true,0.21200,0.00457,0.23302,2.02695,0.00650,0.8832,0.1488,0.8196
8,hcp30,2,12,10,0.80,true,0.20788,0.00454,0.26602,2.06554,0.00668,0.9641,0.1221,0.9028
8,hcp30,2,12,10,0.90,true,0.20262,0.00449,0.29917,2.10562,0.00682,1.0412,0.0959,0.9888
8,hcp30,2,12,10,1.00,true,0.19825,0.00446,0.33346,2.14629,0.00696,1.1288,0.0755,1.0835
8,hcp30,2,12,10,1.10,true,0.19425,0.00442,0.36680,2.18593,0.00709,1.2176,0.0579,1.1812
8,hcp30,2,12,10,1.20,true,0.18713,0.00436,0.40008,2.22897,0.00717,1.3102,0.0457,1.2797
8,hcp30,2,12,15,0.00,true,0.09525,0.00328,0.16071,2.07019,0.00450,0.6249,0.5474,0.6606
8,hcp30,2,12,15,0.10,true,0.10063,0.00336,0.17099,2.07530,0.00467,0.6728,0.4941,0.6767
8,hcp30,2,12,15,0.20,true,0.10600,0.00344,0.18555,2.08492,0.00487,0.7283,0.4410,0.7048
8,hcp30,2,12,15,0.30,true,0.11163,0.00352,0.20312,2.09753,0.00508,0.7853,0.3893,0.7426
8,hcp30,2,12,15,0.40,true,0.11250,0.00353,0.22368,2.11811,0.00524,0.8510,0.3472,0.7869
8,hcp30,2,12,15,0.50,true,0.11363,0.00355,0.24603,2.14045,0.00541,0.9167,0.3084,0.8381
8,hcp30,2,12,15,0.60,true,0.11213,0.00353,0.27127,2.16857,0.00554,0.9859,0.2723,0.8967
8,hcp30,2,12,15,0.70,true,0.11250,0.00353,0.29598,2.19445,0.00569,1.0526,0.2403,0.9592
8,hcp30,2,12,15,0.80,true,0.11100,0.00351,0.32538,2.22738,0.00582,1.1301,0.2073,1.0352
8,hcp30,2,12,15,0.90,true,0.10950,0.00349,0.35056,2.25598,0.00592,1.1975,0.1825,1.1033
8,hcp30,2,12,15,1.00,true,0.10988,0.00350,0.37752,2.28490,0.00605,1.2753,0.1590,1.1830
8,hcp30,2,12,15,1.10,true,0.10737,0.00346,0.40494,2.31743,0.00612,1.3534,0.1378,1.2649
8,hcp30,2,12,15,1.20,true,0.10425,0.00342,0.43476,2.35346,0.00618,1.4387,0.1162,1.3579
8,hcp30,2,12,20,0.00,true,0.06075,0.00267,0.25628,2.20586,0.00446,0.8178,0.5330,0.8817
8,hcp30,2,12,20,0.10,true,0.06200,0.00270,0.26488,2.21354,0.00455,0.8709,0.4968,0.8967
8,hcp30,2,12,20,0.20,true,0.06463,0.00275,0.27576,2.22234,0.00468,0.9224,0.4566,0.9198
8,hcp30,2,12,20,0.30,true,0.06650,0.00279,0.28920,2.23469,0.00480,0.9802,0.4210,0.9506
8,hcp30,2,12,20,0.40,true,0.06838,0.00282,0.30469,2.24934,0.00493,1.0357,0.3833,0.9890
8,hcp30,2,12,20,0.50,true,0.06913,0.00284,0.32188,2.26707,0.00504,1.0939,0.3477,1.0330
8,hcp30,2,12,20,0.60,true,0.06863,0.00283,0.34034,2.28753,0.00512,1.1592,0.3190,1.0814
8,hcp30,2,12,20,0.70,true,0.06813,0.00282,0.35937,2.30879,0.00521,1.2227,0.2908,1.1340
8,hcp30,2,12,20,0.80,true,0.06650,0.00279,0.38110,2.33429,0.00528,1.2933,0.2626,1.1958
8,hcp30,2,12,20,0.90,true,0.06613,0.00278,0.40206,2.35789,0.00536,1.3649,0.2395,1.2595
8,hcp30,2,12,20,1.00,true,0.06275,0.00271,0.42255,2.38409,0.00537,1.4309,0.2193,1.3203
8,hcp30,2,12,20,1.10,true,0.06187,0.00269,0.44356,2.40866,0.00543,1.5024,0.1985,1.3902
8,hcp30,2,12,20,1.20,true,0.05950,0.00264,0.46601,2.43649,0.00545,1.5756,0.1780,1.4656
8,hcp30,2,3,10,0.00,true,0.08325,0.00309,0.10047,2.01971,0.00383,0.2550,0.5495,0.4602
8,hcp30,2,3,10,0.10,true,0.10725,0.00346,0.10772,2.00319,0.00427,0.4293,0.4691,0.4791
8,hcp30,2,3,10,0.20,true,0.12137,0.00365,0.12145,2.00330,0.00458,0.5005,0.3981,0.5120
8,hcp30,2,3,10,0.30,true,0.12925,0.00375,0.14093,2.01567,0.00484,0.5680,0.3368,0.5569
8,hcp30,2,3,10,0.40,true,0.13562,0.00383,0.16417,2.03355,0.00510,0.6310,0.2827,0.6102
8,hcp30,2,3,10,0.50,true,0.13887,0.00387,0.19158,2.05903,0.00533,0.6970,0.2347,0.6721
8,hcp30,2,3,10,0.60,true,0.14188,0.00390,0.22320,2.08931,0.00557,0.7704,0.1929,0.7454
8,hcp30,2,3,10,0.70,true,0.14175,0.00390,0.25698,2.12520,0.00577,0.8486,0.1593,0.8244
8,hcp30,2,3,10,0.80,true,0.13800,0.00386,0.29154,2.16580,0.00591,0.9214,0.1270,0.9054
8,hcp30,2,3,10,0.90,true,0.12850,0.00374,0.32948,2.21600,0.00595,1.0040,0.1033,0.9926
8,hcp30,2,3,10,1.00,true,0.12325,0.00368,0.36530,2.26005,0.00602,1.0861,0.0830,1.0818
8,hcp30,2,3,10,1.10,true,0.11550,0.00357,0.40034,2.30608,0.00603,1.1681,0.0670,1.1705
8,hcp30,2,3,10,1.20,true,0.10975,0.00349,0.43243,2.34724,0.00604,1.2470,0.0534,1.2570
8,hcp30,2,3,15,0.00,true,0.05312,0.00251,0.21398,2.16858,0.00405,0.3394,0.5409,0.6940
8,hcp30,2,3,15,0.10,true,0.06125,0.00268,0.22134,2.16815,0.00426,0.6011,0.4786,0.7086
8,hcp30,2,3,15,0.20,true,0.06913,0.00284,0.23370,2.17330,0.00448,0.6875,0.4302,0.7371
8,hcp30,2,3,15,0.30,true,0.07175,0.00289,0.25031,2.18829,0.00462,0.7567,0.3846,0.7739
8,hcp30,2,3,15,0.40,true,0.07450,0.00294,0.27073,2.20732,0.00478,0.8221,0.3381,0.8223
8,hcp30,2,3,15,0.50,true,0.07500,0.00294,0.29205,2.22972,0.00489,0.8820,0.2964,0.8732
8,hcp30,2,3,15,0.60,true,0.07537,0.00295,0.31491,2.25407,0.00501,0.9501,0.2638,0.9307
8,hcp30,2,3,15,0.70,true,0.07300,0.00291,0.33960,2.28333,0.00507,1.0157,0.2311,0.9931
8,hcp30,2,3,15,0.80,true,0.07237,0.00290,0.36635,2.31323,0.00517,1.0893,0.2032,1.0643
8,hcp30,2,3,15,0.90,true,0.07075,0.00287,0.39331,2.34463,0.00523,1.1633,0.1784,1.1384
8,hcp30,2,3,15,1.00,true,0.06825,0.00282,0.42083,2.37779,0.00526,1.2408,0.1574,1.2162
8,hcp30,2,3,15,1.10,true,0.06400,0.00274,0.44805,2.41262,0.00525,1.3183,0.1402,1.2937
8,hcp30,2,3,15,1.20,true,0.06062,0.00267,0.47401,2.44554,0.00523,1.3929,0.1226,1.3732
8,hcp30,2,3,20,0.00,true,0.03325,0.00200,0.31291,2.29457,0.00410,0.4555,0.5376,0.9152
8,hcp30,2,3,20,0.10,true,0.03600,0.00208,0.32084,2.30023,0.00419,0.7558,0.4818,0.9308
8,hcp30,2,3,20,0.20,true,0.03887,0.00216,0.33124,2.30857,0.00430,0.8538,0.4418,0.9557
8,hcp30,2,3,20,0.30,true,0.04025,0.00220,0.34360,2.32066,0.00437,0.9247,0.4056,0.9865
8,hcp30,2,3,20,0.40,true,0.04075,0.00221,0.35889,2.33690,0.00444,0.9927,0.3705,1.0262
8,hcp30,2,3,20,0.50,true,0.04263,0.00226,0.37470,2.35250,0.00454,1.0603,0.3408,1.0708
8,hcp30,2,3,20,0.60,true,0.04312,0.00227,0.39232,2.37160,0.00462,1.1252,0.3110,1.1209
8,hcp30,2,3,20,0.70,true,0.04337,0.00228,0.41002,2.39127,0.00468,1.1864,0.2822,1.1743
8,hcp30,2,3,20,0.80,true,0.04250,0.00226,0.42956,2.41424,0.00472,1.2535,0.2572,1.2332
8,hcp30,2,3,20,0.90,true,0.04050,0.00220,0.44991,2.43943,0.00473,1.3191,0.2328,1.2956
8,hcp30,2,3,20,1.00,true,0.04088,0.00221,0.46997,2.46218,0.00479,1.3871,0.2100,1.3634
8,hcp30,2,3,20,1.10,true,0.03850,0.00215,0.49020,2.48808,0.00477,1.4558,0.1907,1.4307
8,hcp30,2,3,20,1.20,true,0.03700,0.00211,0.51160,2.51468,0.00477,1.5267,0.1704,1.5062
8,hcp30,2,6,10,0.00,true,0.10537,0.00343,0.07915,1.97522,0.00401,0.4093,0.5479,0.4563
8,hcp30,2,6,10,0.10,true,0.11425,0.00356,0.08090,1.96839,0.00415,0.4654,0.4725,0.4759
8,hcp30,2,6,10,0.20,true,0.11850,0.00361,0.08922,1.97297,0.00427,0.5209,0.3911,0.5107
8,hcp30,2,6,10,0.30,true,0.12262,0.00367,0.10309,1.98347,0.00443,0.5872,0.3265,0.5582
8,hcp30,2,6,10,0.40,true,0.12450,0.00369,0.12262,2.00214,0.00460,0.6564,0.2654,0.6189
8,hcp30,2,6,10,0.50,true,0.12437,0.00369,0.14585,2.02677,0.00476,0.7332,0.2224,0.6861
8,hcp30,2,6,10,0.60,true,0.12200,0.00366,0.17305,2.05793,0.00491,0.8081,0.1787,0.7620
8,hcp30,2,6,10,0.70,true,0.11538,0.00357,0.20292,2.09630,0.00500,0.8830,0.1413,0.8420
8,hcp30,2,6,10,0.80,true,0.10737,0.00346,0.23577,2.13940,0.00506,0.9648,0.1115,0.9288
8,hcp30,2,6,10,0.90,true,0.09950,0.00335,0.26833,2.18226,0.00510,1.0467,0.0893,1.0154
8,hcp30,2,6,10,1.00,true,0.08962,0.00319,0.30191,2.22844,0.00507,1.1294,0.0710,1.1036
8,hcp30,2,6,10,1.10,true,0.08225,0.00307,0.33530,2.27219,0.00506,1.2132,0.0543,1.1954
8,hcp30,2,6,10,1.20,true,0.07475,0.00294,0.36996,2.31772,0.00502,1.3056,0.0420,1.2937
8,hcp30,2,6,15,0.00,true,0.05750,0.00260,0.18624,2.13393,0.00390,0.6122,0.5282,0.6861
8,hcp30,2,6,15,0.10,true,0.06000,0.00266,0.18882,2.13455,0.00397,0.6638,0.4763,0.7046
8,hcp30,2,6,15,0.20,true,0.06075,0.00267,0.19545,2.14122,0.00402,0.7173,0.4240,0.7323
8,hcp30,2,6,15,0.30,true,0.06175,0.00269,0.20635,2.15218,0.00411,0.7784,0.3762,0.7712
8,hcp30,2,6,15,0.40,true,0.06112,0.00268,0.22043,2.16819,0.00418,0.8372,0.3299,0.8168
8,hcp30,2,6,15,0.50,true,0.05925,0.00264,0.23748,2.18866,0.00424,0.9021,0.2906,0.8691
8,hcp30,2,6,15,0.60,true,0.05850,0.00262,0.25725,2.21102,0.00433,0.9719,0.2545,0.9298
8,hcp30,2,6,15,0.70,true,0.05650,0.00258,0.27857,2.23639,0.00440,1.0426,0.2238,0.9939
8,hcp30,2,6,15,0.80,true,0.05337,0.00251,0.30150,2.26473,0.00444,1.1121,0.1945,1.0623
8,hcp30,2,6,15,0.90,true,0.04975,0.00243,0.32670,2.29621,0.00446,1.1916,0.1706,1.1382
8,hcp30,2,6,15,1.00,true,0.04600,0.00234,0.35193,2.32801,0.00447,1.2680,0.1486,1.2153
8,hcp30,2,6,15,1.10,true,0.04337,0.00228,0.37644,2.35805,0.00449,1.3412,0.1283,1.2932
8,hcp30,2,6,15,1.20,true,0.04050,0.00220,0.40159,2.38924,0.00449,1.4179,0.1105,1.3751
8,hcp30,2,6,20,0.00,true,0.03087,0.00193,0.29283,2.27336,0.00382,0.8164,0.5203,0.9212
8,hcp30,2,6,20,0.10,true,0.03150,0.00195,0.29540,2.27600,0.00384,0.8672,0.4826,0.9382
8,hcp30,2,6,20,0.20,true,0.03250,0.00198,0.30037,2.28093,0.00389,0.9184,0.4430,0.9630
8,hcp30,2,6,20,0.30,true,0.03313,0.00200,0.30789,2.28902,0.00394,0.9707,0.4041,0.9948
8,hcp30,2,6,20,0.40,true,0.03213,0.00197,0.31775,2.30130,0.00396,1.0277,0.3695,1.0320
8,hcp30,2,6,20,0.50,true,0.03037,0.00192,0.32947,2.31645,0.00397,1.0876,0.3371,1.0747
8,hcp30,2,6,20,0.60,true,0.02950,0.00189,0.34258,2.33231,0.00401,1.1513,0.3087,1.1226
8,hcp30,2,6,20,0.70,true,0.02900,0.00188,0.35790,2.35030,0.00406,1.2190,0.2808,1.1785
8,hcp30,2,6,20,0.80,true,0.02800,0.00184,0.37416,2.36991,0.00410,1.2860,0.2555,1.2372
8,hcp30,2,6,20,0.90,true,0.02575,0.00177,0.39085,2.39135,0.00410,1.3434,0.2284,1.2965
8,hcp30,2,6,20,1.00,true,0.02513,0.00175,0.40957,2.41355,0.00414,1.4163,0.2059,1.3660
8,hcp30,2,6,20,1.10,true,0.02375,0.00170,0.42803,2.43636,0.00415,1.4815,0.1831,1.4351
8,hcp30,2,6,20,1.20,true,0.02250,0.00166,0.44702,2.45982,0.00417,1.5538,0.1638,1.5089
8,hcp30,3,12,10,0.00,true,0.19512,0.00443,0.05497,1.86096,0.00489,0.4070,0.6094,0.4257
8,hcp30,3,12,10,0.10,true,0.21600,0.00460,0.06616,1.85139,0.00519,0.4546,0.5261,0.4394
8,hcp30,3,12,10,0.20,true,0.23600,0.00475,0.08296,1.84845,0.00552,0.5139,0.4449,0.4714
8,hcp30,3,12,10,0.30,true,0.25000,0.00484,0.10395,1.85585,0.00584,0.5797,0.3758,0.5160
8,hcp30,3,12,10,0.40,true,0.25850,0.00489,0.12880,1.87277,0.00613,0.6460,0.3104,0.5718
8,hcp30,3,12,10,0.50,true,0.26500,0.00493,0.15634,1.89456,0.00642,0.7178,0.2560,0.6377
8,hcp30,3,12,10,0.60,true,0.26850,0.00495,0.18657,1.92225,0.00671,0.7926,0.2069,0.7131
8,hcp30,3,12,10,0.70,true,0.26863,0.00496,0.21845,1.95515,0.00696,0.8724,0.1683,0.7942
8,hcp30,3,12,10,0.80,true,0.26538,0.00494,0.25109,1.99241,0.00718,0.9523,0.1361,0.8788
8,hcp30,3,12,10,0.90,true,0.26275,0.00492,0.28412,2.02970,0.00739,1.0348,0.1063,0.9708
8,hcp30,3,12,10,1.00,true,0.26025,0.00491,0.31613,2.06603,0.00758,1.1178,0.0813,1.0650
8,hcp30,3,12,10,1.10,true,0.25738,0.00489,0.34698,2.10184,0.00775,1.2067,0.0640,1.1614
8,hcp30,3,12,10,1.20,true,0.25312,0.00486,0.37710,2.13859,0.00789,1.2989,0.0512,1.2594
8,hcp30,3,12,15,0.00,true,0.11313,0.00354,0.14539,2.03659,0.00468,0.6142,0.5522,0.6395
8,hcp30,3,12,15,0.10,true,0.12125,0.00365,0.15754,2.04086,0.00490,0.6661,0.5027,0.6557
8,hcp30,3,12,15,0.20,true,0.12762,0.00373,0.17370,2.05109,0.00512,0.7184,0.4483,0.6818
8,hcp30,3,12,15,0.30,true,0.13425,0.00381,0.19374,2.06521,0.00537,0.7781,0.3950,0.7205
8,hcp30,3,12,15,0.40,true,0.13775,0.00385,0.21369,2.08249,0.00557,0.8374,0.3547,0.7613
8,hcp30,3,12,15,0.50,true,0.14075,0.00389,0.23791,2.10483,0.00578,0.9036,0.3126,0.8148
8,hcp30,3,12,15,0.60,true,0.14263,0.00391,0.26294,2.12930,0.00597,0.9699,0.2745,0.8734
8,hcp30,3,12,15,0.70,true,0.14425,0.00393,0.28905,2.15538,0.00616,1.0380,0.2388,0.9390
8,hcp30,3,12,15,0.80,true,0.14400,0.00393,0.31609,2.18447,0.00631,1.1072,0.2065,1.0091
8,hcp30,3,12,15,0.90,true,0.14138,0.00390,0.34373,2.21684,0.00642,1.1822,0.1802,1.0833
8,hcp30,3,12,15,1.00,true,0.13837,0.00386,0.37205,2.25050,0.00652,1.2610,0.1573,1.1627
8,hcp30,3,12,15,1.10,true,0.13837,0.00386,0.39886,2.27985,0.00665,1.3399,0.1356,1.2464
8,hcp30,3,12,15,1.20,true,0.13450,0.00381,0.42702,2.31480,0.00671,1.4243,0.1184,1.3334
8,hcp30,3,12,20,0.00,true,0.07913,0.00302,0.23611,2.16679,0.00472,0.8084,0.5375,0.8570
8,hcp30,3,12,20,0.10,true,0.08263,0.00308,0.24763,2.17520,0.00487,0.8627,0.4971,0.8739
8,hcp30,3,12,20,0.20,true,0.08563,0.00313,0.26077,2.18596,0.00502,0.9231,0.4619,0.8965
8,hcp30,3,12,20,0.30,true,0.08862,0.00318,0.27621,2.19925,0.00518,0.9795,0.4235,0.9275
8,hcp30,3,12,20,0.40,true,0.09200,0.00323,0.29250,2.21323,0.00535,1.0352,0.3875,0.9649
8,hcp30,3,12,20,0.50,true,0.09325,0.00325,0.31084,2.23167,0.00549,1.0967,0.3540,1.0089
8,hcp30,3,12,20,0.60,true,0.09513,0.00328,0.33012,2.25067,0.00564,1.1604,0.3221,1.0596
8,hcp30,3,12,20,0.70,true,0.09513,0.00328,0.35033,2.27267,0.00575,1.2228,0.2919,1.1135
8,hcp30,3,12,20,0.80,true,0.09475,0.00327,0.37130,2.29607,0.00585,1.2878,0.2637,1.1731
8,hcp30,3,12,20,0.90,true,0.09287,0.00325,0.39350,2.32252,0.00593,1.3568,0.2378,1.2383
8,hcp30,3,12,20,1.00,true,0.09325,0.00325,0.41491,2.34610,0.00603,1.4227,0.2112,1.3080
8,hcp30,3,12,20,1.10,true,0.09162,0.00323,0.43648,2.37203,0.00609,1.4945,0.1909,1.3786
8,hcp30,3,12,20,1.20,true,0.09050,0.00321,0.45855,2.39821,0.00615,1.5663,0.1703,1.4544
8,hcp30,3,3,10,0.00,true,0.06900,0.00283,0.13380,2.06855,0.00384,0.1724,0.5371,0.4733
8,hcp30,3,3,10,0.10,true,0.09087,0.00321,0.13964,2.05280,0.00426,0.3533,0.4367,0.4919
8,hcp30,3,3,10,0.20,true,0.10837,0.00348,0.15196,2.04820,0.00461,0.4574,0.3773,0.5261
8,hcp30,3,3,10,0.30,true,0.11513,0.00357,0.17139,2.06180,0.00484,0.5364,0.3234,0.5718
8,hcp30,3,3,10,0.40,true,0.12112,0.00365,0.19715,2.08284,0.00508,0.6087,0.2786,0.6280
8,hcp30,3,3,10,0.50,true,0.12000,0.00363,0.22936,2.11795,0.00525,0.6763,0.2301,0.6940
8,hcp30,3,3,10,0.60,true,0.12412,0.00369,0.26102,2.14747,0.00549,0.7460,0.1958,0.7631
8,hcp30,3,3,10,0.70,true,0.12000,0.00363,0.29434,2.18719,0.00560,0.8063,0.1591,0.8322
8,hcp30,3,3,10,0.80,true,0.12025,0.00364,0.32746,2.22266,0.00577,0.8738,0.1311,0.9075
8,hcp30,3,3,10,0.90,true,0.11550,0.00357,0.36385,2.26701,0.00585,0.9499,0.1088,0.9902
8,hcp30,3,3,10,1.00,true,0.11288,0.00354,0.39869,2.30795,0.00595,1.0290,0.0914,1.0755
8,hcp30,3,3,10,1.10,true,0.10975,0.00349,0.43254,2.34869,0.00601,1.1057,0.0746,1.1622
8,hcp30,3,3,10,1.20,true,0.10587,0.00344,0.46495,2.38912,0.00605,1.1844,0.0610,1.2505
8,hcp30,3,3,15,0.00,true,0.04150,0.00223,0.25279,2.22170,0.00404,0.2367,0.5316,0.6944
8,hcp30,3,3,15,0.10,true,0.04462,0.00231,0.25970,2.22582,0.00412,0.4583,0.4608,0.7068
8,hcp30,3,3,15,0.20,true,0.05488,0.00255,0.26987,2.22640,0.00438,0.5747,0.4105,0.7331
8,hcp30,3,3,15,0.30,true,0.06300,0.00272,0.28479,2.23418,0.00460,0.6664,0.3730,0.7696
8,hcp30,3,3,15,0.40,true,0.06725,0.00280,0.30489,2.25144,0.00476,0.7392,0.3278,0.8160
8,hcp30,3,3,15,0.50,true,0.06925,0.00284,0.32767,2.27394,0.00488,0.8117,0.2933,0.8689
8,hcp30,3,3,15,0.60,true,0.07162,0.00288,0.35000,2.29587,0.00501,0.8765,0.2623,0.9241
8,hcp30,3,3,15,0.70,true,0.07112,0.00287,0.37620,2.32500,0.00509,0.9451,0.2323,0.9873
8,hcp30,3,3,15,0.80,true,0.07225,0.00289,0.40235,2.35281,0.00520,1.0162,0.2064,1.0561
8,hcp30,3,3,15,0.90,true,0.06938,0.00284,0.42931,2.38576,0.00522,1.0837,0.1823,1.1257
8,hcp30,3,3,15,1.00,true,0.06838,0.00282,0.45535,2.41617,0.00527,1.1559,0.1638,1.1984
8,hcp30,3,3,15,1.10,true,0.06475,0.00275,0.48197,2.45022,0.00525,1.2268,0.1450,1.2739
8,hcp30,3,3,15,1.20,true,0.06325,0.00272,0.50745,2.48121,0.00527,1.2983,0.1280,1.3523
8,hcp30,3,3,20,0.00,true,0.02575,0.00177,0.36780,2.36324,0.00417,0.3506,0.5282,0.9469
8,hcp30,3,3,20,0.10,true,0.03087,0.00193,0.37235,2.36298,0.00430,0.5910,0.4770,0.9573
8,hcp30,3,3,20,0.20,true,0.03213,0.00197,0.38317,2.37340,0.00434,0.7342,0.4343,0.9808
8,hcp30,3,3,20,0.30,true,0.03463,0.00204,0.39619,2.38510,0.00442,0.8367,0.3962,1.0135
8,hcp30,3,3,20,0.40,true,0.03525,0.00206,0.41040,2.40020,0.00447,0.9220,0.3649,1.0503
8,hcp30,3,3,20,0.50,true,0.03913,0.00217,0.42508,2.41274,0.00459,1.0008,0.3399,1.0939
8,hcp30,3,3,20,0.60,true,0.04125,0.00222,0.44270,2.43046,0.00468,1.0723,0.3100,1.1462
8,hcp30,3,3,20,0.70,true,0.04050,0.00220,0.46169,2.45273,0.00470,1.1384,0.2826,1.2005
8,hcp30,3,3,20,0.80,true,0.04063,0.00221,0.48046,2.47417,0.00474,1.2079,0.2603,1.2586
8,hcp30,3,3,20,0.90,true,0.04125,0.00222,0.49845,2.49451,0.00479,1.2675,0.2364,1.3185
8,hcp30,3,3,20,1.00,true,0.04213,0.00225,0.51805,2.51671,0.00484,1.3362,0.2152,1.3866
8,hcp30,3,3,20,1.10,true,0.04200,0.00224,0.53692,2.53942,0.00487,1.4024,0.1951,1.4548
8,hcp30,3,3,20,1.20,true,0.04038,0.00220,0.55630,2.56434,0.00484,1.4726,0.1803,1.5238
8,hcp30,3,6,10,0.00,true,0.09950,0.00335,0.08583,1.98801,0.00397,0.4166,0.5404,0.4626
8,hcp30,3,6,10,0.10,true,0.10700,0.00346,0.08605,1.98103,0.00407,0.4657,0.4593,0.4834
8,hcp30,3,6,10,0.20,true,0.11188,0.00352,0.09215,1.98277,0.00418,0.5285,0.3892,0.5185
8,hcp30,3,6,10,0.30,true,0.11475,0.00356,0.10407,1.99258,0.00430,0.5928,0.3219,0.5675
8,hcp30,3,6,10,0.40,true,0.11038,0.00350,0.12148,2.01545,0.00436,0.6645,0.2646,0.6277
8,hcp30,3,6,10,0.50,true,0.10900,0.00348,0.14158,2.03819,0.00447,0.7321,0.2142,0.6937
8,hcp30,3,6,10,0.60,true,0.10387,0.00341,0.16666,2.07005,0.00455,0.8080,0.1692,0.7715
8,hcp30,3,6,10,0.70,true,0.09775,0.00332,0.19381,2.10524,0.00460,0.8885,0.1360,0.8535
8,hcp30,3,6,10,0.80,true,0.09150,0.00322,0.22370,2.14367,0.00466,0.9737,0.1081,0.9424
8,hcp30,3,6,10,0.90,true,0.08438,0.00311,0.25326,2.18282,0.00467,1.0560,0.0872,1.0287
8,hcp30,3,6,10,1.00,true,0.07500,0.00294,0.28410,2.22581,0.00462,1.1422,0.0724,1.1168
8,hcp30,3,6,10,1.10,true,0.06688,0.00279,0.31587,2.26880,0.00457,1.2295,0.0579,1.2093
8,hcp30,3,6,10,1.20,true,0.06062,0.00267,0.34498,2.30728,0.00452,1.3129,0.0476,1.2967
8,hcp30,3,6,15,0.00,true,0.05150,0.00247,0.19825,2.15274,0.00380,0.6276,0.5134,0.6984
8,hcp30,3,6,15,0.10,true,0.05212,0.00249,0.20001,2.15447,0.00381,0.6830,0.4672,0.7183
8,hcp30,3,6,15,0.20,true,0.05262,0.00250,0.20569,2.16053,0.00385,0.7384,0.4167,0.7484
8,hcp30,3,6,15,0.30,true,0.05100,0.00246,0.21552,2.17316,0.00386,0.7975,0.3679,0.7881
8,hcp30,3,6,15,0.40,true,0.05013,0.00244,0.22808,2.18800,0.00391,0.8594,0.3252,0.8346
8,hcp30,3,6,15,0.50,true,0.04713,0.00237,0.24376,2.20841,0.00392,0.9190,0.2807,0.8887
8,hcp30,3,6,15,0.60,true,0.04500,0.00232,0.26069,2.22934,0.00396,0.9801,0.2440,0.9461
8,hcp30,3,6,15,0.70,true,0.04387,0.00229,0.28074,2.25279,0.00403,1.0542,0.2131,1.0138
8,hcp30,3,6,15,0.80,true,0.04100,0.00222,0.30278,2.28026,0.00405,1.1298,0.1847,1.0869
8,hcp30,3,6,15,0.90,true,0.03913,0.00217,0.32339,2.30525,0.00409,1.2005,0.1626,1.1565
8,hcp30,3,6,15,1.00,true,0.03737,0.00212,0.34639,2.33297,0.00413,1.2798,0.1422,1.2354
8,hcp30,3,6,15,1.10,true,0.03537,0.00207,0.36889,2.36046,0.00415,1.3520,0.1217,1.3137
8,hcp30,3,6,15,1.20,true,0.03250,0.00198,0.39415,2.39214,0.00414,1.4351,0.1026,1.4030
8,hcp30,3,6,20,0.00,true,0.02587,0.00178,0.31177,2.29918,0.00372,0.8220,0.5116,0.9346
8,hcp30,3,6,20,0.10,true,0.02788,0.00184,0.31344,2.29967,0.00377,0.8685,0.4688,0.9543
8,hcp30,3,6,20,0.20,true,0.02825,0.00185,0.31795,2.30486,0.00379,0.9244,0.4313,0.9808
8,hcp30,3,6,20,0.30,true,0.02750,0.00183,0.32455,2.31353,0.00379,0.9814,0.3954,1.0134
8,hcp30,3,6,20,0.40,true,0.02863,0.00186,0.33287,2.32228,0.00385,1.0369,0.3588,1.0536
8,hcp30,3,6,20,0.50,true,0.02738,0.00182,0.34334,2.33579,0.00385,1.0987,0.3275,1.0984
8,hcp30,3,6,20,0.60,true,0.02850,0.00186,0.35483,2.34818,0.00393,1.1660,0.3001,1.1495
8,hcp30,3,6,20,0.70,true,0.02687,0.00181,0.36803,2.36524,0.00394,1.2325,0.2741,1.2036
8,hcp30,3,6,20,0.80,true,0.02562,0.00177,0.38251,2.38342,0.00395,1.3023,0.2509,1.2627
8,hcp30,3,6,20,0.90,true,0.02375,0.00170,0.39889,2.40454,0.00395,1.3723,0.2251,1.3293
8,hcp30,3,6,20,1.00,true,0.02225,0.00165,0.41494,2.42498,0.00395,1.4409,0.2037,1.3954
8,hcp30,3,6,20,1.10,true,0.02113,0.00161,0.43151,2.44577,0.00397,1.5062,0.1809,1.4655
8,hcp30,3,6,20,1.20,true,0.02063,0.00159,0.44752,2.46539,0.00399,1.5721,0.1620,1.5354
10,hcp30,0,12,10,0.00,true,0.12375,0.00368,0.06946,1.94689,0.00420,0.4184,0.5752,0.4491
10,hcp30,0,12,10,0.10,true,0.14125,0.00389,0.07525,1.93535,0.00447,0.4711,0.4978,0.4665
10,hcp30,0,12,10,0.20,true,0.15013,0.00399,0.08725,1.93881,0.00468,0.5239,0.4190,0.4971
10,hcp30,0,12,10,0.30,true,0.15750,0.00407,0.10415,1.94886,0.00491,0.5868,0.3530,0.5408
10,hcp30,0,12,10,0.40,true,0.16275,0.00413,0.12517,1.96533,0.00515,0.6481,0.2871,0.5965
10,hcp30,0,12,10,0.50,true,0.16587,0.00416,0.14974,1.98769,0.00537,0.7169,0.2341,0.6615
10,hcp30,0,12,10,0.60,true,0.16737,0.00417,0.17775,2.01533,0.00559,0.7922,0.1898,0.7361
10,hcp30,0,12,10,0.70,true,0.16825,0.00418,0.20707,2.04512,0.00581,0.8647,0.1486,0.8159
10,hcp30,0,12,10,0.80,true,0.16600,0.00416,0.23852,2.08042,0.00598,0.9478,0.1208,0.9010
10,hcp30,0,12,10,0.90,true,0.16312,0.00413,0.27053,2.11714,0.00613,1.0278,0.0944,0.9889
10,hcp30,0,12,10,1.00,true,0.15800,0.00408,0.30422,2.15813,0.00625,1.1162,0.0757,1.0820
10,hcp30,0,12,10,1.10,true,0.15050,0.00400,0.33831,2.20219,0.00631,1.2045,0.0597,1.1764
10,hcp30,0,12,10,1.20,true,0.14438,0.00393,0.37167,2.24439,0.00637,1.2958,0.0469,1.2738
10,hcp30,0,12,15,0.00,true,0.07050,0.00286,0.16564,2.09947,0.00407,0.6107,0.5410,0.6727
10,hcp30,0,12,15,0.10,true,0.07737,0.00299,0.17196,2.09924,0.00425,0.6625,0.4856,0.6918
10,hcp30,0,12,15,0.20,true,0.07913,0.00302,0.18259,2.10867,0.00435,0.7166,0.4337,0.7182
10,hcp30,0,12,15,0.30,true,0.08275,0.00308,0.19660,2.11980,0.00452,0.7798,0.3896,0.7546
10,hcp30,0,12,15,0.40,true,0.08725,0.00316,0.21348,2.13316,0.00471,0.8387,0.3425,0.8004
10,hcp30,0,12,15,0.50,true,0.08850,0.00318,0.23331,2.15294,0.00486,0.9028,0.3013,0.8527
10,hcp30,0,12,15,0.60,true,0.08862,0.00318,0.25514,2.17608,0.00499,0.9680,0.2636,0.9107
10,hcp30,0,12,15,0.70,true,0.08800,0.00317,0.27866,2.20189,0.00511,1.0384,0.2314,0.9751
10,hcp30,0,12,15,0.80,true,0.08925,0.00319,0.30367,2.22757,0.00526,1.1131,0.2015,1.0477
10,hcp30,0,12,15,0.90,true,0.08700,0.00315,0.32981,2.25813,0.00535,1.1841,0.1725,1.1226
10,hcp30,0,12,15,1.00,true,0.08513,0.00312,0.35652,2.28914,0.00543,1.2669,0.1528,1.2020
10,hcp30,0,12,15,1.10,true,0.08250,0.00308,0.38312,2.32100,0.00548,1.3431,0.1312,1.2833
10,hcp30,0,12,15,1.20,true,0.07925,0.00302,0.40994,2.35393,0.00551,1.4227,0.1132,1.3673
10,hcp30,0,12,20,0.00,true,0.05000,0.00244,0.26075,2.21993,0.00419,0.7908,0.5159,0.8977
10,hcp30,0,12,20,0.10,true,0.05100,0.00246,0.26736,2.22600,0.00424,0.8468,0.4772,0.9159
10,hcp30,0,12,20,0.20,true,0.05250,0.00249,0.27635,2.23419,0.00433,0.9040,0.4398,0.9417
10,hcp30,0,12,20,0.30,true,0.05287,0.00250,0.28770,2.24607,0.00440,0.9574,0.4011,0.9736
10,hcp30,0,12,20,0.40,true,0.05475,0.00254,0.30065,2.25827,0.00451,1.0239,0.3713,1.0123
10,hcp30,0,12,20,0.50,true,0.05475,0.00254,0.31616,2.27518,0.00459,1.0835,0.3366,1.0579
10,hcp30,0,12,20,0.60,true,0.05400,0.00253,0.33300,2.29437,0.00466,1.1446,0.3048,1.1074
10,hcp30,0,12,20,0.70,true,0.05287,0.00250,0.35119,2.31552,0.00473,1.2118,0.2776,1.1623
10,hcp30,0,12,20,0.80,true,0.05212,0.00249,0.36998,2.33712,0.00480,1.2806,0.2525,1.2216
10,hcp30,0,12,20,0.90,true,0.05063,0.00245,0.39004,2.36099,0.00485,1.3526,0.2296,1.2859
10,hcp30,0,12,20,1.00,true,0.04938,0.00242,0.41049,2.38521,0.00490,1.4229,0.2067,1.3543
10,hcp30,0,12,20,1.10,true,0.04850,0.00240,0.43097,2.40929,0.00495,1.4942,0.1855,1.4259
10,hcp30,0,12,20,1.20,true,0.04550,0.00233,0.45218,2.43645,0.00494,1.5707,0.1685,1.4993
10,hcp30,1,12,10,0.00,true,0.14975,0.00399,0.06450,1.91586,0.00449,0.4121,0.5770,0.4406
10,hcp30,1,12,10,0.10,true,0.16687,0.00417,0.07302,1.90738,0.00476,0.4618,0.4927,0.4587
10,hcp30,1,12,10,0.20,true,0.17800,0.00428,0.08712,1.91062,0.00501,0.5221,0.4199,0.4901
10,hcp30,1,12,10,0.30,true,0.18987,0.00438,0.10555,1.91760,0.00529,0.5822,0.3493,0.5353
10,hcp30,1,12,10,0.40,true,0.19625,0.00444,0.12924,1.93551,0.00555,0.6518,0.2893,0.5927
10,hcp30,1,12,10,0.50,true,0.19812,0.00446,0.15614,1.96134,0.00578,0.7217,0.2354,0.6590
10,hcp30,1,12,10,0.60,true,0.19925,0.00447,0.18467,1.98970,0.00601,0.7917,0.1901,0.7308
10,hcp30,1,12,10,0.70,true,0.19850,0.00446,0.21580,2.02278,0.00622,0.8692,0.1532,0.8110
10,hcp30,1,12,10,0.80,true,0.19712,0.00445,0.24840,2.05820,0.00642,0.9507,0.1221,0.8978
10,hcp30,1,12,10,0.90,true,0.19262,0.00441,0.28041,2.09634,0.00657,1.0309,0.0975,0.9841
10,hcp30,1,12,10,1.00,true,0.18738,0.00436,0.31378,2.13690,0.00670,1.1190,0.0792,1.0764
10,hcp30,1,12,10,1.10,true,0.18338,0.00433,0.34733,2.17666,0.00683,1.2082,0.0609,1.1743
10,hcp30,1,12,10,1.20,true,0.17950,0.00429,0.37960,2.21526,0.00694,1.3009,0.0475,1.2738
10,hcp30,1,12,15,0.00,true,0.08475,0.00311,0.15691,2.07627,0.00428,0.6227,0.5494,0.6590
10,hcp30,1,12,15,0.10,true,0.09125,0.00322,0.16521,2.07830,0.00446,0.6680,0.4931,0.6752
10,hcp30,1,12,15,0.20,true,0.09538,0.00328,0.17769,2.08710,0.00463,0.7237,0.4427,0.7012
10,hcp30,1,12,15,0.30,true,0.10038,0.00336,0.19319,2.09825,0.00483,0.7776,0.3922,0.7369
10,hcp30,1,12,15,0.40,true,0.10337,0.00340,0.21224,2.11519,0.00501,0.8401,0.3463,0.7824
10,hcp30,1,12,15,0.50,true,0.10600,0.00344,0.23279,2.13417,0.00519,0.9020,0.3045,0.8341
10,hcp30,1,12,15,0.60,true,0.10637,0.00345,0.25610,2.15843,0.00534,0.9664,0.2649,0.8928
10,hcp30,1,12,15,0.70,true,0.10825,0.00347,0.28110,2.18312,0.00552,1.0385,0.2300,0.9609
10,hcp30,1,12,15,0.80,true,0.10775,0.00347,0.30674,2.21101,0.00565,1.1084,0.1988,1.0314
10,hcp30,1,12,15,0.90,true,0.10737,0.00346,0.33269,2.23928,0.00577,1.1802,0.1714,1.1057
10,hcp30,1,12,15,1.00,true,0.10575,0.00344,0.36020,2.27066,0.00587,1.2609,0.1494,1.1864
10,hcp30,1,12,15,1.10,true,0.10212,0.00339,0.38875,2.30544,0.00592,1.3445,0.1293,1.2718
10,hcp30,1,12,15,1.20,true,0.09738,0.00331,0.41577,2.33989,0.00594,1.4269,0.1149,1.3539
10,hcp30,1,12,20,0.00,true,0.04963,0.00243,0.25080,2.21022,0.00418,0.8040,0.5260,0.8776
10,hcp30,1,12,20,0.10,true,0.05375,0.00252,0.25882,2.21449,0.00432,0.8508,0.4831,0.8958
10,hcp30,1,12,20,0.20,true,0.05500,0.00255,0.26992,2.22495,0.00441,0.9051,0.4435,0.9207
10,hcp30,1,12,20,0.30,true,0.05663,0.00258,0.28272,2.23692,0.00452,0.9636,0.4084,0.9519
10,hcp30,1,12,20,0.40,true,0.05950,0.00264,0.29724,2.24958,0.00467,1.0204,0.3716,0.9912
10,hcp30,1,12,20,0.50,true,0.06062,0.00267,0.31404,2.26655,0.00479,1.0754,0.3333,1.0372
10,hcp30,1,12,20,0.60,true,0.06100,0.00268,0.33165,2.28523,0.00489,1.1418,0.3059,1.0865
10,hcp30,1,12,20,0.70,true,0.06087,0.00267,0.35133,2.30678,0.00498,1.2095,0.2770,1.1434
10,hcp30,1,12,20,0.80,true,0.06075,0.00267,0.37160,2.32914,0.00507,1.2789,0.2511,1.2045
10,hcp30,1,12,20,0.90,true,0.05975,0.00265,0.39177,2.35239,0.00513,1.3464,0.2280,1.2665
10,hcp30,1,12,20,1.00,true,0.05925,0.00264,0.41392,2.37749,0.00520,1.4210,0.2052,1.3376
10,hcp30,1,12,20,1.10,true,0.06025,0.00266,0.43506,2.40021,0.00529,1.4983,0.1861,1.4111
10,hcp30,1,12,20,1.20,true,0.05912,0.00264,0.45638,2.42546,0.00534,1.5731,0.1678,1.4860
10,hcp30,1,3,10,0.00,true,0.10825,0.00347,0.07982,1.97318,0.00406,0.3328,0.5540,0.4559
10,hcp30,1,3,10,0.10,true,0.12925,0.00375,0.08645,1.95901,0.00441,0.4520,0.4767,0.4740
10,hcp30,1,3,10,0.20,true,0.14313,0.00392,0.09918,1.95827,0.00469,0.5150,0.4070,0.5063
10,hcp30,1,3,10,0.30,true,0.14963,0.00399,0.11920,1.97248,0.00494,0.5834,0.3374,0.5548
10,hcp30,1,3,10,0.40,true,0.15588,0.00406,0.14082,1.98864,0.00518,0.6484,0.2854,0.6086
10,hcp30,1,3,10,0.50,true,0.15762,0.00407,0.16776,2.01492,0.00540,0.7166,0.2325,0.6740
10,hcp30,1,3,10,0.60,true,0.15987,0.00410,0.19713,2.04332,0.00563,0.7863,0.1864,0.7472
10,hcp30,1,3,10,0.70,true,0.15775,0.00408,0.22889,2.07875,0.00581,0.8647,0.1533,0.8256
10,hcp30,1,3,10,0.80,true,0.15687,0.00407,0.26046,2.11295,0.00599,0.9441,0.1265,0.9070
10,hcp30,1,3,10,0.90,true,0.15300,0.00402,0.29247,2.15078,0.00611,1.0181,0.0995,0.9902
10,hcp30,1,3,10,1.00,true,0.15000,0.00399,0.32777,2.19150,0.00625,1.1070,0.0778,1.0865
10,hcp30,1,3,10,1.10,true,0.14338,0.00392,0.36166,2.23464,0.00632,1.1979,0.0645,1.1799
10,hcp30,1,3,10,1.20,true,0.13450,0.00381,0.39606,2.28083,0.00632,1.2881,0.0526,1.2747
10,hcp30,1,3,15,0.00,true,0.06800,0.00281,0.17898,2.11602,0.00410,0.4875,0.5389,0.6757
10,hcp30,1,3,15,0.10,true,0.06825,0.00282,0.18572,2.12280,0.00414,0.6247,0.4838,0.6885
10,hcp30,1,3,15,0.20,true,0.07087,0.00287,0.19817,2.13322,0.00427,0.6957,0.4359,0.7167
10,hcp30,1,3,15,0.30,true,0.07487,0.00294,0.21331,2.14515,0.00444,0.7587,0.3894,0.7527
10,hcp30,1,3,15,0.40,true,0.07787,0.00300,0.23101,2.16086,0.00461,0.8208,0.3466,0.7960
10,hcp30,1,3,15,0.50,true,0.08038,0.00304,0.25164,2.18026,0.00478,0.8876,0.3075,0.8482
10,hcp30,1,3,15,0.60,true,0.08213,0.00307,0.27315,2.20150,0.00493,0.9519,0.2714,0.9042
10,hcp30,1,3,15,0.70,true,0.08163,0.00306,0.29736,2.22795,0.00505,1.0192,0.2371,0.9679
10,hcp30,1,3,15,0.80,true,0.08213,0.00307,0.32170,2.25374,0.00518,1.0883,0.2070,1.0357
10,hcp30,1,3,15,0.90,true,0.08063,0.00304,0.34688,2.28260,0.00527,1.1618,0.1829,1.1067
10,hcp30,1,3,15,1.00,true,0.08100,0.00305,0.37427,2.31221,0.00539,1.2448,0.1598,1.1893
10,hcp30,1,3,15,1.10,true,0.07825,0.00300,0.40040,2.34375,0.00544,1.3185,0.1390,1.2677
10,hcp30,1,3,15,1.20,true,0.07412,0.00293,0.42738,2.37784,0.00544,1.3955,0.1200,1.3502
10,hcp30,1,3,20,0.00,true,0.04275,0.00226,0.28148,2.24989,0.00417,0.6415,0.5179,0.9150
10,hcp30,1,3,20,0.10,true,0.04375,0.00229,0.28854,2.25639,0.00422,0.8266,0.4763,0.9308
10,hcp30,1,3,20,0.20,true,0.04487,0.00231,0.29881,2.26630,0.00429,0.8952,0.4362,0.9574
10,hcp30,1,3,20,0.30,true,0.04888,0.00241,0.31032,2.27476,0.00444,0.9569,0.3995,0.9912
10,hcp30,1,3,20,0.40,true,0.05212,0.00249,0.32437,2.28677,0.00457,1.0217,0.3663,1.0321
10,hcp30,1,3,20,0.50,true,0.05225,0.00249,0.34036,2.30411,0.00464,1.0890,0.3371,1.0772
10,hcp30,1,3,20,0.60,true,0.05150,0.00247,0.35835,2.32457,0.00470,1.1535,0.3063,1.1288
10,hcp30,1,3,20,0.70,true,0.04875,0.00241,0.37708,2.34800,0.00471,1.2198,0.2798,1.1827
10,hcp30,1,3,20,0.80,true,0.04888,0.00241,0.39623,2.36919,0.00479,1.2881,0.2546,1.2431
10,hcp30,1,3,20,0.90,true,0.04713,0.00237,0.41630,2.39341,0.00481,1.3585,0.2321,1.3066
10,hcp30,1,3,20,1.00,true,0.04487,0.00231,0.43714,2.41916,0.00483,1.4262,0.2087,1.3742
10,hcp30,1,3,20,1.10,true,0.04462,0.00231,0.45785,2.44297,0.00488,1.5012,0.1893,1.4470
10,hcp30,1,3,20,1.20,true,0.04375,0.00229,0.47794,2.46695,0.00491,1.5768,0.1727,1.5205
10,hcp30,1,6,10,0.00,true,0.11438,0.00356,0.07469,1.96155,0.00411,0.4149,0.5462,0.4590
10,hcp30,1,6,10,0.10,true,0.12412,0.00369,0.07863,1.95597,0.00427,0.4669,0.4674,0.4783
10,hcp30,1,6,10,0.20,true,0.13575,0.00383,0.08833,1.95445,0.00450,0.5273,0.3947,0.5140
10,hcp30,1,6,10,0.30,true,0.14500,0.00394,0.10293,1.96040,0.00474,0.5931,0.3326,0.5612
10,hcp30,1,6,10,0.40,true,0.14775,0.00397,0.12291,1.97847,0.00493,0.6589,0.2712,0.6201
10,hcp30,1,6,10,0.50,true,0.14800,0.00397,0.14642,2.00278,0.00511,0.7301,0.2215,0.6867
10,hcp30,1,6,10,0.60,true,0.14500,0.00394,0.17385,2.03455,0.00526,0.8056,0.1794,0.7616
10,hcp30,1,6,10,0.70,true,0.14225,0.00391,0.20339,2.06844,0.00542,0.8821,0.1428,0.8421
10,hcp30,1,6,10,0.80,true,0.13837,0.00386,0.23581,2.10665,0.00556,0.9700,0.1166,0.9305
10,hcp30,1,6,10,0.90,true,0.13237,0.00379,0.26855,2.14754,0.00566,1.0549,0.0948,1.0190
10,hcp30,1,6,10,1.00,true,0.12512,0.00370,0.30428,2.19307,0.00573,1.1478,0.0760,1.1164
10,hcp30,1,6,10,1.10,true,0.11775,0.00360,0.33706,2.23581,0.00575,1.2329,0.0612,1.2072
10,hcp30,1,6,10,1.20,true,0.11013,0.00350,0.37284,2.28237,0.00576,1.3294,0.0480,1.3098
10,hcp30,1,6,15,0.00,true,0.06613,0.00278,0.17283,2.11102,0.00400,0.6153,0.5280,0.6818
10,hcp30,1,6,15,0.10,true,0.07275,0.00290,0.17729,2.10929,0.00415,0.6655,0.4713,0.7030
10,hcp30,1,6,15,0.20,true,0.07687,0.00298,0.18549,2.11402,0.00428,0.7236,0.4229,0.7321
10,hcp30,1,6,15,0.30,true,0.07825,0.00300,0.19814,2.12619,0.00439,0.7855,0.3765,0.7706
10,hcp30,1,6,15,0.40,true,0.07750,0.00299,0.21373,2.14365,0.00448,0.8490,0.3350,0.8153
10,hcp30,1,6,15,0.50,true,0.07650,0.00297,0.23228,2.16457,0.00458,0.9139,0.2953,0.8680
10,hcp30,1,6,15,0.60,true,0.07637,0.00297,0.25302,2.18705,0.00470,0.9816,0.2585,0.9285
10,hcp30,1,6,15,0.70,true,0.07400,0.00293,0.27546,2.21368,0.00478,1.0495,0.2260,0.9924
10,hcp30,1,6,15,0.80,true,0.07212,0.00289,0.29973,2.24194,0.00487,1.1224,0.1967,1.0636
10,hcp30,1,6,15,0.90,true,0.06950,0.00284,0.32425,2.27134,0.00493,1.1941,0.1705,1.1368
10,hcp30,1,6,15,1.00,true,0.06650,0.00279,0.35028,2.30295,0.00498,1.2691,0.1452,1.2168
10,hcp30,1,6,15,1.10,true,0.06137,0.00268,0.37603,2.33652,0.00496,1.3457,0.1265,1.2955
10,hcp30,1,6,15,1.20,true,0.05950,0.00264,0.40090,2.36614,0.00500,1.4219,0.1082,1.3780
10,hcp30,1,6,20,0.00,true,0.04088,0.00221,0.27519,2.24434,0.00403,0.8192,0.5167,0.9229
10,hcp30,1,6,20,0.10,true,0.04150,0.00223,0.27963,2.24878,0.00407,0.8734,0.4789,0.9410
10,hcp30,1,6,20,0.20,true,0.04250,0.00226,0.28698,2.25600,0.00413,0.9306,0.4411,0.9679
10,hcp30,1,6,20,0.30,true,0.04250,0.00226,0.29683,2.26694,0.00418,0.9898,0.4054,1.0013
10,hcp30,1,6,20,0.40,true,0.04300,0.00227,0.30803,2.27892,0.00425,1.0436,0.3689,1.0395
10,hcp30,1,6,20,0.50,true,0.04350,0.00228,0.32128,2.29318,0.00433,1.0978,0.3322,1.0850
10,hcp30,1,6,20,0.60,true,0.04350,0.00228,0.33633,2.30997,0.00440,1.1631,0.3023,1.1364
10,hcp30,1,6,20,0.70,true,0.04275,0.00226,0.35228,2.32860,0.00446,1.2306,0.2767,1.1909
10,hcp30,1,6,20,0.80,true,0.04200,0.00224,0.36945,2.34868,0.00451,1.2961,0.2501,1.2505
10,hcp30,1,6,20,0.90,true,0.04150,0.00223,0.38749,2.36961,0.00457,1.3662,0.2265,1.3150
10,hcp30,1,6,20,1.00,true,0.03900,0.00216,0.40653,2.39370,0.00457,1.4296,0.2016,1.3813
10,hcp30,1,6,20,1.10,true,0.03862,0.00215,0.42558,2.41588,0.00463,1.5033,0.1822,1.4530
10,hcp30,1,6,20,1.20,true,0.03637,0.00209,0.44560,2.44115,0.00462,1.5823,0.1664,1.5276
10,hcp30,2,12,10,0.00,true,0.17813,0.00428,0.05838,1.88132,0.00475,0.4214,0.6082,0.4413
10,hcp30,2,12,10,0.10,true,0.19337,0.00442,0.06839,1.87617,0.00500,0.4725,0.5325,0.4529
10,hcp30,2,12,10,0.20,true,0.20950,0.00455,0.08320,1.87508,0.00529,0.5236,0.4515,0.4807
10,hcp30,2,12,10,0.30,true,0.22425,0.00466,0.10346,1.88097,0.00561,0.5870,0.3743,0.5262
10,hcp30,2,12,10,0.40,true,0.23125,0.00471,0.12619,1.89721,0.00588,0.6495,0.3109,0.5791
10,hcp30,2,12,10,0.50,true,0.23650,0.00475,0.15051,1.91691,0.00613,0.7141,0.2582,0.6395
10,hcp30,2,12,10,0.60,true,0.24150,0.00479,0.17914,1.94140,0.00641,0.7865,0.2067,0.7146
10,hcp30,2,12,10,0.70,true,0.24125,0.00478,0.20907,1.97260,0.00664,0.8648,0.1700,0.7927
10,hcp30,2,12,10,0.80,true,0.23925,0.00477,0.24101,2.00780,0.00685,0.9444,0.1351,0.8788
10,hcp30,2,12,10,0.90,true,0.23738,0.00476,0.27203,2.04213,0.00704,1.0276,0.1108,0.9658
10,hcp30,2,12,10,1.00,true,0.23400,0.00473,0.30336,2.07849,0.00721,1.1093,0.0873,1.0563
10,hcp30,2,12,10,1.10,true,0.23137,0.00471,0.33434,2.11399,0.00737,1.1973,0.0699,1.1508
10,hcp30,2,12,10,1.20,true,0.22600,0.00468,0.36571,2.15293,0.00749,1.2887,0.0564,1.2479
10,hcp30,2,12,15,0.00,true,0.10325,0.00340,0.14402,2.04463,0.00450,0.6071,0.5574,0.6450
10,hcp30,2,12,15,0.10,true,0.11113,0.00351,0.15478,2.04769,0.00471,0.6531,0.5009,0.6607
10,hcp30,2,12,15,0.20,true,0.11962,0.00363,0.16913,2.05390,0.00495,0.7109,0.4492,0.6879
10,hcp30,2,12,15,0.30,true,0.12525,0.00370,0.18660,2.06630,0.00517,0.7714,0.4015,0.7230
10,hcp30,2,12,15,0.40,true,0.13125,0.00378,0.20597,2.08040,0.00540,0.8276,0.3537,0.7667
10,hcp30,2,12,15,0.50,true,0.13550,0.00383,0.22742,2.09854,0.00561,0.8921,0.3133,0.8173
10,hcp30,2,12,15,0.60,true,0.13912,0.00387,0.25066,2.11930,0.00582,0.9610,0.2773,0.8751
10,hcp30,2,12,15,0.70,true,0.14025,0.00388,0.27565,2.14454,0.00599,1.0372,0.2480,0.9389
10,hcp30,2,12,15,0.80,true,0.14150,0.00390,0.30134,2.17057,0.00616,1.1095,0.2178,1.0083
10,hcp30,2,12,15,0.90,true,0.14213,0.00390,0.32758,2.19800,0.00631,1.1743,0.1830,1.0836
10,hcp30,2,12,15,1.00,true,0.14088,0.00389,0.35473,2.22849,0.00643,1.2512,0.1576,1.1641
10,hcp30,2,12,15,1.10,true,0.13987,0.00388,0.38075,2.25773,0.00654,1.3266,0.1353,1.2451
10,hcp30,2,12,15,1.20,true,0.13587,0.00383,0.40780,2.29134,0.00660,1.4077,0.1173,1.3298
10,hcp30,2,12,20,0.00,true,0.06625,0.00278,0.24018,2.18293,0.00448,0.8298,0.5317,0.8744
10,hcp30,2,12,20,0.10,true,0.06838,0.00282,0.24920,2.19017,0.00460,0.8848,0.4967,0.8896
10,hcp30,2,12,20,0.20,true,0.07225,0.00289,0.26081,2.19846,0.00476,0.9395,0.4585,0.9141
10,hcp30,2,12,20,0.30,true,0.07375,0.00292,0.27456,2.21148,0.00488,0.9971,0.4229,0.9440
10,hcp30,2,12,20,0.40,true,0.07512,0.00295,0.29093,2.22755,0.00502,1.0638,0.3899,0.9826
10,hcp30,2,12,20,0.50,true,0.07675,0.00298,0.30831,2.24454,0.00516,1.1223,0.3561,1.0264
10,hcp30,2,12,20,0.60,true,0.07825,0.00300,0.32483,2.26089,0.00528,1.1730,0.3244,1.0709
10,hcp30,2,12,20,0.70,true,0.08000,0.00303,0.34363,2.27958,0.00542,1.2324,0.2928,1.1250
10,hcp30,2,12,20,0.80,true,0.08000,0.00303,0.36420,2.30207,0.00552,1.2970,0.2637,1.1855
10,hcp30,2,12,20,0.90,true,0.08138,0.00306,0.38439,2.32297,0.00564,1.3660,0.2387,1.2501
10,hcp30,2,12,20,1.00,true,0.08113,0.00305,0.40516,2.34629,0.00573,1.4311,0.2133,1.3174
10,hcp30,2,12,20,1.10,true,0.08163,0.00306,0.42636,2.36953,0.00582,1.4990,0.1888,1.3910
10,hcp30,2,12,20,1.20,true,0.08100,0.00305,0.44818,2.39478,0.00589,1.5762,0.1700,1.4681
10,hcp30,2,3,10,0.00,true,0.07575,0.00296,0.10670,2.03350,0.00376,0.1851,0.5618,0.4600
10,hcp30,2,3,10,0.10,true,0.10275,0.00339,0.11329,2.01327,0.00425,0.3935,0.4631,0.4790
10,hcp30,2,3,10,0.20,true,0.11850,0.00361,0.12602,2.01068,0.00457,0.4733,0.3924,0.5111
10,hcp30,2,3,10,0.30,true,0.13062,0.00377,0.14448,2.01770,0.00487,0.5388,0.3307,0.5562
10,hcp30,2,3,10,0.40,true,0.13887,0.00387,0.16766,2.03359,0.00515,0.6064,0.2793,0.6107
10,hcp30,2,3,10,0.50,true,0.14850,0.00398,0.19450,2.05206,0.00546,0.6764,0.2337,0.6758
10,hcp30,2,3,10,0.60,true,0.15138,0.00401,0.22345,2.07964,0.00568,0.7450,0.1965,0.7428
10,hcp30,2,3,10,0.70,true,0.14888,0.00398,0.25632,2.11691,0.00585,0.8161,0.1624,0.8166
10,hcp30,2,3,10,0.80,true,0.14850,0.00398,0.29020,2.15332,0.00603,0.8895,0.1323,0.8966
10,hcp30,2,3,10,0.90,true,0.14525,0.00394,0.32274,2.19149,0.00615,0.9620,0.1092,0.9745
10,hcp30,2,3,10,1.00,true,0.13950,0.00387,0.35761,2.23497,0.00623,1.0422,0.0906,1.0595
10,hcp30,2,3,10,1.10,true,0.13737,0.00385,0.39053,2.27312,0.00634,1.1242,0.0746,1.1481
10,hcp30,2,3,10,1.20,true,0.13100,0.00377,0.42399,2.31649,0.00638,1.2079,0.0614,1.2383
10,hcp30,2,3,15,0.00,true,0.04662,0.00236,0.22170,2.18303,0.00398,0.2804,0.5479,0.6894
10,hcp30,2,3,15,0.10,true,0.05800,0.00261,0.22702,2.17719,0.00424,0.5262,0.4724,0.7025
10,hcp30,2,3,15,0.20,true,0.06925,0.00284,0.23832,2.17781,0.00451,0.6249,0.4157,0.7318
10,hcp30,2,3,15,0.30,true,0.07150,0.00288,0.25515,2.19337,0.00463,0.7107,0.3736,0.7709
10,hcp30,2,3,15,0.40,true,0.07312,0.00291,0.27502,2.21285,0.00475,0.7849,0.3343,0.8170
10,hcp30,2,3,15,0.50,true,0.07587,0.00296,0.29575,2.23227,0.00490,0.8524,0.3001,0.8670
10,hcp30,2,3,15,0.60,true,0.07762,0.00299,0.31941,2.25599,0.00504,0.9217,0.2682,0.9250
10,hcp30,2,3,15,0.70,true,0.07850,0.00301,0.34412,2.28192,0.00516,0.9891,0.2379,0.9874
10,hcp30,2,3,15,0.80,true,0.07888,0.00301,0.36938,2.30918,0.00526,1.0558,0.2095,1.0538
10,hcp30,2,3,15,0.90,true,0.08025,0.00304,0.39525,2.33640,0.00539,1.1286,0.1854,1.1269
10,hcp30,2,3,15,1.00,true,0.07925,0.00302,0.41977,2.36479,0.00546,1.1907,0.1597,1.1977
10,hcp30,2,3,15,1.10,true,0.07537,0.00295,0.44714,2.39944,0.00546,1.2654,0.1395,1.2767
10,hcp30,2,3,15,1.20,true,0.07175,0.00289,0.47345,2.43305,0.00546,1.3400,0.1213,1.3573
10,hcp30,2,3,20,0.00,true,0.03562,0.00207,0.32942,2.30983,0.00426,0.3791,0.5352,0.9331
10,hcp30,2,3,20,0.10,true,0.03513,0.00206,0.33590,2.31717,0.00426,0.6813,0.4774,0.9435
10,hcp30,2,3,20,0.20,true,0.03875,0.00216,0.34553,2.32390,0.00436,0.8013,0.4410,0.9675
10,hcp30,2,3,20,0.30,true,0.04050,0.00220,0.35782,2.33548,0.00444,0.8896,0.4062,0.9983
10,hcp30,2,3,20,0.40,true,0.04587,0.00234,0.37104,2.34457,0.00460,0.9624,0.3735,1.0369
10,hcp30,2,3,20,0.50,true,0.04988,0.00243,0.38696,2.35820,0.00475,1.0314,0.3402,1.0844
10,hcp30,2,3,20,0.60,true,0.04950,0.00243,0.40443,2.37799,0.00479,1.1032,0.3144,1.1333
10,hcp30,2,3,20,0.70,true,0.05013,0.00244,0.42316,2.39836,0.00486,1.1686,0.2857,1.1894
10,hcp30,2,3,20,0.80,true,0.05175,0.00248,0.44099,2.41696,0.00495,1.2378,0.2640,1.2465
10,hcp30,2,3,20,0.90,true,0.05275,0.00250,0.45948,2.43716,0.00502,1.3037,0.2411,1.3083
10,hcp30,2,3,20,1.00,true,0.05000,0.00244,0.48090,2.46450,0.00500,1.3749,0.2201,1.3759
10,hcp30,2,3,20,1.10,true,0.05075,0.00245,0.49924,2.48528,0.00507,1.4398,0.1991,1.4435
10,hcp30,2,3,20,1.20,true,0.04863,0.00240,0.51860,2.51031,0.00506,1.5065,0.1801,1.5132
10,hcp30,2,6,10,0.00,true,0.10875,0.00348,0.07522,1.96771,0.00402,0.4191,0.5452,0.4588
10,hcp30,2,6,10,0.10,true,0.11825,0.00361,0.07714,1.96039,0.00417,0.4712,0.4663,0.4795
10,hcp30,2,6,10,0.20,true,0.12562,0.00371,0.08474,1.96106,0.00432,0.5260,0.3876,0.5148
10,hcp30,2,6,10,0.30,true,0.13200,0.00378,0.09746,1.96806,0.00450,0.5913,0.3232,0.5635
10,hcp30,2,6,10,0.40,true,0.13412,0.00381,0.11497,1.98434,0.00466,0.6585,0.2626,0.6233
10,hcp30,2,6,10,0.50,true,0.13462,0.00382,0.13639,2.00639,0.00482,0.7298,0.2112,0.6925
10,hcp30,2,6,10,0.60,true,0.13100,0.00377,0.16146,2.03651,0.00494,0.8076,0.1706,0.7691
10,hcp30,2,6,10,0.70,true,0.12512,0.00370,0.19024,2.07291,0.00505,0.8906,0.1362,0.8540
10,hcp30,2,6,10,0.80,true,0.11900,0.00362,0.21820,2.10884,0.00512,0.9653,0.1075,0.9351
10,hcp30,2,6,10,0.90,true,0.11063,0.00351,0.24930,2.15055,0.00515,1.0518,0.0874,1.0239
10,hcp30,2,6,10,1.00,true,0.10637,0.00345,0.28097,2.18898,0.00524,1.1407,0.0688,1.1186
10,hcp30,2,6,10,1.10,true,0.09788,0.00332,0.31337,2.23265,0.00523,1.2309,0.0558,1.2124
10,hcp30,2,6,10,1.20,true,0.08912,0.00319,0.34721,2.27842,0.00519,1.3282,0.0462,1.3118
10,hcp30,2,6,15,0.00,true,0.05663,0.00258,0.18738,2.13561,0.00387,0.6230,0.5317,0.7019
10,hcp30,2,6,15,0.10,true,0.05775,0.00261,0.18896,2.13655,0.00390,0.6760,0.4829,0.7185
10,hcp30,2,6,15,0.20,true,0.06025,0.00266,0.19451,2.14031,0.00398,0.7280,0.4292,0.7465
10,hcp30,2,6,15,0.30,true,0.06062,0.00267,0.20359,2.14996,0.00404,0.7861,0.3838,0.7812
10,hcp30,2,6,15,0.40,true,0.06288,0.00271,0.21603,2.16133,0.00416,0.8516,0.3416,0.8268
10,hcp30,2,6,15,0.50,true,0.06275,0.00271,0.23132,2.17818,0.00425,0.9155,0.3011,0.8787
10,hcp30,2,6,15,0.60,true,0.06225,0.00270,0.24896,2.19795,0.00434,0.9846,0.2669,0.9370
10,hcp30,2,6,15,0.70,true,0.06000,0.00266,0.26847,2.22158,0.00439,1.0499,0.2327,0.9995
10,hcp30,2,6,15,0.80,true,0.06112,0.00268,0.28933,2.24343,0.00452,1.1228,0.2028,1.0706
10,hcp30,2,6,15,0.90,true,0.05875,0.00263,0.31118,2.26997,0.00457,1.1953,0.1773,1.1424
10,hcp30,2,6,15,1.00,true,0.05688,0.00259,0.33497,2.29833,0.00463,1.2733,0.1524,1.2230
10,hcp30,2,6,15,1.10,true,0.05350,0.00252,0.35889,2.32845,0.00464,1.3531,0.1333,1.3037
10,hcp30,2,6,15,1.20,true,0.05200,0.00248,0.38176,2.35572,0.00469,1.4297,0.1155,1.3848
10,hcp30,2,6,20,0.00,true,0.03338,0.00201,0.28804,2.26527,0.00382,0.8203,0.5156,0.9253
10,hcp30,2,6,20,0.10,true,0.03525,0.00206,0.29040,2.26644,0.00387,0.8696,0.4760,0.9443
10,hcp30,2,6,20,0.20,true,0.03537,0.00207,0.29553,2.27238,0.00390,0.9229,0.4366,0.9701
10,hcp30,2,6,20,0.30,true,0.03438,0.00204,0.30335,2.28237,0.00391,0.9869,0.4043,1.0025
10,hcp30,2,6,20,0.40,true,0.03587,0.00208,0.31289,2.29179,0.00400,1.0381,0.3650,1.0423
10,hcp30,2,6,20,0.50,true,0.03612,0.00209,0.32439,2.30468,0.00406,1.1024,0.3339,1.0879
10,hcp30,2,6,20,0.60,true,0.03463,0.00204,0.33765,2.32129,0.00408,1.1623,0.3021,1.1377
10,hcp30,2,6,20,0.70,true,0.03500,0.00205,0.35192,2.33723,0.00416,1.2229,0.2711,1.1938
10,hcp30,2,6,20,0.80,true,0.03550,0.00207,0.36711,2.35414,0.00424,1.2886,0.2446,1.2545
10,hcp30,2,6,20,0.90,true,0.03250,0.00198,0.38444,2.37701,0.00422,1.3601,0.2211,1.3198
10,hcp30,2,6,20,1.00,true,0.03163,0.00196,0.40118,2.39722,0.00426,1.4275,0.1989,1.3866
10,hcp30,2,6,20,1.10,true,0.03037,0.00192,0.41851,2.41861,0.00428,1.4968,0.1789,1.4563
10,hcp30,2,6,20,1.20,true,0.02850,0.00186,0.43760,2.44278,0.00428,1.5679,0.1567,1.5340
10,hcp30,3,12,10,0.00,true,0.24525,0.00481,0.04812,1.80387,0.00525,0.4316,0.6404,0.4381
10,hcp30,3,12,10,0.10,true,0.27163,0.00497,0.05954,1.78911,0.00556,0.4870,0.5617,0.4519
10,hcp30,3,12,10,0.20,true,0.29450,0.00510,0.07422,1.78123,0.00587,0.5443,0.4887,0.4794
10,hcp30,3,12,10,0.30,true,0.31488,0.00519,0.09273,1.77982,0.00619,0.6064,0.4131,0.5232
10,hcp30,3,12,10,0.40,true,0.32550,0.00524,0.11454,1.79163,0.00648,0.6728,0.3469,0.5769
10,hcp30,3,12,10,0.50,true,0.33287,0.00527,0.13909,1.80957,0.00677,0.7430,0.2874,0.6414
10,hcp30,3,12,10,0.60,true,0.33887,0.00529,0.16503,1.83045,0.00706,0.8174,0.2369,0.7150
10,hcp30,3,12,10,0.70,true,0.34075,0.00530,0.19283,1.85752,0.00733,0.8964,0.1943,0.7963
10,hcp30,3,12,10,0.80,true,0.33987,0.00530,0.22129,1.88819,0.00758,0.9733,0.1560,0.8814
10,hcp30,3,12,10,0.90,true,0.33813,0.00529,0.24944,1.91961,0.00781,1.0533,0.1250,0.9704
10,hcp30,3,12,10,1.00,true,0.33413,0.00527,0.27808,1.95403,0.00801,1.1367,0.0991,1.0637
10,hcp30,3,12,10,1.10,true,0.33000,0.00526,0.30649,1.98857,0.00820,1.2212,0.0763,1.1607
10,hcp30,3,12,10,1.20,true,0.32338,0.00523,0.33621,2.02729,0.00837,1.3143,0.0587,1.2639
10,hcp30,3,12,15,0.00,true,0.15438,0.00404,0.12410,1.97358,0.00508,0.6257,0.5817,0.6401
10,hcp30,3,12,15,0.10,true,0.16750,0.00417,0.13636,1.97307,0.00535,0.6822,0.5324,0.6560
10,hcp30,3,12,15,0.20,true,0.17763,0.00427,0.15088,1.97798,0.00560,0.7366,0.4827,0.6794
10,hcp30,3,12,15,0.30,true,0.18438,0.00434,0.16898,1.99007,0.00584,0.7889,0.4285,0.7127
10,hcp30,3,12,15,0.40,true,0.18725,0.00436,0.18887,2.00800,0.00604,0.8513,0.3842,0.7527
10,hcp30,3,12,15,0.50,true,0.19337,0.00442,0.21094,2.02509,0.00628,0.9142,0.3375,0.8053
10,hcp30,3,12,15,0.60,true,0.19837,0.00446,0.23471,2.04522,0.00652,0.9804,0.2939,0.8664
10,hcp30,3,12,15,0.70,true,0.19975,0.00447,0.25926,2.06994,0.00671,1.0531,0.2605,0.9304
10,hcp30,3,12,15,0.80,true,0.20062,0.00448,0.28467,2.09627,0.00690,1.1251,0.2278,1.0010
10,hcp30,3,12,15,0.90,true,0.20137,0.00448,0.31003,2.12288,0.00707,1.1996,0.1989,1.0762
10,hcp30,3,12,15,1.00,true,0.19975,0.00447,0.33562,2.15231,0.00721,1.2720,0.1718,1.1539
10,hcp30,3,12,15,1.10,true,0.19750,0.00445,0.36113,2.18258,0.00734,1.3456,0.1467,1.2357
10,hcp30,3,12,15,1.20,true,0.19800,0.00446,0.38532,2.20894,0.00749,1.4259,0.1264,1.3226
10,hcp30,3,12,20,0.00,true,0.10225,0.00339,0.20985,2.11656,0.00496,0.8142,0.5536,0.8524
10,hcp30,3,12,20,0.10,true,0.10800,0.00347,0.22117,2.12265,0.00516,0.8675,0.5126,0.8680
10,hcp30,3,12,20,0.20,true,0.11338,0.00354,0.23489,2.13174,0.00535,0.9261,0.4726,0.8917
10,hcp30,3,12,20,0.30,true,0.11688,0.00359,0.24850,2.14273,0.00552,0.9761,0.4367,0.9190
10,hcp30,3,12,20,0.40,true,0.11962,0.00363,0.26481,2.15743,0.00568,1.0401,0.4048,0.9538
10,hcp30,3,12,20,0.50,true,0.12187,0.00366,0.28261,2.17434,0.00584,1.0991,0.3707,0.9951
10,hcp30,3,12,20,0.60,true,0.12575,0.00371,0.30108,2.19054,0.00602,1.1634,0.3391,1.0440
10,hcp30,3,12,20,0.70,true,0.12625,0.00371,0.32091,2.21171,0.00616,1.2282,0.3094,1.0966
10,hcp30,3,12,20,0.80,true,0.12800,0.00374,0.34074,2.23183,0.00631,1.2958,0.2823,1.1549
10,hcp30,3,12,20,0.90,true,0.12812,0.00374,0.36093,2.25416,0.00643,1.3597,0.2549,1.2162
10,hcp30,3,12,20,1.00,true,0.12950,0.00375,0.38157,2.27592,0.00657,1.4270,0.2285,1.2847
10,hcp30,3,12,20,1.10,true,0.13150,0.00378,0.40200,2.29707,0.00671,1.5020,0.2065,1.3583
10,hcp30,3,12,20,1.20,true,0.13100,0.00377,0.42244,2.32095,0.00680,1.5761,0.1873,1.4319
10,hcp30,3,3,10,0.00,true,0.05262,0.00250,0.16698,2.11908,0.00376,0.1604,0.5305,0.4824
10,hcp30,3,3,10,0.10,true,0.07312,0.00291,0.16794,2.09974,0.00415,0.2648,0.3999,0.4989
10,hcp30,3,3,10,0.20,true,0.08400,0.00310,0.17825,2.09981,0.00438,0.3762,0.3267,0.5343
10,hcp30,3,3,10,0.30,true,0.09175,0.00323,0.19709,2.11194,0.00459,0.4714,0.2766,0.5844
10,hcp30,3,3,10,0.40,true,0.09850,0.00333,0.22106,2.13051,0.00482,0.5523,0.2411,0.6407
10,hcp30,3,3,10,0.50,true,0.10487,0.00343,0.24927,2.15407,0.00506,0.6264,0.2109,0.7040
10,hcp30,3,3,10,0.60,true,0.11025,0.00350,0.27974,2.18120,0.00529,0.6931,0.1814,0.7714
10,hcp30,3,3,10,0.70,true,0.11338,0.00354,0.31193,2.21265,0.00548,0.7584,0.1562,0.8418
10,hcp30,3,3,10,0.80,true,0.11713,0.00360,0.34501,2.24471,0.00569,0.8239,0.1335,0.9172
10,hcp30,3,3,10,0.90,true,0.11800,0.00361,0.37722,2.27911,0.00584,0.8897,0.1152,0.9930
10,hcp30,3,3,10,1.00,true,0.11737,0.00360,0.40915,2.31502,0.00596,0.9522,0.0957,1.0707
10,hcp30,3,3,10,1.10,true,0.11825,0.00361,0.43923,2.34791,0.00609,1.0205,0.0815,1.1507
10,hcp30,3,3,10,1.20,true,0.11925,0.00362,0.46762,2.37926,0.00622,1.0915,0.0712,1.2329
10,hcp30,3,3,15,0.00,true,0.02950,0.00189,0.30587,2.29003,0.00402,0.2628,0.5263,0.7270
10,hcp30,3,3,15,0.10,true,0.03687,0.00211,0.30661,2.28362,0.00419,0.3575,0.4402,0.7352
10,hcp30,3,3,15,0.20,true,0.04425,0.00230,0.31515,2.28555,0.00436,0.4731,0.3768,0.7621
10,hcp30,3,3,15,0.30,true,0.05162,0.00247,0.32862,2.29278,0.00454,0.5725,0.3285,0.8004
10,hcp30,3,3,15,0.40,true,0.05638,0.00258,0.34580,2.30666,0.00467,0.6675,0.2957,0.8460
10,hcp30,3,3,15,0.50,true,0.05937,0.00264,0.36548,2.32511,0.00477,0.7491,0.2663,0.8967
10,hcp30,3,3,15,0.60,true,0.06300,0.00272,0.38767,2.34582,0.00490,0.8291,0.2429,0.9551
10,hcp30,3,3,15,0.70,true,0.06675,0.00279,0.41002,2.36680,0.00503,0.8996,0.2199,1.0161
10,hcp30,3,3,15,0.80,true,0.06800,0.00281,0.43459,2.39298,0.00511,0.9679,0.1968,1.0829
10,hcp30,3,3,15,0.90,true,0.06788,0.00281,0.46088,2.42274,0.00517,1.0427,0.1788,1.1558
10,hcp30,3,3,15,1.00,true,0.06950,0.00284,0.48461,2.44826,0.00526,1.1085,0.1603,1.2278
10,hcp30,3,3,15,1.10,true,0.07062,0.00286,0.50793,2.47418,0.00534,1.1751,0.1442,1.3019
10,hcp30,3,3,15,1.20,true,0.06863,0.00283,0.53118,2.50346,0.00534,1.2424,0.1313,1.3760
10,hcp30,3,3,20,0.00,true,0.02312,0.00168,0.41730,2.42056,0.00427,0.3758,0.5203,0.9810
10,hcp30,3,3,20,0.10,true,0.02650,0.00180,0.41902,2.41917,0.00435,0.4701,0.4567,0.9875
10,hcp30,3,3,20,0.20,true,0.02900,0.00188,0.42536,2.42379,0.00441,0.5849,0.4094,1.0067
10,hcp30,3,3,20,0.30,true,0.03175,0.00196,0.43552,2.43235,0.00447,0.6966,0.3674,1.0370
10,hcp30,3,3,20,0.40,true,0.03400,0.00203,0.44796,2.44403,0.00453,0.7922,0.3349,1.0740
10,hcp30,3,3,20,0.50,true,0.03800,0.00214,0.46204,2.45591,0.00463,0.8845,0.3082,1.1190
10,hcp30,3,3,20,0.60,true,0.04150,0.00223,0.47764,2.47013,0.00472,0.9734,0.2872,1.1694
10,hcp30,3,3,20,0.70,true,0.04250,0.00226,0.49554,2.48949,0.00475,1.0544,0.2659,1.2244
10,hcp30,3,3,20,0.80,true,0.04562,0.00233,0.51253,2.50602,0.00485,1.1269,0.2456,1.2827
10,hcp30,3,3,20,0.90,true,0.04487,0.00231,0.53125,2.52868,0.00484,1.1995,0.2269,1.3448
10,hcp30,3,3,20,1.00,true,0.04525,0.00232,0.54930,2.54979,0.00486,1.2695,0.2096,1.4104
10,hcp30,3,3,20,1.10,true,0.04675,0.00236,0.56678,2.56939,0.00492,1.3374,0.1934,1.4789
10,hcp30,3,3,20,1.20,true,0.04487,0.00231,0.58493,2.59345,0.00488,1.4066,0.1800,1.5480
10,hcp30,3,6,10,0.00,true,0.10737,0.00346,0.08834,1.98285,0.00408,0.4232,0.5412,0.4676
10,hcp30,3,6,10,0.10,true,0.11600,0.00358,0.08846,1.97461,0.00420,0.4783,0.4665,0.4890
10,hcp30,3,6,10,0.20,true,0.12050,0.00364,0.09392,1.97607,0.00429,0.5386,0.3937,0.5244
10,hcp30,3,6,10,0.30,true,0.12150,0.00365,0.10433,1.98622,0.00438,0.6034,0.3277,0.5724
10,hcp30,3,6,10,0.40,true,0.12250,0.00367,0.11841,2.00024,0.00449,0.6684,0.2688,0.6303
10,hcp30,3,6,10,0.50,true,0.12075,0.00364,0.13676,2.02161,0.00459,0.7423,0.2174,0.7003
10,hcp30,3,6,10,0.60,true,0.11613,0.00358,0.15791,2.04888,0.00465,0.8167,0.1738,0.7762
10,hcp30,3,6,10,0.70,true,0.11075,0.00351,0.18089,2.07897,0.00471,0.8957,0.1411,0.8564
10,hcp30,3,6,10,0.80,true,0.10587,0.00344,0.20471,2.10955,0.00476,0.9714,0.1104,0.9401
10,hcp30,3,6,10,0.90,true,0.09913,0.00334,0.23089,2.14471,0.00478,1.0537,0.0857,1.0298
10,hcp30,3,6,10,1.00,true,0.09100,0.00322,0.25787,2.18229,0.00476,1.1385,0.0674,1.1206
10,hcp30,3,6,10,1.10,true,0.08350,0.00309,0.28576,2.22041,0.00474,1.2281,0.0531,1.2155
10,hcp30,3,6,10,1.20,true,0.07575,0.00296,0.31386,2.25922,0.00468,1.3202,0.0427,1.3113
10,hcp30,3,6,15,0.00,true,0.05125,0.00247,0.20369,2.15908,0.00380,0.6142,0.5158,0.6983
10,hcp30,3,6,15,0.10,true,0.05400,0.00253,0.20461,2.15774,0.00385,0.6622,0.4643,0.7175
10,hcp30,3,6,15,0.20,true,0.05688,0.00259,0.20919,2.16020,0.00392,0.7233,0.4167,0.7477
10,hcp30,3,6,15,0.30,true,0.05900,0.00263,0.21711,2.16700,0.00400,0.7851,0.3717,0.7863
10,hcp30,3,6,15,0.40,true,0.05813,0.00262,0.22809,2.18012,0.00403,0.8459,0.3255,0.8334
10,hcp30,3,6,15,0.50,true,0.05538,0.00256,0.24131,2.19756,0.00404,0.9092,0.2870,0.8847
10,hcp30,3,6,15,0.60,true,0.05437,0.00254,0.25686,2.21587,0.00409,0.9784,0.2513,0.9452
10,hcp30,3,6,15,0.70,true,0.05337,0.00251,0.27362,2.23557,0.00414,1.0496,0.2214,1.0097
10,hcp30,3,6,15,0.80,true,0.05075,0.00245,0.29240,2.25921,0.00416,1.1197,0.1909,1.0800
10,hcp30,3,6,15,0.90,true,0.04788,0.00239,0.31156,2.28362,0.00416,1.1921,0.1665,1.1520
10,hcp30,3,6,15,1.00,true,0.04637,0.00235,0.33150,2.30769,0.00420,1.2665,0.1429,1.2299
10,hcp30,3,6,15,1.10,true,0.04437,0.00230,0.35297,2.33408,0.00422,1.3508,0.1240,1.3151
10,hcp30,3,6,15,1.20,true,0.04188,0.00224,0.37317,2.35968,0.00421,1.4263,0.1070,1.3958
10,hcp30,3,6,20,0.00,true,0.03025,0.00191,0.32047,2.30498,0.00384,0.8094,0.5102,0.9372
10,hcp30,3,6,20,0.10,true,0.03188,0.00196,0.32184,2.30543,0.00388,0.8599,0.4687,0.9575
10,hcp30,3,6,20,0.20,true,0.03225,0.00198,0.32556,2.30973,0.00389,0.9144,0.4303,0.9839
10,hcp30,3,6,20,0.30,true,0.03375,0.00202,0.33153,2.31540,0.00394,0.9754,0.3956,1.0187
10,hcp30,3,6,20,0.40,true,0.03188,0.00196,0.33935,2.32651,0.00391,1.0322,0.3611,1.0565
10,hcp30,3,6,20,0.50,true,0.02950,0.00189,0.34908,2.34029,0.00388,1.0938,0.3295,1.1008
10,hcp30,3,6,20,0.60,true,0.02838,0.00186,0.36025,2.35451,0.00388,1.1550,0.2973,1.1523
10,hcp30,3,6,20,0.70,true,0.02838,0.00186,0.37251,2.36892,0.00391,1.2231,0.2695,1.2099
10,hcp30,3,6,20,0.80,true,0.02850,0.00186,0.38503,2.38357,0.00396,1.2867,0.2438,1.2686
10,hcp30,3,6,20,0.90,true,0.02800,0.00184,0.39891,2.40046,0.00398,1.3532,0.2185,1.3334
10,hcp30,3,6,20,1.00,true,0.02637,0.00179,0.41328,2.41913,0.00397,1.4252,0.1987,1.3999
10,hcp30,3,6,20,1.10,true,0.02475,0.00174,0.42846,2.43888,0.00396,1.5008,0.1801,1.4719
10,hcp30,3,6,20,1.20,true,0.02312,0.00168,0.44387,2.45902,0.00394,1.5705,0.1596,1.5464
12,hcp30,0,12,10,0.00,true,0.12412,0.00369,0.06402,1.94088,0.00416,0.4041,0.5657,0.4430
12,hcp30,0,12,10,0.10,true,0.13900,0.00387,0.06992,1.93205,0.00440,0.4561,0.4839,0.4610
12,hcp30,0,12,10,0.20,true,0.15350,0.00403,0.08126,1.92917,0.00467,0.5181,0.4130,0.4942
12,hcp30,0,12,10,0.30,true,0.16225,0.00412,0.09792,1.93753,0.00491,0.5783,0.3432,0.5392
12,hcp30,0,12,10,0.40,true,0.16712,0.00417,0.11872,1.95406,0.00513,0.6468,0.2871,0.5943
12,hcp30,0,12,10,0.50,true,0.17137,0.00421,0.14336,1.97526,0.00537,0.7138,0.2310,0.6605
12,hcp30,0,12,10,0.60,true,0.17475,0.00425,0.16990,1.99939,0.00560,0.7852,0.1863,0.7330
12,hcp30,0,12,10,0.70,true,0.17475,0.00425,0.19980,2.03052,0.00581,0.8619,0.1480,0.8140
12,hcp30,0,12,10,0.80,true,0.17300,0.00423,0.23036,2.06428,0.00599,0.9398,0.1174,0.8974
12,hcp30,0,12,10,0.90,true,0.17000,0.00420,0.26225,2.10084,0.00615,1.0222,0.0925,0.9860
12,hcp30,0,12,10,1.00,true,0.16487,0.00415,0.29478,2.14045,0.00627,1.1070,0.0727,1.0772
12,hcp30,0,12,10,1.10,true,0.16062,0.00411,0.32716,2.17928,0.00638,1.1967,0.0579,1.1719
12,hcp30,0,12,10,1.20,true,0.15488,0.00404,0.35939,2.21973,0.00645,1.2893,0.0475,1.2676
12,hcp30,0,12,15,0.00,true,0.07150,0.00288,0.16138,2.09374,0.00405,0.6178,0.5412,0.6743
12,hcp30,0,12,15,0.10,true,0.07762,0.00299,0.16768,2.09420,0.00421,0.6677,0.4871,0.6921
12,hcp30,0,12,15,0.20,true,0.08263,0.00308,0.17762,2.09961,0.00437,0.7226,0.4371,0.7190
12,hcp30,0,12,15,0.30,true,0.08588,0.00313,0.19117,2.11059,0.00452,0.7780,0.3882,0.7545
12,hcp30,0,12,15,0.40,true,0.08812,0.00317,0.20765,2.12570,0.00468,0.8397,0.3450,0.7982
12,hcp30,0,12,15,0.50,true,0.09025,0.00320,0.22662,2.14367,0.00484,0.9046,0.3050,0.8502
12,hcp30,0,12,15,0.60,true,0.09212,0.00323,0.24761,2.16411,0.00501,0.9721,0.2688,0.9087
12,hcp30,0,12,15,0.70,true,0.09200,0.00323,0.27088,2.18909,0.00514,1.0410,0.2343,0.9739
12,hcp30,0,12,15,0.80,true,0.09075,0.00321,0.29543,2.21671,0.00525,1.1123,0.2040,1.0436
12,hcp30,0,12,15,0.90,true,0.09075,0.00321,0.32050,2.24378,0.00538,1.1838,0.1751,1.1187
12,hcp30,0,12,15,1.00,true,0.09025,0.00320,0.34616,2.27216,0.00548,1.2611,0.1518,1.1979
12,hcp30,0,12,15,1.10,true,0.08812,0.00317,0.37232,2.30293,0.00556,1.3419,0.1327,1.2798
12,hcp30,0,12,15,1.20,true,0.08513,0.00312,0.39840,2.33469,0.00560,1.4191,0.1134,1.3634
12,hcp30,0,12,20,0.00,true,0.04450,0.00231,0.25895,2.22318,0.00406,0.8067,0.5222,0.9063
12,hcp30,0,12,20,0.10,true,0.04587,0.00234,0.26465,2.22793,0.00413,0.8639,0.4862,0.9227
12,hcp30,0,12,20,0.20,true,0.04763,0.00238,0.27332,2.23553,0.00422,0.9187,0.4469,0.9485
12,hcp30,0,12,20,0.30,true,0.04800,0.00239,0.28414,2.24685,0.00430,0.9721,0.4086,0.9795
12,hcp30,0,12,20,0.40,true,0.05050,0.00245,0.29639,2.25766,0.00442,1.0326,0.3755,1.0175
12,hcp30,0,12,20,0.50,true,0.05150,0.00247,0.31128,2.27288,0.00452,1.0986,0.3448,1.0626
12,hcp30,0,12,20,0.60,true,0.05150,0.00247,0.32725,2.29037,0.00461,1.1593,0.3131,1.1117
12,hcp30,0,12,20,0.70,true,0.05187,0.00248,0.34422,2.30869,0.00470,1.2236,0.2845,1.1661
12,hcp30,0,12,20,0.80,true,0.05237,0.00249,0.36220,2.32807,0.00480,1.2895,0.2577,1.2254
12,hcp30,0,12,20,0.90,true,0.05125,0.00247,0.38101,2.35012,0.00485,1.3557,0.2329,1.2878
12,hcp30,0,12,20,1.00,true,0.05100,0.00246,0.40045,2.37215,0.00493,1.4304,0.2129,1.3556
12,hcp30,0,12,20,1.10,true,0.05100,0.00246,0.42027,2.39451,0.00500,1.4995,0.1902,1.4275
12,hcp30,0,12,20,1.20,true,0.05000,0.00244,0.44040,2.41838,0.00504,1.5773,0.1737,1.5017
12,hcp30,1,12,10,0.00,true,0.15550,0.00405,0.05969,1.90515,0.00452,0.4148,0.5858,0.4395
12,hcp30,1,12,10,0.10,true,0.17150,0.00421,0.06831,1.89786,0.00477,0.4590,0.4995,0.4547
12,hcp30,1,12,10,0.20,true,0.18762,0.00436,0.08197,1.89562,0.00506,0.5199,0.4282,0.4856
12,hcp30,1,12,10,0.30,true,0.20162,0.00449,0.10023,1.90023,0.00536,0.5829,0.3579,0.5312
12,hcp30,1,12,10,0.40,true,0.21063,0.00456,0.12224,1.91376,0.00563,0.6483,0.2964,0.5869
12,hcp30,1,12,10,0.50,true,0.21525,0.00460,0.14873,1.93631,0.00589,0.7198,0.2405,0.6546
12,hcp30,1,12,10,0.60,true,0.22037,0.00463,0.17747,1.96080,0.00617,0.7967,0.1946,0.7312
12,hcp30,1,12,10,0.70,true,0.22037,0.00463,0.20590,1.99021,0.00638,0.8699,0.1594,0.8067
12,hcp30,1,12,10,0.80,true,0.22025,0.00463,0.23803,2.02375,0.00660,0.9498,0.1234,0.8957
12,hcp30,1,12,10,0.90,true,0.21838,0.00462,0.26781,2.05678,0.00678,1.0272,0.0985,0.9801
12,hcp30,1,12,10,1.00,true,0.21538,0.00460,0.29992,2.09358,0.00694,1.1121,0.0757,1.0745
12,hcp30,1,12,10,1.10,true,0.21075,0.00456,0.33158,2.13180,0.00708,1.2026,0.0608,1.1699
12,hcp30,1,12,10,1.20,true,0.20625,0.00452,0.36174,2.16858,0.00719,1.2902,0.0472,1.2649
12,hcp30,1,12,15,0.00,true,0.09062,0.00321,0.15337,2.06651,0.00435,0.6262,0.5476,0.6669
12,hcp30,1,12,15,0.10,true,0.09650,0.00330,0.16261,2.07008,0.00452,0.6828,0.4999,0.6829
12,hcp30,1,12,15,0.20,true,0.10150,0.00338,0.17556,2.07841,0.00470,0.7382,0.4505,0.7084
12,hcp30,1,12,15,0.30,true,0.10725,0.00346,0.19151,2.08920,0.00491,0.7888,0.3976,0.7441
12,hcp30,1,12,15,0.40,true,0.11063,0.00351,0.21001,2.10510,0.00510,0.8462,0.3500,0.7882
12,hcp30,1,12,15,0.50,true,0.11213,0.00353,0.23093,2.12549,0.00526,0.9044,0.3048,0.8396
12,hcp30,1,12,15,0.60,true,0.11463,0.00356,0.25269,2.14591,0.00544,0.9737,0.2706,0.8972
12,hcp30,1,12,15,0.70,true,0.11775,0.00360,0.27582,2.16728,0.00563,1.0440,0.2375,0.9626
12,hcp30,1,12,15,0.80,true,0.11837,0.00361,0.30111,2.19358,0.00578,1.1148,0.2049,1.0345
12,hcp30,1,12,15,0.90,true,0.11700,0.00359,0.32787,2.22361,0.00590,1.1920,0.1777,1.1116
12,hcp30,1,12,15,1.00,true,0.11875,0.00362,0.35232,2.24824,0.00604,1.2670,0.1550,1.1888
12,hcp30,1,12,15,1.10,true,0.11675,0.00359,0.37960,2.27989,0.00613,1.3495,0.1342,1.2740
12,hcp30,1,12,15,1.20,true,0.11475,0.00356,0.40339,2.30797,0.00620,1.4245,0.1185,1.3514
12,hcp30,1,12,20,0.00,true,0.05625,0.00258,0.24013,2.19200,0.00426,0.8055,0.5396,0.8737
12,hcp30,1,12,20,0.10,true,0.06000,0.00266,0.24709,2.19551,0.00439,0.8571,0.5007,0.8890
12,hcp30,1,12,20,0.20,true,0.06225,0.00270,0.25704,2.20373,0.00450,0.9103,0.4617,0.9114
12,hcp30,1,12,20,0.30,true,0.06575,0.00277,0.26892,2.21281,0.00465,0.9625,0.4225,0.9416
12,hcp30,1,12,20,0.40,true,0.06750,0.00280,0.28320,2.22627,0.00478,1.0186,0.3858,0.9780
12,hcp30,1,12,20,0.50,true,0.06825,0.00282,0.29883,2.24225,0.00488,1.0785,0.3540,1.0191
12,hcp30,1,12,20,0.60,true,0.06975,0.00285,0.31590,2.25913,0.00501,1.1296,0.3166,1.0670
12,hcp30,1,12,20,0.70,true,0.07062,0.00286,0.33435,2.27822,0.00512,1.1913,0.2857,1.1208
12,hcp30,1,12,20,0.80,true,0.07037,0.00286,0.35387,2.29971,0.00521,1.2539,0.2567,1.1787
12,hcp30,1,12,20,0.90,true,0.06963,0.00285,0.37388,2.32238,0.00528,1.3194,0.2312,1.2407
12,hcp30,1,12,20,1.00,true,0.06975,0.00285,0.39449,2.34500,0.00537,1.3902,0.2084,1.3085
12,hcp30,1,12,20,1.10,true,0.06925,0.00284,0.41645,2.36989,0.00544,1.4630,0.1852,1.3829
12,hcp30,1,12,20,1.20,true,0.06850,0.00282,0.43797,2.39477,0.00550,1.5348,0.1638,1.4590
12,hcp30,1,3,10,0.00,true,0.11000,0.00350,0.07721,1.96864,0.00407,0.3308,0.5331,0.4509
12,hcp30,1,3,10,0.10,true,0.13312,0.00380,0.08344,1.95192,0.00444,0.4419,0.4666,0.4694
12,hcp30,1,3,10,0.20,true,0.14875,0.00398,0.09603,1.94923,0.00473,0.5082,0.4004,0.5021
12,hcp30,1,3,10,0.30,true,0.15912,0.00409,0.11537,1.95879,0.00501,0.5746,0.3345,0.5501
12,hcp30,1,3,10,0.40,true,0.16600,0.00416,0.14007,1.97743,0.00528,0.6460,0.2740,0.6110
12,hcp30,1,3,10,0.50,true,0.17300,0.00423,0.16354,1.99477,0.00553,0.7022,0.2216,0.6712
12,hcp30,1,3,10,0.60,true,0.17288,0.00423,0.19301,2.02557,0.00574,0.7745,0.1785,0.7446
12,hcp30,1,3,10,0.70,true,0.17325,0.00423,0.22457,2.05824,0.00595,0.8550,0.1442,0.8262
12,hcp30,1,3,10,0.80,true,0.17075,0.00421,0.25680,2.09464,0.00612,0.9359,0.1180,0.9101
12,hcp30,1,3,10,0.90,true,0.16825,0.00418,0.28877,2.13102,0.00627,1.0194,0.0977,0.9961
12,hcp30,1,3,10,1.00,true,0.16250,0.00412,0.32253,2.17275,0.00638,1.1069,0.0801,1.0874
12,hcp30,1,3,10,1.10,true,0.15762,0.00407,0.35565,2.21322,0.00647,1.1935,0.0634,1.1817
12,hcp30,1,3,10,1.20,true,0.15288,0.00402,0.38690,2.25189,0.00654,1.2823,0.0524,1.2746
12,hcp30,1,3,15,0.00,true,0.06137,0.00268,0.18265,2.12635,0.00401,0.4486,0.5509,0.6823
12,hcp30,1,3,15,0.10,true,0.06725,0.00280,0.18989,2.12805,0.00417,0.6210,0.4784,0.6999
12,hcp30,1,3,15,0.20,true,0.07725,0.00299,0.19922,2.12788,0.00442,0.6978,0.4362,0.7268
12,hcp30,1,3,15,0.30,true,0.08113,0.00305,0.21277,2.13830,0.00458,0.7590,0.3877,0.7615
12,hcp30,1,3,15,0.40,true,0.08463,0.00311,0.22979,2.15275,0.00474,0.8244,0.3477,0.8048
12,hcp30,1,3,15,0.50,true,0.08925,0.00319,0.24886,2.16836,0.00493,0.8941,0.3131,0.8554
12,hcp30,1,3,15,0.60,true,0.09300,0.00325,0.27018,2.18736,0.00512,0.9603,0.2762,0.9138
12,hcp30,1,3,15,0.70,true,0.09212,0.00323,0.29439,2.21417,0.00523,1.0286,0.2420,0.9779
12,hcp30,1,3,15,0.80,true,0.09125,0.00322,0.31820,2.24072,0.00533,1.0967,0.2136,1.0432
12,hcp30,1,3,15,0.90,true,0.09087,0.00321,0.34363,2.26868,0.00544,1.1650,0.1838,1.1164
12,hcp30,1,3,15,1.00,true,0.08762,0.00316,0.36948,2.30017,0.00549,1.2346,0.1578,1.1918
12,hcp30,1,3,15,1.10,true,0.08700,0.00315,0.39514,2.32906,0.00558,1.3126,0.1375,1.2730
12,hcp30,1,3,15,1.20,true,0.08450,0.00311,0.42096,2.36024,0.00563,1.3907,0.1188,1.3562
12,hcp30,1,3,20,0.00,true,0.03900,0.00216,0.28251,2.25440,0.00407,0.5856,0.5264,0.9181
12,hcp30,1,3,20,0.10,true,0.04325,0.00227,0.28883,2.25683,0.00420,0.7984,0.4830,0.9343
12,hcp30,1,3,20,0.20,true,0.04688,0.00236,0.29785,2.26284,0.00431,0.8723,0.4443,0.9587
12,hcp30,1,3,20,0.30,true,0.04738,0.00238,0.31053,2.27597,0.00438,0.9466,0.4120,0.9914
12,hcp30,1,3,20,0.40,true,0.05087,0.00246,0.32297,2.28596,0.00452,1.0066,0.3785,1.0280
12,hcp30,1,3,20,0.50,true,0.05312,0.00251,0.33774,2.29983,0.00463,1.0718,0.3477,1.0721
12,hcp30,1,3,20,0.60,true,0.05550,0.00256,0.35366,2.31490,0.00476,1.1339,0.3170,1.1215
12,hcp30,1,3,20,0.70,true,0.05713,0.00259,0.36982,2.33115,0.00486,1.1998,0.2918,1.1733
12,hcp30,1,3,20,0.80,true,0.05663,0.00258,0.38809,2.35193,0.00493,1.2645,0.2653,1.2309
12,hcp30,1,3,20,0.90,true,0.05675,0.00259,0.40630,2.37223,0.00500,1.3310,0.2413,1.2922
12,hcp30,1,3,20,1.00,true,0.05500,0.00255,0.42544,2.39556,0.00503,1.4007,0.2209,1.3557
12,hcp30,1,3,20,1.10,true,0.05437,0.00254,0.44561,2.41908,0.00508,1.4711,0.1991,1.4267
12,hcp30,1,3,20,1.20,true,0.05350,0.00252,0.46585,2.44316,0.00512,1.5452,0.1800,1.5011
12,hcp30,1,6,10,0.00,true,0.11263,0.00353,0.07129,1.95974,0.00405,0.4086,0.5587,0.4571
12,hcp30,1,6,10,0.10,true,0.12175,0.00366,0.07374,1.95326,0.00420,0.4609,0.4779,0.4751
12,hcp30,1,6,10,0.20,true,0.13312,0.00380,0.08165,1.95015,0.00441,0.5204,0.4069,0.5078
12,hcp30,1,6,10,0.30,true,0.13962,0.00388,0.09486,1.95739,0.00460,0.5810,0.3398,0.5522
12,hcp30,1,6,10,0.40,true,0.14613,0.00395,0.11287,1.96964,0.00482,0.6488,0.2800,0.6099
12,hcp30,1,6,10,0.50,true,0.14838,0.00397,0.13475,1.99021,0.00502,0.7210,0.2313,0.6753
12,hcp30,1,6,10,0.60,true,0.15038,0.00400,0.15912,2.01372,0.00522,0.7924,0.1874,0.7472
12,hcp30,1,6,10,0.70,true,0.14963,0.00399,0.18627,2.04301,0.00539,0.8673,0.1499,0.8259
12,hcp30,1,6,10,0.80,true,0.14438,0.00393,0.21655,2.08022,0.00552,0.9477,0.1196,0.9105
12,hcp30,1,6,10,0.90,true,0.14163,0.00390,0.24784,2.11620,0.00566,1.0349,0.0960,1.0016
12,hcp30,1,6,10,1.00,true,0.13850,0.00386,0.27829,2.15186,0.00578,1.1211,0.0785,1.0913
12,hcp30,1,6,10,1.10,true,0.13362,0.00380,0.31088,2.19181,0.00587,1.2124,0.0622,1.1884
12,hcp30,1,6,10,1.20,true,0.12562,0.00371,0.34367,2.23535,0.00590,1.3014,0.0479,1.2851
12,hcp30,1,6,15,0.00,true,0.07312,0.00291,0.16193,2.09256,0.00406,0.6023,0.5303,0.6730
12,hcp30,1,6,15,0.10,true,0.07825,0.00300,0.16554,2.09144,0.00417,0.6536,0.4760,0.6922
12,hcp30,1,6,15,0.20,true,0.08163,0.00306,0.17351,2.09664,0.00428,0.7069,0.4217,0.7215
12,hcp30,1,6,15,0.30,true,0.08350,0.00309,0.18488,2.10693,0.00440,0.7686,0.3760,0.7588
12,hcp30,1,6,15,0.40,true,0.08625,0.00314,0.19972,2.12005,0.00454,0.8290,0.3289,0.8061
12,hcp30,1,6,15,0.50,true,0.08775,0.00316,0.21710,2.13716,0.00468,0.8960,0.2901,0.8598
12,hcp30,1,6,15,0.60,true,0.08800,0.00317,0.23699,2.15826,0.00481,0.9608,0.2508,0.9201
12,hcp30,1,6,15,0.70,true,0.08500,0.00312,0.25949,2.18548,0.00488,1.0324,0.2186,0.9860
12,hcp30,1,6,15,0.80,true,0.08463,0.00311,0.28276,2.21103,0.00500,1.1105,0.1931,1.0576
12,hcp30,1,6,15,0.90,true,0.08175,0.00306,0.30766,2.24097,0.00507,1.1846,0.1663,1.1332
12,hcp30,1,6,15,1.00,true,0.07913,0.00302,0.33356,2.27194,0.00513,1.2636,0.1429,1.2145
12,hcp30,1,6,15,1.10,true,0.07675,0.00298,0.35831,2.30155,0.00519,1.3415,0.1242,1.2949
12,hcp30,1,6,15,1.20,true,0.07225,0.00289,0.38519,2.33580,0.00519,1.4237,0.1062,1.3820
12,hcp30,1,6,20,0.00,true,0.03825,0.00214,0.26620,2.23664,0.00388,0.7960,0.5233,0.9083
12,hcp30,1,6,20,0.10,true,0.03975,0.00218,0.26915,2.23861,0.00393,0.8450,0.4828,0.9249
12,hcp30,1,6,20,0.20,true,0.04088,0.00221,0.27507,2.24416,0.00399,0.8996,0.4448,0.9491
12,hcp30,1,6,20,0.30,true,0.04300,0.00227,0.28336,2.25128,0.00409,0.9575,0.4087,0.9809
12,hcp30,1,6,20,0.40,true,0.04337,0.00228,0.29407,2.26280,0.00415,1.0142,0.3725,1.0186
12,hcp30,1,6,20,0.50,true,0.04288,0.00226,0.30734,2.27798,0.00421,1.0745,0.3381,1.0633
12,hcp30,1,6,20,0.60,true,0.04337,0.00228,0.32161,2.29334,0.00429,1.1348,0.3059,1.1130
12,hcp30,1,6,20,0.70,true,0.04462,0.00231,0.33668,2.30893,0.00439,1.1969,0.2761,1.1675
12,hcp30,1,6,20,0.80,true,0.04350,0.00228,0.35364,2.32903,0.00444,1.2619,0.2484,1.2268
12,hcp30,1,6,20,0.90,true,0.04200,0.00224,0.37141,2.35053,0.00448,1.3306,0.2242,1.2897
12,hcp30,1,6,20,1.00,true,0.04063,0.00221,0.38964,2.37254,0.00452,1.4054,0.2052,1.3559
12,hcp30,1,6,20,1.10,true,0.03963,0.00218,0.40860,2.39509,0.00456,1.4777,0.1851,1.4265
12,hcp30,1,6,20,1.20,true,0.03800,0.00214,0.42882,2.41981,0.00458,1.5527,0.1654,1.5027
12,hcp30,2,12,10,0.00,true,0.20363,0.00450,0.05085,1.84810,0.00493,0.4052,0.6101,0.4357
12,hcp30,2,12,10,0.10,true,0.22575,0.00467,0.06084,1.83605,0.00522,0.4660,0.5368,0.4499
12,hcp30,2,12,10,0.20,true,0.24425,0.00480,0.07555,1.83248,0.00551,0.5235,0.4588,0.4787
12,hcp30,2,12,10,0.30,true,0.26000,0.00490,0.09390,1.83541,0.00580,0.5860,0.3907,0.5210
12,hcp30,2,12,10,0.40,true,0.26713,0.00495,0.11665,1.85151,0.00607,0.6491,0.3230,0.5745
12,hcp30,2,12,10,0.50,true,0.27237,0.00498,0.14221,1.87244,0.00635,0.7244,0.2721,0.6385
12,hcp30,2,12,10,0.60,true,0.27875,0.00501,0.16964,1.89429,0.00664,0.7967,0.2203,0.7129
12,hcp30,2,12,10,0.70,true,0.27887,0.00501,0.19844,1.92391,0.00688,0.8725,0.1794,0.7913
12,hcp30,2,12,10,0.80,true,0.27875,0.00501,0.22829,1.95506,0.00712,0.9514,0.1435,0.8772
12,hcp30,2,12,10,0.90,true,0.27575,0.00500,0.25850,1.98963,0.00732,1.0290,0.1122,0.9653
12,hcp30,2,12,10,1.00,true,0.27087,0.00497,0.28820,2.02575,0.00749,1.1112,0.0898,1.0546
12,hcp30,2,12,10,1.10,true,0.26650,0.00494,0.31730,2.06099,0.00765,1.1970,0.0724,1.1468
12,hcp30,2,12,10,1.20,true,0.26162,0.00491,0.34622,2.09678,0.00779,1.2881,0.0603,1.2416
12,hcp30,2,12,15,0.00,true,0.12437,0.00369,0.13689,2.01616,0.00476,0.6289,0.5692,0.6571
12,hcp30,2,12,15,0.10,true,0.13137,0.00378,0.14738,2.01987,0.00496,0.6815,0.5202,0.6701
12,hcp30,2,12,15,0.20,true,0.13875,0.00386,0.16108,2.02658,0.00518,0.7343,0.4689,0.6929
12,hcp30,2,12,15,0.30,true,0.14738,0.00396,0.17743,2.03486,0.00542,0.7921,0.4205,0.7265
12,hcp30,2,12,15,0.40,true,0.15363,0.00403,0.19511,2.04698,0.00564,0.8499,0.3778,0.7660
12,hcp30,2,12,15,0.50,true,0.15750,0.00407,0.21638,2.06532,0.00585,0.9089,0.3309,0.8168
12,hcp30,2,12,15,0.60,true,0.15987,0.00410,0.23927,2.08696,0.00605,0.9767,0.2928,0.8741
12,hcp30,2,12,15,0.70,true,0.16187,0.00412,0.26313,2.11014,0.00623,1.0444,0.2571,0.9371
12,hcp30,2,12,15,0.80,true,0.16362,0.00414,0.28790,2.13467,0.00641,1.1130,0.2228,1.0069
12,hcp30,2,12,15,0.90,true,0.16187,0.00412,0.31351,2.16378,0.00654,1.1856,0.1948,1.0794
12,hcp30,2,12,15,1.00,true,0.16162,0.00412,0.33871,2.19118,0.00668,1.2581,0.1680,1.1568
12,hcp30,2,12,15,1.10,true,0.16262,0.00413,0.36360,2.21723,0.00683,1.3403,0.1484,1.2390
12,hcp30,2,12,15,1.20,true,0.16087,0.00411,0.38936,2.24718,0.00694,1.4204,0.1281,1.3248
12,hcp30,2,12,20,0.00,true,0.08313,0.00309,0.22540,2.15042,0.00471,0.8300,0.5332,0.8655
12,hcp30,2,12,20,0.10,true,0.08712,0.00315,0.23519,2.15659,0.00486,0.8804,0.4953,0.8815
12,hcp30,2,12,20,0.20,true,0.09100,0.00322,0.24816,2.16629,0.00503,0.9365,0.4557,0.9072
12,hcp30,2,12,20,0.30,true,0.09362,0.00326,0.26279,2.17911,0.00518,0.9938,0.4179,0.9389
12,hcp30,2,12,20,0.40,true,0.09450,0.00327,0.27926,2.19574,0.00530,1.0560,0.3845,0.9767
12,hcp30,2,12,20,0.50,true,0.09900,0.00334,0.29510,2.20819,0.00548,1.1158,0.3549,1.0194
12,hcp30,2,12,20,0.60,true,0.10162,0.00338,0.31339,2.22527,0.00564,1.1735,0.3206,1.0700
12,hcp30,2,12,20,0.70,true,0.10088,0.00337,0.33303,2.24731,0.00574,1.2396,0.2928,1.1239
12,hcp30,2,12,20,0.80,true,0.10025,0.00336,0.35290,2.26966,0.00584,1.3061,0.2666,1.1823
12,hcp30,2,12,20,0.90,true,0.10075,0.00337,0.37302,2.29132,0.00596,1.3714,0.2403,1.2458
12,hcp30,2,12,20,1.00,true,0.10212,0.00339,0.39348,2.31265,0.00608,1.4407,0.2163,1.3148
12,hcp30,2,12,20,1.10,true,0.10187,0.00338,0.41473,2.33665,0.00617,1.5157,0.1955,1.3882
12,hcp30,2,12,20,1.20,true,0.10038,0.00336,0.43551,2.36159,0.00623,1.5865,0.1756,1.4618
12,hcp30,2,3,10,0.00,true,0.06475,0.00275,0.12358,2.06170,0.00367,0.1637,0.5357,0.4704
12,hcp30,2,3,10,0.10,true,0.09237,0.00324,0.12731,2.03798,0.00418,0.3430,0.4574,0.4880
12,hcp30,2,3,10,0.20,true,0.10887,0.00348,0.13913,2.03378,0.00451,0.4526,0.3870,0.5230
12,hcp30,2,3,10,0.30,true,0.12287,0.00367,0.15566,2.03703,0.00483,0.5307,0.3379,0.5668
12,hcp30,2,3,10,0.40,true,0.12550,0.00370,0.17949,2.05929,0.00502,0.6014,0.2883,0.6214
12,hcp30,2,3,10,0.50,true,0.13587,0.00383,0.20491,2.07563,0.00533,0.6664,0.2426,0.6833
12,hcp30,2,3,10,0.60,true,0.13812,0.00386,0.23271,2.10271,0.00554,0.7265,0.2029,0.7465
12,hcp30,2,3,10,0.70,true,0.14113,0.00389,0.26390,2.13278,0.00576,0.7935,0.1675,0.8194
12,hcp30,2,3,10,0.80,true,0.14125,0.00389,0.29295,2.16372,0.00592,0.8538,0.1380,0.8883
12,hcp30,2,3,10,0.90,true,0.14425,0.00393,0.32522,2.19550,0.00613,0.9298,0.1148,0.9708
12,hcp30,2,3,10,1.00,true,0.14588,0.00395,0.35543,2.22672,0.00631,1.0002,0.0938,1.0512
12,hcp30,2,3,10,1.10,true,0.14488,0.00394,0.38616,2.26149,0.00644,1.0736,0.0760,1.1347
12,hcp30,2,3,10,1.20,true,0.14488,0.00394,0.41580,2.29448,0.00657,1.1540,0.0639,1.2219
12,hcp30,2,3,15,0.00,true,0.03925,0.00217,0.24158,2.21096,0.00390,0.2471,0.5385,0.6953
12,hcp30,2,3,15,0.10,true,0.04738,0.00238,0.24630,2.20781,0.00409,0.4553,0.4619,0.7086
12,hcp30,2,3,15,0.20,true,0.05713,0.00259,0.25622,2.20852,0.00433,0.5712,0.4083,0.7356
12,hcp30,2,3,15,0.30,true,0.06375,0.00273,0.27029,2.21681,0.00452,0.6603,0.3678,0.7715
12,hcp30,2,3,15,0.40,true,0.07000,0.00285,0.28758,2.22897,0.00471,0.7375,0.3329,0.8157
12,hcp30,2,3,15,0.50,true,0.07237,0.00290,0.31092,2.25157,0.00485,0.8205,0.2998,0.8721
12,hcp30,2,3,15,0.60,true,0.07312,0.00291,0.33392,2.27559,0.00495,0.8842,0.2654,0.9280
12,hcp30,2,3,15,0.70,true,0.07625,0.00297,0.35735,2.29794,0.00511,0.9535,0.2383,0.9897
12,hcp30,2,3,15,0.80,true,0.07525,0.00295,0.38152,2.32539,0.00517,1.0145,0.2113,1.0517
12,hcp30,2,3,15,0.90,true,0.07750,0.00299,0.40735,2.35176,0.00531,1.0834,0.1843,1.1252
12,hcp30,2,3,15,1.00,true,0.08063,0.00304,0.43032,2.37438,0.00545,1.1506,0.1641,1.1956
12,hcp30,2,3,15,1.10,true,0.08100,0.00305,0.45430,2.40117,0.00554,1.2213,0.1462,1.2702
12,hcp30,2,3,15,1.20,true,0.08013,0.00304,0.47889,2.43022,0.00559,1.2937,0.1290,1.3491
12,hcp30,2,3,20,0.00,true,0.02750,0.00183,0.35522,2.34565,0.00414,0.3468,0.5284,0.9460
12,hcp30,2,3,20,0.10,true,0.03263,0.00199,0.35982,2.34547,0.00427,0.5828,0.4818,0.9582
12,hcp30,2,3,20,0.20,true,0.03662,0.00210,0.36741,2.34963,0.00437,0.7134,0.4354,0.9789
12,hcp30,2,3,20,0.30,true,0.03975,0.00218,0.37919,2.35930,0.00447,0.8206,0.4020,1.0111
12,hcp30,2,3,20,0.40,true,0.04213,0.00225,0.39231,2.37128,0.00455,0.9011,0.3692,1.0483
12,hcp30,2,3,20,0.50,true,0.04688,0.00236,0.40612,2.38182,0.00469,0.9762,0.3393,1.0921
12,hcp30,2,3,20,0.60,true,0.04738,0.00238,0.42309,2.40012,0.00473,1.0555,0.3177,1.1406
12,hcp30,2,3,20,0.70,true,0.04888,0.00241,0.44126,2.41899,0.00480,1.1284,0.2918,1.1963
12,hcp30,2,3,20,0.80,true,0.04988,0.00243,0.45839,2.43743,0.00487,1.1957,0.2708,1.2509
12,hcp30,2,3,20,0.90,true,0.05112,0.00246,0.47582,2.45624,0.00494,1.2653,0.2523,1.3102
12,hcp30,2,3,20,1.00,true,0.05237,0.00249,0.49375,2.47587,0.00502,1.3344,0.2332,1.3745
12,hcp30,2,3,20,1.10,true,0.05000,0.00244,0.51290,2.50085,0.00500,1.4029,0.2141,1.4416
12,hcp30,2,3,20,1.20,true,0.05038,0.00245,0.53063,2.52159,0.00505,1.4653,0.1951,1.5096
12,hcp30,2,6,10,0.00,true,0.10787,0.00347,0.07629,1.96962,0.00402,0.4006,0.5511,0.4609
12,hcp30,2,6,10,0.10,true,0.11837,0.00361,0.07657,1.95958,0.00416,0.4531,0.4733,0.4793
12,hcp30,2,6,10,0.20,true,0.12487,0.00370,0.08252,1.95940,0.00429,0.5152,0.4031,0.5121
12,hcp30,2,6,10,0.30,true,0.13225,0.00379,0.09335,1.96339,0.00446,0.5756,0.3323,0.5587
12,hcp30,2,6,10,0.40,true,0.13850,0.00386,0.10835,1.97287,0.00465,0.6437,0.2747,0.6157
12,hcp30,2,6,10,0.50,true,0.14238,0.00391,0.12751,1.98914,0.00483,0.7175,0.2234,0.6843
12,hcp30,2,6,10,0.60,true,0.14050,0.00389,0.14960,2.01432,0.00496,0.7951,0.1847,0.7575
12,hcp30,2,6,10,0.70,true,0.13837,0.00386,0.17459,2.04294,0.00509,0.8740,0.1477,0.8391
12,hcp30,2,6,10,0.80,true,0.13337,0.00380,0.19988,2.07487,0.00518,0.9485,0.1180,0.9191
12,hcp30,2,6,10,0.90,true,0.12787,0.00373,0.22858,2.11113,0.00526,1.0390,0.0977,1.0095
12,hcp30,2,6,10,1.00,true,0.12000,0.00363,0.26032,2.15322,0.00531,1.1329,0.0774,1.1084
12,hcp30,2,6,10,1.10,true,0.11288,0.00354,0.28991,2.19247,0.00534,1.2194,0.0610,1.2016
12,hcp30,2,6,10,1.20,true,0.10587,0.00344,0.31772,2.22989,0.00534,1.3055,0.0513,1.2900
12,hcp30,2,6,15,0.00,true,0.06400,0.00274,0.18048,2.12106,0.00396,0.6071,0.5303,0.6883
12,hcp30,2,6,15,0.10,true,0.06750,0.00280,0.18186,2.11938,0.00403,0.6573,0.4764,0.7072
12,hcp30,2,6,15,0.20,true,0.07013,0.00285,0.18709,2.12267,0.00411,0.7116,0.4233,0.7360
12,hcp30,2,6,15,0.30,true,0.07175,0.00289,0.19592,2.13076,0.00419,0.7686,0.3733,0.7738
12,hcp30,2,6,15,0.40,true,0.07387,0.00292,0.20804,2.14188,0.00430,0.8321,0.3273,0.8219
12,hcp30,2,6,15,0.50,true,0.07275,0.00290,0.22307,2.15940,0.00436,0.9026,0.2893,0.8762
12,hcp30,2,6,15,0.60,true,0.07162,0.00288,0.23999,2.17903,0.00443,0.9712,0.2543,0.9353
12,hcp30,2,6,15,0.70,true,0.06800,0.00281,0.25938,2.20387,0.00446,1.0415,0.2214,1.0006
12,hcp30,2,6,15,0.80,true,0.06713,0.00280,0.27953,2.22690,0.00455,1.1141,0.1925,1.0712
12,hcp30,2,6,15,0.90,true,0.06525,0.00276,0.30025,2.25166,0.00460,1.1894,0.1701,1.1433
12,hcp30,2,6,15,1.00,true,0.06075,0.00267,0.32460,2.28313,0.00461,1.2689,0.1449,1.2264
12,hcp30,2,6,15,1.10,true,0.05725,0.00260,0.34685,2.31144,0.00461,1.3419,0.1248,1.3042
12,hcp30,2,6,15,1.20,true,0.05437,0.00254,0.37082,2.34123,0.00462,1.4256,0.1075,1.3911
12,hcp30,2,6,20,0.00,true,0.03200,0.00197,0.29306,2.27177,0.00377,0.8024,0.5132,0.9289
12,hcp30,2,6,20,0.10,true,0.03300,0.00200,0.29539,2.27372,0.00379,0.8516,0.4740,0.9468
12,hcp30,2,6,20,0.20,true,0.03612,0.00209,0.30010,2.27618,0.00388,0.9115,0.4381,0.9746
12,hcp30,2,6,20,0.30,true,0.03587,0.00208,0.30739,2.28482,0.00390,0.9615,0.3963,1.0077
12,hcp30,2,6,20,0.40,true,0.03637,0.00209,0.31616,2.29440,0.00395,1.0246,0.3648,1.0466
12,hcp30,2,6,20,0.50,true,0.03662,0.00210,0.32661,2.30613,0.00400,1.0837,0.3305,1.0920
12,hcp30,2,6,20,0.60,true,0.03550,0.00207,0.33885,2.32123,0.00402,1.1559,0.3059,1.1421
12,hcp30,2,6,20,0.70,true,0.03575,0.00208,0.35177,2.33582,0.00409,1.2186,0.2773,1.1967
12,hcp30,2,6,20,0.80,true,0.03550,0.00207,0.36638,2.35290,0.00414,1.2908,0.2527,1.2579
12,hcp30,2,6,20,0.90,true,0.03438,0.00204,0.38225,2.37230,0.00417,1.3606,0.2281,1.3231
12,hcp30,2,6,20,1.00,true,0.03350,0.00201,0.39773,2.39111,0.00420,1.4272,0.2064,1.3881
12,hcp30,2,6,20,1.10,true,0.03238,0.00198,0.41382,2.41098,0.00422,1.4950,0.1860,1.4563
12,hcp30,2,6,20,1.20,true,0.03100,0.00194,0.43169,2.43326,0.00423,1.5652,0.1631,1.5335
12,hcp30,3,12,10,0.00,true,0.36612,0.00539,0.03248,1.66714,0.00574,0.4460,0.7356,0.4394
12,hcp30,3,12,10,0.10,true,0.40900,0.00550,0.03967,1.63169,0.00598,0.5055,0.6677,0.4492
12,hcp30,3,12,10,0.20,true,0.44288,0.00555,0.05025,1.60876,0.00621,0.5623,0.5869,0.4729
12,hcp30,3,12,10,0.30,true,0.47125,0.00558,0.06415,1.59480,0.00647,0.6356,0.5113,0.5147
12,hcp30,3,12,10,0.40,true,0.49338,0.00559,0.07987,1.58902,0.00673,0.7024,0.4318,0.5708
12,hcp30,3,12,10,0.50,true,0.50825,0.00559,0.09807,1.59314,0.00701,0.7771,0.3587,0.6405
12,hcp30,3,12,10,0.60,true,0.51925,0.00559,0.11673,1.60172,0.00729,0.8553,0.2975,0.7181
12,hcp30,3,12,10,0.70,true,0.52087,0.00559,0.13701,1.62145,0.00756,0.9309,0.2455,0.7993
12,hcp30,3,12,10,0.80,true,0.52038,0.00559,0.15866,1.64490,0.00784,1.0153,0.2028,0.8886
12,hcp30,3,12,10,0.90,true,0.51725,0.00559,0.18132,1.67219,0.00811,1.1029,0.1678,0.9825
12,hcp30,3,12,10,1.00,true,0.50900,0.00559,0.20519,1.70603,0.00837,1.1860,0.1372,1.0758
12,hcp30,3,12,10,1.10,true,0.50213,0.00559,0.22921,1.73889,0.00862,1.2778,0.1127,1.1765
12,hcp30,3,12,10,1.20,true,0.49325,0.00559,0.25177,1.77245,0.00884,1.3606,0.0913,1.2711
12,hcp30,3,12,15,0.00,true,0.23300,0.00473,0.09743,1.86793,0.00566,0.6596,0.6433,0.6495
12,hcp30,3,12,15,0.10,true,0.25225,0.00486,0.10755,1.85933,0.00593,0.7034,0.5893,0.6619
12,hcp30,3,12,15,0.20,true,0.26875,0.00496,0.12041,1.85640,0.00620,0.7608,0.5378,0.6834
12,hcp30,3,12,15,0.30,true,0.27963,0.00502,0.13602,1.86205,0.00645,0.8246,0.4886,0.7139
12,hcp30,3,12,15,0.40,true,0.29087,0.00508,0.15335,1.86923,0.00672,0.8882,0.4389,0.7554
12,hcp30,3,12,15,0.50,true,0.29637,0.00511,0.17213,1.88380,0.00695,0.9533,0.3942,0.8018
12,hcp30,3,12,15,0.60,true,0.30575,0.00515,0.19198,1.89575,0.00721,1.0213,0.3488,0.8611
12,hcp30,3,12,15,0.70,true,0.31262,0.00518,0.21299,1.91157,0.00746,1.0949,0.3090,0.9273
12,hcp30,3,12,15,0.80,true,0.31550,0.00520,0.23524,1.93287,0.00769,1.1667,0.2703,0.9990
12,hcp30,3,12,15,0.90,true,0.31625,0.00520,0.25754,1.95655,0.00789,1.2375,0.2355,1.0737
12,hcp30,3,12,15,1.00,true,0.31662,0.00520,0.27840,1.97922,0.00808,1.3086,0.2067,1.1496
12,hcp30,3,12,15,1.10,true,0.31438,0.00519,0.30037,2.00597,0.00825,1.3811,0.1789,1.2306
12,hcp30,3,12,15,1.20,true,0.31262,0.00518,0.32185,2.03191,0.00841,1.4570,0.1548,1.3151
12,hcp30,3,12,20,0.00,true,0.16375,0.00414,0.16509,2.00899,0.00554,0.8262,0.5925,0.8364
12,hcp30,3,12,20,0.10,true,0.17325,0.00423,0.17726,2.01253,0.00578,0.8813,0.5485,0.8500
12,hcp30,3,12,20,0.20,true,0.18013,0.00430,0.18956,2.01890,0.00598,0.9317,0.5106,0.8694
12,hcp30,3,12,20,0.30,true,0.18638,0.00435,0.20396,2.02825,0.00619,0.9882,0.4723,0.8959
12,hcp30,3,12,20,0.40,true,0.19175,0.00440,0.21982,2.04013,0.00639,1.0433,0.4333,0.9297
12,hcp30,3,12,20,0.50,true,0.19850,0.00446,0.23675,2.05190,0.00662,1.1023,0.3952,0.9727
12,hcp30,3,12,20,0.60,true,0.20275,0.00450,0.25530,2.06808,0.00682,1.1702,0.3614,1.0229
12,hcp30,3,12,20,0.70,true,0.20738,0.00453,0.27404,2.08425,0.00702,1.2427,0.3320,1.0783
12,hcp30,3,12,20,0.80,true,0.21313,0.00458,0.29268,2.09936,0.00723,1.3129,0.3023,1.1400
12,hcp30,3,12,20,0.90,true,0.21625,0.00460,0.31215,2.11815,0.00741,1.3800,0.2727,1.2052
12,hcp30,3,12,20,1.00,true,0.21700,0.00461,0.33236,2.14034,0.00757,1.4489,0.2451,1.2747
12,hcp30,3,12,20,1.10,true,0.21813,0.00462,0.35256,2.16236,0.00772,1.5226,0.2203,1.3494
12,hcp30,3,12,20,1.20,true,0.21788,0.00462,0.37256,2.18576,0.00786,1.5998,0.1993,1.4266
12,hcp30,3,3,10,0.00,true,0.04288,0.00226,0.23685,2.20124,0.00398,0.2040,0.5108,0.5113
12,hcp30,3,3,10,0.10,true,0.05613,0.00257,0.23143,2.18278,0.00422,0.2500,0.3578,0.5249
12,hcp30,3,3,10,0.20,true,0.06638,0.00278,0.23379,2.17561,0.00441,0.3113,0.2355,0.5567
12,hcp30,3,3,10,0.30,true,0.07375,0.00292,0.24366,2.17924,0.00455,0.3825,0.1669,0.6000
12,hcp30,3,3,10,0.40,true,0.07812,0.00300,0.26545,2.19860,0.00467,0.4765,0.1235,0.6644
12,hcp30,3,3,10,0.50,true,0.08075,0.00305,0.29243,2.22527,0.00478,0.5640,0.1016,0.7316
12,hcp30,3,3,10,0.60,true,0.08388,0.00310,0.32171,2.25403,0.00492,0.6447,0.0883,0.8013
12,hcp30,3,3,10,0.70,true,0.08750,0.00316,0.35551,2.28732,0.00508,0.7270,0.0785,0.8797
12,hcp30,3,3,10,0.80,true,0.09137,0.00322,0.38787,2.31910,0.00525,0.8023,0.0725,0.9573
12,hcp30,3,3,10,0.90,true,0.09212,0.00323,0.42030,2.35433,0.00536,0.8712,0.0654,1.0362
12,hcp30,3,3,10,1.00,true,0.09625,0.00330,0.44958,2.38315,0.00554,0.9365,0.0595,1.1161
12,hcp30,3,3,10,1.10,true,0.10088,0.00337,0.47677,2.40957,0.00573,0.9984,0.0532,1.1973
12,hcp30,3,3,10,1.20,true,0.09888,0.00334,0.50564,2.44487,0.00577,1.0617,0.0477,1.2813
12,hcp30,3,3,15,0.00,true,0.02950,0.00189,0.38564,2.37620,0.00433,0.3386,0.5008,0.7747
12,hcp30,3,3,15,0.10,true,0.03562,0.00207,0.38465,2.36951,0.00447,0.3803,0.4036,0.7856
12,hcp30,3,3,15,0.20,true,0.04025,0.00220,0.38793,2.36905,0.00456,0.4391,0.3230,0.8088
12,hcp30,3,3,15,0.30,true,0.04713,0.00237,0.39504,2.37062,0.00471,0.5018,0.2513,0.8439
12,hcp30,3,3,15,0.40,true,0.05312,0.00251,0.40654,2.37799,0.00484,0.5764,0.1992,0.8902
12,hcp30,3,3,15,0.50,true,0.05488,0.00255,0.42267,2.39466,0.00488,0.6545,0.1583,0.9436
12,hcp30,3,3,15,0.60,true,0.05475,0.00254,0.44203,2.41683,0.00487,0.7368,0.1307,1.0031
12,hcp30,3,3,15,0.70,true,0.05375,0.00252,0.46480,2.44372,0.00485,0.8243,0.1131,1.0699
12,hcp30,3,3,15,0.80,true,0.05475,0.00254,0.48640,2.46753,0.00488,0.9060,0.1025,1.1367
12,hcp30,3,3,15,0.90,true,0.05575,0.00257,0.50952,2.49332,0.00491,0.9879,0.0915,1.2107
12,hcp30,3,3,15,1.00,true,0.05775,0.00261,0.53239,2.51811,0.00498,1.0712,0.0856,1.2883
12,hcp30,3,3,15,1.10,true,0.05925,0.00264,0.55361,2.54173,0.00504,1.1468,0.0811,1.3635
12,hcp30,3,3,15,1.20,true,0.05900,0.00263,0.57567,2.56847,0.00505,1.2215,0.0753,1.4437
12,hcp30,3,3,20,0.00,true,0.01887,0.00152,0.50271,2.52314,0.00435,0.4972,0.5089,1.0654
12,hcp30,3,3,20,0.10,true,0.02150,0.00162,0.50323,2.52153,0.00441,0.5416,0.4410,1.0736
12,hcp30,3,3,20,0.20,true,0.02500,0.00175,0.50656,2.52229,0.00450,0.5975,0.3833,1.0923
12,hcp30,3,3,20,0.30,true,0.02700,0.00181,0.51250,2.52758,0.00454,0.6534,0.3236,1.1190
12,hcp30,3,3,20,0.40,true,0.03050,0.00192,0.52029,2.53359,0.00461,0.7183,0.2744,1.1545
12,hcp30,3,3,20,0.50,true,0.03138,0.00195,0.53116,2.54574,0.00461,0.7899,0.2328,1.1970
12,hcp30,3,3,20,0.60,true,0.03300,0.00200,0.54322,2.55872,0.00464,0.8681,0.2005,1.2467
12,hcp30,3,3,20,0.70,true,0.03500,0.00205,0.55697,2.57339,0.00467,0.9517,0.1759,1.3032
12,hcp30,3,3,20,0.80,true,0.03650,0.00210,0.57041,2.58836,0.00470,1.0327,0.1585,1.3598
12,hcp30,3,3,20,0.90,true,0.03988,0.00219,0.58494,2.60294,0.00478,1.1184,0.1420,1.4260
12,hcp30,3,3,20,1.00,true,0.03762,0.00213,0.60294,2.62712,0.00469,1.2039,0.1279,1.4952
12,hcp30,3,3,20,1.10,true,0.03950,0.00218,0.61707,2.64308,0.00474,1.2837,0.1196,1.5621
12,hcp30,3,3,20,1.20,true,0.03837,0.00215,0.63366,2.66526,0.00468,1.3679,0.1104,1.6373
12,hcp30,3,6,10,0.00,true,0.10175,0.00338,0.09935,2.00043,0.00406,0.4029,0.5470,0.4607
12,hcp30,3,6,10,0.10,true,0.10862,0.00348,0.10010,1.99447,0.00416,0.4539,0.4708,0.4780
12,hcp30,3,6,10,0.20,true,0.11887,0.00362,0.10535,1.98986,0.00433,0.5134,0.3949,0.5132
12,hcp30,3,6,10,0.30,true,0.12325,0.00368,0.11426,1.99496,0.00444,0.5749,0.3272,0.5591
12,hcp30,3,6,10,0.40,true,0.12312,0.00367,0.12632,2.00792,0.00450,0.6439,0.2706,0.6162
12,hcp30,3,6,10,0.50,true,0.12300,0.00367,0.14057,2.02326,0.00458,0.7136,0.2202,0.6818
12,hcp30,3,6,10,0.60,true,0.12075,0.00364,0.15779,2.04395,0.00465,0.7939,0.1771,0.7601
12,hcp30,3,6,10,0.70,true,0.11837,0.00361,0.17479,2.06460,0.00470,0.8666,0.1405,0.8378
12,hcp30,3,6,10,0.80,true,0.11075,0.00351,0.19420,2.09320,0.00468,0.9510,0.1137,0.9234
12,hcp30,3,6,10,0.90,true,0.10200,0.00338,0.21472,2.12427,0.00462,1.0386,0.0906,1.0146
12,hcp30,3,6,10,1.00,true,0.09425,0.00327,0.23434,2.15351,0.00457,1.1207,0.0720,1.1023
12,hcp30,3,6,10,1.10,true,0.08725,0.00316,0.25397,2.18215,0.00452,1.2054,0.0582,1.1914
12,hcp30,3,6,10,1.20,true,0.07875,0.00301,0.27516,2.21417,0.00442,1.2963,0.0457,1.2877
12,hcp30,3,6,15,0.00,true,0.05538,0.00256,0.22578,2.17949,0.00396,0.6252,0.5175,0.7041
12,hcp30,3,6,15,0.10,true,0.05688,0.00259,0.22603,2.17856,0.00398,0.6762,0.4701,0.7222
12,hcp30,3,6,15,0.20,true,0.05875,0.00263,0.22878,2.17999,0.00402,0.7319,0.4202,0.7514
12,hcp30,3,6,15,0.30,true,0.06025,0.00266,0.23436,2.18488,0.00407,0.7925,0.3739,0.7901
12,hcp30,3,6,15,0.40,true,0.05850,0.00262,0.24205,2.19536,0.00406,0.8564,0.3340,0.8342
12,hcp30,3,6,15,0.50,true,0.05862,0.00263,0.25194,2.20640,0.00410,0.9189,0.2921,0.8875
12,hcp30,3,6,15,0.60,true,0.05887,0.00263,0.26358,2.21927,0.00415,0.9866,0.2540,0.9495
12,hcp30,3,6,15,0.70,true,0.05688,0.00259,0.27678,2.23620,0.00415,1.0580,0.2212,1.0164
12,hcp30,3,6,15,0.80,true,0.05350,0.00252,0.29022,2.25480,0.00412,1.1224,0.1914,1.0825
12,hcp30,3,6,15,0.90,true,0.05237,0.00249,0.30534,2.27320,0.00414,1.2022,0.1657,1.1613
12,hcp30,3,6,15,1.00,true,0.04850,0.00240,0.32000,2.29388,0.00409,1.2713,0.1427,1.2349
12,hcp30,3,6,15,1.10,true,0.04662,0.00236,0.33525,2.31339,0.00408,1.3449,0.1208,1.3156
12,hcp30,3,6,15,1.20,true,0.04337,0.00228,0.35132,2.33530,0.00404,1.4244,0.1028,1.4003
12,hcp30,3,6,20,0.00,true,0.03087,0.00193,0.34806,2.33623,0.00391,0.8239,0.5145,0.9508
12,hcp30,3,6,20,0.10,true,0.03075,0.00193,0.34868,2.33743,0.00389,0.8684,0.4710,0.9696
12,hcp30,3,6,20,0.20,true,0.03150,0.00195,0.35116,2.33987,0.00391,0.9239,0.4334,0.9964
12,hcp30,3,6,20,0.30,true,0.03338,0.00201,0.35498,2.34274,0.00395,0.9854,0.4004,1.0305
12,hcp30,3,6,20,0.40,true,0.03375,0.00202,0.36039,2.34895,0.00396,1.0383,0.3613,1.0711
12,hcp30,3,6,20,0.50,true,0.03338,0.00201,0.36697,2.35731,0.00396,1.1005,0.3296,1.1167
12,hcp30,3,6,20,0.60,true,0.03150,0.00195,0.37450,2.36832,0.00392,1.1609,0.2992,1.1656
12,hcp30,3,6,20,0.70,true,0.03100,0.00194,0.38303,2.37923,0.00392,1.2334,0.2743,1.2221
12,hcp30,3,6,20,0.80,true,0.03100,0.00194,0.39178,2.38991,0.00394,1.2989,0.2500,1.2800
12,hcp30,3,6,20,0.90,true,0.03012,0.00191,0.40172,2.40301,0.00393,1.3693,0.2254,1.3456
12,hcp30,3,6,20,1.00,true,0.02863,0.00186,0.41151,2.41656,0.00391,1.4365,0.2062,1.4081
12,hcp30,3,6,20,1.10,true,0.02675,0.00180,0.42253,2.43205,0.00387,1.5073,0.1853,1.4787
12,hcp30,3,6,20,1.20,true,0.02538,0.00176,0.43365,2.44725,0.00384,1.5781,0.1663,1.5512
