stimp,skill,slope_pct,clock,length_ft,rollout_m,solve_ok,make,make_se,three_plus,exp_strokes,exp_strokes_se,mean_past_miss_m,pct_miss_short,mean_leave_m,de_vs_best,de_pair_se
8,tour,0,12,10,0.00,true,0.27663,0.00500,0.00006,1.72344,0.00500,0.1652,0.6333,0.1966,0.10829,0.00478
8,tour,0,12,10,0.10,true,0.34625,0.00532,0.00013,1.65388,0.00532,0.2103,0.4166,0.2144,0.03874,0.00379
8,tour,0,12,10,0.20,true,0.37888,0.00542,0.00045,1.62157,0.00543,0.2710,0.2324,0.2665,0.00643,0.00253
8,tour,0,12,10,0.30,true,0.38612,0.00544,0.00127,1.61514,0.00545,0.3453,0.1155,0.3421,0.00000,0.00000
8,tour,0,12,10,0.40,true,0.38262,0.00543,0.00304,1.62041,0.00546,0.4282,0.0480,0.4315,0.00527,0.00218
8,tour,0,12,10,0.50,true,0.36538,0.00538,0.00654,1.64117,0.00544,0.5207,0.0209,0.5268,0.02602,0.00285
8,tour,0,12,10,0.60,true,0.34775,0.00532,0.01245,1.66470,0.00543,0.6159,0.0086,0.6238,0.04955,0.00323
8,tour,0,12,10,0.70,true,0.32925,0.00525,0.02139,1.69214,0.00543,0.7135,0.0022,0.7229,0.07700,0.00357
8,tour,0,12,10,0.80,true,0.30888,0.00517,0.03377,1.72490,0.00544,0.8136,0.0013,0.8220,0.10975,0.00388
8,tour,0,12,10,0.90,true,0.29237,0.00509,0.04937,1.75700,0.00547,0.9133,0.0009,0.9211,0.14185,0.00412
8,tour,0,12,10,1.00,true,0.27037,0.00497,0.06885,1.79848,0.00547,1.0137,0.0000,1.0215,0.18333,0.00442
8,tour,0,12,10,1.10,true,0.25225,0.00486,0.09107,1.83883,0.00550,1.1143,0.0000,1.1216,0.22368,0.00466
8,tour,0,12,10,1.20,true,0.23037,0.00471,0.11682,1.88645,0.00549,1.2157,0.0000,1.2225,0.27131,0.00491
8,tour,0,12,15,0.00,true,0.15525,0.00405,0.00096,1.84571,0.00405,0.2410,0.5756,0.2873,0.06187,0.00413
8,tour,0,12,15,0.10,true,0.18575,0.00435,0.00132,1.81557,0.00436,0.2919,0.4467,0.3021,0.03172,0.00354
8,tour,0,12,15,0.20,true,0.20825,0.00454,0.00247,1.79422,0.00456,0.3432,0.3139,0.3404,0.01038,0.00281
8,tour,0,12,15,0.30,true,0.21838,0.00462,0.00476,1.78638,0.00465,0.4088,0.2170,0.3973,0.00254,0.00195
8,tour,0,12,15,0.40,true,0.22475,0.00467,0.00859,1.78384,0.00473,0.4776,0.1356,0.4701,0.00000,0.00000
8,tour,0,12,15,0.50,true,0.22337,0.00466,0.01450,1.79112,0.00476,0.5539,0.0781,0.5536,0.00728,0.00177
8,tour,0,12,15,0.60,true,0.21788,0.00462,0.02297,1.80509,0.00477,0.6387,0.0443,0.6435,0.02125,0.00235
8,tour,0,12,15,0.70,true,0.21063,0.00456,0.03437,1.82375,0.00479,0.7291,0.0234,0.7384,0.03990,0.00275
8,tour,0,12,15,0.80,true,0.19925,0.00447,0.04875,1.84950,0.00479,0.8224,0.0122,0.8344,0.06566,0.00307
8,tour,0,12,15,0.90,true,0.18625,0.00435,0.06624,1.87999,0.00478,0.9192,0.0072,0.9314,0.09615,0.00336
8,tour,0,12,15,1.00,true,0.17350,0.00423,0.08695,1.91345,0.00477,1.0188,0.0044,1.0310,0.12961,0.00363
8,tour,0,12,15,1.10,true,0.16237,0.00412,0.10987,1.94750,0.00478,1.1167,0.0024,1.1291,0.16366,0.00383
8,tour,0,12,15,1.20,true,0.14763,0.00397,0.13585,1.98824,0.00473,1.2166,0.0016,1.2285,0.20439,0.00409
8,tour,0,12,20,0.00,true,0.10050,0.00336,0.00415,1.90365,0.00338,0.3230,0.5443,0.3774,0.02365,0.00297
8,tour,0,12,20,0.10,true,0.11513,0.00357,0.00524,1.89011,0.00360,0.3665,0.4393,0.3915,0.01012,0.00248
8,tour,0,12,20,0.20,true,0.12600,0.00371,0.00778,1.88178,0.00375,0.4207,0.3438,0.4251,0.00178,0.00169
8,tour,0,12,20,0.30,true,0.13200,0.00378,0.01199,1.87999,0.00385,0.4766,0.2558,0.4737,0.00000,0.00000
8,tour,0,12,20,0.40,true,0.13350,0.00380,0.01802,1.88452,0.00391,0.5410,0.1868,0.5346,0.00453,0.00160
8,tour,0,12,20,0.50,true,0.13350,0.00380,0.02620,1.89270,0.00396,0.6081,0.1268,0.6068,0.01271,0.00218
8,tour,0,12,20,0.60,true,0.13187,0.00378,0.03696,1.90509,0.00400,0.6852,0.0860,0.6875,0.02509,0.00252
8,tour,0,12,20,0.70,true,0.12925,0.00375,0.05031,1.92107,0.00405,0.7670,0.0547,0.7754,0.04107,0.00283
8,tour,0,12,20,0.80,true,0.12212,0.00366,0.06662,1.94450,0.00405,0.8540,0.0335,0.8676,0.06451,0.00313
8,tour,0,12,20,0.90,true,0.11450,0.00356,0.08532,1.97082,0.00405,0.9434,0.0191,0.9616,0.09083,0.00333
8,tour,0,12,20,1.00,true,0.10562,0.00344,0.10665,2.00104,0.00403,1.0378,0.0117,1.0573,0.12105,0.00353
8,tour,0,12,20,1.10,true,0.09888,0.00334,0.13020,2.03134,0.00403,1.1354,0.0074,1.1555,0.15135,0.00373
8,tour,0,12,20,1.20,true,0.08950,0.00319,0.15616,2.06668,0.00399,1.2325,0.0036,1.2539,0.18669,0.00393
8,scratch,0,12,10,0.00,true,0.24250,0.00479,0.00024,1.75774,0.00479,0.1773,0.6183,0.2115,0.08627,0.00457
8,scratch,0,12,10,0.10,true,0.29738,0.00511,0.00049,1.70311,0.00511,0.2219,0.4163,0.2295,0.03165,0.00357
8,scratch,0,12,10,0.20,true,0.32725,0.00525,0.00127,1.67402,0.00526,0.2803,0.2428,0.2791,0.00256,0.00239
8,scratch,0,12,10,0.30,true,0.33163,0.00526,0.00309,1.67147,0.00529,0.3530,0.1330,0.3504,0.00000,0.00000
8,scratch,0,12,10,0.40,true,0.32775,0.00525,0.00669,1.67894,0.00530,0.4342,0.0632,0.4370,0.00748,0.00210
8,scratch,0,12,10,0.50,true,0.31538,0.00520,0.01279,1.69742,0.00530,0.5237,0.0274,0.5313,0.02595,0.00280
8,scratch,0,12,10,0.60,true,0.30088,0.00513,0.02220,1.72133,0.00531,0.6177,0.0122,0.6274,0.04987,0.00318
8,scratch,0,12,10,0.70,true,0.28525,0.00505,0.03533,1.75008,0.00532,0.7132,0.0045,0.7243,0.07862,0.00348
8,scratch,0,12,10,0.80,true,0.26613,0.00494,0.05285,1.78673,0.00534,0.8127,0.0019,0.8236,0.11526,0.00382
8,scratch,0,12,10,0.90,true,0.24875,0.00483,0.07390,1.82516,0.00536,0.9119,0.0010,0.9223,0.15369,0.00407
8,scratch,0,12,10,1.00,true,0.23225,0.00472,0.09826,1.86603,0.00539,1.0119,0.0007,1.0216,0.19456,0.00432
8,scratch,0,12,10,1.10,true,0.21550,0.00460,0.12584,1.91037,0.00542,1.1134,0.0000,1.1230,0.23891,0.00459
8,scratch,0,12,10,1.20,true,0.19550,0.00443,0.15601,1.96055,0.00539,1.2144,0.0000,1.2236,0.28908,0.00486
8,scratch,0,12,15,0.00,true,0.12712,0.00372,0.00261,1.87548,0.00374,0.2580,0.5616,0.3141,0.04630,0.00345
8,scratch,0,12,15,0.10,true,0.15150,0.00401,0.00340,1.85190,0.00403,0.3084,0.4442,0.3289,0.02272,0.00286
8,scratch,0,12,15,0.20,true,0.16975,0.00420,0.00563,1.83588,0.00423,0.3582,0.3207,0.3654,0.00670,0.00197
8,scratch,0,12,15,0.30,true,0.18050,0.00430,0.00968,1.82918,0.00436,0.4207,0.2257,0.4197,0.00000,0.00000
8,scratch,0,12,15,0.40,true,0.18563,0.00435,0.01615,1.83053,0.00445,0.4910,0.1521,0.4891,0.00135,0.00180
8,scratch,0,12,15,0.50,true,0.18300,0.00432,0.02546,1.84247,0.00449,0.5668,0.0975,0.5686,0.01329,0.00241
8,scratch,0,12,15,0.60,true,0.17763,0.00427,0.03785,1.86023,0.00452,0.6461,0.0572,0.6547,0.03105,0.00282
8,scratch,0,12,15,0.70,true,0.17037,0.00420,0.05357,1.88320,0.00455,0.7346,0.0351,0.7461,0.05402,0.00315
8,scratch,0,12,15,0.80,true,0.16325,0.00413,0.07243,1.90920,0.00458,0.8248,0.0193,0.8406,0.08002,0.00341
8,scratch,0,12,15,0.90,true,0.15313,0.00403,0.09457,1.94146,0.00460,0.9191,0.0102,0.9373,0.11228,0.00366
8,scratch,0,12,15,1.00,true,0.14188,0.00390,0.11942,1.97757,0.00459,1.0163,0.0064,1.0344,0.14840,0.00389
8,scratch,0,12,15,1.10,true,0.13225,0.00379,0.14656,2.01435,0.00460,1.1151,0.0042,1.1328,0.18517,0.00408
8,scratch,0,12,15,1.20,true,0.12112,0.00365,0.17591,2.05484,0.00458,1.2142,0.0024,1.2320,0.22567,0.00430
8,scratch,0,12,20,0.00,true,0.07625,0.00297,0.00977,1.93352,0.00301,0.3477,0.5352,0.4199,0.01446,0.00265
8,scratch,0,12,20,0.10,true,0.08650,0.00314,0.01170,1.92520,0.00320,0.3896,0.4361,0.4348,0.00614,0.00216
8,scratch,0,12,20,0.20,true,0.09663,0.00330,0.01574,1.91911,0.00339,0.4417,0.3498,0.4660,0.00006,0.00159
8,scratch,0,12,20,0.30,true,0.10312,0.00340,0.02218,1.91905,0.00353,0.4963,0.2663,0.5128,0.00000,0.00000
8,scratch,0,12,20,0.40,true,0.10237,0.00339,0.03115,1.92878,0.00357,0.5599,0.2033,0.5692,0.00972,0.00129
8,scratch,0,12,20,0.50,true,0.10300,0.00340,0.04305,1.94006,0.00365,0.6278,0.1463,0.6389,0.02100,0.00192
8,scratch,0,12,20,0.60,true,0.10013,0.00336,0.05793,1.95782,0.00370,0.6993,0.0992,0.7165,0.03876,0.00234
8,scratch,0,12,20,0.70,true,0.09738,0.00331,0.07546,1.97810,0.00375,0.7792,0.0679,0.7999,0.05905,0.00265
8,scratch,0,12,20,0.80,true,0.09300,0.00325,0.09560,2.00263,0.00379,0.8636,0.0456,0.8879,0.08357,0.00290
8,scratch,0,12,20,0.90,true,0.08837,0.00317,0.11812,2.02978,0.00383,0.9494,0.0277,0.9791,0.11073,0.00310
8,scratch,0,12,20,1.00,true,0.08188,0.00307,0.14315,2.06133,0.00383,1.0417,0.0176,1.0734,0.14227,0.00334
8,scratch,0,12,20,1.10,true,0.07550,0.00295,0.16992,2.09448,0.00382,1.1351,0.0110,1.1681,0.17543,0.00348
8,scratch,0,12,20,1.20,true,0.06975,0.00285,0.19820,2.12853,0.00382,1.2319,0.0074,1.2647,0.20948,0.00365
8,mid,0,12,10,0.00,true,0.18600,0.00435,0.00114,1.81514,0.00436,0.1925,0.5891,0.2369,0.06072,0.00409
8,mid,0,12,10,0.10,true,0.22550,0.00467,0.00189,1.77639,0.00468,0.2380,0.4078,0.2564,0.02197,0.00320
8,mid,0,12,10,0.20,true,0.24838,0.00483,0.00417,1.75579,0.00486,0.2947,0.2516,0.3036,0.00138,0.00213
8,mid,0,12,10,0.30,true,0.25425,0.00487,0.00866,1.75441,0.00493,0.3639,0.1475,0.3701,0.00000,0.00000
8,mid,0,12,10,0.40,true,0.24963,0.00484,0.01651,1.76689,0.00496,0.4432,0.0826,0.4507,0.01247,0.00192
8,mid,0,12,10,0.50,true,0.24250,0.00479,0.02851,1.78602,0.00500,0.5285,0.0396,0.5414,0.03161,0.00264
8,mid,0,12,10,0.60,true,0.22950,0.00470,0.04517,1.81569,0.00503,0.6190,0.0198,0.6342,0.06128,0.00303
8,mid,0,12,10,0.70,true,0.21788,0.00462,0.06652,1.84868,0.00508,0.7137,0.0101,0.7299,0.09426,0.00334
8,mid,0,12,10,0.80,true,0.20287,0.00450,0.09283,1.89001,0.00512,0.8104,0.0042,0.8276,0.13560,0.00366
8,mid,0,12,10,0.90,true,0.18900,0.00438,0.12300,1.93409,0.00516,0.9090,0.0017,0.9263,0.17968,0.00393
8,mid,0,12,10,1.00,true,0.17275,0.00423,0.15682,1.98421,0.00517,1.0095,0.0012,1.0258,0.22979,0.00420
8,mid,0,12,10,1.10,true,0.15950,0.00409,0.19239,2.03308,0.00519,1.1103,0.0007,1.1260,0.27867,0.00446
8,mid,0,12,10,1.20,true,0.14150,0.00390,0.23049,2.08926,0.00512,1.2104,0.0001,1.2260,0.33484,0.00473
8,mid,0,12,15,0.00,true,0.09287,0.00325,0.00930,1.91643,0.00329,0.2814,0.5483,0.3625,0.01970,0.00263
8,mid,0,12,15,0.10,true,0.10787,0.00347,0.01122,1.90335,0.00353,0.3315,0.4414,0.3782,0.00661,0.00186
8,mid,0,12,15,0.20,true,0.11950,0.00363,0.01623,1.89673,0.00372,0.3824,0.3322,0.4134,0.00000,0.00000
8,mid,0,12,15,0.30,true,0.12712,0.00372,0.02437,1.89726,0.00387,0.4419,0.2442,0.4635,0.00053,0.00160
8,mid,0,12,15,0.40,true,0.13012,0.00376,0.03624,1.90613,0.00398,0.5086,0.1729,0.5275,0.00940,0.00227
8,mid,0,12,15,0.50,true,0.12925,0.00375,0.05181,1.92259,0.00407,0.5804,0.1187,0.6007,0.02586,0.00263
8,mid,0,12,15,0.60,true,0.12662,0.00372,0.07115,1.94457,0.00416,0.6563,0.0763,0.6819,0.04784,0.00295
8,mid,0,12,15,0.70,true,0.12200,0.00366,0.09446,1.97254,0.00423,0.7393,0.0474,0.7694,0.07580,0.00324
8,mid,0,12,15,0.80,true,0.11588,0.00358,0.12128,2.00551,0.00429,0.8299,0.0314,0.8611,0.10878,0.00351
8,mid,0,12,15,0.90,true,0.10762,0.00346,0.15093,2.04345,0.00431,0.9194,0.0181,0.9541,0.14672,0.00373
8,mid,0,12,15,1.00,true,0.09988,0.00335,0.18297,2.08330,0.00433,1.0134,0.0101,1.0499,0.18657,0.00395
8,mid,0,12,15,1.10,true,0.09237,0.00324,0.21656,2.12446,0.00434,1.1106,0.0067,1.1464,0.22773,0.00412
8,mid,0,12,15,1.20,true,0.08275,0.00308,0.25208,2.16969,0.00429,1.2091,0.0046,1.2442,0.27295,0.00431
8,mid,0,12,20,0.00,true,0.05025,0.00244,0.03167,1.98143,0.00261,0.3782,0.5278,0.5001,0.00221,0.00140
8,mid,0,12,20,0.10,true,0.05625,0.00258,0.03546,1.97922,0.00277,0.4215,0.4395,0.5165,0.00000,0.00000
8,mid,0,12,20,0.20,true,0.06212,0.00270,0.04274,1.98064,0.00294,0.4717,0.3588,0.5471,0.00142,0.00136
8,mid,0,12,20,0.30,true,0.06713,0.00280,0.05368,1.98659,0.00311,0.5261,0.2834,0.5915,0.00737,0.00193
8,mid,0,12,20,0.40,true,0.06575,0.00277,0.06827,2.00257,0.00318,0.5844,0.2185,0.6446,0.02335,0.00219
8,mid,0,12,20,0.50,true,0.06588,0.00277,0.08618,2.02037,0.00329,0.6540,0.1701,0.7087,0.04115,0.00253
8,mid,0,12,20,0.60,true,0.06563,0.00277,0.10705,2.04152,0.00340,0.7213,0.1235,0.7799,0.06230,0.00279
8,mid,0,12,20,0.70,true,0.06400,0.00274,0.13090,2.06704,0.00350,0.7965,0.0897,0.8573,0.08781,0.00301
8,mid,0,12,20,0.80,true,0.06212,0.00270,0.15730,2.09536,0.00358,0.8767,0.0637,0.9405,0.11614,0.00324
8,mid,0,12,20,0.90,true,0.06012,0.00266,0.18566,2.12578,0.00366,0.9599,0.0436,1.0275,0.14656,0.00341
8,mid,0,12,20,1.00,true,0.05538,0.00256,0.21618,2.16113,0.00367,1.0459,0.0282,1.1172,0.18190,0.00359
8,mid,0,12,20,1.10,true,0.05162,0.00247,0.24789,2.19668,0.00369,1.1375,0.0191,1.2097,0.21745,0.00374
8,mid,0,12,20,1.20,true,0.04537,0.00233,0.28076,2.23590,0.00363,1.2296,0.0122,1.3028,0.25668,0.00386
8,high,0,12,10,0.00,true,0.14988,0.00399,0.00422,1.85434,0.00401,0.2102,0.5726,0.2666,0.03778,0.00328
8,high,0,12,10,0.10,true,0.17688,0.00427,0.00611,1.82924,0.00430,0.2564,0.4112,0.2862,0.01268,0.00229
8,high,0,12,10,0.20,true,0.19462,0.00443,0.01118,1.81657,0.00450,0.3118,0.2711,0.3304,0.00000,0.00000
8,high,0,12,10,0.30,true,0.19875,0.00446,0.02031,1.82159,0.00460,0.3777,0.1682,0.3931,0.00502,0.00208
8,high,0,12,10,0.40,true,0.19762,0.00445,0.03439,1.83682,0.00469,0.4548,0.1030,0.4695,0.02025,0.00270
8,high,0,12,10,0.50,true,0.19187,0.00440,0.05402,1.86223,0.00478,0.5360,0.0574,0.5548,0.04566,0.00313
8,high,0,12,10,0.60,true,0.18188,0.00431,0.07926,1.89752,0.00485,0.6239,0.0310,0.6458,0.08095,0.00350
8,high,0,12,10,0.70,true,0.17075,0.00421,0.10982,1.93928,0.00492,0.7166,0.0161,0.7408,0.12272,0.00383
8,high,0,12,10,0.80,true,0.15850,0.00408,0.14404,1.98585,0.00497,0.8119,0.0091,0.8365,0.16929,0.00408
8,high,0,12,10,0.90,true,0.14613,0.00395,0.18158,2.03589,0.00500,0.9090,0.0041,0.9346,0.21933,0.00435
8,high,0,12,10,1.00,true,0.13275,0.00379,0.22111,2.08897,0.00500,1.0074,0.0020,1.0328,0.27240,0.00457
8,high,0,12,10,1.10,true,0.12100,0.00365,0.26135,2.14117,0.00498,1.1073,0.0016,1.1317,0.32460,0.00475
8,high,0,12,10,1.20,true,0.11050,0.00351,0.30169,2.19226,0.00496,1.2074,0.0008,1.2316,0.37569,0.00491
8,high,0,12,15,0.00,true,0.07000,0.00285,0.02678,1.95681,0.00300,0.3078,0.5406,0.4175,0.00865,0.00232
8,high,0,12,15,0.10,true,0.08113,0.00305,0.03062,1.94954,0.00322,0.3574,0.4436,0.4342,0.00138,0.00166
8,high,0,12,15,0.20,true,0.09087,0.00321,0.03898,1.94816,0.00344,0.4077,0.3457,0.4680,0.00000,0.00000
8,high,0,12,15,0.30,true,0.09425,0.00327,0.05197,1.95781,0.00358,0.4650,0.2641,0.5142,0.00965,0.00146
8,high,0,12,15,0.40,true,0.09675,0.00331,0.06961,1.97299,0.00373,0.5304,0.1985,0.5734,0.02483,0.00200
8,high,0,12,15,0.50,true,0.09688,0.00331,0.09172,1.99503,0.00387,0.5991,0.1419,0.6432,0.04687,0.00247
8,high,0,12,15,0.60,true,0.09413,0.00326,0.11796,2.02410,0.00397,0.6747,0.1006,0.7205,0.07594,0.00282
8,high,0,12,15,0.70,true,0.08975,0.00320,0.14777,2.05839,0.00406,0.7527,0.0666,0.8037,0.11023,0.00314
8,high,0,12,15,0.80,true,0.08525,0.00312,0.18035,2.09560,0.00413,0.8374,0.0444,0.8915,0.14744,0.00343
8,high,0,12,15,0.90,true,0.07900,0.00302,0.21469,2.13636,0.00416,0.9260,0.0311,0.9807,0.18820,0.00361
8,high,0,12,15,1.00,true,0.07312,0.00291,0.25082,2.17856,0.00418,1.0153,0.0186,1.0738,0.23040,0.00381
8,high,0,12,15,1.10,true,0.06613,0.00278,0.28805,2.22304,0.00415,1.1101,0.0128,1.1684,0.27488,0.00397
8,high,0,12,15,1.20,true,0.06087,0.00267,0.32512,2.26565,0.00413,1.2048,0.0077,1.2644,0.31749,0.00410
8,high,0,12,20,0.00,true,0.03575,0.00208,0.07851,2.04290,0.00254,0.4145,0.5254,0.5919,0.00000,0.00000
8,high,0,12,20,0.10,true,0.04000,0.00219,0.08441,2.04456,0.00269,0.4574,0.4449,0.6100,0.00167,0.00122
8,high,0,12,20,0.20,true,0.04312,0.00227,0.09484,2.05191,0.00284,0.5069,0.3718,0.6398,0.00901,0.00168
8,high,0,12,20,0.30,true,0.04713,0.00237,0.10935,2.06247,0.00303,0.5617,0.3055,0.6818,0.01958,0.00207
8,high,0,12,20,0.40,true,0.04825,0.00240,0.12780,2.07987,0.00317,0.6188,0.2447,0.7328,0.03697,0.00237
8,high,0,12,20,0.50,true,0.04688,0.00236,0.14962,2.10316,0.00326,0.6830,0.1963,0.7910,0.06026,0.00260
8,high,0,12,20,0.60,true,0.04788,0.00239,0.17453,2.12719,0.00341,0.7516,0.1540,0.8587,0.08430,0.00289
8,high,0,12,20,0.70,true,0.04763,0.00238,0.20206,2.15513,0.00353,0.8196,0.1142,0.9320,0.11223,0.00313
8,high,0,12,20,0.80,true,0.04437,0.00230,0.23222,2.18872,0.00357,0.8969,0.0869,1.0100,0.14582,0.00335
8,high,0,12,20,0.90,true,0.04238,0.00225,0.26380,2.22251,0.00362,0.9764,0.0636,1.0931,0.17961,0.00357
8,high,0,12,20,1.00,true,0.04088,0.00221,0.29622,2.25668,0.00368,1.0593,0.0456,1.1794,0.21379,0.00373
8,high,0,12,20,1.10,true,0.03775,0.00213,0.32935,2.29324,0.00367,1.1442,0.0317,1.2675,0.25035,0.00384
8,high,0,12,20,1.20,true,0.03513,0.00206,0.36252,2.32938,0.00366,1.2346,0.0231,1.3583,0.28649,0.00395
8,hcp30,0,12,10,0.00,true,0.13100,0.00377,0.06876,1.93901,0.00430,0.4160,0.5685,0.4455,0.00719,0.00201
8,hcp30,0,12,10,0.10,true,0.14463,0.00393,0.07502,1.93182,0.00452,0.4674,0.4877,0.4635,0.00000,0.00000
8,hcp30,0,12,10,0.20,true,0.15662,0.00406,0.08722,1.93237,0.00477,0.5220,0.4079,0.4972,0.00055,0.00205
8,hcp30,0,12,10,0.30,true,0.16237,0.00412,0.10451,1.94444,0.00498,0.5833,0.3373,0.5438,0.01262,0.00290
8,hcp30,0,12,10,0.40,true,0.16712,0.00417,0.12653,1.96246,0.00521,0.6497,0.2741,0.6031,0.03063,0.00356
8,hcp30,0,12,10,0.50,true,0.16637,0.00416,0.15272,1.99036,0.00540,0.7200,0.2204,0.6711,0.05854,0.00412
8,hcp30,0,12,10,0.60,true,0.16312,0.00413,0.18183,2.02390,0.00556,0.7969,0.1800,0.7457,0.09208,0.00459
8,hcp30,0,12,10,0.70,true,0.15787,0.00408,0.21340,2.06216,0.00571,0.8744,0.1437,0.8264,0.13033,0.00502
8,hcp30,0,12,10,0.80,true,0.15138,0.00401,0.24751,2.10449,0.00583,0.9599,0.1172,0.9130,0.17267,0.00546
8,hcp30,0,12,10,0.90,true,0.14300,0.00391,0.28322,2.15057,0.00590,1.0470,0.0952,1.0033,0.21875,0.00584
8,hcp30,0,12,10,1.00,true,0.13400,0.00381,0.31973,2.19840,0.00595,1.1344,0.0758,1.0966,0.26657,0.00618
8,hcp30,0,12,10,1.10,true,0.12387,0.00368,0.35614,2.24752,0.00594,1.2219,0.0595,1.1911,0.31569,0.00646
8,hcp30,0,12,10,1.20,true,0.11563,0.00358,0.39145,2.29392,0.00594,1.3145,0.0485,1.2875,0.36209,0.00669
8,hcp30,0,12,15,0.00,true,0.06988,0.00285,0.16547,2.09997,0.00406,0.6126,0.5382,0.6707,0.00000,0.00000
8,hcp30,0,12,15,0.10,true,0.07287,0.00291,0.17215,2.10397,0.00416,0.6705,0.4902,0.6867,0.00400,0.00147
8,hcp30,0,12,15,0.20,true,0.07850,0.00301,0.18259,2.10932,0.00434,0.7280,0.4411,0.7142,0.00935,0.00221
8,hcp30,0,12,15,0.30,true,0.08150,0.00306,0.19659,2.12106,0.00449,0.7835,0.3917,0.7499,0.02109,0.00282
8,hcp30,0,12,15,0.40,true,0.08450,0.00311,0.21411,2.13657,0.00466,0.8429,0.3441,0.7959,0.03660,0.00339
8,hcp30,0,12,15,0.50,true,0.08588,0.00313,0.23388,2.15618,0.00481,0.9037,0.3006,0.8482,0.05621,0.00387
8,hcp30,0,12,15,0.60,true,0.08525,0.00312,0.25614,2.18053,0.00493,0.9739,0.2652,0.9077,0.08056,0.00435
8,hcp30,0,12,15,0.70,true,0.08150,0.00306,0.28056,2.21041,0.00500,1.0442,0.2330,0.9714,0.11044,0.00476
8,hcp30,0,12,15,0.80,true,0.07825,0.00300,0.30583,2.24087,0.00507,1.1166,0.2045,1.0400,0.14090,0.00511
8,hcp30,0,12,15,0.90,true,0.07737,0.00299,0.33205,2.27014,0.00518,1.1923,0.1782,1.1157,0.17018,0.00548
8,hcp30,0,12,15,1.00,true,0.07337,0.00292,0.35965,2.30419,0.00521,1.2687,0.1546,1.1941,0.20422,0.00582
8,hcp30,0,12,15,1.10,true,0.07050,0.00286,0.38641,2.33646,0.00525,1.3447,0.1334,1.2748,0.23650,0.00606
8,hcp30,0,12,15,1.20,true,0.06675,0.00279,0.41390,2.37059,0.00526,1.4230,0.1147,1.3587,0.27063,0.00630
8,hcp30,0,12,20,0.00,true,0.03775,0.00213,0.25851,2.22995,0.00391,0.8246,0.5194,0.8834,0.00000,0.00000
8,hcp30,0,12,20,0.10,true,0.04075,0.00221,0.26508,2.23404,0.00402,0.8728,0.4771,0.9025,0.00409,0.00121
8,hcp30,0,12,20,0.20,true,0.04150,0.00223,0.27468,2.24366,0.00409,0.9247,0.4366,0.9284,0.01370,0.00185
8,hcp30,0,12,20,0.30,true,0.04238,0.00225,0.28630,2.25540,0.00418,0.9832,0.4010,0.9610,0.02545,0.00236
8,hcp30,0,12,20,0.40,true,0.04337,0.00228,0.29992,2.26923,0.00429,1.0435,0.3668,1.0008,0.03928,0.00284
8,hcp30,0,12,20,0.50,true,0.04487,0.00231,0.31487,2.28411,0.00441,1.1019,0.3327,1.0466,0.05416,0.00325
8,hcp30,0,12,20,0.60,true,0.04462,0.00231,0.33204,2.30322,0.00449,1.1664,0.3020,1.0989,0.07327,0.00372
8,hcp30,0,12,20,0.70,true,0.04525,0.00232,0.34972,2.32215,0.00459,1.2251,0.2696,1.1560,0.09220,0.00410
8,hcp30,0,12,20,0.80,true,0.04275,0.00226,0.36906,2.34612,0.00462,1.2895,0.2422,1.2162,0.11616,0.00443
8,hcp30,0,12,20,0.90,true,0.04225,0.00225,0.38866,2.36854,0.00469,1.3543,0.2161,1.2811,0.13859,0.00472
8,hcp30,0,12,20,1.00,true,0.03938,0.00217,0.40938,2.39468,0.00470,1.4308,0.1987,1.3479,0.16473,0.00498
8,hcp30,0,12,20,1.10,true,0.03675,0.00210,0.43126,2.42198,0.00470,1.5059,0.1800,1.4201,0.19203,0.00527
8,hcp30,0,12,20,1.20,true,0.03525,0.00206,0.45243,2.44761,0.00472,1.5775,0.1609,1.4945,0.21766,0.00548
8,tour,1,12,10,0.00,true,0.28500,0.00505,0.00008,1.71508,0.00505,0.1603,0.6315,0.1961,0.12039,0.00494
8,tour,1,12,10,0.10,true,0.35400,0.00535,0.00019,1.64619,0.00535,0.2122,0.4292,0.2126,0.05150,0.00397
8,tour,1,12,10,0.20,true,0.39663,0.00547,0.00057,1.60395,0.00547,0.2757,0.2461,0.2659,0.00926,0.00256
8,tour,1,12,10,0.30,true,0.40687,0.00549,0.00156,1.59469,0.00551,0.3470,0.1216,0.3409,0.00000,0.00000
8,tour,1,12,10,0.40,true,0.39875,0.00547,0.00371,1.60496,0.00551,0.4295,0.0526,0.4302,0.01027,0.00223
8,tour,1,12,10,0.50,true,0.38700,0.00545,0.00765,1.62065,0.00552,0.5199,0.0212,0.5251,0.02597,0.00288
8,tour,1,12,10,0.60,true,0.37050,0.00540,0.01462,1.64412,0.00553,0.6195,0.0087,0.6264,0.04944,0.00329
8,tour,1,12,10,0.70,true,0.35275,0.00534,0.02462,1.67187,0.00556,0.7162,0.0031,0.7241,0.07719,0.00366
8,tour,1,12,10,0.80,true,0.33400,0.00527,0.03831,1.70431,0.00560,0.8147,0.0015,0.8222,0.10963,0.00395
8,tour,1,12,10,0.90,true,0.31575,0.00520,0.05581,1.74007,0.00565,0.9156,0.0007,0.9228,0.14538,0.00423
8,tour,1,12,10,1.00,true,0.29762,0.00511,0.07646,1.77883,0.00571,1.0168,0.0004,1.0236,0.18415,0.00451
8,tour,1,12,10,1.10,true,0.28013,0.00502,0.09884,1.81872,0.00576,1.1135,0.0000,1.1202,0.22403,0.00475
8,tour,1,12,10,1.20,true,0.25938,0.00490,0.12577,1.86640,0.00579,1.2181,0.0000,1.2244,0.27171,0.00502
8,tour,1,12,15,0.00,true,0.16662,0.00417,0.00090,1.83427,0.00417,0.2433,0.5863,0.2825,0.06246,0.00412
8,tour,1,12,15,0.10,true,0.19837,0.00446,0.00148,1.80310,0.00447,0.2850,0.4410,0.2964,0.03129,0.00356
8,tour,1,12,15,0.20,true,0.22125,0.00464,0.00291,1.78166,0.00466,0.3387,0.3116,0.3342,0.00984,0.00285
8,tour,1,12,15,0.30,true,0.23312,0.00473,0.00561,1.77249,0.00477,0.4044,0.2104,0.3927,0.00068,0.00190
8,tour,1,12,15,0.40,true,0.23825,0.00476,0.01006,1.77181,0.00483,0.4732,0.1288,0.4658,0.00000,0.00000
8,tour,1,12,15,0.50,true,0.23650,0.00475,0.01694,1.78044,0.00487,0.5519,0.0740,0.5507,0.00862,0.00174
8,tour,1,12,15,0.60,true,0.23150,0.00472,0.02635,1.79485,0.00490,0.6364,0.0408,0.6408,0.02304,0.00232
8,tour,1,12,15,0.70,true,0.21763,0.00461,0.03906,1.82144,0.00488,0.7267,0.0224,0.7345,0.04963,0.00277
8,tour,1,12,15,0.80,true,0.20950,0.00455,0.05452,1.84502,0.00492,0.8208,0.0130,0.8302,0.07321,0.00305
8,tour,1,12,15,0.90,true,0.19975,0.00447,0.07323,1.87348,0.00496,0.9174,0.0069,0.9283,0.10167,0.00328
8,tour,1,12,15,1.00,true,0.18825,0.00437,0.09544,1.90720,0.00498,1.0182,0.0038,1.0294,0.13538,0.00356
8,tour,1,12,15,1.10,true,0.17575,0.00426,0.11984,1.94410,0.00499,1.1169,0.0020,1.1284,0.17229,0.00382
8,tour,1,12,15,1.20,true,0.16325,0.00413,0.14700,1.98376,0.00499,1.2180,0.0003,1.2302,0.21195,0.00407
8,tour,1,12,20,0.00,true,0.11313,0.00354,0.00444,1.89132,0.00356,0.3152,0.5622,0.3724,0.03444,0.00304
8,tour,1,12,20,0.10,true,0.13437,0.00381,0.00573,1.87136,0.00384,0.3580,0.4533,0.3862,0.01448,0.00251
8,tour,1,12,20,0.20,true,0.14600,0.00395,0.00841,1.86241,0.00400,0.4074,0.3511,0.4166,0.00553,0.00179
8,tour,1,12,20,0.30,true,0.15588,0.00406,0.01276,1.85688,0.00413,0.4687,0.2697,0.4641,0.00000,0.00000
8,tour,1,12,20,0.40,true,0.15875,0.00409,0.01921,1.86046,0.00421,0.5327,0.1947,0.5257,0.00358,0.00175
8,tour,1,12,20,0.50,true,0.15725,0.00407,0.02795,1.87070,0.00425,0.6009,0.1357,0.5965,0.01382,0.00229
8,tour,1,12,20,0.60,true,0.15400,0.00404,0.03928,1.88528,0.00429,0.6778,0.0928,0.6770,0.02840,0.00269
8,tour,1,12,20,0.70,true,0.15025,0.00399,0.05307,1.90283,0.00433,0.7573,0.0619,0.7614,0.04595,0.00294
8,tour,1,12,20,0.80,true,0.14450,0.00393,0.06970,1.92520,0.00436,0.8441,0.0415,0.8515,0.06832,0.00321
8,tour,1,12,20,0.90,true,0.13875,0.00386,0.08953,1.95078,0.00441,0.9366,0.0266,0.9476,0.09390,0.00346
8,tour,1,12,20,1.00,true,0.13012,0.00376,0.11138,1.98127,0.00442,1.0296,0.0182,1.0419,0.12438,0.00368
8,tour,1,12,20,1.10,true,0.12112,0.00365,0.13565,2.01454,0.00441,1.1259,0.0132,1.1384,0.15766,0.00389
8,tour,1,12,20,1.20,true,0.11225,0.00353,0.16297,2.05074,0.00441,1.2261,0.0080,1.2408,0.19386,0.00413
8,tour,1,3,10,0.00,true,0.26100,0.00491,0.00006,1.73906,0.00491,0.1604,0.6211,0.1977,0.12010,0.00500
8,tour,1,3,10,0.10,true,0.33225,0.00527,0.00013,1.66788,0.00527,0.2168,0.4184,0.2161,0.04893,0.00384
8,tour,1,3,10,0.20,true,0.37075,0.00540,0.00047,1.62972,0.00540,0.2749,0.2314,0.2687,0.01077,0.00252
8,tour,1,3,10,0.30,true,0.38238,0.00543,0.00133,1.61896,0.00545,0.3434,0.1188,0.3400,0.00000,0.00000
8,tour,1,3,10,0.40,true,0.37538,0.00541,0.00345,1.62808,0.00544,0.4274,0.0458,0.4321,0.00912,0.00222
8,tour,1,3,10,0.50,true,0.36350,0.00538,0.00743,1.64393,0.00544,0.5213,0.0155,0.5306,0.02497,0.00288
8,tour,1,3,10,0.60,true,0.34387,0.00531,0.01396,1.67009,0.00543,0.6197,0.0055,0.6299,0.05113,0.00331
8,tour,1,3,10,0.70,true,0.32575,0.00524,0.02304,1.69729,0.00543,0.7143,0.0022,0.7244,0.07833,0.00361
8,tour,1,3,10,0.80,true,0.30375,0.00514,0.03682,1.73307,0.00543,0.8200,0.0007,0.8297,0.11411,0.00396
8,tour,1,3,10,0.90,true,0.28587,0.00505,0.05228,1.76640,0.00545,0.9130,0.0004,0.9222,0.14744,0.00422
8,tour,1,3,10,1.00,true,0.26887,0.00496,0.07221,1.80334,0.00549,1.0140,0.0000,1.0229,0.18438,0.00449
8,tour,1,3,10,1.10,true,0.25125,0.00485,0.09356,1.84231,0.00551,1.1072,0.0000,1.1157,0.22335,0.00472
8,tour,1,3,10,1.20,true,0.22950,0.00470,0.12152,1.89202,0.00551,1.2167,0.0000,1.2249,0.27307,0.00499
8,tour,1,3,15,0.00,true,0.15275,0.00402,0.00110,1.84835,0.00403,0.2347,0.5636,0.2914,0.06223,0.00402
8,tour,1,3,15,0.10,true,0.18200,0.00431,0.00145,1.81945,0.00432,0.2900,0.4401,0.3052,0.03334,0.00324
8,tour,1,3,15,0.20,true,0.19937,0.00447,0.00276,1.80338,0.00448,0.3489,0.3191,0.3426,0.01727,0.00233
8,tour,1,3,15,0.30,true,0.21900,0.00462,0.00512,1.78612,0.00466,0.4055,0.2114,0.3991,0.00000,0.00000
8,tour,1,3,15,0.40,true,0.22112,0.00464,0.00958,1.78845,0.00470,0.4790,0.1289,0.4751,0.00234,0.00213
8,tour,1,3,15,0.50,true,0.21438,0.00459,0.01647,1.80210,0.00470,0.5598,0.0729,0.5620,0.01598,0.00274
8,tour,1,3,15,0.60,true,0.20750,0.00453,0.02431,1.81682,0.00470,0.6328,0.0442,0.6394,0.03070,0.00305
8,tour,1,3,15,0.70,true,0.19875,0.00446,0.03657,1.83782,0.00470,0.7266,0.0254,0.7358,0.05171,0.00334
8,tour,1,3,15,0.80,true,0.18787,0.00437,0.05224,1.86437,0.00470,0.8239,0.0142,0.8353,0.07825,0.00362
8,tour,1,3,15,0.90,true,0.17713,0.00427,0.07112,1.89400,0.00471,0.9232,0.0074,0.9363,0.10789,0.00387
8,tour,1,3,15,1.00,true,0.16412,0.00414,0.09301,1.92889,0.00470,1.0229,0.0036,1.0370,0.14277,0.00411
8,tour,1,3,15,1.10,true,0.15275,0.00402,0.11628,1.96354,0.00469,1.1198,0.0018,1.1342,0.17742,0.00430
8,tour,1,3,15,1.20,true,0.14012,0.00388,0.14407,2.00395,0.00467,1.2261,0.0012,1.2399,0.21783,0.00451
8,tour,1,3,20,0.00,true,0.10000,0.00335,0.00492,1.90492,0.00338,0.3050,0.5478,0.3865,0.02649,0.00343
8,tour,1,3,20,0.10,true,0.11800,0.00361,0.00591,1.88791,0.00364,0.3673,0.4452,0.4011,0.00948,0.00260
8,tour,1,3,20,0.20,true,0.12625,0.00371,0.00820,1.88195,0.00376,0.4193,0.3588,0.4299,0.00352,0.00188
8,tour,1,3,20,0.30,true,0.13400,0.00381,0.01243,1.87843,0.00388,0.4790,0.2735,0.4772,0.00000,0.00000
8,tour,1,3,20,0.40,true,0.13700,0.00384,0.01895,1.88195,0.00396,0.5438,0.1968,0.5394,0.00352,0.00178
8,tour,1,3,20,0.50,true,0.13962,0.00388,0.02640,1.88678,0.00403,0.6052,0.1450,0.6025,0.00835,0.00228
8,tour,1,3,20,0.60,true,0.13737,0.00385,0.03788,1.90051,0.00408,0.6826,0.0955,0.6861,0.02208,0.00274
8,tour,1,3,20,0.70,true,0.13262,0.00379,0.05211,1.91949,0.00411,0.7659,0.0637,0.7736,0.04106,0.00297
8,tour,1,3,20,0.80,true,0.12700,0.00372,0.06794,1.94094,0.00413,0.8483,0.0431,0.8600,0.06251,0.00323
8,tour,1,3,20,0.90,true,0.12100,0.00365,0.08680,1.96581,0.00415,0.9373,0.0277,0.9529,0.08738,0.00343
8,tour,1,3,20,1.00,true,0.11450,0.00356,0.10803,1.99354,0.00417,1.0287,0.0171,1.0478,0.11511,0.00361
8,tour,1,3,20,1.10,true,0.10675,0.00345,0.13064,2.02390,0.00417,1.1187,0.0098,1.1407,0.14546,0.00379
8,tour,1,3,20,1.20,true,0.09788,0.00332,0.15665,2.05879,0.00414,1.2178,0.0060,1.2405,0.18036,0.00398
8,tour,1,6,10,0.00,true,0.25962,0.00490,0.00009,1.74046,0.00490,0.1625,0.6216,0.1975,0.10922,0.00474
8,tour,1,6,10,0.10,true,0.32887,0.00525,0.00010,1.67123,0.00525,0.2110,0.4079,0.2172,0.03998,0.00372
8,tour,1,6,10,0.20,true,0.36250,0.00537,0.00029,1.63779,0.00538,0.2712,0.2280,0.2686,0.00655,0.00253
8,tour,1,6,10,0.30,true,0.36962,0.00540,0.00087,1.63125,0.00540,0.3463,0.1144,0.3444,0.00000,0.00000
8,tour,1,6,10,0.40,true,0.36200,0.00537,0.00228,1.64028,0.00539,0.4302,0.0507,0.4335,0.00903,0.00218
8,tour,1,6,10,0.50,true,0.34963,0.00533,0.00515,1.65553,0.00538,0.5225,0.0202,0.5299,0.02428,0.00278
8,tour,1,6,10,0.60,true,0.33200,0.00527,0.01012,1.67812,0.00535,0.6175,0.0086,0.6262,0.04687,0.00319
8,tour,1,6,10,0.70,true,0.31388,0.00519,0.01818,1.70430,0.00534,0.7168,0.0027,0.7264,0.07306,0.00354
8,tour,1,6,10,0.80,true,0.29313,0.00509,0.02948,1.73635,0.00532,0.8157,0.0005,0.8253,0.10511,0.00387
8,tour,1,6,10,0.90,true,0.27225,0.00498,0.04430,1.77205,0.00531,0.9161,0.0005,0.9246,0.14080,0.00416
8,tour,1,6,10,1.00,true,0.25188,0.00485,0.06240,1.81053,0.00529,1.0163,0.0002,1.0244,0.17928,0.00444
8,tour,1,6,10,1.10,true,0.22775,0.00469,0.08469,1.85694,0.00525,1.1200,0.0000,1.1276,0.22570,0.00473
8,tour,1,6,10,1.20,true,0.20425,0.00451,0.10946,1.90522,0.00519,1.2215,0.0000,1.2286,0.27398,0.00498
8,tour,1,6,15,0.00,true,0.15500,0.00405,0.00106,1.84606,0.00405,0.2493,0.5587,0.2926,0.05237,0.00365
8,tour,1,6,15,0.10,true,0.18575,0.00435,0.00124,1.81549,0.00436,0.2975,0.4211,0.3119,0.02180,0.00296
8,tour,1,6,15,0.20,true,0.20275,0.00450,0.00218,1.79943,0.00451,0.3535,0.3023,0.3510,0.00573,0.00211
8,tour,1,6,15,0.30,true,0.21050,0.00456,0.00420,1.79370,0.00458,0.4166,0.2008,0.4103,0.00000,0.00000
8,tour,1,6,15,0.40,true,0.21013,0.00455,0.00771,1.79758,0.00461,0.4878,0.1277,0.4830,0.00389,0.00186
8,tour,1,6,15,0.50,true,0.20863,0.00454,0.01313,1.80450,0.00463,0.5639,0.0722,0.5668,0.01081,0.00248
8,tour,1,6,15,0.60,true,0.19950,0.00447,0.02110,1.82160,0.00461,0.6501,0.0415,0.6569,0.02790,0.00288
8,tour,1,6,15,0.70,true,0.19037,0.00439,0.03168,1.84131,0.00459,0.7398,0.0224,0.7505,0.04761,0.00318
8,tour,1,6,15,0.80,true,0.17763,0.00427,0.04556,1.86794,0.00456,0.8347,0.0112,0.8481,0.07424,0.00347
8,tour,1,6,15,0.90,true,0.16312,0.00413,0.06228,1.89916,0.00451,0.9318,0.0066,0.9454,0.10547,0.00371
8,tour,1,6,15,1.00,true,0.14938,0.00399,0.08219,1.93282,0.00446,1.0317,0.0032,1.0459,0.13913,0.00398
8,tour,1,6,15,1.10,true,0.13612,0.00383,0.10448,1.96837,0.00441,1.1302,0.0012,1.1448,0.17467,0.00418
8,tour,1,6,15,1.20,true,0.12125,0.00365,0.12976,2.00853,0.00432,1.2314,0.0006,1.2455,0.21483,0.00439
8,tour,1,6,20,0.00,true,0.10275,0.00339,0.00509,1.90234,0.00342,0.3285,0.5450,0.3889,0.02690,0.00293
8,tour,1,6,20,0.10,true,0.11538,0.00357,0.00557,1.89020,0.00360,0.3749,0.4472,0.4022,0.01476,0.00242
8,tour,1,6,20,0.20,true,0.12737,0.00373,0.00745,1.88007,0.00377,0.4248,0.3501,0.4337,0.00463,0.00174
8,tour,1,6,20,0.30,true,0.13537,0.00383,0.01082,1.87544,0.00389,0.4809,0.2636,0.4810,0.00000,0.00000
8,tour,1,6,20,0.40,true,0.13950,0.00387,0.01600,1.87650,0.00397,0.5443,0.1907,0.5425,0.00106,0.00167
8,tour,1,6,20,0.50,true,0.13875,0.00386,0.02323,1.88448,0.00400,0.6130,0.1316,0.6144,0.00904,0.00224
8,tour,1,6,20,0.60,true,0.13562,0.00383,0.03290,1.89727,0.00403,0.6891,0.0882,0.6953,0.02183,0.00264
8,tour,1,6,20,0.70,true,0.13037,0.00376,0.04498,1.91461,0.00403,0.7725,0.0589,0.7824,0.03917,0.00298
8,tour,1,6,20,0.80,true,0.12200,0.00366,0.05968,1.93769,0.00401,0.8595,0.0393,0.8724,0.06225,0.00324
8,tour,1,6,20,0.90,true,0.11363,0.00355,0.07696,1.96334,0.00399,0.9514,0.0269,0.9660,0.08790,0.00347
8,tour,1,6,20,1.00,true,0.10300,0.00340,0.09688,1.99390,0.00393,1.0444,0.0170,1.0617,0.11846,0.00371
8,tour,1,6,20,1.10,true,0.09475,0.00327,0.11863,2.02390,0.00390,1.1390,0.0108,1.1579,0.14846,0.00391
8,tour,1,6,20,1.20,true,0.08475,0.00311,0.14304,2.05832,0.00383,1.2374,0.0068,1.2572,0.18288,0.00408
8,scratch,1,12,10,0.00,true,0.24738,0.00482,0.00023,1.75285,0.00483,0.1712,0.6130,0.2103,0.10021,0.00470
8,scratch,1,12,10,0.10,true,0.30462,0.00515,0.00050,1.69587,0.00515,0.2235,0.4262,0.2276,0.04323,0.00376
8,scratch,1,12,10,0.20,true,0.34113,0.00530,0.00135,1.66023,0.00531,0.2844,0.2567,0.2773,0.00758,0.00246
8,scratch,1,12,10,0.30,true,0.35075,0.00534,0.00339,1.65264,0.00536,0.3549,0.1369,0.3497,0.00000,0.00000
8,scratch,1,12,10,0.40,true,0.34700,0.00532,0.00744,1.66044,0.00539,0.4367,0.0639,0.4380,0.00779,0.00225
8,scratch,1,12,10,0.50,true,0.33325,0.00527,0.01417,1.68092,0.00539,0.5235,0.0298,0.5290,0.02828,0.00287
8,scratch,1,12,10,0.60,true,0.31975,0.00521,0.02497,1.70522,0.00542,0.6207,0.0125,0.6290,0.05258,0.00330
8,scratch,1,12,10,0.70,true,0.30300,0.00514,0.03951,1.73651,0.00546,0.7171,0.0061,0.7260,0.08387,0.00367
8,scratch,1,12,10,0.80,true,0.28837,0.00506,0.05792,1.76955,0.00552,0.8134,0.0018,0.8235,0.11691,0.00393
8,scratch,1,12,10,0.90,true,0.27050,0.00497,0.08075,1.81025,0.00557,0.9141,0.0012,0.9234,0.15761,0.00423
8,scratch,1,12,10,1.00,true,0.25375,0.00487,0.10676,1.85302,0.00563,1.0159,0.0007,1.0247,0.20038,0.00452
8,scratch,1,12,10,1.10,true,0.23500,0.00474,0.13406,1.89907,0.00565,1.1112,0.0003,1.1198,0.24643,0.00476
8,scratch,1,12,10,1.20,true,0.21850,0.00462,0.16542,1.94695,0.00569,1.2162,0.0000,1.2246,0.29430,0.00500
8,scratch,1,12,15,0.00,true,0.13712,0.00385,0.00235,1.86522,0.00386,0.2601,0.5732,0.3081,0.04551,0.00347
8,scratch,1,12,15,0.10,true,0.16450,0.00414,0.00349,1.83899,0.00417,0.3017,0.4397,0.3228,0.01928,0.00290
8,scratch,1,12,15,0.20,true,0.18100,0.00430,0.00613,1.82513,0.00434,0.3527,0.3168,0.3585,0.00543,0.00204
8,scratch,1,12,15,0.30,true,0.19112,0.00440,0.01083,1.81971,0.00447,0.4184,0.2238,0.4140,0.00000,0.00000
8,scratch,1,12,15,0.40,true,0.19287,0.00441,0.01805,1.82518,0.00453,0.4856,0.1448,0.4833,0.00547,0.00189
8,scratch,1,12,15,0.50,true,0.19312,0.00441,0.02828,1.83516,0.00461,0.5613,0.0885,0.5644,0.01545,0.00245
8,scratch,1,12,15,0.60,true,0.18862,0.00437,0.04155,1.85293,0.00465,0.6430,0.0541,0.6502,0.03322,0.00284
8,scratch,1,12,15,0.70,true,0.18100,0.00430,0.05866,1.87766,0.00469,0.7305,0.0298,0.7431,0.05795,0.00315
8,scratch,1,12,15,0.80,true,0.17375,0.00424,0.07866,1.90492,0.00474,0.8231,0.0175,0.8377,0.08521,0.00342
8,scratch,1,12,15,0.90,true,0.16275,0.00413,0.10237,1.93963,0.00476,0.9198,0.0112,0.9347,0.11992,0.00367
8,scratch,1,12,15,1.00,true,0.15375,0.00403,0.12918,1.97544,0.00481,1.0197,0.0064,1.0356,0.15574,0.00392
8,scratch,1,12,15,1.10,true,0.14375,0.00392,0.15746,2.01374,0.00482,1.1170,0.0035,1.1335,0.19403,0.00414
8,scratch,1,12,15,1.20,true,0.13387,0.00381,0.18780,2.05396,0.00483,1.2171,0.0020,1.2335,0.23425,0.00429
8,scratch,1,12,20,0.00,true,0.09075,0.00321,0.00982,1.91907,0.00326,0.3401,0.5521,0.4142,0.01617,0.00277
8,scratch,1,12,20,0.10,true,0.10525,0.00343,0.01198,1.90673,0.00350,0.3807,0.4512,0.4274,0.00382,0.00225
8,scratch,1,12,20,0.20,true,0.11263,0.00353,0.01641,1.90379,0.00363,0.4296,0.3550,0.4575,0.00088,0.00159
8,scratch,1,12,20,0.30,true,0.12012,0.00363,0.02303,1.90290,0.00377,0.4873,0.2766,0.5021,0.00000,0.00000
8,scratch,1,12,20,0.40,true,0.12175,0.00366,0.03240,1.91065,0.00386,0.5514,0.2095,0.5594,0.00775,0.00147
8,scratch,1,12,20,0.50,true,0.12262,0.00367,0.04458,1.92196,0.00395,0.6177,0.1516,0.6270,0.01905,0.00198
8,scratch,1,12,20,0.60,true,0.12137,0.00365,0.05998,1.93861,0.00402,0.6938,0.1080,0.7051,0.03570,0.00244
8,scratch,1,12,20,0.70,true,0.11588,0.00358,0.07797,1.96210,0.00406,0.7709,0.0759,0.7856,0.05920,0.00273
8,scratch,1,12,20,0.80,true,0.11225,0.00353,0.09850,1.98627,0.00412,0.8534,0.0515,0.8723,0.08336,0.00299
8,scratch,1,12,20,0.90,true,0.10587,0.00344,0.12240,2.01655,0.00415,0.9438,0.0358,0.9647,0.11364,0.00326
8,scratch,1,12,20,1.00,true,0.10013,0.00336,0.14784,2.04774,0.00418,1.0331,0.0240,1.0567,0.14484,0.00346
8,scratch,1,12,20,1.10,true,0.09325,0.00325,0.17567,2.08246,0.00419,1.1282,0.0171,1.1524,0.17956,0.00370
8,scratch,1,12,20,1.20,true,0.08700,0.00315,0.20532,2.11838,0.00420,1.2275,0.0127,1.2514,0.21547,0.00387
8,scratch,1,3,10,0.00,true,0.22675,0.00468,0.00017,1.77342,0.00468,0.1707,0.6049,0.2123,0.09999,0.00478
8,scratch,1,3,10,0.10,true,0.28937,0.00507,0.00038,1.71100,0.00507,0.2267,0.4176,0.2308,0.03757,0.00370
8,scratch,1,3,10,0.20,true,0.32062,0.00522,0.00114,1.68052,0.00523,0.2863,0.2473,0.2814,0.00709,0.00249
8,scratch,1,3,10,0.30,true,0.32937,0.00525,0.00281,1.67343,0.00528,0.3525,0.1368,0.3491,0.00000,0.00000
8,scratch,1,3,10,0.40,true,0.32188,0.00522,0.00642,1.68455,0.00528,0.4325,0.0595,0.4371,0.01112,0.00229
8,scratch,1,3,10,0.50,true,0.31412,0.00519,0.01264,1.69852,0.00529,0.5251,0.0255,0.5337,0.02508,0.00291
8,scratch,1,3,10,0.60,true,0.29513,0.00510,0.02237,1.72725,0.00528,0.6203,0.0089,0.6321,0.05382,0.00335
8,scratch,1,3,10,0.70,true,0.27913,0.00502,0.03522,1.75610,0.00529,0.7146,0.0035,0.7270,0.08267,0.00363
8,scratch,1,3,10,0.80,true,0.26325,0.00492,0.05350,1.79025,0.00532,0.8197,0.0015,0.8316,0.11682,0.00390
8,scratch,1,3,10,0.90,true,0.24675,0.00482,0.07336,1.82662,0.00535,0.9122,0.0007,0.9238,0.15319,0.00417
8,scratch,1,3,10,1.00,true,0.23137,0.00471,0.09809,1.86673,0.00539,1.0124,0.0003,1.0236,0.19330,0.00444
8,scratch,1,3,10,1.10,true,0.21313,0.00458,0.12458,1.91147,0.00539,1.1062,0.0002,1.1169,0.23803,0.00468
8,scratch,1,3,10,1.20,true,0.19312,0.00441,0.15788,1.96477,0.00538,1.2151,0.0000,1.2256,0.29134,0.00495
8,scratch,1,3,15,0.00,true,0.12962,0.00376,0.00262,1.87299,0.00377,0.2515,0.5538,0.3183,0.03707,0.00370
8,scratch,1,3,15,0.10,true,0.15263,0.00402,0.00333,1.85071,0.00404,0.3082,0.4412,0.3328,0.01479,0.00292
8,scratch,1,3,15,0.20,true,0.16525,0.00415,0.00567,1.84042,0.00419,0.3656,0.3263,0.3689,0.00450,0.00213
8,scratch,1,3,15,0.30,true,0.17375,0.00424,0.00967,1.83592,0.00430,0.4222,0.2303,0.4206,0.00000,0.00000
8,scratch,1,3,15,0.40,true,0.17875,0.00428,0.01655,1.83780,0.00439,0.4913,0.1458,0.4928,0.00189,0.00198
8,scratch,1,3,15,0.50,true,0.17438,0.00424,0.02681,1.85244,0.00441,0.5708,0.0881,0.5770,0.01652,0.00253
8,scratch,1,3,15,0.60,true,0.16987,0.00420,0.03796,1.86809,0.00444,0.6418,0.0550,0.6534,0.03217,0.00288
8,scratch,1,3,15,0.70,true,0.16362,0.00414,0.05435,1.89073,0.00448,0.7336,0.0329,0.7480,0.05482,0.00320
8,scratch,1,3,15,0.80,true,0.15338,0.00403,0.07429,1.92092,0.00449,0.8280,0.0204,0.8438,0.08500,0.00348
8,scratch,1,3,15,0.90,true,0.14338,0.00392,0.09779,1.95443,0.00450,0.9253,0.0117,0.9430,0.11851,0.00371
8,scratch,1,3,15,1.00,true,0.13387,0.00381,0.12356,1.98970,0.00452,1.0219,0.0064,1.0410,0.15378,0.00388
8,scratch,1,3,15,1.10,true,0.12550,0.00370,0.15087,2.02539,0.00453,1.1183,0.0036,1.1380,0.18947,0.00408
8,scratch,1,3,15,1.20,true,0.11463,0.00356,0.18287,2.06827,0.00452,1.2242,0.0020,1.2437,0.23235,0.00431
8,scratch,1,3,20,0.00,true,0.07938,0.00302,0.01077,1.93140,0.00308,0.3327,0.5422,0.4298,0.01336,0.00274
8,scratch,1,3,20,0.10,true,0.09225,0.00324,0.01239,1.92014,0.00330,0.3900,0.4438,0.4443,0.00209,0.00167
8,scratch,1,3,20,0.20,true,0.09800,0.00332,0.01604,1.91804,0.00341,0.4414,0.3638,0.4722,0.00000,0.00000
8,scratch,1,3,20,0.30,true,0.10337,0.00340,0.02227,1.91890,0.00353,0.4985,0.2844,0.5158,0.00085,0.00168
8,scratch,1,3,20,0.40,true,0.10712,0.00346,0.03160,1.92448,0.00364,0.5619,0.2115,0.5747,0.00643,0.00219
8,scratch,1,3,20,0.50,true,0.10712,0.00346,0.04211,1.93499,0.00371,0.6224,0.1610,0.6349,0.01694,0.00256
8,scratch,1,3,20,0.60,true,0.10875,0.00348,0.05742,1.94868,0.00383,0.7008,0.1147,0.7151,0.03064,0.00292
8,scratch,1,3,20,0.70,true,0.10537,0.00343,0.07583,1.97046,0.00388,0.7804,0.0774,0.8006,0.05242,0.00320
8,scratch,1,3,20,0.80,true,0.09963,0.00335,0.09511,1.99550,0.00390,0.8586,0.0559,0.8811,0.07746,0.00333
8,scratch,1,3,20,0.90,true,0.09425,0.00327,0.11773,2.02350,0.00394,0.9441,0.0380,0.9705,0.10546,0.00352
8,scratch,1,3,20,1.00,true,0.08837,0.00317,0.14289,2.05454,0.00396,1.0344,0.0251,1.0642,0.13649,0.00372
8,scratch,1,3,20,1.10,true,0.08375,0.00310,0.16859,2.08488,0.00399,1.1236,0.0168,1.1558,0.16684,0.00386
8,scratch,1,3,20,1.20,true,0.07750,0.00299,0.19758,2.12013,0.00399,1.2191,0.0098,1.2541,0.20209,0.00403
8,scratch,1,6,10,0.00,true,0.22750,0.00469,0.00026,1.77276,0.00469,0.1739,0.6053,0.2129,0.08863,0.00454
8,scratch,1,6,10,0.10,true,0.28350,0.00504,0.00031,1.71681,0.00504,0.2229,0.4098,0.2326,0.03268,0.00358
8,scratch,1,6,10,0.20,true,0.30825,0.00516,0.00081,1.69256,0.00517,0.2820,0.2439,0.2811,0.00842,0.00243
8,scratch,1,6,10,0.30,true,0.31800,0.00521,0.00213,1.68414,0.00522,0.3558,0.1312,0.3548,0.00000,0.00000
8,scratch,1,6,10,0.40,true,0.31562,0.00520,0.00488,1.68926,0.00524,0.4373,0.0636,0.4411,0.00513,0.00212
8,scratch,1,6,10,0.50,true,0.30375,0.00514,0.00995,1.70620,0.00522,0.5272,0.0309,0.5342,0.02206,0.00273
8,scratch,1,6,10,0.60,true,0.28813,0.00506,0.01804,1.72992,0.00520,0.6201,0.0123,0.6307,0.04578,0.00319
8,scratch,1,6,10,0.70,true,0.27075,0.00497,0.02983,1.75908,0.00519,0.7168,0.0043,0.7289,0.07495,0.00352
8,scratch,1,6,10,0.80,true,0.25262,0.00486,0.04535,1.79272,0.00519,0.8151,0.0022,0.8265,0.10859,0.00383
8,scratch,1,6,10,0.90,true,0.23350,0.00473,0.06489,1.83139,0.00518,0.9139,0.0005,0.9254,0.14726,0.00411
8,scratch,1,6,10,1.00,true,0.21413,0.00459,0.08797,1.87386,0.00516,1.0131,0.0003,1.0237,0.18972,0.00435
8,scratch,1,6,10,1.10,true,0.19125,0.00440,0.11585,1.92463,0.00511,1.1175,0.0002,1.1274,0.24049,0.00466
8,scratch,1,6,10,1.20,true,0.17000,0.00420,0.14590,1.97594,0.00504,1.2192,0.0000,1.2287,0.29180,0.00493
8,scratch,1,6,15,0.00,true,0.13000,0.00376,0.00275,1.87275,0.00377,0.2682,0.5464,0.3213,0.03489,0.00332
8,scratch,1,6,15,0.10,true,0.15213,0.00402,0.00321,1.85109,0.00403,0.3152,0.4191,0.3404,0.01322,0.00268
8,scratch,1,6,15,0.20,true,0.16387,0.00414,0.00504,1.84117,0.00417,0.3708,0.3110,0.3776,0.00331,0.00194
8,scratch,1,6,15,0.30,true,0.17075,0.00421,0.00861,1.83786,0.00426,0.4299,0.2119,0.4333,0.00000,0.00000
8,scratch,1,6,15,0.40,true,0.17050,0.00420,0.01440,1.84390,0.00429,0.5009,0.1438,0.5025,0.00603,0.00176
8,scratch,1,6,15,0.50,true,0.16712,0.00417,0.02277,1.85564,0.00431,0.5751,0.0897,0.5816,0.01778,0.00235
8,scratch,1,6,15,0.60,true,0.16087,0.00411,0.03428,1.87341,0.00432,0.6580,0.0547,0.6687,0.03555,0.00275
8,scratch,1,6,15,0.70,true,0.15275,0.00402,0.04901,1.89627,0.00432,0.7457,0.0328,0.7600,0.05840,0.00305
8,scratch,1,6,15,0.80,true,0.14213,0.00390,0.06749,1.92537,0.00430,0.8382,0.0172,0.8567,0.08751,0.00336
8,scratch,1,6,15,0.90,true,0.13262,0.00379,0.08876,1.95616,0.00430,0.9336,0.0094,0.9537,0.11829,0.00359
8,scratch,1,6,15,1.00,true,0.12225,0.00366,0.11290,1.99068,0.00429,1.0315,0.0056,1.0518,0.15282,0.00382
8,scratch,1,6,15,1.10,true,0.11038,0.00350,0.13948,2.02916,0.00424,1.1298,0.0032,1.1499,0.19129,0.00404
8,scratch,1,6,15,1.20,true,0.09700,0.00331,0.16880,2.07187,0.00414,1.2293,0.0012,1.2499,0.23401,0.00427
8,scratch,1,6,20,0.00,true,0.08250,0.00308,0.01121,1.92871,0.00313,0.3515,0.5375,0.4322,0.01350,0.00225
8,scratch,1,6,20,0.10,true,0.09200,0.00323,0.01216,1.92017,0.00330,0.3962,0.4453,0.4460,0.00496,0.00167
8,scratch,1,6,20,0.20,true,0.10000,0.00335,0.01521,1.91521,0.00344,0.4461,0.3561,0.4762,0.00000,0.00000
8,scratch,1,6,20,0.30,true,0.10475,0.00342,0.02063,1.91588,0.00354,0.5021,0.2727,0.5228,0.00067,0.00168
8,scratch,1,6,20,0.40,true,0.10775,0.00347,0.02836,1.92062,0.00363,0.5676,0.2089,0.5808,0.00541,0.00225
8,scratch,1,6,20,0.50,true,0.10662,0.00345,0.03883,1.93221,0.00368,0.6327,0.1483,0.6493,0.01700,0.00264
8,scratch,1,6,20,0.60,true,0.10425,0.00342,0.05191,1.94767,0.00373,0.7072,0.1068,0.7253,0.03246,0.00293
8,scratch,1,6,20,0.70,true,0.09888,0.00334,0.06783,1.96897,0.00373,0.7842,0.0728,0.8072,0.05376,0.00316
8,scratch,1,6,20,0.80,true,0.09350,0.00325,0.08661,1.99314,0.00375,0.8687,0.0492,0.8954,0.07793,0.00341
8,scratch,1,6,20,0.90,true,0.08762,0.00316,0.10779,2.02021,0.00376,0.9589,0.0353,0.9863,0.10500,0.00363
8,scratch,1,6,20,1.00,true,0.08088,0.00305,0.13107,2.05025,0.00375,1.0490,0.0245,1.0783,0.13504,0.00377
8,scratch,1,6,20,1.10,true,0.07262,0.00290,0.15666,2.08411,0.00371,1.1413,0.0160,1.1728,0.16890,0.00398
8,scratch,1,6,20,1.20,true,0.06513,0.00276,0.18431,2.11928,0.00366,1.2376,0.0104,1.2703,0.20407,0.00413
8,mid,1,12,10,0.00,true,0.18987,0.00438,0.00106,1.81118,0.00439,0.1874,0.5845,0.2350,0.06659,0.00421
8,mid,1,12,10,0.10,true,0.22750,0.00469,0.00195,1.77445,0.00470,0.2386,0.4157,0.2530,0.02985,0.00346
8,mid,1,12,10,0.20,true,0.25562,0.00488,0.00449,1.74887,0.00491,0.2993,0.2682,0.3000,0.00427,0.00238
8,mid,1,12,10,0.30,true,0.26512,0.00493,0.00972,1.74460,0.00501,0.3673,0.1544,0.3683,0.00000,0.00000
8,mid,1,12,10,0.40,true,0.26312,0.00492,0.01860,1.75548,0.00507,0.4447,0.0843,0.4493,0.01089,0.00197
8,mid,1,12,10,0.50,true,0.25512,0.00487,0.03173,1.77662,0.00511,0.5266,0.0416,0.5370,0.03202,0.00263
8,mid,1,12,10,0.60,true,0.24113,0.00478,0.05117,1.81006,0.00516,0.6217,0.0199,0.6349,0.06547,0.00313
8,mid,1,12,10,0.70,true,0.22625,0.00468,0.07427,1.84805,0.00521,0.7151,0.0103,0.7292,0.10345,0.00351
8,mid,1,12,10,0.80,true,0.21338,0.00458,0.10173,1.88841,0.00528,0.8114,0.0049,0.8263,0.14381,0.00382
8,mid,1,12,10,0.90,true,0.20087,0.00448,0.13320,1.93240,0.00535,0.9107,0.0017,0.9263,0.18780,0.00409
8,mid,1,12,10,1.00,true,0.18812,0.00437,0.16693,1.97892,0.00541,1.0112,0.0014,1.0258,0.23432,0.00434
8,mid,1,12,10,1.10,true,0.17488,0.00425,0.20118,2.02646,0.00544,1.1069,0.0006,1.1214,0.28187,0.00455
8,mid,1,12,10,1.20,true,0.16125,0.00411,0.23927,2.07823,0.00545,1.2115,0.0004,1.2254,0.33364,0.00477
8,mid,1,12,15,0.00,true,0.10013,0.00336,0.00862,1.90849,0.00340,0.2835,0.5583,0.3552,0.01917,0.00253
8,mid,1,12,15,0.10,true,0.11737,0.00360,0.01139,1.89402,0.00366,0.3256,0.4389,0.3705,0.00469,0.00180
8,mid,1,12,15,0.20,true,0.12787,0.00373,0.01720,1.88933,0.00384,0.3757,0.3285,0.4044,0.00000,0.00000
8,mid,1,12,15,0.30,true,0.13525,0.00382,0.02645,1.89121,0.00399,0.4384,0.2414,0.4558,0.00188,0.00178
8,mid,1,12,15,0.40,true,0.13700,0.00384,0.03941,1.90243,0.00409,0.5033,0.1656,0.5206,0.01310,0.00241
8,mid,1,12,15,0.50,true,0.13637,0.00384,0.05655,1.92020,0.00420,0.5777,0.1104,0.5970,0.03087,0.00285
8,mid,1,12,15,0.60,true,0.13300,0.00380,0.07722,1.94426,0.00428,0.6555,0.0714,0.6788,0.05493,0.00316
8,mid,1,12,15,0.70,true,0.13037,0.00376,0.10152,1.97121,0.00439,0.7392,0.0441,0.7668,0.08188,0.00337
8,mid,1,12,15,0.80,true,0.12550,0.00370,0.12911,2.00370,0.00448,0.8279,0.0270,0.8584,0.11437,0.00364
8,mid,1,12,15,0.90,true,0.11862,0.00362,0.15987,2.04137,0.00453,0.9214,0.0166,0.9534,0.15204,0.00387
8,mid,1,12,15,1.00,true,0.11225,0.00353,0.19320,2.08112,0.00459,1.0195,0.0111,1.0512,0.19179,0.00407
8,mid,1,12,15,1.10,true,0.10237,0.00339,0.22756,2.12541,0.00457,1.1143,0.0071,1.1462,0.23608,0.00423
8,mid,1,12,15,1.20,true,0.09375,0.00326,0.26348,2.17003,0.00455,1.2130,0.0044,1.2450,0.28071,0.00439
8,mid,1,12,20,0.00,true,0.06175,0.00269,0.03038,1.96864,0.00286,0.3715,0.5414,0.4914,0.00440,0.00145
8,mid,1,12,20,0.10,true,0.07037,0.00286,0.03460,1.96424,0.00306,0.4123,0.4505,0.5061,0.00000,0.00000
8,mid,1,12,20,0.20,true,0.07487,0.00294,0.04241,1.96755,0.00319,0.4591,0.3618,0.5354,0.00331,0.00150
8,mid,1,12,20,0.30,true,0.07875,0.00301,0.05361,1.97489,0.00333,0.5165,0.2902,0.5777,0.01065,0.00206
8,mid,1,12,20,0.40,true,0.07938,0.00302,0.06856,1.98923,0.00344,0.5784,0.2274,0.6310,0.02499,0.00241
8,mid,1,12,20,0.50,true,0.07975,0.00303,0.08648,2.00679,0.00356,0.6421,0.1735,0.6926,0.04255,0.00266
8,mid,1,12,20,0.60,true,0.07863,0.00301,0.10812,2.02958,0.00366,0.7136,0.1300,0.7638,0.06534,0.00291
8,mid,1,12,20,0.70,true,0.07812,0.00300,0.13215,2.05414,0.00378,0.7886,0.0959,0.8407,0.08990,0.00316
8,mid,1,12,20,0.80,true,0.07300,0.00291,0.15912,2.08627,0.00382,0.8678,0.0703,0.9216,0.12203,0.00338
8,mid,1,12,20,0.90,true,0.06863,0.00283,0.18898,2.12055,0.00386,0.9527,0.0499,1.0090,0.15631,0.00360
8,mid,1,12,20,1.00,true,0.06500,0.00276,0.21994,2.15519,0.00391,1.0415,0.0369,1.0983,0.19095,0.00381
8,mid,1,12,20,1.10,true,0.06025,0.00266,0.25199,2.19207,0.00392,1.1287,0.0249,1.1887,0.22782,0.00395
8,mid,1,12,20,1.20,true,0.05538,0.00256,0.28573,2.23078,0.00391,1.2244,0.0183,1.2841,0.26654,0.00407
8,mid,1,3,10,0.00,true,0.17850,0.00428,0.00092,1.82242,0.00429,0.1866,0.5831,0.2376,0.06119,0.00432
8,mid,1,3,10,0.10,true,0.21725,0.00461,0.00166,1.78441,0.00462,0.2419,0.4111,0.2564,0.02318,0.00333
8,mid,1,3,10,0.20,true,0.24075,0.00478,0.00392,1.76317,0.00481,0.2994,0.2633,0.3023,0.00194,0.00222
8,mid,1,3,10,0.30,true,0.24700,0.00482,0.00823,1.76123,0.00488,0.3603,0.1532,0.3650,0.00000,0.00000
8,mid,1,3,10,0.40,true,0.24738,0.00482,0.01654,1.76917,0.00495,0.4395,0.0767,0.4496,0.00794,0.00209
8,mid,1,3,10,0.50,true,0.23775,0.00476,0.02929,1.79155,0.00497,0.5268,0.0362,0.5412,0.03032,0.00274
8,mid,1,3,10,0.60,true,0.22525,0.00467,0.04701,1.82178,0.00501,0.6211,0.0161,0.6383,0.06055,0.00319
8,mid,1,3,10,0.70,true,0.21338,0.00458,0.06813,1.85479,0.00505,0.7126,0.0073,0.7309,0.09356,0.00350
8,mid,1,3,10,0.80,true,0.19937,0.00447,0.09652,1.89720,0.00511,0.8168,0.0031,0.8351,0.13597,0.00378
8,mid,1,3,10,0.90,true,0.18375,0.00433,0.12554,1.94188,0.00512,0.9090,0.0017,0.9269,0.18065,0.00404
8,mid,1,3,10,1.00,true,0.17025,0.00420,0.15946,1.98933,0.00516,1.0094,0.0006,1.0271,0.22810,0.00431
8,mid,1,3,10,1.10,true,0.15850,0.00408,0.19220,2.03386,0.00518,1.1013,0.0003,1.1186,0.27263,0.00448
8,mid,1,3,10,1.20,true,0.14188,0.00390,0.23323,2.09157,0.00514,1.2108,0.0003,1.2274,0.33034,0.00475
8,mid,1,3,15,0.00,true,0.09638,0.00330,0.00940,1.91302,0.00335,0.2782,0.5424,0.3674,0.01179,0.00282
8,mid,1,3,15,0.10,true,0.10862,0.00348,0.01144,1.90282,0.00354,0.3300,0.4367,0.3820,0.00159,0.00192
8,mid,1,3,15,0.20,true,0.11588,0.00358,0.01710,1.90124,0.00368,0.3894,0.3359,0.4172,0.00000,0.00000
8,mid,1,3,15,0.30,true,0.12025,0.00364,0.02560,1.90536,0.00379,0.4465,0.2512,0.4655,0.00412,0.00178
8,mid,1,3,15,0.40,true,0.12437,0.00369,0.03885,1.91449,0.00393,0.5117,0.1672,0.5334,0.01325,0.00245
8,mid,1,3,15,0.50,true,0.12312,0.00367,0.05648,1.93339,0.00402,0.5890,0.1110,0.6122,0.03215,0.00283
8,mid,1,3,15,0.60,true,0.12050,0.00364,0.07423,1.95378,0.00409,0.6556,0.0750,0.6834,0.05254,0.00311
8,mid,1,3,15,0.70,true,0.11638,0.00359,0.09865,1.98234,0.00418,0.7406,0.0460,0.7727,0.08110,0.00336
8,mid,1,3,15,0.80,true,0.11000,0.00350,0.12673,2.01682,0.00423,0.8322,0.0289,0.8662,0.11559,0.00359
8,mid,1,3,15,0.90,true,0.10425,0.00342,0.15728,2.05316,0.00429,0.9271,0.0188,0.9618,0.15192,0.00379
8,mid,1,3,15,1.00,true,0.09725,0.00331,0.18969,2.09262,0.00432,1.0225,0.0123,1.0577,0.19138,0.00395
8,mid,1,3,15,1.10,true,0.08937,0.00319,0.22334,2.13420,0.00432,1.1169,0.0073,1.1532,0.23296,0.00414
8,mid,1,3,15,1.20,true,0.08038,0.00304,0.26069,2.18062,0.00428,1.2195,0.0042,1.2561,0.27939,0.00431
8,mid,1,3,20,0.00,true,0.05638,0.00258,0.03409,1.97773,0.00276,0.3697,0.5344,0.5116,0.00249,0.00178
8,mid,1,3,20,0.10,true,0.06237,0.00270,0.03759,1.97524,0.00291,0.4237,0.4482,0.5266,0.00000,0.00000
8,mid,1,3,20,0.20,true,0.06638,0.00278,0.04459,1.97824,0.00304,0.4711,0.3713,0.5543,0.00301,0.00145
8,mid,1,3,20,0.30,true,0.06925,0.00284,0.05571,1.98649,0.00317,0.5305,0.3020,0.5959,0.01125,0.00202
8,mid,1,3,20,0.40,true,0.07100,0.00287,0.07088,1.99993,0.00329,0.5911,0.2332,0.6506,0.02469,0.00241
8,mid,1,3,20,0.50,true,0.07262,0.00290,0.08676,2.01419,0.00342,0.6480,0.1845,0.7057,0.03896,0.00268
8,mid,1,3,20,0.60,true,0.07112,0.00287,0.10907,2.03804,0.00352,0.7220,0.1373,0.7793,0.06280,0.00300
8,mid,1,3,20,0.70,true,0.06963,0.00285,0.13393,2.06442,0.00362,0.7985,0.0997,0.8587,0.08918,0.00327
8,mid,1,3,20,0.80,true,0.06525,0.00276,0.15938,2.09429,0.00366,0.8724,0.0730,0.9359,0.11905,0.00348
8,mid,1,3,20,0.90,true,0.06062,0.00267,0.18776,2.12734,0.00369,0.9560,0.0547,1.0199,0.15210,0.00362
8,mid,1,3,20,1.00,true,0.05850,0.00262,0.21750,2.15926,0.00376,1.0414,0.0384,1.1089,0.18402,0.00380
8,mid,1,3,20,1.10,true,0.05325,0.00251,0.24785,2.19494,0.00375,1.1271,0.0277,1.1962,0.21970,0.00392
8,mid,1,3,20,1.20,true,0.04800,0.00239,0.28082,2.23324,0.00372,1.2191,0.0186,1.2905,0.25800,0.00403
8,mid,1,6,10,0.00,true,0.17525,0.00425,0.00119,1.82594,0.00426,0.1901,0.5808,0.2393,0.06252,0.00405
8,mid,1,6,10,0.10,true,0.21600,0.00460,0.00152,1.78552,0.00461,0.2384,0.4078,0.2590,0.02210,0.00328
8,mid,1,6,10,0.20,true,0.23563,0.00474,0.00328,1.76766,0.00477,0.2962,0.2548,0.3060,0.00424,0.00224
8,mid,1,6,10,0.30,true,0.24375,0.00480,0.00717,1.76342,0.00485,0.3664,0.1484,0.3739,0.00000,0.00000
8,mid,1,6,10,0.40,true,0.24000,0.00477,0.01418,1.77419,0.00488,0.4453,0.0821,0.4547,0.01077,0.00200
8,mid,1,6,10,0.50,true,0.23062,0.00471,0.02521,1.79459,0.00489,0.5303,0.0409,0.5444,0.03117,0.00266
8,mid,1,6,10,0.60,true,0.21875,0.00462,0.04049,1.82176,0.00490,0.6196,0.0202,0.6363,0.05834,0.00299
8,mid,1,6,10,0.70,true,0.20463,0.00451,0.06075,1.85614,0.00492,0.7160,0.0101,0.7336,0.09273,0.00337
8,mid,1,6,10,0.80,true,0.18800,0.00437,0.08509,1.89714,0.00491,0.8110,0.0035,0.8301,0.13372,0.00370
8,mid,1,6,10,0.90,true,0.17313,0.00423,0.11322,1.94016,0.00492,0.9096,0.0021,0.9277,0.17675,0.00397
8,mid,1,6,10,1.00,true,0.15850,0.00408,0.14488,1.98649,0.00492,1.0095,0.0006,1.0274,0.22307,0.00423
8,mid,1,6,10,1.10,true,0.14238,0.00391,0.18004,2.03784,0.00488,1.1126,0.0004,1.1297,0.27442,0.00447
8,mid,1,6,10,1.20,true,0.12537,0.00370,0.21669,2.09157,0.00480,1.2135,0.0003,1.2298,0.32815,0.00469
8,mid,1,6,15,0.00,true,0.09162,0.00323,0.01021,1.91858,0.00328,0.2913,0.5319,0.3714,0.01606,0.00243
8,mid,1,6,15,0.10,true,0.10637,0.00345,0.01173,1.90536,0.00351,0.3362,0.4180,0.3901,0.00284,0.00171
8,mid,1,6,15,0.20,true,0.11375,0.00355,0.01627,1.90252,0.00364,0.3910,0.3182,0.4264,0.00000,0.00000
8,mid,1,6,15,0.30,true,0.11775,0.00360,0.02413,1.90639,0.00374,0.4505,0.2300,0.4787,0.00387,0.00167
8,mid,1,6,15,0.40,true,0.11987,0.00363,0.03552,1.91566,0.00384,0.5183,0.1621,0.5439,0.01314,0.00221
8,mid,1,6,15,0.50,true,0.11775,0.00360,0.05074,1.93302,0.00391,0.5924,0.1114,0.6186,0.03049,0.00261
8,mid,1,6,15,0.60,true,0.11038,0.00350,0.06983,1.95950,0.00391,0.6690,0.0705,0.7000,0.05697,0.00292
8,mid,1,6,15,0.70,true,0.10525,0.00343,0.09218,1.98700,0.00396,0.7533,0.0453,0.7872,0.08448,0.00318
8,mid,1,6,15,0.80,true,0.09975,0.00335,0.11814,2.01849,0.00401,0.8444,0.0290,0.8801,0.11597,0.00344
8,mid,1,6,15,0.90,true,0.09287,0.00325,0.14664,2.05392,0.00403,0.9355,0.0167,0.9743,0.15139,0.00368
8,mid,1,6,15,1.00,true,0.08588,0.00313,0.17779,2.09213,0.00404,1.0309,0.0096,1.0710,0.18961,0.00388
8,mid,1,6,15,1.10,true,0.07800,0.00300,0.21052,2.13282,0.00402,1.1285,0.0068,1.1674,0.23029,0.00406
8,mid,1,6,15,1.20,true,0.06925,0.00284,0.24527,2.17643,0.00396,1.2270,0.0038,1.2663,0.27391,0.00424
8,mid,1,6,20,0.00,true,0.05337,0.00251,0.03543,1.98208,0.00270,0.3824,0.5278,0.5151,0.00287,0.00139
8,mid,1,6,20,0.10,true,0.05887,0.00263,0.03806,1.97920,0.00284,0.4270,0.4424,0.5312,0.00000,0.00000
8,mid,1,6,20,0.20,true,0.06388,0.00273,0.04419,1.98034,0.00298,0.4770,0.3612,0.5617,0.00114,0.00143
8,mid,1,6,20,0.30,true,0.06713,0.00280,0.05382,1.98673,0.00311,0.5342,0.2917,0.6043,0.00753,0.00192
8,mid,1,6,20,0.40,true,0.06788,0.00281,0.06685,1.99903,0.00321,0.5946,0.2284,0.6577,0.01982,0.00230
8,mid,1,6,20,0.50,true,0.06788,0.00281,0.08333,2.01553,0.00330,0.6578,0.1718,0.7211,0.03633,0.00262
8,mid,1,6,20,0.60,true,0.06713,0.00280,0.10276,2.03574,0.00340,0.7268,0.1269,0.7920,0.05654,0.00289
8,mid,1,6,20,0.70,true,0.06438,0.00274,0.12504,2.06081,0.00346,0.8011,0.0916,0.8690,0.08161,0.00313
8,mid,1,6,20,0.80,true,0.06087,0.00267,0.14970,2.08902,0.00351,0.8806,0.0668,0.9500,0.10982,0.00331
8,mid,1,6,20,0.90,true,0.05775,0.00261,0.17669,2.11920,0.00356,0.9652,0.0478,1.0365,0.14000,0.00351
8,mid,1,6,20,1.00,true,0.05450,0.00254,0.20540,2.15125,0.00360,1.0544,0.0353,1.1258,0.17205,0.00368
8,mid,1,6,20,1.10,true,0.04825,0.00240,0.23576,2.18797,0.00356,1.1447,0.0261,1.2161,0.20877,0.00384
8,mid,1,6,20,1.20,true,0.04487,0.00231,0.26725,2.22297,0.00357,1.2379,0.0185,1.3103,0.24377,0.00395
8,high,1,12,10,0.00,true,0.15038,0.00400,0.00396,1.85359,0.00402,0.2058,0.5688,0.2636,0.04022,0.00328
8,high,1,12,10,0.10,true,0.17763,0.00427,0.00611,1.82849,0.00431,0.2554,0.4172,0.2814,0.01512,0.00240
8,high,1,12,10,0.20,true,0.19825,0.00446,0.01161,1.81337,0.00454,0.3136,0.2816,0.3251,0.00000,0.00000
8,high,1,12,10,0.30,true,0.20350,0.00450,0.02183,1.81835,0.00466,0.3818,0.1772,0.3895,0.00498,0.00232
8,high,1,12,10,0.40,true,0.20187,0.00449,0.03723,1.83540,0.00475,0.4554,0.1045,0.4661,0.02203,0.00290
8,high,1,12,10,0.50,true,0.19737,0.00445,0.05798,1.86068,0.00486,0.5353,0.0581,0.5509,0.04731,0.00334
8,high,1,12,10,0.60,true,0.18713,0.00436,0.08565,1.89864,0.00495,0.6253,0.0312,0.6442,0.08527,0.00366
8,high,1,12,10,0.70,true,0.17825,0.00428,0.11698,1.93891,0.00505,0.7175,0.0172,0.7381,0.12554,0.00401
8,high,1,12,10,0.80,true,0.16875,0.00419,0.15219,1.98370,0.00515,0.8123,0.0096,0.8339,0.17033,0.00428
8,high,1,12,10,0.90,true,0.15862,0.00408,0.19046,2.03221,0.00523,0.9099,0.0052,0.9321,0.21883,0.00450
8,high,1,12,10,1.00,true,0.14625,0.00395,0.23094,2.08520,0.00526,1.0083,0.0022,1.0312,0.27183,0.00474
8,high,1,12,10,1.10,true,0.13537,0.00383,0.26979,2.13510,0.00527,1.1032,0.0014,1.1255,0.32173,0.00489
8,high,1,12,10,1.20,true,0.12462,0.00369,0.31163,2.18791,0.00526,1.2065,0.0010,1.2283,0.37454,0.00504
8,high,1,12,15,0.00,true,0.07712,0.00298,0.02459,1.94749,0.00312,0.3113,0.5506,0.4094,0.00402,0.00167
8,high,1,12,15,0.10,true,0.08637,0.00314,0.02981,1.94347,0.00331,0.3545,0.4445,0.4251,0.00000,0.00000
8,high,1,12,15,0.20,true,0.09463,0.00327,0.03961,1.94504,0.00351,0.4025,0.3423,0.4581,0.00157,0.00164
8,high,1,12,15,0.30,true,0.10000,0.00335,0.05411,1.95418,0.00369,0.4622,0.2599,0.5061,0.01071,0.00221
8,high,1,12,15,0.40,true,0.10387,0.00341,0.07310,1.96933,0.00388,0.5291,0.1940,0.5670,0.02586,0.00264
8,high,1,12,15,0.50,true,0.10425,0.00342,0.09660,1.99251,0.00403,0.5970,0.1345,0.6381,0.04904,0.00300
8,high,1,12,15,0.60,true,0.10262,0.00339,0.12384,2.02144,0.00416,0.6729,0.0942,0.7160,0.07797,0.00334
8,high,1,12,15,0.70,true,0.09913,0.00334,0.15476,2.05596,0.00427,0.7536,0.0631,0.8004,0.11249,0.00358
8,high,1,12,15,0.80,true,0.09300,0.00325,0.18847,2.09590,0.00432,0.8375,0.0415,0.8876,0.15243,0.00385
8,high,1,12,15,0.90,true,0.08775,0.00316,0.22436,2.13718,0.00438,0.9266,0.0270,0.9790,0.19371,0.00405
8,high,1,12,15,1.00,true,0.08338,0.00309,0.26190,2.17928,0.00444,1.0211,0.0179,1.0745,0.23581,0.00423
8,high,1,12,15,1.10,true,0.07812,0.00300,0.29891,2.22176,0.00446,1.1147,0.0127,1.1678,0.27829,0.00436
8,high,1,12,15,1.20,true,0.07087,0.00287,0.33752,2.26788,0.00441,1.2116,0.0086,1.2649,0.32441,0.00447
8,high,1,12,20,0.00,true,0.04400,0.00229,0.07355,2.02968,0.00273,0.4068,0.5373,0.5782,0.00000,0.00000
8,high,1,12,20,0.10,true,0.05013,0.00244,0.08023,2.03024,0.00292,0.4476,0.4552,0.5944,0.00056,0.00127
8,high,1,12,20,0.20,true,0.05450,0.00254,0.09137,2.03704,0.00309,0.4945,0.3773,0.6231,0.00735,0.00177
8,high,1,12,20,0.30,true,0.05650,0.00258,0.10662,2.05032,0.00323,0.5498,0.3107,0.6630,0.02064,0.00219
8,high,1,12,20,0.40,true,0.05650,0.00258,0.12597,2.06973,0.00335,0.6109,0.2532,0.7126,0.04005,0.00251
8,high,1,12,20,0.50,true,0.05650,0.00258,0.14871,2.09254,0.00348,0.6725,0.2001,0.7711,0.06286,0.00281
8,high,1,12,20,0.60,true,0.05550,0.00256,0.17492,2.11985,0.00359,0.7398,0.1544,0.8384,0.09017,0.00310
8,high,1,12,20,0.70,true,0.05375,0.00252,0.20310,2.14991,0.00368,0.8105,0.1192,0.9096,0.12023,0.00331
8,high,1,12,20,0.80,true,0.05162,0.00247,0.23369,2.18277,0.00375,0.8871,0.0911,0.9873,0.15309,0.00358
8,high,1,12,20,0.90,true,0.04850,0.00240,0.26628,2.21867,0.00380,0.9682,0.0690,1.0696,0.18899,0.00373
8,high,1,12,20,1.00,true,0.04550,0.00233,0.29908,2.25469,0.00382,1.0503,0.0519,1.1534,0.22500,0.00389
8,high,1,12,20,1.10,true,0.04300,0.00227,0.33251,2.29088,0.00384,1.1367,0.0392,1.2408,0.26120,0.00403
8,high,1,12,20,1.20,true,0.03963,0.00218,0.36727,2.32931,0.00381,1.2283,0.0292,1.3332,0.29963,0.00413
8,high,1,3,10,0.00,true,0.14225,0.00391,0.00383,1.86159,0.00393,0.2060,0.5694,0.2670,0.03822,0.00348
8,high,1,3,10,0.10,true,0.17162,0.00422,0.00582,1.83420,0.00425,0.2591,0.4163,0.2850,0.01084,0.00238
8,high,1,3,10,0.20,true,0.18787,0.00437,0.01122,1.82336,0.00444,0.3171,0.2821,0.3290,0.00000,0.00000
8,high,1,3,10,0.30,true,0.19337,0.00442,0.02007,1.82672,0.00455,0.3746,0.1765,0.3873,0.00335,0.00205
8,high,1,3,10,0.40,true,0.19225,0.00441,0.03485,1.84265,0.00465,0.4502,0.0998,0.4659,0.01929,0.00275
8,high,1,3,10,0.50,true,0.18738,0.00436,0.05515,1.86787,0.00474,0.5336,0.0525,0.5542,0.04450,0.00319
8,high,1,3,10,0.60,true,0.17838,0.00428,0.08123,1.90300,0.00482,0.6259,0.0286,0.6485,0.07964,0.00356
8,high,1,3,10,0.70,true,0.16662,0.00417,0.11093,1.94453,0.00488,0.7157,0.0141,0.7410,0.12117,0.00388
8,high,1,3,10,0.80,true,0.15513,0.00405,0.14728,1.99249,0.00495,0.8165,0.0059,0.8433,0.16913,0.00410
8,high,1,3,10,0.90,true,0.14600,0.00395,0.18164,2.03609,0.00501,0.9071,0.0032,0.9338,0.21273,0.00430
8,high,1,3,10,1.00,true,0.13325,0.00380,0.22168,2.08904,0.00502,1.0071,0.0019,1.0332,0.26568,0.00455
8,high,1,3,10,1.10,true,0.12287,0.00367,0.25947,2.13737,0.00501,1.0996,0.0009,1.1256,0.31401,0.00473
8,high,1,3,10,1.20,true,0.10938,0.00349,0.30412,2.19577,0.00495,1.2073,0.0004,1.2328,0.37240,0.00490
8,high,1,3,15,0.00,true,0.07475,0.00294,0.02721,1.95249,0.00309,0.3085,0.5359,0.4237,0.00076,0.00202
8,high,1,3,15,0.10,true,0.08000,0.00303,0.03169,1.95173,0.00321,0.3599,0.4380,0.4402,0.00000,0.00000
8,high,1,3,15,0.20,true,0.08637,0.00314,0.04139,1.95508,0.00338,0.4173,0.3466,0.4743,0.00335,0.00172
8,high,1,3,15,0.30,true,0.08900,0.00318,0.05470,1.96579,0.00351,0.4744,0.2743,0.5183,0.01406,0.00226
8,high,1,3,15,0.40,true,0.09413,0.00326,0.07416,1.98017,0.00372,0.5366,0.1946,0.5817,0.02844,0.00274
8,high,1,3,15,0.50,true,0.09388,0.00326,0.09861,2.00494,0.00386,0.6097,0.1349,0.6564,0.05321,0.00312
8,high,1,3,15,0.60,true,0.09087,0.00321,0.12192,2.03133,0.00394,0.6739,0.0990,0.7229,0.07960,0.00335
8,high,1,3,15,0.70,true,0.08850,0.00318,0.15230,2.06418,0.00406,0.7544,0.0657,0.8077,0.11245,0.00357
8,high,1,3,15,0.80,true,0.08325,0.00309,0.18591,2.10318,0.00413,0.8417,0.0439,0.8973,0.15145,0.00381
8,high,1,3,15,0.90,true,0.07850,0.00301,0.22132,2.14350,0.00419,0.9319,0.0288,0.9898,0.19177,0.00402
8,high,1,3,15,1.00,true,0.07300,0.00291,0.25770,2.18557,0.00421,1.0257,0.0205,1.0833,0.23384,0.00415
8,high,1,3,15,1.10,true,0.06750,0.00280,0.29428,2.22786,0.00421,1.1187,0.0141,1.1770,0.27613,0.00428
8,high,1,3,15,1.20,true,0.06100,0.00268,0.33412,2.27449,0.00417,1.2197,0.0089,1.2790,0.32276,0.00441
8,high,1,3,20,0.00,true,0.04025,0.00220,0.08202,2.04191,0.00268,0.4144,0.5319,0.6038,0.00000,0.00000
8,high,1,3,20,0.10,true,0.04512,0.00232,0.08824,2.04328,0.00284,0.4638,0.4545,0.6214,0.00137,0.00165
8,high,1,3,20,0.20,true,0.04838,0.00240,0.09813,2.04996,0.00298,0.5096,0.3859,0.6486,0.00804,0.00208
8,high,1,3,20,0.30,true,0.04800,0.00239,0.11305,2.06530,0.00307,0.5671,0.3220,0.6876,0.02339,0.00251
8,high,1,3,20,0.40,true,0.05075,0.00245,0.13216,2.08174,0.00324,0.6269,0.2592,0.7394,0.03983,0.00287
8,high,1,3,20,0.50,true,0.04900,0.00241,0.15203,2.10344,0.00331,0.6829,0.2139,0.7906,0.06152,0.00312
8,high,1,3,20,0.60,true,0.04938,0.00242,0.17808,2.12923,0.00346,0.7500,0.1631,0.8597,0.08732,0.00338
8,high,1,3,20,0.70,true,0.04888,0.00241,0.20655,2.15834,0.00357,0.8262,0.1275,0.9345,0.11643,0.00361
8,high,1,3,20,0.80,true,0.04575,0.00234,0.23452,2.18960,0.00361,0.8953,0.0986,1.0064,0.14769,0.00379
8,high,1,3,20,0.90,true,0.04213,0.00225,0.26572,2.22463,0.00363,0.9711,0.0727,1.0869,0.18272,0.00393
8,high,1,3,20,1.00,true,0.03850,0.00215,0.29772,2.26050,0.00363,1.0553,0.0569,1.1706,0.21858,0.00405
8,high,1,3,20,1.10,true,0.03575,0.00208,0.32889,2.29468,0.00364,1.1357,0.0423,1.2544,0.25277,0.00414
8,high,1,3,20,1.20,true,0.03275,0.00199,0.36198,2.33108,0.00362,1.2244,0.0314,1.3448,0.28917,0.00420
8,high,1,6,10,0.00,true,0.13975,0.00388,0.00444,1.86470,0.00390,0.2099,0.5673,0.2700,0.03955,0.00326
8,high,1,6,10,0.10,true,0.16812,0.00418,0.00557,1.83745,0.00421,0.2562,0.4089,0.2897,0.01230,0.00232
8,high,1,6,10,0.20,true,0.18463,0.00434,0.00976,1.82514,0.00440,0.3121,0.2675,0.3346,0.00000,0.00000
8,high,1,6,10,0.30,true,0.18975,0.00438,0.01773,1.82800,0.00450,0.3796,0.1705,0.3967,0.00285,0.00193
8,high,1,6,10,0.40,true,0.18575,0.00435,0.03033,1.84462,0.00455,0.4540,0.1015,0.4720,0.01947,0.00260
8,high,1,6,10,0.50,true,0.17913,0.00429,0.04834,1.86929,0.00461,0.5379,0.0579,0.5586,0.04414,0.00309
8,high,1,6,10,0.60,true,0.16987,0.00420,0.07128,1.90153,0.00466,0.6251,0.0328,0.6483,0.07638,0.00340
8,high,1,6,10,0.70,true,0.16050,0.00410,0.09980,1.93951,0.00473,0.7178,0.0167,0.7439,0.11436,0.00370
8,high,1,6,10,0.80,true,0.14825,0.00397,0.13200,1.98406,0.00477,0.8123,0.0094,0.8387,0.15892,0.00395
8,high,1,6,10,0.90,true,0.13600,0.00383,0.16792,2.03237,0.00479,0.9082,0.0038,0.9361,0.20723,0.00422
8,high,1,6,10,1.00,true,0.12412,0.00369,0.20632,2.08284,0.00480,1.0077,0.0024,1.0347,0.25770,0.00447
8,high,1,6,10,1.10,true,0.11200,0.00353,0.24751,2.13641,0.00477,1.1098,0.0008,1.1367,0.31127,0.00467
8,high,1,6,10,1.20,true,0.09988,0.00335,0.28842,2.18975,0.00471,1.2097,0.0004,1.2361,0.36461,0.00483
8,high,1,6,15,0.00,true,0.06763,0.00281,0.02912,1.96153,0.00296,0.3175,0.5250,0.4284,0.00755,0.00165
8,high,1,6,15,0.10,true,0.07850,0.00301,0.03244,1.95398,0.00319,0.3658,0.4257,0.4487,0.00000,0.00000
8,high,1,6,15,0.20,true,0.08325,0.00309,0.04037,1.95718,0.00332,0.4186,0.3327,0.4838,0.00320,0.00155
8,high,1,6,15,0.30,true,0.08563,0.00313,0.05310,1.96757,0.00344,0.4764,0.2513,0.5330,0.01359,0.00208
8,high,1,6,15,0.40,true,0.08750,0.00316,0.07023,1.98287,0.00358,0.5397,0.1836,0.5937,0.02889,0.00246
8,high,1,6,15,0.50,true,0.08500,0.00312,0.09186,2.00708,0.00367,0.6113,0.1333,0.6638,0.05309,0.00279
8,high,1,6,15,0.60,true,0.08225,0.00307,0.11763,2.03569,0.00376,0.6874,0.0928,0.7423,0.08171,0.00308
8,high,1,6,15,0.70,true,0.07988,0.00303,0.14627,2.06683,0.00387,0.7670,0.0626,0.8256,0.11285,0.00333
8,high,1,6,15,0.80,true,0.07687,0.00298,0.17812,2.10184,0.00396,0.8539,0.0427,0.9144,0.14786,0.00356
8,high,1,6,15,0.90,true,0.07187,0.00289,0.21207,2.14099,0.00400,0.9432,0.0287,1.0054,0.18701,0.00378
8,high,1,6,15,1.00,true,0.06413,0.00274,0.24830,2.18523,0.00397,1.0350,0.0188,1.0987,0.23125,0.00396
8,high,1,6,15,1.10,true,0.05713,0.00259,0.28522,2.22945,0.00392,1.1276,0.0111,1.1934,0.27546,0.00415
8,high,1,6,15,1.20,true,0.05087,0.00246,0.32300,2.27384,0.00387,1.2250,0.0072,1.2907,0.31985,0.00430
8,high,1,6,20,0.00,true,0.03725,0.00212,0.08503,2.04793,0.00262,0.4197,0.5244,0.6097,0.00000,0.00000
8,high,1,6,20,0.10,true,0.04038,0.00220,0.08952,2.04932,0.00274,0.4653,0.4487,0.6274,0.00139,0.00118
8,high,1,6,20,0.20,true,0.04500,0.00232,0.09837,2.05359,0.00291,0.5129,0.3753,0.6571,0.00566,0.00163
8,high,1,6,20,0.30,true,0.04587,0.00234,0.11166,2.06607,0.00301,0.5695,0.3119,0.6975,0.01814,0.00206
8,high,1,6,20,0.40,true,0.04738,0.00238,0.12887,2.08187,0.00315,0.6261,0.2500,0.7484,0.03393,0.00242
8,high,1,6,20,0.50,true,0.04938,0.00242,0.14951,2.10062,0.00331,0.6916,0.2012,0.8084,0.05268,0.00273
8,high,1,6,20,0.60,true,0.04875,0.00241,0.17301,2.12489,0.00341,0.7555,0.1549,0.8742,0.07696,0.00298
8,high,1,6,20,0.70,true,0.04637,0.00235,0.19919,2.15362,0.00348,0.8251,0.1176,0.9462,0.10568,0.00319
8,high,1,6,20,0.80,true,0.04450,0.00231,0.22759,2.18411,0.00355,0.9012,0.0890,1.0242,0.13618,0.00345
8,high,1,6,20,0.90,true,0.04175,0.00224,0.25741,2.21693,0.00358,0.9798,0.0667,1.1048,0.16900,0.00361
8,high,1,6,20,1.00,true,0.03875,0.00216,0.28890,2.25171,0.00360,1.0648,0.0505,1.1904,0.20378,0.00379
8,high,1,6,20,1.10,true,0.03587,0.00208,0.32054,2.28657,0.00360,1.1507,0.0379,1.2774,0.23864,0.00394
8,high,1,6,20,1.20,true,0.03112,0.00194,0.35410,2.32529,0.00353,1.2437,0.0297,1.3690,0.27735,0.00407
8,hcp30,1,12,10,0.00,true,0.13050,0.00377,0.06807,1.93882,0.00428,0.4074,0.5654,0.4449,0.01018,0.00212
8,hcp30,1,12,10,0.10,true,0.14863,0.00398,0.07586,1.92865,0.00457,0.4626,0.4842,0.4652,0.00000,0.00000
8,hcp30,1,12,10,0.20,true,0.15588,0.00406,0.08919,1.93504,0.00477,0.5228,0.4130,0.4963,0.00639,0.00200
8,hcp30,1,12,10,0.30,true,0.16150,0.00411,0.10829,1.94902,0.00500,0.5879,0.3460,0.5422,0.02037,0.00291
8,hcp30,1,12,10,0.40,true,0.16725,0.00417,0.13142,1.96708,0.00524,0.6550,0.2855,0.5994,0.03844,0.00356
8,hcp30,1,12,10,0.50,true,0.16825,0.00418,0.15838,1.99393,0.00546,0.7260,0.2346,0.6655,0.06529,0.00415
8,hcp30,1,12,10,0.60,true,0.16812,0.00418,0.18965,2.02650,0.00568,0.8031,0.1880,0.7435,0.09786,0.00468
8,hcp30,1,12,10,0.70,true,0.16737,0.00417,0.22089,2.05983,0.00588,0.8799,0.1518,0.8237,0.13119,0.00513
8,hcp30,1,12,10,0.80,true,0.16200,0.00412,0.25418,2.10010,0.00601,0.9588,0.1213,0.9080,0.17145,0.00552
8,hcp30,1,12,10,0.90,true,0.15550,0.00405,0.28841,2.14270,0.00612,1.0429,0.0981,0.9962,0.21406,0.00582
8,hcp30,1,12,10,1.00,true,0.14938,0.00399,0.32380,2.18642,0.00622,1.1321,0.0785,1.0911,0.25777,0.00617
8,hcp30,1,12,10,1.10,true,0.14200,0.00390,0.35698,2.22930,0.00626,1.2160,0.0631,1.1811,0.30065,0.00641
8,hcp30,1,12,10,1.20,true,0.13325,0.00380,0.39307,2.27699,0.00627,1.3102,0.0495,1.2818,0.34835,0.00667
8,hcp30,1,12,15,0.00,true,0.07537,0.00295,0.16060,2.08946,0.00413,0.6189,0.5475,0.6594,0.00000,0.00000
8,hcp30,1,12,15,0.10,true,0.08163,0.00306,0.16812,2.09102,0.00430,0.6693,0.4933,0.6765,0.00156,0.00156
8,hcp30,1,12,15,0.20,true,0.08463,0.00311,0.17977,2.10018,0.00444,0.7212,0.4394,0.7030,0.01072,0.00229
8,hcp30,1,12,15,0.30,true,0.08700,0.00315,0.19459,2.11334,0.00460,0.7710,0.3847,0.7384,0.02388,0.00284
8,hcp30,1,12,15,0.40,true,0.08925,0.00319,0.21266,2.13012,0.00476,0.8332,0.3396,0.7839,0.04066,0.00339
8,hcp30,1,12,15,0.50,true,0.08925,0.00319,0.23406,2.15274,0.00491,0.8963,0.2951,0.8378,0.06327,0.00388
8,hcp30,1,12,15,0.60,true,0.08837,0.00317,0.25717,2.17814,0.00503,0.9694,0.2623,0.8974,0.08868,0.00435
8,hcp30,1,12,15,0.70,true,0.08937,0.00319,0.28148,2.20310,0.00518,1.0415,0.2305,0.9631,0.11363,0.00473
8,hcp30,1,12,15,0.80,true,0.08800,0.00317,0.30733,2.23218,0.00529,1.1119,0.2002,1.0329,0.14271,0.00510
8,hcp30,1,12,15,0.90,true,0.08712,0.00315,0.33466,2.26252,0.00540,1.1875,0.1732,1.1097,0.17305,0.00546
8,hcp30,1,12,15,1.00,true,0.08425,0.00311,0.36320,2.29638,0.00546,1.2642,0.1478,1.1910,0.20691,0.00578
8,hcp30,1,12,15,1.10,true,0.08113,0.00305,0.39117,2.33007,0.00551,1.3413,0.1265,1.2735,0.24061,0.00607
8,hcp30,1,12,15,1.20,true,0.07637,0.00297,0.41989,2.36644,0.00551,1.4233,0.1094,1.3590,0.27698,0.00630
8,hcp30,1,12,20,0.00,true,0.04850,0.00240,0.25199,2.21279,0.00417,0.8121,0.5331,0.8786,0.00000,0.00000
8,hcp30,1,12,20,0.10,true,0.04900,0.00241,0.25914,2.21989,0.00422,0.8598,0.4907,0.8943,0.00710,0.00132
8,hcp30,1,12,20,0.20,true,0.05175,0.00248,0.26857,2.22722,0.00434,0.9080,0.4475,0.9191,0.01443,0.00196
8,hcp30,1,12,20,0.30,true,0.05287,0.00250,0.28102,2.23944,0.00444,0.9641,0.4086,0.9520,0.02665,0.00256
8,hcp30,1,12,20,0.40,true,0.05462,0.00254,0.29479,2.25256,0.00456,1.0157,0.3680,0.9913,0.03977,0.00304
8,hcp30,1,12,20,0.50,true,0.05312,0.00251,0.31088,2.27149,0.00462,1.0780,0.3356,1.0353,0.05870,0.00348
8,hcp30,1,12,20,0.60,true,0.05300,0.00250,0.32832,2.29062,0.00470,1.1441,0.3061,1.0857,0.07782,0.00386
8,hcp30,1,12,20,0.70,true,0.05375,0.00252,0.34703,2.31032,0.00481,1.2086,0.2769,1.1419,0.09753,0.00426
8,hcp30,1,12,20,0.80,true,0.05112,0.00246,0.36752,2.33541,0.00483,1.2784,0.2525,1.2011,0.12262,0.00464
8,hcp30,1,12,20,0.90,true,0.05150,0.00247,0.38824,2.35798,0.00492,1.3426,0.2243,1.2671,0.14519,0.00495
8,hcp30,1,12,20,1.00,true,0.05038,0.00245,0.40939,2.38267,0.00497,1.4138,0.2031,1.3344,0.16987,0.00523
8,hcp30,1,12,20,1.10,true,0.04788,0.00239,0.43116,2.40957,0.00498,1.4855,0.1833,1.4046,0.19677,0.00546
8,hcp30,1,12,20,1.20,true,0.04612,0.00235,0.45366,2.43673,0.00501,1.5581,0.1625,1.4811,0.22394,0.00571
8,hcp30,1,3,10,0.00,true,0.12125,0.00365,0.07111,1.95117,0.00417,0.3964,0.5596,0.4479,0.00621,0.00266
8,hcp30,1,3,10,0.10,true,0.13425,0.00381,0.07768,1.94496,0.00440,0.4680,0.4804,0.4659,0.00000,0.00000
8,hcp30,1,3,10,0.20,true,0.14563,0.00394,0.09039,1.94671,0.00465,0.5330,0.4114,0.4999,0.00175,0.00229
8,hcp30,1,3,10,0.30,true,0.15325,0.00403,0.10719,1.95644,0.00488,0.5913,0.3468,0.5437,0.01148,0.00308
8,hcp30,1,3,10,0.40,true,0.15675,0.00406,0.13019,1.97676,0.00511,0.6579,0.2837,0.6015,0.03181,0.00368
8,hcp30,1,3,10,0.50,true,0.15862,0.00408,0.15740,2.00315,0.00534,0.7297,0.2292,0.6710,0.05819,0.00424
8,hcp30,1,3,10,0.60,true,0.15750,0.00407,0.18762,2.03579,0.00554,0.8032,0.1813,0.7481,0.09084,0.00472
8,hcp30,1,3,10,0.70,true,0.14963,0.00399,0.21915,2.07667,0.00564,0.8781,0.1471,0.8252,0.13172,0.00509
8,hcp30,1,3,10,0.80,true,0.14213,0.00390,0.25604,2.12299,0.00576,0.9661,0.1161,0.9178,0.17804,0.00549
8,hcp30,1,3,10,0.90,true,0.13437,0.00381,0.28871,2.16531,0.00583,1.0413,0.0924,1.0004,0.22035,0.00575
8,hcp30,1,3,10,1.00,true,0.12850,0.00374,0.32443,2.20920,0.00591,1.1282,0.0717,1.0952,0.26425,0.00604
8,hcp30,1,3,10,1.10,true,0.12037,0.00364,0.35762,2.25289,0.00592,1.2094,0.0574,1.1822,0.30793,0.00627
8,hcp30,1,3,10,1.20,true,0.11238,0.00353,0.39561,2.30189,0.00592,1.3066,0.0438,1.2863,0.35693,0.00653
8,hcp30,1,3,15,0.00,true,0.07137,0.00288,0.16996,2.10319,0.00410,0.5876,0.5321,0.6753,0.00000,0.00000
8,hcp30,1,3,15,0.10,true,0.07500,0.00294,0.17700,2.10697,0.00421,0.6670,0.4815,0.6931,0.00378,0.00233
8,hcp30,1,3,15,0.20,true,0.07888,0.00301,0.18885,2.11556,0.00437,0.7329,0.4313,0.7235,0.01237,0.00302
8,hcp30,1,3,15,0.30,true,0.08063,0.00304,0.20298,2.12873,0.00451,0.7897,0.3860,0.7588,0.02554,0.00355
8,hcp30,1,3,15,0.40,true,0.08013,0.00304,0.22242,2.14980,0.00463,0.8571,0.3401,0.8069,0.04661,0.00409
8,hcp30,1,3,15,0.50,true,0.07863,0.00301,0.24456,2.17482,0.00474,0.9282,0.3000,0.8623,0.07163,0.00451
8,hcp30,1,3,15,0.60,true,0.07800,0.00300,0.26435,2.19655,0.00485,0.9876,0.2697,0.9133,0.09336,0.00484
8,hcp30,1,3,15,0.70,true,0.07612,0.00297,0.28934,2.22519,0.00495,1.0551,0.2338,0.9787,0.12201,0.00515
8,hcp30,1,3,15,0.80,true,0.07537,0.00295,0.31536,2.25399,0.00507,1.1255,0.2009,1.0511,0.15080,0.00545
8,hcp30,1,3,15,0.90,true,0.07437,0.00293,0.34210,2.28397,0.00517,1.1978,0.1716,1.1279,0.18078,0.00572
8,hcp30,1,3,15,1.00,true,0.07150,0.00288,0.36917,2.31638,0.00522,1.2746,0.1488,1.2068,0.21319,0.00594
8,hcp30,1,3,15,1.10,true,0.06775,0.00281,0.39590,2.34948,0.00524,1.3506,0.1291,1.2863,0.24629,0.00611
8,hcp30,1,3,15,1.20,true,0.06338,0.00272,0.42512,2.38615,0.00523,1.4325,0.1089,1.3756,0.28296,0.00629
8,hcp30,1,3,20,0.00,true,0.04225,0.00225,0.26882,2.23651,0.00407,0.7692,0.5219,0.9036,0.00000,0.00000
8,hcp30,1,3,20,0.10,true,0.04650,0.00235,0.27547,2.23939,0.00420,0.8592,0.4793,0.9234,0.00289,0.00207
8,hcp30,1,3,20,0.20,true,0.04688,0.00236,0.28399,2.24821,0.00425,0.9196,0.4464,0.9466,0.01170,0.00259
8,hcp30,1,3,20,0.30,true,0.04788,0.00239,0.29584,2.26001,0.00434,0.9809,0.4091,0.9802,0.02351,0.00310
8,hcp30,1,3,20,0.40,true,0.04525,0.00232,0.31040,2.27844,0.00436,1.0429,0.3727,1.0190,0.04193,0.00351
8,hcp30,1,3,20,0.50,true,0.04450,0.00231,0.32385,2.29388,0.00442,1.0996,0.3458,1.0575,0.05738,0.00381
8,hcp30,1,3,20,0.60,true,0.04475,0.00231,0.34123,2.31271,0.00451,1.1670,0.3139,1.1101,0.07620,0.00420
8,hcp30,1,3,20,0.70,true,0.04362,0.00228,0.35967,2.33419,0.00457,1.2363,0.2862,1.1658,0.09769,0.00451
8,hcp30,1,3,20,0.80,true,0.04325,0.00227,0.37738,2.35423,0.00464,1.2974,0.2604,1.2219,0.11772,0.00478
8,hcp30,1,3,20,0.90,true,0.04150,0.00223,0.39687,2.37774,0.00468,1.3591,0.2329,1.2842,0.14123,0.00506
8,hcp30,1,3,20,1.00,true,0.04088,0.00221,0.41674,2.40071,0.00473,1.4275,0.2098,1.3512,0.16420,0.00532
8,hcp30,1,3,20,1.10,true,0.03975,0.00218,0.43642,2.42408,0.00477,1.5002,0.1923,1.4188,0.18758,0.00554
8,hcp30,1,3,20,1.20,true,0.03862,0.00215,0.45732,2.44904,0.00480,1.5725,0.1720,1.4936,0.21253,0.00575
8,hcp30,1,6,10,0.00,true,0.12062,0.00364,0.07164,1.95228,0.00418,0.4146,0.5642,0.4485,0.00927,0.00293
8,hcp30,1,6,10,0.10,true,0.13487,0.00382,0.07671,1.94330,0.00441,0.4691,0.4837,0.4681,0.00029,0.00206
8,hcp30,1,6,10,0.20,true,0.14638,0.00395,0.08755,1.94301,0.00464,0.5251,0.4052,0.5026,0.00000,0.00000
8,hcp30,1,6,10,0.30,true,0.15325,0.00403,0.10325,1.95239,0.00485,0.5838,0.3338,0.5487,0.00938,0.00194
8,hcp30,1,6,10,0.40,true,0.15625,0.00406,0.12460,1.97154,0.00506,0.6520,0.2720,0.6084,0.02853,0.00280
8,hcp30,1,6,10,0.50,true,0.15450,0.00404,0.14946,1.99917,0.00523,0.7279,0.2263,0.6752,0.05615,0.00343
8,hcp30,1,6,10,0.60,true,0.15025,0.00399,0.17791,2.03313,0.00538,0.8012,0.1818,0.7497,0.09012,0.00402
8,hcp30,1,6,10,0.70,true,0.14438,0.00393,0.20953,2.07218,0.00550,0.8790,0.1454,0.8306,0.12917,0.00450
8,hcp30,1,6,10,0.80,true,0.13887,0.00387,0.24267,2.11262,0.00562,0.9612,0.1174,0.9160,0.16961,0.00494
8,hcp30,1,6,10,0.90,true,0.13150,0.00378,0.27713,2.15652,0.00570,1.0453,0.0946,1.0045,0.21350,0.00532
8,hcp30,1,6,10,1.00,true,0.12087,0.00364,0.31292,2.20528,0.00571,1.1327,0.0778,1.0948,0.26227,0.00566
8,hcp30,1,6,10,1.10,true,0.11238,0.00353,0.34973,2.25330,0.00572,1.2234,0.0608,1.1926,0.31029,0.00599
8,hcp30,1,6,10,1.20,true,0.10462,0.00342,0.38434,2.29853,0.00571,1.3155,0.0505,1.2877,0.35552,0.00623
8,hcp30,1,6,15,0.00,true,0.06613,0.00278,0.17011,2.10847,0.00400,0.6311,0.5227,0.6781,0.00000,0.00000
8,hcp30,1,6,15,0.10,true,0.07000,0.00285,0.17696,2.11188,0.00412,0.6861,0.4707,0.6991,0.00340,0.00161
8,hcp30,1,6,15,0.20,true,0.07400,0.00293,0.18787,2.11944,0.00427,0.7400,0.4181,0.7299,0.01097,0.00228
8,hcp30,1,6,15,0.30,true,0.07637,0.00297,0.20247,2.13256,0.00441,0.7963,0.3681,0.7695,0.02409,0.00285
8,hcp30,1,6,15,0.40,true,0.07712,0.00298,0.22011,2.15057,0.00454,0.8644,0.3293,0.8167,0.04209,0.00336
8,hcp30,1,6,15,0.50,true,0.07575,0.00296,0.24032,2.17353,0.00465,0.9302,0.2905,0.8706,0.06505,0.00385
8,hcp30,1,6,15,0.60,true,0.07537,0.00295,0.26241,2.19759,0.00477,0.9970,0.2533,0.9319,0.08912,0.00429
8,hcp30,1,6,15,0.70,true,0.07200,0.00289,0.28650,2.22690,0.00483,1.0637,0.2189,0.9978,0.11843,0.00471
8,hcp30,1,6,15,0.80,true,0.07025,0.00286,0.31190,2.25615,0.00492,1.1360,0.1892,1.0701,0.14768,0.00507
8,hcp30,1,6,15,0.90,true,0.06600,0.00278,0.33852,2.28935,0.00495,1.2111,0.1643,1.1454,0.18088,0.00542
8,hcp30,1,6,15,1.00,true,0.06288,0.00271,0.36500,2.32149,0.00499,1.2889,0.1434,1.2240,0.21302,0.00568
8,hcp30,1,6,15,1.10,true,0.05862,0.00263,0.39194,2.35544,0.00499,1.3692,0.1260,1.3049,0.24696,0.00594
8,hcp30,1,6,15,1.20,true,0.05563,0.00256,0.41820,2.38767,0.00500,1.4474,0.1081,1.3889,0.27920,0.00611
8,hcp30,1,6,20,0.00,true,0.03812,0.00214,0.26752,2.23935,0.00397,0.8338,0.5179,0.9066,0.00000,0.00000
8,hcp30,1,6,20,0.10,true,0.03875,0.00216,0.27262,2.24438,0.00401,0.8877,0.4801,0.9243,0.00503,0.00115
8,hcp30,1,6,20,0.20,true,0.04038,0.00220,0.28050,2.25144,0.00410,0.9405,0.4409,0.9505,0.01209,0.00179
8,hcp30,1,6,20,0.30,true,0.04163,0.00223,0.29060,2.26130,0.00418,0.9951,0.4038,0.9830,0.02195,0.00230
8,hcp30,1,6,20,0.40,true,0.04175,0.00224,0.30336,2.27521,0.00426,1.0507,0.3667,1.0225,0.03586,0.00282
8,hcp30,1,6,20,0.50,true,0.04288,0.00226,0.31777,2.28997,0.00436,1.1178,0.3369,1.0689,0.05062,0.00331
8,hcp30,1,6,20,0.60,true,0.04238,0.00225,0.33356,2.30796,0.00443,1.1798,0.3069,1.1188,0.06862,0.00372
8,hcp30,1,6,20,0.70,true,0.04100,0.00222,0.35142,2.32915,0.00448,1.2416,0.2759,1.1753,0.08980,0.00416
8,hcp30,1,6,20,0.80,true,0.03950,0.00218,0.36975,2.35114,0.00453,1.3054,0.2486,1.2348,0.11179,0.00450
8,hcp30,1,6,20,0.90,true,0.03913,0.00217,0.38875,2.37288,0.00459,1.3789,0.2273,1.2995,0.13353,0.00483
8,hcp30,1,6,20,1.00,true,0.03700,0.00211,0.40893,2.39779,0.00461,1.4478,0.2046,1.3673,0.15844,0.00512
8,hcp30,1,6,20,1.10,true,0.03662,0.00210,0.42880,2.42078,0.00466,1.5132,0.1810,1.4388,0.18143,0.00538
8,hcp30,1,6,20,1.20,true,0.03388,0.00202,0.44999,2.44776,0.00464,1.5851,0.1612,1.5137,0.20841,0.00560
8,tour,2,12,10,0.00,true,0.29962,0.00512,0.00006,1.70043,0.00512,0.1639,0.6363,0.1926,0.12829,0.00502
8,tour,2,12,10,0.10,true,0.37425,0.00541,0.00020,1.62595,0.00541,0.2146,0.4329,0.2094,0.05382,0.00406
8,tour,2,12,10,0.20,true,0.41950,0.00552,0.00068,1.58118,0.00552,0.2745,0.2384,0.2628,0.00904,0.00271
8,tour,2,12,10,0.30,true,0.42975,0.00553,0.00189,1.57214,0.00555,0.3480,0.1129,0.3407,0.00000,0.00000
8,tour,2,12,10,0.40,true,0.42738,0.00553,0.00446,1.57709,0.00558,0.4325,0.0452,0.4330,0.00495,0.00218
8,tour,2,12,10,0.50,true,0.41363,0.00551,0.00905,1.59542,0.00560,0.5233,0.0158,0.5290,0.02328,0.00283
8,tour,2,12,10,0.60,true,0.39663,0.00547,0.01685,1.62022,0.00563,0.6215,0.0037,0.6299,0.04809,0.00323
8,tour,2,12,10,0.70,true,0.38000,0.00543,0.02794,1.64794,0.00569,0.7204,0.0012,0.7285,0.07580,0.00352
8,tour,2,12,10,0.80,true,0.36150,0.00537,0.04279,1.68129,0.00576,0.8199,0.0004,0.8274,0.10915,0.00386
8,tour,2,12,10,0.90,true,0.34237,0.00531,0.06180,1.71943,0.00584,0.9221,0.0000,0.9291,0.14729,0.00414
8,tour,2,12,10,1.00,true,0.32812,0.00525,0.08175,1.75362,0.00593,1.0163,0.0000,1.0229,0.18149,0.00438
8,tour,2,12,10,1.10,true,0.31312,0.00519,0.10528,1.79215,0.00603,1.1169,0.0000,1.1230,0.22002,0.00463
8,tour,2,12,10,1.20,true,0.29675,0.00511,0.13295,1.83620,0.00613,1.2258,0.0000,1.2315,0.26406,0.00488
8,tour,2,12,15,0.00,true,0.18775,0.00437,0.00098,1.81323,0.00437,0.2450,0.5911,0.2828,0.07155,0.00432
8,tour,2,12,15,0.10,true,0.22225,0.00465,0.00179,1.77954,0.00466,0.2893,0.4489,0.2973,0.03786,0.00371
8,tour,2,12,15,0.20,true,0.24700,0.00482,0.00353,1.75653,0.00485,0.3471,0.3284,0.3343,0.01485,0.00304
8,tour,2,12,15,0.30,true,0.26438,0.00493,0.00664,1.74227,0.00498,0.4106,0.2231,0.3923,0.00059,0.00219
8,tour,2,12,15,0.40,true,0.27000,0.00496,0.01167,1.74167,0.00505,0.4803,0.1385,0.4662,0.00000,0.00000
8,tour,2,12,15,0.50,true,0.26825,0.00495,0.01916,1.75091,0.00510,0.5554,0.0801,0.5494,0.00924,0.00181
8,tour,2,12,15,0.60,true,0.25938,0.00490,0.03007,1.77069,0.00513,0.6423,0.0437,0.6428,0.02902,0.00246
8,tour,2,12,15,0.70,true,0.25175,0.00485,0.04383,1.79208,0.00518,0.7338,0.0244,0.7382,0.05041,0.00282
8,tour,2,12,15,0.80,true,0.24175,0.00479,0.06038,1.81864,0.00523,0.8265,0.0125,0.8345,0.07696,0.00318
8,tour,2,12,15,0.90,true,0.22925,0.00470,0.08077,1.85153,0.00528,0.9251,0.0063,0.9348,0.10985,0.00350
8,tour,2,12,15,1.00,true,0.21613,0.00460,0.10468,1.88856,0.00532,1.0270,0.0024,1.0381,0.14689,0.00376
8,tour,2,12,15,1.10,true,0.20488,0.00451,0.12913,1.92426,0.00536,1.1246,0.0014,1.1354,0.18259,0.00399
8,tour,2,12,15,1.20,true,0.19137,0.00440,0.15470,1.96334,0.00537,1.2180,0.0006,1.2287,0.22166,0.00423
8,tour,2,12,20,0.00,true,0.12375,0.00368,0.00443,1.88068,0.00371,0.3229,0.5612,0.3758,0.02903,0.00312
8,tour,2,12,20,0.10,true,0.14100,0.00389,0.00618,1.86518,0.00393,0.3686,0.4622,0.3876,0.01352,0.00255
8,tour,2,12,20,0.20,true,0.15538,0.00405,0.00945,1.85407,0.00411,0.4169,0.3613,0.4176,0.00242,0.00179
8,tour,2,12,20,0.30,true,0.16300,0.00413,0.01466,1.85166,0.00422,0.4773,0.2812,0.4627,0.00000,0.00000
8,tour,2,12,20,0.40,true,0.16975,0.00420,0.02192,1.85217,0.00434,0.5414,0.2085,0.5224,0.00052,0.00170
8,tour,2,12,20,0.50,true,0.17125,0.00421,0.03156,1.86031,0.00442,0.6079,0.1484,0.5918,0.00865,0.00226
8,tour,2,12,20,0.60,true,0.16900,0.00419,0.04404,1.87504,0.00448,0.6846,0.1038,0.6720,0.02338,0.00273
8,tour,2,12,20,0.70,true,0.16375,0.00414,0.05931,1.89557,0.00453,0.7629,0.0679,0.7579,0.04391,0.00303
8,tour,2,12,20,0.80,true,0.16087,0.00411,0.07680,1.91593,0.00461,0.8450,0.0413,0.8486,0.06427,0.00333
8,tour,2,12,20,0.90,true,0.15325,0.00403,0.09818,1.94494,0.00465,0.9378,0.0248,0.9465,0.09328,0.00360
8,tour,2,12,20,1.00,true,0.14788,0.00397,0.12010,1.97223,0.00471,1.0275,0.0148,1.0399,0.12057,0.00378
8,tour,2,12,20,1.10,true,0.13775,0.00385,0.14548,2.00774,0.00471,1.1251,0.0100,1.1381,0.15608,0.00399
8,tour,2,12,20,1.20,true,0.13062,0.00377,0.17059,2.03998,0.00474,1.2183,0.0069,1.2318,0.18832,0.00416
8,tour,2,3,10,0.00,true,0.24963,0.00484,0.00009,1.75046,0.00484,0.1535,0.5972,0.2013,0.11332,0.00516
8,tour,2,3,10,0.10,true,0.31900,0.00521,0.00019,1.68119,0.00521,0.2107,0.4124,0.2187,0.04405,0.00405
8,tour,2,3,10,0.20,true,0.35450,0.00535,0.00056,1.64606,0.00535,0.2714,0.2417,0.2685,0.00892,0.00272
8,tour,2,3,10,0.30,true,0.36438,0.00538,0.00151,1.63714,0.00539,0.3388,0.1217,0.3399,0.00000,0.00000
8,tour,2,3,10,0.40,true,0.36175,0.00537,0.00378,1.64203,0.00541,0.4213,0.0511,0.4291,0.00489,0.00239
8,tour,2,3,10,0.50,true,0.35075,0.00534,0.00780,1.65705,0.00540,0.5089,0.0214,0.5208,0.01992,0.00300
8,tour,2,3,10,0.60,true,0.33850,0.00529,0.01437,1.67587,0.00541,0.6033,0.0066,0.6181,0.03874,0.00347
8,tour,2,3,10,0.70,true,0.32250,0.00523,0.02431,1.70181,0.00543,0.7033,0.0030,0.7176,0.06468,0.00384
8,tour,2,3,10,0.80,true,0.30538,0.00515,0.03702,1.73165,0.00545,0.7969,0.0005,0.8115,0.09451,0.00415
8,tour,2,3,10,0.90,true,0.28925,0.00507,0.05481,1.76556,0.00550,0.9014,0.0004,0.9153,0.12843,0.00439
8,tour,2,3,10,1.00,true,0.27437,0.00499,0.07602,1.80164,0.00556,1.0041,0.0002,1.0179,0.16451,0.00462
8,tour,2,3,10,1.10,true,0.25388,0.00487,0.10148,1.84761,0.00559,1.1072,0.0000,1.1210,0.21047,0.00487
8,tour,2,3,10,1.20,true,0.23600,0.00475,0.12706,1.89106,0.00561,1.2010,0.0000,1.2148,0.25392,0.00508
8,tour,2,3,15,0.00,true,0.14563,0.00394,0.00124,1.85561,0.00395,0.2050,0.5726,0.2940,0.06215,0.00464
8,tour,2,3,15,0.10,true,0.18413,0.00433,0.00170,1.81758,0.00434,0.2887,0.4379,0.3100,0.02411,0.00349
8,tour,2,3,15,0.20,true,0.20475,0.00451,0.00307,1.79832,0.00453,0.3413,0.3117,0.3472,0.00486,0.00246
8,tour,2,3,15,0.30,true,0.21225,0.00457,0.00572,1.79347,0.00461,0.4032,0.2117,0.4030,0.00000,0.00000
8,tour,2,3,15,0.40,true,0.21625,0.00460,0.00993,1.79368,0.00467,0.4696,0.1408,0.4694,0.00021,0.00219
8,tour,2,3,15,0.50,true,0.21163,0.00457,0.01694,1.80531,0.00468,0.5481,0.0834,0.5538,0.01185,0.00294
8,tour,2,3,15,0.60,true,0.21125,0.00456,0.02623,1.81498,0.00474,0.6319,0.0490,0.6426,0.02151,0.00337
8,tour,2,3,15,0.70,true,0.20638,0.00452,0.03804,1.83166,0.00478,0.7170,0.0285,0.7314,0.03819,0.00372
8,tour,2,3,15,0.80,true,0.19525,0.00443,0.05541,1.86016,0.00480,0.8182,0.0148,0.8358,0.06670,0.00403
8,tour,2,3,15,0.90,true,0.18363,0.00433,0.07403,1.89041,0.00481,0.9094,0.0084,0.9287,0.09694,0.00429
8,tour,2,3,15,1.00,true,0.17162,0.00422,0.09627,1.92464,0.00481,1.0044,0.0035,1.0256,0.13118,0.00446
8,tour,2,3,15,1.10,true,0.16300,0.00413,0.12067,1.95767,0.00485,1.1025,0.0018,1.1238,0.16421,0.00462
8,tour,2,3,15,1.20,true,0.15113,0.00400,0.14854,1.99742,0.00486,1.2044,0.0006,1.2259,0.20396,0.00479
8,tour,2,3,20,0.00,true,0.09675,0.00331,0.00531,1.90856,0.00333,0.2722,0.5501,0.3858,0.03433,0.00399
8,tour,2,3,20,0.10,true,0.11887,0.00362,0.00640,1.88752,0.00365,0.3578,0.4479,0.3984,0.01329,0.00299
8,tour,2,3,20,0.20,true,0.13000,0.00376,0.00907,1.87907,0.00381,0.4125,0.3507,0.4300,0.00483,0.00209
8,tour,2,3,20,0.30,true,0.13925,0.00387,0.01348,1.87423,0.00395,0.4702,0.2665,0.4765,0.00000,0.00000
8,tour,2,3,20,0.40,true,0.14338,0.00392,0.02005,1.87668,0.00404,0.5348,0.1966,0.5370,0.00245,0.00198
8,tour,2,3,20,0.50,true,0.14325,0.00392,0.02918,1.88593,0.00410,0.6033,0.1370,0.6086,0.01170,0.00270
8,tour,2,3,20,0.60,true,0.13825,0.00386,0.04064,1.90239,0.00411,0.6764,0.0949,0.6854,0.02816,0.00310
8,tour,2,3,20,0.70,true,0.13375,0.00381,0.05496,1.92122,0.00415,0.7534,0.0597,0.7700,0.04698,0.00342
8,tour,2,3,20,0.80,true,0.12950,0.00375,0.07224,1.94274,0.00419,0.8398,0.0383,0.8606,0.06851,0.00370
8,tour,2,3,20,0.90,true,0.12125,0.00365,0.09237,1.97112,0.00420,0.9287,0.0242,0.9528,0.09688,0.00392
8,tour,2,3,20,1.00,true,0.11538,0.00357,0.11455,1.99918,0.00423,1.0211,0.0155,1.0472,0.12495,0.00409
8,tour,2,3,20,1.10,true,0.10837,0.00348,0.13898,2.03062,0.00424,1.1152,0.0095,1.1431,0.15638,0.00423
8,tour,2,3,20,1.20,true,0.09913,0.00334,0.16614,2.06702,0.00422,1.2127,0.0056,1.2420,0.19279,0.00438
8,tour,2,6,10,0.00,true,0.24950,0.00484,0.00008,1.75058,0.00484,0.1627,0.6136,0.1988,0.10454,0.00466
8,tour,2,6,10,0.10,true,0.31650,0.00520,0.00007,1.68357,0.00520,0.2122,0.4042,0.2185,0.03752,0.00371
8,tour,2,6,10,0.20,true,0.34700,0.00532,0.00020,1.65320,0.00532,0.2745,0.2324,0.2700,0.00716,0.00247
8,tour,2,6,10,0.30,true,0.35463,0.00535,0.00067,1.64605,0.00535,0.3461,0.1100,0.3458,0.00000,0.00000
8,tour,2,6,10,0.40,true,0.34887,0.00533,0.00176,1.65289,0.00534,0.4279,0.0451,0.4340,0.00684,0.00216
8,tour,2,6,10,0.50,true,0.33325,0.00527,0.00417,1.67092,0.00530,0.5208,0.0184,0.5296,0.02488,0.00279
8,tour,2,6,10,0.60,true,0.31338,0.00519,0.00852,1.69514,0.00525,0.6182,0.0067,0.6284,0.04910,0.00323
8,tour,2,6,10,0.70,true,0.29400,0.00509,0.01538,1.72138,0.00521,0.7163,0.0028,0.7263,0.07534,0.00357
8,tour,2,6,10,0.80,true,0.27175,0.00497,0.02556,1.75381,0.00516,0.8177,0.0005,0.8278,0.10777,0.00392
8,tour,2,6,10,0.90,true,0.25125,0.00485,0.03935,1.78810,0.00513,0.9212,0.0000,0.9306,0.14206,0.00418
8,tour,2,6,10,1.00,true,0.22700,0.00468,0.05647,1.82948,0.00506,1.0225,0.0000,1.0311,0.18343,0.00448
8,tour,2,6,10,1.10,true,0.20037,0.00448,0.07629,1.87592,0.00495,1.1198,0.0000,1.1277,0.22988,0.00477
8,tour,2,6,10,1.20,true,0.17250,0.00422,0.10059,1.92811,0.00479,1.2230,0.0000,1.2305,0.28206,0.00505
8,tour,2,6,15,0.00,true,0.14938,0.00399,0.00114,1.85176,0.00399,0.2425,0.5675,0.2925,0.04956,0.00390
8,tour,2,6,15,0.10,true,0.17588,0.00426,0.00105,1.82518,0.00426,0.2894,0.4335,0.3080,0.02297,0.00342
8,tour,2,6,15,0.20,true,0.19050,0.00439,0.00167,1.81117,0.00440,0.3430,0.3071,0.3458,0.00897,0.00274
8,tour,2,6,15,0.30,true,0.20037,0.00448,0.00318,1.80280,0.00449,0.4066,0.2070,0.4032,0.00060,0.00193
8,tour,2,6,15,0.40,true,0.20375,0.00450,0.00595,1.80220,0.00454,0.4780,0.1312,0.4761,0.00000,0.00000
8,tour,2,6,15,0.50,true,0.19962,0.00447,0.01037,1.81074,0.00453,0.5542,0.0764,0.5583,0.00854,0.00170
8,tour,2,6,15,0.60,true,0.19212,0.00440,0.01696,1.82484,0.00451,0.6370,0.0381,0.6490,0.02263,0.00231
8,tour,2,6,15,0.70,true,0.17738,0.00427,0.02613,1.84876,0.00443,0.7280,0.0220,0.7412,0.04656,0.00274
8,tour,2,6,15,0.80,true,0.16625,0.00416,0.03820,1.87195,0.00439,0.8251,0.0133,0.8386,0.06975,0.00304
8,tour,2,6,15,0.90,true,0.15538,0.00405,0.05301,1.89764,0.00436,0.9230,0.0077,0.9370,0.09543,0.00332
8,tour,2,6,15,1.00,true,0.14062,0.00389,0.07120,1.93059,0.00428,1.0229,0.0032,1.0383,0.12839,0.00363
8,tour,2,6,15,1.10,true,0.12262,0.00367,0.09190,1.96929,0.00415,1.1213,0.0016,1.1365,0.16709,0.00391
8,tour,2,6,15,1.20,true,0.10600,0.00344,0.11600,2.01002,0.00401,1.2241,0.0001,1.2395,0.20782,0.00416
8,tour,2,6,20,0.00,true,0.09250,0.00324,0.00504,1.91254,0.00326,0.3220,0.5460,0.3884,0.02555,0.00284
8,tour,2,6,20,0.10,true,0.10575,0.00344,0.00500,1.89925,0.00346,0.3669,0.4460,0.4017,0.01227,0.00232
8,tour,2,6,20,0.20,true,0.11650,0.00359,0.00627,1.88977,0.00362,0.4170,0.3500,0.4320,0.00278,0.00173
8,tour,2,6,20,0.30,true,0.12200,0.00366,0.00899,1.88699,0.00371,0.4766,0.2692,0.4783,0.00000,0.00000
8,tour,2,6,20,0.40,true,0.12250,0.00367,0.01335,1.89086,0.00374,0.5358,0.1916,0.5377,0.00387,0.00161
8,tour,2,6,20,0.50,true,0.12450,0.00369,0.01946,1.89496,0.00380,0.6039,0.1321,0.6090,0.00798,0.00217
8,tour,2,6,20,0.60,true,0.12237,0.00366,0.02781,1.90544,0.00382,0.6806,0.0894,0.6892,0.01845,0.00254
8,tour,2,6,20,0.70,true,0.11438,0.00356,0.03857,1.92420,0.00378,0.7620,0.0589,0.7748,0.03722,0.00289
8,tour,2,6,20,0.80,true,0.10862,0.00348,0.05162,1.94301,0.00377,0.8490,0.0387,0.8649,0.05602,0.00313
8,tour,2,6,20,0.90,true,0.09813,0.00333,0.06731,1.96920,0.00369,0.9394,0.0255,0.9573,0.08221,0.00337
8,tour,2,6,20,1.00,true,0.08962,0.00319,0.08568,1.99608,0.00364,1.0331,0.0144,1.0549,0.10909,0.00357
8,tour,2,6,20,1.10,true,0.08075,0.00305,0.10545,2.02473,0.00358,1.1271,0.0090,1.1498,0.13775,0.00377
8,tour,2,6,20,1.20,true,0.06925,0.00284,0.12781,2.05860,0.00345,1.2233,0.0056,1.2463,0.17161,0.00394
8,scratch,2,12,10,0.00,true,0.26525,0.00494,0.00017,1.73492,0.00494,0.1751,0.6189,0.2069,0.10291,0.00478
8,scratch,2,12,10,0.10,true,0.32375,0.00523,0.00051,1.67676,0.00524,0.2252,0.4303,0.2234,0.04475,0.00381
8,scratch,2,12,10,0.20,true,0.36250,0.00537,0.00151,1.63901,0.00539,0.2850,0.2524,0.2745,0.00700,0.00252
8,scratch,2,12,10,0.30,true,0.37175,0.00540,0.00376,1.63201,0.00544,0.3554,0.1329,0.3472,0.00000,0.00000
8,scratch,2,12,10,0.40,true,0.37250,0.00541,0.00814,1.63564,0.00548,0.4368,0.0588,0.4367,0.00363,0.00217
8,scratch,2,12,10,0.50,true,0.36000,0.00537,0.01549,1.65549,0.00551,0.5256,0.0240,0.5310,0.02348,0.00286
8,scratch,2,12,10,0.60,true,0.34350,0.00531,0.02716,1.68366,0.00555,0.6233,0.0082,0.6321,0.05165,0.00333
8,scratch,2,12,10,0.70,true,0.32900,0.00525,0.04251,1.71351,0.00562,0.7202,0.0020,0.7303,0.08151,0.00360
8,scratch,2,12,10,0.80,true,0.31525,0.00519,0.06162,1.74637,0.00571,0.8189,0.0009,0.8283,0.11436,0.00388
8,scratch,2,12,10,0.90,true,0.30125,0.00513,0.08512,1.78387,0.00581,0.9211,0.0004,0.9300,0.15186,0.00413
8,scratch,2,12,10,1.00,true,0.28637,0.00505,0.10987,1.82351,0.00590,1.0161,0.0000,1.0247,0.19150,0.00440
8,scratch,2,12,10,1.10,true,0.26900,0.00496,0.13873,1.86974,0.00598,1.1172,0.0000,1.1253,0.23773,0.00470
8,scratch,2,12,10,1.20,true,0.25300,0.00486,0.17114,1.91816,0.00606,1.2254,0.0000,1.2330,0.28615,0.00495
8,scratch,2,12,15,0.00,true,0.15787,0.00408,0.00238,1.84451,0.00409,0.2636,0.5756,0.3089,0.04602,0.00365
8,scratch,2,12,15,0.10,true,0.18538,0.00434,0.00384,1.81847,0.00437,0.3062,0.4441,0.3234,0.01998,0.00299
8,scratch,2,12,15,0.20,true,0.20175,0.00449,0.00695,1.80520,0.00453,0.3638,0.3317,0.3595,0.00671,0.00211
8,scratch,2,12,15,0.30,true,0.21363,0.00458,0.01212,1.79849,0.00467,0.4266,0.2356,0.4140,0.00000,0.00000
8,scratch,2,12,15,0.40,true,0.21838,0.00462,0.01987,1.80149,0.00476,0.4938,0.1562,0.4828,0.00300,0.00189
8,scratch,2,12,15,0.50,true,0.21962,0.00463,0.03059,1.81096,0.00485,0.5671,0.0955,0.5637,0.01247,0.00262
8,scratch,2,12,15,0.60,true,0.21275,0.00458,0.04532,1.83257,0.00490,0.6505,0.0570,0.6528,0.03408,0.00302
8,scratch,2,12,15,0.70,true,0.20513,0.00451,0.06362,1.85850,0.00496,0.7403,0.0330,0.7474,0.06001,0.00339
8,scratch,2,12,15,0.80,true,0.19500,0.00443,0.08463,1.88964,0.00501,0.8298,0.0185,0.8408,0.09115,0.00369
8,scratch,2,12,15,0.90,true,0.18475,0.00434,0.10935,1.92461,0.00506,0.9257,0.0101,0.9389,0.12612,0.00392
8,scratch,2,12,15,1.00,true,0.17438,0.00424,0.13742,1.96306,0.00511,1.0263,0.0053,1.0409,0.16457,0.00413
8,scratch,2,12,15,1.10,true,0.16412,0.00414,0.16601,2.00191,0.00515,1.1223,0.0022,1.1380,0.20342,0.00434
8,scratch,2,12,15,1.20,true,0.15400,0.00404,0.19486,2.04089,0.00517,1.2158,0.0013,1.2312,0.24240,0.00453
8,scratch,2,12,20,0.00,true,0.09863,0.00333,0.00947,1.91085,0.00338,0.3458,0.5501,0.4150,0.01474,0.00239
8,scratch,2,12,20,0.10,true,0.11113,0.00351,0.01231,1.90119,0.00358,0.3915,0.4590,0.4274,0.00508,0.00177
8,scratch,2,12,20,0.20,true,0.12125,0.00365,0.01736,1.89611,0.00375,0.4389,0.3653,0.4563,0.00000,0.00000
8,scratch,2,12,20,0.30,true,0.12700,0.00372,0.02482,1.89782,0.00388,0.4965,0.2884,0.4991,0.00171,0.00161
8,scratch,2,12,20,0.40,true,0.13050,0.00377,0.03519,1.90469,0.00399,0.5604,0.2212,0.5555,0.00858,0.00218
8,scratch,2,12,20,0.50,true,0.13237,0.00379,0.04823,1.91586,0.00410,0.6267,0.1638,0.6221,0.01975,0.00261
8,scratch,2,12,20,0.60,true,0.12950,0.00375,0.06439,1.93489,0.00417,0.6997,0.1200,0.6965,0.03878,0.00290
8,scratch,2,12,20,0.70,true,0.12637,0.00371,0.08360,1.95723,0.00425,0.7784,0.0847,0.7799,0.06112,0.00320
8,scratch,2,12,20,0.80,true,0.12237,0.00366,0.10495,1.98259,0.00432,0.8565,0.0565,0.8654,0.08648,0.00341
8,scratch,2,12,20,0.90,true,0.12037,0.00364,0.12978,2.00942,0.00442,0.9440,0.0338,0.9613,0.11331,0.00368
8,scratch,2,12,20,1.00,true,0.11425,0.00356,0.15547,2.04125,0.00447,1.0322,0.0226,1.0523,0.14514,0.00385
8,scratch,2,12,20,1.10,true,0.10837,0.00348,0.18378,2.07544,0.00451,1.1263,0.0139,1.1493,0.17933,0.00404
8,scratch,2,12,20,1.20,true,0.09988,0.00335,0.21230,2.11247,0.00449,1.2186,0.0101,1.2415,0.21636,0.00420
8,scratch,2,3,10,0.00,true,0.22187,0.00465,0.00024,1.77836,0.00465,0.1644,0.5880,0.2164,0.09685,0.00500
8,scratch,2,3,10,0.10,true,0.27750,0.00501,0.00044,1.72294,0.00501,0.2204,0.4144,0.2328,0.04143,0.00391
8,scratch,2,3,10,0.20,true,0.30988,0.00517,0.00121,1.69134,0.00518,0.2797,0.2510,0.2807,0.00983,0.00269
8,scratch,2,3,10,0.30,true,0.32162,0.00522,0.00314,1.68151,0.00525,0.3482,0.1380,0.3501,0.00000,0.00000
8,scratch,2,3,10,0.40,true,0.31838,0.00521,0.00716,1.68879,0.00527,0.4288,0.0658,0.4361,0.00728,0.00238
8,scratch,2,3,10,0.50,true,0.30925,0.00517,0.01371,1.70446,0.00528,0.5140,0.0284,0.5271,0.02295,0.00310
8,scratch,2,3,10,0.60,true,0.29425,0.00509,0.02378,1.72953,0.00528,0.6065,0.0119,0.6220,0.04802,0.00357
8,scratch,2,3,10,0.70,true,0.28075,0.00502,0.03800,1.75725,0.00532,0.7039,0.0042,0.7208,0.07574,0.00391
8,scratch,2,3,10,0.80,true,0.26775,0.00495,0.05509,1.78734,0.00537,0.7980,0.0026,0.8140,0.10583,0.00413
8,scratch,2,3,10,0.90,true,0.25250,0.00486,0.07793,1.82544,0.00543,0.9004,0.0003,0.9172,0.14393,0.00440
8,scratch,2,3,10,1.00,true,0.23575,0.00475,0.10457,1.86883,0.00547,1.0035,0.0003,1.0197,0.18732,0.00464
8,scratch,2,3,10,1.10,true,0.21863,0.00462,0.13458,1.91597,0.00551,1.1071,0.0002,1.1232,0.23446,0.00490
8,scratch,2,3,10,1.20,true,0.20237,0.00449,0.16359,1.96124,0.00552,1.1992,0.0000,1.2154,0.27973,0.00507
8,scratch,2,3,15,0.00,true,0.12500,0.00370,0.00301,1.87801,0.00371,0.2253,0.5647,0.3218,0.04458,0.00439
8,scratch,2,3,15,0.10,true,0.15500,0.00405,0.00389,1.84889,0.00407,0.3055,0.4380,0.3369,0.01547,0.00331
8,scratch,2,3,15,0.20,true,0.17000,0.00420,0.00632,1.83632,0.00424,0.3572,0.3212,0.3718,0.00289,0.00235
8,scratch,2,3,15,0.30,true,0.17750,0.00427,0.01092,1.83343,0.00434,0.4195,0.2277,0.4256,0.00000,0.00000
8,scratch,2,3,15,0.40,true,0.17775,0.00427,0.01759,1.83984,0.00439,0.4829,0.1563,0.4883,0.00641,0.00201
8,scratch,2,3,15,0.50,true,0.17813,0.00428,0.02800,1.84987,0.00446,0.5616,0.0996,0.5705,0.01645,0.00276
8,scratch,2,3,15,0.60,true,0.17425,0.00424,0.04142,1.86717,0.00451,0.6420,0.0601,0.6569,0.03374,0.00330
8,scratch,2,3,15,0.70,true,0.16950,0.00419,0.05734,1.88785,0.00457,0.7256,0.0391,0.7428,0.05442,0.00362
8,scratch,2,3,15,0.80,true,0.16262,0.00413,0.07915,1.91653,0.00463,0.8225,0.0213,0.8442,0.08311,0.00391
8,scratch,2,3,15,0.90,true,0.15513,0.00405,0.10144,1.94633,0.00467,0.9111,0.0135,0.9345,0.11290,0.00411
8,scratch,2,3,15,1.00,true,0.14638,0.00395,0.12798,1.98162,0.00471,1.0077,0.0073,1.0331,0.14820,0.00433
8,scratch,2,3,15,1.10,true,0.13500,0.00382,0.15684,2.02186,0.00471,1.1038,0.0032,1.1310,0.18844,0.00451
8,scratch,2,3,15,1.20,true,0.12462,0.00369,0.18783,2.06324,0.00470,1.2047,0.0016,1.2320,0.22982,0.00466
8,scratch,2,3,20,0.00,true,0.07963,0.00303,0.01152,1.93190,0.00309,0.3009,0.5446,0.4281,0.01813,0.00324
8,scratch,2,3,20,0.10,true,0.09450,0.00327,0.01346,1.91896,0.00334,0.3825,0.4474,0.4417,0.00519,0.00210
8,scratch,2,3,20,0.20,true,0.10412,0.00341,0.01789,1.91377,0.00352,0.4386,0.3611,0.4724,0.00000,0.00000
8,scratch,2,3,20,0.30,true,0.10975,0.00349,0.02471,1.91496,0.00364,0.4943,0.2796,0.5167,0.00119,0.00202
8,scratch,2,3,20,0.40,true,0.11038,0.00350,0.03434,1.92397,0.00371,0.5566,0.2120,0.5733,0.01020,0.00261
8,scratch,2,3,20,0.50,true,0.11125,0.00352,0.04666,1.93541,0.00380,0.6233,0.1551,0.6406,0.02164,0.00310
8,scratch,2,3,20,0.60,true,0.10825,0.00347,0.06190,1.95366,0.00385,0.6932,0.1107,0.7140,0.03989,0.00338
8,scratch,2,3,20,0.70,true,0.10350,0.00341,0.08028,1.97679,0.00389,0.7706,0.0778,0.7950,0.06302,0.00359
8,scratch,2,3,20,0.80,true,0.09988,0.00335,0.10116,2.00130,0.00395,0.8501,0.0514,0.8804,0.08753,0.00380
8,scratch,2,3,20,0.90,true,0.09425,0.00327,0.12494,2.03071,0.00398,0.9366,0.0344,0.9703,0.11694,0.00395
8,scratch,2,3,20,1.00,true,0.08850,0.00318,0.15079,2.06232,0.00401,1.0260,0.0222,1.0631,0.14855,0.00413
8,scratch,2,3,20,1.10,true,0.08500,0.00312,0.17819,2.09323,0.00406,1.1206,0.0152,1.1589,0.17946,0.00427
8,scratch,2,3,20,1.20,true,0.07787,0.00300,0.20742,2.12961,0.00404,1.2143,0.0098,1.2542,0.21583,0.00438
8,scratch,2,6,10,0.00,true,0.22012,0.00463,0.00024,1.78011,0.00463,0.1751,0.5980,0.2151,0.08489,0.00449
8,scratch,2,6,10,0.10,true,0.26987,0.00496,0.00023,1.73035,0.00496,0.2234,0.4075,0.2334,0.03514,0.00356
8,scratch,2,6,10,0.20,true,0.30000,0.00512,0.00056,1.70056,0.00513,0.2853,0.2471,0.2833,0.00534,0.00240
8,scratch,2,6,10,0.30,true,0.30638,0.00515,0.00159,1.69522,0.00517,0.3550,0.1261,0.3563,0.00000,0.00000
8,scratch,2,6,10,0.40,true,0.30012,0.00512,0.00383,1.70370,0.00515,0.4340,0.0561,0.4418,0.00848,0.00212
8,scratch,2,6,10,0.50,true,0.28737,0.00506,0.00802,1.72064,0.00512,0.5246,0.0270,0.5343,0.02542,0.00274
8,scratch,2,6,10,0.60,true,0.27225,0.00498,0.01493,1.74268,0.00509,0.6188,0.0105,0.6312,0.04746,0.00316
8,scratch,2,6,10,0.70,true,0.25275,0.00486,0.02528,1.77253,0.00504,0.7162,0.0042,0.7290,0.07731,0.00352
8,scratch,2,6,10,0.80,true,0.23538,0.00474,0.03931,1.80394,0.00501,0.8169,0.0016,0.8294,0.10872,0.00380
8,scratch,2,6,10,0.90,true,0.21513,0.00459,0.05754,1.84242,0.00497,0.9203,0.0005,0.9323,0.14721,0.00409
8,scratch,2,6,10,1.00,true,0.19050,0.00439,0.07924,1.88876,0.00488,1.0218,0.0000,1.0332,0.19354,0.00442
8,scratch,2,6,10,1.10,true,0.17125,0.00421,0.10273,1.93151,0.00480,1.1192,0.0000,1.1300,0.23629,0.00466
8,scratch,2,6,10,1.20,true,0.14788,0.00397,0.13070,1.98286,0.00467,1.2212,0.0000,1.2314,0.28765,0.00492
8,scratch,2,6,15,0.00,true,0.12387,0.00368,0.00276,1.87888,0.00370,0.2597,0.5553,0.3210,0.03540,0.00329
8,scratch,2,6,15,0.10,true,0.14463,0.00393,0.00272,1.85810,0.00395,0.3057,0.4314,0.3366,0.01462,0.00273
8,scratch,2,6,15,0.20,true,0.15687,0.00407,0.00398,1.84710,0.00409,0.3586,0.3134,0.3733,0.00363,0.00186
8,scratch,2,6,15,0.30,true,0.16325,0.00413,0.00673,1.84348,0.00417,0.4211,0.2205,0.4272,0.00000,0.00000
8,scratch,2,6,15,0.40,true,0.16350,0.00413,0.01134,1.84784,0.00420,0.4910,0.1488,0.4955,0.00436,0.00187
8,scratch,2,6,15,0.50,true,0.16075,0.00411,0.01818,1.85744,0.00422,0.5651,0.0937,0.5738,0.01396,0.00237
8,scratch,2,6,15,0.60,true,0.15675,0.00406,0.02793,1.87118,0.00423,0.6466,0.0544,0.6616,0.02771,0.00277
8,scratch,2,6,15,0.70,true,0.14988,0.00399,0.04030,1.89043,0.00423,0.7324,0.0296,0.7526,0.04696,0.00308
8,scratch,2,6,15,0.80,true,0.13725,0.00385,0.05640,1.91916,0.00417,0.8280,0.0184,0.8483,0.07568,0.00336
8,scratch,2,6,15,0.90,true,0.12625,0.00371,0.07513,1.94890,0.00413,0.9240,0.0116,0.9444,0.10543,0.00359
8,scratch,2,6,15,1.00,true,0.11388,0.00355,0.09714,1.98330,0.00407,1.0219,0.0066,1.0430,0.13982,0.00382
8,scratch,2,6,15,1.10,true,0.09850,0.00333,0.12182,2.02337,0.00394,1.1196,0.0035,1.1411,0.17989,0.00408
8,scratch,2,6,15,1.20,true,0.08625,0.00314,0.14928,2.06310,0.00385,1.2214,0.0015,1.2431,0.21963,0.00427
8,scratch,2,6,20,0.00,true,0.07350,0.00292,0.01101,1.93751,0.00297,0.3447,0.5393,0.4328,0.01337,0.00252
8,scratch,2,6,20,0.10,true,0.08325,0.00309,0.01112,1.92787,0.00314,0.3891,0.4461,0.4467,0.00372,0.00204
8,scratch,2,6,20,0.20,true,0.08887,0.00318,0.01329,1.92442,0.00325,0.4378,0.3564,0.4754,0.00027,0.00149
8,scratch,2,6,20,0.30,true,0.09337,0.00325,0.01752,1.92415,0.00335,0.4975,0.2829,0.5190,0.00000,0.00000
8,scratch,2,6,20,0.40,true,0.09500,0.00328,0.02398,1.92898,0.00341,0.5559,0.2101,0.5752,0.00484,0.00143
8,scratch,2,6,20,0.50,true,0.09575,0.00329,0.03287,1.93713,0.00347,0.6211,0.1493,0.6432,0.01298,0.00198
8,scratch,2,6,20,0.60,true,0.09325,0.00325,0.04436,1.95112,0.00350,0.6949,0.1046,0.7197,0.02698,0.00240
8,scratch,2,6,20,0.70,true,0.08925,0.00319,0.05833,1.96910,0.00351,0.7756,0.0756,0.8009,0.04496,0.00264
8,scratch,2,6,20,0.80,true,0.08375,0.00310,0.07508,1.99136,0.00351,0.8578,0.0503,0.8878,0.06721,0.00288
8,scratch,2,6,20,0.90,true,0.07575,0.00296,0.09426,2.01855,0.00346,0.9451,0.0339,0.9776,0.09440,0.00314
8,scratch,2,6,20,1.00,true,0.06888,0.00283,0.11609,2.04727,0.00343,1.0387,0.0239,1.0717,0.12312,0.00334
8,scratch,2,6,20,1.10,true,0.06100,0.00268,0.13927,2.07834,0.00337,1.1272,0.0141,1.1639,0.15420,0.00354
8,scratch,2,6,20,1.20,true,0.05475,0.00254,0.16457,2.10993,0.00333,1.2222,0.0087,1.2600,0.18578,0.00369
8,mid,2,12,10,0.00,true,0.20700,0.00453,0.00086,1.79386,0.00454,0.1884,0.5900,0.2297,0.06900,0.00425
8,mid,2,12,10,0.10,true,0.24875,0.00483,0.00204,1.75330,0.00485,0.2393,0.4183,0.2481,0.02843,0.00342
8,mid,2,12,10,0.20,true,0.27513,0.00499,0.00503,1.72991,0.00503,0.2980,0.2645,0.2948,0.00505,0.00226
8,mid,2,12,10,0.30,true,0.28587,0.00505,0.01074,1.72486,0.00514,0.3644,0.1511,0.3621,0.00000,0.00000
8,mid,2,12,10,0.40,true,0.29000,0.00507,0.02054,1.73054,0.00524,0.4438,0.0755,0.4477,0.00568,0.00209
8,mid,2,12,10,0.50,true,0.28200,0.00503,0.03483,1.75284,0.00531,0.5290,0.0364,0.5380,0.02798,0.00270
8,mid,2,12,10,0.60,true,0.26950,0.00496,0.05523,1.78574,0.00540,0.6238,0.0152,0.6366,0.06088,0.00317
8,mid,2,12,10,0.70,true,0.25712,0.00489,0.08017,1.82307,0.00550,0.7213,0.0059,0.7360,0.09821,0.00354
8,mid,2,12,10,0.80,true,0.24375,0.00480,0.10874,1.86503,0.00560,0.8178,0.0017,0.8333,0.14017,0.00384
8,mid,2,12,10,0.90,true,0.22800,0.00469,0.14185,1.91390,0.00568,0.9193,0.0008,0.9338,0.18904,0.00413
8,mid,2,12,10,1.00,true,0.21600,0.00460,0.17438,1.95846,0.00576,1.0139,0.0003,1.0279,0.23359,0.00437
8,mid,2,12,10,1.10,true,0.20175,0.00449,0.21028,2.00864,0.00582,1.1132,0.0000,1.1268,0.28378,0.00461
8,mid,2,12,10,1.20,true,0.18688,0.00436,0.24997,2.06325,0.00585,1.2209,0.0000,1.2338,0.33839,0.00485
8,mid,2,12,15,0.00,true,0.11463,0.00356,0.00864,1.89401,0.00361,0.2869,0.5557,0.3539,0.01599,0.00266
8,mid,2,12,15,0.10,true,0.13125,0.00378,0.01217,1.88093,0.00385,0.3309,0.4376,0.3699,0.00290,0.00185
8,mid,2,12,15,0.20,true,0.14088,0.00389,0.01890,1.87803,0.00401,0.3853,0.3360,0.4034,0.00000,0.00000
8,mid,2,12,15,0.30,true,0.14750,0.00396,0.02902,1.88152,0.00416,0.4465,0.2497,0.4536,0.00349,0.00184
8,mid,2,12,15,0.40,true,0.15025,0.00399,0.04306,1.89282,0.00428,0.5122,0.1764,0.5176,0.01479,0.00244
8,mid,2,12,15,0.50,true,0.15113,0.00400,0.06118,1.91007,0.00441,0.5835,0.1175,0.5934,0.03205,0.00295
8,mid,2,12,15,0.60,true,0.14813,0.00397,0.08380,1.93571,0.00452,0.6622,0.0741,0.6781,0.05768,0.00327
8,mid,2,12,15,0.70,true,0.14188,0.00390,0.11025,1.96842,0.00461,0.7467,0.0457,0.7675,0.09039,0.00356
8,mid,2,12,15,0.80,true,0.13450,0.00381,0.13909,2.00465,0.00467,0.8345,0.0293,0.8577,0.12662,0.00381
8,mid,2,12,15,0.90,true,0.12850,0.00374,0.17084,2.04244,0.00475,0.9269,0.0172,0.9533,0.16441,0.00401
8,mid,2,12,15,1.00,true,0.12000,0.00363,0.20618,2.08631,0.00479,1.0260,0.0102,1.0536,0.20828,0.00422
8,mid,2,12,15,1.10,true,0.11450,0.00356,0.24019,2.12587,0.00485,1.1208,0.0059,1.1495,0.24784,0.00439
8,mid,2,12,15,1.20,true,0.10775,0.00347,0.27364,2.16612,0.00487,1.2123,0.0031,1.2419,0.28809,0.00454
8,mid,2,12,20,0.00,true,0.06763,0.00281,0.02914,1.96152,0.00297,0.3753,0.5373,0.4878,0.00110,0.00150
8,mid,2,12,20,0.10,true,0.07400,0.00293,0.03441,1.96043,0.00313,0.4214,0.4546,0.5015,0.00000,0.00000
8,mid,2,12,20,0.20,true,0.07975,0.00303,0.04323,1.96350,0.00329,0.4697,0.3725,0.5296,0.00307,0.00143
8,mid,2,12,20,0.30,true,0.08388,0.00310,0.05529,1.97143,0.00345,0.5248,0.3030,0.5689,0.01101,0.00182
8,mid,2,12,20,0.40,true,0.08525,0.00312,0.07138,1.98616,0.00357,0.5864,0.2398,0.6212,0.02573,0.00225
8,mid,2,12,20,0.50,true,0.08463,0.00311,0.09039,2.00580,0.00368,0.6502,0.1868,0.6813,0.04538,0.00259
8,mid,2,12,20,0.60,true,0.08250,0.00308,0.11333,2.03088,0.00378,0.7182,0.1384,0.7518,0.07046,0.00288
8,mid,2,12,20,0.70,true,0.07913,0.00302,0.13926,2.06022,0.00386,0.7963,0.1063,0.8287,0.09979,0.00313
8,mid,2,12,20,0.80,true,0.07737,0.00299,0.16666,2.08940,0.00396,0.8722,0.0771,0.9096,0.12897,0.00337
8,mid,2,12,20,0.90,true,0.07500,0.00294,0.19733,2.12247,0.00406,0.9563,0.0542,0.9984,0.16205,0.00358
8,mid,2,12,20,1.00,true,0.07375,0.00292,0.22777,2.15421,0.00415,1.0378,0.0352,1.0871,0.19379,0.00379
8,mid,2,12,20,1.10,true,0.07037,0.00286,0.26047,2.19035,0.00420,1.1277,0.0235,1.1802,0.22992,0.00396
8,mid,2,12,20,1.20,true,0.06625,0.00278,0.29236,2.22643,0.00422,1.2160,0.0161,1.2702,0.26600,0.00410
8,mid,2,3,10,0.00,true,0.17725,0.00427,0.00119,1.82394,0.00428,0.1803,0.5754,0.2412,0.06122,0.00470
8,mid,2,3,10,0.10,true,0.21875,0.00462,0.00194,1.78319,0.00463,0.2353,0.4112,0.2589,0.02047,0.00369
8,mid,2,3,10,0.20,true,0.24050,0.00478,0.00432,1.76382,0.00481,0.2952,0.2691,0.3032,0.00109,0.00258
8,mid,2,3,10,0.30,true,0.24663,0.00482,0.00935,1.76273,0.00489,0.3624,0.1596,0.3692,0.00000,0.00000
8,mid,2,3,10,0.40,true,0.24575,0.00481,0.01816,1.77241,0.00495,0.4383,0.0840,0.4501,0.00968,0.00219
8,mid,2,3,10,0.50,true,0.24013,0.00478,0.03085,1.79074,0.00500,0.5194,0.0415,0.5370,0.02801,0.00295
8,mid,2,3,10,0.60,true,0.23075,0.00471,0.04843,1.81770,0.00506,0.6095,0.0203,0.6299,0.05497,0.00342
8,mid,2,3,10,0.70,true,0.21825,0.00462,0.07143,1.85321,0.00512,0.7048,0.0091,0.7271,0.09048,0.00378
8,mid,2,3,10,0.80,true,0.20750,0.00453,0.09728,1.88984,0.00520,0.7977,0.0041,0.8206,0.12711,0.00404
8,mid,2,3,10,0.90,true,0.19362,0.00442,0.12910,1.93555,0.00526,0.8996,0.0025,0.9219,0.17283,0.00429
8,mid,2,3,10,1.00,true,0.17913,0.00429,0.16372,1.98471,0.00529,0.9999,0.0006,1.0228,0.22199,0.00452
8,mid,2,3,10,1.10,true,0.16400,0.00414,0.20102,2.03718,0.00530,1.1026,0.0003,1.1252,0.27445,0.00472
8,mid,2,3,10,1.20,true,0.14888,0.00398,0.23644,2.08777,0.00527,1.1957,0.0003,1.2182,0.32505,0.00492
8,mid,2,3,15,0.00,true,0.09513,0.00328,0.01069,1.91557,0.00334,0.2583,0.5544,0.3707,0.02033,0.00347
8,mid,2,3,15,0.10,true,0.11363,0.00355,0.01321,1.89959,0.00362,0.3316,0.4373,0.3870,0.00436,0.00218
8,mid,2,3,15,0.20,true,0.12350,0.00368,0.01873,1.89523,0.00379,0.3843,0.3361,0.4201,0.00000,0.00000
8,mid,2,3,15,0.30,true,0.12975,0.00376,0.02800,1.89826,0.00393,0.4436,0.2450,0.4715,0.00303,0.00215
8,mid,2,3,15,0.40,true,0.12950,0.00375,0.04009,1.91061,0.00401,0.5043,0.1773,0.5295,0.01538,0.00268
8,mid,2,3,15,0.50,true,0.13050,0.00377,0.05733,1.92686,0.00413,0.5800,0.1235,0.6046,0.03162,0.00318
8,mid,2,3,15,0.60,true,0.13100,0.00377,0.07790,1.94695,0.00426,0.6565,0.0800,0.6868,0.05172,0.00359
8,mid,2,3,15,0.70,true,0.12550,0.00370,0.10091,1.97548,0.00433,0.7354,0.0543,0.7682,0.08025,0.00386
8,mid,2,3,15,0.80,true,0.11900,0.00362,0.13123,2.01232,0.00440,0.8306,0.0331,0.8673,0.11709,0.00412
8,mid,2,3,15,0.90,true,0.11238,0.00353,0.16028,2.04803,0.00445,0.9163,0.0211,0.9558,0.15280,0.00435
8,mid,2,3,15,1.00,true,0.10525,0.00343,0.19307,2.08800,0.00448,1.0116,0.0141,1.0519,0.19276,0.00451
8,mid,2,3,15,1.10,true,0.09863,0.00333,0.22691,2.12851,0.00451,1.1067,0.0092,1.1481,0.23328,0.00464
8,mid,2,3,15,1.20,true,0.08887,0.00318,0.26303,2.17446,0.00446,1.2037,0.0045,1.2473,0.27922,0.00477
8,mid,2,3,20,0.00,true,0.05713,0.00259,0.03584,1.97873,0.00280,0.3602,0.5369,0.5126,0.00396,0.00229
8,mid,2,3,20,0.10,true,0.06513,0.00276,0.03987,1.97477,0.00299,0.4261,0.4514,0.5268,0.00000,0.00000
8,mid,2,3,20,0.20,true,0.06875,0.00283,0.04775,1.97902,0.00311,0.4786,0.3738,0.5555,0.00425,0.00186
8,mid,2,3,20,0.30,true,0.07100,0.00287,0.05919,1.98822,0.00323,0.5313,0.3003,0.5960,0.01345,0.00246
8,mid,2,3,20,0.40,true,0.07337,0.00292,0.07384,2.00051,0.00337,0.5890,0.2362,0.6477,0.02574,0.00289
8,mid,2,3,20,0.50,true,0.07462,0.00294,0.09212,2.01756,0.00351,0.6536,0.1824,0.7100,0.04280,0.00323
8,mid,2,3,20,0.60,true,0.07162,0.00288,0.11322,2.04169,0.00357,0.7188,0.1371,0.7771,0.06692,0.00344
8,mid,2,3,20,0.70,true,0.07212,0.00289,0.13711,2.06510,0.00371,0.7898,0.0983,0.8537,0.09034,0.00370
8,mid,2,3,20,0.80,true,0.06838,0.00282,0.16386,2.09564,0.00376,0.8697,0.0735,0.9344,0.12088,0.00389
8,mid,2,3,20,0.90,true,0.06450,0.00275,0.19312,2.12883,0.00381,0.9537,0.0530,1.0211,0.15406,0.00406
8,mid,2,3,20,1.00,true,0.06025,0.00266,0.22356,2.16358,0.00384,1.0392,0.0374,1.1099,0.18881,0.00418
8,mid,2,3,20,1.10,true,0.05663,0.00258,0.25480,2.19851,0.00386,1.1260,0.0253,1.2003,0.22375,0.00427
8,mid,2,3,20,1.20,true,0.05350,0.00252,0.28682,2.23376,0.00388,1.2182,0.0181,1.2936,0.25899,0.00434
8,mid,2,6,10,0.00,true,0.16887,0.00419,0.00115,1.83228,0.00420,0.1906,0.5741,0.2420,0.05725,0.00398
8,mid,2,6,10,0.10,true,0.20438,0.00451,0.00128,1.79691,0.00452,0.2391,0.4020,0.2615,0.02188,0.00321
8,mid,2,6,10,0.20,true,0.22625,0.00468,0.00266,1.77641,0.00470,0.2985,0.2564,0.3082,0.00139,0.00218
8,mid,2,6,10,0.30,true,0.23087,0.00471,0.00590,1.77503,0.00475,0.3658,0.1466,0.3752,0.00000,0.00000
8,mid,2,6,10,0.40,true,0.22937,0.00470,0.01173,1.78235,0.00478,0.4417,0.0769,0.4551,0.00733,0.00190
8,mid,2,6,10,0.50,true,0.22075,0.00464,0.02127,1.80053,0.00478,0.5275,0.0375,0.5447,0.02550,0.00249
8,mid,2,6,10,0.60,true,0.20825,0.00454,0.03517,1.82694,0.00478,0.6211,0.0185,0.6400,0.05191,0.00295
8,mid,2,6,10,0.70,true,0.19162,0.00440,0.05350,1.86190,0.00474,0.7166,0.0087,0.7364,0.08688,0.00333
8,mid,2,6,10,0.80,true,0.17650,0.00426,0.07646,1.90001,0.00473,0.8160,0.0039,0.8359,0.12499,0.00363
8,mid,2,6,10,0.90,true,0.15962,0.00409,0.10383,1.94429,0.00470,0.9184,0.0016,0.9378,0.16927,0.00395
8,mid,2,6,10,1.00,true,0.14375,0.00392,0.13364,1.99003,0.00466,1.0179,0.0006,1.0369,0.21500,0.00421
8,mid,2,6,10,1.10,true,0.12825,0.00374,0.16486,2.03682,0.00459,1.1139,0.0001,1.1323,0.26179,0.00444
8,mid,2,6,10,1.20,true,0.11050,0.00351,0.20004,2.08984,0.00447,1.2145,0.0000,1.2324,0.31481,0.00463
8,mid,2,6,15,0.00,true,0.08725,0.00316,0.01050,1.92326,0.00321,0.2813,0.5412,0.3718,0.02100,0.00233
8,mid,2,6,15,0.10,true,0.10162,0.00338,0.01095,1.90932,0.00343,0.3280,0.4306,0.3887,0.00707,0.00170
8,mid,2,6,15,0.20,true,0.11188,0.00352,0.01413,1.90225,0.00360,0.3778,0.3227,0.4233,0.00000,0.00000
8,mid,2,6,15,0.30,true,0.11575,0.00358,0.02034,1.90460,0.00369,0.4402,0.2392,0.4736,0.00234,0.00166
8,mid,2,6,15,0.40,true,0.11762,0.00360,0.02967,1.91207,0.00377,0.5063,0.1687,0.5369,0.00981,0.00217
8,mid,2,6,15,0.50,true,0.11550,0.00357,0.04271,1.92724,0.00382,0.5796,0.1128,0.6122,0.02498,0.00264
8,mid,2,6,15,0.60,true,0.11088,0.00351,0.05942,1.94859,0.00385,0.6592,0.0747,0.6941,0.04634,0.00292
8,mid,2,6,15,0.70,true,0.10550,0.00343,0.07923,1.97381,0.00389,0.7384,0.0433,0.7799,0.07155,0.00315
8,mid,2,6,15,0.80,true,0.09663,0.00330,0.10326,2.00674,0.00387,0.8290,0.0259,0.8724,0.10449,0.00340
8,mid,2,6,15,0.90,true,0.08775,0.00316,0.12995,2.04237,0.00385,0.9242,0.0178,0.9662,0.14011,0.00365
8,mid,2,6,15,1.00,true,0.07913,0.00302,0.15926,2.08037,0.00382,1.0205,0.0119,1.0620,0.17811,0.00385
8,mid,2,6,15,1.10,true,0.06850,0.00282,0.19045,2.12228,0.00373,1.1161,0.0078,1.1573,0.22003,0.00405
8,mid,2,6,15,1.20,true,0.05962,0.00265,0.22397,2.16480,0.00365,1.2157,0.0047,1.2569,0.26254,0.00421
8,mid,2,6,20,0.00,true,0.05087,0.00246,0.03612,1.98526,0.00265,0.3746,0.5319,0.5189,0.00409,0.00133
8,mid,2,6,20,0.10,true,0.05613,0.00257,0.03728,1.98117,0.00277,0.4185,0.4474,0.5340,0.00000,0.00000
8,mid,2,6,20,0.20,true,0.05975,0.00265,0.04173,1.98200,0.00288,0.4674,0.3668,0.5623,0.00083,0.00117
8,mid,2,6,20,0.30,true,0.06225,0.00270,0.04972,1.98750,0.00298,0.5243,0.2955,0.6042,0.00633,0.00175
8,mid,2,6,20,0.40,true,0.06300,0.00272,0.06092,1.99798,0.00306,0.5841,0.2316,0.6567,0.01681,0.00211
8,mid,2,6,20,0.50,true,0.06212,0.00270,0.07530,2.01325,0.00313,0.6470,0.1759,0.7180,0.03208,0.00239
8,mid,2,6,20,0.60,true,0.05775,0.00261,0.09329,2.03565,0.00314,0.7152,0.1278,0.7886,0.05448,0.00273
8,mid,2,6,20,0.70,true,0.05713,0.00259,0.11358,2.05661,0.00323,0.7918,0.0948,0.8656,0.07544,0.00297
8,mid,2,6,20,0.80,true,0.05387,0.00252,0.13660,2.08294,0.00327,0.8719,0.0700,0.9463,0.10177,0.00314
8,mid,2,6,20,0.90,true,0.05025,0.00244,0.16170,2.11174,0.00330,0.9533,0.0491,1.0309,0.13057,0.00332
8,mid,2,6,20,1.00,true,0.04437,0.00230,0.18961,2.14563,0.00327,1.0413,0.0345,1.1203,0.16446,0.00347
8,mid,2,6,20,1.10,true,0.03925,0.00217,0.21782,2.17907,0.00323,1.1294,0.0252,1.2084,0.19790,0.00360
8,mid,2,6,20,1.20,true,0.03500,0.00205,0.24796,2.21360,0.00321,1.2197,0.0161,1.3014,0.23243,0.00374
8,high,2,12,10,0.00,true,0.16887,0.00419,0.00327,1.83440,0.00421,0.2077,0.5733,0.2581,0.03899,0.00397
8,high,2,12,10,0.10,true,0.19862,0.00446,0.00602,1.80739,0.00450,0.2553,0.4188,0.2754,0.01198,0.00331
8,high,2,12,10,0.20,true,0.21625,0.00460,0.01224,1.79600,0.00469,0.3138,0.2817,0.3191,0.00058,0.00230
8,high,2,12,10,0.30,true,0.22750,0.00469,0.02290,1.79541,0.00486,0.3793,0.1706,0.3844,0.00000,0.00000
8,high,2,12,10,0.40,true,0.22837,0.00469,0.03911,1.81076,0.00499,0.4563,0.1000,0.4634,0.01535,0.00187
8,high,2,12,10,0.50,true,0.22325,0.00466,0.06125,1.83805,0.00512,0.5380,0.0525,0.5512,0.04264,0.00262
8,high,2,12,10,0.60,true,0.21450,0.00459,0.09001,1.87560,0.00525,0.6297,0.0269,0.6465,0.08019,0.00307
8,high,2,12,10,0.70,true,0.20275,0.00450,0.12334,1.92073,0.00536,0.7234,0.0127,0.7431,0.12532,0.00348
8,high,2,12,10,0.80,true,0.19075,0.00439,0.15932,1.96877,0.00545,0.8170,0.0054,0.8384,0.17336,0.00379
8,high,2,12,10,0.90,true,0.17750,0.00427,0.19953,2.02232,0.00553,0.9165,0.0020,0.9383,0.22691,0.00408
8,high,2,12,10,1.00,true,0.16700,0.00417,0.23767,2.07106,0.00559,1.0105,0.0012,1.0315,0.27565,0.00431
8,high,2,12,10,1.10,true,0.15750,0.00407,0.27773,2.12076,0.00565,1.1093,0.0006,1.1300,0.32535,0.00450
8,high,2,12,10,1.20,true,0.14563,0.00394,0.32179,2.17688,0.00566,1.2173,0.0001,1.2376,0.38147,0.00473
8,high,2,12,15,0.00,true,0.08737,0.00316,0.02359,1.93625,0.00329,0.3152,0.5454,0.4059,0.00282,0.00174
8,high,2,12,15,0.10,true,0.09650,0.00330,0.02990,1.93343,0.00348,0.3583,0.4384,0.4222,0.00000,0.00000
8,high,2,12,15,0.20,true,0.10262,0.00339,0.04074,1.93816,0.00365,0.4105,0.3439,0.4546,0.00473,0.00159
8,high,2,12,15,0.30,true,0.10587,0.00344,0.05603,1.95022,0.00381,0.4711,0.2680,0.5008,0.01679,0.00213
8,high,2,12,15,0.40,true,0.10887,0.00348,0.07654,1.96775,0.00399,0.5361,0.1988,0.5618,0.03432,0.00265
8,high,2,12,15,0.50,true,0.11038,0.00350,0.10085,1.99061,0.00416,0.6041,0.1428,0.6312,0.05717,0.00303
8,high,2,12,15,0.60,true,0.10912,0.00349,0.13059,2.02166,0.00431,0.6812,0.0970,0.7130,0.08822,0.00343
8,high,2,12,15,0.70,true,0.10650,0.00345,0.16290,2.05666,0.00445,0.7610,0.0648,0.7977,0.12323,0.00369
8,high,2,12,15,0.80,true,0.10237,0.00339,0.19690,2.09487,0.00454,0.8435,0.0426,0.8845,0.16144,0.00392
8,high,2,12,15,0.90,true,0.09800,0.00332,0.23370,2.13617,0.00463,0.9348,0.0291,0.9773,0.20274,0.00413
8,high,2,12,15,1.00,true,0.09212,0.00323,0.27288,2.18138,0.00468,1.0300,0.0183,1.0751,0.24795,0.00433
8,high,2,12,15,1.10,true,0.08612,0.00314,0.31021,2.22489,0.00469,1.1225,0.0123,1.1685,0.29146,0.00447
8,high,2,12,15,1.20,true,0.08038,0.00304,0.34592,2.26656,0.00468,1.2114,0.0077,1.2589,0.33312,0.00458
8,high,2,12,20,0.00,true,0.04913,0.00242,0.06929,2.02029,0.00282,0.4110,0.5341,0.5701,0.00000,0.00000
8,high,2,12,20,0.10,true,0.05387,0.00252,0.07695,2.02320,0.00299,0.4549,0.4579,0.5850,0.00291,0.00124
8,high,2,12,20,0.20,true,0.05763,0.00261,0.08923,2.03174,0.00316,0.5059,0.3861,0.6131,0.01146,0.00181
8,high,2,12,20,0.30,true,0.05788,0.00261,0.10547,2.04777,0.00328,0.5589,0.3202,0.6504,0.02748,0.00215
8,high,2,12,20,0.40,true,0.05912,0.00264,0.12570,2.06679,0.00343,0.6185,0.2615,0.6992,0.04651,0.00246
8,high,2,12,20,0.50,true,0.05875,0.00263,0.14897,2.09050,0.00356,0.6798,0.2113,0.7549,0.07021,0.00274
8,high,2,12,20,0.60,true,0.05950,0.00264,0.17608,2.11694,0.00372,0.7477,0.1660,0.8217,0.09666,0.00307
8,high,2,12,20,0.70,true,0.05887,0.00263,0.20560,2.14719,0.00384,0.8192,0.1292,0.8939,0.12690,0.00331
8,high,2,12,20,0.80,true,0.05638,0.00258,0.23641,2.18063,0.00392,0.8945,0.1019,0.9694,0.16034,0.00354
8,high,2,12,20,0.90,true,0.05425,0.00253,0.27009,2.21659,0.00399,0.9740,0.0756,1.0535,0.19630,0.00375
8,high,2,12,20,1.00,true,0.05337,0.00251,0.30241,2.24996,0.00407,1.0531,0.0563,1.1370,0.22967,0.00392
8,high,2,12,20,1.10,true,0.05225,0.00249,0.33605,2.28495,0.00413,1.1370,0.0400,1.2260,0.26466,0.00405
8,high,2,12,20,1.20,true,0.04975,0.00243,0.36867,2.32031,0.00414,1.2183,0.0263,1.3136,0.30002,0.00418
8,high,2,3,10,0.00,true,0.14538,0.00394,0.00437,1.85900,0.00397,0.1997,0.5644,0.2710,0.03981,0.00390
8,high,2,3,10,0.10,true,0.17300,0.00423,0.00638,1.83339,0.00427,0.2539,0.4157,0.2886,0.01420,0.00262
8,high,2,3,10,0.20,true,0.19262,0.00441,0.01181,1.81919,0.00449,0.3131,0.2856,0.3311,0.00000,0.00000
8,high,2,3,10,0.30,true,0.19825,0.00446,0.02169,1.82347,0.00461,0.3800,0.1852,0.3930,0.00428,0.00235
8,high,2,3,10,0.40,true,0.19562,0.00444,0.03689,1.84131,0.00470,0.4514,0.1075,0.4686,0.02212,0.00302
8,high,2,3,10,0.50,true,0.19037,0.00439,0.05681,1.86652,0.00479,0.5292,0.0611,0.5511,0.04733,0.00350
8,high,2,3,10,0.60,true,0.18525,0.00434,0.08245,1.89734,0.00491,0.6164,0.0325,0.6428,0.07814,0.00393
8,high,2,3,10,0.70,true,0.17513,0.00425,0.11311,1.93821,0.00500,0.7078,0.0164,0.7372,0.11901,0.00423
8,high,2,3,10,0.80,true,0.16512,0.00415,0.14580,1.98099,0.00507,0.7986,0.0091,0.8288,0.16180,0.00449
8,high,2,3,10,0.90,true,0.15138,0.00401,0.18469,2.03377,0.00511,0.8976,0.0043,0.9287,0.21458,0.00471
8,high,2,3,10,1.00,true,0.13800,0.00386,0.22549,2.08811,0.00512,0.9983,0.0025,1.0292,0.26892,0.00491
8,high,2,3,10,1.10,true,0.12800,0.00374,0.26713,2.13996,0.00515,1.1004,0.0009,1.1320,0.32076,0.00508
8,high,2,3,10,1.20,true,0.11675,0.00359,0.30575,2.19005,0.00511,1.1932,0.0004,1.2249,0.37085,0.00523
8,high,2,3,15,0.00,true,0.07575,0.00296,0.02913,1.95342,0.00312,0.2972,0.5476,0.4277,0.00671,0.00257
8,high,2,3,15,0.10,true,0.08750,0.00316,0.03416,1.94670,0.00336,0.3648,0.4452,0.4446,0.00000,0.00000
8,high,2,3,15,0.20,true,0.09663,0.00330,0.04352,1.94696,0.00357,0.4163,0.3501,0.4785,0.00025,0.00203
8,high,2,3,15,0.30,true,0.10262,0.00339,0.05732,1.95479,0.00375,0.4713,0.2680,0.5246,0.00808,0.00271
8,high,2,3,15,0.40,true,0.10063,0.00336,0.07510,1.97462,0.00384,0.5311,0.2038,0.5794,0.02791,0.00308
8,high,2,3,15,0.50,true,0.09825,0.00333,0.09918,2.00113,0.00395,0.6032,0.1476,0.6501,0.05443,0.00355
8,high,2,3,15,0.60,true,0.09675,0.00331,0.12570,2.02923,0.00408,0.6771,0.1063,0.7256,0.08253,0.00385
8,high,2,3,15,0.70,true,0.09500,0.00328,0.15395,2.05934,0.00420,0.7499,0.0725,0.8042,0.11263,0.00410
8,high,2,3,15,0.80,true,0.08887,0.00318,0.19028,2.10194,0.00427,0.8439,0.0502,0.8993,0.15524,0.00434
8,high,2,3,15,0.90,true,0.08450,0.00311,0.22405,2.14025,0.00433,0.9272,0.0339,0.9867,0.19354,0.00457
8,high,2,3,15,1.00,true,0.07875,0.00301,0.26063,2.18278,0.00436,1.0183,0.0232,1.0798,0.23608,0.00470
8,high,2,3,15,1.10,true,0.07337,0.00292,0.29748,2.22524,0.00437,1.1103,0.0154,1.1740,0.27853,0.00482
8,high,2,3,15,1.20,true,0.06638,0.00278,0.33515,2.27020,0.00432,1.2054,0.0108,1.2697,0.32349,0.00484
8,high,2,3,20,0.00,true,0.04325,0.00227,0.08373,2.04064,0.00278,0.4270,0.5342,0.6070,0.00000,0.00000
8,high,2,3,20,0.10,true,0.04600,0.00234,0.09010,2.04428,0.00290,0.4750,0.4591,0.6214,0.00364,0.00199
8,high,2,3,20,0.20,true,0.05000,0.00244,0.10073,2.05094,0.00307,0.5214,0.3879,0.6495,0.01030,0.00253
8,high,2,3,20,0.30,true,0.05187,0.00248,0.11559,2.06399,0.00321,0.5743,0.3225,0.6890,0.02334,0.00294
8,high,2,3,20,0.40,true,0.05312,0.00251,0.13374,2.08095,0.00335,0.6293,0.2639,0.7368,0.04031,0.00324
8,high,2,3,20,0.50,true,0.05312,0.00251,0.15604,2.10335,0.00347,0.6915,0.2119,0.7953,0.06271,0.00351
8,high,2,3,20,0.60,true,0.05225,0.00249,0.18074,2.12905,0.00358,0.7562,0.1686,0.8594,0.08840,0.00373
8,high,2,3,20,0.70,true,0.05087,0.00246,0.20834,2.15817,0.00367,0.8244,0.1295,0.9313,0.11753,0.00394
8,high,2,3,20,0.80,true,0.05025,0.00244,0.23716,2.18779,0.00377,0.8936,0.0961,1.0071,0.14715,0.00410
8,high,2,3,20,0.90,true,0.04825,0.00240,0.26808,2.22093,0.00384,0.9737,0.0742,1.0884,0.18028,0.00423
8,high,2,3,20,1.00,true,0.04562,0.00233,0.29960,2.25532,0.00387,1.0554,0.0572,1.1717,0.21468,0.00432
8,high,2,3,20,1.10,true,0.04250,0.00226,0.33240,2.29154,0.00387,1.1410,0.0435,1.2594,0.25090,0.00439
8,high,2,3,20,1.20,true,0.04075,0.00221,0.36489,2.32611,0.00389,1.2275,0.0319,1.3495,0.28547,0.00447
8,high,2,6,10,0.00,true,0.13387,0.00381,0.00427,1.87040,0.00383,0.2077,0.5598,0.2724,0.04112,0.00315
8,high,2,6,10,0.10,true,0.16025,0.00410,0.00490,1.84466,0.00413,0.2551,0.4041,0.2922,0.01539,0.00229
8,high,2,6,10,0.20,true,0.17900,0.00429,0.00826,1.82928,0.00434,0.3134,0.2706,0.3368,0.00000,0.00000
8,high,2,6,10,0.30,true,0.18350,0.00433,0.01523,1.83176,0.00443,0.3825,0.1728,0.4002,0.00248,0.00206
8,high,2,6,10,0.40,true,0.17838,0.00428,0.02642,1.84810,0.00445,0.4546,0.0992,0.4758,0.01882,0.00271
8,high,2,6,10,0.50,true,0.17400,0.00424,0.04277,1.86886,0.00452,0.5353,0.0512,0.5620,0.03959,0.00312
8,high,2,6,10,0.60,true,0.16125,0.00411,0.06450,1.90341,0.00452,0.6263,0.0295,0.6533,0.07413,0.00348
8,high,2,6,10,0.70,true,0.15138,0.00401,0.09077,1.93964,0.00456,0.7193,0.0161,0.7476,0.11036,0.00375
8,high,2,6,10,0.80,true,0.13862,0.00386,0.12190,1.98364,0.00457,0.8165,0.0081,0.8456,0.15437,0.00402
8,high,2,6,10,0.90,true,0.12625,0.00371,0.15673,2.03103,0.00458,0.9160,0.0040,0.9453,0.20175,0.00423
8,high,2,6,10,1.00,true,0.11325,0.00354,0.19352,2.08104,0.00455,1.0148,0.0021,1.0436,0.25177,0.00445
8,high,2,6,10,1.10,true,0.09963,0.00335,0.23110,2.13251,0.00447,1.1098,0.0007,1.1387,0.30323,0.00467
8,high,2,6,10,1.20,true,0.08825,0.00317,0.27120,2.18433,0.00440,1.2107,0.0004,1.2388,0.35506,0.00484
8,high,2,6,15,0.00,true,0.07112,0.00287,0.02966,1.95857,0.00303,0.3071,0.5375,0.4313,0.00451,0.00161
8,high,2,6,15,0.10,true,0.07725,0.00299,0.03127,1.95406,0.00316,0.3525,0.4338,0.4484,0.00000,0.00000
8,high,2,6,15,0.20,true,0.08288,0.00308,0.03730,1.95449,0.00329,0.4043,0.3371,0.4826,0.00043,0.00156
8,high,2,6,15,0.30,true,0.08700,0.00315,0.04767,1.96077,0.00343,0.4641,0.2584,0.5302,0.00671,0.00202
8,high,2,6,15,0.40,true,0.08750,0.00316,0.06247,1.97513,0.00353,0.5288,0.1916,0.5896,0.02106,0.00244
8,high,2,6,15,0.50,true,0.08637,0.00314,0.08162,1.99548,0.00362,0.6008,0.1402,0.6593,0.04142,0.00278
8,high,2,6,15,0.60,true,0.08438,0.00311,0.10494,2.02090,0.00372,0.6769,0.0977,0.7378,0.06684,0.00309
8,high,2,6,15,0.70,true,0.07850,0.00301,0.13164,2.05362,0.00375,0.7554,0.0665,0.8197,0.09955,0.00334
8,high,2,6,15,0.80,true,0.07250,0.00290,0.16221,2.09038,0.00378,0.8387,0.0403,0.9088,0.13631,0.00360
8,high,2,6,15,0.90,true,0.06700,0.00280,0.19434,2.12822,0.00381,0.9266,0.0257,0.9986,0.17416,0.00380
8,high,2,6,15,1.00,true,0.05875,0.00263,0.22957,2.17199,0.00376,1.0222,0.0181,1.0929,0.21793,0.00403
8,high,2,6,15,1.10,true,0.05175,0.00248,0.26465,2.21440,0.00371,1.1166,0.0138,1.1852,0.26033,0.00416
8,high,2,6,15,1.20,true,0.04600,0.00234,0.30172,2.25763,0.00366,1.2149,0.0094,1.2835,0.30356,0.00428
8,high,2,6,20,0.00,true,0.03625,0.00209,0.08744,2.05135,0.00261,0.4107,0.5289,0.6168,0.00172,0.00115
8,high,2,6,20,0.10,true,0.04063,0.00221,0.09006,2.04963,0.00274,0.4552,0.4537,0.6338,0.00000,0.00000
8,high,2,6,20,0.20,true,0.04088,0.00221,0.09707,2.05645,0.00279,0.5016,0.3781,0.6613,0.00682,0.00113
8,high,2,6,20,0.30,true,0.04288,0.00226,0.10824,2.06568,0.00291,0.5575,0.3144,0.7010,0.01605,0.00157
8,high,2,6,20,0.40,true,0.04250,0.00226,0.12361,2.08153,0.00299,0.6193,0.2587,0.7504,0.03190,0.00194
8,high,2,6,20,0.50,true,0.04337,0.00228,0.14242,2.09959,0.00311,0.6799,0.2044,0.8092,0.04996,0.00227
8,high,2,6,20,0.60,true,0.04288,0.00226,0.16420,2.12202,0.00321,0.7435,0.1571,0.8745,0.07239,0.00253
8,high,2,6,20,0.70,true,0.03975,0.00218,0.18883,2.14998,0.00325,0.8128,0.1196,0.9452,0.10035,0.00277
8,high,2,6,20,0.80,true,0.03750,0.00212,0.21595,2.17958,0.00330,0.8894,0.0905,1.0231,0.12995,0.00306
8,high,2,6,20,0.90,true,0.03500,0.00205,0.24442,2.21084,0.00333,0.9691,0.0694,1.1033,0.16121,0.00323
8,high,2,6,20,1.00,true,0.03163,0.00196,0.27508,2.24521,0.00333,1.0510,0.0497,1.1888,0.19558,0.00339
8,high,2,6,20,1.10,true,0.02875,0.00187,0.30543,2.27881,0.00332,1.1360,0.0378,1.2740,0.22918,0.00355
8,high,2,6,20,1.20,true,0.02612,0.00178,0.33699,2.31343,0.00331,1.2251,0.0284,1.3635,0.26380,0.00366
8,hcp30,2,12,10,0.00,true,0.14613,0.00395,0.06382,1.91882,0.00444,0.4124,0.5730,0.4374,0.00993,0.00219
8,hcp30,2,12,10,0.10,true,0.16500,0.00415,0.07263,1.90889,0.00474,0.4664,0.4912,0.4570,0.00000,0.00000
8,hcp30,2,12,10,0.20,true,0.17375,0.00424,0.08706,1.91486,0.00496,0.5239,0.4156,0.4883,0.00597,0.00208
8,hcp30,2,12,10,0.30,true,0.18238,0.00432,0.10670,1.92634,0.00522,0.5885,0.3477,0.5348,0.01744,0.00301
8,hcp30,2,12,10,0.40,true,0.18563,0.00435,0.13090,1.94793,0.00546,0.6550,0.2861,0.5915,0.03903,0.00365
8,hcp30,2,12,10,0.50,true,0.19012,0.00439,0.15801,1.97136,0.00571,0.7265,0.2340,0.6587,0.06246,0.00425
8,hcp30,2,12,10,0.60,true,0.19400,0.00442,0.18929,1.99984,0.00599,0.8005,0.1815,0.7393,0.09094,0.00480
8,hcp30,2,12,10,0.70,true,0.18925,0.00438,0.22319,2.03981,0.00617,0.8829,0.1462,0.8232,0.13092,0.00530
8,hcp30,2,12,10,0.80,true,0.18538,0.00434,0.25619,2.07819,0.00633,0.9652,0.1198,0.9075,0.16929,0.00566
8,hcp30,2,12,10,0.90,true,0.17975,0.00429,0.29262,2.12214,0.00648,1.0525,0.0928,1.0032,0.21325,0.00607
8,hcp30,2,12,10,1.00,true,0.17525,0.00425,0.32502,2.16099,0.00660,1.1346,0.0734,1.0927,0.25209,0.00636
8,hcp30,2,12,10,1.10,true,0.16800,0.00418,0.36026,2.20584,0.00668,1.2244,0.0563,1.1907,0.29695,0.00666
8,hcp30,2,12,10,1.20,true,0.15900,0.00409,0.39697,2.25439,0.00672,1.3233,0.0438,1.2956,0.34550,0.00689
8,hcp30,2,12,15,0.00,true,0.08675,0.00315,0.16022,2.07777,0.00434,0.6253,0.5438,0.6650,0.00000,0.00000
8,hcp30,2,12,15,0.10,true,0.09125,0.00322,0.16912,2.08243,0.00449,0.6746,0.4887,0.6823,0.00466,0.00160
8,hcp30,2,12,15,0.20,true,0.09625,0.00330,0.18150,2.09026,0.00466,0.7286,0.4367,0.7097,0.01249,0.00228
8,hcp30,2,12,15,0.30,true,0.10113,0.00337,0.19732,2.10188,0.00486,0.7843,0.3856,0.7474,0.02411,0.00289
8,hcp30,2,12,15,0.40,true,0.10000,0.00335,0.21674,2.12333,0.00498,0.8500,0.3442,0.7914,0.04556,0.00343
8,hcp30,2,12,15,0.50,true,0.10075,0.00337,0.23790,2.14484,0.00513,0.9162,0.3058,0.8430,0.06707,0.00392
8,hcp30,2,12,15,0.60,true,0.09900,0.00334,0.26245,2.17255,0.00525,0.9866,0.2694,0.9025,0.09478,0.00437
8,hcp30,2,12,15,0.70,true,0.09875,0.00334,0.28815,2.20012,0.00539,1.0581,0.2356,0.9692,0.12235,0.00481
8,hcp30,2,12,15,0.80,true,0.09950,0.00335,0.31365,2.22666,0.00554,1.1288,0.2056,1.0392,0.14889,0.00517
8,hcp30,2,12,15,0.90,true,0.09638,0.00330,0.34158,2.25985,0.00562,1.2048,0.1790,1.1149,0.18208,0.00553
8,hcp30,2,12,15,1.00,true,0.09237,0.00324,0.37132,2.29606,0.00568,1.2856,0.1541,1.1984,0.21829,0.00588
8,hcp30,2,12,15,1.10,true,0.08912,0.00319,0.39914,2.32967,0.00572,1.3643,0.1339,1.2803,0.25190,0.00618
8,hcp30,2,12,15,1.20,true,0.08588,0.00313,0.42541,2.36186,0.00575,1.4388,0.1155,1.3615,0.28409,0.00641
8,hcp30,2,12,20,0.00,true,0.05500,0.00255,0.25447,2.20892,0.00432,0.8188,0.5307,0.8872,0.00000,0.00000
8,hcp30,2,12,20,0.10,true,0.05588,0.00257,0.26199,2.21592,0.00439,0.8721,0.4929,0.9027,0.00699,0.00131
8,hcp30,2,12,20,0.20,true,0.05738,0.00260,0.27195,2.22496,0.00449,0.9243,0.4531,0.9265,0.01603,0.00197
8,hcp30,2,12,20,0.30,true,0.05950,0.00264,0.28415,2.23585,0.00461,0.9833,0.4176,0.9582,0.02692,0.00253
8,hcp30,2,12,20,0.40,true,0.06025,0.00266,0.29889,2.25088,0.00471,1.0390,0.3794,0.9969,0.04195,0.00307
8,hcp30,2,12,20,0.50,true,0.06050,0.00267,0.31496,2.26796,0.00480,1.0968,0.3449,1.0407,0.05904,0.00352
8,hcp30,2,12,20,0.60,true,0.06075,0.00267,0.33255,2.28680,0.00490,1.1644,0.3161,1.0904,0.07788,0.00393
8,hcp30,2,12,20,0.70,true,0.05813,0.00262,0.35170,2.31033,0.00494,1.2277,0.2867,1.1438,0.10140,0.00427
8,hcp30,2,12,20,0.80,true,0.05750,0.00260,0.37131,2.33250,0.00502,1.2946,0.2607,1.2025,0.12358,0.00465
8,hcp30,2,12,20,0.90,true,0.05475,0.00254,0.39314,2.35937,0.00505,1.3681,0.2367,1.2677,0.15045,0.00499
8,hcp30,2,12,20,1.00,true,0.05212,0.00249,0.41402,2.38524,0.00507,1.4368,0.2152,1.3324,0.17632,0.00528
8,hcp30,2,12,20,1.10,true,0.05000,0.00244,0.43578,2.41176,0.00509,1.5086,0.1939,1.4035,0.20284,0.00555
8,hcp30,2,12,20,1.20,true,0.04788,0.00239,0.45644,2.43725,0.00510,1.5779,0.1754,1.4738,0.22833,0.00577
8,hcp30,2,3,10,0.00,true,0.11425,0.00356,0.07885,1.96620,0.00414,0.3713,0.5546,0.4543,0.00893,0.00297
8,hcp30,2,3,10,0.10,true,0.13000,0.00376,0.08547,1.95727,0.00441,0.4606,0.4833,0.4713,0.00000,0.00000
8,hcp30,2,3,10,0.20,true,0.14275,0.00391,0.09814,1.95761,0.00469,0.5190,0.4065,0.5041,0.00034,0.00271
8,hcp30,2,3,10,0.30,true,0.15375,0.00403,0.11590,1.96500,0.00497,0.5852,0.3443,0.5500,0.00773,0.00380
8,hcp30,2,3,10,0.40,true,0.15762,0.00407,0.13908,1.98518,0.00520,0.6550,0.2864,0.6074,0.02791,0.00445
8,hcp30,2,3,10,0.50,true,0.15937,0.00409,0.16511,2.01051,0.00541,0.7209,0.2339,0.6719,0.05324,0.00506
8,hcp30,2,3,10,0.60,true,0.15750,0.00407,0.19423,2.04280,0.00559,0.7919,0.1908,0.7430,0.08553,0.00548
8,hcp30,2,3,10,0.70,true,0.15413,0.00404,0.22710,2.08065,0.00576,0.8698,0.1537,0.8239,0.12338,0.00585
8,hcp30,2,3,10,0.80,true,0.14600,0.00395,0.26035,2.12386,0.00585,0.9470,0.1260,0.9040,0.16659,0.00602
8,hcp30,2,3,10,0.90,true,0.13962,0.00388,0.29636,2.16846,0.00595,1.0296,0.0982,0.9950,0.21119,0.00627
8,hcp30,2,3,10,1.00,true,0.13312,0.00380,0.33186,2.21290,0.00603,1.1179,0.0800,1.0873,0.25563,0.00650
8,hcp30,2,3,10,1.10,true,0.12175,0.00366,0.37023,2.26551,0.00600,1.2070,0.0615,1.1852,0.30824,0.00666
8,hcp30,2,3,10,1.20,true,0.11250,0.00353,0.40369,2.31103,0.00597,1.2912,0.0500,1.2746,0.35376,0.00675
8,hcp30,2,3,15,0.00,true,0.06525,0.00276,0.18107,2.12120,0.00408,0.5059,0.5380,0.6822,0.00000,0.00000
8,hcp30,2,3,15,0.10,true,0.07125,0.00288,0.18863,2.12313,0.00424,0.6596,0.4821,0.6996,0.00192,0.00287
8,hcp30,2,3,15,0.20,true,0.07687,0.00298,0.20074,2.13023,0.00443,0.7282,0.4347,0.7288,0.00903,0.00371
8,hcp30,2,3,15,0.30,true,0.08013,0.00304,0.21620,2.14329,0.00458,0.7878,0.3866,0.7660,0.02209,0.00421
8,hcp30,2,3,15,0.40,true,0.08388,0.00310,0.23280,2.15716,0.00476,0.8414,0.3414,0.8086,0.03596,0.00458
8,hcp30,2,3,15,0.50,true,0.08350,0.00309,0.25483,2.18095,0.00488,0.9075,0.2980,0.8640,0.05975,0.00496
8,hcp30,2,3,15,0.60,true,0.08250,0.00308,0.27820,2.20693,0.00499,0.9781,0.2631,0.9246,0.08573,0.00524
8,hcp30,2,3,15,0.70,true,0.08325,0.00309,0.30043,2.23011,0.00512,1.0430,0.2317,0.9863,0.10891,0.00549
8,hcp30,2,3,15,0.80,true,0.08063,0.00304,0.32793,2.26248,0.00521,1.1203,0.2003,1.0615,0.14128,0.00572
8,hcp30,2,3,15,0.90,true,0.07575,0.00296,0.35325,2.29490,0.00522,1.1921,0.1783,1.1304,0.17370,0.00588
8,hcp30,2,3,15,1.00,true,0.07187,0.00289,0.38098,2.32909,0.00525,1.2698,0.1558,1.2089,0.20789,0.00603
8,hcp30,2,3,15,1.10,true,0.06713,0.00280,0.40834,2.36400,0.00524,1.3434,0.1340,1.2884,0.24280,0.00617
8,hcp30,2,3,15,1.20,true,0.06388,0.00273,0.43584,2.39778,0.00525,1.4290,0.1198,1.3727,0.27658,0.00632
8,hcp30,2,3,20,0.00,true,0.03825,0.00214,0.27428,2.24683,0.00402,0.6605,0.5281,0.8968,0.00000,0.00000
8,hcp30,2,3,20,0.10,true,0.04462,0.00231,0.28041,2.24705,0.00421,0.8428,0.4863,0.9148,0.00022,0.00253
8,hcp30,2,3,20,0.20,true,0.04763,0.00238,0.28943,2.25379,0.00432,0.9048,0.4456,0.9396,0.00696,0.00322
8,hcp30,2,3,20,0.30,true,0.04650,0.00235,0.30165,2.26814,0.00436,0.9658,0.4082,0.9707,0.02131,0.00359
8,hcp30,2,3,20,0.40,true,0.04800,0.00239,0.31537,2.28158,0.00446,1.0248,0.3720,1.0098,0.03475,0.00390
8,hcp30,2,3,20,0.50,true,0.04763,0.00238,0.33153,2.29959,0.00453,1.0864,0.3377,1.0555,0.05276,0.00418
8,hcp30,2,3,20,0.60,true,0.04600,0.00234,0.34868,2.32005,0.00457,1.1492,0.3077,1.1045,0.07322,0.00442
8,hcp30,2,3,20,0.70,true,0.04575,0.00234,0.36686,2.34039,0.00464,1.2181,0.2816,1.1596,0.09356,0.00471
8,hcp30,2,3,20,0.80,true,0.04650,0.00235,0.38579,2.36069,0.00473,1.2846,0.2552,1.2200,0.11386,0.00500
8,hcp30,2,3,20,0.90,true,0.04337,0.00228,0.40592,2.38633,0.00473,1.3474,0.2292,1.2815,0.13950,0.00518
8,hcp30,2,3,20,1.00,true,0.04225,0.00225,0.42600,2.41010,0.00477,1.4154,0.2067,1.3481,0.16327,0.00537
8,hcp30,2,3,20,1.10,true,0.04088,0.00221,0.44682,2.43512,0.00480,1.4901,0.1882,1.4190,0.18829,0.00556
8,hcp30,2,3,20,1.20,true,0.03925,0.00217,0.46807,2.46104,0.00481,1.5597,0.1673,1.4937,0.21421,0.00575
8,hcp30,2,6,10,0.00,true,0.11762,0.00360,0.07164,1.95522,0.00413,0.4090,0.5550,0.4505,0.00663,0.00192
8,hcp30,2,6,10,0.10,true,0.12787,0.00373,0.07504,1.94859,0.00429,0.4655,0.4787,0.4692,0.00000,0.00000
8,hcp30,2,6,10,0.20,true,0.13737,0.00385,0.08476,1.94922,0.00449,0.5219,0.3989,0.5040,0.00063,0.00203
8,hcp30,2,6,10,0.30,true,0.14113,0.00389,0.10056,1.96189,0.00467,0.5893,0.3326,0.5521,0.01330,0.00292
8,hcp30,2,6,10,0.40,true,0.14313,0.00392,0.12045,1.98060,0.00485,0.6553,0.2724,0.6099,0.03201,0.00359
8,hcp30,2,6,10,0.50,true,0.14163,0.00390,0.14542,2.00816,0.00501,0.7328,0.2264,0.6781,0.05957,0.00417
8,hcp30,2,6,10,0.60,true,0.13962,0.00388,0.17378,2.03987,0.00518,0.8079,0.1822,0.7542,0.09128,0.00467
8,hcp30,2,6,10,0.70,true,0.13662,0.00384,0.20474,2.07546,0.00534,0.8857,0.1449,0.8366,0.12687,0.00515
8,hcp30,2,6,10,0.80,true,0.12862,0.00374,0.23782,2.11848,0.00543,0.9654,0.1145,0.9220,0.16989,0.00551
8,hcp30,2,6,10,0.90,true,0.12125,0.00365,0.27232,2.16258,0.00550,1.0512,0.0908,1.0131,0.21399,0.00585
8,hcp30,2,6,10,1.00,true,0.11075,0.00351,0.30750,2.21074,0.00550,1.1369,0.0724,1.1041,0.26215,0.00615
8,hcp30,2,6,10,1.10,true,0.10300,0.00340,0.34043,2.25401,0.00550,1.2173,0.0552,1.1937,0.30542,0.00639
8,hcp30,2,6,10,1.20,true,0.09325,0.00325,0.37557,2.30190,0.00544,1.3076,0.0430,1.2898,0.35331,0.00662
8,hcp30,2,6,15,0.00,true,0.06625,0.00278,0.17099,2.10914,0.00401,0.6127,0.5333,0.6752,0.00000,0.00000
8,hcp30,2,6,15,0.10,true,0.07013,0.00285,0.17489,2.10959,0.00411,0.6656,0.4804,0.6937,0.00045,0.00151
8,hcp30,2,6,15,0.20,true,0.07150,0.00288,0.18311,2.11709,0.00419,0.7197,0.4284,0.7211,0.00795,0.00217
8,hcp30,2,6,15,0.30,true,0.07362,0.00292,0.19508,2.12782,0.00431,0.7790,0.3804,0.7590,0.01867,0.00279
8,hcp30,2,6,15,0.40,true,0.07187,0.00289,0.21044,2.14603,0.00438,0.8370,0.3336,0.8034,0.03689,0.00331
8,hcp30,2,6,15,0.50,true,0.07187,0.00289,0.22921,2.16618,0.00449,0.9047,0.2935,0.8580,0.05703,0.00384
8,hcp30,2,6,15,0.60,true,0.06938,0.00284,0.25084,2.19193,0.00457,0.9747,0.2574,0.9185,0.08278,0.00434
8,hcp30,2,6,15,0.70,true,0.06750,0.00280,0.27342,2.21819,0.00465,1.0457,0.2265,0.9828,0.10904,0.00474
8,hcp30,2,6,15,0.80,true,0.06438,0.00274,0.29805,2.24805,0.00471,1.1170,0.1963,1.0531,0.13890,0.00510
8,hcp30,2,6,15,0.90,true,0.06087,0.00267,0.32337,2.27915,0.00475,1.1930,0.1726,1.1264,0.17001,0.00541
8,hcp30,2,6,15,1.00,true,0.05750,0.00260,0.34976,2.31145,0.00478,1.2703,0.1505,1.2044,0.20230,0.00570
8,hcp30,2,6,15,1.10,true,0.05513,0.00255,0.37567,2.34242,0.00482,1.3461,0.1302,1.2844,0.23328,0.00597
8,hcp30,2,6,15,1.20,true,0.05087,0.00246,0.40286,2.37687,0.00480,1.4246,0.1108,1.3695,0.26773,0.00617
8,hcp30,2,6,20,0.00,true,0.03637,0.00209,0.26946,2.24282,0.00391,0.8178,0.5239,0.9027,0.00000,0.00000
8,hcp30,2,6,20,0.10,true,0.03800,0.00214,0.27313,2.24543,0.00396,0.8698,0.4851,0.9200,0.00261,0.00121
8,hcp30,2,6,20,0.20,true,0.03875,0.00216,0.27939,2.25175,0.00402,0.9214,0.4455,0.9443,0.00893,0.00180
8,hcp30,2,6,20,0.30,true,0.03963,0.00218,0.28818,2.26068,0.00409,0.9749,0.4071,0.9760,0.01786,0.00232
8,hcp30,2,6,20,0.40,true,0.03950,0.00218,0.29935,2.27323,0.00414,1.0327,0.3717,1.0139,0.03041,0.00280
8,hcp30,2,6,20,0.50,true,0.03712,0.00211,0.31231,2.29003,0.00416,1.0911,0.3390,1.0556,0.04721,0.00319
8,hcp30,2,6,20,0.60,true,0.03700,0.00211,0.32702,2.30656,0.00423,1.1572,0.3102,1.1054,0.06374,0.00364
8,hcp30,2,6,20,0.70,true,0.03612,0.00209,0.34315,2.32546,0.00428,1.2224,0.2828,1.1592,0.08264,0.00402
8,hcp30,2,6,20,0.80,true,0.03500,0.00205,0.36076,2.34633,0.00433,1.2898,0.2573,1.2182,0.10351,0.00438
8,hcp30,2,6,20,0.90,true,0.03325,0.00200,0.37921,2.36885,0.00435,1.3505,0.2296,1.2802,0.12603,0.00470
8,hcp30,2,6,20,1.00,true,0.03188,0.00196,0.39889,2.39249,0.00439,1.4214,0.2068,1.3484,0.14967,0.00502
8,hcp30,2,6,20,1.10,true,0.02987,0.00190,0.41828,2.41657,0.00439,1.4860,0.1846,1.4163,0.17375,0.00526
8,hcp30,2,6,20,1.20,true,0.02875,0.00187,0.43860,2.44096,0.00441,1.5580,0.1647,1.4909,0.19814,0.00552
8,tour,3,12,10,0.00,true,0.32088,0.00522,0.00005,1.67917,0.00522,0.1610,0.6641,0.1889,0.14670,0.00527
8,tour,3,12,10,0.10,true,0.40725,0.00549,0.00019,1.59294,0.00549,0.2093,0.4504,0.2047,0.06047,0.00424
8,tour,3,12,10,0.20,true,0.45425,0.00557,0.00069,1.54644,0.00557,0.2747,0.2572,0.2581,0.01397,0.00287
8,tour,3,12,10,0.30,true,0.46950,0.00558,0.00197,1.53247,0.00560,0.3481,0.1188,0.3382,0.00000,0.00000
8,tour,3,12,10,0.40,true,0.46863,0.00558,0.00470,1.53607,0.00563,0.4342,0.0487,0.4320,0.00360,0.00220
8,tour,3,12,10,0.50,true,0.45750,0.00557,0.00955,1.55205,0.00567,0.5241,0.0175,0.5277,0.01958,0.00286
8,tour,3,12,10,0.60,true,0.44262,0.00555,0.01711,1.57449,0.00573,0.6174,0.0065,0.6231,0.04202,0.00326
8,tour,3,12,10,0.70,true,0.42625,0.00553,0.02903,1.60278,0.00583,0.7198,0.0015,0.7266,0.07031,0.00360
8,tour,3,12,10,0.80,true,0.40987,0.00550,0.04359,1.63372,0.00593,0.8156,0.0006,0.8220,0.10125,0.00389
8,tour,3,12,10,0.90,true,0.38975,0.00545,0.06257,1.67282,0.00605,0.9158,0.0002,0.9218,0.14035,0.00422
8,tour,3,12,10,1.00,true,0.37300,0.00541,0.08388,1.71088,0.00617,1.0147,0.0000,1.0204,0.17841,0.00451
8,tour,3,12,10,1.10,true,0.35525,0.00535,0.10773,1.75248,0.00629,1.1147,0.0000,1.1201,0.22001,0.00479
8,tour,3,12,10,1.20,true,0.33775,0.00529,0.13480,1.79705,0.00642,1.2215,0.0000,1.2265,0.26458,0.00507
8,tour,3,12,15,0.00,true,0.19725,0.00445,0.00089,1.80364,0.00445,0.2417,0.5878,0.2767,0.07030,0.00433
8,tour,3,12,15,0.10,true,0.22950,0.00470,0.00179,1.77229,0.00471,0.2867,0.4504,0.2903,0.03895,0.00364
8,tour,3,12,15,0.20,true,0.25612,0.00488,0.00373,1.74760,0.00491,0.3423,0.3223,0.3284,0.01426,0.00290
8,tour,3,12,15,0.30,true,0.27150,0.00497,0.00724,1.73574,0.00503,0.4062,0.2141,0.3879,0.00241,0.00202
8,tour,3,12,15,0.40,true,0.27950,0.00502,0.01284,1.73334,0.00512,0.4797,0.1353,0.4635,0.00000,0.00000
8,tour,3,12,15,0.50,true,0.27750,0.00501,0.02106,1.74356,0.00517,0.5556,0.0770,0.5479,0.01022,0.00183
8,tour,3,12,15,0.60,true,0.26887,0.00496,0.03273,1.76386,0.00521,0.6417,0.0419,0.6407,0.03052,0.00250
8,tour,3,12,15,0.70,true,0.26150,0.00491,0.04781,1.78631,0.00528,0.7334,0.0201,0.7385,0.05298,0.00295
8,tour,3,12,15,0.80,true,0.25100,0.00485,0.06564,1.81464,0.00534,0.8266,0.0112,0.8337,0.08130,0.00325
8,tour,3,12,15,0.90,true,0.23950,0.00477,0.08695,1.84745,0.00540,0.9245,0.0067,0.9322,0.11412,0.00351
8,tour,3,12,15,1.00,true,0.22800,0.00469,0.10978,1.88179,0.00546,1.0186,0.0037,1.0271,0.14845,0.00375
8,tour,3,12,15,1.10,true,0.21638,0.00460,0.13548,1.91910,0.00552,1.1171,0.0019,1.1261,0.18577,0.00399
8,tour,3,12,15,1.20,true,0.20588,0.00452,0.16281,1.95694,0.00558,1.2169,0.0011,1.2258,0.22360,0.00420
8,tour,3,12,20,0.00,true,0.13687,0.00384,0.00421,1.86734,0.00387,0.3193,0.5568,0.3687,0.03589,0.00327
8,tour,3,12,20,0.10,true,0.15750,0.00407,0.00625,1.84875,0.00411,0.3674,0.4619,0.3812,0.01730,0.00266
8,tour,3,12,20,0.20,true,0.17300,0.00423,0.00998,1.83698,0.00429,0.4202,0.3646,0.4122,0.00554,0.00184
8,tour,3,12,20,0.30,true,0.18413,0.00433,0.01557,1.83144,0.00444,0.4753,0.2744,0.4590,0.00000,0.00000
8,tour,3,12,20,0.40,true,0.18862,0.00437,0.02360,1.83497,0.00454,0.5387,0.1994,0.5206,0.00353,0.00179
8,tour,3,12,20,0.50,true,0.18912,0.00438,0.03449,1.84536,0.00462,0.6100,0.1409,0.5935,0.01392,0.00238
8,tour,3,12,20,0.60,true,0.18962,0.00438,0.04829,1.85867,0.00472,0.6890,0.0955,0.6777,0.02723,0.00283
8,tour,3,12,20,0.70,true,0.18525,0.00434,0.06429,1.87904,0.00479,0.7684,0.0640,0.7630,0.04759,0.00313
8,tour,3,12,20,0.80,true,0.18000,0.00430,0.08361,1.90361,0.00486,0.8569,0.0416,0.8567,0.07217,0.00341
8,tour,3,12,20,0.90,true,0.17425,0.00424,0.10475,1.93050,0.00493,0.9461,0.0265,0.9506,0.09906,0.00364
8,tour,3,12,20,1.00,true,0.16762,0.00418,0.12733,1.95971,0.00499,1.0364,0.0185,1.0427,0.12827,0.00382
8,tour,3,12,20,1.10,true,0.16150,0.00411,0.15149,1.98999,0.00506,1.1265,0.0109,1.1365,0.15855,0.00403
8,tour,3,12,20,1.20,true,0.15363,0.00403,0.17841,2.02480,0.00510,1.2230,0.0062,1.2353,0.19335,0.00423
8,tour,3,3,10,0.00,true,0.22750,0.00469,0.00012,1.77262,0.00469,0.1131,0.5939,0.2043,0.11524,0.00571
8,tour,3,3,10,0.10,true,0.29650,0.00511,0.00020,1.70370,0.00511,0.2094,0.4026,0.2233,0.04633,0.00443
8,tour,3,3,10,0.20,true,0.33087,0.00526,0.00061,1.66974,0.00527,0.2691,0.2393,0.2728,0.01236,0.00302
8,tour,3,3,10,0.30,true,0.34450,0.00531,0.00188,1.65738,0.00533,0.3432,0.1156,0.3507,0.00000,0.00000
8,tour,3,3,10,0.40,true,0.34475,0.00531,0.00429,1.65954,0.00535,0.4180,0.0567,0.4312,0.00216,0.00250
8,tour,3,3,10,0.50,true,0.33887,0.00529,0.00856,1.66968,0.00536,0.5007,0.0255,0.5177,0.01231,0.00328
8,tour,3,3,10,0.60,true,0.32800,0.00525,0.01719,1.68919,0.00539,0.6065,0.0087,0.6265,0.03181,0.00386
8,tour,3,3,10,0.70,true,0.31800,0.00521,0.02739,1.70939,0.00543,0.6938,0.0040,0.7151,0.05201,0.00425
8,tour,3,3,10,0.80,true,0.30662,0.00516,0.04207,1.73544,0.00550,0.7915,0.0023,0.8128,0.07806,0.00459
8,tour,3,3,10,0.90,true,0.29213,0.00508,0.06097,1.76884,0.00556,0.8900,0.0018,0.9115,0.11147,0.00489
8,tour,3,3,10,1.00,true,0.27350,0.00498,0.08407,1.81058,0.00562,0.9881,0.0005,1.0108,0.15320,0.00518
8,tour,3,3,10,1.10,true,0.25688,0.00488,0.10881,1.85193,0.00567,1.0812,0.0003,1.1041,0.19455,0.00541
8,tour,3,3,10,1.20,true,0.23988,0.00477,0.13829,1.89842,0.00572,1.1832,0.0003,1.2068,0.24104,0.00564
8,tour,3,3,15,0.00,true,0.13312,0.00380,0.00136,1.86823,0.00380,0.1776,0.5537,0.2906,0.06759,0.00517
8,tour,3,3,15,0.10,true,0.16950,0.00419,0.00178,1.83228,0.00420,0.2691,0.4287,0.3062,0.03164,0.00437
8,tour,3,3,15,0.20,true,0.19412,0.00442,0.00318,1.80906,0.00444,0.3276,0.3032,0.3456,0.00842,0.00352
8,tour,3,3,15,0.30,true,0.20312,0.00450,0.00596,1.80283,0.00454,0.3895,0.2088,0.3996,0.00219,0.00248
8,tour,3,3,15,0.40,true,0.21000,0.00455,0.01064,1.80064,0.00462,0.4594,0.1347,0.4706,0.00000,0.00000
8,tour,3,3,15,0.50,true,0.21200,0.00457,0.01766,1.80566,0.00469,0.5337,0.0825,0.5496,0.00502,0.00222
8,tour,3,3,15,0.60,true,0.20913,0.00455,0.02763,1.81851,0.00474,0.6147,0.0492,0.6353,0.01786,0.00295
8,tour,3,3,15,0.70,true,0.20375,0.00450,0.04132,1.83757,0.00478,0.7025,0.0279,0.7275,0.03693,0.00350
8,tour,3,3,15,0.80,true,0.19575,0.00444,0.05855,1.86280,0.00483,0.7939,0.0165,0.8212,0.06216,0.00390
8,tour,3,3,15,0.90,true,0.18500,0.00434,0.07942,1.89442,0.00486,0.8869,0.0080,0.9171,0.09378,0.00424
8,tour,3,3,15,1.00,true,0.17475,0.00425,0.10324,1.92849,0.00489,0.9836,0.0047,1.0144,0.12785,0.00457
8,tour,3,3,15,1.10,true,0.16512,0.00415,0.12977,1.96465,0.00493,1.0808,0.0019,1.1131,0.16401,0.00482
8,tour,3,3,15,1.20,true,0.15350,0.00403,0.15853,2.00504,0.00494,1.1794,0.0016,1.2114,0.20439,0.00500
8,tour,3,3,20,0.00,true,0.09025,0.00320,0.00657,1.91632,0.00324,0.2485,0.5420,0.3919,0.03289,0.00385
8,tour,3,3,20,0.10,true,0.10825,0.00347,0.00776,1.89951,0.00351,0.3467,0.4427,0.4041,0.01608,0.00278
8,tour,3,3,20,0.20,true,0.12725,0.00373,0.01068,1.88343,0.00379,0.4097,0.3515,0.4374,0.00000,0.00000
8,tour,3,3,20,0.30,true,0.13187,0.00378,0.01576,1.88388,0.00388,0.4685,0.2675,0.4842,0.00046,0.00242
8,tour,3,3,20,0.40,true,0.13487,0.00382,0.02281,1.88793,0.00396,0.5269,0.1943,0.5419,0.00451,0.00318
8,tour,3,3,20,0.50,true,0.13800,0.00386,0.03265,1.89465,0.00406,0.5972,0.1395,0.6128,0.01123,0.00374
8,tour,3,3,20,0.60,true,0.13687,0.00384,0.04546,1.90858,0.00413,0.6719,0.0985,0.6905,0.02516,0.00411
8,tour,3,3,20,0.70,true,0.13487,0.00382,0.06085,1.92598,0.00420,0.7508,0.0682,0.7734,0.04255,0.00442
8,tour,3,3,20,0.80,true,0.13225,0.00379,0.07935,1.94710,0.00428,0.8338,0.0457,0.8614,0.06368,0.00464
8,tour,3,3,20,0.90,true,0.12587,0.00371,0.10083,1.97495,0.00432,0.9209,0.0302,0.9524,0.09153,0.00480
8,tour,3,3,20,1.00,true,0.11887,0.00362,0.12475,2.00588,0.00434,1.0129,0.0213,1.0460,0.12246,0.00493
8,tour,3,3,20,1.10,true,0.11200,0.00353,0.15016,2.03817,0.00437,1.1014,0.0128,1.1387,0.15475,0.00504
8,tour,3,3,20,1.20,true,0.10312,0.00340,0.17840,2.07529,0.00435,1.1960,0.0079,1.2354,0.19187,0.00512
8,tour,3,6,10,0.00,true,0.24588,0.00481,0.00010,1.75422,0.00481,0.1647,0.6005,0.2017,0.09463,0.00462
8,tour,3,6,10,0.10,true,0.30062,0.00513,0.00006,1.69944,0.00513,0.2136,0.3973,0.2212,0.03984,0.00362
8,tour,3,6,10,0.20,true,0.33275,0.00527,0.00015,1.66740,0.00527,0.2738,0.2179,0.2743,0.00781,0.00237
8,tour,3,6,10,0.30,true,0.34087,0.00530,0.00047,1.65959,0.00530,0.3483,0.1087,0.3496,0.00000,0.00000
8,tour,3,6,10,0.40,true,0.33663,0.00528,0.00126,1.66464,0.00529,0.4329,0.0492,0.4384,0.00504,0.00206
8,tour,3,6,10,0.50,true,0.32250,0.00523,0.00298,1.68048,0.00525,0.5235,0.0186,0.5332,0.02089,0.00266
8,tour,3,6,10,0.60,true,0.30300,0.00514,0.00621,1.70321,0.00519,0.6214,0.0063,0.6327,0.04362,0.00315
8,tour,3,6,10,0.70,true,0.28087,0.00502,0.01160,1.73073,0.00511,0.7205,0.0023,0.7317,0.07114,0.00353
8,tour,3,6,10,0.80,true,0.25800,0.00489,0.01990,1.76190,0.00503,0.8229,0.0005,0.8335,0.10231,0.00387
8,tour,3,6,10,0.90,true,0.23212,0.00472,0.03107,1.79895,0.00493,0.9217,0.0000,0.9317,0.13936,0.00419
8,tour,3,6,10,1.00,true,0.20212,0.00449,0.04591,1.84379,0.00477,1.0230,0.0000,1.0320,0.18419,0.00452
8,tour,3,6,10,1.10,true,0.17238,0.00422,0.06460,1.89224,0.00459,1.1261,0.0000,1.1344,0.23264,0.00482
8,tour,3,6,10,1.20,true,0.14188,0.00390,0.08632,1.94446,0.00435,1.2272,0.0000,1.2350,0.28487,0.00508
8,tour,3,6,15,0.00,true,0.14913,0.00398,0.00121,1.85208,0.00399,0.2452,0.5563,0.2960,0.04342,0.00356
8,tour,3,6,15,0.10,true,0.17012,0.00420,0.00102,1.83089,0.00421,0.2925,0.4251,0.3123,0.02223,0.00291
8,tour,3,6,15,0.20,true,0.18413,0.00433,0.00141,1.81728,0.00434,0.3454,0.2968,0.3515,0.00862,0.00198
8,tour,3,6,15,0.30,true,0.19387,0.00442,0.00254,1.80866,0.00444,0.4108,0.1991,0.4103,0.00000,0.00000
8,tour,3,6,15,0.40,true,0.19550,0.00443,0.00471,1.80921,0.00446,0.4810,0.1220,0.4836,0.00055,0.00192
8,tour,3,6,15,0.50,true,0.19125,0.00440,0.00830,1.81705,0.00445,0.5606,0.0725,0.5670,0.00839,0.00253
8,tour,3,6,15,0.60,true,0.18113,0.00431,0.01391,1.83279,0.00439,0.6470,0.0382,0.6591,0.02413,0.00296
8,tour,3,6,15,0.70,true,0.16612,0.00416,0.02175,1.85563,0.00429,0.7398,0.0193,0.7553,0.04696,0.00337
8,tour,3,6,15,0.80,true,0.15275,0.00402,0.03187,1.87912,0.00420,0.8339,0.0108,0.8501,0.07046,0.00362
8,tour,3,6,15,0.90,true,0.13687,0.00384,0.04491,1.90804,0.00409,0.9312,0.0056,0.9479,0.09938,0.00387
8,tour,3,6,15,1.00,true,0.11987,0.00363,0.06118,1.94131,0.00395,1.0317,0.0026,1.0486,0.13265,0.00412
8,tour,3,6,15,1.10,true,0.10063,0.00336,0.07968,1.97907,0.00375,1.1289,0.0011,1.1454,0.17040,0.00434
8,tour,3,6,15,1.20,true,0.08350,0.00309,0.10147,2.01800,0.00355,1.2316,0.0005,1.2474,0.20933,0.00453
8,tour,3,6,20,0.00,true,0.08887,0.00318,0.00545,1.91658,0.00321,0.3253,0.5330,0.3941,0.02676,0.00282
8,tour,3,6,20,0.10,true,0.10287,0.00340,0.00497,1.90210,0.00342,0.3703,0.4340,0.4094,0.01228,0.00235
8,tour,3,6,20,0.20,true,0.11238,0.00353,0.00571,1.89334,0.00356,0.4220,0.3391,0.4415,0.00352,0.00173
8,tour,3,6,20,0.30,true,0.11800,0.00361,0.00782,1.88982,0.00365,0.4846,0.2629,0.4889,0.00000,0.00000
8,tour,3,6,20,0.40,true,0.12037,0.00364,0.01137,1.89100,0.00370,0.5466,0.1904,0.5497,0.00118,0.00161
8,tour,3,6,20,0.50,true,0.12050,0.00364,0.01672,1.89622,0.00373,0.6169,0.1319,0.6226,0.00640,0.00227
8,tour,3,6,20,0.60,true,0.11850,0.00361,0.02384,1.90534,0.00375,0.6947,0.0920,0.7028,0.01552,0.00262
8,tour,3,6,20,0.70,true,0.11100,0.00351,0.03311,1.92211,0.00369,0.7734,0.0598,0.7874,0.03229,0.00288
8,tour,3,6,20,0.80,true,0.10150,0.00338,0.04501,1.94352,0.00362,0.8624,0.0390,0.8798,0.05370,0.00318
8,tour,3,6,20,0.90,true,0.09275,0.00324,0.05903,1.96629,0.00355,0.9516,0.0241,0.9728,0.07647,0.00337
8,tour,3,6,20,1.00,true,0.08300,0.00308,0.07502,1.99204,0.00346,1.0425,0.0146,1.0662,0.10222,0.00356
8,tour,3,6,20,1.10,true,0.07312,0.00291,0.09325,2.02015,0.00336,1.1372,0.0090,1.1618,0.13033,0.00374
8,tour,3,6,20,1.20,true,0.06212,0.00270,0.11371,2.05163,0.00323,1.2341,0.0053,1.2591,0.16181,0.00388
8,scratch,3,12,10,0.00,true,0.28037,0.00502,0.00014,1.71977,0.00502,0.1718,0.6415,0.2022,0.12636,0.00492
8,scratch,3,12,10,0.10,true,0.35213,0.00534,0.00046,1.64834,0.00534,0.2196,0.4424,0.2186,0.05493,0.00390
8,scratch,3,12,10,0.20,true,0.39563,0.00547,0.00142,1.60580,0.00548,0.2836,0.2689,0.2687,0.01239,0.00269
8,scratch,3,12,10,0.30,true,0.41025,0.00550,0.00366,1.59341,0.00554,0.3544,0.1426,0.3422,0.00000,0.00000
8,scratch,3,12,10,0.40,true,0.41187,0.00550,0.00818,1.59630,0.00558,0.4380,0.0627,0.4347,0.00289,0.00226
8,scratch,3,12,10,0.50,true,0.40300,0.00548,0.01571,1.61271,0.00564,0.5274,0.0264,0.5301,0.01930,0.00290
8,scratch,3,12,10,0.60,true,0.38725,0.00545,0.02669,1.63944,0.00570,0.6180,0.0092,0.6250,0.04603,0.00340
8,scratch,3,12,10,0.70,true,0.36938,0.00540,0.04300,1.67363,0.00580,0.7198,0.0042,0.7271,0.08022,0.00378
8,scratch,3,12,10,0.80,true,0.35425,0.00535,0.06198,1.70774,0.00591,0.8145,0.0012,0.8225,0.11433,0.00408
8,scratch,3,12,10,0.90,true,0.33625,0.00528,0.08567,1.74942,0.00602,0.9143,0.0006,0.9218,0.15601,0.00440
8,scratch,3,12,10,1.00,true,0.32050,0.00522,0.11186,1.79136,0.00615,1.0132,0.0002,1.0204,0.19795,0.00466
8,scratch,3,12,10,1.10,true,0.30688,0.00516,0.14002,1.83315,0.00627,1.1130,0.0000,1.1200,0.23974,0.00489
8,scratch,3,12,10,1.20,true,0.29375,0.00509,0.17131,1.87758,0.00641,1.2202,0.0000,1.2269,0.28417,0.00513
8,scratch,3,12,15,0.00,true,0.16400,0.00414,0.00211,1.83811,0.00415,0.2578,0.5722,0.3005,0.04593,0.00368
8,scratch,3,12,15,0.10,true,0.19237,0.00441,0.00374,1.81136,0.00443,0.3030,0.4456,0.3152,0.01918,0.00305
8,scratch,3,12,15,0.20,true,0.21038,0.00456,0.00703,1.79665,0.00460,0.3598,0.3286,0.3523,0.00448,0.00211
8,scratch,3,12,15,0.30,true,0.22037,0.00463,0.01255,1.79218,0.00472,0.4213,0.2274,0.4078,0.00000,0.00000
8,scratch,3,12,15,0.40,true,0.22550,0.00467,0.02105,1.79555,0.00483,0.4935,0.1499,0.4805,0.00338,0.00202
8,scratch,3,12,15,0.50,true,0.22550,0.00467,0.03261,1.80711,0.00491,0.5673,0.0922,0.5614,0.01494,0.00261
8,scratch,3,12,15,0.60,true,0.21850,0.00462,0.04820,1.82970,0.00497,0.6499,0.0549,0.6499,0.03753,0.00303
8,scratch,3,12,15,0.70,true,0.20950,0.00455,0.06763,1.85813,0.00503,0.7385,0.0313,0.7436,0.06595,0.00338
8,scratch,3,12,15,0.80,true,0.20463,0.00451,0.08962,1.88500,0.00514,0.8286,0.0156,0.8392,0.09282,0.00367
8,scratch,3,12,15,0.90,true,0.19437,0.00442,0.11533,1.92096,0.00520,0.9248,0.0088,0.9368,0.12878,0.00391
8,scratch,3,12,15,1.00,true,0.18575,0.00435,0.14213,1.95639,0.00527,1.0191,0.0061,1.0308,0.16422,0.00411
8,scratch,3,12,15,1.10,true,0.17663,0.00426,0.17178,1.99517,0.00534,1.1164,0.0033,1.1290,0.20300,0.00430
8,scratch,3,12,15,1.20,true,0.16775,0.00418,0.20291,2.03518,0.00539,1.2154,0.0020,1.2282,0.24301,0.00447
8,scratch,3,12,20,0.00,true,0.10938,0.00349,0.00879,1.89941,0.00354,0.3418,0.5457,0.4060,0.01714,0.00252
8,scratch,3,12,20,0.10,true,0.12375,0.00368,0.01204,1.88829,0.00375,0.3903,0.4588,0.4188,0.00602,0.00188
8,scratch,3,12,20,0.20,true,0.13550,0.00383,0.01777,1.88227,0.00394,0.4424,0.3667,0.4498,0.00000,0.00000
8,scratch,3,12,20,0.30,true,0.14275,0.00391,0.02591,1.88316,0.00408,0.4986,0.2857,0.4943,0.00089,0.00171
8,scratch,3,12,20,0.40,true,0.14713,0.00396,0.03686,1.88973,0.00421,0.5580,0.2128,0.5518,0.00747,0.00232
8,scratch,3,12,20,0.50,true,0.14838,0.00397,0.05111,1.90273,0.00432,0.6253,0.1541,0.6206,0.02046,0.00266
8,scratch,3,12,20,0.60,true,0.14675,0.00396,0.06880,1.92205,0.00442,0.7032,0.1112,0.6998,0.03978,0.00301
8,scratch,3,12,20,0.70,true,0.14388,0.00392,0.08858,1.94471,0.00451,0.7815,0.0788,0.7824,0.06244,0.00333
8,scratch,3,12,20,0.80,true,0.13950,0.00387,0.11178,1.97229,0.00459,0.8668,0.0549,0.8718,0.09002,0.00354
8,scratch,3,12,20,0.90,true,0.13287,0.00380,0.13700,2.00413,0.00465,0.9529,0.0372,0.9624,0.12186,0.00376
8,scratch,3,12,20,1.00,true,0.12837,0.00374,0.16334,2.03499,0.00472,1.0397,0.0242,1.0540,0.15272,0.00397
8,scratch,3,12,20,1.10,true,0.12275,0.00367,0.19091,2.06819,0.00477,1.1291,0.0172,1.1450,0.18592,0.00414
8,scratch,3,12,20,1.20,true,0.11750,0.00360,0.22106,2.10359,0.00483,1.2243,0.0109,1.2430,0.22132,0.00432
8,scratch,3,3,10,0.00,true,0.20550,0.00452,0.00029,1.79479,0.00452,0.1231,0.5867,0.2193,0.09456,0.00563
8,scratch,3,3,10,0.10,true,0.25638,0.00488,0.00055,1.74418,0.00489,0.2187,0.4009,0.2376,0.04394,0.00434
8,scratch,3,3,10,0.20,true,0.28750,0.00506,0.00148,1.71398,0.00507,0.2795,0.2516,0.2851,0.01375,0.00306
8,scratch,3,3,10,0.30,true,0.30388,0.00514,0.00411,1.70023,0.00517,0.3536,0.1304,0.3615,0.00000,0.00000
8,scratch,3,3,10,0.40,true,0.30150,0.00513,0.00846,1.70696,0.00520,0.4254,0.0705,0.4381,0.00672,0.00251
8,scratch,3,3,10,0.50,true,0.29750,0.00511,0.01561,1.71811,0.00524,0.5065,0.0361,0.5230,0.01788,0.00328
8,scratch,3,3,10,0.60,true,0.28875,0.00507,0.02871,1.73996,0.00529,0.6098,0.0141,0.6306,0.03973,0.00390
8,scratch,3,3,10,0.70,true,0.27950,0.00502,0.04312,1.76363,0.00535,0.6951,0.0059,0.7187,0.06340,0.00429
8,scratch,3,3,10,0.80,true,0.26538,0.00494,0.06318,1.79781,0.00541,0.7922,0.0034,0.8158,0.09758,0.00466
8,scratch,3,3,10,0.90,true,0.24963,0.00484,0.08771,1.83810,0.00548,0.8906,0.0020,0.9146,0.13787,0.00497
8,scratch,3,3,10,1.00,true,0.23538,0.00474,0.11550,1.88015,0.00555,0.9883,0.0013,1.0128,0.17991,0.00522
8,scratch,3,3,10,1.10,true,0.22125,0.00464,0.14422,1.92299,0.00560,1.0803,0.0003,1.1058,0.22276,0.00543
8,scratch,3,3,10,1.20,true,0.20363,0.00450,0.17852,1.97493,0.00562,1.1830,0.0003,1.2091,0.27470,0.00566
8,scratch,3,3,15,0.00,true,0.11688,0.00359,0.00315,1.88627,0.00361,0.1979,0.5512,0.3175,0.04990,0.00467
8,scratch,3,3,15,0.10,true,0.14350,0.00392,0.00415,1.86065,0.00394,0.2877,0.4335,0.3327,0.02427,0.00372
8,scratch,3,3,15,0.20,true,0.16275,0.00413,0.00687,1.84412,0.00417,0.3458,0.3185,0.3696,0.00774,0.00256
8,scratch,3,3,15,0.30,true,0.17513,0.00425,0.01150,1.83638,0.00432,0.4053,0.2256,0.4212,0.00000,0.00000
8,scratch,3,3,15,0.40,true,0.18000,0.00430,0.01899,1.83899,0.00442,0.4742,0.1544,0.4882,0.00261,0.00244
8,scratch,3,3,15,0.50,true,0.18025,0.00430,0.02974,1.84949,0.00449,0.5465,0.0991,0.5649,0.01311,0.00316
8,scratch,3,3,15,0.60,true,0.17650,0.00426,0.04445,1.86795,0.00456,0.6270,0.0621,0.6500,0.03157,0.00374
8,scratch,3,3,15,0.70,true,0.17012,0.00420,0.06296,1.89284,0.00461,0.7128,0.0377,0.7403,0.05647,0.00416
8,scratch,3,3,15,0.80,true,0.16212,0.00412,0.08489,1.92278,0.00466,0.8008,0.0230,0.8316,0.08640,0.00449
8,scratch,3,3,15,0.90,true,0.15475,0.00404,0.11000,1.95527,0.00472,0.8921,0.0132,0.9259,0.11889,0.00474
8,scratch,3,3,15,1.00,true,0.14713,0.00396,0.13778,1.99068,0.00478,0.9854,0.0070,1.0215,0.15430,0.00495
8,scratch,3,3,15,1.10,true,0.13850,0.00386,0.16789,2.02943,0.00482,1.0820,0.0044,1.1189,0.19305,0.00511
8,scratch,3,3,15,1.20,true,0.13025,0.00376,0.19934,2.06914,0.00485,1.1787,0.0023,1.2167,0.23276,0.00523
8,scratch,3,3,20,0.00,true,0.07612,0.00297,0.01361,1.93749,0.00304,0.2815,0.5373,0.4354,0.01810,0.00369
8,scratch,3,3,20,0.10,true,0.08762,0.00316,0.01608,1.92846,0.00325,0.3775,0.4486,0.4482,0.00907,0.00260
8,scratch,3,3,20,0.20,true,0.10138,0.00337,0.02076,1.91939,0.00350,0.4367,0.3619,0.4790,0.00000,0.00000
8,scratch,3,3,20,0.30,true,0.10750,0.00346,0.02820,1.92071,0.00363,0.4947,0.2852,0.5228,0.00132,0.00227
8,scratch,3,3,20,0.40,true,0.10988,0.00350,0.03855,1.92868,0.00374,0.5509,0.2137,0.5772,0.00929,0.00300
8,scratch,3,3,20,0.50,true,0.11000,0.00350,0.05254,1.94254,0.00383,0.6195,0.1583,0.6450,0.02316,0.00360
8,scratch,3,3,20,0.60,true,0.11075,0.00351,0.06948,1.95874,0.00394,0.6927,0.1150,0.7207,0.03935,0.00397
8,scratch,3,3,20,0.70,true,0.10938,0.00349,0.08860,1.97924,0.00404,0.7690,0.0846,0.7991,0.05985,0.00425
8,scratch,3,3,20,0.80,true,0.10487,0.00343,0.11066,2.00581,0.00410,0.8472,0.0598,0.8819,0.08642,0.00445
8,scratch,3,3,20,0.90,true,0.09950,0.00335,0.13587,2.03640,0.00414,0.9318,0.0416,0.9706,0.11702,0.00460
8,scratch,3,3,20,1.00,true,0.09438,0.00327,0.16297,2.06864,0.00419,1.0196,0.0291,1.0616,0.14925,0.00470
8,scratch,3,3,20,1.10,true,0.08787,0.00317,0.19233,2.10451,0.00420,1.1114,0.0204,1.1560,0.18513,0.00479
8,scratch,3,3,20,1.20,true,0.08350,0.00309,0.22156,2.13813,0.00423,1.2015,0.0135,1.2494,0.21875,0.00487
8,scratch,3,6,10,0.00,true,0.21325,0.00458,0.00028,1.78703,0.00458,0.1756,0.5860,0.2173,0.08438,0.00432
8,scratch,3,6,10,0.10,true,0.26212,0.00492,0.00022,1.73809,0.00492,0.2250,0.4012,0.2370,0.03544,0.00348
8,scratch,3,6,10,0.20,true,0.28763,0.00506,0.00047,1.71285,0.00506,0.2847,0.2395,0.2864,0.01020,0.00236
8,scratch,3,6,10,0.30,true,0.29862,0.00512,0.00127,1.70265,0.00513,0.3568,0.1255,0.3599,0.00000,0.00000
8,scratch,3,6,10,0.40,true,0.29300,0.00509,0.00303,1.71003,0.00511,0.4391,0.0638,0.4450,0.00738,0.00205
8,scratch,3,6,10,0.50,true,0.27700,0.00500,0.00645,1.72945,0.00505,0.5265,0.0280,0.5370,0.02680,0.00270
8,scratch,3,6,10,0.60,true,0.26125,0.00491,0.01232,1.75108,0.00500,0.6236,0.0113,0.6365,0.04843,0.00320
8,scratch,3,6,10,0.70,true,0.24075,0.00478,0.02117,1.78042,0.00493,0.7201,0.0041,0.7339,0.07778,0.00357
8,scratch,3,6,10,0.80,true,0.21800,0.00462,0.03386,1.81587,0.00484,0.8220,0.0013,0.8356,0.11322,0.00390
8,scratch,3,6,10,0.90,true,0.19500,0.00443,0.04975,1.85476,0.00474,0.9212,0.0005,0.9340,0.15211,0.00420
8,scratch,3,6,10,1.00,true,0.17075,0.00421,0.06936,1.89863,0.00461,1.0214,0.0000,1.0335,0.19598,0.00449
8,scratch,3,6,10,1.10,true,0.14675,0.00396,0.09291,1.94619,0.00446,1.1244,0.0000,1.1356,0.24355,0.00475
8,scratch,3,6,10,1.20,true,0.12050,0.00364,0.11955,1.99910,0.00422,1.2254,0.0000,1.2360,0.29646,0.00500
8,scratch,3,6,15,0.00,true,0.12250,0.00367,0.00281,1.88031,0.00368,0.2644,0.5447,0.3257,0.03300,0.00322
8,scratch,3,6,15,0.10,true,0.14025,0.00388,0.00260,1.86235,0.00390,0.3107,0.4256,0.3420,0.01504,0.00265
8,scratch,3,6,15,0.20,true,0.15288,0.00402,0.00357,1.85069,0.00404,0.3627,0.3068,0.3798,0.00339,0.00184
8,scratch,3,6,15,0.30,true,0.15862,0.00408,0.00593,1.84731,0.00412,0.4258,0.2129,0.4354,0.00000,0.00000
8,scratch,3,6,15,0.40,true,0.15737,0.00407,0.00997,1.85260,0.00413,0.4944,0.1402,0.5038,0.00529,0.00179
8,scratch,3,6,15,0.50,true,0.15200,0.00401,0.01627,1.86427,0.00411,0.5711,0.0853,0.5850,0.01696,0.00249
8,scratch,3,6,15,0.60,true,0.14225,0.00391,0.02510,1.88285,0.00405,0.6555,0.0514,0.6727,0.03554,0.00288
8,scratch,3,6,15,0.70,true,0.13575,0.00383,0.03654,1.90080,0.00404,0.7449,0.0286,0.7660,0.05349,0.00320
8,scratch,3,6,15,0.80,true,0.12375,0.00368,0.05092,1.92719,0.00396,0.8358,0.0148,0.8600,0.07988,0.00346
8,scratch,3,6,15,0.90,true,0.10988,0.00350,0.06838,1.95853,0.00386,0.9317,0.0090,0.9556,0.11122,0.00370
8,scratch,3,6,15,1.00,true,0.09375,0.00326,0.08953,1.99582,0.00371,1.0315,0.0050,1.0553,0.14852,0.00395
8,scratch,3,6,15,1.10,true,0.07913,0.00302,0.11223,2.03317,0.00355,1.1272,0.0024,1.1511,0.18586,0.00417
8,scratch,3,6,15,1.20,true,0.06775,0.00281,0.13813,2.07047,0.00343,1.2288,0.0012,1.2521,0.22317,0.00431
8,scratch,3,6,20,0.00,true,0.07112,0.00287,0.01171,1.94058,0.00293,0.3487,0.5270,0.4401,0.01539,0.00251
8,scratch,3,6,20,0.10,true,0.07963,0.00303,0.01136,1.93174,0.00308,0.3923,0.4349,0.4549,0.00655,0.00204
8,scratch,3,6,20,0.20,true,0.08687,0.00315,0.01300,1.92613,0.00321,0.4438,0.3459,0.4866,0.00094,0.00145
8,scratch,3,6,20,0.30,true,0.09150,0.00322,0.01669,1.92519,0.00331,0.5052,0.2745,0.5316,0.00000,0.00000
8,scratch,3,6,20,0.40,true,0.09237,0.00324,0.02246,1.93009,0.00336,0.5687,0.2095,0.5890,0.00489,0.00152
8,scratch,3,6,20,0.50,true,0.09100,0.00322,0.03060,1.93960,0.00338,0.6348,0.1507,0.6570,0.01441,0.00207
8,scratch,3,6,20,0.60,true,0.08962,0.00319,0.04111,1.95149,0.00342,0.7080,0.1050,0.7344,0.02630,0.00249
8,scratch,3,6,20,0.70,true,0.08475,0.00311,0.05394,1.96921,0.00341,0.7861,0.0747,0.8148,0.04402,0.00272
8,scratch,3,6,20,0.80,true,0.07875,0.00301,0.06980,1.99108,0.00339,0.8715,0.0506,0.9037,0.06589,0.00298
8,scratch,3,6,20,0.90,true,0.07112,0.00287,0.08782,2.01675,0.00333,0.9583,0.0343,0.9931,0.09155,0.00315
8,scratch,3,6,20,1.00,true,0.06438,0.00274,0.10783,2.04352,0.00329,1.0472,0.0226,1.0846,0.11833,0.00336
8,scratch,3,6,20,1.10,true,0.05613,0.00257,0.13001,2.07399,0.00321,1.1380,0.0139,1.1778,0.14879,0.00351
8,scratch,3,6,20,1.20,true,0.04875,0.00241,0.15424,2.10562,0.00313,1.2335,0.0089,1.2738,0.18043,0.00365
8,mid,3,12,10,0.00,true,0.22250,0.00465,0.00074,1.77824,0.00465,0.1861,0.6113,0.2243,0.08213,0.00453
8,mid,3,12,10,0.10,true,0.27163,0.00497,0.00183,1.73021,0.00499,0.2319,0.4280,0.2410,0.03411,0.00368
8,mid,3,12,10,0.20,true,0.30312,0.00514,0.00478,1.70165,0.00518,0.2950,0.2717,0.2888,0.00555,0.00247
8,mid,3,12,10,0.30,true,0.31450,0.00519,0.01060,1.69610,0.00528,0.3651,0.1617,0.3566,0.00000,0.00000
8,mid,3,12,10,0.40,true,0.31325,0.00519,0.02096,1.70771,0.00537,0.4424,0.0770,0.4430,0.01160,0.00236
8,mid,3,12,10,0.50,true,0.30825,0.00516,0.03601,1.72776,0.00547,0.5295,0.0381,0.5348,0.03166,0.00296
8,mid,3,12,10,0.60,true,0.29950,0.00512,0.05553,1.75604,0.00559,0.6189,0.0187,0.6275,0.05993,0.00337
8,mid,3,12,10,0.70,true,0.28837,0.00506,0.08162,1.79326,0.00573,0.7174,0.0067,0.7292,0.09715,0.00373
8,mid,3,12,10,0.80,true,0.27637,0.00500,0.10978,1.83342,0.00586,0.8120,0.0038,0.8236,0.13732,0.00401
8,mid,3,12,10,0.90,true,0.26200,0.00492,0.14266,1.88069,0.00598,0.9113,0.0012,0.9235,0.18459,0.00431
8,mid,3,12,10,1.00,true,0.24900,0.00483,0.17646,1.92750,0.00610,1.0091,0.0005,1.0209,0.23140,0.00456
8,mid,3,12,10,1.10,true,0.23725,0.00476,0.21149,1.97431,0.00621,1.1084,0.0002,1.1200,0.27821,0.00478
8,mid,3,12,10,1.20,true,0.22375,0.00466,0.24956,2.02590,0.00629,1.2147,0.0000,1.2259,0.32980,0.00503
8,mid,3,12,15,0.00,true,0.11787,0.00361,0.00784,1.88997,0.00365,0.2810,0.5509,0.3434,0.01650,0.00273
8,mid,3,12,15,0.10,true,0.13287,0.00380,0.01187,1.87900,0.00387,0.3266,0.4379,0.3586,0.00552,0.00200
8,mid,3,12,15,0.20,true,0.14563,0.00394,0.01910,1.87348,0.00407,0.3802,0.3308,0.3940,0.00000,0.00000
8,mid,3,12,15,0.30,true,0.15363,0.00403,0.03013,1.87651,0.00423,0.4413,0.2396,0.4465,0.00303,0.00183
8,mid,3,12,15,0.40,true,0.15538,0.00405,0.04535,1.88998,0.00436,0.5071,0.1649,0.5118,0.01650,0.00239
8,mid,3,12,15,0.50,true,0.15637,0.00406,0.06451,1.90815,0.00450,0.5829,0.1147,0.5877,0.03467,0.00285
8,mid,3,12,15,0.60,true,0.15275,0.00402,0.08819,1.93546,0.00461,0.6587,0.0702,0.6714,0.06198,0.00319
8,mid,3,12,15,0.70,true,0.14738,0.00396,0.11586,1.96851,0.00471,0.7445,0.0438,0.7613,0.09503,0.00349
8,mid,3,12,15,0.80,true,0.14238,0.00391,0.14543,2.00310,0.00481,0.8315,0.0275,0.8514,0.12962,0.00373
8,mid,3,12,15,0.90,true,0.13737,0.00385,0.17852,2.04121,0.00492,0.9246,0.0148,0.9487,0.16773,0.00400
8,mid,3,12,15,1.00,true,0.13075,0.00377,0.21168,2.08102,0.00498,1.0165,0.0095,1.0412,0.20754,0.00419
8,mid,3,12,15,1.10,true,0.12212,0.00366,0.24720,2.12519,0.00501,1.1132,0.0065,1.1375,0.25171,0.00432
8,mid,3,12,15,1.20,true,0.11525,0.00357,0.28312,2.16803,0.00503,1.2114,0.0044,1.2357,0.29455,0.00447
8,mid,3,12,20,0.00,true,0.07550,0.00295,0.02681,1.95132,0.00311,0.3734,0.5329,0.4757,0.00000,0.00000
8,mid,3,12,20,0.10,true,0.08138,0.00306,0.03315,1.95179,0.00326,0.4215,0.4549,0.4889,0.00047,0.00148
8,mid,3,12,20,0.20,true,0.08887,0.00318,0.04320,1.95434,0.00345,0.4706,0.3711,0.5181,0.00302,0.00210
8,mid,3,12,20,0.30,true,0.09413,0.00326,0.05684,1.96273,0.00363,0.5260,0.2974,0.5603,0.01141,0.00253
8,mid,3,12,20,0.40,true,0.09700,0.00331,0.07406,1.97708,0.00379,0.5849,0.2317,0.6138,0.02576,0.00286
8,mid,3,12,20,0.50,true,0.09625,0.00330,0.09501,1.99879,0.00391,0.6504,0.1759,0.6775,0.04747,0.00314
8,mid,3,12,20,0.60,true,0.09513,0.00328,0.11957,2.02449,0.00403,0.7233,0.1311,0.7511,0.07317,0.00342
8,mid,3,12,20,0.70,true,0.09325,0.00325,0.14564,2.05245,0.00415,0.7976,0.0982,0.8273,0.10113,0.00366
8,mid,3,12,20,0.80,true,0.09100,0.00322,0.17531,2.08439,0.00426,0.8800,0.0708,0.9131,0.13307,0.00387
8,mid,3,12,20,0.90,true,0.08612,0.00314,0.20630,2.12028,0.00431,0.9638,0.0521,0.9990,0.16896,0.00404
8,mid,3,12,20,1.00,true,0.08313,0.00309,0.23751,2.15453,0.00438,1.0472,0.0368,1.0864,0.20321,0.00420
8,mid,3,12,20,1.10,true,0.07925,0.00302,0.26896,2.18990,0.00442,1.1316,0.0261,1.1738,0.23858,0.00433
8,mid,3,12,20,1.20,true,0.07675,0.00298,0.30224,2.22574,0.00447,1.2249,0.0187,1.2686,0.27442,0.00446
8,mid,3,3,10,0.00,true,0.16387,0.00414,0.00135,1.83747,0.00415,0.1438,0.5685,0.2446,0.06533,0.00527
8,mid,3,3,10,0.10,true,0.20137,0.00448,0.00230,1.80092,0.00450,0.2353,0.4032,0.2630,0.02878,0.00407
8,mid,3,3,10,0.20,true,0.22575,0.00467,0.00509,1.77935,0.00471,0.2964,0.2677,0.3082,0.00721,0.00296
8,mid,3,3,10,0.30,true,0.23925,0.00477,0.01139,1.77214,0.00485,0.3669,0.1495,0.3796,0.00000,0.00000
8,mid,3,3,10,0.40,true,0.23825,0.00476,0.02055,1.78231,0.00491,0.4377,0.0878,0.4539,0.01017,0.00242
8,mid,3,3,10,0.50,true,0.23588,0.00475,0.03365,1.79778,0.00500,0.5152,0.0497,0.5352,0.02564,0.00324
8,mid,3,3,10,0.60,true,0.22725,0.00469,0.05561,1.82838,0.00509,0.6145,0.0226,0.6393,0.05624,0.00389
8,mid,3,3,10,0.70,true,0.21900,0.00462,0.07810,1.85914,0.00518,0.6974,0.0107,0.7260,0.08700,0.00428
8,mid,3,3,10,0.80,true,0.20625,0.00452,0.10729,1.90110,0.00525,0.7930,0.0052,0.8228,0.12896,0.00464
8,mid,3,3,10,0.90,true,0.19137,0.00440,0.14079,1.94950,0.00531,0.8908,0.0029,0.9211,0.17736,0.00492
8,mid,3,3,10,1.00,true,0.17900,0.00429,0.17668,1.99780,0.00538,0.9896,0.0020,1.0203,0.22566,0.00518
8,mid,3,3,10,1.10,true,0.16637,0.00416,0.21183,2.04563,0.00540,1.0823,0.0013,1.1133,0.27349,0.00540
8,mid,3,3,10,1.20,true,0.15400,0.00404,0.25048,2.09671,0.00542,1.1824,0.0007,1.2145,0.32457,0.00559
8,mid,3,3,15,0.00,true,0.09025,0.00320,0.01100,1.92075,0.00326,0.2417,0.5453,0.3680,0.02481,0.00386
8,mid,3,3,15,0.10,true,0.10925,0.00349,0.01346,1.90421,0.00356,0.3186,0.4398,0.3825,0.00827,0.00267
8,mid,3,3,15,0.20,true,0.12337,0.00368,0.01931,1.89594,0.00379,0.3727,0.3359,0.4159,0.00000,0.00000
8,mid,3,3,15,0.30,true,0.12812,0.00374,0.02939,1.90128,0.00392,0.4341,0.2492,0.4660,0.00534,0.00238
8,mid,3,3,15,0.40,true,0.13150,0.00378,0.04342,1.91194,0.00406,0.5008,0.1798,0.5288,0.01600,0.00319
8,mid,3,3,15,0.50,true,0.13100,0.00377,0.06132,1.93035,0.00416,0.5699,0.1227,0.6012,0.03441,0.00380
8,mid,3,3,15,0.60,true,0.12937,0.00375,0.08336,1.95403,0.00428,0.6465,0.0840,0.6807,0.05810,0.00417
8,mid,3,3,15,0.70,true,0.12600,0.00371,0.10906,1.98312,0.00439,0.7268,0.0543,0.7663,0.08718,0.00446
8,mid,3,3,15,0.80,true,0.12150,0.00365,0.13777,2.01636,0.00448,0.8122,0.0359,0.8553,0.12042,0.00470
8,mid,3,3,15,0.90,true,0.11613,0.00358,0.16870,2.05270,0.00456,0.8996,0.0231,0.9459,0.15676,0.00486
8,mid,3,3,15,1.00,true,0.10837,0.00348,0.20168,2.09348,0.00459,0.9892,0.0151,1.0376,0.19754,0.00499
8,mid,3,3,15,1.10,true,0.10275,0.00339,0.23615,2.13363,0.00464,1.0816,0.0081,1.1339,0.23769,0.00512
8,mid,3,3,15,1.20,true,0.09538,0.00328,0.27153,2.17646,0.00463,1.1776,0.0055,1.2305,0.28052,0.00521
8,mid,3,3,20,0.00,true,0.05625,0.00258,0.04001,1.98378,0.00281,0.3583,0.5331,0.5222,0.00193,0.00248
8,mid,3,3,20,0.10,true,0.06313,0.00272,0.04495,1.98185,0.00299,0.4353,0.4599,0.5349,0.00000,0.00000
8,mid,3,3,20,0.20,true,0.06775,0.00281,0.05418,1.98646,0.00314,0.4883,0.3787,0.5642,0.00461,0.00225
8,mid,3,3,20,0.30,true,0.07212,0.00289,0.06651,1.99442,0.00331,0.5418,0.3103,0.6036,0.01257,0.00297
8,mid,3,3,20,0.40,true,0.07187,0.00289,0.08229,2.01047,0.00341,0.5948,0.2447,0.6526,0.02862,0.00337
8,mid,3,3,20,0.50,true,0.07675,0.00298,0.10149,2.02481,0.00362,0.6573,0.1887,0.7153,0.04296,0.00373
8,mid,3,3,20,0.60,true,0.07462,0.00294,0.12408,2.04955,0.00371,0.7269,0.1471,0.7836,0.06770,0.00396
8,mid,3,3,20,0.70,true,0.07312,0.00291,0.14876,2.07577,0.00381,0.7977,0.1110,0.8579,0.09392,0.00413
8,mid,3,3,20,0.80,true,0.07175,0.00289,0.17492,2.10334,0.00392,0.8717,0.0842,0.9352,0.12149,0.00432
8,mid,3,3,20,0.90,true,0.06988,0.00285,0.20362,2.13396,0.00401,0.9506,0.0614,1.0191,0.15211,0.00446
8,mid,3,3,20,1.00,true,0.06713,0.00280,0.23433,2.16749,0.00407,1.0363,0.0461,1.1076,0.18564,0.00459
8,mid,3,3,20,1.10,true,0.06475,0.00275,0.26510,2.20072,0.00413,1.1220,0.0338,1.1969,0.21887,0.00468
8,mid,3,3,20,1.20,true,0.05962,0.00265,0.29709,2.23793,0.00410,1.2108,0.0257,1.2875,0.25608,0.00471
8,mid,3,6,10,0.00,true,0.17037,0.00420,0.00130,1.83093,0.00421,0.1912,0.5680,0.2452,0.05232,0.00392
8,mid,3,6,10,0.10,true,0.20237,0.00449,0.00125,1.79888,0.00450,0.2404,0.4015,0.2649,0.02027,0.00320
8,mid,3,6,10,0.20,true,0.21925,0.00463,0.00232,1.78307,0.00464,0.2985,0.2520,0.3119,0.00446,0.00221
8,mid,3,6,10,0.30,true,0.22637,0.00468,0.00498,1.77861,0.00471,0.3676,0.1444,0.3799,0.00000,0.00000
8,mid,3,6,10,0.40,true,0.21975,0.00463,0.00990,1.79016,0.00470,0.4462,0.0804,0.4598,0.01155,0.00193
8,mid,3,6,10,0.50,true,0.20825,0.00454,0.01793,1.80969,0.00466,0.5317,0.0417,0.5486,0.03108,0.00257
8,mid,3,6,10,0.60,true,0.19287,0.00441,0.03002,1.83717,0.00460,0.6242,0.0194,0.6441,0.05856,0.00302
8,mid,3,6,10,0.70,true,0.17875,0.00428,0.04604,1.86733,0.00457,0.7194,0.0085,0.7407,0.08872,0.00338
8,mid,3,6,10,0.80,true,0.16387,0.00414,0.06684,1.90304,0.00454,0.8199,0.0033,0.8416,0.12443,0.00366
8,mid,3,6,10,0.90,true,0.14738,0.00396,0.09107,1.94381,0.00448,0.9187,0.0013,0.9399,0.16520,0.00395
8,mid,3,6,10,1.00,true,0.12862,0.00374,0.11896,1.99052,0.00437,1.0181,0.0004,1.0385,0.21190,0.00422
8,mid,3,6,10,1.10,true,0.11075,0.00351,0.15052,2.04005,0.00425,1.1203,0.0001,1.1398,0.26143,0.00448
8,mid,3,6,10,1.20,true,0.09262,0.00324,0.18411,2.09187,0.00408,1.2203,0.0000,1.2391,0.31326,0.00469
8,mid,3,6,15,0.00,true,0.08812,0.00317,0.01079,1.92267,0.00322,0.2883,0.5334,0.3792,0.01406,0.00242
8,mid,3,6,15,0.10,true,0.09875,0.00334,0.01074,1.91200,0.00339,0.3339,0.4240,0.3968,0.00339,0.00175
8,mid,3,6,15,0.20,true,0.10487,0.00343,0.01348,1.90861,0.00350,0.3869,0.3188,0.4333,0.00000,0.00000
8,mid,3,6,15,0.30,true,0.10562,0.00344,0.01918,1.91357,0.00354,0.4464,0.2291,0.4848,0.00496,0.00161
8,mid,3,6,15,0.40,true,0.10487,0.00343,0.02775,1.92290,0.00358,0.5152,0.1642,0.5485,0.01429,0.00213
8,mid,3,6,15,0.50,true,0.10437,0.00342,0.03951,1.93518,0.00364,0.5863,0.1072,0.6236,0.02657,0.00258
8,mid,3,6,15,0.60,true,0.10100,0.00337,0.05498,1.95404,0.00368,0.6676,0.0694,0.7074,0.04543,0.00287
8,mid,3,6,15,0.70,true,0.09275,0.00324,0.07393,1.98128,0.00365,0.7513,0.0416,0.7953,0.07267,0.00315
8,mid,3,6,15,0.80,true,0.08513,0.00312,0.09559,2.01061,0.00363,0.8406,0.0265,0.8855,0.10201,0.00341
8,mid,3,6,15,0.90,true,0.07525,0.00295,0.12089,2.04586,0.00357,0.9327,0.0147,0.9798,0.13725,0.00366
8,mid,3,6,15,1.00,true,0.06450,0.00275,0.14925,2.08505,0.00347,1.0299,0.0092,1.0763,0.17645,0.00384
8,mid,3,6,15,1.10,true,0.05688,0.00259,0.17790,2.12144,0.00341,1.1238,0.0061,1.1694,0.21283,0.00398
8,mid,3,6,15,1.20,true,0.04750,0.00238,0.21028,2.16334,0.00329,1.2231,0.0028,1.2692,0.25473,0.00411
8,mid,3,6,20,0.00,true,0.04675,0.00236,0.03879,1.99205,0.00257,0.3801,0.5207,0.5287,0.00501,0.00182
8,mid,3,6,20,0.10,true,0.05087,0.00246,0.03906,1.98821,0.00267,0.4232,0.4366,0.5449,0.00117,0.00136
8,mid,3,6,20,0.20,true,0.05575,0.00257,0.04276,1.98704,0.00280,0.4733,0.3554,0.5758,0.00000,0.00000
8,mid,3,6,20,0.30,true,0.05838,0.00262,0.04985,1.99152,0.00289,0.5338,0.2887,0.6191,0.00448,0.00131
8,mid,3,6,20,0.40,true,0.06025,0.00266,0.05991,1.99972,0.00299,0.5947,0.2293,0.6716,0.01268,0.00172
8,mid,3,6,20,0.50,true,0.05912,0.00264,0.07330,2.01428,0.00305,0.6573,0.1728,0.7340,0.02724,0.00207
8,mid,3,6,20,0.60,true,0.05850,0.00262,0.08973,2.03137,0.00313,0.7287,0.1296,0.8054,0.04433,0.00238
8,mid,3,6,20,0.70,true,0.05663,0.00258,0.10864,2.05221,0.00318,0.8035,0.0959,0.8817,0.06517,0.00263
8,mid,3,6,20,0.80,true,0.05150,0.00247,0.13085,2.07962,0.00318,0.8833,0.0684,0.9642,0.09258,0.00287
8,mid,3,6,20,0.90,true,0.04750,0.00238,0.15493,2.10779,0.00319,0.9676,0.0495,1.0499,0.12075,0.00306
8,mid,3,6,20,1.00,true,0.04275,0.00226,0.18052,2.13824,0.00318,1.0529,0.0355,1.1366,0.15120,0.00323
8,mid,3,6,20,1.10,true,0.03887,0.00216,0.20770,2.16942,0.00318,1.1407,0.0245,1.2265,0.18239,0.00336
8,mid,3,6,20,1.20,true,0.03163,0.00196,0.23711,2.20625,0.00306,1.2326,0.0165,1.3192,0.21921,0.00349
8,high,3,12,10,0.00,true,0.17638,0.00426,0.00288,1.82650,0.00428,0.2033,0.5896,0.2500,0.05342,0.00408
8,high,3,12,10,0.10,true,0.21313,0.00458,0.00560,1.79248,0.00462,0.2485,0.4257,0.2670,0.01939,0.00331
8,high,3,12,10,0.20,true,0.23750,0.00476,0.01196,1.77446,0.00485,0.3097,0.2846,0.3118,0.00138,0.00224
8,high,3,12,10,0.30,true,0.24963,0.00484,0.02270,1.77309,0.00502,0.3771,0.1799,0.3754,0.00000,0.00000
8,high,3,12,10,0.40,true,0.25375,0.00487,0.03964,1.78591,0.00518,0.4545,0.1027,0.4567,0.01282,0.00206
8,high,3,12,10,0.50,true,0.24950,0.00484,0.06258,1.81311,0.00533,0.5377,0.0556,0.5454,0.04002,0.00277
8,high,3,12,10,0.60,true,0.24250,0.00479,0.08960,1.84716,0.00548,0.6227,0.0292,0.6350,0.07407,0.00325
8,high,3,12,10,0.70,true,0.23100,0.00471,0.12370,1.89279,0.00563,0.7181,0.0150,0.7330,0.11970,0.00362
8,high,3,12,10,0.80,true,0.22125,0.00464,0.15882,1.93770,0.00577,0.8097,0.0066,0.8271,0.16461,0.00394
8,high,3,12,10,0.90,true,0.20913,0.00455,0.19780,1.98886,0.00588,0.9077,0.0038,0.9249,0.21578,0.00423
8,high,3,12,10,1.00,true,0.19750,0.00445,0.23721,2.03998,0.00597,1.0043,0.0017,1.0218,0.26689,0.00449
8,high,3,12,10,1.10,true,0.18575,0.00435,0.27755,2.09216,0.00604,1.1035,0.0009,1.1208,0.31908,0.00471
8,high,3,12,10,1.20,true,0.17600,0.00426,0.31937,2.14387,0.00611,1.2099,0.0005,1.2269,0.37078,0.00492
8,high,3,12,15,0.00,true,0.08850,0.00318,0.02156,1.93308,0.00330,0.3073,0.5403,0.3922,0.00525,0.00165
8,high,3,12,15,0.10,true,0.10050,0.00336,0.02831,1.92783,0.00354,0.3520,0.4383,0.4083,0.00000,0.00000
8,high,3,12,15,0.20,true,0.10862,0.00348,0.03983,1.93123,0.00374,0.4049,0.3417,0.4418,0.00340,0.00177
8,high,3,12,15,0.30,true,0.11250,0.00353,0.05635,1.94389,0.00391,0.4642,0.2587,0.4901,0.01606,0.00235
8,high,3,12,15,0.40,true,0.11388,0.00355,0.07807,1.96426,0.00407,0.5295,0.1890,0.5516,0.03643,0.00277
8,high,3,12,15,0.50,true,0.11500,0.00357,0.10368,1.98877,0.00425,0.6006,0.1366,0.6224,0.06094,0.00314
8,high,3,12,15,0.60,true,0.11463,0.00356,0.13369,2.01919,0.00442,0.6762,0.0937,0.7022,0.09136,0.00344
8,high,3,12,15,0.70,true,0.11000,0.00350,0.16760,2.05778,0.00453,0.7567,0.0614,0.7879,0.12995,0.00373
8,high,3,12,15,0.80,true,0.10537,0.00343,0.20286,2.09774,0.00462,0.8411,0.0415,0.8753,0.16991,0.00399
8,high,3,12,15,0.90,true,0.10038,0.00336,0.24080,2.14077,0.00470,0.9314,0.0274,0.9681,0.21294,0.00419
8,high,3,12,15,1.00,true,0.09700,0.00331,0.27749,2.18094,0.00478,1.0193,0.0167,1.0596,0.25311,0.00435
8,high,3,12,15,1.10,true,0.09050,0.00321,0.31629,2.22638,0.00479,1.1130,0.0106,1.1546,0.29855,0.00449
8,high,3,12,15,1.20,true,0.08662,0.00314,0.35411,2.26825,0.00483,1.2094,0.0068,1.2516,0.34042,0.00459
8,high,3,12,20,0.00,true,0.05375,0.00252,0.06406,2.01042,0.00290,0.4084,0.5288,0.5536,0.00000,0.00000
8,high,3,12,20,0.10,true,0.05850,0.00262,0.07327,2.01487,0.00307,0.4551,0.4567,0.5683,0.00445,0.00125
8,high,3,12,20,0.20,true,0.06388,0.00273,0.08704,2.02328,0.00328,0.5033,0.3807,0.5968,0.01286,0.00184
8,high,3,12,20,0.30,true,0.06625,0.00278,0.10519,2.03907,0.00345,0.5602,0.3155,0.6369,0.02865,0.00227
8,high,3,12,20,0.40,true,0.06738,0.00280,0.12677,2.05956,0.00361,0.6170,0.2549,0.6862,0.04914,0.00260
8,high,3,12,20,0.50,true,0.06800,0.00281,0.15239,2.08460,0.00377,0.6790,0.1989,0.7466,0.07418,0.00294
8,high,3,12,20,0.60,true,0.06700,0.00280,0.18117,2.11445,0.00390,0.7497,0.1554,0.8153,0.10403,0.00324
8,high,3,12,20,0.70,true,0.06663,0.00279,0.21062,2.14435,0.00403,0.8206,0.1216,0.8866,0.13393,0.00347
8,high,3,12,20,0.80,true,0.06500,0.00276,0.24356,2.17901,0.00414,0.8985,0.0922,0.9667,0.16859,0.00369
8,high,3,12,20,0.90,true,0.06275,0.00271,0.27725,2.21508,0.00421,0.9789,0.0700,1.0496,0.20466,0.00390
8,high,3,12,20,1.00,true,0.05987,0.00265,0.31064,2.25149,0.00425,1.0595,0.0533,1.1326,0.24107,0.00405
8,high,3,12,20,1.10,true,0.05738,0.00260,0.34315,2.28668,0.00428,1.1403,0.0407,1.2156,0.27626,0.00414
8,high,3,12,20,1.20,true,0.05513,0.00255,0.37772,2.32371,0.00431,1.2302,0.0306,1.3074,0.31329,0.00427
8,high,3,3,10,0.00,true,0.13325,0.00380,0.00497,1.87173,0.00383,0.1695,0.5607,0.2747,0.03630,0.00446
8,high,3,3,10,0.10,true,0.16400,0.00414,0.00766,1.84367,0.00419,0.2572,0.4118,0.2938,0.00824,0.00292
8,high,3,3,10,0.20,true,0.17863,0.00428,0.01404,1.83543,0.00438,0.3157,0.2869,0.3353,0.00000,0.00000
8,high,3,3,10,0.30,true,0.18887,0.00438,0.02594,1.83709,0.00456,0.3833,0.1743,0.4017,0.00167,0.00278
8,high,3,3,10,0.40,true,0.19237,0.00441,0.04144,1.84912,0.00470,0.4536,0.1117,0.4737,0.01369,0.00361
8,high,3,3,10,0.50,true,0.18962,0.00438,0.06120,1.87166,0.00481,0.5260,0.0680,0.5504,0.03624,0.00410
8,high,3,3,10,0.60,true,0.18125,0.00431,0.09183,1.91074,0.00493,0.6224,0.0376,0.6507,0.07531,0.00455
8,high,3,3,10,0.70,true,0.17213,0.00422,0.12201,1.95012,0.00502,0.7048,0.0199,0.7385,0.11469,0.00498
8,high,3,3,10,0.80,true,0.16150,0.00411,0.15782,1.99666,0.00510,0.7974,0.0100,0.8342,0.16124,0.00526
8,high,3,3,10,0.90,true,0.15225,0.00402,0.19570,2.04393,0.00518,0.8928,0.0055,0.9311,0.20851,0.00549
8,high,3,3,10,1.00,true,0.14150,0.00390,0.23523,2.09438,0.00522,0.9886,0.0031,1.0279,0.25896,0.00565
8,high,3,3,10,1.10,true,0.13387,0.00381,0.27189,2.13887,0.00527,1.0797,0.0020,1.1196,0.30345,0.00576
8,high,3,3,10,1.20,true,0.12150,0.00365,0.31369,2.19331,0.00523,1.1808,0.0017,1.2210,0.35788,0.00583
8,high,3,3,15,0.00,true,0.07637,0.00297,0.02980,1.95347,0.00314,0.2891,0.5423,0.4262,0.00262,0.00282
8,high,3,3,15,0.10,true,0.08450,0.00311,0.03530,1.95085,0.00332,0.3541,0.4429,0.4409,0.00000,0.00000
8,high,3,3,15,0.20,true,0.09337,0.00325,0.04607,1.95276,0.00354,0.4128,0.3568,0.4742,0.00191,0.00246
8,high,3,3,15,0.30,true,0.09838,0.00333,0.06121,1.96293,0.00372,0.4696,0.2746,0.5210,0.01208,0.00326
8,high,3,3,15,0.40,true,0.10138,0.00337,0.08082,1.97959,0.00389,0.5311,0.2063,0.5791,0.02874,0.00377
8,high,3,3,15,0.50,true,0.10175,0.00338,0.10415,2.00261,0.00404,0.5979,0.1527,0.6458,0.05175,0.00414
8,high,3,3,15,0.60,true,0.10038,0.00336,0.13134,2.03125,0.00418,0.6689,0.1088,0.7208,0.08040,0.00443
8,high,3,3,15,0.70,true,0.09738,0.00331,0.16160,2.06462,0.00429,0.7468,0.0785,0.8015,0.11377,0.00466
8,high,3,3,15,0.80,true,0.09425,0.00327,0.19345,2.09974,0.00439,0.8242,0.0534,0.8848,0.14889,0.00486
8,high,3,3,15,0.90,true,0.08987,0.00320,0.22801,2.13883,0.00446,0.9090,0.0364,0.9738,0.18798,0.00501
8,high,3,3,15,1.00,true,0.08363,0.00309,0.26364,2.18092,0.00448,0.9960,0.0252,1.0637,0.23007,0.00507
8,high,3,3,15,1.10,true,0.07800,0.00300,0.30042,2.22358,0.00449,1.0877,0.0175,1.1578,0.27273,0.00513
8,high,3,3,15,1.20,true,0.07175,0.00289,0.33715,2.26685,0.00447,1.1778,0.0101,1.2524,0.31600,0.00519
8,high,3,3,20,0.00,true,0.04138,0.00223,0.09115,2.04996,0.00280,0.4441,0.5281,0.6211,0.00000,0.00000
8,high,3,3,20,0.10,true,0.04650,0.00235,0.09875,2.05245,0.00297,0.5059,0.4688,0.6358,0.00249,0.00227
8,high,3,3,20,0.20,true,0.05038,0.00245,0.11036,2.06021,0.00314,0.5501,0.4003,0.6620,0.01025,0.00293
8,high,3,3,20,0.30,true,0.05300,0.00250,0.12595,2.07323,0.00331,0.5990,0.3363,0.7000,0.02327,0.00330
8,high,3,3,20,0.40,true,0.05175,0.00248,0.14518,2.09379,0.00340,0.6505,0.2768,0.7463,0.04383,0.00351
8,high,3,3,20,0.50,true,0.05387,0.00252,0.16657,2.11315,0.00357,0.7046,0.2222,0.8019,0.06319,0.00378
8,high,3,3,20,0.60,true,0.05450,0.00254,0.19124,2.13734,0.00371,0.7697,0.1798,0.8662,0.08738,0.00398
8,high,3,3,20,0.70,true,0.05450,0.00254,0.21746,2.16371,0.00384,0.8401,0.1473,0.9353,0.11375,0.00417
8,high,3,3,20,0.80,true,0.05387,0.00252,0.24516,2.19222,0.00394,0.9077,0.1152,1.0088,0.14226,0.00433
8,high,3,3,20,0.90,true,0.05262,0.00250,0.27475,2.22330,0.00402,0.9807,0.0881,1.0885,0.17333,0.00446
8,high,3,3,20,1.00,true,0.05025,0.00244,0.30586,2.25704,0.00406,1.0604,0.0687,1.1720,0.20708,0.00457
8,high,3,3,20,1.10,true,0.04900,0.00241,0.33743,2.29018,0.00411,1.1438,0.0532,1.2597,0.24022,0.00467
8,high,3,3,20,1.20,true,0.04625,0.00235,0.36862,2.32449,0.00412,1.2273,0.0417,1.3465,0.27453,0.00471
8,high,3,6,10,0.00,true,0.13475,0.00382,0.00484,1.87010,0.00384,0.2093,0.5539,0.2767,0.03224,0.00306
8,high,3,6,10,0.10,true,0.15687,0.00407,0.00495,1.84808,0.00409,0.2583,0.4037,0.2969,0.01023,0.00223
8,high,3,6,10,0.20,true,0.16987,0.00420,0.00772,1.83786,0.00425,0.3151,0.2689,0.3411,0.00000,0.00000
8,high,3,6,10,0.30,true,0.17388,0.00424,0.01382,1.83997,0.00432,0.3815,0.1646,0.4050,0.00212,0.00213
8,high,3,6,10,0.40,true,0.16812,0.00418,0.02387,1.85580,0.00433,0.4574,0.0995,0.4807,0.01794,0.00271
8,high,3,6,10,0.50,true,0.16275,0.00413,0.03864,1.87599,0.00437,0.5411,0.0576,0.5666,0.03813,0.00308
8,high,3,6,10,0.60,true,0.15438,0.00404,0.05838,1.90418,0.00440,0.6300,0.0302,0.6591,0.06632,0.00340
8,high,3,6,10,0.70,true,0.14163,0.00390,0.08268,1.94133,0.00439,0.7225,0.0162,0.7530,0.10347,0.00369
8,high,3,6,10,0.80,true,0.12937,0.00375,0.11200,1.98304,0.00439,0.8212,0.0076,0.8529,0.14519,0.00398
8,high,3,6,10,0.90,true,0.11638,0.00359,0.14386,2.02810,0.00435,0.9185,0.0037,0.9502,0.19024,0.00424
8,high,3,6,10,1.00,true,0.10225,0.00339,0.17851,2.07711,0.00428,1.0168,0.0018,1.0480,0.23925,0.00447
8,high,3,6,10,1.10,true,0.08687,0.00315,0.21608,2.13037,0.00415,1.1165,0.0005,1.1473,0.29251,0.00466
8,high,3,6,10,1.20,true,0.07187,0.00289,0.25467,2.18434,0.00397,1.2157,0.0004,1.2455,0.34648,0.00483
8,high,3,6,15,0.00,true,0.06500,0.00276,0.03147,1.96651,0.00293,0.3162,0.5259,0.4404,0.00687,0.00157
8,high,3,6,15,0.10,true,0.07287,0.00291,0.03246,1.95964,0.00308,0.3640,0.4286,0.4602,0.00000,0.00000
8,high,3,6,15,0.20,true,0.07612,0.00297,0.03791,1.96186,0.00317,0.4155,0.3355,0.4945,0.00222,0.00147
8,high,3,6,15,0.30,true,0.07863,0.00301,0.04775,1.96925,0.00328,0.4716,0.2496,0.5436,0.00961,0.00202
8,high,3,6,15,0.40,true,0.07812,0.00300,0.06162,1.98368,0.00335,0.5355,0.1832,0.6033,0.02404,0.00240
8,high,3,6,15,0.50,true,0.07687,0.00298,0.07972,2.00312,0.00343,0.6082,0.1335,0.6737,0.04348,0.00275
8,high,3,6,15,0.60,true,0.07412,0.00293,0.10215,2.02842,0.00350,0.6834,0.0886,0.7534,0.06878,0.00306
8,high,3,6,15,0.70,true,0.06788,0.00281,0.12800,2.06068,0.00351,0.7658,0.0605,0.8372,0.10104,0.00333
8,high,3,6,15,0.80,true,0.06137,0.00268,0.15634,2.09572,0.00351,0.8490,0.0389,0.9236,0.13608,0.00355
8,high,3,6,15,0.90,true,0.05387,0.00252,0.18738,2.13451,0.00347,0.9389,0.0263,1.0137,0.17487,0.00375
8,high,3,6,15,1.00,true,0.04875,0.00241,0.22026,2.17283,0.00346,1.0302,0.0152,1.1077,0.21319,0.00390
8,high,3,6,15,1.10,true,0.04387,0.00229,0.25285,2.21065,0.00344,1.1226,0.0107,1.1990,0.25101,0.00402
8,high,3,6,15,1.20,true,0.03625,0.00209,0.28914,2.25501,0.00332,1.2222,0.0071,1.2977,0.29537,0.00415
8,high,3,6,20,0.00,true,0.03375,0.00202,0.09346,2.05989,0.00258,0.4168,0.5202,0.6292,0.00129,0.00109
8,high,3,6,20,0.10,true,0.03700,0.00211,0.09537,2.05859,0.00268,0.4580,0.4421,0.6472,0.00000,0.00000
8,high,3,6,20,0.20,true,0.04038,0.00220,0.10149,2.06140,0.00280,0.5087,0.3695,0.6781,0.00281,0.00118
8,high,3,6,20,0.30,true,0.04200,0.00224,0.11171,2.07007,0.00290,0.5660,0.3069,0.7190,0.01148,0.00162
8,high,3,6,20,0.40,true,0.04263,0.00226,0.12550,2.08335,0.00299,0.6271,0.2533,0.7685,0.02476,0.00195
8,high,3,6,20,0.50,true,0.04263,0.00226,0.14309,2.10108,0.00309,0.6913,0.2028,0.8280,0.04249,0.00227
8,high,3,6,20,0.60,true,0.04138,0.00223,0.16369,2.12311,0.00316,0.7547,0.1550,0.8941,0.06452,0.00256
8,high,3,6,20,0.70,true,0.04038,0.00220,0.18682,2.14746,0.00323,0.8262,0.1196,0.9665,0.08887,0.00283
8,high,3,6,20,0.80,true,0.03825,0.00214,0.21256,2.17559,0.00328,0.9037,0.0919,1.0444,0.11700,0.00301
8,high,3,6,20,0.90,true,0.03562,0.00207,0.24005,2.20601,0.00331,0.9832,0.0687,1.1265,0.14742,0.00323
8,high,3,6,20,1.00,true,0.03213,0.00197,0.26833,2.23815,0.00330,1.0644,0.0511,1.2098,0.17956,0.00340
8,high,3,6,20,1.10,true,0.02950,0.00189,0.29785,2.27071,0.00330,1.1505,0.0383,1.2972,0.21212,0.00356
8,high,3,6,20,1.20,true,0.02538,0.00176,0.32869,2.30616,0.00324,1.2416,0.0295,1.3874,0.24756,0.00368
8,hcp30,3,12,10,0.00,true,0.15513,0.00405,0.05835,1.90426,0.00450,0.3993,0.5874,0.4284,0.01132,0.00311
8,hcp30,3,12,10,0.10,true,0.17450,0.00424,0.06795,1.89457,0.00480,0.4518,0.5041,0.4458,0.00163,0.00226
8,hcp30,3,12,10,0.20,true,0.19125,0.00440,0.08285,1.89294,0.00510,0.5090,0.4223,0.4781,0.00000,0.00000
8,hcp30,3,12,10,0.30,true,0.19912,0.00446,0.10285,1.90545,0.00536,0.5743,0.3546,0.5228,0.01251,0.00215
8,hcp30,3,12,10,0.40,true,0.20850,0.00454,0.12744,1.92122,0.00566,0.6434,0.2898,0.5822,0.02827,0.00303
8,hcp30,3,12,10,0.50,true,0.21388,0.00458,0.15444,1.94356,0.00593,0.7155,0.2379,0.6489,0.05062,0.00367
8,hcp30,3,12,10,0.60,true,0.21713,0.00461,0.18270,1.96941,0.00618,0.7890,0.1964,0.7202,0.07647,0.00416
8,hcp30,3,12,10,0.70,true,0.21775,0.00461,0.21597,2.00320,0.00643,0.8726,0.1582,0.8052,0.11025,0.00470
8,hcp30,3,12,10,0.80,true,0.21363,0.00458,0.24861,2.04127,0.00661,0.9512,0.1276,0.8888,0.14833,0.00515
8,hcp30,3,12,10,0.90,true,0.21088,0.00456,0.28276,2.07977,0.00679,1.0358,0.0998,0.9815,0.18683,0.00557
8,hcp30,3,12,10,1.00,true,0.20475,0.00451,0.31708,2.12204,0.00693,1.1197,0.0764,1.0754,0.22910,0.00595
8,hcp30,3,12,10,1.10,true,0.19900,0.00446,0.35061,2.16339,0.00704,1.2087,0.0598,1.1714,0.27044,0.00625
8,hcp30,3,12,10,1.20,true,0.19037,0.00439,0.38607,2.21001,0.00711,1.3068,0.0471,1.2750,0.31707,0.00652
8,hcp30,3,12,15,0.00,true,0.09100,0.00322,0.15077,2.06373,0.00435,0.6089,0.5417,0.6483,0.00000,0.00000
8,hcp30,3,12,15,0.10,true,0.09550,0.00329,0.16079,2.06945,0.00451,0.6603,0.4899,0.6644,0.00572,0.00153
8,hcp30,3,12,15,0.20,true,0.10088,0.00337,0.17500,2.07868,0.00470,0.7147,0.4365,0.6923,0.01495,0.00227
8,hcp30,3,12,15,0.30,true,0.10537,0.00343,0.19281,2.09260,0.00490,0.7737,0.3859,0.7304,0.02887,0.00289
8,hcp30,3,12,15,0.40,true,0.10787,0.00347,0.21397,2.11211,0.00509,0.8411,0.3424,0.7776,0.04837,0.00348
8,hcp30,3,12,15,0.50,true,0.10850,0.00348,0.23673,2.13528,0.00525,0.9061,0.3019,0.8303,0.07154,0.00394
8,hcp30,3,12,15,0.60,true,0.10850,0.00348,0.26198,2.16180,0.00541,0.9753,0.2644,0.8912,0.09807,0.00440
8,hcp30,3,12,15,0.70,true,0.10787,0.00347,0.28821,2.19016,0.00555,1.0425,0.2281,0.9576,0.12643,0.00478
8,hcp30,3,12,15,0.80,true,0.10687,0.00345,0.31476,2.21940,0.00567,1.1122,0.1976,1.0278,0.15567,0.00512
8,hcp30,3,12,15,0.90,true,0.10337,0.00340,0.34341,2.25358,0.00575,1.1897,0.1720,1.1042,0.18984,0.00546
8,hcp30,3,12,15,1.00,true,0.10100,0.00337,0.37081,2.28548,0.00583,1.2668,0.1509,1.1815,0.22174,0.00575
8,hcp30,3,12,15,1.10,true,0.09863,0.00333,0.39931,2.31881,0.00590,1.3478,0.1304,1.2662,0.25508,0.00604
8,hcp30,3,12,15,1.20,true,0.09375,0.00326,0.42823,2.35534,0.00591,1.4307,0.1134,1.3523,0.29160,0.00627
8,hcp30,3,12,20,0.00,true,0.06087,0.00267,0.24488,2.19292,0.00439,0.8096,0.5263,0.8716,0.00000,0.00000
8,hcp30,3,12,20,0.10,true,0.06438,0.00274,0.25394,2.19881,0.00452,0.8633,0.4879,0.8892,0.00588,0.00135
8,hcp30,3,12,20,0.20,true,0.06425,0.00274,0.26605,2.21159,0.00460,0.9227,0.4515,0.9128,0.01867,0.00203
8,hcp30,3,12,20,0.30,true,0.06675,0.00279,0.27966,2.22345,0.00474,0.9783,0.4139,0.9443,0.03052,0.00254
8,hcp30,3,12,20,0.40,true,0.07000,0.00285,0.29515,2.23666,0.00490,1.0370,0.3778,0.9839,0.04374,0.00305
8,hcp30,3,12,20,0.50,true,0.06950,0.00284,0.31308,2.25636,0.00499,1.0998,0.3440,1.0291,0.06343,0.00352
8,hcp30,3,12,20,0.60,true,0.06938,0.00284,0.33245,2.27735,0.00510,1.1645,0.3113,1.0814,0.08443,0.00396
8,hcp30,3,12,20,0.70,true,0.06850,0.00282,0.35210,2.29954,0.00518,1.2279,0.2822,1.1366,0.10662,0.00434
8,hcp30,3,12,20,0.80,true,0.06875,0.00283,0.37280,2.32195,0.00528,1.2968,0.2548,1.1990,0.12902,0.00469
8,hcp30,3,12,20,0.90,true,0.06713,0.00280,0.39420,2.34713,0.00534,1.3633,0.2286,1.2640,0.15421,0.00501
8,hcp30,3,12,20,1.00,true,0.06588,0.00277,0.41536,2.37183,0.00540,1.4304,0.2050,1.3318,0.17890,0.00531
8,hcp30,3,12,20,1.10,true,0.06338,0.00272,0.43662,2.39804,0.00542,1.4992,0.1850,1.4009,0.20512,0.00556
8,hcp30,3,12,20,1.20,true,0.06162,0.00269,0.45900,2.42500,0.00545,1.5730,0.1649,1.4778,0.23208,0.00582
8,hcp30,3,3,10,0.00,true,0.10025,0.00336,0.08869,1.99041,0.00402,0.2685,0.5513,0.4577,0.00870,0.00358
8,hcp30,3,3,10,0.10,true,0.11638,0.00359,0.09589,1.98171,0.00432,0.4429,0.4623,0.4767,0.00000,0.00000
8,hcp30,3,3,10,0.20,true,0.12862,0.00374,0.11043,1.98446,0.00460,0.5144,0.3926,0.5129,0.00276,0.00303
8,hcp30,3,3,10,0.30,true,0.13500,0.00382,0.13186,2.00030,0.00485,0.5881,0.3303,0.5621,0.01859,0.00393
8,hcp30,3,3,10,0.40,true,0.13687,0.00384,0.15532,2.02279,0.00505,0.6517,0.2799,0.6157,0.04109,0.00471
8,hcp30,3,3,10,0.50,true,0.13737,0.00385,0.18150,2.04960,0.00523,0.7142,0.2349,0.6744,0.06790,0.00513
8,hcp30,3,3,10,0.60,true,0.13962,0.00388,0.21622,2.08375,0.00549,0.7951,0.1883,0.7558,0.10205,0.00565
8,hcp30,3,3,10,0.70,true,0.13662,0.00384,0.24699,2.11917,0.00563,0.8579,0.1512,0.8272,0.13746,0.00604
8,hcp30,3,3,10,0.80,true,0.13375,0.00381,0.28202,2.15918,0.00578,0.9382,0.1225,0.9118,0.17747,0.00630
8,hcp30,3,3,10,0.90,true,0.12825,0.00374,0.31796,2.20304,0.00588,1.0212,0.0994,0.9997,0.22133,0.00650
8,hcp30,3,3,10,1.00,true,0.12175,0.00366,0.35506,2.24939,0.00594,1.1069,0.0787,1.0930,0.26768,0.00670
8,hcp30,3,3,10,1.10,true,0.11238,0.00353,0.38968,2.29626,0.00591,1.1895,0.0649,1.1800,0.31455,0.00676
8,hcp30,3,3,10,1.20,true,0.10487,0.00343,0.42568,2.34313,0.00590,1.2805,0.0521,1.2771,0.36143,0.00683
8,hcp30,3,3,15,0.00,true,0.05900,0.00263,0.18910,2.13604,0.00402,0.4240,0.5392,0.6716,0.00000,0.00000
8,hcp30,3,3,15,0.10,true,0.06538,0.00276,0.19521,2.13606,0.00418,0.6077,0.4879,0.6844,0.00002,0.00294
8,hcp30,3,3,15,0.20,true,0.07212,0.00289,0.20704,2.14175,0.00438,0.6809,0.4359,0.7116,0.00571,0.00380
8,hcp30,3,3,15,0.30,true,0.07875,0.00301,0.22259,2.15153,0.00460,0.7475,0.3878,0.7503,0.01550,0.00431
8,hcp30,3,3,15,0.40,true,0.08025,0.00304,0.24071,2.16926,0.00473,0.8107,0.3453,0.7932,0.03322,0.00467
8,hcp30,3,3,15,0.50,true,0.07875,0.00301,0.26303,2.19452,0.00483,0.8715,0.3001,0.8462,0.05848,0.00498
8,hcp30,3,3,15,0.60,true,0.07888,0.00301,0.28642,2.21944,0.00496,0.9346,0.2612,0.9046,0.08340,0.00525
8,hcp30,3,3,15,0.70,true,0.07712,0.00298,0.31101,2.24769,0.00504,1.0050,0.2316,0.9670,0.11165,0.00548
8,hcp30,3,3,15,0.80,true,0.07525,0.00295,0.33736,2.27813,0.00512,1.0759,0.2030,1.0356,0.14209,0.00569
8,hcp30,3,3,15,0.90,true,0.07137,0.00288,0.36582,2.31299,0.00516,1.1492,0.1761,1.1101,0.17695,0.00587
8,hcp30,3,3,15,1.00,true,0.06788,0.00281,0.39397,2.34740,0.00518,1.2201,0.1507,1.1868,0.21136,0.00602
8,hcp30,3,3,15,1.10,true,0.06750,0.00280,0.42075,2.37748,0.00525,1.2982,0.1319,1.2669,0.24145,0.00622
8,hcp30,3,3,15,1.20,true,0.06425,0.00274,0.44810,2.41130,0.00526,1.3756,0.1143,1.3490,0.27526,0.00634
8,hcp30,3,3,20,0.00,true,0.03600,0.00208,0.29304,2.26979,0.00410,0.5801,0.5283,0.9093,0.00000,0.00000
8,hcp30,3,3,20,0.10,true,0.04113,0.00222,0.29846,2.27053,0.00425,0.7981,0.4844,0.9235,0.00074,0.00278
8,hcp30,3,3,20,0.20,true,0.04200,0.00224,0.30860,2.28055,0.00431,0.8830,0.4452,0.9473,0.01076,0.00343
8,hcp30,3,3,20,0.30,true,0.04375,0.00229,0.32162,2.29289,0.00440,0.9526,0.4080,0.9808,0.02310,0.00374
8,hcp30,3,3,20,0.40,true,0.04425,0.00230,0.33626,2.30834,0.00448,1.0151,0.3722,1.0195,0.03855,0.00399
8,hcp30,3,3,20,0.50,true,0.04725,0.00237,0.35142,2.32203,0.00461,1.0815,0.3416,1.0651,0.05223,0.00431
8,hcp30,3,3,20,0.60,true,0.04825,0.00240,0.36992,2.34142,0.00470,1.1496,0.3107,1.1194,0.07163,0.00455
8,hcp30,3,3,20,0.70,true,0.04713,0.00237,0.38819,2.36290,0.00475,1.2097,0.2807,1.1736,0.09311,0.00479
8,hcp30,3,3,20,0.80,true,0.04562,0.00233,0.40720,2.38571,0.00478,1.2710,0.2533,1.2313,0.11592,0.00500
8,hcp30,3,3,20,0.90,true,0.04325,0.00227,0.42725,2.41070,0.00478,1.3388,0.2305,1.2934,0.14091,0.00519
8,hcp30,3,3,20,1.00,true,0.04125,0.00222,0.44825,2.43655,0.00479,1.4057,0.2066,1.3614,0.16676,0.00537
8,hcp30,3,3,20,1.10,true,0.03975,0.00218,0.46972,2.46257,0.00479,1.4741,0.1846,1.4332,0.19278,0.00555
8,hcp30,3,3,20,1.20,true,0.03650,0.00210,0.49058,2.48995,0.00475,1.5445,0.1668,1.5040,0.22015,0.00567
8,hcp30,3,6,10,0.00,true,0.11600,0.00358,0.07391,1.95915,0.00413,0.4163,0.5512,0.4556,0.00723,0.00200
8,hcp30,3,6,10,0.10,true,0.12587,0.00371,0.07630,1.95191,0.00428,0.4664,0.4682,0.4757,0.00000,0.00000
8,hcp30,3,6,10,0.20,true,0.13137,0.00378,0.08474,1.95530,0.00442,0.5294,0.3966,0.5106,0.00338,0.00200
8,hcp30,3,6,10,0.30,true,0.13450,0.00381,0.09879,1.96687,0.00457,0.5924,0.3280,0.5585,0.01496,0.00285
8,hcp30,3,6,10,0.40,true,0.13425,0.00381,0.11774,1.98696,0.00471,0.6617,0.2722,0.6163,0.03504,0.00345
8,hcp30,3,6,10,0.50,true,0.13225,0.00379,0.14139,2.01377,0.00485,0.7332,0.2198,0.6852,0.06185,0.00402
8,hcp30,3,6,10,0.60,true,0.12637,0.00371,0.16928,2.04898,0.00496,0.8078,0.1741,0.7621,0.09707,0.00454
8,hcp30,3,6,10,0.70,true,0.12287,0.00367,0.19865,2.08353,0.00509,0.8881,0.1404,0.8442,0.13162,0.00499
8,hcp30,3,6,10,0.80,true,0.11563,0.00358,0.23139,2.12554,0.00517,0.9728,0.1122,0.9324,0.17363,0.00541
8,hcp30,3,6,10,0.90,true,0.10725,0.00346,0.26412,2.16888,0.00521,1.0552,0.0900,1.0197,0.21697,0.00575
8,hcp30,3,6,10,1.00,true,0.09725,0.00331,0.29808,2.21535,0.00519,1.1429,0.0746,1.1094,0.26344,0.00604
8,hcp30,3,6,10,1.10,true,0.08937,0.00319,0.33240,2.26037,0.00518,1.2308,0.0594,1.2032,0.30845,0.00629
8,hcp30,3,6,10,1.20,true,0.08213,0.00307,0.36621,2.30447,0.00516,1.3213,0.0483,1.2981,0.35255,0.00652
8,hcp30,3,6,15,0.00,true,0.06150,0.00269,0.17443,2.11743,0.00391,0.6283,0.5217,0.6844,0.00000,0.00000
8,hcp30,3,6,15,0.10,true,0.06363,0.00273,0.17816,2.11955,0.00398,0.6841,0.4722,0.7043,0.00212,0.00148
8,hcp30,3,6,15,0.20,true,0.06538,0.00276,0.18592,2.12631,0.00407,0.7396,0.4216,0.7339,0.00888,0.00218
8,hcp30,3,6,15,0.30,true,0.06488,0.00275,0.19794,2.13984,0.00413,0.7976,0.3723,0.7729,0.02241,0.00279
8,hcp30,3,6,15,0.40,true,0.06500,0.00276,0.21280,2.15579,0.00423,0.8611,0.3301,0.8196,0.03836,0.00331
8,hcp30,3,6,15,0.50,true,0.06137,0.00268,0.23129,2.17942,0.00427,0.9207,0.2854,0.8737,0.06199,0.00383
8,hcp30,3,6,15,0.60,true,0.05862,0.00263,0.25206,2.20469,0.00433,0.9868,0.2471,0.9348,0.08726,0.00427
8,hcp30,3,6,15,0.70,true,0.05538,0.00256,0.27433,2.23218,0.00438,1.0585,0.2166,1.0003,0.11475,0.00466
8,hcp30,3,6,15,0.80,true,0.05225,0.00249,0.29736,2.26048,0.00442,1.1284,0.1886,1.0690,0.14305,0.00498
8,hcp30,3,6,15,0.90,true,0.05125,0.00247,0.32136,2.28784,0.00450,1.2041,0.1650,1.1436,0.17041,0.00529
8,hcp30,3,6,15,1.00,true,0.04637,0.00235,0.34754,2.32158,0.00449,1.2826,0.1442,1.2219,0.20415,0.00558
8,hcp30,3,6,15,1.10,true,0.04550,0.00233,0.37190,2.34953,0.00455,1.3553,0.1232,1.3012,0.23210,0.00581
8,hcp30,3,6,15,1.20,true,0.04300,0.00227,0.39863,2.38189,0.00456,1.4360,0.1042,1.3886,0.26446,0.00602
8,hcp30,3,6,20,0.00,true,0.03300,0.00200,0.27631,2.25335,0.00383,0.8266,0.5138,0.9137,0.00000,0.00000
8,hcp30,3,6,20,0.10,true,0.03413,0.00203,0.27965,2.25624,0.00388,0.8709,0.4709,0.9324,0.00289,0.00121
8,hcp30,3,6,20,0.20,true,0.03488,0.00205,0.28581,2.26256,0.00392,0.9281,0.4340,0.9586,0.00921,0.00179
8,hcp30,3,6,20,0.30,true,0.03475,0.00205,0.29406,2.27206,0.00396,0.9835,0.3974,0.9906,0.01871,0.00223
8,hcp30,3,6,20,0.40,true,0.03562,0.00207,0.30459,2.28306,0.00403,1.0397,0.3609,1.0309,0.02970,0.00274
8,hcp30,3,6,20,0.50,true,0.03562,0.00207,0.31730,2.29736,0.00410,1.1041,0.3296,1.0770,0.04401,0.00319
8,hcp30,3,6,20,0.60,true,0.03513,0.00206,0.33146,2.31382,0.00415,1.1709,0.3017,1.1276,0.06046,0.00360
8,hcp30,3,6,20,0.70,true,0.03425,0.00203,0.34690,2.33211,0.00420,1.2375,0.2757,1.1821,0.07876,0.00397
8,hcp30,3,6,20,0.80,true,0.03413,0.00203,0.36368,2.35127,0.00426,1.3087,0.2516,1.2428,0.09791,0.00431
8,hcp30,3,6,20,0.90,true,0.03213,0.00197,0.38183,2.37387,0.00428,1.3770,0.2276,1.3067,0.12052,0.00465
8,hcp30,3,6,20,1.00,true,0.03062,0.00193,0.40028,2.39644,0.00430,1.4451,0.2054,1.3734,0.14308,0.00495
8,hcp30,3,6,20,1.10,true,0.02850,0.00186,0.41936,2.42048,0.00430,1.5101,0.1823,1.4435,0.16712,0.00520
8,hcp30,3,6,20,1.20,true,0.02662,0.00180,0.43889,2.44494,0.00430,1.5796,0.1617,1.5176,0.19159,0.00543
8,tour,4,12,10,0.00,true,0.34987,0.00533,0.00007,1.65019,0.00533,0.1672,0.6874,0.1933,0.15241,0.00539
8,tour,4,12,10,0.10,true,0.43400,0.00554,0.00024,1.56624,0.00554,0.2179,0.4923,0.2052,0.06845,0.00434
8,tour,4,12,10,0.20,true,0.48712,0.00559,0.00080,1.51367,0.00560,0.2774,0.2813,0.2567,0.01589,0.00291
8,tour,4,12,10,0.30,true,0.50438,0.00559,0.00216,1.49778,0.00562,0.3503,0.1407,0.3343,0.00000,0.00000
8,tour,4,12,10,0.40,true,0.50700,0.00559,0.00494,1.49794,0.00565,0.4331,0.0591,0.4274,0.00015,0.00235
8,tour,4,12,10,0.50,true,0.49250,0.00559,0.00996,1.51746,0.00570,0.5231,0.0254,0.5227,0.01968,0.00304
8,tour,4,12,10,0.60,true,0.47650,0.00558,0.01796,1.54146,0.00579,0.6179,0.0086,0.6221,0.04367,0.00347
8,tour,4,12,10,0.70,true,0.45775,0.00557,0.02940,1.57165,0.00589,0.7137,0.0032,0.7190,0.07386,0.00381
8,tour,4,12,10,0.80,true,0.43838,0.00555,0.04462,1.60625,0.00602,0.8118,0.0016,0.8170,0.10847,0.00411
8,tour,4,12,10,0.90,true,0.42125,0.00552,0.06308,1.64183,0.00616,0.9104,0.0004,0.9157,0.14405,0.00439
8,tour,4,12,10,1.00,true,0.40675,0.00549,0.08413,1.67738,0.00632,1.0109,0.0004,1.0157,0.17960,0.00464
8,tour,4,12,10,1.10,true,0.39038,0.00545,0.10739,1.71701,0.00647,1.1108,0.0002,1.1154,0.21923,0.00492
8,tour,4,12,10,1.20,true,0.37550,0.00541,0.13193,1.75644,0.00661,1.2104,0.0000,1.2150,0.25865,0.00517
8,tour,4,12,15,0.00,true,0.22250,0.00465,0.00093,1.77843,0.00466,0.2431,0.5986,0.2735,0.08401,0.00454
8,tour,4,12,15,0.10,true,0.26450,0.00493,0.00193,1.73743,0.00495,0.2893,0.4616,0.2880,0.04301,0.00385
8,tour,4,12,15,0.20,true,0.29363,0.00509,0.00399,1.71036,0.00512,0.3455,0.3316,0.3258,0.01594,0.00312
8,tour,4,12,15,0.30,true,0.31250,0.00518,0.00757,1.69507,0.00525,0.4106,0.2236,0.3856,0.00065,0.00215
8,tour,4,12,15,0.40,true,0.31888,0.00521,0.01330,1.69442,0.00533,0.4828,0.1455,0.4594,0.00000,0.00000
8,tour,4,12,15,0.50,true,0.32000,0.00522,0.02180,1.70180,0.00541,0.5605,0.0829,0.5469,0.00737,0.00205
8,tour,4,12,15,0.60,true,0.31288,0.00518,0.03387,1.72099,0.00548,0.6494,0.0453,0.6436,0.02657,0.00270
8,tour,4,12,15,0.70,true,0.30425,0.00514,0.04899,1.74474,0.00556,0.7405,0.0244,0.7403,0.05032,0.00308
8,tour,4,12,15,0.80,true,0.29363,0.00509,0.06595,1.77232,0.00563,0.8266,0.0122,0.8310,0.07790,0.00340
8,tour,4,12,15,0.90,true,0.28087,0.00502,0.08702,1.80615,0.00572,0.9222,0.0071,0.9277,0.11173,0.00364
8,tour,4,12,15,1.00,true,0.27000,0.00496,0.11062,1.84062,0.00582,1.0209,0.0038,1.0275,0.14620,0.00392
8,tour,4,12,15,1.10,true,0.26012,0.00490,0.13606,1.87593,0.00592,1.1205,0.0017,1.1280,0.18151,0.00416
8,tour,4,12,15,1.20,true,0.24975,0.00484,0.16245,1.91270,0.00601,1.2185,0.0008,1.2261,0.21828,0.00436
8,tour,4,12,20,0.00,true,0.15088,0.00400,0.00435,1.85348,0.00403,0.3265,0.5572,0.3642,0.03561,0.00342
8,tour,4,12,20,0.10,true,0.17062,0.00421,0.00673,1.83610,0.00425,0.3736,0.4624,0.3771,0.01824,0.00287
8,tour,4,12,20,0.20,true,0.18713,0.00436,0.01099,1.82387,0.00444,0.4248,0.3600,0.4100,0.00601,0.00199
8,tour,4,12,20,0.30,true,0.19937,0.00447,0.01724,1.81786,0.00459,0.4829,0.2720,0.4590,0.00000,0.00000
8,tour,4,12,20,0.40,true,0.20663,0.00453,0.02578,1.81915,0.00471,0.5488,0.2012,0.5210,0.00129,0.00183
8,tour,4,12,20,0.50,true,0.21038,0.00456,0.03740,1.82702,0.00483,0.6230,0.1426,0.5972,0.00916,0.00247
8,tour,4,12,20,0.60,true,0.21113,0.00456,0.05072,1.83959,0.00494,0.6950,0.0981,0.6764,0.02173,0.00295
8,tour,4,12,20,0.70,true,0.20838,0.00454,0.06866,1.86029,0.00504,0.7814,0.0628,0.7707,0.04242,0.00327
8,tour,4,12,20,0.80,true,0.20287,0.00450,0.08668,1.88381,0.00512,0.8598,0.0416,0.8554,0.06594,0.00352
8,tour,4,12,20,0.90,true,0.19437,0.00442,0.10896,1.91459,0.00518,0.9497,0.0265,0.9503,0.09672,0.00378
8,tour,4,12,20,1.00,true,0.18725,0.00436,0.13290,1.94565,0.00526,1.0406,0.0154,1.0464,0.12779,0.00401
8,tour,4,12,20,1.10,true,0.18163,0.00431,0.15830,1.97668,0.00534,1.1353,0.0090,1.1439,0.15881,0.00417
8,tour,4,12,20,1.20,true,0.17475,0.00425,0.18508,2.01034,0.00541,1.2326,0.0061,1.2419,0.19247,0.00434
8,tour,4,3,10,0.00,true,0.18338,0.00433,0.00011,1.81674,0.00433,0.0902,0.5826,0.2064,0.13740,0.00553
8,tour,4,3,10,0.10,true,0.26975,0.00496,0.00023,1.73048,0.00496,0.1962,0.3855,0.2281,0.05115,0.00437
8,tour,4,3,10,0.20,true,0.30800,0.00516,0.00070,1.69270,0.00517,0.2600,0.2424,0.2761,0.01337,0.00297
8,tour,4,3,10,0.30,true,0.32262,0.00523,0.00196,1.67933,0.00524,0.3237,0.1338,0.3417,0.00000,0.00000
8,tour,4,3,10,0.40,true,0.32525,0.00524,0.00481,1.67956,0.00528,0.3990,0.0661,0.4225,0.00022,0.00268
8,tour,4,3,10,0.50,true,0.32338,0.00523,0.01010,1.68673,0.00531,0.4796,0.0286,0.5090,0.00739,0.00356
8,tour,4,3,10,0.60,true,0.32138,0.00522,0.01787,1.69650,0.00537,0.5631,0.0123,0.5961,0.01716,0.00416
8,tour,4,3,10,0.70,true,0.31625,0.00520,0.03066,1.71441,0.00545,0.6621,0.0038,0.6971,0.03507,0.00462
8,tour,4,3,10,0.80,true,0.30788,0.00516,0.04697,1.73909,0.00554,0.7582,0.0014,0.7942,0.05976,0.00504
8,tour,4,3,10,0.90,true,0.29688,0.00511,0.06732,1.77045,0.00564,0.8539,0.0004,0.8911,0.09111,0.00540
8,tour,4,3,10,1.00,true,0.28737,0.00506,0.09155,1.80417,0.00577,0.9522,0.0002,0.9905,0.12484,0.00571
8,tour,4,3,10,1.10,true,0.27550,0.00499,0.11861,1.84311,0.00589,1.0485,0.0000,1.0885,0.16378,0.00596
8,tour,4,3,10,1.20,true,0.26112,0.00491,0.14816,1.88704,0.00598,1.1447,0.0000,1.1864,0.20771,0.00617
8,tour,4,3,15,0.00,true,0.11488,0.00357,0.00190,1.88703,0.00357,0.1377,0.5434,0.3019,0.07140,0.00515
8,tour,4,3,15,0.10,true,0.15625,0.00406,0.00251,1.84626,0.00407,0.2598,0.4164,0.3182,0.03063,0.00458
8,tour,4,3,15,0.20,true,0.17713,0.00427,0.00443,1.82731,0.00430,0.3287,0.3021,0.3581,0.01168,0.00371
8,tour,4,3,15,0.30,true,0.19112,0.00440,0.00795,1.81683,0.00445,0.3898,0.2094,0.4128,0.00120,0.00265
8,tour,4,3,15,0.40,true,0.19812,0.00446,0.01376,1.81563,0.00455,0.4579,0.1414,0.4808,0.00000,0.00000
8,tour,4,3,15,0.50,true,0.19837,0.00446,0.02266,1.82429,0.00461,0.5302,0.0873,0.5592,0.00866,0.00255
8,tour,4,3,15,0.60,true,0.19637,0.00444,0.03464,1.83827,0.00468,0.6091,0.0544,0.6427,0.02263,0.00342
8,tour,4,3,15,0.70,true,0.19075,0.00439,0.05007,1.85932,0.00473,0.6905,0.0318,0.7294,0.04369,0.00402
8,tour,4,3,15,0.80,true,0.18288,0.00432,0.06926,1.88639,0.00478,0.7756,0.0184,0.8183,0.07076,0.00444
8,tour,4,3,15,0.90,true,0.17713,0.00427,0.09204,1.91492,0.00486,0.8664,0.0102,0.9123,0.09929,0.00477
8,tour,4,3,15,1.00,true,0.17062,0.00421,0.11776,1.94714,0.00494,0.9593,0.0054,1.0075,0.13151,0.00505
8,tour,4,3,15,1.10,true,0.16162,0.00412,0.14595,1.98433,0.00499,1.0536,0.0028,1.1036,0.16870,0.00527
8,tour,4,3,15,1.20,true,0.15450,0.00404,0.17557,2.02108,0.00506,1.1485,0.0013,1.2003,0.20545,0.00546
8,tour,4,3,20,0.00,true,0.07838,0.00300,0.00781,1.92943,0.00304,0.1978,0.5332,0.4000,0.04299,0.00420
8,tour,4,3,20,0.10,true,0.09538,0.00328,0.00922,1.91384,0.00333,0.3196,0.4336,0.4124,0.02740,0.00353
8,tour,4,3,20,0.20,true,0.11750,0.00360,0.01253,1.89503,0.00367,0.3924,0.3446,0.4453,0.00858,0.00248
8,tour,4,3,20,0.30,true,0.13125,0.00378,0.01769,1.88644,0.00388,0.4537,0.2709,0.4901,0.00000,0.00000
8,tour,4,3,20,0.40,true,0.13650,0.00384,0.02581,1.88931,0.00400,0.5183,0.2066,0.5470,0.00287,0.00255
8,tour,4,3,20,0.50,true,0.13975,0.00388,0.03678,1.89703,0.00411,0.5855,0.1526,0.6146,0.01059,0.00340
8,tour,4,3,20,0.60,true,0.13925,0.00387,0.05081,1.91156,0.00419,0.6549,0.1078,0.6895,0.02512,0.00398
8,tour,4,3,20,0.70,true,0.13775,0.00385,0.06776,1.93002,0.00428,0.7299,0.0763,0.7687,0.04357,0.00438
8,tour,4,3,20,0.80,true,0.13287,0.00380,0.08799,1.95511,0.00434,0.8058,0.0489,0.8529,0.06867,0.00465
8,tour,4,3,20,0.90,true,0.13200,0.00378,0.11041,1.97841,0.00446,0.8896,0.0317,0.9422,0.09197,0.00494
8,tour,4,3,20,1.00,true,0.12500,0.00370,0.13599,2.01099,0.00450,0.9764,0.0207,1.0328,0.12455,0.00510
8,tour,4,3,20,1.10,true,0.11850,0.00361,0.16413,2.04565,0.00454,1.0675,0.0119,1.1285,0.15920,0.00521
8,tour,4,3,20,1.20,true,0.11225,0.00353,0.19375,2.08152,0.00458,1.1634,0.0077,1.2264,0.19508,0.00531
8,tour,4,6,10,0.00,true,0.23938,0.00477,0.00010,1.76072,0.00477,0.1613,0.5931,0.2009,0.08902,0.00450
8,tour,4,6,10,0.10,true,0.29600,0.00510,0.00005,1.70405,0.00510,0.2095,0.3890,0.2213,0.03235,0.00368
8,tour,4,6,10,0.20,true,0.32262,0.00523,0.00010,1.67748,0.00523,0.2719,0.2198,0.2733,0.00578,0.00251
8,tour,4,6,10,0.30,true,0.32863,0.00525,0.00033,1.67170,0.00525,0.3464,0.1063,0.3496,0.00000,0.00000
8,tour,4,6,10,0.40,true,0.32138,0.00522,0.00090,1.67952,0.00523,0.4300,0.0437,0.4389,0.00782,0.00215
8,tour,4,6,10,0.50,true,0.30262,0.00514,0.00214,1.69951,0.00515,0.5211,0.0152,0.5335,0.02781,0.00273
8,tour,4,6,10,0.60,true,0.28413,0.00504,0.00443,1.72030,0.00507,0.6159,0.0058,0.6285,0.04860,0.00313
8,tour,4,6,10,0.70,true,0.25975,0.00490,0.00869,1.74894,0.00496,0.7191,0.0022,0.7310,0.07724,0.00351
8,tour,4,6,10,0.80,true,0.23300,0.00473,0.01568,1.78269,0.00483,0.8245,0.0002,0.8360,0.11098,0.00390
8,tour,4,6,10,0.90,true,0.20513,0.00451,0.02527,1.82015,0.00467,0.9251,0.0000,0.9356,0.14845,0.00422
8,tour,4,6,10,1.00,true,0.17625,0.00426,0.03794,1.86170,0.00448,1.0252,0.0000,1.0348,0.19000,0.00453
8,tour,4,6,10,1.10,true,0.14700,0.00396,0.05395,1.90695,0.00424,1.1271,0.0000,1.1359,0.23525,0.00481
8,tour,4,6,10,1.20,true,0.11350,0.00355,0.07390,1.96042,0.00389,1.2317,0.0000,1.2399,0.28872,0.00506
8,tour,4,6,15,0.00,true,0.13362,0.00380,0.00137,1.86774,0.00381,0.2452,0.5520,0.2963,0.04557,0.00357
8,tour,4,6,15,0.10,true,0.15887,0.00409,0.00103,1.84215,0.00409,0.2907,0.4198,0.3136,0.01998,0.00292
8,tour,4,6,15,0.20,true,0.17438,0.00424,0.00122,1.82685,0.00425,0.3460,0.2978,0.3526,0.00467,0.00210
8,tour,4,6,15,0.30,true,0.17988,0.00429,0.00205,1.82217,0.00431,0.4106,0.1988,0.4113,0.00000,0.00000
8,tour,4,6,15,0.40,true,0.18013,0.00430,0.00379,1.82366,0.00432,0.4809,0.1209,0.4850,0.00149,0.00193
8,tour,4,6,15,0.50,true,0.17538,0.00425,0.00662,1.83124,0.00429,0.5589,0.0685,0.5685,0.00907,0.00255
8,tour,4,6,15,0.60,true,0.16537,0.00415,0.01118,1.84580,0.00422,0.6496,0.0397,0.6616,0.02363,0.00296
8,tour,4,6,15,0.70,true,0.15225,0.00402,0.01756,1.86531,0.00411,0.7417,0.0236,0.7551,0.04314,0.00325
8,tour,4,6,15,0.80,true,0.14125,0.00389,0.02603,1.88478,0.00404,0.8344,0.0119,0.8506,0.06261,0.00350
8,tour,4,6,15,0.90,true,0.12525,0.00370,0.03708,1.91183,0.00389,0.9304,0.0063,0.9474,0.08966,0.00372
8,tour,4,6,15,1.00,true,0.10762,0.00346,0.05106,1.94345,0.00372,1.0305,0.0029,1.0477,0.12128,0.00396
8,tour,4,6,15,1.10,true,0.09162,0.00323,0.06779,1.97619,0.00354,1.1330,0.0018,1.1493,0.15401,0.00415
8,tour,4,6,15,1.20,true,0.07575,0.00296,0.08611,2.01039,0.00333,1.2307,0.0007,1.2468,0.18822,0.00434
8,tour,4,6,20,0.00,true,0.08687,0.00315,0.00613,1.91925,0.00318,0.3340,0.5440,0.4052,0.01950,0.00273
8,tour,4,6,20,0.10,true,0.09525,0.00328,0.00518,1.90993,0.00331,0.3762,0.4492,0.4173,0.01018,0.00228
8,tour,4,6,20,0.20,true,0.10312,0.00340,0.00538,1.90226,0.00343,0.4260,0.3561,0.4464,0.00251,0.00168
8,tour,4,6,20,0.30,true,0.10712,0.00346,0.00687,1.89975,0.00349,0.4852,0.2768,0.4910,0.00000,0.00000
8,tour,4,6,20,0.40,true,0.10812,0.00347,0.00971,1.90158,0.00352,0.5460,0.2017,0.5498,0.00183,0.00169
8,tour,4,6,20,0.50,true,0.10587,0.00344,0.01410,1.90823,0.00351,0.6150,0.1443,0.6196,0.00848,0.00225
8,tour,4,6,20,0.60,true,0.10225,0.00339,0.02018,1.91794,0.00349,0.6847,0.0944,0.6972,0.01819,0.00259
8,tour,4,6,20,0.70,true,0.09488,0.00328,0.02812,1.93325,0.00342,0.7642,0.0616,0.7814,0.03350,0.00292
8,tour,4,6,20,0.80,true,0.08787,0.00317,0.03834,1.95048,0.00336,0.8542,0.0412,0.8733,0.05073,0.00317
8,tour,4,6,20,0.90,true,0.07737,0.00299,0.05049,1.97313,0.00324,0.9433,0.0261,0.9655,0.07338,0.00339
8,tour,4,6,20,1.00,true,0.06738,0.00280,0.06458,1.99723,0.00311,1.0360,0.0180,1.0586,0.09748,0.00356
8,tour,4,6,20,1.10,true,0.05725,0.00260,0.08159,2.02437,0.00297,1.1340,0.0110,1.1581,0.12462,0.00370
8,tour,4,6,20,1.20,true,0.04975,0.00243,0.09782,2.04811,0.00287,1.2198,0.0066,1.2453,0.14836,0.00383
8,scratch,4,12,10,0.00,true,0.30625,0.00515,0.00016,1.69391,0.00515,0.1792,0.6587,0.2070,0.12806,0.00508
8,scratch,4,12,10,0.10,true,0.37450,0.00541,0.00054,1.62604,0.00542,0.2289,0.4788,0.2193,0.06019,0.00409
8,scratch,4,12,10,0.20,true,0.42400,0.00553,0.00162,1.57762,0.00554,0.2872,0.2897,0.2680,0.01177,0.00280
8,scratch,4,12,10,0.30,true,0.43812,0.00555,0.00397,1.56585,0.00559,0.3565,0.1582,0.3397,0.00000,0.00000
8,scratch,4,12,10,0.40,true,0.43950,0.00555,0.00851,1.56901,0.00564,0.4356,0.0743,0.4281,0.00316,0.00242
8,scratch,4,12,10,0.50,true,0.42988,0.00553,0.01620,1.58632,0.00570,0.5242,0.0324,0.5239,0.02048,0.00312
8,scratch,4,12,10,0.60,true,0.41413,0.00551,0.02793,1.61381,0.00579,0.6191,0.0149,0.6221,0.04796,0.00356
8,scratch,4,12,10,0.70,true,0.39887,0.00547,0.04372,1.64485,0.00591,0.7138,0.0056,0.7196,0.07900,0.00388
8,scratch,4,12,10,0.80,true,0.38312,0.00544,0.06371,1.68059,0.00605,0.8118,0.0022,0.8183,0.11474,0.00417
8,scratch,4,12,10,0.90,true,0.36625,0.00539,0.08713,1.72089,0.00619,0.9102,0.0014,0.9164,0.15504,0.00446
8,scratch,4,12,10,1.00,true,0.35013,0.00533,0.11356,1.76344,0.00634,1.0098,0.0004,1.0162,0.19759,0.00474
8,scratch,4,12,10,1.10,true,0.33400,0.00527,0.14155,1.80756,0.00648,1.1079,0.0004,1.1138,0.24171,0.00499
8,scratch,4,12,10,1.20,true,0.32000,0.00522,0.17103,1.85104,0.00661,1.2085,0.0004,1.2140,0.28519,0.00525
8,scratch,4,12,15,0.00,true,0.18800,0.00437,0.00207,1.81407,0.00438,0.2605,0.5811,0.2969,0.05590,0.00392
8,scratch,4,12,15,0.10,true,0.22150,0.00464,0.00388,1.78238,0.00467,0.3067,0.4552,0.3120,0.02420,0.00319
8,scratch,4,12,15,0.20,true,0.24225,0.00479,0.00737,1.76512,0.00485,0.3622,0.3336,0.3489,0.00695,0.00220
8,scratch,4,12,15,0.30,true,0.25488,0.00487,0.01305,1.75817,0.00497,0.4239,0.2318,0.4045,0.00000,0.00000
8,scratch,4,12,15,0.40,true,0.25850,0.00489,0.02145,1.76295,0.00507,0.4931,0.1558,0.4743,0.00478,0.00209
8,scratch,4,12,15,0.50,true,0.26200,0.00492,0.03335,1.77135,0.00518,0.5711,0.0981,0.5580,0.01318,0.00278
8,scratch,4,12,15,0.60,true,0.25762,0.00489,0.04962,1.79200,0.00528,0.6581,0.0581,0.6521,0.03382,0.00327
8,scratch,4,12,15,0.70,true,0.24900,0.00483,0.06959,1.82059,0.00538,0.7452,0.0323,0.7463,0.06242,0.00355
8,scratch,4,12,15,0.80,true,0.24063,0.00478,0.09067,1.85005,0.00547,0.8298,0.0189,0.8349,0.09188,0.00381
8,scratch,4,12,15,0.90,true,0.23150,0.00472,0.11636,1.88487,0.00557,0.9237,0.0094,0.9326,0.12669,0.00407
8,scratch,4,12,15,1.00,true,0.22087,0.00464,0.14458,1.92371,0.00566,1.0220,0.0064,1.0308,0.16554,0.00432
8,scratch,4,12,15,1.10,true,0.21175,0.00457,0.17416,1.96242,0.00575,1.1198,0.0036,1.1295,0.20424,0.00452
8,scratch,4,12,15,1.20,true,0.20312,0.00450,0.20453,2.00142,0.00584,1.2173,0.0017,1.2279,0.24325,0.00470
8,scratch,4,12,20,0.00,true,0.12000,0.00363,0.00860,1.88861,0.00368,0.3493,0.5426,0.3999,0.01705,0.00304
8,scratch,4,12,20,0.10,true,0.13287,0.00380,0.01246,1.87958,0.00387,0.3950,0.4537,0.4133,0.00803,0.00252
8,scratch,4,12,20,0.20,true,0.14688,0.00396,0.01881,1.87193,0.00408,0.4480,0.3642,0.4449,0.00038,0.00178
8,scratch,4,12,20,0.30,true,0.15613,0.00406,0.02768,1.87156,0.00425,0.5047,0.2817,0.4915,0.00000,0.00000
8,scratch,4,12,20,0.40,true,0.15900,0.00409,0.03976,1.88076,0.00437,0.5699,0.2136,0.5514,0.00921,0.00175
8,scratch,4,12,20,0.50,true,0.16062,0.00411,0.05526,1.89463,0.00449,0.6427,0.1587,0.6231,0.02308,0.00237
8,scratch,4,12,20,0.60,true,0.16262,0.00413,0.07213,1.90951,0.00463,0.7115,0.1149,0.6973,0.03795,0.00275
8,scratch,4,12,20,0.70,true,0.16175,0.00412,0.09441,1.93266,0.00477,0.7948,0.0763,0.7888,0.06111,0.00312
8,scratch,4,12,20,0.80,true,0.15825,0.00408,0.11625,1.95801,0.00486,0.8713,0.0533,0.8712,0.08645,0.00338
8,scratch,4,12,20,0.90,true,0.15288,0.00402,0.14172,1.98886,0.00495,0.9562,0.0354,0.9616,0.11730,0.00359
8,scratch,4,12,20,1.00,true,0.14663,0.00395,0.16943,2.02282,0.00502,1.0455,0.0230,1.0555,0.15126,0.00382
8,scratch,4,12,20,1.10,true,0.14138,0.00390,0.19868,2.05732,0.00510,1.1381,0.0138,1.1524,0.18576,0.00401
8,scratch,4,12,20,1.20,true,0.13612,0.00383,0.22858,2.09248,0.00517,1.2332,0.0088,1.2493,0.22093,0.00418
8,scratch,4,3,10,0.00,true,0.16787,0.00418,0.00034,1.83246,0.00418,0.0998,0.5839,0.2215,0.11610,0.00584
8,scratch,4,3,10,0.10,true,0.24175,0.00479,0.00060,1.75885,0.00479,0.2068,0.3971,0.2420,0.04249,0.00499
8,scratch,4,3,10,0.20,true,0.27650,0.00500,0.00158,1.72508,0.00501,0.2704,0.2592,0.2877,0.00872,0.00396
8,scratch,4,3,10,0.30,true,0.28750,0.00506,0.00395,1.71645,0.00509,0.3349,0.1509,0.3524,0.00009,0.00266
8,scratch,4,3,10,0.40,true,0.29237,0.00509,0.00873,1.71636,0.00515,0.4077,0.0818,0.4303,0.00000,0.00000
8,scratch,4,3,10,0.50,true,0.28975,0.00507,0.01677,1.72702,0.00521,0.4862,0.0405,0.5148,0.01066,0.00240
8,scratch,4,3,10,0.60,true,0.28813,0.00506,0.02816,1.74004,0.00529,0.5664,0.0170,0.6012,0.02368,0.00329
8,scratch,4,3,10,0.70,true,0.28087,0.00502,0.04560,1.76473,0.00538,0.6653,0.0076,0.7015,0.04837,0.00395
8,scratch,4,3,10,0.80,true,0.27225,0.00498,0.06661,1.79436,0.00549,0.7596,0.0031,0.7977,0.07800,0.00444
8,scratch,4,3,10,0.90,true,0.26412,0.00493,0.09101,1.82690,0.00561,0.8538,0.0010,0.8935,0.11054,0.00481
8,scratch,4,3,10,1.00,true,0.25250,0.00486,0.12017,1.86768,0.00573,0.9528,0.0002,0.9941,0.15132,0.00520
8,scratch,4,3,10,1.10,true,0.23913,0.00477,0.15133,1.91222,0.00582,1.0495,0.0002,1.0920,0.19586,0.00551
8,scratch,4,3,10,1.20,true,0.22450,0.00467,0.18366,1.95919,0.00588,1.1438,0.0002,1.1879,0.24283,0.00577
8,scratch,4,3,15,0.00,true,0.10612,0.00344,0.00430,1.89817,0.00347,0.1588,0.5431,0.3300,0.04889,0.00480
8,scratch,4,3,15,0.10,true,0.13762,0.00385,0.00557,1.86794,0.00388,0.2814,0.4261,0.3461,0.01866,0.00396
8,scratch,4,3,15,0.20,true,0.15225,0.00402,0.00888,1.85663,0.00407,0.3478,0.3175,0.3826,0.00735,0.00282
8,scratch,4,3,15,0.30,true,0.16525,0.00415,0.01453,1.84928,0.00425,0.4098,0.2288,0.4357,0.00000,0.00000
8,scratch,4,3,15,0.40,true,0.17000,0.00420,0.02319,1.85319,0.00435,0.4753,0.1593,0.5004,0.00391,0.00277
8,scratch,4,3,15,0.50,true,0.17150,0.00421,0.03509,1.86359,0.00445,0.5449,0.1074,0.5737,0.01431,0.00368
8,scratch,4,3,15,0.60,true,0.16687,0.00417,0.05156,1.88469,0.00451,0.6215,0.0686,0.6562,0.03541,0.00425
8,scratch,4,3,15,0.70,true,0.16325,0.00413,0.07148,1.90824,0.00460,0.7037,0.0450,0.7426,0.05895,0.00463
8,scratch,4,3,15,0.80,true,0.15775,0.00408,0.09443,1.93669,0.00468,0.7851,0.0267,0.8300,0.08741,0.00493
8,scratch,4,3,15,0.90,true,0.15063,0.00400,0.12129,1.97068,0.00475,0.8749,0.0166,0.9231,0.12140,0.00514
8,scratch,4,3,15,1.00,true,0.14363,0.00392,0.15050,2.00690,0.00482,0.9665,0.0101,1.0177,0.15762,0.00532
8,scratch,4,3,15,1.10,true,0.13562,0.00383,0.18139,2.04581,0.00486,1.0580,0.0054,1.1125,0.19653,0.00549
8,scratch,4,3,15,1.20,true,0.12900,0.00375,0.21339,2.08444,0.00491,1.1521,0.0032,1.2085,0.23516,0.00561
8,scratch,4,3,20,0.00,true,0.07087,0.00287,0.01583,1.94496,0.00296,0.2394,0.5353,0.4457,0.02448,0.00410
8,scratch,4,3,20,0.10,true,0.08550,0.00313,0.01807,1.93258,0.00323,0.3523,0.4452,0.4568,0.01209,0.00357
8,scratch,4,3,20,0.20,true,0.09938,0.00334,0.02334,1.92397,0.00348,0.4235,0.3621,0.4869,0.00349,0.00256
8,scratch,4,3,20,0.30,true,0.11063,0.00351,0.03110,1.92048,0.00370,0.4845,0.2914,0.5296,0.00000,0.00000
8,scratch,4,3,20,0.40,true,0.11325,0.00354,0.04237,1.92913,0.00381,0.5465,0.2270,0.5832,0.00864,0.00253
8,scratch,4,3,20,0.50,true,0.11500,0.00357,0.05648,1.94149,0.00393,0.6114,0.1761,0.6450,0.02100,0.00340
8,scratch,4,3,20,0.60,true,0.11675,0.00359,0.07395,1.95721,0.00406,0.6804,0.1325,0.7167,0.03673,0.00397
8,scratch,4,3,20,0.70,true,0.11263,0.00353,0.09494,1.98233,0.00412,0.7514,0.0962,0.7929,0.06184,0.00428
8,scratch,4,3,20,0.80,true,0.10887,0.00348,0.11943,2.01058,0.00421,0.8304,0.0679,0.8784,0.09010,0.00453
8,scratch,4,3,20,0.90,true,0.10587,0.00344,0.14493,2.03908,0.00429,0.9074,0.0452,0.9638,0.11860,0.00474
8,scratch,4,3,20,1.00,true,0.10038,0.00336,0.17284,2.07250,0.00434,0.9908,0.0308,1.0524,0.15202,0.00489
8,scratch,4,3,20,1.10,true,0.09350,0.00325,0.20241,2.10896,0.00435,1.0778,0.0214,1.1430,0.18848,0.00501
8,scratch,4,3,20,1.20,true,0.08800,0.00317,0.23392,2.14599,0.00437,1.1691,0.0127,1.2399,0.22551,0.00512
8,scratch,4,6,10,0.00,true,0.21275,0.00458,0.00025,1.78750,0.00458,0.1731,0.5822,0.2175,0.06881,0.00434
8,scratch,4,6,10,0.10,true,0.25212,0.00485,0.00015,1.74802,0.00486,0.2194,0.3918,0.2365,0.02934,0.00348
8,scratch,4,6,10,0.20,true,0.27737,0.00501,0.00029,1.72291,0.00501,0.2817,0.2330,0.2869,0.00423,0.00241
8,scratch,4,6,10,0.30,true,0.28213,0.00503,0.00081,1.71869,0.00504,0.3543,0.1224,0.3597,0.00000,0.00000
8,scratch,4,6,10,0.40,true,0.27850,0.00501,0.00206,1.72356,0.00503,0.4361,0.0580,0.4458,0.00487,0.00201
8,scratch,4,6,10,0.50,true,0.26162,0.00491,0.00457,1.74295,0.00495,0.5249,0.0242,0.5386,0.02426,0.00263
8,scratch,4,6,10,0.60,true,0.24388,0.00480,0.00877,1.76490,0.00486,0.6164,0.0098,0.6316,0.04621,0.00304
8,scratch,4,6,10,0.70,true,0.22212,0.00465,0.01609,1.79397,0.00475,0.7208,0.0032,0.7362,0.07528,0.00344
8,scratch,4,6,10,0.80,true,0.19875,0.00446,0.02658,1.82784,0.00463,0.8244,0.0016,0.8386,0.10915,0.00380
8,scratch,4,6,10,0.90,true,0.17525,0.00425,0.04000,1.86476,0.00448,0.9243,0.0002,0.9382,0.14608,0.00412
8,scratch,4,6,10,1.00,true,0.15113,0.00400,0.05672,1.90562,0.00431,1.0242,0.0000,1.0371,0.18693,0.00440
8,scratch,4,6,10,1.10,true,0.12475,0.00369,0.07696,1.95224,0.00408,1.1245,0.0000,1.1365,0.23355,0.00465
8,scratch,4,6,10,1.20,true,0.09500,0.00328,0.10162,2.00667,0.00373,1.2286,0.0000,1.2399,0.28799,0.00489
8,scratch,4,6,15,0.00,true,0.11025,0.00350,0.00302,1.89277,0.00352,0.2622,0.5423,0.3255,0.03177,0.00323
8,scratch,4,6,15,0.10,true,0.12800,0.00374,0.00256,1.87456,0.00375,0.3075,0.4193,0.3430,0.01356,0.00265
8,scratch,4,6,15,0.20,true,0.13725,0.00385,0.00313,1.86588,0.00386,0.3614,0.3054,0.3800,0.00488,0.00194
8,scratch,4,6,15,0.30,true,0.14388,0.00392,0.00488,1.86100,0.00395,0.4257,0.2138,0.4360,0.00000,0.00000
8,scratch,4,6,15,0.40,true,0.14400,0.00393,0.00810,1.86410,0.00397,0.4950,0.1389,0.5063,0.00310,0.00180
8,scratch,4,6,15,0.50,true,0.14150,0.00390,0.01296,1.87146,0.00397,0.5698,0.0846,0.5859,0.01046,0.00238
8,scratch,4,6,15,0.60,true,0.13587,0.00383,0.02023,1.88436,0.00394,0.6552,0.0487,0.6757,0.02336,0.00275
8,scratch,4,6,15,0.70,true,0.12637,0.00371,0.02977,1.90341,0.00388,0.7456,0.0305,0.7669,0.04241,0.00301
8,scratch,4,6,15,0.80,true,0.11563,0.00358,0.04179,1.92618,0.00380,0.8385,0.0201,0.8598,0.06518,0.00325
8,scratch,4,6,15,0.90,true,0.10312,0.00340,0.05673,1.95363,0.00369,0.9326,0.0105,0.9564,0.09262,0.00351
8,scratch,4,6,15,1.00,true,0.08987,0.00320,0.07458,1.98475,0.00356,1.0295,0.0054,1.0542,0.12375,0.00370
8,scratch,4,6,15,1.10,true,0.07512,0.00295,0.09567,2.02061,0.00339,1.1311,0.0028,1.1555,0.15961,0.00391
8,scratch,4,6,15,1.20,true,0.06237,0.00270,0.11792,2.05563,0.00322,1.2281,0.0017,1.2518,0.19463,0.00408
8,scratch,4,6,20,0.00,true,0.06738,0.00280,0.01283,1.94546,0.00287,0.3576,0.5365,0.4524,0.00976,0.00237
8,scratch,4,6,20,0.10,true,0.07337,0.00292,0.01175,1.93838,0.00297,0.3998,0.4488,0.4654,0.00268,0.00197
8,scratch,4,6,20,0.20,true,0.07675,0.00298,0.01248,1.93573,0.00304,0.4490,0.3638,0.4927,0.00004,0.00148
8,scratch,4,6,20,0.30,true,0.07950,0.00302,0.01520,1.93570,0.00310,0.5059,0.2873,0.5354,0.00000,0.00000
8,scratch,4,6,20,0.40,true,0.08013,0.00304,0.01993,1.93981,0.00314,0.5669,0.2182,0.5911,0.00411,0.00151
8,scratch,4,6,20,0.50,true,0.08050,0.00304,0.02675,1.94626,0.00318,0.6334,0.1618,0.6570,0.01056,0.00200
8,scratch,4,6,20,0.60,true,0.07600,0.00296,0.03571,1.95973,0.00315,0.7004,0.1112,0.7305,0.02403,0.00238
8,scratch,4,6,20,0.70,true,0.07175,0.00289,0.04684,1.97512,0.00313,0.7765,0.0770,0.8103,0.03942,0.00263
8,scratch,4,6,20,0.80,true,0.06713,0.00280,0.06058,1.99349,0.00311,0.8611,0.0523,0.8977,0.05779,0.00285
8,scratch,4,6,20,0.90,true,0.06000,0.00266,0.07655,2.01660,0.00304,0.9497,0.0359,0.9878,0.08090,0.00307
8,scratch,4,6,20,1.00,true,0.05287,0.00250,0.09429,2.04149,0.00297,1.0386,0.0245,1.0781,0.10579,0.00322
8,scratch,4,6,20,1.10,true,0.04450,0.00231,0.11526,2.07086,0.00286,1.1356,0.0165,1.1756,0.13517,0.00338
8,scratch,4,6,20,1.20,true,0.03850,0.00215,0.13466,2.09629,0.00278,1.2204,0.0121,1.2603,0.16059,0.00346
8,mid,4,12,10,0.00,true,0.23963,0.00477,0.00082,1.76119,0.00478,0.1903,0.6196,0.2271,0.08610,0.00465
8,mid,4,12,10,0.10,true,0.28675,0.00506,0.00220,1.71545,0.00507,0.2410,0.4560,0.2412,0.04036,0.00378
8,mid,4,12,10,0.20,true,0.32250,0.00523,0.00552,1.68302,0.00527,0.3002,0.2919,0.2876,0.00793,0.00254
8,mid,4,12,10,0.30,true,0.33675,0.00528,0.01184,1.67509,0.00539,0.3675,0.1732,0.3547,0.00000,0.00000
8,mid,4,12,10,0.40,true,0.33925,0.00529,0.02240,1.68315,0.00550,0.4437,0.0916,0.4380,0.00806,0.00236
8,mid,4,12,10,0.50,true,0.33187,0.00526,0.03816,1.70629,0.00561,0.5288,0.0453,0.5299,0.03120,0.00308
8,mid,4,12,10,0.60,true,0.31938,0.00521,0.05927,1.73990,0.00573,0.6200,0.0230,0.6249,0.06481,0.00350
8,mid,4,12,10,0.70,true,0.30900,0.00517,0.08457,1.77558,0.00589,0.7129,0.0101,0.7215,0.10049,0.00384
8,mid,4,12,10,0.80,true,0.29475,0.00510,0.11435,1.81961,0.00603,0.8097,0.0043,0.8198,0.14452,0.00417
8,mid,4,12,10,0.90,true,0.28337,0.00504,0.14582,1.86247,0.00619,0.9068,0.0023,0.9170,0.18737,0.00442
8,mid,4,12,10,1.00,true,0.26925,0.00496,0.17996,1.91074,0.00631,1.0055,0.0012,1.0156,0.23565,0.00468
8,mid,4,12,10,1.10,true,0.25712,0.00489,0.21457,1.95749,0.00643,1.1047,0.0007,1.1145,0.28240,0.00493
8,mid,4,12,10,1.20,true,0.24375,0.00480,0.24984,2.00616,0.00652,1.2038,0.0003,1.2135,0.33107,0.00515
8,mid,4,12,15,0.00,true,0.13337,0.00380,0.00754,1.87416,0.00385,0.2828,0.5572,0.3357,0.02414,0.00289
8,mid,4,12,15,0.10,true,0.15662,0.00406,0.01203,1.85541,0.00414,0.3293,0.4451,0.3519,0.00538,0.00207
8,mid,4,12,15,0.20,true,0.16987,0.00420,0.01990,1.85003,0.00434,0.3841,0.3367,0.3874,0.00000,0.00000
8,mid,4,12,15,0.30,true,0.17763,0.00427,0.03161,1.85399,0.00450,0.4443,0.2420,0.4406,0.00397,0.00196
8,mid,4,12,15,0.40,true,0.18225,0.00432,0.04675,1.86451,0.00466,0.5110,0.1724,0.5051,0.01448,0.00260
8,mid,4,12,15,0.50,true,0.18338,0.00433,0.06633,1.88296,0.00481,0.5862,0.1202,0.5811,0.03294,0.00306
8,mid,4,12,15,0.60,true,0.18463,0.00434,0.09086,1.90625,0.00499,0.6667,0.0740,0.6699,0.05622,0.00345
8,mid,4,12,15,0.70,true,0.17888,0.00428,0.11900,1.94015,0.00511,0.7523,0.0469,0.7606,0.09012,0.00372
8,mid,4,12,15,0.80,true,0.17338,0.00423,0.14732,1.97398,0.00522,0.8332,0.0292,0.8464,0.12395,0.00395
8,mid,4,12,15,0.90,true,0.16525,0.00415,0.17997,2.01476,0.00531,0.9239,0.0175,0.9404,0.16474,0.00416
8,mid,4,12,15,1.00,true,0.15937,0.00409,0.21394,2.05463,0.00541,1.0177,0.0097,1.0371,0.20461,0.00436
8,mid,4,12,15,1.10,true,0.15263,0.00402,0.24875,2.09621,0.00549,1.1147,0.0063,1.1343,0.24618,0.00451
8,mid,4,12,15,1.20,true,0.14400,0.00393,0.28405,2.14018,0.00552,1.2115,0.0042,1.2312,0.29015,0.00465
8,mid,4,12,20,0.00,true,0.08013,0.00304,0.02561,1.94550,0.00319,0.3805,0.5268,0.4643,0.00011,0.00145
8,mid,4,12,20,0.10,true,0.08762,0.00316,0.03300,1.94539,0.00337,0.4265,0.4490,0.4784,0.00000,0.00000
8,mid,4,12,20,0.20,true,0.09575,0.00329,0.04415,1.94841,0.00358,0.4766,0.3666,0.5085,0.00303,0.00159
8,mid,4,12,20,0.30,true,0.10250,0.00339,0.05899,1.95650,0.00379,0.5341,0.2937,0.5528,0.01112,0.00219
8,mid,4,12,20,0.40,true,0.10600,0.00344,0.07728,1.97130,0.00396,0.5945,0.2290,0.6077,0.02591,0.00258
8,mid,4,12,20,0.50,true,0.10650,0.00345,0.09950,1.99302,0.00411,0.6624,0.1750,0.6732,0.04764,0.00291
8,mid,4,12,20,0.60,true,0.10687,0.00345,0.12277,2.01593,0.00426,0.7305,0.1356,0.7414,0.07054,0.00317
8,mid,4,12,20,0.70,true,0.10737,0.00346,0.15202,2.04470,0.00443,0.8124,0.0983,0.8271,0.09931,0.00351
8,mid,4,12,20,0.80,true,0.10600,0.00344,0.17946,2.07353,0.00455,0.8844,0.0712,0.9055,0.12814,0.00374
8,mid,4,12,20,0.90,true,0.10162,0.00338,0.21065,2.10911,0.00462,0.9659,0.0502,0.9920,0.16373,0.00391
8,mid,4,12,20,1.00,true,0.09863,0.00333,0.24262,2.14411,0.00470,1.0512,0.0352,1.0814,0.19873,0.00406
8,mid,4,12,20,1.10,true,0.09362,0.00326,0.27626,2.18279,0.00475,1.1417,0.0248,1.1745,0.23741,0.00421
8,mid,4,12,20,1.20,true,0.09050,0.00321,0.30936,2.21906,0.00480,1.2336,0.0172,1.2689,0.27367,0.00434
8,mid,4,3,10,0.00,true,0.14300,0.00391,0.00158,1.85858,0.00392,0.1228,0.5836,0.2475,0.08659,0.00542
8,mid,4,3,10,0.10,true,0.19875,0.00446,0.00257,1.80382,0.00448,0.2245,0.4139,0.2657,0.03183,0.00436
8,mid,4,3,10,0.20,true,0.22675,0.00468,0.00553,1.77878,0.00472,0.2873,0.2797,0.3094,0.00680,0.00299
8,mid,4,3,10,0.30,true,0.23938,0.00477,0.01136,1.77199,0.00485,0.3495,0.1734,0.3706,0.00000,0.00000
8,mid,4,3,10,0.40,true,0.24075,0.00478,0.02156,1.78082,0.00494,0.4218,0.1032,0.4456,0.00883,0.00280
8,mid,4,3,10,0.50,true,0.24013,0.00478,0.03639,1.79627,0.00505,0.4989,0.0576,0.5286,0.02429,0.00372
8,mid,4,3,10,0.60,true,0.23450,0.00474,0.05521,1.82074,0.00515,0.5764,0.0304,0.6123,0.04875,0.00428
8,mid,4,3,10,0.70,true,0.22800,0.00469,0.08153,1.85357,0.00528,0.6714,0.0138,0.7117,0.08158,0.00480
8,mid,4,3,10,0.80,true,0.21700,0.00461,0.11132,1.89439,0.00539,0.7643,0.0064,0.8074,0.12240,0.00520
8,mid,4,3,10,0.90,true,0.20850,0.00454,0.14335,1.93496,0.00551,0.8573,0.0028,0.9025,0.16297,0.00554
8,mid,4,3,10,1.00,true,0.19537,0.00443,0.17903,1.98380,0.00558,0.9526,0.0014,0.9993,0.21181,0.00583
8,mid,4,3,10,1.10,true,0.18613,0.00435,0.21494,2.02902,0.00567,1.0473,0.0003,1.0962,0.25703,0.00603
8,mid,4,3,10,1.20,true,0.17413,0.00424,0.25163,2.07777,0.00571,1.1418,0.0002,1.1922,0.30578,0.00619
8,mid,4,3,15,0.00,true,0.08875,0.00318,0.01421,1.92546,0.00326,0.2121,0.5406,0.3836,0.01675,0.00421
8,mid,4,3,15,0.10,true,0.10662,0.00345,0.01763,1.91102,0.00355,0.3214,0.4382,0.3979,0.00230,0.00298
8,mid,4,3,15,0.20,true,0.11625,0.00358,0.02496,1.90872,0.00374,0.3863,0.3407,0.4324,0.00000,0.00000
8,mid,4,3,15,0.30,true,0.12575,0.00371,0.03580,1.91006,0.00394,0.4424,0.2584,0.4790,0.00135,0.00281
8,mid,4,3,15,0.40,true,0.13025,0.00376,0.05091,1.92069,0.00409,0.5057,0.1901,0.5397,0.01197,0.00370
8,mid,4,3,15,0.50,true,0.12950,0.00375,0.07046,1.94100,0.00421,0.5752,0.1386,0.6097,0.03228,0.00419
8,mid,4,3,15,0.60,true,0.12725,0.00373,0.09392,1.96673,0.00433,0.6478,0.0954,0.6883,0.05802,0.00457
8,mid,4,3,15,0.70,true,0.12137,0.00365,0.12066,1.99937,0.00441,0.7234,0.0640,0.7705,0.09066,0.00485
8,mid,4,3,15,0.80,true,0.11675,0.00359,0.14976,2.03313,0.00450,0.8032,0.0437,0.8555,0.12442,0.00502
8,mid,4,3,15,0.90,true,0.11038,0.00350,0.18192,2.07171,0.00456,0.8877,0.0282,0.9457,0.16300,0.00518
8,mid,4,3,15,1.00,true,0.10525,0.00343,0.21567,2.11065,0.00462,0.9777,0.0187,1.0396,0.20193,0.00532
8,mid,4,3,15,1.10,true,0.09963,0.00335,0.24974,2.15041,0.00466,1.0669,0.0121,1.1326,0.24170,0.00543
8,mid,4,3,15,1.20,true,0.09488,0.00328,0.28419,2.18970,0.00470,1.1583,0.0077,1.2274,0.28099,0.00551
8,mid,4,3,20,0.00,true,0.06187,0.00269,0.04463,1.98278,0.00296,0.3332,0.5371,0.5355,0.00043,0.00278
8,mid,4,3,20,0.10,true,0.06775,0.00281,0.05007,1.98235,0.00312,0.4239,0.4579,0.5468,0.00000,0.00000
8,mid,4,3,20,0.20,true,0.07250,0.00290,0.05921,1.98674,0.00327,0.4862,0.3864,0.5723,0.00439,0.00266
8,mid,4,3,20,0.30,true,0.07712,0.00298,0.07243,1.99535,0.00344,0.5437,0.3225,0.6113,0.01300,0.00343
8,mid,4,3,20,0.40,true,0.07812,0.00300,0.08986,2.01180,0.00357,0.6028,0.2601,0.6619,0.02945,0.00385
8,mid,4,3,20,0.50,true,0.07988,0.00303,0.11006,2.03027,0.00373,0.6640,0.2083,0.7204,0.04792,0.00413
8,mid,4,3,20,0.60,true,0.07838,0.00300,0.13274,2.05448,0.00383,0.7293,0.1680,0.7838,0.07213,0.00433
8,mid,4,3,20,0.70,true,0.07725,0.00299,0.15768,2.08058,0.00394,0.7982,0.1338,0.8541,0.09823,0.00450
8,mid,4,3,20,0.80,true,0.07425,0.00293,0.18549,2.11144,0.00402,0.8689,0.1018,0.9315,0.12909,0.00465
8,mid,4,3,20,0.90,true,0.07187,0.00289,0.21383,2.14221,0.00410,0.9408,0.0764,1.0109,0.15987,0.00477
8,mid,4,3,20,1.00,true,0.07187,0.00289,0.24344,2.17190,0.00422,1.0181,0.0558,1.0965,0.18955,0.00492
8,mid,4,3,20,1.10,true,0.06738,0.00280,0.27489,2.20794,0.00424,1.0970,0.0379,1.1848,0.22559,0.00498
8,mid,4,3,20,1.20,true,0.06338,0.00272,0.30699,2.24416,0.00425,1.1836,0.0267,1.2772,0.26181,0.00502
8,mid,4,6,10,0.00,true,0.16412,0.00414,0.00126,1.83713,0.00415,0.1881,0.5617,0.2455,0.05129,0.00384
8,mid,4,6,10,0.10,true,0.19512,0.00443,0.00097,1.80585,0.00444,0.2349,0.3892,0.2662,0.02000,0.00306
8,mid,4,6,10,0.20,true,0.21088,0.00456,0.00158,1.79071,0.00457,0.2958,0.2473,0.3132,0.00486,0.00212
8,mid,4,6,10,0.30,true,0.21763,0.00461,0.00347,1.78585,0.00464,0.3662,0.1427,0.3815,0.00000,0.00000
8,mid,4,6,10,0.40,true,0.21163,0.00457,0.00724,1.79562,0.00461,0.4445,0.0775,0.4618,0.00978,0.00193
8,mid,4,6,10,0.50,true,0.20062,0.00448,0.01397,1.81335,0.00457,0.5314,0.0358,0.5534,0.02750,0.00258
8,mid,4,6,10,0.60,true,0.18588,0.00435,0.02370,1.83785,0.00450,0.6195,0.0166,0.6435,0.05200,0.00293
8,mid,4,6,10,0.70,true,0.16900,0.00419,0.03839,1.86943,0.00442,0.7207,0.0072,0.7448,0.08358,0.00327
8,mid,4,6,10,0.80,true,0.15063,0.00400,0.05731,1.90676,0.00432,0.8235,0.0031,0.8470,0.12092,0.00361
8,mid,4,6,10,0.90,true,0.12975,0.00376,0.07932,1.94969,0.00418,0.9222,0.0014,0.9447,0.16385,0.00393
8,mid,4,6,10,1.00,true,0.10950,0.00349,0.10442,1.99512,0.00401,1.0195,0.0004,1.0413,0.20928,0.00421
8,mid,4,6,10,1.10,true,0.08887,0.00318,0.13337,2.04479,0.00379,1.1192,0.0000,1.1402,0.25895,0.00445
8,mid,4,6,10,1.20,true,0.06913,0.00284,0.16630,2.09761,0.00352,1.2230,0.0000,1.2430,0.31177,0.00466
8,mid,4,6,15,0.00,true,0.07650,0.00297,0.01166,1.93516,0.00303,0.2860,0.5291,0.3803,0.02040,0.00269
8,mid,4,6,15,0.10,true,0.08875,0.00318,0.01092,1.92218,0.00323,0.3317,0.4210,0.3986,0.00742,0.00220
8,mid,4,6,15,0.20,true,0.09538,0.00328,0.01273,1.91737,0.00335,0.3850,0.3179,0.4345,0.00261,0.00161
8,mid,4,6,15,0.30,true,0.10237,0.00339,0.01712,1.91476,0.00348,0.4448,0.2294,0.4867,0.00000,0.00000
8,mid,4,6,15,0.40,true,0.10437,0.00342,0.02423,1.91988,0.00355,0.5138,0.1627,0.5515,0.00512,0.00147
8,mid,4,6,15,0.50,true,0.10162,0.00338,0.03443,1.93285,0.00357,0.5859,0.1078,0.6261,0.01809,0.00206
8,mid,4,6,15,0.60,true,0.09650,0.00330,0.04819,1.95176,0.00356,0.6654,0.0663,0.7101,0.03700,0.00244
8,mid,4,6,15,0.70,true,0.08950,0.00319,0.06495,1.97556,0.00354,0.7518,0.0419,0.7982,0.06080,0.00276
8,mid,4,6,15,0.80,true,0.08113,0.00305,0.08439,2.00343,0.00349,0.8405,0.0282,0.8866,0.08867,0.00299
8,mid,4,6,15,0.90,true,0.07150,0.00288,0.10700,2.03574,0.00342,0.9334,0.0191,0.9789,0.12098,0.00319
8,mid,4,6,15,1.00,true,0.06200,0.00270,0.13256,2.07089,0.00334,1.0272,0.0107,1.0745,0.15613,0.00339
8,mid,4,6,15,1.10,true,0.05162,0.00247,0.16130,2.11014,0.00321,1.1258,0.0059,1.1734,0.19538,0.00357
8,mid,4,6,15,1.20,true,0.04200,0.00224,0.19057,2.14918,0.00307,1.2217,0.0035,1.2687,0.23442,0.00375
8,mid,4,6,20,0.00,true,0.04412,0.00230,0.04280,1.99869,0.00253,0.3891,0.5296,0.5443,0.00540,0.00123
8,mid,4,6,20,0.10,true,0.04850,0.00240,0.04176,1.99329,0.00263,0.4311,0.4502,0.5594,0.00000,0.00000
8,mid,4,6,20,0.20,true,0.04750,0.00238,0.04403,1.99657,0.00262,0.4796,0.3726,0.5859,0.00328,0.00125
8,mid,4,6,20,0.30,true,0.04888,0.00241,0.04968,2.00086,0.00268,0.5355,0.3031,0.6262,0.00757,0.00172
8,mid,4,6,20,0.40,true,0.05050,0.00245,0.05842,2.00800,0.00277,0.5957,0.2420,0.6773,0.01471,0.00203
8,mid,4,6,20,0.50,true,0.05162,0.00247,0.07016,2.01864,0.00286,0.6583,0.1862,0.7384,0.02536,0.00234
8,mid,4,6,20,0.60,true,0.04963,0.00243,0.08469,2.03523,0.00289,0.7252,0.1413,0.8057,0.04194,0.00255
8,mid,4,6,20,0.70,true,0.04813,0.00239,0.10191,2.05401,0.00295,0.7927,0.0985,0.8808,0.06072,0.00278
8,mid,4,6,20,0.80,true,0.04450,0.00231,0.12208,2.07788,0.00296,0.8718,0.0699,0.9622,0.08460,0.00298
8,mid,4,6,20,0.90,true,0.03963,0.00218,0.14448,2.10525,0.00294,0.9567,0.0506,1.0473,0.11196,0.00317
8,mid,4,6,20,1.00,true,0.03450,0.00204,0.16841,2.13443,0.00291,1.0429,0.0366,1.1338,0.14115,0.00334
8,mid,4,6,20,1.10,true,0.02950,0.00189,0.19540,2.16657,0.00286,1.1368,0.0259,1.2277,0.17329,0.00347
8,mid,4,6,20,1.20,true,0.02637,0.00179,0.21970,2.19416,0.00285,1.2189,0.0189,1.3103,0.20087,0.00356
8,high,4,12,10,0.00,true,0.19187,0.00440,0.00306,1.81119,0.00442,0.2089,0.5961,0.2526,0.05301,0.00427
8,high,4,12,10,0.10,true,0.22787,0.00469,0.00631,1.77844,0.00474,0.2590,0.4458,0.2685,0.02026,0.00344
8,high,4,12,10,0.20,true,0.25075,0.00485,0.01328,1.76253,0.00495,0.3162,0.3023,0.3108,0.00435,0.00233
8,high,4,12,10,0.30,true,0.26650,0.00494,0.02467,1.75818,0.00515,0.3814,0.1922,0.3737,0.00000,0.00000
8,high,4,12,10,0.40,true,0.26913,0.00496,0.04181,1.77270,0.00531,0.4548,0.1142,0.4510,0.01452,0.00211
8,high,4,12,10,0.50,true,0.26800,0.00495,0.06473,1.79676,0.00549,0.5368,0.0649,0.5386,0.03858,0.00283
8,high,4,12,10,0.60,true,0.25888,0.00490,0.09361,1.83478,0.00565,0.6246,0.0341,0.6321,0.07660,0.00339
8,high,4,12,10,0.70,true,0.24863,0.00483,0.12646,1.87790,0.00581,0.7161,0.0191,0.7265,0.11973,0.00377
8,high,4,12,10,0.80,true,0.23675,0.00475,0.16275,1.92611,0.00595,0.8090,0.0093,0.8224,0.16793,0.00408
8,high,4,12,10,0.90,true,0.22437,0.00466,0.20125,1.97702,0.00608,0.9044,0.0047,0.9190,0.21884,0.00436
8,high,4,12,10,1.00,true,0.21238,0.00457,0.24125,2.02909,0.00619,1.0029,0.0025,1.0178,0.27091,0.00464
8,high,4,12,10,1.10,true,0.20012,0.00447,0.28106,2.08122,0.00626,1.1003,0.0013,1.1153,0.32305,0.00487
8,high,4,12,10,1.20,true,0.19012,0.00439,0.32044,2.13070,0.00633,1.2005,0.0011,1.2149,0.37252,0.00508
8,high,4,12,15,0.00,true,0.10337,0.00340,0.01990,1.91655,0.00352,0.3114,0.5457,0.3827,0.00805,0.00181
8,high,4,12,15,0.10,true,0.11900,0.00362,0.02748,1.90850,0.00380,0.3563,0.4451,0.3987,0.00000,0.00000
8,high,4,12,15,0.20,true,0.13012,0.00376,0.03981,1.90971,0.00404,0.4087,0.3455,0.4326,0.00121,0.00176
8,high,4,12,15,0.30,true,0.13362,0.00380,0.05676,1.92317,0.00420,0.4673,0.2630,0.4800,0.01467,0.00234
8,high,4,12,15,0.40,true,0.13825,0.00386,0.07796,1.93975,0.00441,0.5314,0.1935,0.5413,0.03125,0.00288
8,high,4,12,15,0.50,true,0.13837,0.00386,0.10387,1.96556,0.00458,0.6026,0.1412,0.6116,0.05706,0.00324
8,high,4,12,15,0.60,true,0.13975,0.00388,0.13492,1.99528,0.00479,0.6821,0.0971,0.6952,0.08677,0.00361
8,high,4,12,15,0.70,true,0.13587,0.00383,0.16947,2.03374,0.00494,0.7640,0.0636,0.7833,0.12523,0.00394
8,high,4,12,15,0.80,true,0.13000,0.00376,0.20312,2.07332,0.00503,0.8423,0.0434,0.8660,0.16482,0.00418
8,high,4,12,15,0.90,true,0.12400,0.00368,0.24060,2.11687,0.00511,0.9302,0.0285,0.9575,0.20836,0.00439
8,high,4,12,15,1.00,true,0.11775,0.00360,0.27913,2.16174,0.00518,1.0218,0.0190,1.0513,0.25323,0.00457
8,high,4,12,15,1.10,true,0.11263,0.00353,0.31788,2.20573,0.00524,1.1158,0.0113,1.1484,0.29722,0.00473
8,high,4,12,15,1.20,true,0.10750,0.00346,0.35561,2.24872,0.00527,1.2116,0.0073,1.2450,0.34022,0.00485
8,high,4,12,20,0.00,true,0.05800,0.00261,0.05911,2.00120,0.00298,0.4163,0.5236,0.5371,0.00000,0.00000
8,high,4,12,20,0.10,true,0.06400,0.00274,0.06960,2.00569,0.00318,0.4623,0.4519,0.5529,0.00449,0.00135
8,high,4,12,20,0.20,true,0.07013,0.00285,0.08456,2.01454,0.00341,0.5121,0.3787,0.5818,0.01333,0.00189
8,high,4,12,20,0.30,true,0.07500,0.00294,0.10385,2.02897,0.00364,0.5688,0.3123,0.6236,0.02776,0.00235
8,high,4,12,20,0.40,true,0.07675,0.00298,0.12665,2.05004,0.00381,0.6251,0.2499,0.6743,0.04884,0.00269
8,high,4,12,20,0.50,true,0.07687,0.00298,0.15351,2.07681,0.00397,0.6925,0.2003,0.7353,0.07561,0.00302
8,high,4,12,20,0.60,true,0.07737,0.00299,0.18120,2.10406,0.00413,0.7572,0.1589,0.8001,0.10285,0.00331
8,high,4,12,20,0.70,true,0.07600,0.00296,0.21470,2.13900,0.00427,0.8351,0.1220,0.8785,0.13780,0.00357
8,high,4,12,20,0.80,true,0.07500,0.00294,0.24554,2.17093,0.00438,0.9064,0.0954,0.9529,0.16972,0.00380
8,high,4,12,20,0.90,true,0.07250,0.00290,0.27987,2.20786,0.00446,0.9843,0.0709,1.0360,0.20666,0.00400
8,high,4,12,20,1.00,true,0.06988,0.00285,0.31440,2.24514,0.00452,1.0653,0.0520,1.1220,0.24394,0.00415
8,high,4,12,20,1.10,true,0.06713,0.00280,0.34932,2.28297,0.00456,1.1509,0.0379,1.2114,0.28177,0.00426
8,high,4,12,20,1.20,true,0.06450,0.00275,0.38341,2.31987,0.00458,1.2389,0.0279,1.3020,0.31867,0.00434
8,high,4,3,10,0.00,true,0.12612,0.00371,0.00564,1.87952,0.00374,0.1495,0.5773,0.2797,0.05400,0.00477
8,high,4,3,10,0.10,true,0.16425,0.00414,0.00824,1.84400,0.00419,0.2474,0.4270,0.2958,0.01847,0.00329
8,high,4,3,10,0.20,true,0.18912,0.00438,0.01463,1.82552,0.00448,0.3071,0.2989,0.3371,0.00000,0.00000
8,high,4,3,10,0.30,true,0.19762,0.00445,0.02551,1.82791,0.00463,0.3690,0.2027,0.3934,0.00239,0.00302
8,high,4,3,10,0.40,true,0.20162,0.00449,0.04209,1.84052,0.00479,0.4389,0.1306,0.4649,0.01499,0.00395
8,high,4,3,10,0.50,true,0.19887,0.00446,0.06438,1.86560,0.00493,0.5138,0.0800,0.5451,0.04008,0.00456
8,high,4,3,10,0.60,true,0.19275,0.00441,0.09112,1.89852,0.00505,0.5919,0.0489,0.6290,0.07300,0.00505
8,high,4,3,10,0.70,true,0.18263,0.00432,0.12448,1.94210,0.00516,0.6789,0.0260,0.7220,0.11657,0.00542
8,high,4,3,10,0.80,true,0.17738,0.00427,0.16046,1.98344,0.00532,0.7695,0.0131,0.8180,0.15791,0.00575
8,high,4,3,10,0.90,true,0.17000,0.00420,0.19767,2.02817,0.00544,0.8599,0.0071,0.9115,0.20264,0.00599
8,high,4,3,10,1.00,true,0.15825,0.00408,0.23718,2.07961,0.00549,0.9519,0.0036,1.0060,0.25409,0.00615
8,high,4,3,10,1.10,true,0.14750,0.00396,0.27719,2.13059,0.00552,1.0456,0.0016,1.1021,0.30507,0.00628
8,high,4,3,10,1.20,true,0.13725,0.00385,0.31628,2.18020,0.00552,1.1391,0.0007,1.1977,0.35468,0.00636
8,high,4,3,15,0.00,true,0.07287,0.00291,0.03677,1.96395,0.00313,0.2700,0.5342,0.4454,0.00264,0.00405
8,high,4,3,15,0.10,true,0.07988,0.00303,0.04365,1.96384,0.00330,0.3739,0.4491,0.4599,0.00252,0.00289
8,high,4,3,15,0.20,true,0.09413,0.00326,0.05536,1.96132,0.00362,0.4302,0.3621,0.4921,0.00000,0.00000
8,high,4,3,15,0.30,true,0.09538,0.00328,0.07183,1.97658,0.00375,0.4864,0.2881,0.5357,0.01526,0.00256
8,high,4,3,15,0.40,true,0.09650,0.00330,0.09298,1.99664,0.00391,0.5465,0.2229,0.5920,0.03533,0.00344
8,high,4,3,15,0.50,true,0.09888,0.00334,0.11749,2.01886,0.00410,0.6115,0.1702,0.6576,0.05754,0.00403
8,high,4,3,15,0.60,true,0.09763,0.00332,0.14581,2.04852,0.00425,0.6796,0.1251,0.7314,0.08720,0.00445
8,high,4,3,15,0.70,true,0.09237,0.00324,0.17733,2.08542,0.00433,0.7521,0.0906,0.8101,0.12410,0.00466
8,high,4,3,15,0.80,true,0.08837,0.00317,0.20967,2.12191,0.00441,0.8266,0.0651,0.8913,0.16060,0.00486
8,high,4,3,15,0.90,true,0.08275,0.00308,0.24417,2.16223,0.00445,0.9061,0.0465,0.9767,0.20091,0.00497
8,high,4,3,15,1.00,true,0.08175,0.00306,0.27920,2.19849,0.00456,0.9913,0.0325,1.0680,0.23717,0.00514
8,high,4,3,15,1.10,true,0.07650,0.00297,0.31512,2.23994,0.00457,1.0794,0.0241,1.1597,0.27863,0.00519
8,high,4,3,15,1.20,true,0.07112,0.00287,0.35000,2.28052,0.00455,1.1642,0.0160,1.2503,0.31921,0.00523
8,high,4,3,20,0.00,true,0.05050,0.00245,0.09857,2.04829,0.00307,0.4347,0.5334,0.6370,0.00000,0.00000
8,high,4,3,20,0.10,true,0.05200,0.00248,0.10711,2.05533,0.00317,0.5114,0.4691,0.6500,0.00704,0.00286
8,high,4,3,20,0.20,true,0.05300,0.00250,0.12075,2.06801,0.00328,0.5687,0.4047,0.6777,0.01972,0.00343
8,high,4,3,20,0.30,true,0.05675,0.00259,0.13596,2.07951,0.00347,0.6215,0.3534,0.7124,0.03123,0.00377
8,high,4,3,20,0.40,true,0.05838,0.00262,0.15571,2.09772,0.00363,0.6731,0.2959,0.7586,0.04944,0.00400
8,high,4,3,20,0.50,true,0.05887,0.00263,0.17782,2.11944,0.00376,0.7290,0.2478,0.8113,0.07115,0.00422
8,high,4,3,20,0.60,true,0.05638,0.00258,0.20287,2.14713,0.00384,0.7877,0.2049,0.8705,0.09884,0.00434
8,high,4,3,20,0.70,true,0.05775,0.00261,0.22823,2.17127,0.00399,0.8507,0.1702,0.9348,0.12299,0.00455
8,high,4,3,20,0.80,true,0.05700,0.00259,0.25690,2.20091,0.00410,0.9212,0.1400,1.0085,0.15262,0.00469
8,high,4,3,20,0.90,true,0.05538,0.00256,0.28572,2.23160,0.00417,0.9905,0.1135,1.0838,0.18331,0.00482
8,high,4,3,20,1.00,true,0.05200,0.00248,0.31486,2.26440,0.00419,1.0601,0.0916,1.1601,0.21611,0.00490
8,high,4,3,20,1.10,true,0.04975,0.00243,0.34561,2.29775,0.00423,1.1340,0.0697,1.2450,0.24946,0.00499
8,high,4,3,20,1.20,true,0.04650,0.00235,0.37712,2.33292,0.00421,1.2092,0.0492,1.3339,0.28463,0.00505
8,high,4,6,10,0.00,true,0.13025,0.00376,0.00480,1.87455,0.00379,0.2072,0.5499,0.2781,0.03346,0.00308
8,high,4,6,10,0.10,true,0.15275,0.00402,0.00430,1.85156,0.00405,0.2547,0.3976,0.2993,0.01047,0.00220
8,high,4,6,10,0.20,true,0.16512,0.00415,0.00620,1.84109,0.00419,0.3124,0.2623,0.3443,0.00000,0.00000
8,high,4,6,10,0.30,true,0.16937,0.00419,0.01093,1.84158,0.00426,0.3810,0.1654,0.4079,0.00049,0.00191
8,high,4,6,10,0.40,true,0.16612,0.00416,0.01928,1.85321,0.00428,0.4570,0.0989,0.4842,0.01212,0.00253
8,high,4,6,10,0.50,true,0.15850,0.00408,0.03205,1.87365,0.00428,0.5409,0.0541,0.5716,0.03256,0.00297
8,high,4,6,10,0.60,true,0.14750,0.00396,0.04867,1.90134,0.00425,0.6256,0.0271,0.6602,0.06025,0.00329
8,high,4,6,10,0.70,true,0.13087,0.00377,0.07158,1.94098,0.00418,0.7230,0.0128,0.7587,0.09990,0.00360
8,high,4,6,10,0.80,true,0.11275,0.00354,0.09903,1.98672,0.00407,0.8243,0.0068,0.8591,0.14563,0.00394
8,high,4,6,10,0.90,true,0.09863,0.00333,0.12824,2.03025,0.00398,0.9202,0.0031,0.9548,0.18916,0.00417
8,high,4,6,10,1.00,true,0.08275,0.00308,0.16055,2.07870,0.00384,1.0171,0.0016,1.0507,0.23761,0.00440
8,high,4,6,10,1.10,true,0.06863,0.00283,0.19564,2.12825,0.00368,1.1166,0.0013,1.1488,0.28716,0.00459
8,high,4,6,10,1.20,true,0.05763,0.00261,0.23368,2.17772,0.00355,1.2199,0.0001,1.2522,0.33664,0.00473
8,high,4,6,15,0.00,true,0.06062,0.00267,0.03317,1.97258,0.00285,0.3139,0.5257,0.4433,0.00867,0.00208
8,high,4,6,15,0.10,true,0.06900,0.00283,0.03296,1.96401,0.00301,0.3608,0.4294,0.4627,0.00010,0.00148
8,high,4,6,15,0.20,true,0.07300,0.00291,0.03683,1.96391,0.00311,0.4118,0.3329,0.4974,0.00000,0.00000
8,high,4,6,15,0.30,true,0.07625,0.00297,0.04479,1.96867,0.00322,0.4698,0.2503,0.5464,0.00476,0.00141
8,high,4,6,15,0.40,true,0.07587,0.00296,0.05692,1.98124,0.00328,0.5379,0.1872,0.6074,0.01733,0.00199
8,high,4,6,15,0.50,true,0.07487,0.00294,0.07276,1.99817,0.00335,0.6074,0.1342,0.6770,0.03426,0.00235
8,high,4,6,15,0.60,true,0.07050,0.00286,0.09294,2.02286,0.00338,0.6829,0.0900,0.7561,0.05895,0.00266
8,high,4,6,15,0.70,true,0.06438,0.00274,0.11606,2.05227,0.00337,0.7626,0.0595,0.8387,0.08836,0.00292
8,high,4,6,15,0.80,true,0.05975,0.00265,0.14149,2.08254,0.00339,0.8470,0.0407,0.9241,0.11862,0.00312
8,high,4,6,15,0.90,true,0.05325,0.00251,0.16991,2.11772,0.00337,0.9363,0.0276,1.0139,0.15380,0.00331
8,high,4,6,15,1.00,true,0.04587,0.00234,0.20093,2.15644,0.00331,1.0312,0.0203,1.1070,0.19253,0.00350
8,high,4,6,15,1.10,true,0.03988,0.00219,0.23414,2.19606,0.00326,1.1261,0.0117,1.2044,0.23215,0.00365
8,high,4,6,15,1.20,true,0.03325,0.00200,0.26704,2.23603,0.00316,1.2204,0.0079,1.2984,0.27211,0.00379
8,high,4,6,20,0.00,true,0.03213,0.00197,0.10162,2.06971,0.00259,0.4261,0.5286,0.6485,0.00112,0.00098
8,high,4,6,20,0.10,true,0.03363,0.00202,0.10196,2.06858,0.00263,0.4673,0.4558,0.6649,0.00000,0.00000
8,high,4,6,20,0.20,true,0.03463,0.00204,0.10634,2.07203,0.00268,0.5188,0.3886,0.6930,0.00345,0.00106
8,high,4,6,20,0.30,true,0.03550,0.00207,0.11469,2.07960,0.00275,0.5695,0.3223,0.7308,0.01101,0.00139
8,high,4,6,20,0.40,true,0.03725,0.00212,0.12681,2.09009,0.00286,0.6295,0.2663,0.7797,0.02151,0.00176
8,high,4,6,20,0.50,true,0.03712,0.00211,0.14209,2.10565,0.00293,0.6896,0.2145,0.8358,0.03707,0.00204
8,high,4,6,20,0.60,true,0.03550,0.00207,0.16046,2.12584,0.00298,0.7550,0.1703,0.8997,0.05726,0.00232
8,high,4,6,20,0.70,true,0.03300,0.00200,0.18132,2.14943,0.00301,0.8214,0.1306,0.9692,0.08085,0.00258
8,high,4,6,20,0.80,true,0.03138,0.00195,0.20500,2.17503,0.00306,0.8932,0.0947,1.0474,0.10645,0.00285
8,high,4,6,20,0.90,true,0.02850,0.00186,0.23039,2.20363,0.00307,0.9705,0.0694,1.1280,0.13505,0.00305
8,high,4,6,20,1.00,true,0.02587,0.00178,0.25677,2.23302,0.00308,1.0536,0.0527,1.2111,0.16443,0.00325
8,high,4,6,20,1.10,true,0.02250,0.00166,0.28589,2.26598,0.00306,1.1438,0.0390,1.3015,0.19740,0.00339
8,high,4,6,20,1.20,true,0.01975,0.00156,0.31183,2.29512,0.00302,1.2237,0.0303,1.3815,0.22654,0.00351
8,hcp30,4,12,10,0.00,true,0.17087,0.00421,0.05915,1.88937,0.00468,0.4125,0.5931,0.4412,0.00394,0.00222
8,hcp30,4,12,10,0.10,true,0.18525,0.00434,0.06951,1.88543,0.00493,0.4664,0.5169,0.4551,0.00000,0.00000
8,hcp30,4,12,10,0.20,true,0.20150,0.00448,0.08565,1.88555,0.00523,0.5309,0.4441,0.4866,0.00012,0.00231
8,hcp30,4,12,10,0.30,true,0.21125,0.00456,0.10549,1.89600,0.00550,0.5904,0.3756,0.5280,0.01056,0.00313
8,hcp30,4,12,10,0.40,true,0.22125,0.00464,0.12920,1.91022,0.00580,0.6548,0.3117,0.5831,0.02479,0.00382
8,hcp30,4,12,10,0.50,true,0.23037,0.00471,0.15585,1.92842,0.00611,0.7237,0.2547,0.6492,0.04299,0.00443
8,hcp30,4,12,10,0.60,true,0.23187,0.00472,0.18596,1.95792,0.00636,0.7989,0.2072,0.7238,0.07249,0.00498
8,hcp30,4,12,10,0.70,true,0.23362,0.00473,0.21557,1.98681,0.00660,0.8757,0.1703,0.8016,0.10138,0.00538
8,hcp30,4,12,10,0.80,true,0.23200,0.00472,0.24791,2.02207,0.00682,0.9573,0.1369,0.8886,0.13663,0.00583
8,hcp30,4,12,10,0.90,true,0.22900,0.00470,0.27933,2.05797,0.00700,1.0380,0.1102,0.9756,0.17253,0.00614
8,hcp30,4,12,10,1.00,true,0.22275,0.00465,0.31335,2.10003,0.00714,1.1267,0.0883,1.0707,0.21460,0.00651
8,hcp30,4,12,10,1.10,true,0.21800,0.00462,0.34604,2.13951,0.00728,1.2149,0.0692,1.1677,0.25407,0.00683
8,hcp30,4,12,10,1.20,true,0.21125,0.00456,0.37777,2.18025,0.00738,1.3036,0.0550,1.2635,0.29482,0.00706
8,hcp30,4,12,15,0.00,true,0.10450,0.00342,0.14526,2.04468,0.00454,0.6138,0.5483,0.6439,0.00000,0.00000
8,hcp30,4,12,15,0.10,true,0.11213,0.00353,0.15586,2.04782,0.00475,0.6619,0.4936,0.6607,0.00314,0.00167
8,hcp30,4,12,15,0.20,true,0.12125,0.00365,0.17058,2.05381,0.00500,0.7222,0.4425,0.6900,0.00914,0.00243
8,hcp30,4,12,15,0.30,true,0.12900,0.00375,0.18809,2.06413,0.00524,0.7804,0.3922,0.7281,0.01946,0.00304
8,hcp30,4,12,15,0.40,true,0.13175,0.00378,0.20799,2.08205,0.00543,0.8388,0.3467,0.7718,0.03738,0.00352
8,hcp30,4,12,15,0.50,true,0.13287,0.00380,0.23098,2.10492,0.00560,0.9075,0.3078,0.8247,0.06025,0.00401
8,hcp30,4,12,15,0.60,true,0.13300,0.00380,0.25676,2.13187,0.00577,0.9772,0.2676,0.8871,0.08719,0.00447
8,hcp30,4,12,15,0.70,true,0.13300,0.00380,0.28310,2.15969,0.00593,1.0486,0.2327,0.9547,0.11502,0.00487
8,hcp30,4,12,15,0.80,true,0.13337,0.00380,0.30789,2.18566,0.00608,1.1179,0.2050,1.0221,0.14099,0.00522
8,hcp30,4,12,15,0.90,true,0.13050,0.00377,0.33650,2.21911,0.00619,1.1939,0.1770,1.0998,0.17443,0.00562
8,hcp30,4,12,15,1.00,true,0.12912,0.00375,0.36392,2.25005,0.00630,1.2720,0.1536,1.1801,0.20538,0.00591
8,hcp30,4,12,15,1.10,true,0.12500,0.00370,0.39194,2.28461,0.00636,1.3530,0.1343,1.2624,0.23994,0.00615
8,hcp30,4,12,15,1.20,true,0.12412,0.00369,0.41906,2.31519,0.00646,1.4398,0.1185,1.3501,0.27052,0.00642
8,hcp30,4,12,20,0.00,true,0.06613,0.00278,0.24006,2.18286,0.00449,0.8236,0.5222,0.8666,0.00000,0.00000
8,hcp30,4,12,20,0.10,true,0.07125,0.00288,0.24975,2.18777,0.00466,0.8775,0.4848,0.8857,0.00491,0.00134
8,hcp30,4,12,20,0.20,true,0.07225,0.00289,0.26247,2.20007,0.00477,0.9349,0.4472,0.9106,0.01721,0.00200
8,hcp30,4,12,20,0.30,true,0.07362,0.00292,0.27693,2.21397,0.00489,0.9952,0.4122,0.9427,0.03111,0.00252
8,hcp30,4,12,20,0.40,true,0.07612,0.00297,0.29343,2.22900,0.00504,1.0500,0.3736,0.9831,0.04614,0.00303
8,hcp30,4,12,20,0.50,true,0.07700,0.00298,0.31204,2.24802,0.00517,1.1164,0.3410,1.0304,0.06516,0.00350
8,hcp30,4,12,20,0.60,true,0.08013,0.00304,0.33007,2.26434,0.00533,1.1793,0.3116,1.0817,0.08148,0.00392
8,hcp30,4,12,20,0.70,true,0.07988,0.00303,0.35205,2.28842,0.00544,1.2496,0.2801,1.1433,0.10556,0.00437
8,hcp30,4,12,20,0.80,true,0.07950,0.00302,0.37166,2.31023,0.00553,1.3088,0.2529,1.2012,0.12738,0.00471
8,hcp30,4,12,20,0.90,true,0.07775,0.00299,0.39333,2.33581,0.00559,1.3785,0.2285,1.2665,0.15295,0.00503
8,hcp30,4,12,20,1.00,true,0.07762,0.00299,0.41467,2.35963,0.00568,1.4500,0.2061,1.3362,0.17677,0.00531
8,hcp30,4,12,20,1.10,true,0.07562,0.00296,0.43685,2.38645,0.00572,1.5269,0.1874,1.4091,0.20359,0.00557
8,hcp30,4,12,20,1.20,true,0.07312,0.00291,0.45881,2.41370,0.00575,1.5981,0.1678,1.4834,0.23084,0.00578
8,hcp30,4,3,10,0.00,true,0.07737,0.00299,0.10376,2.02890,0.00376,0.1939,0.5640,0.4608,0.02521,0.00434
8,hcp30,4,3,10,0.10,true,0.10300,0.00340,0.11037,2.01007,0.00423,0.4102,0.4723,0.4782,0.00638,0.00304
8,hcp30,4,3,10,0.20,true,0.12225,0.00366,0.12281,2.00369,0.00460,0.4892,0.4063,0.5110,0.00000,0.00000
8,hcp30,4,3,10,0.30,true,0.13100,0.00377,0.14185,2.01469,0.00486,0.5519,0.3390,0.5558,0.01100,0.00305
8,hcp30,4,3,10,0.40,true,0.13775,0.00385,0.16519,2.03226,0.00512,0.6199,0.2869,0.6103,0.02857,0.00405
8,hcp30,4,3,10,0.50,true,0.14475,0.00393,0.19198,2.05330,0.00539,0.6889,0.2403,0.6740,0.04961,0.00488
8,hcp30,4,3,10,0.60,true,0.14600,0.00395,0.21946,2.08096,0.00559,0.7527,0.2029,0.7371,0.07727,0.00544
8,hcp30,4,3,10,0.70,true,0.14350,0.00392,0.25395,2.11993,0.00577,0.8330,0.1694,0.8158,0.11624,0.00586
8,hcp30,4,3,10,0.80,true,0.14150,0.00390,0.28683,2.15696,0.00592,0.9047,0.1383,0.8940,0.15327,0.00617
8,hcp30,4,3,10,0.90,true,0.13737,0.00385,0.32085,2.19757,0.00604,0.9795,0.1130,0.9755,0.19388,0.00647
8,hcp30,4,3,10,1.00,true,0.12825,0.00374,0.35804,2.24684,0.00607,1.0609,0.0915,1.0638,0.24315,0.00665
8,hcp30,4,3,10,1.10,true,0.12475,0.00369,0.39250,2.28799,0.00615,1.1461,0.0751,1.1553,0.28430,0.00681
8,hcp30,4,3,10,1.20,true,0.11862,0.00362,0.42632,2.33140,0.00618,1.2324,0.0630,1.2463,0.32771,0.00692
8,hcp30,4,3,15,0.00,true,0.04963,0.00243,0.21671,2.17482,0.00401,0.2876,0.5364,0.6896,0.00288,0.00307
8,hcp30,4,3,15,0.10,true,0.06025,0.00266,0.22411,2.17194,0.00426,0.5739,0.4808,0.7070,0.00000,0.00000
8,hcp30,4,3,15,0.20,true,0.06938,0.00284,0.23545,2.17478,0.00450,0.6712,0.4296,0.7359,0.00284,0.00297
8,hcp30,4,3,15,0.30,true,0.07612,0.00297,0.25006,2.18355,0.00471,0.7418,0.3843,0.7726,0.01161,0.00378
8,hcp30,4,3,15,0.40,true,0.07512,0.00295,0.26977,2.20550,0.00479,0.8087,0.3411,0.8176,0.03357,0.00431
8,hcp30,4,3,15,0.50,true,0.07662,0.00297,0.29063,2.22640,0.00492,0.8746,0.3032,0.8691,0.05446,0.00462
8,hcp30,4,3,15,0.60,true,0.07625,0.00297,0.31360,2.25157,0.00502,0.9382,0.2666,0.9264,0.07964,0.00493
8,hcp30,4,3,15,0.70,true,0.07225,0.00289,0.33955,2.28373,0.00505,1.0042,0.2331,0.9897,0.11180,0.00515
8,hcp30,4,3,15,0.80,true,0.07237,0.00290,0.36436,2.31078,0.00515,1.0728,0.2063,1.0563,0.13885,0.00542
8,hcp30,4,3,15,0.90,true,0.07087,0.00287,0.39094,2.34159,0.00522,1.1418,0.1795,1.1285,0.16965,0.00564
8,hcp30,4,3,15,1.00,true,0.06950,0.00284,0.41787,2.37292,0.00527,1.2189,0.1595,1.2051,0.20099,0.00585
8,hcp30,4,3,15,1.10,true,0.06813,0.00282,0.44457,2.40430,0.00532,1.2923,0.1387,1.2842,0.23237,0.00602
8,hcp30,4,3,15,1.20,true,0.06425,0.00274,0.47157,2.43877,0.00530,1.3651,0.1196,1.3645,0.26684,0.00613
8,hcp30,4,3,20,0.00,true,0.03012,0.00191,0.32017,2.30530,0.00406,0.4088,0.5294,0.9192,0.00016,0.00260
8,hcp30,4,3,20,0.10,true,0.03625,0.00209,0.32582,2.30514,0.00422,0.6960,0.4770,0.9328,0.00000,0.00000
8,hcp30,4,3,20,0.20,true,0.04163,0.00223,0.33554,2.31019,0.00438,0.8172,0.4406,0.9573,0.00505,0.00257
8,hcp30,4,3,20,0.30,true,0.04375,0.00229,0.34845,2.32201,0.00447,0.9029,0.4081,0.9892,0.01687,0.00326
8,hcp30,4,3,20,0.40,true,0.04850,0.00240,0.36242,2.33251,0.00462,0.9819,0.3785,1.0287,0.02737,0.00374
8,hcp30,4,3,20,0.50,true,0.04850,0.00240,0.37871,2.35038,0.00467,1.0452,0.3450,1.0722,0.04523,0.00407
8,hcp30,4,3,20,0.60,true,0.04662,0.00236,0.39715,2.37264,0.00469,1.1095,0.3139,1.1219,0.06750,0.00424
8,hcp30,4,3,20,0.70,true,0.04625,0.00235,0.41480,2.39283,0.00474,1.1741,0.2865,1.1748,0.08769,0.00448
8,hcp30,4,3,20,0.80,true,0.04625,0.00235,0.43397,2.41448,0.00480,1.2465,0.2641,1.2344,0.10933,0.00472
8,hcp30,4,3,20,0.90,true,0.04512,0.00232,0.45349,2.43784,0.00482,1.3151,0.2422,1.2958,0.13270,0.00494
8,hcp30,4,3,20,1.00,true,0.04437,0.00230,0.47345,2.46157,0.00485,1.3837,0.2207,1.3619,0.15643,0.00514
8,hcp30,4,3,20,1.10,true,0.04312,0.00227,0.49427,2.48704,0.00487,1.4586,0.2018,1.4334,0.18190,0.00531
8,hcp30,4,3,20,1.20,true,0.04437,0.00230,0.51437,2.50949,0.00494,1.5268,0.1793,1.5100,0.20435,0.00555
8,hcp30,4,6,10,0.00,true,0.10988,0.00350,0.07312,1.96443,0.00403,0.4092,0.5456,0.4523,0.00742,0.00204
8,hcp30,4,6,10,0.10,true,0.11912,0.00362,0.07469,1.95701,0.00416,0.4646,0.4666,0.4739,0.00000,0.00000
8,hcp30,4,6,10,0.20,true,0.12312,0.00367,0.08243,1.96121,0.00427,0.5230,0.3892,0.5096,0.00420,0.00197
8,hcp30,4,6,10,0.30,true,0.12900,0.00375,0.09563,1.96921,0.00445,0.5893,0.3215,0.5600,0.01220,0.00281
8,hcp30,4,6,10,0.40,true,0.12912,0.00375,0.11365,1.98802,0.00458,0.6585,0.2632,0.6198,0.03101,0.00346
8,hcp30,4,6,10,0.50,true,0.12487,0.00370,0.13680,2.01664,0.00469,0.7355,0.2151,0.6902,0.05963,0.00404
8,hcp30,4,6,10,0.60,true,0.12212,0.00366,0.16185,2.04585,0.00482,0.8105,0.1747,0.7650,0.08884,0.00453
8,hcp30,4,6,10,0.70,true,0.11363,0.00355,0.19169,2.08601,0.00488,0.8923,0.1396,0.8486,0.12899,0.00495
8,hcp30,4,6,10,0.80,true,0.10662,0.00345,0.22315,2.12655,0.00494,0.9758,0.1110,0.9365,0.16954,0.00534
8,hcp30,4,6,10,0.90,true,0.09675,0.00331,0.25524,2.17080,0.00494,1.0581,0.0891,1.0235,0.21379,0.00570
8,hcp30,4,6,10,1.00,true,0.08837,0.00317,0.28720,2.21364,0.00493,1.1402,0.0710,1.1115,0.25662,0.00596
8,hcp30,4,6,10,1.10,true,0.07787,0.00300,0.32057,2.26036,0.00486,1.2245,0.0556,1.2025,0.30335,0.00616
8,hcp30,4,6,10,1.20,true,0.06950,0.00284,0.35457,2.30595,0.00480,1.3146,0.0427,1.2994,0.34894,0.00631
8,hcp30,4,6,15,0.00,true,0.05525,0.00255,0.17724,2.12669,0.00380,0.6222,0.5214,0.6845,0.00000,0.00000
8,hcp30,4,6,15,0.10,true,0.05775,0.00261,0.17933,2.12679,0.00386,0.6768,0.4735,0.7032,0.00010,0.00134
8,hcp30,4,6,15,0.20,true,0.06100,0.00268,0.18561,2.13058,0.00396,0.7334,0.4225,0.7334,0.00388,0.00207
8,hcp30,4,6,15,0.30,true,0.06100,0.00268,0.19566,2.14162,0.00402,0.7914,0.3739,0.7718,0.01493,0.00268
8,hcp30,4,6,15,0.40,true,0.06125,0.00268,0.20907,2.15601,0.00411,0.8505,0.3277,0.8184,0.02932,0.00319
8,hcp30,4,6,15,0.50,true,0.05838,0.00262,0.22539,2.17666,0.00414,0.9121,0.2874,0.8699,0.04997,0.00362
8,hcp30,4,6,15,0.60,true,0.05738,0.00260,0.24452,2.19855,0.00423,0.9815,0.2510,0.9311,0.07186,0.00406
8,hcp30,4,6,15,0.70,true,0.05675,0.00259,0.26526,2.22187,0.00432,1.0527,0.2192,0.9974,0.09517,0.00448
8,hcp30,4,6,15,0.80,true,0.05513,0.00255,0.28729,2.24765,0.00440,1.1251,0.1921,1.0670,0.12096,0.00485
8,hcp30,4,6,15,0.90,true,0.05175,0.00248,0.31116,2.27731,0.00442,1.2009,0.1683,1.1410,0.15062,0.00518
8,hcp30,4,6,15,1.00,true,0.04888,0.00241,0.33594,2.30763,0.00445,1.2744,0.1436,1.2197,0.18094,0.00547
8,hcp30,4,6,15,1.10,true,0.04487,0.00231,0.36189,2.34055,0.00445,1.3516,0.1217,1.3031,0.21386,0.00570
8,hcp30,4,6,15,1.20,true,0.04125,0.00222,0.38654,2.37182,0.00443,1.4298,0.1057,1.3843,0.24513,0.00587
8,hcp30,4,6,20,0.00,true,0.03138,0.00195,0.29123,2.27072,0.00380,0.8435,0.5224,0.9386,0.00000,0.00000
8,hcp30,4,6,20,0.10,true,0.03050,0.00192,0.29335,2.27439,0.00378,0.8875,0.4830,0.9543,0.00367,0.00112
8,hcp30,4,6,20,0.20,true,0.03138,0.00195,0.29735,2.27841,0.00382,0.9418,0.4472,0.9776,0.00769,0.00161
8,hcp30,4,6,20,0.30,true,0.03075,0.00193,0.30411,2.28695,0.00384,1.0029,0.4145,1.0081,0.01623,0.00214
8,hcp30,4,6,20,0.40,true,0.02975,0.00190,0.31294,2.29815,0.00385,1.0570,0.3785,1.0446,0.02744,0.00259
8,hcp30,4,6,20,0.50,true,0.02850,0.00186,0.32350,2.31155,0.00387,1.1144,0.3459,1.0863,0.04083,0.00300
8,hcp30,4,6,20,0.60,true,0.02700,0.00181,0.33587,2.32721,0.00389,1.1766,0.3165,1.1334,0.05649,0.00340
8,hcp30,4,6,20,0.70,true,0.02600,0.00178,0.34946,2.34378,0.00392,1.2414,0.2903,1.1851,0.07306,0.00375
8,hcp30,4,6,20,0.80,true,0.02562,0.00177,0.36458,2.36153,0.00398,1.3099,0.2645,1.2441,0.09081,0.00413
8,hcp30,4,6,20,0.90,true,0.02463,0.00173,0.38031,2.38069,0.00401,1.3756,0.2397,1.3057,0.10997,0.00444
8,hcp30,4,6,20,1.00,true,0.02363,0.00170,0.39651,2.40047,0.00405,1.4398,0.2158,1.3700,0.12975,0.00472
8,hcp30,4,6,20,1.10,true,0.02388,0.00171,0.41435,2.42099,0.00411,1.5100,0.1916,1.4439,0.15027,0.00502
8,hcp30,4,6,20,1.20,true,0.02325,0.00168,0.43007,2.44002,0.00414,1.5795,0.1771,1.5090,0.16930,0.00523
8,tour,5,12,10,0.00,true,0.38350,0.00544,0.00007,1.61657,0.00544,0.1739,0.7052,0.1925,0.16722,0.00554
8,tour,5,12,10,0.10,true,0.47213,0.00558,0.00026,1.52814,0.00558,0.2206,0.5084,0.2034,0.07879,0.00451
8,tour,5,12,10,0.20,true,0.53550,0.00558,0.00085,1.46535,0.00559,0.2840,0.3027,0.2553,0.01600,0.00304
8,tour,5,12,10,0.30,true,0.55312,0.00556,0.00248,1.44935,0.00559,0.3605,0.1368,0.3419,0.00000,0.00000
8,tour,5,12,10,0.40,true,0.55112,0.00556,0.00525,1.45412,0.00563,0.4372,0.0627,0.4282,0.00477,0.00222
8,tour,5,12,10,0.50,true,0.53963,0.00557,0.01047,1.47085,0.00571,0.5283,0.0225,0.5278,0.02150,0.00299
8,tour,5,12,10,0.60,true,0.52387,0.00558,0.01847,1.49460,0.00581,0.6230,0.0081,0.6260,0.04525,0.00342
8,tour,5,12,10,0.70,true,0.50750,0.00559,0.02993,1.52243,0.00595,0.7215,0.0033,0.7255,0.07308,0.00376
8,tour,5,12,10,0.80,true,0.48900,0.00559,0.04457,1.55557,0.00611,0.8179,0.0012,0.8223,0.10621,0.00408
8,tour,5,12,10,0.90,true,0.46975,0.00558,0.06266,1.59291,0.00628,0.9157,0.0002,0.9203,0.14356,0.00437
8,tour,5,12,10,1.00,true,0.45487,0.00557,0.08289,1.62802,0.00646,1.0154,0.0002,1.0196,0.17867,0.00463
8,tour,5,12,10,1.10,true,0.43975,0.00555,0.10453,1.66478,0.00664,1.1119,0.0000,1.1160,0.21543,0.00488
8,tour,5,12,10,1.20,true,0.42488,0.00553,0.12851,1.70363,0.00682,1.2130,0.0000,1.2169,0.25428,0.00515
8,tour,5,12,15,0.00,true,0.24638,0.00482,0.00089,1.75451,0.00482,0.2428,0.6099,0.2712,0.09583,0.00483
8,tour,5,12,15,0.10,true,0.29125,0.00508,0.00191,1.71066,0.00509,0.2902,0.4790,0.2837,0.05198,0.00421
8,tour,5,12,15,0.20,true,0.31800,0.00521,0.00400,1.68600,0.00524,0.3479,0.3481,0.3206,0.02732,0.00335
8,tour,5,12,15,0.30,true,0.34125,0.00530,0.00772,1.66647,0.00537,0.4137,0.2342,0.3818,0.00779,0.00233
8,tour,5,12,15,0.40,true,0.35525,0.00535,0.01393,1.65868,0.00548,0.4892,0.1419,0.4637,0.00000,0.00000
8,tour,5,12,15,0.50,true,0.35713,0.00536,0.02179,1.66466,0.00556,0.5603,0.0861,0.5435,0.00598,0.00187
8,tour,5,12,15,0.60,true,0.35437,0.00535,0.03339,1.67902,0.00566,0.6459,0.0486,0.6368,0.02034,0.00253
8,tour,5,12,15,0.70,true,0.34425,0.00531,0.04820,1.70395,0.00575,0.7371,0.0297,0.7317,0.04527,0.00300
8,tour,5,12,15,0.80,true,0.33325,0.00527,0.06621,1.73296,0.00586,0.8292,0.0156,0.8292,0.07428,0.00338
8,tour,5,12,15,0.90,true,0.32050,0.00522,0.08719,1.76669,0.00597,0.9229,0.0072,0.9268,0.10801,0.00370
8,tour,5,12,15,1.00,true,0.30862,0.00516,0.11049,1.80186,0.00609,1.0198,0.0033,1.0255,0.14318,0.00397
8,tour,5,12,15,1.10,true,0.29825,0.00511,0.13537,1.83712,0.00621,1.1180,0.0020,1.1238,0.17844,0.00419
8,tour,5,12,15,1.20,true,0.28475,0.00505,0.16253,1.87778,0.00631,1.2182,0.0017,1.2234,0.21910,0.00445
8,tour,5,12,20,0.00,true,0.17250,0.00422,0.00414,1.83164,0.00425,0.3257,0.5766,0.3596,0.04421,0.00358
8,tour,5,12,20,0.10,true,0.19550,0.00443,0.00663,1.81113,0.00448,0.3687,0.4787,0.3712,0.02370,0.00299
8,tour,5,12,20,0.20,true,0.21588,0.00460,0.01092,1.79505,0.00468,0.4232,0.3792,0.4019,0.00762,0.00211
8,tour,5,12,20,0.30,true,0.22987,0.00470,0.01730,1.78742,0.00484,0.4823,0.2868,0.4506,0.00000,0.00000
8,tour,5,12,20,0.40,true,0.23800,0.00476,0.02606,1.78806,0.00497,0.5472,0.2092,0.5136,0.00063,0.00200
8,tour,5,12,20,0.50,true,0.24400,0.00480,0.03655,1.79255,0.00509,0.6153,0.1521,0.5843,0.00513,0.00269
8,tour,5,12,20,0.60,true,0.24238,0.00479,0.05017,1.80780,0.00519,0.6932,0.1119,0.6634,0.02037,0.00308
8,tour,5,12,20,0.70,true,0.24250,0.00479,0.06683,1.82433,0.00532,0.7748,0.0756,0.7530,0.03691,0.00348
8,tour,5,12,20,0.80,true,0.23700,0.00475,0.08619,1.84919,0.00542,0.8589,0.0498,0.8450,0.06176,0.00382
8,tour,5,12,20,0.90,true,0.23100,0.00471,0.10835,1.87735,0.00553,0.9477,0.0315,0.9408,0.08993,0.00408
8,tour,5,12,20,1.00,true,0.22400,0.00466,0.13203,1.90803,0.00563,1.0383,0.0208,1.0359,0.12061,0.00430
8,tour,5,12,20,1.10,true,0.21625,0.00460,0.15763,1.94138,0.00572,1.1304,0.0120,1.1331,0.15396,0.00449
8,tour,5,12,20,1.20,true,0.21038,0.00456,0.18378,1.97341,0.00582,1.2249,0.0066,1.2308,0.18599,0.00467
8,tour,5,3,10,0.00,true,0.16925,0.00419,0.00016,1.83091,0.00419,0.0834,0.5358,0.2102,0.11873,0.00596
8,tour,5,3,10,0.10,true,0.24175,0.00479,0.00031,1.75856,0.00479,0.1867,0.3373,0.2360,0.04638,0.00563
8,tour,5,3,10,0.20,true,0.26725,0.00495,0.00084,1.73359,0.00495,0.2519,0.2081,0.2842,0.02142,0.00483
8,tour,5,3,10,0.30,true,0.28213,0.00503,0.00243,1.72030,0.00505,0.3183,0.1146,0.3516,0.00813,0.00384
8,tour,5,3,10,0.40,true,0.29237,0.00509,0.00594,1.71356,0.00513,0.3919,0.0572,0.4309,0.00139,0.00261
8,tour,5,3,10,0.50,true,0.30000,0.00512,0.01217,1.71217,0.00522,0.4714,0.0268,0.5162,0.00000,0.00000
8,tour,5,3,10,0.60,true,0.29875,0.00512,0.02230,1.72355,0.00530,0.5583,0.0132,0.6058,0.01138,0.00235
8,tour,5,3,10,0.70,true,0.29762,0.00511,0.03610,1.73848,0.00540,0.6455,0.0052,0.6972,0.02631,0.00322
8,tour,5,3,10,0.80,true,0.29613,0.00510,0.05414,1.75801,0.00554,0.7378,0.0030,0.7920,0.04584,0.00387
8,tour,5,3,10,0.90,true,0.29075,0.00508,0.07630,1.78555,0.00568,0.8304,0.0011,0.8883,0.07338,0.00443
8,tour,5,3,10,1.00,true,0.28413,0.00504,0.10148,1.81736,0.00582,0.9225,0.0003,0.9841,0.10519,0.00488
8,tour,5,3,10,1.10,true,0.27613,0.00500,0.13013,1.85401,0.00597,1.0181,0.0000,1.0835,0.14184,0.00533
8,tour,5,3,10,1.20,true,0.26562,0.00494,0.15945,1.89383,0.00609,1.1087,0.0000,1.1778,0.18166,0.00569
8,tour,5,3,15,0.00,true,0.09513,0.00328,0.00219,1.90706,0.00329,0.1209,0.5481,0.3019,0.06989,0.00501
8,tour,5,3,15,0.10,true,0.13225,0.00379,0.00291,1.87066,0.00380,0.2350,0.3924,0.3196,0.03349,0.00463
8,tour,5,3,15,0.20,true,0.15575,0.00405,0.00481,1.84906,0.00408,0.3042,0.2881,0.3571,0.01189,0.00391
8,tour,5,3,15,0.30,true,0.16950,0.00419,0.00871,1.83921,0.00425,0.3697,0.1981,0.4131,0.00204,0.00273
8,tour,5,3,15,0.40,true,0.17813,0.00428,0.01529,1.83717,0.00438,0.4384,0.1329,0.4818,0.00000,0.00000
8,tour,5,3,15,0.50,true,0.17925,0.00429,0.02489,1.84564,0.00445,0.5073,0.0810,0.5581,0.00847,0.00259
8,tour,5,3,15,0.60,true,0.17975,0.00429,0.03800,1.85825,0.00454,0.5827,0.0480,0.6392,0.02108,0.00353
8,tour,5,3,15,0.70,true,0.17688,0.00427,0.05504,1.87816,0.00462,0.6642,0.0290,0.7253,0.04099,0.00417
8,tour,5,3,15,0.80,true,0.17563,0.00425,0.07514,1.89952,0.00474,0.7464,0.0161,0.8130,0.06235,0.00465
8,tour,5,3,15,0.90,true,0.17325,0.00423,0.09890,1.92566,0.00486,0.8338,0.0091,0.9042,0.08849,0.00504
8,tour,5,3,15,1.00,true,0.16850,0.00418,0.12565,1.95715,0.00496,0.9242,0.0065,0.9969,0.11998,0.00534
8,tour,5,3,15,1.10,true,0.16550,0.00415,0.15510,1.98960,0.00509,1.0173,0.0033,1.0942,0.15243,0.00560
8,tour,5,3,15,1.20,true,0.15900,0.00409,0.18449,2.02550,0.00516,1.1050,0.0019,1.1853,0.18833,0.00580
8,tour,5,3,20,0.00,true,0.06538,0.00276,0.01019,1.94481,0.00282,0.1759,0.5374,0.4102,0.03550,0.00403
8,tour,5,3,20,0.10,true,0.08625,0.00314,0.01205,1.92580,0.00320,0.2962,0.4052,0.4253,0.01648,0.00345
8,tour,5,3,20,0.20,true,0.10300,0.00340,0.01585,1.91285,0.00349,0.3758,0.3219,0.4586,0.00354,0.00258
8,tour,5,3,20,0.30,true,0.11213,0.00353,0.02144,1.90931,0.00365,0.4382,0.2533,0.5013,0.00000,0.00000
8,tour,5,3,20,0.40,true,0.11850,0.00361,0.03047,1.91197,0.00380,0.5035,0.1931,0.5591,0.00265,0.00253
8,tour,5,3,20,0.50,true,0.12475,0.00369,0.04365,1.91890,0.00396,0.5768,0.1392,0.6317,0.00959,0.00346
8,tour,5,3,20,0.60,true,0.12275,0.00367,0.05903,1.93628,0.00403,0.6454,0.1019,0.7032,0.02697,0.00403
8,tour,5,3,20,0.70,true,0.11987,0.00363,0.07774,1.95787,0.00411,0.7197,0.0753,0.7807,0.04856,0.00441
8,tour,5,3,20,0.80,true,0.12075,0.00364,0.09861,1.97787,0.00424,0.7941,0.0527,0.8620,0.06856,0.00474
8,tour,5,3,20,0.90,true,0.11875,0.00362,0.12419,2.00544,0.00435,0.8766,0.0338,0.9527,0.09613,0.00494
8,tour,5,3,20,1.00,true,0.11887,0.00362,0.14958,2.03072,0.00448,0.9605,0.0247,1.0400,0.12140,0.00516
8,tour,5,3,20,1.10,true,0.11463,0.00356,0.17665,2.06204,0.00455,1.0402,0.0154,1.1269,0.15272,0.00531
8,tour,5,3,20,1.20,true,0.11138,0.00352,0.20686,2.09551,0.00463,1.1319,0.0100,1.2224,0.18620,0.00542
8,tour,5,6,10,0.00,true,0.22650,0.00468,0.00013,1.77363,0.00468,0.1631,0.5920,0.2018,0.08715,0.00451
8,tour,5,6,10,0.10,true,0.28163,0.00503,0.00006,1.71843,0.00503,0.2118,0.3939,0.2218,0.03195,0.00367
8,tour,5,6,10,0.20,true,0.30975,0.00517,0.00008,1.69033,0.00517,0.2722,0.2177,0.2746,0.00385,0.00244
8,tour,5,6,10,0.30,true,0.31375,0.00519,0.00023,1.68648,0.00519,0.3460,0.1051,0.3502,0.00000,0.00000
8,tour,5,6,10,0.40,true,0.30638,0.00515,0.00064,1.69426,0.00516,0.4329,0.0449,0.4412,0.00778,0.00210
8,tour,5,6,10,0.50,true,0.29100,0.00508,0.00152,1.71052,0.00509,0.5234,0.0175,0.5348,0.02404,0.00275
8,tour,5,6,10,0.60,true,0.26637,0.00494,0.00330,1.73693,0.00497,0.6229,0.0061,0.6353,0.05045,0.00328
8,tour,5,6,10,0.70,true,0.24050,0.00478,0.00640,1.76590,0.00482,0.7240,0.0018,0.7362,0.07942,0.00369
8,tour,5,6,10,0.80,true,0.21375,0.00458,0.01145,1.79770,0.00465,0.8297,0.0008,0.8407,0.11122,0.00404
8,tour,5,6,10,0.90,true,0.18588,0.00435,0.01844,1.83257,0.00446,0.9303,0.0002,0.9407,0.14609,0.00436
8,tour,5,6,10,1.00,true,0.15300,0.00402,0.02813,1.87514,0.00417,1.0317,0.0001,1.0411,0.18866,0.00465
8,tour,5,6,10,1.10,true,0.12362,0.00368,0.04025,1.91664,0.00387,1.1310,0.0001,1.1397,0.23016,0.00487
8,tour,5,6,10,1.20,true,0.09575,0.00329,0.05404,1.95831,0.00352,1.2238,0.0000,1.2321,0.27183,0.00506
8,tour,5,6,15,0.00,true,0.12950,0.00375,0.00130,1.87180,0.00376,0.2426,0.5454,0.2972,0.04048,0.00340
8,tour,5,6,15,0.10,true,0.15113,0.00400,0.00087,1.84975,0.00401,0.2872,0.4183,0.3135,0.01842,0.00292
8,tour,5,6,15,0.20,true,0.16562,0.00416,0.00091,1.83529,0.00416,0.3433,0.2938,0.3534,0.00397,0.00202
8,tour,5,6,15,0.30,true,0.17012,0.00420,0.00145,1.83132,0.00421,0.4074,0.1972,0.4108,0.00000,0.00000
8,tour,5,6,15,0.40,true,0.16937,0.00419,0.00266,1.83328,0.00421,0.4786,0.1208,0.4843,0.00196,0.00199
8,tour,5,6,15,0.50,true,0.16200,0.00412,0.00485,1.84285,0.00415,0.5588,0.0689,0.5691,0.01153,0.00256
8,tour,5,6,15,0.60,true,0.15225,0.00402,0.00828,1.85603,0.00406,0.6463,0.0370,0.6611,0.02471,0.00295
8,tour,5,6,15,0.70,true,0.13650,0.00384,0.01301,1.87651,0.00391,0.7333,0.0201,0.7506,0.04519,0.00323
8,tour,5,6,15,0.80,true,0.12175,0.00366,0.01982,1.89807,0.00375,0.8305,0.0098,0.8493,0.06675,0.00349
8,tour,5,6,15,0.90,true,0.10675,0.00345,0.02914,1.92240,0.00359,0.9338,0.0036,0.9538,0.09107,0.00373
8,tour,5,6,15,1.00,true,0.09100,0.00322,0.03972,1.94873,0.00339,1.0289,0.0014,1.0486,0.11741,0.00394
8,tour,5,6,15,1.10,true,0.07550,0.00295,0.05231,1.97683,0.00318,1.1249,0.0008,1.1434,0.14551,0.00412
8,tour,5,6,15,1.20,true,0.05900,0.00263,0.06828,2.00931,0.00291,1.2286,0.0005,1.2458,0.17799,0.00425
8,tour,5,6,20,0.00,true,0.08600,0.00313,0.00594,1.91994,0.00316,0.3273,0.5339,0.4000,0.01823,0.00269
8,tour,5,6,20,0.10,true,0.09388,0.00326,0.00487,1.91099,0.00328,0.3683,0.4379,0.4136,0.00928,0.00223
8,tour,5,6,20,0.20,true,0.10162,0.00338,0.00480,1.90317,0.00340,0.4184,0.3428,0.4441,0.00146,0.00162
8,tour,5,6,20,0.30,true,0.10412,0.00341,0.00584,1.90171,0.00344,0.4757,0.2601,0.4900,0.00000,0.00000
8,tour,5,6,20,0.40,true,0.10512,0.00343,0.00806,1.90293,0.00347,0.5386,0.1868,0.5504,0.00122,0.00164
8,tour,5,6,20,0.50,true,0.10287,0.00340,0.01158,1.90871,0.00345,0.6096,0.1292,0.6230,0.00699,0.00224
8,tour,5,6,20,0.60,true,0.09825,0.00333,0.01659,1.91834,0.00341,0.6904,0.0907,0.7039,0.01663,0.00259
8,tour,5,6,20,0.70,true,0.09100,0.00322,0.02293,1.93193,0.00333,0.7692,0.0601,0.7871,0.03022,0.00288
8,tour,5,6,20,0.80,true,0.08138,0.00306,0.03139,1.95003,0.00321,0.8578,0.0388,0.8790,0.04831,0.00311
8,tour,5,6,20,0.90,true,0.07350,0.00292,0.04108,1.96759,0.00311,0.9437,0.0240,0.9687,0.06588,0.00331
8,tour,5,6,20,1.00,true,0.06237,0.00270,0.05347,1.99112,0.00295,1.0398,0.0139,1.0673,0.08940,0.00353
8,tour,5,6,20,1.10,true,0.05275,0.00250,0.06726,2.01454,0.00280,1.1334,0.0075,1.1626,0.11283,0.00365
8,tour,5,6,20,1.20,true,0.04412,0.00230,0.08178,2.03770,0.00265,1.2234,0.0043,1.2528,0.13599,0.00376
8,scratch,5,12,10,0.00,true,0.33963,0.00529,0.00018,1.66055,0.00530,0.1852,0.6754,0.2055,0.14207,0.00532
8,scratch,5,12,10,0.10,true,0.41063,0.00550,0.00059,1.58997,0.00551,0.2329,0.4923,0.2178,0.07149,0.00432
8,scratch,5,12,10,0.20,true,0.46487,0.00558,0.00177,1.53690,0.00560,0.2937,0.3058,0.2667,0.01842,0.00296
8,scratch,5,12,10,0.30,true,0.48612,0.00559,0.00460,1.51848,0.00564,0.3675,0.1532,0.3475,0.00000,0.00000
8,scratch,5,12,10,0.40,true,0.48938,0.00559,0.00919,1.51981,0.00570,0.4416,0.0732,0.4322,0.00134,0.00224
8,scratch,5,12,10,0.50,true,0.47625,0.00558,0.01720,1.54095,0.00578,0.5296,0.0329,0.5269,0.02247,0.00299
8,scratch,5,12,10,0.60,true,0.46175,0.00557,0.02889,1.56714,0.00590,0.6216,0.0137,0.6237,0.04866,0.00343
8,scratch,5,12,10,0.70,true,0.44475,0.00556,0.04467,1.59992,0.00604,0.7180,0.0063,0.7219,0.08144,0.00380
8,scratch,5,12,10,0.80,true,0.42825,0.00553,0.06406,1.63581,0.00620,0.8138,0.0024,0.8189,0.11733,0.00411
8,scratch,5,12,10,0.90,true,0.41213,0.00550,0.08710,1.67497,0.00638,0.9136,0.0011,0.9188,0.15649,0.00442
8,scratch,5,12,10,1.00,true,0.39563,0.00547,0.11273,1.71710,0.00656,1.0131,0.0004,1.0184,0.19863,0.00471
8,scratch,5,12,10,1.10,true,0.38250,0.00543,0.13885,1.75635,0.00673,1.1106,0.0002,1.1157,0.23788,0.00497
8,scratch,5,12,10,1.20,true,0.36712,0.00539,0.16744,1.80032,0.00690,1.2110,0.0000,1.2161,0.28184,0.00524
8,scratch,5,12,15,0.00,true,0.20312,0.00450,0.00199,1.79886,0.00451,0.2574,0.5881,0.2918,0.07056,0.00403
8,scratch,5,12,15,0.10,true,0.24038,0.00478,0.00382,1.76344,0.00481,0.3057,0.4662,0.3061,0.03514,0.00328
8,scratch,5,12,15,0.20,true,0.26763,0.00495,0.00743,1.73980,0.00501,0.3644,0.3487,0.3431,0.01150,0.00233
8,scratch,5,12,15,0.30,true,0.28500,0.00505,0.01330,1.72830,0.00516,0.4279,0.2449,0.3996,0.00000,0.00000
8,scratch,5,12,15,0.40,true,0.29337,0.00509,0.02245,1.72907,0.00528,0.4988,0.1560,0.4754,0.00077,0.00226
8,scratch,5,12,15,0.50,true,0.29225,0.00508,0.03383,1.74158,0.00537,0.5692,0.1017,0.5517,0.01327,0.00292
8,scratch,5,12,15,0.60,true,0.28875,0.00507,0.04953,1.76078,0.00549,0.6507,0.0620,0.6404,0.03248,0.00333
8,scratch,5,12,15,0.70,true,0.28150,0.00503,0.06947,1.78798,0.00560,0.7407,0.0362,0.7368,0.05967,0.00374
8,scratch,5,12,15,0.80,true,0.27225,0.00498,0.09218,1.81993,0.00572,0.8325,0.0225,0.8320,0.09163,0.00401
8,scratch,5,12,15,0.90,true,0.26362,0.00493,0.11773,1.85411,0.00585,0.9259,0.0121,0.9300,0.12581,0.00428
8,scratch,5,12,15,1.00,true,0.25362,0.00486,0.14502,1.89140,0.00596,1.0199,0.0067,1.0262,0.16310,0.00448
8,scratch,5,12,15,1.10,true,0.24438,0.00480,0.17427,1.92991,0.00608,1.1172,0.0030,1.1256,0.20160,0.00472
8,scratch,5,12,15,1.20,true,0.23563,0.00474,0.20429,1.96868,0.00618,1.2160,0.0020,1.2244,0.24038,0.00491
8,scratch,5,12,20,0.00,true,0.13625,0.00384,0.00844,1.87219,0.00389,0.3499,0.5582,0.3938,0.02206,0.00271
8,scratch,5,12,20,0.10,true,0.15275,0.00402,0.01232,1.85957,0.00410,0.3924,0.4698,0.4054,0.00943,0.00198
8,scratch,5,12,20,0.20,true,0.16862,0.00419,0.01876,1.85014,0.00432,0.4447,0.3763,0.4356,0.00000,0.00000
8,scratch,5,12,20,0.30,true,0.17650,0.00426,0.02805,1.85155,0.00447,0.5031,0.2920,0.4814,0.00142,0.00197
8,scratch,5,12,20,0.40,true,0.18400,0.00433,0.04027,1.85627,0.00463,0.5667,0.2181,0.5421,0.00613,0.00265
8,scratch,5,12,20,0.50,true,0.18800,0.00437,0.05430,1.86630,0.00477,0.6354,0.1687,0.6080,0.01616,0.00312
8,scratch,5,12,20,0.60,true,0.19125,0.00440,0.07191,1.88066,0.00493,0.7097,0.1230,0.6862,0.03052,0.00348
8,scratch,5,12,20,0.70,true,0.18825,0.00437,0.09281,1.90456,0.00505,0.7894,0.0901,0.7696,0.05443,0.00377
8,scratch,5,12,20,0.80,true,0.18725,0.00436,0.11573,1.92849,0.00519,0.8699,0.0615,0.8583,0.07835,0.00404
8,scratch,5,12,20,0.90,true,0.18213,0.00432,0.14124,1.95912,0.00530,0.9554,0.0433,0.9490,0.10898,0.00424
8,scratch,5,12,20,1.00,true,0.17650,0.00426,0.16859,1.99210,0.00540,1.0425,0.0287,1.0422,0.14196,0.00443
8,scratch,5,12,20,1.10,true,0.17213,0.00422,0.19719,2.02508,0.00551,1.1348,0.0193,1.1387,0.17494,0.00462
8,scratch,5,12,20,1.20,true,0.16700,0.00417,0.22607,2.05909,0.00559,1.2248,0.0117,1.2333,0.20896,0.00475
8,scratch,5,3,10,0.00,true,0.15438,0.00404,0.00047,1.84609,0.00404,0.0934,0.5382,0.2260,0.10107,0.00569
8,scratch,5,3,10,0.10,true,0.21538,0.00460,0.00083,1.78546,0.00460,0.1979,0.3546,0.2496,0.04043,0.00516
8,scratch,5,3,10,0.20,true,0.24350,0.00480,0.00193,1.75843,0.00481,0.2626,0.2275,0.2961,0.01341,0.00421
8,scratch,5,3,10,0.30,true,0.25812,0.00489,0.00488,1.74675,0.00493,0.3294,0.1356,0.3616,0.00173,0.00289
8,scratch,5,3,10,0.40,true,0.26562,0.00494,0.01065,1.74503,0.00502,0.4012,0.0747,0.4386,0.00000,0.00000
8,scratch,5,3,10,0.50,true,0.27050,0.00497,0.02021,1.74971,0.00512,0.4793,0.0380,0.5234,0.00468,0.00266
8,scratch,5,3,10,0.60,true,0.27200,0.00498,0.03408,1.76208,0.00524,0.5633,0.0201,0.6114,0.01705,0.00356
8,scratch,5,3,10,0.70,true,0.26850,0.00495,0.05275,1.78425,0.00536,0.6512,0.0106,0.7033,0.03923,0.00427
8,scratch,5,3,10,0.80,true,0.26362,0.00493,0.07559,1.81197,0.00550,0.7400,0.0046,0.7966,0.06695,0.00479
8,scratch,5,3,10,0.90,true,0.25875,0.00490,0.10247,1.84373,0.00566,0.8330,0.0022,0.8933,0.09871,0.00530
8,scratch,5,3,10,1.00,true,0.25112,0.00485,0.13217,1.88106,0.00580,0.9253,0.0010,0.9893,0.13604,0.00571
8,scratch,5,3,10,1.10,true,0.24463,0.00481,0.16384,1.91925,0.00596,1.0191,0.0003,1.0870,0.17423,0.00607
8,scratch,5,3,10,1.20,true,0.23300,0.00473,0.19654,1.96359,0.00605,1.1099,0.0002,1.1815,0.21857,0.00633
8,scratch,5,3,15,0.00,true,0.08925,0.00319,0.00506,1.91581,0.00321,0.1442,0.5480,0.3320,0.05039,0.00470
8,scratch,5,3,15,0.10,true,0.11588,0.00358,0.00652,1.89064,0.00361,0.2569,0.4068,0.3472,0.02522,0.00403
8,scratch,5,3,15,0.20,true,0.13762,0.00385,0.00988,1.87226,0.00391,0.3260,0.3113,0.3817,0.00683,0.00297
8,scratch,5,3,15,0.30,true,0.15063,0.00400,0.01605,1.86543,0.00410,0.3904,0.2244,0.4343,0.00000,0.00000
8,scratch,5,3,15,0.40,true,0.15388,0.00403,0.02601,1.87213,0.00420,0.4589,0.1559,0.5013,0.00671,0.00289
8,scratch,5,3,15,0.50,true,0.15662,0.00406,0.03896,1.88234,0.00432,0.5260,0.1072,0.5726,0.01692,0.00385
8,scratch,5,3,15,0.60,true,0.15675,0.00406,0.05625,1.89951,0.00443,0.5981,0.0666,0.6528,0.03408,0.00447
8,scratch,5,3,15,0.70,true,0.15550,0.00405,0.07766,1.92217,0.00455,0.6763,0.0409,0.7382,0.05675,0.00490
8,scratch,5,3,15,0.80,true,0.15662,0.00406,0.10083,1.94423,0.00471,0.7560,0.0267,0.8229,0.07880,0.00525
8,scratch,5,3,15,0.90,true,0.15050,0.00400,0.12899,1.97851,0.00479,0.8414,0.0160,0.9136,0.11309,0.00549
8,scratch,5,3,15,1.00,true,0.14588,0.00395,0.15902,2.01318,0.00490,0.9282,0.0088,1.0058,0.14776,0.00569
8,scratch,5,3,15,1.10,true,0.14213,0.00390,0.19121,2.04914,0.00501,1.0219,0.0067,1.1020,0.18371,0.00590
8,scratch,5,3,15,1.20,true,0.13787,0.00385,0.22225,2.08445,0.00509,1.1089,0.0042,1.1931,0.21902,0.00605
8,scratch,5,3,20,0.00,true,0.05813,0.00262,0.02051,1.96239,0.00273,0.2194,0.5339,0.4588,0.02313,0.00368
8,scratch,5,3,20,0.10,true,0.07675,0.00298,0.02357,1.94682,0.00311,0.3359,0.4213,0.4719,0.00756,0.00275
8,scratch,5,3,20,0.20,true,0.09012,0.00320,0.02938,1.93926,0.00338,0.4141,0.3472,0.5017,0.00000,0.00000
8,scratch,5,3,20,0.30,true,0.09613,0.00330,0.03823,1.94211,0.00353,0.4767,0.2803,0.5429,0.00285,0.00255
8,scratch,5,3,20,0.40,true,0.09988,0.00335,0.05027,1.95040,0.00366,0.5400,0.2233,0.5957,0.01113,0.00350
8,scratch,5,3,20,0.50,true,0.10612,0.00344,0.06695,1.96083,0.00386,0.6102,0.1685,0.6640,0.02157,0.00407
8,scratch,5,3,20,0.60,true,0.10600,0.00344,0.08570,1.97971,0.00398,0.6752,0.1274,0.7323,0.04045,0.00442
8,scratch,5,3,20,0.70,true,0.10412,0.00341,0.10747,2.00336,0.00408,0.7450,0.0966,0.8062,0.06410,0.00464
8,scratch,5,3,20,0.80,true,0.10287,0.00340,0.13204,2.02920,0.00419,0.8196,0.0715,0.8871,0.08994,0.00483
8,scratch,5,3,20,0.90,true,0.09913,0.00334,0.16048,2.06140,0.00428,0.9015,0.0522,0.9752,0.12214,0.00499
8,scratch,5,3,20,1.00,true,0.09900,0.00334,0.18748,2.08853,0.00440,0.9772,0.0365,1.0589,0.14927,0.00519
8,scratch,5,3,20,1.10,true,0.09525,0.00328,0.21655,2.12138,0.00446,1.0582,0.0269,1.1458,0.18212,0.00529
8,scratch,5,3,20,1.20,true,0.09012,0.00320,0.24728,2.15726,0.00448,1.1440,0.0198,1.2357,0.21800,0.00535
8,scratch,5,6,10,0.00,true,0.19775,0.00445,0.00031,1.80256,0.00445,0.1743,0.5810,0.2180,0.07414,0.00426
8,scratch,5,6,10,0.10,true,0.24063,0.00478,0.00017,1.75955,0.00478,0.2224,0.3979,0.2374,0.03112,0.00343
8,scratch,5,6,10,0.20,true,0.26813,0.00495,0.00026,1.73214,0.00495,0.2817,0.2295,0.2886,0.00371,0.00220
8,scratch,5,6,10,0.30,true,0.27225,0.00498,0.00067,1.72842,0.00498,0.3538,0.1228,0.3600,0.00000,0.00000
8,scratch,5,6,10,0.40,true,0.26312,0.00492,0.00166,1.73853,0.00493,0.4386,0.0570,0.4487,0.01011,0.00221
8,scratch,5,6,10,0.50,true,0.24838,0.00483,0.00355,1.75518,0.00485,0.5276,0.0254,0.5408,0.02675,0.00284
8,scratch,5,6,10,0.60,true,0.22887,0.00470,0.00698,1.77810,0.00474,0.6253,0.0101,0.6403,0.04968,0.00331
8,scratch,5,6,10,0.70,true,0.20763,0.00453,0.01237,1.80474,0.00461,0.7252,0.0044,0.7399,0.07632,0.00366
8,scratch,5,6,10,0.80,true,0.18300,0.00432,0.02061,1.83762,0.00444,0.8289,0.0014,0.8433,0.10920,0.00397
8,scratch,5,6,10,0.90,true,0.15787,0.00408,0.03122,1.87336,0.00425,0.9282,0.0006,0.9418,0.14493,0.00427
8,scratch,5,6,10,1.00,true,0.13175,0.00378,0.04514,1.91341,0.00401,1.0296,0.0001,1.0424,0.18499,0.00453
8,scratch,5,6,10,1.10,true,0.10600,0.00344,0.06194,1.95598,0.00373,1.1293,0.0001,1.1412,0.22755,0.00474
8,scratch,5,6,10,1.20,true,0.08438,0.00311,0.08007,1.99576,0.00344,1.2219,0.0001,1.2332,0.26734,0.00491
8,scratch,5,6,15,0.00,true,0.10825,0.00347,0.00294,1.89469,0.00349,0.2606,0.5376,0.3276,0.02599,0.00308
8,scratch,5,6,15,0.10,true,0.12125,0.00365,0.00229,1.88104,0.00366,0.3046,0.4185,0.3438,0.01234,0.00258
8,scratch,5,6,15,0.20,true,0.13200,0.00378,0.00256,1.87056,0.00380,0.3595,0.3039,0.3816,0.00186,0.00182
8,scratch,5,6,15,0.30,true,0.13512,0.00382,0.00382,1.86870,0.00384,0.4225,0.2145,0.4354,0.00000,0.00000
8,scratch,5,6,15,0.40,true,0.13612,0.00383,0.00632,1.87020,0.00387,0.4917,0.1392,0.5054,0.00150,0.00173
8,scratch,5,6,15,0.50,true,0.13012,0.00376,0.01045,1.88033,0.00382,0.5690,0.0838,0.5870,0.01163,0.00233
8,scratch,5,6,15,0.60,true,0.12025,0.00364,0.01641,1.89617,0.00372,0.6527,0.0485,0.6750,0.02747,0.00271
8,scratch,5,6,15,0.70,true,0.11163,0.00352,0.02402,1.91241,0.00364,0.7391,0.0290,0.7634,0.04371,0.00300
8,scratch,5,6,15,0.80,true,0.10000,0.00335,0.03441,1.93442,0.00352,0.8324,0.0150,0.8594,0.06573,0.00324
8,scratch,5,6,15,0.90,true,0.08650,0.00314,0.04795,1.96148,0.00337,0.9346,0.0081,0.9617,0.09278,0.00349
8,scratch,5,6,15,1.00,true,0.07437,0.00293,0.06254,1.98821,0.00322,1.0273,0.0034,1.0553,0.11952,0.00367
8,scratch,5,6,15,1.10,true,0.06325,0.00272,0.07940,2.01622,0.00307,1.1224,0.0013,1.1501,0.14753,0.00384
8,scratch,5,6,15,1.20,true,0.04975,0.00243,0.10005,2.05041,0.00284,1.2264,0.0008,1.2526,0.18171,0.00401
8,scratch,5,6,20,0.00,true,0.06738,0.00280,0.01304,1.94567,0.00287,0.3494,0.5278,0.4473,0.01197,0.00206
8,scratch,5,6,20,0.10,true,0.07337,0.00292,0.01173,1.93836,0.00297,0.3892,0.4380,0.4614,0.00465,0.00153
8,scratch,5,6,20,0.20,true,0.07838,0.00300,0.01208,1.93370,0.00306,0.4401,0.3494,0.4917,0.00000,0.00000
8,scratch,5,6,20,0.30,true,0.07863,0.00301,0.01420,1.93558,0.00308,0.4971,0.2734,0.5348,0.00188,0.00141
8,scratch,5,6,20,0.40,true,0.07875,0.00301,0.01820,1.93945,0.00310,0.5590,0.2041,0.5920,0.00575,0.00197
8,scratch,5,6,20,0.50,true,0.07650,0.00297,0.02407,1.94758,0.00309,0.6275,0.1486,0.6594,0.01388,0.00235
8,scratch,5,6,20,0.60,true,0.07337,0.00292,0.03204,1.95868,0.00308,0.7037,0.1062,0.7364,0.02498,0.00263
8,scratch,5,6,20,0.70,true,0.06963,0.00285,0.04164,1.97204,0.00305,0.7809,0.0754,0.8160,0.03833,0.00284
8,scratch,5,6,20,0.80,true,0.06363,0.00273,0.05382,1.99023,0.00300,0.8643,0.0483,0.9048,0.05653,0.00307
8,scratch,5,6,20,0.90,true,0.05638,0.00258,0.06736,2.01105,0.00291,0.9509,0.0343,0.9918,0.07735,0.00326
8,scratch,5,6,20,1.00,true,0.04938,0.00242,0.08395,2.03467,0.00282,1.0440,0.0217,1.0876,0.10096,0.00343
8,scratch,5,6,20,1.10,true,0.04200,0.00224,0.10190,2.06002,0.00272,1.1363,0.0134,1.1817,0.12632,0.00355
8,scratch,5,6,20,1.20,true,0.03575,0.00208,0.12020,2.08461,0.00262,1.2235,0.0079,1.2703,0.15091,0.00363
8,mid,5,12,10,0.00,true,0.27087,0.00497,0.00090,1.73002,0.00498,0.1980,0.6331,0.2253,0.09930,0.00483
8,mid,5,12,10,0.10,true,0.32600,0.00524,0.00244,1.67644,0.00526,0.2473,0.4703,0.2398,0.04572,0.00394
8,mid,5,12,10,0.20,true,0.36350,0.00538,0.00592,1.64242,0.00543,0.3038,0.3064,0.2839,0.01170,0.00270
8,mid,5,12,10,0.30,true,0.38250,0.00543,0.01322,1.63072,0.00556,0.3764,0.1717,0.3586,0.00000,0.00000
8,mid,5,12,10,0.40,true,0.38150,0.00543,0.02339,1.64189,0.00566,0.4458,0.0934,0.4363,0.01117,0.00229
8,mid,5,12,10,0.50,true,0.37575,0.00541,0.03899,1.66324,0.00580,0.5306,0.0459,0.5286,0.03252,0.00298
8,mid,5,12,10,0.60,true,0.36262,0.00538,0.05971,1.69708,0.00595,0.6203,0.0212,0.6239,0.06636,0.00348
8,mid,5,12,10,0.70,true,0.34987,0.00533,0.08487,1.73500,0.00612,0.7157,0.0106,0.7215,0.10427,0.00385
8,mid,5,12,10,0.80,true,0.33487,0.00528,0.11375,1.77888,0.00629,0.8121,0.0049,0.8195,0.14816,0.00421
8,mid,5,12,10,0.90,true,0.32150,0.00522,0.14515,1.82367,0.00646,0.9102,0.0022,0.9183,0.19295,0.00450
8,mid,5,12,10,1.00,true,0.30662,0.00516,0.17868,1.87208,0.00661,1.0092,0.0009,1.0176,0.24136,0.00480
8,mid,5,12,10,1.10,true,0.29175,0.00508,0.21241,1.92070,0.00673,1.1063,0.0005,1.1145,0.28997,0.00506
8,mid,5,12,10,1.20,true,0.27963,0.00502,0.24646,1.96689,0.00686,1.2064,0.0002,1.2145,0.33617,0.00529
8,mid,5,12,15,0.00,true,0.14900,0.00398,0.00715,1.85815,0.00403,0.2824,0.5635,0.3296,0.02887,0.00311
8,mid,5,12,15,0.10,true,0.16887,0.00419,0.01191,1.84304,0.00427,0.3283,0.4504,0.3442,0.01375,0.00221
8,mid,5,12,15,0.20,true,0.19062,0.00439,0.01991,1.82928,0.00454,0.3860,0.3447,0.3807,0.00000,0.00000
8,mid,5,12,15,0.30,true,0.19912,0.00446,0.03175,1.83263,0.00470,0.4472,0.2541,0.4321,0.00335,0.00194
8,mid,5,12,15,0.40,true,0.20775,0.00454,0.04816,1.84042,0.00490,0.5147,0.1720,0.5019,0.01114,0.00274
8,mid,5,12,15,0.50,true,0.20838,0.00454,0.06673,1.85836,0.00505,0.5828,0.1211,0.5725,0.02908,0.00316
8,mid,5,12,15,0.60,true,0.20688,0.00453,0.09088,1.88401,0.00521,0.6610,0.0764,0.6584,0.05473,0.00360
8,mid,5,12,15,0.70,true,0.20250,0.00449,0.11870,1.91621,0.00536,0.7464,0.0492,0.7486,0.08693,0.00390
8,mid,5,12,15,0.80,true,0.19575,0.00444,0.14898,1.95325,0.00548,0.8347,0.0319,0.8407,0.12397,0.00414
8,mid,5,12,15,0.90,true,0.18837,0.00437,0.18139,1.99305,0.00560,0.9265,0.0209,0.9351,0.16377,0.00437
8,mid,5,12,15,1.00,true,0.18038,0.00430,0.21524,2.03491,0.00569,1.0191,0.0127,1.0310,0.20563,0.00457
8,mid,5,12,15,1.10,true,0.17425,0.00424,0.24966,2.07548,0.00580,1.1136,0.0065,1.1288,0.24620,0.00475
8,mid,5,12,15,1.20,true,0.16700,0.00417,0.28412,2.11722,0.00587,1.2106,0.0045,1.2259,0.28793,0.00488
8,mid,5,12,20,0.00,true,0.09350,0.00325,0.02391,1.93041,0.00340,0.3820,0.5411,0.4532,0.00044,0.00152
8,mid,5,12,20,0.10,true,0.10138,0.00337,0.03134,1.92998,0.00358,0.4237,0.4611,0.4654,0.00000,0.00000
8,mid,5,12,20,0.20,true,0.11100,0.00351,0.04282,1.93183,0.00381,0.4749,0.3778,0.4943,0.00185,0.00161
8,mid,5,12,20,0.30,true,0.12012,0.00363,0.05774,1.93762,0.00404,0.5324,0.3033,0.5375,0.00765,0.00223
8,mid,5,12,20,0.40,true,0.12512,0.00370,0.07630,1.95118,0.00424,0.5912,0.2337,0.5925,0.02121,0.00269
8,mid,5,12,20,0.50,true,0.12937,0.00375,0.09617,1.96681,0.00442,0.6545,0.1848,0.6525,0.03684,0.00304
8,mid,5,12,20,0.60,true,0.13337,0.00380,0.12023,1.98688,0.00463,0.7274,0.1418,0.7253,0.05690,0.00339
8,mid,5,12,20,0.70,true,0.13025,0.00376,0.14749,2.01728,0.00475,0.8037,0.1076,0.8032,0.08730,0.00368
8,mid,5,12,20,0.80,true,0.12837,0.00374,0.17650,2.04818,0.00488,0.8836,0.0816,0.8858,0.11820,0.00391
8,mid,5,12,20,0.90,true,0.12762,0.00373,0.20756,2.08000,0.00503,0.9658,0.0575,0.9755,0.15003,0.00415
8,mid,5,12,20,1.00,true,0.12337,0.00368,0.23933,2.11605,0.00512,1.0500,0.0419,1.0639,0.18607,0.00431
8,mid,5,12,20,1.10,true,0.12012,0.00363,0.27207,2.15207,0.00521,1.1381,0.0293,1.1568,0.22209,0.00446
8,mid,5,12,20,1.20,true,0.11475,0.00356,0.30477,2.19018,0.00525,1.2281,0.0216,1.2491,0.26021,0.00458
8,mid,5,3,10,0.00,true,0.13450,0.00381,0.00225,1.86775,0.00383,0.1179,0.5412,0.2541,0.07435,0.00532
8,mid,5,3,10,0.10,true,0.17925,0.00429,0.00343,1.82418,0.00431,0.2176,0.3809,0.2732,0.03079,0.00457
8,mid,5,3,10,0.20,true,0.20588,0.00452,0.00702,1.80115,0.00457,0.2817,0.2520,0.3187,0.00776,0.00330
8,mid,5,3,10,0.30,true,0.22062,0.00464,0.01402,1.79339,0.00474,0.3459,0.1628,0.3790,0.00000,0.00000
8,mid,5,3,10,0.40,true,0.22562,0.00467,0.02588,1.80026,0.00486,0.4156,0.0965,0.4535,0.00687,0.00290
8,mid,5,3,10,0.50,true,0.22762,0.00469,0.04301,1.81540,0.00501,0.4924,0.0566,0.5361,0.02200,0.00405
8,mid,5,3,10,0.60,true,0.22512,0.00467,0.06561,1.84051,0.00515,0.5748,0.0319,0.6243,0.04712,0.00474
8,mid,5,3,10,0.70,true,0.22200,0.00465,0.09269,1.87073,0.00531,0.6600,0.0180,0.7149,0.07733,0.00529
8,mid,5,3,10,0.80,true,0.21813,0.00462,0.12328,1.90522,0.00548,0.7480,0.0106,0.8074,0.11182,0.00571
8,mid,5,3,10,0.90,true,0.21050,0.00456,0.15728,1.94688,0.00562,0.8368,0.0046,0.9018,0.15349,0.00605
8,mid,5,3,10,1.00,true,0.20087,0.00448,0.19383,1.99310,0.00574,0.9296,0.0025,0.9987,0.19971,0.00631
8,mid,5,3,10,1.10,true,0.19275,0.00441,0.23062,2.03807,0.00585,1.0222,0.0009,1.0957,0.24467,0.00654
8,mid,5,3,10,1.20,true,0.18175,0.00431,0.26695,2.08546,0.00590,1.1122,0.0006,1.1895,0.29207,0.00671
8,mid,5,3,15,0.00,true,0.07775,0.00299,0.01652,1.93877,0.00309,0.2001,0.5443,0.3891,0.01983,0.00420
8,mid,5,3,15,0.10,true,0.09650,0.00330,0.02087,1.92438,0.00342,0.3082,0.4321,0.4024,0.00544,0.00301
8,mid,5,3,15,0.20,true,0.10950,0.00349,0.02843,1.91894,0.00367,0.3723,0.3460,0.4321,0.00000,0.00000
8,mid,5,3,15,0.30,true,0.11775,0.00360,0.04067,1.92293,0.00386,0.4354,0.2659,0.4801,0.00399,0.00288
8,mid,5,3,15,0.40,true,0.12325,0.00368,0.05744,1.93422,0.00405,0.4996,0.1992,0.5408,0.01528,0.00399
8,mid,5,3,15,0.50,true,0.12512,0.00370,0.07755,1.95246,0.00420,0.5621,0.1449,0.6078,0.03352,0.00453
8,mid,5,3,15,0.60,true,0.12637,0.00371,0.10159,1.97527,0.00437,0.6298,0.1010,0.6830,0.05633,0.00491
8,mid,5,3,15,0.70,true,0.12525,0.00370,0.12945,2.00428,0.00452,0.7035,0.0689,0.7652,0.08534,0.00518
8,mid,5,3,15,0.80,true,0.12587,0.00371,0.15843,2.03267,0.00468,0.7766,0.0443,0.8484,0.11373,0.00544
8,mid,5,3,15,0.90,true,0.11950,0.00363,0.19012,2.07078,0.00475,0.8573,0.0319,0.9335,0.15183,0.00558
8,mid,5,3,15,1.00,true,0.11238,0.00353,0.22481,2.11264,0.00480,0.9419,0.0204,1.0253,0.19370,0.00569
8,mid,5,3,15,1.10,true,0.10750,0.00346,0.25985,2.15264,0.00486,1.0291,0.0125,1.1193,0.23370,0.00580
8,mid,5,3,15,1.20,true,0.10287,0.00340,0.29413,2.19164,0.00490,1.1177,0.0085,1.2126,0.27270,0.00587
8,mid,5,3,20,0.00,true,0.05162,0.00247,0.05511,2.00352,0.00282,0.3188,0.5291,0.5557,0.00379,0.00309
8,mid,5,3,20,0.10,true,0.06300,0.00272,0.06270,1.99973,0.00311,0.4359,0.4492,0.5694,0.00000,0.00000
8,mid,5,3,20,0.20,true,0.06800,0.00281,0.07372,2.00575,0.00329,0.5039,0.3800,0.5962,0.00602,0.00276
8,mid,5,3,20,0.30,true,0.07237,0.00290,0.08757,2.01525,0.00346,0.5631,0.3245,0.6328,0.01551,0.00355
8,mid,5,3,20,0.40,true,0.07337,0.00292,0.10503,2.03172,0.00360,0.6198,0.2711,0.6790,0.03198,0.00391
8,mid,5,3,20,0.50,true,0.07450,0.00294,0.12698,2.05257,0.00375,0.6813,0.2170,0.7384,0.05284,0.00415
8,mid,5,3,20,0.60,true,0.07337,0.00292,0.15009,2.07684,0.00386,0.7419,0.1760,0.8003,0.07711,0.00437
8,mid,5,3,20,0.70,true,0.07500,0.00294,0.17529,2.10046,0.00402,0.8048,0.1391,0.8700,0.10072,0.00460
8,mid,5,3,20,0.80,true,0.07462,0.00294,0.20205,2.12765,0.00414,0.8727,0.1113,0.9432,0.12791,0.00476
8,mid,5,3,20,0.90,true,0.07225,0.00289,0.23337,2.16141,0.00423,0.9510,0.0866,1.0286,0.16168,0.00488
8,mid,5,3,20,1.00,true,0.07000,0.00285,0.26228,2.19266,0.00429,1.0228,0.0672,1.1087,0.19292,0.00498
8,mid,5,3,20,1.10,true,0.06788,0.00281,0.29094,2.22355,0.00435,1.0943,0.0518,1.1896,0.22381,0.00506
8,mid,5,3,20,1.20,true,0.06850,0.00282,0.32102,2.25314,0.00445,1.1764,0.0390,1.2798,0.25340,0.00522
8,mid,5,6,10,0.00,true,0.15338,0.00403,0.00154,1.84817,0.00404,0.1898,0.5624,0.2469,0.04761,0.00348
8,mid,5,6,10,0.10,true,0.18063,0.00430,0.00106,1.82043,0.00431,0.2378,0.3977,0.2664,0.01988,0.00255
8,mid,5,6,10,0.20,true,0.20087,0.00448,0.00143,1.80055,0.00449,0.2938,0.2399,0.3147,0.00000,0.00000
8,mid,5,6,10,0.30,true,0.20187,0.00449,0.00289,1.80101,0.00451,0.3653,0.1405,0.3821,0.00046,0.00209
8,mid,5,6,10,0.40,true,0.19900,0.00446,0.00597,1.80698,0.00450,0.4457,0.0721,0.4655,0.00642,0.00276
8,mid,5,6,10,0.50,true,0.18862,0.00437,0.01105,1.82243,0.00444,0.5318,0.0365,0.5539,0.02188,0.00320
8,mid,5,6,10,0.60,true,0.17463,0.00424,0.01917,1.84456,0.00436,0.6265,0.0177,0.6498,0.04401,0.00348
8,mid,5,6,10,0.70,true,0.15750,0.00407,0.03071,1.87325,0.00425,0.7246,0.0077,0.7486,0.07269,0.00379
8,mid,5,6,10,0.80,true,0.13700,0.00384,0.04635,1.90942,0.00409,0.8275,0.0039,0.8506,0.10887,0.00408
8,mid,5,6,10,0.90,true,0.11750,0.00360,0.06467,1.94729,0.00393,0.9238,0.0013,0.9468,0.14674,0.00430
8,mid,5,6,10,1.00,true,0.09925,0.00334,0.08694,1.98787,0.00376,1.0247,0.0010,1.0462,0.18732,0.00451
8,mid,5,6,10,1.10,true,0.07988,0.00303,0.11232,2.03273,0.00352,1.1235,0.0001,1.1447,0.23217,0.00469
8,mid,5,6,10,1.20,true,0.06475,0.00275,0.13845,2.07410,0.00332,1.2166,0.0001,1.2370,0.27355,0.00483
8,mid,5,6,15,0.00,true,0.07737,0.00299,0.01206,1.93468,0.00305,0.2835,0.5265,0.3838,0.01312,0.00218
8,mid,5,6,15,0.10,true,0.08413,0.00310,0.01074,1.92662,0.00316,0.3259,0.4179,0.4003,0.00506,0.00156
8,mid,5,6,15,0.20,true,0.09025,0.00320,0.01180,1.92156,0.00326,0.3806,0.3166,0.4359,0.00000,0.00000
8,mid,5,6,15,0.30,true,0.09325,0.00325,0.01534,1.92210,0.00333,0.4434,0.2324,0.4880,0.00054,0.00160
8,mid,5,6,15,0.40,true,0.09200,0.00323,0.02154,1.92956,0.00334,0.5110,0.1611,0.5532,0.00800,0.00219
8,mid,5,6,15,0.50,true,0.08875,0.00318,0.03059,1.94188,0.00334,0.5848,0.1045,0.6297,0.02032,0.00261
8,mid,5,6,15,0.60,true,0.08388,0.00310,0.04245,1.95864,0.00332,0.6640,0.0670,0.7114,0.03708,0.00281
8,mid,5,6,15,0.70,true,0.07750,0.00299,0.05644,1.97904,0.00328,0.7446,0.0417,0.7950,0.05748,0.00305
8,mid,5,6,15,0.80,true,0.07025,0.00286,0.07428,2.00418,0.00323,0.8360,0.0249,0.8881,0.08262,0.00327
8,mid,5,6,15,0.90,true,0.06275,0.00271,0.09582,2.03330,0.00317,0.9347,0.0144,0.9873,0.11174,0.00343
8,mid,5,6,15,1.00,true,0.05475,0.00254,0.11777,2.06333,0.00309,1.0267,0.0091,1.0787,0.14177,0.00362
8,mid,5,6,15,1.10,true,0.04512,0.00232,0.14209,2.09740,0.00296,1.1183,0.0043,1.1711,0.17584,0.00376
8,mid,5,6,15,1.20,true,0.03562,0.00207,0.17038,2.13535,0.00280,1.2198,0.0017,1.2721,0.21379,0.00388
8,mid,5,6,20,0.00,true,0.04437,0.00230,0.04517,2.00081,0.00256,0.3795,0.5202,0.5412,0.00487,0.00173
8,mid,5,6,20,0.10,true,0.04662,0.00236,0.04381,1.99721,0.00260,0.4202,0.4401,0.5566,0.00126,0.00126
8,mid,5,6,20,0.20,true,0.04963,0.00243,0.04554,1.99595,0.00268,0.4727,0.3626,0.5869,0.00000,0.00000
8,mid,5,6,20,0.30,true,0.05137,0.00247,0.05023,1.99891,0.00275,0.5279,0.2932,0.6278,0.00296,0.00108
8,mid,5,6,20,0.40,true,0.05000,0.00244,0.05787,2.00794,0.00276,0.5849,0.2266,0.6795,0.01200,0.00155
8,mid,5,6,20,0.50,true,0.05100,0.00246,0.06840,2.01751,0.00284,0.6495,0.1710,0.7425,0.02156,0.00193
8,mid,5,6,20,0.60,true,0.04913,0.00242,0.08191,2.03294,0.00287,0.7222,0.1275,0.8140,0.03699,0.00222
8,mid,5,6,20,0.70,true,0.04612,0.00235,0.09739,2.05149,0.00288,0.7979,0.0966,0.8886,0.05554,0.00248
8,mid,5,6,20,0.80,true,0.04225,0.00225,0.11607,2.07412,0.00287,0.8793,0.0697,0.9714,0.07817,0.00268
8,mid,5,6,20,0.90,true,0.03562,0.00207,0.13599,2.10077,0.00279,0.9576,0.0480,1.0536,0.10482,0.00292
8,mid,5,6,20,1.00,true,0.03175,0.00196,0.15896,2.12774,0.00277,1.0493,0.0350,1.1445,0.13179,0.00308
8,mid,5,6,20,1.10,true,0.02800,0.00184,0.18289,2.15556,0.00275,1.1371,0.0229,1.2352,0.15962,0.00320
8,mid,5,6,20,1.20,true,0.02475,0.00174,0.20656,2.18266,0.00272,1.2223,0.0151,1.3220,0.18671,0.00328
8,high,5,12,10,0.00,true,0.21962,0.00463,0.00298,1.78335,0.00465,0.2156,0.6076,0.2491,0.06332,0.00447
8,high,5,12,10,0.10,true,0.26300,0.00492,0.00647,1.74347,0.00497,0.2643,0.4595,0.2650,0.02343,0.00365
8,high,5,12,10,0.20,true,0.28875,0.00507,0.01361,1.72487,0.00518,0.3202,0.3170,0.3058,0.00483,0.00263
8,high,5,12,10,0.30,true,0.30650,0.00515,0.02653,1.72003,0.00539,0.3904,0.1911,0.3757,0.00000,0.00000
8,high,5,12,10,0.40,true,0.30775,0.00516,0.04251,1.73477,0.00554,0.4562,0.1139,0.4483,0.01474,0.00215
8,high,5,12,10,0.50,true,0.30200,0.00513,0.06566,1.76368,0.00571,0.5377,0.0621,0.5367,0.04365,0.00290
8,high,5,12,10,0.60,true,0.29225,0.00508,0.09399,1.80177,0.00589,0.6261,0.0350,0.6293,0.08174,0.00341
8,high,5,12,10,0.70,true,0.28000,0.00502,0.12674,1.84679,0.00607,0.7159,0.0165,0.7246,0.12675,0.00385
8,high,5,12,10,0.80,true,0.26687,0.00495,0.16285,1.89605,0.00623,0.8110,0.0094,0.8209,0.17601,0.00418
8,high,5,12,10,0.90,true,0.25238,0.00486,0.20159,1.94932,0.00637,0.9078,0.0048,0.9190,0.22929,0.00451
8,high,5,12,10,1.00,true,0.24063,0.00478,0.24084,2.00036,0.00650,1.0060,0.0025,1.0178,0.28033,0.00478
8,high,5,12,10,1.10,true,0.22925,0.00470,0.27920,2.05016,0.00660,1.1021,0.0010,1.1145,0.33013,0.00501
8,high,5,12,10,1.20,true,0.21925,0.00463,0.31717,2.09821,0.00670,1.2012,0.0008,1.2132,0.37817,0.00520
8,high,5,12,15,0.00,true,0.11463,0.00356,0.01802,1.90341,0.00368,0.3083,0.5492,0.3729,0.00688,0.00272
8,high,5,12,15,0.10,true,0.12862,0.00374,0.02588,1.89727,0.00392,0.3529,0.4477,0.3874,0.00073,0.00202
8,high,5,12,15,0.20,true,0.14250,0.00391,0.03902,1.89654,0.00419,0.4111,0.3520,0.4228,0.00000,0.00000
8,high,5,12,15,0.30,true,0.15088,0.00400,0.05670,1.90585,0.00442,0.4736,0.2715,0.4721,0.00931,0.00175
8,high,5,12,15,0.40,true,0.15588,0.00406,0.07963,1.92379,0.00464,0.5400,0.1990,0.5355,0.02725,0.00240
8,high,5,12,15,0.50,true,0.15712,0.00407,0.10431,1.94724,0.00482,0.6025,0.1427,0.6025,0.05070,0.00291
8,high,5,12,15,0.60,true,0.15712,0.00407,0.13424,1.97719,0.00501,0.6771,0.0994,0.6815,0.08065,0.00326
8,high,5,12,15,0.70,true,0.15363,0.00403,0.16757,2.01405,0.00517,0.7560,0.0663,0.7666,0.11752,0.00356
8,high,5,12,15,0.80,true,0.14925,0.00398,0.20315,2.05405,0.00531,0.8415,0.0453,0.8558,0.15751,0.00388
8,high,5,12,15,0.90,true,0.14375,0.00392,0.24030,2.09676,0.00542,0.9301,0.0304,0.9480,0.20022,0.00412
8,high,5,12,15,1.00,true,0.13812,0.00386,0.27793,2.14008,0.00551,1.0220,0.0213,1.0417,0.24355,0.00432
8,high,5,12,15,1.10,true,0.13200,0.00378,0.31577,2.18414,0.00557,1.1135,0.0132,1.1367,0.28760,0.00449
8,high,5,12,15,1.20,true,0.12712,0.00372,0.35323,2.22659,0.00563,1.2087,0.0082,1.2343,0.33005,0.00465
8,high,5,12,20,0.00,true,0.07200,0.00289,0.05274,1.98083,0.00323,0.4193,0.5372,0.5216,0.00000,0.00000
8,high,5,12,20,0.10,true,0.07725,0.00299,0.06326,1.98609,0.00341,0.4604,0.4655,0.5342,0.00527,0.00136
8,high,5,12,20,0.20,true,0.08275,0.00308,0.07875,1.99608,0.00362,0.5083,0.3880,0.5611,0.01525,0.00194
8,high,5,12,20,0.30,true,0.08862,0.00318,0.09845,2.00992,0.00386,0.5649,0.3198,0.6016,0.02909,0.00243
8,high,5,12,20,0.40,true,0.09287,0.00325,0.12161,2.02884,0.00408,0.6249,0.2591,0.6526,0.04801,0.00284
8,high,5,12,20,0.50,true,0.09488,0.00328,0.14589,2.05116,0.00426,0.6825,0.2080,0.7082,0.07033,0.00319
8,high,5,12,20,0.60,true,0.09713,0.00331,0.17430,2.07736,0.00446,0.7532,0.1670,0.7752,0.09653,0.00349
8,high,5,12,20,0.70,true,0.09675,0.00331,0.20534,2.10882,0.00462,0.8238,0.1283,0.8490,0.12799,0.00377
8,high,5,12,20,0.80,true,0.09425,0.00327,0.23766,2.14371,0.00472,0.9010,0.1023,0.9258,0.16289,0.00396
8,high,5,12,20,0.90,true,0.09237,0.00324,0.27173,2.17974,0.00483,0.9820,0.0797,1.0091,0.19891,0.00419
8,high,5,12,20,1.00,true,0.09125,0.00322,0.30572,2.21496,0.00494,1.0626,0.0596,1.0955,0.23414,0.00437
8,high,5,12,20,1.10,true,0.08800,0.00317,0.34086,2.25348,0.00499,1.1477,0.0440,1.1857,0.27266,0.00453
8,high,5,12,20,1.20,true,0.08363,0.00309,0.37477,2.29193,0.00500,1.2336,0.0336,1.2743,0.31110,0.00460
8,high,5,3,10,0.00,true,0.11875,0.00362,0.00722,1.88848,0.00366,0.1435,0.5396,0.2863,0.04571,0.00480
8,high,5,3,10,0.10,true,0.15125,0.00401,0.01053,1.85929,0.00407,0.2447,0.4012,0.3049,0.01652,0.00341
8,high,5,3,10,0.20,true,0.17500,0.00425,0.01775,1.84277,0.00437,0.3061,0.2852,0.3456,0.00000,0.00000
8,high,5,3,10,0.30,true,0.18588,0.00435,0.03049,1.84465,0.00456,0.3697,0.1962,0.4032,0.00188,0.00330
8,high,5,3,10,0.40,true,0.18738,0.00436,0.04942,1.86211,0.00472,0.4372,0.1269,0.4741,0.01934,0.00437
8,high,5,3,10,0.50,true,0.18900,0.00438,0.07393,1.88503,0.00491,0.5108,0.0798,0.5544,0.04226,0.00507
8,high,5,3,10,0.60,true,0.19187,0.00440,0.10293,1.91121,0.00513,0.5900,0.0493,0.6406,0.06845,0.00557
8,high,5,3,10,0.70,true,0.18738,0.00436,0.13646,1.94933,0.00530,0.6712,0.0294,0.7291,0.10656,0.00596
8,high,5,3,10,0.80,true,0.17838,0.00428,0.17333,1.99532,0.00542,0.7560,0.0184,0.8193,0.15255,0.00617
8,high,5,3,10,0.90,true,0.17188,0.00422,0.21255,2.04119,0.00556,0.8459,0.0115,0.9145,0.19843,0.00644
8,high,5,3,10,1.00,true,0.16550,0.00415,0.25185,2.08706,0.00567,0.9343,0.0058,1.0095,0.24429,0.00663
8,high,5,3,10,1.10,true,0.15862,0.00408,0.29069,2.13301,0.00576,1.0248,0.0034,1.1048,0.29024,0.00676
8,high,5,3,10,1.20,true,0.14988,0.00399,0.32825,2.17960,0.00580,1.1133,0.0019,1.1980,0.33683,0.00683
8,high,5,3,15,0.00,true,0.06650,0.00279,0.04183,1.97540,0.00304,0.2613,0.5384,0.4547,0.00574,0.00344
8,high,5,3,15,0.10,true,0.07975,0.00303,0.04934,1.96966,0.00334,0.3698,0.4526,0.4669,0.00000,0.00000
8,high,5,3,15,0.20,true,0.08600,0.00313,0.06128,1.97537,0.00354,0.4288,0.3736,0.4944,0.00571,0.00289
8,high,5,3,15,0.30,true,0.09438,0.00327,0.07894,1.98468,0.00380,0.4921,0.3056,0.5392,0.01502,0.00395
8,high,5,3,15,0.40,true,0.09350,0.00325,0.10112,2.00779,0.00393,0.5484,0.2395,0.5924,0.03813,0.00436
8,high,5,3,15,0.50,true,0.09888,0.00334,0.12570,2.02706,0.00417,0.6067,0.1850,0.6554,0.05740,0.00476
8,high,5,3,15,0.60,true,0.10025,0.00336,0.15407,2.05416,0.00436,0.6717,0.1405,0.7263,0.08449,0.00501
8,high,5,3,15,0.70,true,0.10138,0.00337,0.18506,2.08414,0.00454,0.7396,0.1035,0.8038,0.11447,0.00526
8,high,5,3,15,0.80,true,0.09825,0.00333,0.21731,2.11966,0.00465,0.8093,0.0760,0.8827,0.15000,0.00542
8,high,5,3,15,0.90,true,0.09075,0.00321,0.25223,2.16229,0.00466,0.8822,0.0528,0.9662,0.19262,0.00550
8,high,5,3,15,1.00,true,0.08800,0.00317,0.28731,2.20036,0.00475,0.9625,0.0371,1.0553,0.23069,0.00562
8,high,5,3,15,1.10,true,0.08325,0.00309,0.32272,2.24081,0.00477,1.0454,0.0267,1.1453,0.27114,0.00567
8,high,5,3,15,1.20,true,0.07888,0.00301,0.35681,2.27961,0.00478,1.1277,0.0189,1.2348,0.30995,0.00572
8,high,5,3,20,0.00,true,0.04562,0.00233,0.11547,2.07014,0.00310,0.4304,0.5244,0.6690,0.00000,0.00000
8,high,5,3,20,0.10,true,0.04788,0.00239,0.12615,2.07858,0.00322,0.5484,0.4620,0.6817,0.00844,0.00303
8,high,5,3,20,0.20,true,0.05287,0.00250,0.13993,2.08739,0.00343,0.6116,0.4065,0.7080,0.01725,0.00358
8,high,5,3,20,0.30,true,0.05575,0.00257,0.15559,2.10023,0.00360,0.6613,0.3554,0.7415,0.03009,0.00384
8,high,5,3,20,0.40,true,0.05550,0.00256,0.17477,2.11974,0.00371,0.7155,0.3106,0.7838,0.04960,0.00403
8,high,5,3,20,0.50,true,0.05725,0.00260,0.19692,2.14027,0.00388,0.7714,0.2656,0.8352,0.07012,0.00426
8,high,5,3,20,0.60,true,0.05375,0.00252,0.22235,2.16934,0.00393,0.8264,0.2218,0.8945,0.09920,0.00435
8,high,5,3,20,0.70,true,0.05262,0.00250,0.24867,2.19699,0.00403,0.8863,0.1866,0.9589,0.12685,0.00448
8,high,5,3,20,0.80,true,0.05362,0.00252,0.27512,2.22267,0.00416,0.9486,0.1567,1.0277,0.15252,0.00468
8,high,5,3,20,0.90,true,0.05713,0.00259,0.30250,2.24682,0.00434,1.0145,0.1286,1.1038,0.17668,0.00492
8,high,5,3,20,1.00,true,0.05450,0.00254,0.33083,2.27810,0.00437,1.0802,0.1052,1.1794,0.20796,0.00501
8,high,5,3,20,1.10,true,0.05175,0.00248,0.35877,2.30916,0.00439,1.1494,0.0879,1.2568,0.23902,0.00507
8,high,5,3,20,1.20,true,0.04825,0.00240,0.38863,2.34299,0.00437,1.2235,0.0697,1.3422,0.27284,0.00512
8,high,5,6,10,0.00,true,0.11837,0.00361,0.00525,1.88687,0.00364,0.2085,0.5487,0.2798,0.03638,0.00343
8,high,5,6,10,0.10,true,0.13775,0.00385,0.00433,1.86658,0.00388,0.2553,0.4006,0.2995,0.01609,0.00284
8,high,5,6,10,0.20,true,0.15288,0.00402,0.00560,1.85274,0.00405,0.3123,0.2638,0.3448,0.00225,0.00195
8,high,5,6,10,0.30,true,0.15887,0.00409,0.00934,1.85050,0.00414,0.3804,0.1644,0.4090,0.00000,0.00000
8,high,5,6,10,0.40,true,0.15488,0.00404,0.01625,1.86143,0.00414,0.4587,0.0978,0.4870,0.01094,0.00175
8,high,5,6,10,0.50,true,0.14800,0.00397,0.02634,1.87844,0.00412,0.5396,0.0546,0.5710,0.02795,0.00233
8,high,5,6,10,0.60,true,0.13587,0.00383,0.04130,1.90560,0.00407,0.6331,0.0286,0.6667,0.05511,0.00286
8,high,5,6,10,0.70,true,0.12087,0.00364,0.06012,1.93953,0.00397,0.7265,0.0144,0.7616,0.08904,0.00321
8,high,5,6,10,0.80,true,0.10662,0.00345,0.08357,1.97740,0.00389,0.8264,0.0069,0.8618,0.12690,0.00352
8,high,5,6,10,0.90,true,0.09337,0.00325,0.10924,2.01653,0.00380,0.9224,0.0041,0.9567,0.16603,0.00373
8,high,5,6,10,1.00,true,0.07775,0.00299,0.13909,2.06229,0.00364,1.0212,0.0016,1.0554,0.21179,0.00396
8,high,5,6,10,1.10,true,0.06388,0.00273,0.17078,2.10820,0.00347,1.1190,0.0009,1.1522,0.25770,0.00412
8,high,5,6,10,1.20,true,0.05063,0.00245,0.20269,2.15376,0.00327,1.2116,0.0007,1.2441,0.30327,0.00428
8,high,5,6,15,0.00,true,0.05725,0.00260,0.03473,1.97752,0.00279,0.3108,0.5227,0.4474,0.00648,0.00141
8,high,5,6,15,0.10,true,0.06263,0.00271,0.03361,1.97105,0.00289,0.3531,0.4233,0.4658,0.00000,0.00000
8,high,5,6,15,0.20,true,0.06513,0.00276,0.03654,1.97150,0.00295,0.4081,0.3307,0.5010,0.00045,0.00148
8,high,5,6,15,0.30,true,0.06838,0.00282,0.04336,1.97512,0.00306,0.4681,0.2516,0.5501,0.00407,0.00197
8,high,5,6,15,0.40,true,0.06763,0.00281,0.05403,1.98660,0.00310,0.5339,0.1861,0.6104,0.01556,0.00233
8,high,5,6,15,0.50,true,0.06663,0.00279,0.06862,2.00229,0.00316,0.6050,0.1303,0.6823,0.03125,0.00265
8,high,5,6,15,0.60,true,0.06413,0.00274,0.08657,2.02288,0.00321,0.6801,0.0875,0.7608,0.05183,0.00291
8,high,5,6,15,0.70,true,0.05962,0.00265,0.10663,2.04761,0.00321,0.7584,0.0611,0.8400,0.07656,0.00310
8,high,5,6,15,0.80,true,0.05337,0.00251,0.13084,2.07830,0.00319,0.8452,0.0403,0.9284,0.10725,0.00329
8,high,5,6,15,0.90,true,0.04700,0.00237,0.15868,2.11281,0.00315,0.9382,0.0239,1.0241,0.14176,0.00347
8,high,5,6,15,1.00,true,0.04000,0.00219,0.18593,2.14739,0.00308,1.0266,0.0161,1.1121,0.17634,0.00358
8,high,5,6,15,1.10,true,0.03313,0.00200,0.21501,2.18372,0.00298,1.1175,0.0103,1.2030,0.21268,0.00371
8,high,5,6,15,1.20,true,0.02637,0.00179,0.24763,2.22358,0.00286,1.2168,0.0058,1.3023,0.25254,0.00380
8,high,5,6,20,0.00,true,0.03225,0.00198,0.10590,2.07388,0.00265,0.4158,0.5201,0.6473,0.00179,0.00100
8,high,5,6,20,0.10,true,0.03388,0.00202,0.10568,2.07209,0.00269,0.4561,0.4486,0.6642,0.00000,0.00000
8,high,5,6,20,0.20,true,0.03612,0.00209,0.10919,2.07343,0.00276,0.5065,0.3770,0.6942,0.00133,0.00108
8,high,5,6,20,0.30,true,0.03787,0.00213,0.11640,2.07898,0.00285,0.5606,0.3125,0.7342,0.00689,0.00146
8,high,5,6,20,0.40,true,0.03662,0.00210,0.12727,2.09123,0.00287,0.6179,0.2525,0.7834,0.01914,0.00176
8,high,5,6,20,0.50,true,0.03587,0.00208,0.14143,2.10632,0.00293,0.6798,0.1988,0.8422,0.03422,0.00211
8,high,5,6,20,0.60,true,0.03375,0.00202,0.15881,2.12603,0.00295,0.7492,0.1539,0.9098,0.05394,0.00245
8,high,5,6,20,0.70,true,0.03175,0.00196,0.17783,2.14729,0.00298,0.8192,0.1199,0.9794,0.07520,0.00265
8,high,5,6,20,0.80,true,0.02825,0.00185,0.20041,2.17368,0.00296,0.8996,0.0925,1.0586,0.10159,0.00291
8,high,5,6,20,0.90,true,0.02463,0.00173,0.22329,2.20052,0.00294,0.9752,0.0706,1.1357,0.12843,0.00305
8,high,5,6,20,1.00,true,0.02287,0.00167,0.24917,2.22857,0.00296,1.0589,0.0507,1.2230,0.15648,0.00320
8,high,5,6,20,1.10,true,0.01937,0.00154,0.27558,2.25895,0.00291,1.1451,0.0381,1.3094,0.18686,0.00329
8,high,5,6,20,1.20,true,0.01700,0.00145,0.30116,2.28739,0.00288,1.2282,0.0286,1.3937,0.21530,0.00338
8,hcp30,5,12,10,0.00,true,0.19325,0.00441,0.05692,1.86473,0.00489,0.4272,0.6069,0.4397,0.01558,0.00333
8,hcp30,5,12,10,0.10,true,0.21600,0.00460,0.06772,1.85289,0.00521,0.4787,0.5293,0.4554,0.00375,0.00236
8,hcp30,5,12,10,0.20,true,0.23600,0.00475,0.08373,1.84914,0.00553,0.5416,0.4575,0.4866,0.00000,0.00000
8,hcp30,5,12,10,0.30,true,0.24875,0.00483,0.10515,1.85823,0.00584,0.6053,0.3819,0.5314,0.00908,0.00225
8,hcp30,5,12,10,0.40,true,0.25775,0.00489,0.12674,1.87131,0.00611,0.6659,0.3242,0.5816,0.02217,0.00306
8,hcp30,5,12,10,0.50,true,0.26338,0.00492,0.15373,1.89338,0.00640,0.7373,0.2671,0.6476,0.04423,0.00384
8,hcp30,5,12,10,0.60,true,0.26538,0.00494,0.18306,1.92160,0.00666,0.8097,0.2158,0.7225,0.07246,0.00450
8,hcp30,5,12,10,0.70,true,0.26700,0.00495,0.21330,1.95129,0.00691,0.8854,0.1726,0.8043,0.10215,0.00503
8,hcp30,5,12,10,0.80,true,0.26713,0.00495,0.24416,1.98328,0.00715,0.9641,0.1370,0.8912,0.13414,0.00549
8,hcp30,5,12,10,0.90,true,0.26400,0.00493,0.27554,2.01929,0.00735,1.0450,0.1077,0.9812,0.17014,0.00587
8,hcp30,5,12,10,1.00,true,0.26038,0.00491,0.30674,2.05583,0.00753,1.1324,0.0869,1.0746,0.20669,0.00621
8,hcp30,5,12,10,1.10,true,0.25412,0.00487,0.33682,2.09408,0.00766,1.2157,0.0690,1.1659,0.24494,0.00647
8,hcp30,5,12,10,1.20,true,0.24763,0.00483,0.36761,2.13364,0.00778,1.3065,0.0545,1.2642,0.28450,0.00673
8,hcp30,5,12,15,0.00,true,0.11825,0.00361,0.13965,2.02528,0.00471,0.6113,0.5532,0.6417,0.00000,0.00000
8,hcp30,5,12,15,0.10,true,0.12500,0.00370,0.15106,2.03014,0.00491,0.6579,0.4986,0.6570,0.00486,0.00168
8,hcp30,5,12,15,0.20,true,0.13337,0.00380,0.16654,2.03766,0.00515,0.7221,0.4500,0.6852,0.01237,0.00249
8,hcp30,5,12,15,0.30,true,0.13887,0.00387,0.18579,2.05201,0.00538,0.7863,0.4018,0.7232,0.02673,0.00321
8,hcp30,5,12,15,0.40,true,0.14463,0.00393,0.20760,2.06892,0.00562,0.8499,0.3532,0.7712,0.04364,0.00378
8,hcp30,5,12,15,0.50,true,0.14675,0.00396,0.22901,2.08913,0.00580,0.9101,0.3154,0.8193,0.06385,0.00421
8,hcp30,5,12,15,0.60,true,0.15150,0.00401,0.25297,2.10952,0.00602,0.9821,0.2812,0.8786,0.08424,0.00463
8,hcp30,5,12,15,0.70,true,0.15125,0.00401,0.27897,2.13720,0.00618,1.0496,0.2458,0.9427,0.11192,0.00502
8,hcp30,5,12,15,0.80,true,0.15213,0.00402,0.30498,2.16397,0.00635,1.1225,0.2161,1.0123,0.13869,0.00538
8,hcp30,5,12,15,0.90,true,0.15338,0.00403,0.33199,2.19164,0.00652,1.1976,0.1868,1.0900,0.16635,0.00575
8,hcp30,5,12,15,1.00,true,0.15238,0.00402,0.35900,2.22178,0.00665,1.2703,0.1590,1.1703,0.19650,0.00607
8,hcp30,5,12,15,1.10,true,0.15038,0.00400,0.38565,2.25280,0.00676,1.3482,0.1367,1.2535,0.22751,0.00631
8,hcp30,5,12,15,1.20,true,0.14775,0.00397,0.41215,2.28452,0.00684,1.4296,0.1182,1.3397,0.25924,0.00653
8,hcp30,5,12,20,0.00,true,0.07850,0.00301,0.23037,2.16085,0.00469,0.8251,0.5369,0.8628,0.00000,0.00000
8,hcp30,5,12,20,0.10,true,0.08263,0.00308,0.24016,2.16685,0.00484,0.8718,0.4983,0.8787,0.00600,0.00135
8,hcp30,5,12,20,0.20,true,0.08675,0.00315,0.25329,2.17644,0.00501,0.9287,0.4589,0.9037,0.01559,0.00201
8,hcp30,5,12,20,0.30,true,0.09050,0.00321,0.26811,2.18831,0.00518,0.9852,0.4207,0.9351,0.02746,0.00252
8,hcp30,5,12,20,0.40,true,0.09375,0.00326,0.28526,2.20325,0.00535,1.0485,0.3851,0.9756,0.04240,0.00309
8,hcp30,5,12,20,0.50,true,0.09475,0.00327,0.30194,2.22009,0.00547,1.1058,0.3546,1.0160,0.05924,0.00349
8,hcp30,5,12,20,0.60,true,0.09650,0.00330,0.32080,2.23863,0.00562,1.1674,0.3224,1.0657,0.07779,0.00391
8,hcp30,5,12,20,0.70,true,0.09888,0.00334,0.34049,2.25762,0.00577,1.2366,0.2942,1.1224,0.09677,0.00430
8,hcp30,5,12,20,0.80,true,0.09825,0.00333,0.36121,2.28085,0.00586,1.3013,0.2661,1.1816,0.12000,0.00465
8,hcp30,5,12,20,0.90,true,0.09875,0.00334,0.38225,2.30350,0.00598,1.3661,0.2381,1.2468,0.14266,0.00498
8,hcp30,5,12,20,1.00,true,0.09863,0.00333,0.40376,2.32749,0.00607,1.4367,0.2143,1.3162,0.16664,0.00528
8,hcp30,5,12,20,1.10,true,0.09888,0.00334,0.42555,2.35161,0.00617,1.5148,0.1945,1.3907,0.19076,0.00558
8,hcp30,5,12,20,1.20,true,0.09800,0.00332,0.44743,2.37718,0.00624,1.5936,0.1764,1.4679,0.21634,0.00586
8,hcp30,5,3,10,0.00,true,0.06613,0.00278,0.12281,2.05986,0.00370,0.1636,0.5362,0.4657,0.02297,0.00406
8,hcp30,5,3,10,0.10,true,0.08712,0.00315,0.12860,2.04490,0.00412,0.3688,0.4367,0.4843,0.00800,0.00301
8,hcp30,5,3,10,0.20,true,0.10800,0.00347,0.14096,2.03689,0.00453,0.4622,0.3751,0.5197,0.00000,0.00000
8,hcp30,5,3,10,0.30,true,0.11762,0.00360,0.16145,2.04864,0.00481,0.5405,0.3186,0.5689,0.01175,0.00310
8,hcp30,5,3,10,0.40,true,0.12350,0.00368,0.18641,2.06891,0.00506,0.6096,0.2697,0.6251,0.03202,0.00419
8,hcp30,5,3,10,0.50,true,0.12950,0.00375,0.21414,2.09210,0.00532,0.6774,0.2287,0.6880,0.05521,0.00491
8,hcp30,5,3,10,0.60,true,0.12912,0.00375,0.24517,2.12528,0.00550,0.7425,0.1906,0.7544,0.08839,0.00541
8,hcp30,5,3,10,0.70,true,0.12750,0.00373,0.27944,2.16341,0.00566,0.8123,0.1567,0.8293,0.12652,0.00576
8,hcp30,5,3,10,0.80,true,0.12662,0.00372,0.31286,2.20016,0.00582,0.8823,0.1300,0.9054,0.16327,0.00613
8,hcp30,5,3,10,0.90,true,0.12587,0.00371,0.34760,2.23850,0.00597,0.9559,0.1050,0.9882,0.20161,0.00641
8,hcp30,5,3,10,1.00,true,0.12487,0.00370,0.38196,2.27708,0.00610,1.0368,0.0881,1.0747,0.24019,0.00667
8,hcp30,5,3,10,1.10,true,0.12225,0.00366,0.41638,2.31776,0.00619,1.1166,0.0704,1.1648,0.28086,0.00685
8,hcp30,5,3,10,1.20,true,0.11613,0.00358,0.45044,2.36190,0.00620,1.1998,0.0584,1.2548,0.32501,0.00696
8,hcp30,5,3,15,0.00,true,0.04050,0.00220,0.23849,2.20713,0.00394,0.2300,0.5405,0.6857,0.00066,0.00291
8,hcp30,5,3,15,0.10,true,0.04750,0.00238,0.24453,2.20646,0.00411,0.4760,0.4638,0.6991,0.00000,0.00000
8,hcp30,5,3,15,0.20,true,0.05350,0.00252,0.25479,2.21135,0.00428,0.5970,0.4226,0.7246,0.00489,0.00268
8,hcp30,5,3,15,0.30,true,0.06137,0.00268,0.27002,2.21968,0.00451,0.6835,0.3765,0.7630,0.01322,0.00363
8,hcp30,5,3,15,0.40,true,0.06525,0.00276,0.28914,2.23626,0.00466,0.7576,0.3354,0.8085,0.02980,0.00410
8,hcp30,5,3,15,0.50,true,0.06488,0.00275,0.31092,2.26004,0.00474,0.8205,0.2954,0.8587,0.05358,0.00443
8,hcp30,5,3,15,0.60,true,0.07050,0.00286,0.33267,2.27803,0.00495,0.8876,0.2633,0.9156,0.07157,0.00482
8,hcp30,5,3,15,0.70,true,0.06850,0.00282,0.35823,2.30790,0.00500,0.9577,0.2355,0.9775,0.10144,0.00509
8,hcp30,5,3,15,0.80,true,0.06850,0.00282,0.38447,2.33673,0.00509,1.0230,0.2065,1.0447,0.13027,0.00533
8,hcp30,5,3,15,0.90,true,0.06650,0.00279,0.41142,2.36865,0.00513,1.0888,0.1800,1.1150,0.16219,0.00550
8,hcp30,5,3,15,1.00,true,0.06450,0.00275,0.43848,2.40104,0.00517,1.1594,0.1575,1.1898,0.19458,0.00569
8,hcp30,5,3,15,1.10,true,0.06438,0.00274,0.46574,2.43208,0.00523,1.2347,0.1380,1.2702,0.22562,0.00589
8,hcp30,5,3,15,1.20,true,0.06288,0.00271,0.49176,2.46347,0.00526,1.3108,0.1231,1.3497,0.25701,0.00601
8,hcp30,5,3,20,0.00,true,0.02600,0.00178,0.35512,2.34797,0.00412,0.3294,0.5278,0.9374,0.00000,0.00000
8,hcp30,5,3,20,0.10,true,0.02900,0.00188,0.36091,2.35116,0.00420,0.6083,0.4663,0.9492,0.00319,0.00246
8,hcp30,5,3,20,0.20,true,0.03637,0.00209,0.36957,2.35320,0.00440,0.7526,0.4282,0.9748,0.00523,0.00311
8,hcp30,5,3,20,0.30,true,0.04263,0.00226,0.38079,2.35924,0.00458,0.8547,0.3980,1.0077,0.01127,0.00348
8,hcp30,5,3,20,0.40,true,0.04600,0.00234,0.39478,2.37128,0.00469,0.9415,0.3692,1.0471,0.02331,0.00374
8,hcp30,5,3,20,0.50,true,0.04600,0.00234,0.41303,2.39148,0.00473,1.0272,0.3386,1.0962,0.04351,0.00399
8,hcp30,5,3,20,0.60,true,0.04550,0.00233,0.43091,2.41199,0.00475,1.0958,0.3100,1.1461,0.06402,0.00422
8,hcp30,5,3,20,0.70,true,0.04350,0.00228,0.45037,2.43586,0.00474,1.1611,0.2823,1.2005,0.08789,0.00444
8,hcp30,5,3,20,0.80,true,0.04225,0.00225,0.46965,2.45913,0.00474,1.2273,0.2580,1.2590,0.11116,0.00464
8,hcp30,5,3,20,0.90,true,0.04088,0.00221,0.49050,2.48455,0.00474,1.2937,0.2321,1.3248,0.13658,0.00486
8,hcp30,5,3,20,1.00,true,0.04275,0.00226,0.50827,2.50361,0.00483,1.3636,0.2144,1.3897,0.15563,0.00511
8,hcp30,5,3,20,1.10,true,0.04150,0.00223,0.52687,2.52684,0.00482,1.4262,0.1959,1.4547,0.17886,0.00526
8,hcp30,5,3,20,1.20,true,0.03950,0.00218,0.54712,2.55314,0.00480,1.4987,0.1780,1.5284,0.20517,0.00539
8,hcp30,5,6,10,0.00,true,0.10013,0.00336,0.07781,1.97902,0.00392,0.4125,0.5465,0.4554,0.00571,0.00265
8,hcp30,5,6,10,0.10,true,0.10625,0.00345,0.07814,1.97348,0.00401,0.4616,0.4643,0.4747,0.00017,0.00186
8,hcp30,5,6,10,0.20,true,0.11300,0.00354,0.08427,1.97332,0.00414,0.5256,0.3953,0.5096,0.00000,0.00000
8,hcp30,5,6,10,0.30,true,0.11488,0.00357,0.09611,1.98397,0.00425,0.5905,0.3265,0.5587,0.01065,0.00198
8,hcp30,5,6,10,0.40,true,0.11638,0.00359,0.11296,2.00025,0.00439,0.6597,0.2634,0.6208,0.02694,0.00283
8,hcp30,5,6,10,0.50,true,0.11450,0.00356,0.13306,2.02339,0.00450,0.7309,0.2134,0.6889,0.05008,0.00343
8,hcp30,5,6,10,0.60,true,0.11250,0.00353,0.15739,2.05118,0.00463,0.8086,0.1701,0.7677,0.07787,0.00396
8,hcp30,5,6,10,0.70,true,0.10450,0.00342,0.18453,2.08806,0.00466,0.8868,0.1357,0.8489,0.11475,0.00439
8,hcp30,5,6,10,0.80,true,0.09713,0.00331,0.21355,2.12651,0.00470,0.9709,0.1098,0.9348,0.15320,0.00472
8,hcp30,5,6,10,0.90,true,0.08750,0.00316,0.24360,2.16843,0.00468,1.0542,0.0893,1.0213,0.19512,0.00508
8,hcp30,5,6,10,1.00,true,0.08100,0.00305,0.27427,2.20814,0.00470,1.1356,0.0686,1.1114,0.23482,0.00534
8,hcp30,5,6,10,1.10,true,0.07412,0.00293,0.30517,2.24870,0.00468,1.2235,0.0554,1.2033,0.27539,0.00557
8,hcp30,5,6,10,1.20,true,0.06775,0.00281,0.33431,2.28705,0.00465,1.3084,0.0460,1.2911,0.31373,0.00576
8,hcp30,5,6,15,0.00,true,0.04975,0.00243,0.18359,2.13874,0.00368,0.6181,0.5189,0.6836,0.00039,0.00138
8,hcp30,5,6,15,0.10,true,0.05175,0.00248,0.18470,2.13835,0.00372,0.6667,0.4678,0.7024,0.00000,0.00000
8,hcp30,5,6,15,0.20,true,0.05287,0.00250,0.18992,2.14321,0.00377,0.7228,0.4163,0.7321,0.00486,0.00137
8,hcp30,5,6,15,0.30,true,0.05412,0.00253,0.19850,2.15152,0.00384,0.7820,0.3706,0.7696,0.01317,0.00197
8,hcp30,5,6,15,0.40,true,0.05262,0.00250,0.21070,2.16647,0.00388,0.8419,0.3256,0.8149,0.02812,0.00253
8,hcp30,5,6,15,0.50,true,0.05212,0.00249,0.22606,2.18384,0.00395,0.9094,0.2864,0.8692,0.04549,0.00300
8,hcp30,5,6,15,0.60,true,0.05112,0.00246,0.24374,2.20427,0.00402,0.9780,0.2506,0.9297,0.06592,0.00346
8,hcp30,5,6,15,0.70,true,0.04963,0.00243,0.26226,2.22615,0.00408,1.0446,0.2202,0.9918,0.08780,0.00384
8,hcp30,5,6,15,0.80,true,0.04550,0.00233,0.28355,2.25379,0.00409,1.1163,0.1924,1.0602,0.11543,0.00415
8,hcp30,5,6,15,0.90,true,0.04400,0.00229,0.30718,2.28149,0.00415,1.1940,0.1644,1.1398,0.14313,0.00452
8,hcp30,5,6,15,1.00,true,0.04175,0.00224,0.32962,2.30872,0.00418,1.2691,0.1441,1.2151,0.17037,0.00483
8,hcp30,5,6,15,1.10,true,0.03862,0.00215,0.35243,2.33741,0.00418,1.3384,0.1221,1.2924,0.19906,0.00505
8,hcp30,5,6,15,1.20,true,0.03450,0.00204,0.37778,2.37010,0.00415,1.4208,0.1038,1.3797,0.23175,0.00528
8,hcp30,5,6,20,0.00,true,0.02975,0.00190,0.29163,2.27315,0.00375,0.8237,0.5155,0.9206,0.00000,0.00000
8,hcp30,5,6,20,0.10,true,0.03012,0.00191,0.29301,2.27482,0.00376,0.8684,0.4767,0.9377,0.00167,0.00110
8,hcp30,5,6,20,0.20,true,0.03138,0.00195,0.29653,2.27802,0.00381,0.9216,0.4384,0.9631,0.00487,0.00164
8,hcp30,5,6,20,0.30,true,0.03100,0.00194,0.30249,2.28551,0.00382,0.9772,0.4025,0.9942,0.01236,0.00209
8,hcp30,5,6,20,0.40,true,0.03037,0.00192,0.31103,2.29607,0.00384,1.0368,0.3681,1.0329,0.02292,0.00258
8,hcp30,5,6,20,0.50,true,0.02950,0.00189,0.32150,2.30903,0.00386,1.0937,0.3331,1.0771,0.03588,0.00301
8,hcp30,5,6,20,0.60,true,0.02775,0.00184,0.33403,2.32519,0.00386,1.1615,0.3048,1.1274,0.05204,0.00342
8,hcp30,5,6,20,0.70,true,0.02587,0.00178,0.34722,2.34222,0.00386,1.2217,0.2773,1.1789,0.06907,0.00373
8,hcp30,5,6,20,0.80,true,0.02388,0.00171,0.36238,2.36169,0.00386,1.2839,0.2480,1.2382,0.08854,0.00404
8,hcp30,5,6,20,0.90,true,0.02237,0.00165,0.37778,2.38095,0.00387,1.3504,0.2255,1.2988,0.10780,0.00434
8,hcp30,5,6,20,1.00,true,0.02175,0.00163,0.39472,2.40126,0.00390,1.4188,0.2007,1.3680,0.12811,0.00460
8,hcp30,5,6,20,1.10,true,0.02100,0.00160,0.41194,2.42209,0.00393,1.4900,0.1800,1.4393,0.14894,0.00486
8,hcp30,5,6,20,1.20,true,0.01925,0.00154,0.42842,2.44317,0.00391,1.5572,0.1624,1.5077,0.17002,0.00503
10,tour,0,12,10,0.00,true,0.27000,0.00496,0.00004,1.73004,0.00496,0.1669,0.6368,0.1973,0.12934,0.00479
10,tour,0,12,10,0.10,true,0.33963,0.00529,0.00010,1.66048,0.00530,0.2142,0.4304,0.2137,0.05978,0.00384
10,tour,0,12,10,0.20,true,0.38712,0.00545,0.00036,1.61324,0.00545,0.2744,0.2435,0.2660,0.01254,0.00252
10,tour,0,12,10,0.30,true,0.40037,0.00548,0.00107,1.60069,0.00549,0.3444,0.1149,0.3414,0.00000,0.00000
10,tour,0,12,10,0.40,true,0.39837,0.00547,0.00262,1.60425,0.00550,0.4267,0.0488,0.4298,0.00355,0.00202
10,tour,0,12,10,0.50,true,0.38950,0.00545,0.00559,1.61609,0.00550,0.5164,0.0149,0.5257,0.01540,0.00260
10,tour,0,12,10,0.60,true,0.37362,0.00541,0.01065,1.63702,0.00551,0.6131,0.0062,0.6226,0.03633,0.00300
10,tour,0,12,10,0.70,true,0.35800,0.00536,0.01824,1.66024,0.00552,0.7117,0.0018,0.7215,0.05955,0.00335
10,tour,0,12,10,0.80,true,0.34263,0.00531,0.02871,1.68609,0.00555,0.8107,0.0002,0.8203,0.08539,0.00360
10,tour,0,12,10,0.90,true,0.32775,0.00525,0.04246,1.71471,0.00560,0.9120,0.0000,0.9209,0.11402,0.00385
10,tour,0,12,10,1.00,true,0.31350,0.00519,0.05900,1.74550,0.00567,1.0118,0.0000,1.0200,0.14480,0.00407
10,tour,0,12,10,1.10,true,0.29925,0.00512,0.07842,1.77917,0.00574,1.1120,0.0000,1.1197,0.17848,0.00429
10,tour,0,12,10,1.20,true,0.28313,0.00504,0.10073,1.81762,0.00580,1.2124,0.0000,1.2197,0.21692,0.00454
10,tour,0,12,15,0.00,true,0.16487,0.00415,0.00085,1.83597,0.00415,0.2415,0.5800,0.2884,0.06844,0.00401
10,tour,0,12,15,0.10,true,0.19687,0.00445,0.00119,1.80431,0.00445,0.2890,0.4478,0.3019,0.03677,0.00349
10,tour,0,12,15,0.20,true,0.22025,0.00463,0.00223,1.78198,0.00465,0.3409,0.3166,0.3392,0.01444,0.00280
10,tour,0,12,15,0.30,true,0.23463,0.00474,0.00425,1.76963,0.00477,0.4042,0.2115,0.3973,0.00209,0.00192
10,tour,0,12,15,0.40,true,0.24013,0.00478,0.00766,1.76754,0.00483,0.4748,0.1334,0.4696,0.00000,0.00000
10,tour,0,12,15,0.50,true,0.23988,0.00477,0.01286,1.77299,0.00487,0.5538,0.0802,0.5530,0.00545,0.00178
10,tour,0,12,15,0.60,true,0.23550,0.00474,0.02027,1.78477,0.00489,0.6385,0.0484,0.6414,0.01723,0.00223
10,tour,0,12,15,0.70,true,0.22837,0.00469,0.03025,1.80188,0.00491,0.7282,0.0271,0.7355,0.03434,0.00265
10,tour,0,12,15,0.80,true,0.21863,0.00462,0.04316,1.82453,0.00492,0.8211,0.0141,0.8319,0.05700,0.00297
10,tour,0,12,15,0.90,true,0.20938,0.00455,0.05897,1.84960,0.00495,0.9163,0.0063,0.9298,0.08206,0.00322
10,tour,0,12,15,1.00,true,0.20112,0.00448,0.07745,1.87633,0.00499,1.0151,0.0039,1.0283,0.10879,0.00342
10,tour,0,12,15,1.10,true,0.19050,0.00439,0.09855,1.90806,0.00502,1.1133,0.0019,1.1268,0.14052,0.00364
10,tour,0,12,15,1.20,true,0.18188,0.00431,0.12187,1.94000,0.00507,1.2129,0.0009,1.2262,0.17246,0.00384
10,tour,0,12,20,0.00,true,0.11762,0.00360,0.00378,1.88615,0.00362,0.3137,0.5454,0.3822,0.02464,0.00291
10,tour,0,12,20,0.10,true,0.13150,0.00378,0.00458,1.87308,0.00380,0.3623,0.4459,0.3957,0.01157,0.00236
10,tour,0,12,20,0.20,true,0.14288,0.00391,0.00658,1.86371,0.00395,0.4137,0.3497,0.4263,0.00219,0.00170
10,tour,0,12,20,0.30,true,0.14850,0.00398,0.01001,1.86151,0.00403,0.4729,0.2676,0.4720,0.00000,0.00000
10,tour,0,12,20,0.40,true,0.15338,0.00403,0.01514,1.86177,0.00412,0.5365,0.1965,0.5315,0.00026,0.00161
10,tour,0,12,20,0.50,true,0.15600,0.00406,0.02231,1.86631,0.00420,0.6072,0.1401,0.6029,0.00480,0.00217
10,tour,0,12,20,0.60,true,0.15500,0.00405,0.03164,1.87664,0.00424,0.6809,0.0950,0.6818,0.01513,0.00255
10,tour,0,12,20,0.70,true,0.15288,0.00402,0.04346,1.89059,0.00429,0.7615,0.0629,0.7677,0.02908,0.00285
10,tour,0,12,20,0.80,true,0.14963,0.00399,0.05778,1.90815,0.00435,0.8465,0.0404,0.8578,0.04664,0.00305
10,tour,0,12,20,0.90,true,0.14300,0.00391,0.07471,1.93171,0.00437,0.9345,0.0242,0.9508,0.07020,0.00328
10,tour,0,12,20,1.00,true,0.13562,0.00383,0.09414,1.95852,0.00439,1.0285,0.0161,1.0460,0.09701,0.00348
10,tour,0,12,20,1.10,true,0.13087,0.00377,0.11557,1.98471,0.00444,1.1246,0.0104,1.1434,0.12319,0.00365
10,tour,0,12,20,1.20,true,0.12400,0.00368,0.13915,2.01517,0.00447,1.2208,0.0061,1.2411,0.15366,0.00383
10,scratch,0,12,10,0.00,true,0.23663,0.00475,0.00015,1.76352,0.00475,0.1783,0.6196,0.2125,0.10817,0.00452
10,scratch,0,12,10,0.10,true,0.29413,0.00509,0.00035,1.70623,0.00510,0.2245,0.4317,0.2281,0.05087,0.00363
10,scratch,0,12,10,0.20,true,0.33425,0.00527,0.00098,1.66673,0.00528,0.2821,0.2557,0.2771,0.01137,0.00247
10,scratch,0,12,10,0.30,true,0.34713,0.00532,0.00248,1.65536,0.00534,0.3516,0.1333,0.3491,0.00000,0.00000
10,scratch,0,12,10,0.40,true,0.34413,0.00531,0.00546,1.66133,0.00536,0.4310,0.0616,0.4347,0.00598,0.00203
10,scratch,0,12,10,0.50,true,0.33637,0.00528,0.01053,1.67415,0.00537,0.5196,0.0249,0.5287,0.01879,0.00267
10,scratch,0,12,10,0.60,true,0.32462,0.00524,0.01851,1.69389,0.00539,0.6146,0.0093,0.6261,0.03853,0.00305
10,scratch,0,12,10,0.70,true,0.31088,0.00517,0.02982,1.71895,0.00542,0.7120,0.0042,0.7235,0.06359,0.00334
10,scratch,0,12,10,0.80,true,0.29925,0.00512,0.04451,1.74526,0.00548,0.8107,0.0011,0.8226,0.08991,0.00358
10,scratch,0,12,10,0.90,true,0.28350,0.00504,0.06280,1.77931,0.00553,0.9099,0.0002,0.9213,0.12395,0.00385
10,scratch,0,12,10,1.00,true,0.26825,0.00495,0.08431,1.81607,0.00558,1.0098,0.0000,1.0206,0.16071,0.00410
10,scratch,0,12,10,1.10,true,0.25300,0.00486,0.10852,1.85553,0.00564,1.1094,0.0000,1.1195,0.20017,0.00434
10,scratch,0,12,10,1.20,true,0.23938,0.00477,0.13481,1.89545,0.00570,1.2093,0.0000,1.2190,0.24010,0.00456
10,scratch,0,12,15,0.00,true,0.13762,0.00385,0.00223,1.86460,0.00386,0.2593,0.5683,0.3154,0.04772,0.00336
10,scratch,0,12,15,0.10,true,0.16187,0.00412,0.00297,1.84110,0.00414,0.3052,0.4425,0.3296,0.02422,0.00284
10,scratch,0,12,15,0.20,true,0.18025,0.00430,0.00494,1.82469,0.00433,0.3569,0.3237,0.3650,0.00781,0.00207
10,scratch,0,12,15,0.30,true,0.19162,0.00440,0.00851,1.81688,0.00446,0.4184,0.2244,0.4197,0.00000,0.00000
10,scratch,0,12,15,0.40,true,0.19362,0.00442,0.01408,1.82045,0.00451,0.4870,0.1494,0.4877,0.00357,0.00178
10,scratch,0,12,15,0.50,true,0.19600,0.00444,0.02211,1.82611,0.00459,0.5646,0.0948,0.5687,0.00923,0.00241
10,scratch,0,12,15,0.60,true,0.19312,0.00441,0.03309,1.83997,0.00464,0.6476,0.0596,0.6553,0.02308,0.00275
10,scratch,0,12,15,0.70,true,0.18812,0.00437,0.04695,1.85883,0.00468,0.7358,0.0373,0.7465,0.04195,0.00305
10,scratch,0,12,15,0.80,true,0.18175,0.00431,0.06401,1.88227,0.00473,0.8259,0.0209,0.8409,0.06539,0.00328
10,scratch,0,12,15,0.90,true,0.17438,0.00424,0.08388,1.90952,0.00478,0.9197,0.0118,0.9370,0.09263,0.00352
10,scratch,0,12,15,1.00,true,0.16700,0.00417,0.10637,1.93938,0.00483,1.0147,0.0056,1.0343,0.12250,0.00371
10,scratch,0,12,15,1.10,true,0.15775,0.00408,0.13148,1.97375,0.00486,1.1136,0.0036,1.1326,0.15687,0.00391
10,scratch,0,12,15,1.20,true,0.14750,0.00396,0.15884,2.01137,0.00488,1.2122,0.0018,1.2315,0.19449,0.00410
10,scratch,0,12,20,0.00,true,0.09275,0.00324,0.00864,1.91589,0.00329,0.3362,0.5342,0.4247,0.01348,0.00212
10,scratch,0,12,20,0.10,true,0.10287,0.00340,0.01001,1.90713,0.00345,0.3843,0.4434,0.4384,0.00471,0.00155
10,scratch,0,12,20,0.20,true,0.11088,0.00351,0.01329,1.90242,0.00358,0.4351,0.3555,0.4675,0.00000,0.00000
10,scratch,0,12,20,0.30,true,0.11550,0.00357,0.01870,1.90321,0.00368,0.4924,0.2780,0.5109,0.00079,0.00146
10,scratch,0,12,20,0.40,true,0.11912,0.00362,0.02643,1.90731,0.00378,0.5547,0.2099,0.5676,0.00489,0.00203
10,scratch,0,12,20,0.50,true,0.11975,0.00363,0.03674,1.91699,0.00385,0.6222,0.1535,0.6347,0.01457,0.00244
10,scratch,0,12,20,0.60,true,0.12025,0.00364,0.04957,1.92933,0.00394,0.6965,0.1121,0.7098,0.02691,0.00269
10,scratch,0,12,20,0.70,true,0.11762,0.00360,0.06529,1.94767,0.00399,0.7741,0.0773,0.7922,0.04526,0.00297
10,scratch,0,12,20,0.80,true,0.11475,0.00356,0.08340,1.96867,0.00406,0.8549,0.0513,0.8787,0.06625,0.00315
10,scratch,0,12,20,0.90,true,0.11088,0.00351,0.10405,1.99319,0.00411,0.9424,0.0349,0.9690,0.09078,0.00333
10,scratch,0,12,20,1.00,true,0.10675,0.00345,0.12692,2.02020,0.00417,1.0325,0.0227,1.0622,0.11778,0.00351
10,scratch,0,12,20,1.10,true,0.10250,0.00339,0.15167,2.04921,0.00422,1.1260,0.0150,1.1573,0.14679,0.00367
10,scratch,0,12,20,1.20,true,0.09675,0.00331,0.17844,2.08174,0.00425,1.2227,0.0101,1.2547,0.17933,0.00386
10,mid,0,12,10,0.00,true,0.18538,0.00434,0.00080,1.81543,0.00435,0.1944,0.5958,0.2381,0.07454,0.00411
10,mid,0,12,10,0.10,true,0.22387,0.00466,0.00144,1.77756,0.00467,0.2410,0.4266,0.2547,0.03668,0.00333
10,mid,0,12,10,0.20,true,0.25300,0.00486,0.00336,1.75036,0.00488,0.2950,0.2676,0.2996,0.00948,0.00228
10,mid,0,12,10,0.30,true,0.26650,0.00494,0.00739,1.74089,0.00500,0.3622,0.1505,0.3678,0.00000,0.00000
10,mid,0,12,10,0.40,true,0.26475,0.00493,0.01427,1.74952,0.00504,0.4397,0.0801,0.4487,0.00864,0.00195
10,mid,0,12,10,0.50,true,0.25750,0.00489,0.02490,1.76741,0.00508,0.5248,0.0399,0.5379,0.02652,0.00257
10,mid,0,12,10,0.60,true,0.24775,0.00483,0.03976,1.79203,0.00512,0.6132,0.0151,0.6315,0.05114,0.00296
10,mid,0,12,10,0.70,true,0.23625,0.00475,0.05911,1.82289,0.00518,0.7089,0.0070,0.7274,0.08200,0.00325
10,mid,0,12,10,0.80,true,0.22375,0.00466,0.08284,1.85913,0.00524,0.8075,0.0040,0.8251,0.11824,0.00354
10,mid,0,12,10,0.90,true,0.21350,0.00458,0.11029,1.89685,0.00533,0.9064,0.0013,0.9244,0.15597,0.00379
10,mid,0,12,10,1.00,true,0.20062,0.00448,0.14119,1.94066,0.00540,1.0065,0.0003,1.0241,0.19977,0.00405
10,mid,0,12,10,1.10,true,0.18912,0.00438,0.17386,1.98487,0.00546,1.1063,0.0000,1.1233,0.24399,0.00426
10,mid,0,12,10,1.20,true,0.17913,0.00429,0.20770,2.02877,0.00553,1.2063,0.0000,1.2228,0.28788,0.00445
10,mid,0,12,15,0.00,true,0.09838,0.00333,0.00836,1.90998,0.00337,0.2827,0.5523,0.3639,0.02173,0.00297
10,mid,0,12,15,0.10,true,0.11163,0.00352,0.01025,1.89863,0.00358,0.3274,0.4369,0.3789,0.01037,0.00244
10,mid,0,12,15,0.20,true,0.12500,0.00370,0.01472,1.88972,0.00378,0.3809,0.3323,0.4140,0.00146,0.00168
10,mid,0,12,15,0.30,true,0.13387,0.00381,0.02212,1.88826,0.00394,0.4406,0.2426,0.4647,0.00000,0.00000
10,mid,0,12,15,0.40,true,0.13850,0.00386,0.03282,1.89434,0.00407,0.5068,0.1699,0.5288,0.00608,0.00156
10,mid,0,12,15,0.50,true,0.13912,0.00387,0.04709,1.90799,0.00417,0.5784,0.1146,0.6024,0.01973,0.00209
10,mid,0,12,15,0.60,true,0.13875,0.00386,0.06519,1.92648,0.00428,0.6590,0.0771,0.6849,0.03822,0.00247
10,mid,0,12,15,0.70,true,0.13437,0.00381,0.08697,1.95265,0.00435,0.7423,0.0498,0.7715,0.06439,0.00276
10,mid,0,12,15,0.80,true,0.12912,0.00375,0.11198,1.98294,0.00443,0.8308,0.0329,0.8618,0.09468,0.00300
10,mid,0,12,15,0.90,true,0.12275,0.00367,0.13998,2.01734,0.00449,0.9219,0.0199,0.9558,0.12908,0.00329
10,mid,0,12,15,1.00,true,0.11663,0.00359,0.17026,2.05379,0.00455,1.0157,0.0122,1.0512,0.16554,0.00350
10,mid,0,12,15,1.10,true,0.10850,0.00348,0.20258,2.09429,0.00457,1.1106,0.0067,1.1474,0.20604,0.00369
10,mid,0,12,15,1.20,true,0.10275,0.00339,0.23536,2.13289,0.00460,1.2072,0.0039,1.2443,0.24464,0.00384
10,mid,0,12,20,0.00,true,0.06275,0.00271,0.02884,1.96610,0.00287,0.3658,0.5255,0.5048,0.00292,0.00125
10,mid,0,12,20,0.10,true,0.06863,0.00283,0.03179,1.96318,0.00300,0.4125,0.4417,0.5199,0.00000,0.00000
10,mid,0,12,20,0.20,true,0.07425,0.00293,0.03807,1.96383,0.00315,0.4655,0.3648,0.5492,0.00065,0.00127
10,mid,0,12,20,0.30,true,0.07712,0.00298,0.04771,1.97061,0.00326,0.5197,0.2912,0.5903,0.00743,0.00173
10,mid,0,12,20,0.40,true,0.07900,0.00302,0.06083,1.98187,0.00338,0.5828,0.2322,0.6423,0.01869,0.00206
10,mid,0,12,20,0.50,true,0.08100,0.00305,0.07717,1.99622,0.00351,0.6472,0.1775,0.7045,0.03303,0.00236
10,mid,0,12,20,0.60,true,0.08088,0.00305,0.09673,2.01592,0.00362,0.7185,0.1349,0.7748,0.05274,0.00266
10,mid,0,12,20,0.70,true,0.07975,0.00303,0.11916,2.03951,0.00373,0.7921,0.0985,0.8516,0.07633,0.00292
10,mid,0,12,20,0.80,true,0.07825,0.00300,0.14423,2.06612,0.00383,0.8719,0.0715,0.9340,0.10294,0.00316
10,mid,0,12,20,0.90,true,0.07437,0.00293,0.17133,2.09713,0.00388,0.9520,0.0489,1.0191,0.13395,0.00333
10,mid,0,12,20,1.00,true,0.07000,0.00285,0.20027,2.13051,0.00392,1.0391,0.0349,1.1075,0.16733,0.00350
10,mid,0,12,20,1.10,true,0.06788,0.00281,0.23027,2.16271,0.00399,1.1287,0.0236,1.1996,0.19952,0.00368
10,mid,0,12,20,1.20,true,0.06450,0.00275,0.26106,2.19695,0.00402,1.2210,0.0166,1.2925,0.23377,0.00380
10,high,0,12,10,0.00,true,0.14775,0.00397,0.00341,1.85566,0.00399,0.2125,0.5792,0.2677,0.04429,0.00369
10,high,0,12,10,0.10,true,0.17638,0.00426,0.00512,1.82875,0.00429,0.2582,0.4254,0.2849,0.01737,0.00301
10,high,0,12,10,0.20,true,0.19675,0.00444,0.00977,1.81302,0.00451,0.3122,0.2842,0.3271,0.00165,0.00206
10,high,0,12,10,0.30,true,0.20675,0.00453,0.01810,1.81137,0.00466,0.3768,0.1762,0.3896,0.00000,0.00000
10,high,0,12,10,0.40,true,0.20750,0.00453,0.03096,1.82350,0.00475,0.4496,0.1002,0.4662,0.01212,0.00183
10,high,0,12,10,0.50,true,0.20312,0.00450,0.04904,1.84598,0.00485,0.5322,0.0547,0.5526,0.03461,0.00244
10,high,0,12,10,0.60,true,0.19587,0.00444,0.07211,1.87634,0.00494,0.6201,0.0289,0.6437,0.06497,0.00283
10,high,0,12,10,0.70,true,0.18663,0.00436,0.10006,1.91359,0.00503,0.7117,0.0129,0.7385,0.10222,0.00317
10,high,0,12,10,0.80,true,0.17813,0.00428,0.13182,1.95393,0.00514,0.8081,0.0065,0.8351,0.14256,0.00345
10,high,0,12,10,0.90,true,0.16800,0.00418,0.16650,1.99884,0.00521,0.9058,0.0042,0.9317,0.18747,0.00369
10,high,0,12,10,1.00,true,0.15825,0.00408,0.20334,2.04556,0.00528,1.0039,0.0016,1.0303,0.23418,0.00393
10,high,0,12,10,1.10,true,0.14925,0.00398,0.24085,2.09223,0.00534,1.1021,0.0006,1.1282,0.28086,0.00412
10,high,0,12,10,1.20,true,0.14062,0.00389,0.27871,2.13890,0.00538,1.2010,0.0001,1.2267,0.32753,0.00429
10,high,0,12,15,0.00,true,0.07387,0.00292,0.02459,1.95073,0.00306,0.3106,0.5456,0.4196,0.00995,0.00223
10,high,0,12,15,0.10,true,0.08500,0.00312,0.02824,1.94327,0.00328,0.3539,0.4395,0.4360,0.00248,0.00165
10,high,0,12,15,0.20,true,0.09538,0.00328,0.03612,1.94079,0.00350,0.4074,0.3457,0.4699,0.00000,0.00000
10,high,0,12,15,0.30,true,0.10138,0.00337,0.04847,1.94716,0.00367,0.4645,0.2615,0.5174,0.00637,0.00144
10,high,0,12,15,0.40,true,0.10487,0.00343,0.06528,1.96050,0.00383,0.5305,0.1931,0.5785,0.01972,0.00213
10,high,0,12,15,0.50,true,0.10412,0.00341,0.08629,1.98231,0.00395,0.6004,0.1390,0.6477,0.04153,0.00252
10,high,0,12,15,0.60,true,0.10262,0.00339,0.11119,2.00877,0.00407,0.6756,0.0976,0.7247,0.06799,0.00285
10,high,0,12,15,0.70,true,0.09975,0.00335,0.13940,2.03994,0.00418,0.7558,0.0675,0.8074,0.09916,0.00311
10,high,0,12,15,0.80,true,0.09525,0.00328,0.17030,2.07545,0.00426,0.8397,0.0467,0.8932,0.13466,0.00331
10,high,0,12,15,0.90,true,0.09112,0.00322,0.20364,2.11305,0.00434,0.9288,0.0322,0.9840,0.17226,0.00354
10,high,0,12,15,1.00,true,0.08700,0.00315,0.23820,2.15190,0.00441,1.0190,0.0209,1.0767,0.21112,0.00374
10,high,0,12,15,1.10,true,0.08250,0.00308,0.27360,2.19199,0.00445,1.1117,0.0139,1.1707,0.25121,0.00389
10,high,0,12,15,1.20,true,0.07800,0.00300,0.30947,2.23261,0.00447,1.2067,0.0088,1.2668,0.29182,0.00403
10,high,0,12,20,0.00,true,0.04850,0.00240,0.07284,2.02443,0.00282,0.3995,0.5226,0.5969,0.00000,0.00000
10,high,0,12,20,0.10,true,0.05187,0.00248,0.07808,2.02632,0.00294,0.4470,0.4465,0.6138,0.00188,0.00118
10,high,0,12,20,0.20,true,0.05462,0.00254,0.08768,2.03320,0.00306,0.5001,0.3772,0.6426,0.00876,0.00167
10,high,0,12,20,0.30,true,0.05800,0.00261,0.10132,2.04349,0.00322,0.5529,0.3088,0.6827,0.01906,0.00204
10,high,0,12,20,0.40,true,0.05800,0.00261,0.11880,2.06103,0.00332,0.6148,0.2545,0.7312,0.03660,0.00234
10,high,0,12,20,0.50,true,0.05738,0.00260,0.13978,2.08271,0.00343,0.6765,0.2022,0.7886,0.05828,0.00261
10,high,0,12,20,0.60,true,0.05738,0.00260,0.16380,2.10683,0.00355,0.7453,0.1603,0.8543,0.08239,0.00289
10,high,0,12,20,0.70,true,0.05625,0.00258,0.19046,2.13473,0.00365,0.8166,0.1238,0.9264,0.11029,0.00314
10,high,0,12,20,0.80,true,0.05437,0.00254,0.21894,2.16523,0.00374,0.8898,0.0933,1.0028,0.14079,0.00334
10,high,0,12,20,0.90,true,0.05425,0.00253,0.24876,2.19534,0.00385,0.9700,0.0716,1.0843,0.17090,0.00353
10,high,0,12,20,1.00,true,0.05275,0.00250,0.28015,2.22844,0.00392,1.0525,0.0525,1.1704,0.20401,0.00373
10,high,0,12,20,1.10,true,0.05112,0.00246,0.31180,2.26195,0.00397,1.1366,0.0375,1.2582,0.23752,0.00387
10,high,0,12,20,1.20,true,0.04688,0.00236,0.34435,2.29904,0.00395,1.2264,0.0287,1.3476,0.27461,0.00399
10,hcp30,0,12,10,0.00,true,0.12962,0.00376,0.06411,1.93547,0.00423,0.4191,0.5782,0.4470,0.01260,0.00281
10,hcp30,0,12,10,0.10,true,0.14688,0.00396,0.06974,1.92399,0.00450,0.4722,0.5001,0.4644,0.00112,0.00194
10,hcp30,0,12,10,0.20,true,0.15925,0.00409,0.08071,1.92287,0.00474,0.5254,0.4231,0.4947,0.00000,0.00000
10,hcp30,0,12,10,0.30,true,0.16450,0.00414,0.09715,1.93451,0.00494,0.5874,0.3550,0.5382,0.01165,0.00200
10,hcp30,0,12,10,0.40,true,0.17175,0.00422,0.11743,1.94816,0.00519,0.6499,0.2893,0.5945,0.02529,0.00279
10,hcp30,0,12,10,0.50,true,0.17375,0.00424,0.14095,1.97046,0.00539,0.7177,0.2359,0.6587,0.04760,0.00337
10,hcp30,0,12,10,0.60,true,0.17638,0.00426,0.16794,1.99583,0.00562,0.7936,0.1915,0.7338,0.07296,0.00392
10,hcp30,0,12,10,0.70,true,0.17600,0.00426,0.19714,2.02662,0.00582,0.8673,0.1496,0.8149,0.10375,0.00439
10,hcp30,0,12,10,0.80,true,0.17413,0.00424,0.22755,2.06033,0.00600,0.9496,0.1212,0.9000,0.13746,0.00479
10,hcp30,0,12,10,0.90,true,0.17087,0.00421,0.25910,2.09679,0.00615,1.0305,0.0950,0.9884,0.17393,0.00513
10,hcp30,0,12,10,1.00,true,0.16650,0.00416,0.29155,2.13554,0.00628,1.1176,0.0760,1.0807,0.21268,0.00546
10,hcp30,0,12,10,1.10,true,0.15850,0.00408,0.32556,2.17983,0.00635,1.2074,0.0600,1.1766,0.25696,0.00578
10,hcp30,0,12,10,1.20,true,0.15200,0.00401,0.35874,2.22201,0.00641,1.2997,0.0473,1.2747,0.29914,0.00608
10,hcp30,0,12,15,0.00,true,0.07587,0.00296,0.15591,2.08378,0.00411,0.6117,0.5436,0.6680,0.00010,0.00165
10,hcp30,0,12,15,0.10,true,0.08225,0.00307,0.16190,2.08369,0.00427,0.6625,0.4871,0.6866,0.00000,0.00000
10,hcp30,0,12,15,0.20,true,0.08500,0.00312,0.17208,2.09159,0.00439,0.7178,0.4357,0.7133,0.00791,0.00148
10,hcp30,0,12,15,0.30,true,0.08712,0.00315,0.18589,2.10395,0.00453,0.7805,0.3908,0.7492,0.02027,0.00221
10,hcp30,0,12,15,0.40,true,0.09137,0.00322,0.20277,2.11746,0.00471,0.8409,0.3438,0.7956,0.03378,0.00282
10,hcp30,0,12,15,0.50,true,0.09463,0.00327,0.22147,2.13398,0.00489,0.9041,0.3028,0.8474,0.05030,0.00327
10,hcp30,0,12,15,0.60,true,0.09413,0.00326,0.24318,2.15750,0.00502,0.9703,0.2648,0.9061,0.07381,0.00372
10,hcp30,0,12,15,0.70,true,0.09350,0.00325,0.26646,2.18291,0.00514,1.0406,0.2322,0.9706,0.09923,0.00414
10,hcp30,0,12,15,0.80,true,0.09475,0.00327,0.29113,2.20808,0.00529,1.1158,0.2026,1.0434,0.12440,0.00457
10,hcp30,0,12,15,0.90,true,0.09200,0.00323,0.31727,2.23897,0.00537,1.1871,0.1730,1.1190,0.15528,0.00494
10,hcp30,0,12,15,1.00,true,0.08925,0.00319,0.34385,2.27053,0.00544,1.2695,0.1533,1.1980,0.18684,0.00527
10,hcp30,0,12,15,1.10,true,0.08775,0.00316,0.37024,2.30084,0.00553,1.3473,0.1318,1.2808,0.21715,0.00556
10,hcp30,0,12,15,1.20,true,0.08538,0.00312,0.39631,2.33191,0.00558,1.4265,0.1137,1.3647,0.24822,0.00580
10,hcp30,0,12,20,0.00,true,0.05287,0.00250,0.24693,2.20214,0.00419,0.7915,0.5167,0.8884,0.00000,0.00000
10,hcp30,0,12,20,0.10,true,0.05450,0.00254,0.25326,2.20726,0.00426,0.8482,0.4782,0.9067,0.00512,0.00121
10,hcp30,0,12,20,0.20,true,0.05550,0.00256,0.26214,2.21576,0.00433,0.9051,0.4403,0.9323,0.01363,0.00182
10,hcp30,0,12,20,0.30,true,0.05638,0.00258,0.27321,2.22677,0.00442,0.9594,0.4020,0.9642,0.02464,0.00230
10,hcp30,0,12,20,0.40,true,0.05688,0.00259,0.28643,2.24052,0.00450,1.0253,0.3712,1.0028,0.03839,0.00277
10,hcp30,0,12,20,0.50,true,0.05825,0.00262,0.30140,2.25538,0.00461,1.0853,0.3370,1.0484,0.05325,0.00322
10,hcp30,0,12,20,0.60,true,0.05862,0.00263,0.31789,2.27295,0.00471,1.1485,0.3061,1.0987,0.07082,0.00363
10,hcp30,0,12,20,0.70,true,0.05763,0.00261,0.33612,2.29388,0.00478,1.2155,0.2782,1.1541,0.09174,0.00404
10,hcp30,0,12,20,0.80,true,0.05538,0.00256,0.35524,2.31716,0.00482,1.2834,0.2526,1.2129,0.11502,0.00439
10,hcp30,0,12,20,0.90,true,0.05450,0.00254,0.37467,2.33957,0.00489,1.3552,0.2302,1.2767,0.13744,0.00470
10,hcp30,0,12,20,1.00,true,0.05225,0.00249,0.39577,2.36528,0.00492,1.4260,0.2069,1.3456,0.16315,0.00505
10,hcp30,0,12,20,1.10,true,0.05112,0.00246,0.41638,2.38953,0.00497,1.4969,0.1855,1.4172,0.18740,0.00533
10,hcp30,0,12,20,1.20,true,0.04963,0.00243,0.43736,2.41474,0.00501,1.5755,0.1689,1.4922,0.21260,0.00559
10,tour,1,12,10,0.00,true,0.29738,0.00511,0.00003,1.70266,0.00511,0.1622,0.6424,0.1940,0.12806,0.00481
10,tour,1,12,10,0.10,true,0.36638,0.00539,0.00011,1.63373,0.00539,0.2098,0.4287,0.2099,0.05914,0.00382
10,tour,1,12,10,0.20,true,0.41300,0.00550,0.00041,1.58741,0.00551,0.2718,0.2447,0.2620,0.01281,0.00258
10,tour,1,12,10,0.30,true,0.42662,0.00553,0.00122,1.57459,0.00554,0.3444,0.1188,0.3384,0.00000,0.00000
10,tour,1,12,10,0.40,true,0.42688,0.00553,0.00301,1.57614,0.00556,0.4284,0.0489,0.4299,0.00154,0.00214
10,tour,1,12,10,0.50,true,0.41563,0.00551,0.00649,1.59086,0.00557,0.5189,0.0171,0.5257,0.01627,0.00269
10,tour,1,12,10,0.60,true,0.40313,0.00548,0.01223,1.60911,0.00560,0.6152,0.0063,0.6234,0.03452,0.00305
10,tour,1,12,10,0.70,true,0.38988,0.00545,0.02054,1.63066,0.00565,0.7114,0.0025,0.7197,0.05607,0.00333
10,tour,1,12,10,0.80,true,0.37388,0.00541,0.03219,1.65831,0.00571,0.8104,0.0012,0.8183,0.08372,0.00360
10,tour,1,12,10,0.90,true,0.35938,0.00536,0.04731,1.68794,0.00579,0.9125,0.0004,0.9201,0.11334,0.00387
10,tour,1,12,10,1.00,true,0.34500,0.00531,0.06448,1.71949,0.00587,1.0094,0.0000,1.0168,0.14489,0.00411
10,tour,1,12,10,1.10,true,0.33050,0.00526,0.08482,1.75432,0.00597,1.1101,0.0000,1.1169,0.17973,0.00436
10,tour,1,12,10,1.20,true,0.31300,0.00518,0.10907,1.79608,0.00606,1.2158,0.0000,1.2223,0.22148,0.00463
10,tour,1,12,15,0.00,true,0.17375,0.00424,0.00081,1.82706,0.00424,0.2486,0.5873,0.2833,0.06953,0.00384
10,tour,1,12,15,0.10,true,0.21025,0.00456,0.00142,1.79117,0.00456,0.2928,0.4481,0.2981,0.03364,0.00319
10,tour,1,12,15,0.20,true,0.23425,0.00474,0.00280,1.76855,0.00475,0.3445,0.3146,0.3362,0.01102,0.00216
10,tour,1,12,15,0.30,true,0.24775,0.00483,0.00528,1.75753,0.00486,0.4060,0.2089,0.3939,0.00000,0.00000
10,tour,1,12,15,0.40,true,0.25125,0.00485,0.00935,1.75810,0.00492,0.4782,0.1339,0.4667,0.00057,0.00195
10,tour,1,12,15,0.50,true,0.25338,0.00486,0.01554,1.76217,0.00498,0.5573,0.0763,0.5534,0.00464,0.00262
10,tour,1,12,15,0.60,true,0.25138,0.00485,0.02415,1.77278,0.00503,0.6425,0.0422,0.6449,0.01525,0.00294
10,tour,1,12,15,0.70,true,0.24475,0.00481,0.03539,1.79064,0.00507,0.7311,0.0215,0.7388,0.03311,0.00322
10,tour,1,12,15,0.80,true,0.23763,0.00476,0.04955,1.81193,0.00512,0.8259,0.0123,0.8352,0.05440,0.00342
10,tour,1,12,15,0.90,true,0.22925,0.00470,0.06667,1.83742,0.00517,0.9229,0.0062,0.9338,0.07989,0.00362
10,tour,1,12,15,1.00,true,0.22025,0.00463,0.08637,1.86612,0.00523,1.0214,0.0037,1.0323,0.10859,0.00382
10,tour,1,12,15,1.10,true,0.21025,0.00456,0.10849,1.89825,0.00528,1.1190,0.0016,1.1306,0.14072,0.00402
10,tour,1,12,15,1.20,true,0.20025,0.00447,0.13324,1.93300,0.00534,1.2193,0.0006,1.2310,0.17547,0.00420
10,tour,1,12,20,0.00,true,0.11513,0.00357,0.00380,1.88868,0.00359,0.3183,0.5539,0.3743,0.03236,0.00329
10,tour,1,12,20,0.10,true,0.13025,0.00376,0.00502,1.87477,0.00379,0.3605,0.4467,0.3871,0.01845,0.00284
10,tour,1,12,20,0.20,true,0.14363,0.00392,0.00750,1.86387,0.00396,0.4103,0.3468,0.4182,0.00756,0.00232
10,tour,1,12,20,0.30,true,0.15125,0.00401,0.01160,1.86035,0.00408,0.4706,0.2644,0.4652,0.00404,0.00165
10,tour,1,12,20,0.40,true,0.16112,0.00411,0.01744,1.85631,0.00422,0.5359,0.1942,0.5265,0.00000,0.00000
10,tour,1,12,20,0.50,true,0.16412,0.00414,0.02574,1.86162,0.00431,0.6102,0.1385,0.6008,0.00530,0.00162
10,tour,1,12,20,0.60,true,0.16375,0.00414,0.03621,1.87246,0.00437,0.6853,0.0942,0.6813,0.01615,0.00220
10,tour,1,12,20,0.70,true,0.16375,0.00414,0.04931,1.88556,0.00446,0.7668,0.0622,0.7687,0.02924,0.00258
10,tour,1,12,20,0.80,true,0.15862,0.00408,0.06517,1.90654,0.00450,0.8540,0.0420,0.8594,0.05023,0.00287
10,tour,1,12,20,0.90,true,0.15600,0.00406,0.08384,1.92785,0.00458,0.9467,0.0273,0.9561,0.07153,0.00309
10,tour,1,12,20,1.00,true,0.15088,0.00400,0.10428,1.95341,0.00464,1.0379,0.0172,1.0508,0.09710,0.00329
10,tour,1,12,20,1.10,true,0.14175,0.00390,0.12744,1.98570,0.00466,1.1314,0.0103,1.1469,0.12938,0.00348
10,tour,1,12,20,1.20,true,0.13500,0.00382,0.15234,2.01735,0.00469,1.2290,0.0066,1.2454,0.16104,0.00367
10,tour,1,3,10,0.00,true,0.25900,0.00490,0.00006,1.74106,0.00490,0.1534,0.6243,0.1992,0.12583,0.00517
10,tour,1,3,10,0.10,true,0.33275,0.00527,0.00011,1.66736,0.00527,0.2127,0.4120,0.2174,0.05214,0.00395
10,tour,1,3,10,0.20,true,0.37075,0.00540,0.00038,1.62963,0.00540,0.2749,0.2280,0.2711,0.01441,0.00256
10,tour,1,3,10,0.30,true,0.38588,0.00544,0.00110,1.61522,0.00545,0.3437,0.1142,0.3436,0.00000,0.00000
10,tour,1,3,10,0.40,true,0.38275,0.00543,0.00279,1.62004,0.00546,0.4252,0.0557,0.4284,0.00482,0.00207
10,tour,1,3,10,0.50,true,0.37700,0.00542,0.00589,1.62889,0.00547,0.5121,0.0245,0.5194,0.01366,0.00266
10,tour,1,3,10,0.60,true,0.36525,0.00538,0.01141,1.64616,0.00549,0.6097,0.0073,0.6208,0.03093,0.00311
10,tour,1,3,10,0.70,true,0.35013,0.00533,0.01969,1.66956,0.00550,0.7094,0.0035,0.7203,0.05434,0.00340
10,tour,1,3,10,0.80,true,0.33513,0.00528,0.03136,1.69623,0.00554,0.8114,0.0013,0.8223,0.08101,0.00367
10,tour,1,3,10,0.90,true,0.31962,0.00521,0.04607,1.72645,0.00559,0.9110,0.0002,0.9219,0.11122,0.00392
10,tour,1,3,10,1.00,true,0.30700,0.00516,0.06396,1.75696,0.00567,1.0123,0.0000,1.0229,0.14173,0.00412
10,tour,1,3,10,1.10,true,0.29387,0.00509,0.08451,1.79063,0.00575,1.1135,0.0000,1.1237,0.17541,0.00436
10,tour,1,3,10,1.20,true,0.28000,0.00502,0.10530,1.82530,0.00581,1.2050,0.0000,1.2150,0.21008,0.00457
10,tour,1,3,15,0.00,true,0.15563,0.00405,0.00072,1.84509,0.00406,0.2216,0.5803,0.2874,0.06479,0.00458
10,tour,1,3,15,0.10,true,0.18987,0.00438,0.00113,1.81126,0.00439,0.2885,0.4360,0.3039,0.03095,0.00364
10,tour,1,3,15,0.20,true,0.20975,0.00455,0.00213,1.79238,0.00457,0.3407,0.3217,0.3390,0.01208,0.00300
10,tour,1,3,15,0.30,true,0.22212,0.00465,0.00424,1.78211,0.00468,0.4018,0.2182,0.3947,0.00181,0.00198
10,tour,1,3,15,0.40,true,0.22750,0.00469,0.00780,1.78030,0.00474,0.4704,0.1395,0.4652,0.00000,0.00000
10,tour,1,3,15,0.50,true,0.23025,0.00471,0.01314,1.78289,0.00480,0.5448,0.0825,0.5461,0.00259,0.00189
10,tour,1,3,15,0.60,true,0.22862,0.00470,0.02145,1.79282,0.00484,0.6328,0.0441,0.6408,0.01252,0.00242
10,tour,1,3,15,0.70,true,0.22225,0.00465,0.03265,1.81040,0.00487,0.7258,0.0227,0.7384,0.03009,0.00282
10,tour,1,3,15,0.80,true,0.21363,0.00458,0.04533,1.83170,0.00489,0.8126,0.0132,0.8269,0.05140,0.00308
10,tour,1,3,15,0.90,true,0.20513,0.00451,0.06160,1.85647,0.00493,0.9072,0.0060,0.9238,0.07617,0.00334
10,tour,1,3,15,1.00,true,0.19562,0.00444,0.07992,1.88430,0.00495,0.9999,0.0022,1.0177,0.10399,0.00355
10,tour,1,3,15,1.10,true,0.18438,0.00434,0.10256,1.91819,0.00498,1.1031,0.0011,1.1204,0.13788,0.00378
10,tour,1,3,15,1.20,true,0.17613,0.00426,0.12622,1.95009,0.00503,1.2033,0.0002,1.2205,0.16979,0.00398
10,tour,1,3,20,0.00,true,0.10725,0.00346,0.00440,1.89715,0.00348,0.2975,0.5486,0.3860,0.03327,0.00367
10,tour,1,3,20,0.10,true,0.12637,0.00371,0.00529,1.87892,0.00374,0.3627,0.4427,0.4002,0.01504,0.00282
10,tour,1,3,20,0.20,true,0.13950,0.00387,0.00741,1.86791,0.00392,0.4154,0.3537,0.4309,0.00403,0.00197
10,tour,1,3,20,0.30,true,0.14750,0.00396,0.01138,1.86388,0.00403,0.4791,0.2696,0.4797,0.00000,0.00000
10,tour,1,3,20,0.40,true,0.15175,0.00401,0.01694,1.86519,0.00412,0.5429,0.2003,0.5392,0.00131,0.00186
10,tour,1,3,20,0.50,true,0.15300,0.00402,0.02461,1.87161,0.00418,0.6093,0.1402,0.6093,0.00773,0.00249
10,tour,1,3,20,0.60,true,0.15238,0.00402,0.03542,1.88305,0.00424,0.6910,0.0964,0.6935,0.01917,0.00286
10,tour,1,3,20,0.70,true,0.14663,0.00395,0.04760,1.90097,0.00425,0.7658,0.0666,0.7731,0.03709,0.00314
10,tour,1,3,20,0.80,true,0.14163,0.00390,0.06210,1.92048,0.00428,0.8459,0.0435,0.8587,0.05660,0.00336
10,tour,1,3,20,0.90,true,0.13700,0.00384,0.08052,1.94352,0.00433,0.9395,0.0277,0.9562,0.07965,0.00359
10,tour,1,3,20,1.00,true,0.13237,0.00379,0.10106,1.96869,0.00439,1.0343,0.0170,1.0544,0.10481,0.00376
10,tour,1,3,20,1.10,true,0.12712,0.00372,0.12178,1.99466,0.00442,1.1220,0.0099,1.1452,0.13078,0.00390
10,tour,1,3,20,1.20,true,0.12062,0.00364,0.14565,2.02503,0.00445,1.2181,0.0055,1.2428,0.16115,0.00407
10,tour,1,6,10,0.00,true,0.25638,0.00488,0.00005,1.74368,0.00488,0.1656,0.6104,0.2003,0.11036,0.00465
10,tour,1,6,10,0.10,true,0.32225,0.00522,0.00006,1.67781,0.00523,0.2139,0.4032,0.2201,0.04450,0.00370
10,tour,1,6,10,0.20,true,0.35613,0.00535,0.00021,1.64409,0.00536,0.2756,0.2271,0.2728,0.01077,0.00253
10,tour,1,6,10,0.30,true,0.36738,0.00539,0.00069,1.63332,0.00540,0.3509,0.1136,0.3493,0.00000,0.00000
10,tour,1,6,10,0.40,true,0.36612,0.00539,0.00190,1.63577,0.00540,0.4353,0.0473,0.4403,0.00245,0.00213
10,tour,1,6,10,0.50,true,0.35575,0.00535,0.00428,1.64853,0.00539,0.5256,0.0202,0.5337,0.01522,0.00265
10,tour,1,6,10,0.60,true,0.34200,0.00530,0.00859,1.66659,0.00538,0.6223,0.0082,0.6320,0.03327,0.00304
10,tour,1,6,10,0.70,true,0.32700,0.00524,0.01530,1.68830,0.00537,0.7202,0.0039,0.7298,0.05499,0.00332
10,tour,1,6,10,0.80,true,0.31350,0.00519,0.02472,1.71122,0.00539,0.8178,0.0015,0.8275,0.07790,0.00357
10,tour,1,6,10,0.90,true,0.29613,0.00510,0.03768,1.74156,0.00540,0.9187,0.0004,0.9282,0.10824,0.00384
10,tour,1,6,10,1.00,true,0.28000,0.00502,0.05367,1.77367,0.00542,1.0202,0.0002,1.0290,0.14036,0.00407
10,tour,1,6,10,1.10,true,0.26450,0.00493,0.07179,1.80729,0.00545,1.1174,0.0000,1.1259,0.17397,0.00431
10,tour,1,6,10,1.20,true,0.24688,0.00482,0.09423,1.84736,0.00547,1.2227,0.0000,1.2307,0.21404,0.00457
10,tour,1,6,15,0.00,true,0.15313,0.00403,0.00079,1.84766,0.00403,0.2423,0.5627,0.2903,0.06227,0.00379
10,tour,1,6,15,0.10,true,0.18075,0.00430,0.00086,1.82011,0.00431,0.2892,0.4268,0.3064,0.03472,0.00323
10,tour,1,6,15,0.20,true,0.20350,0.00450,0.00156,1.79806,0.00451,0.3476,0.3099,0.3458,0.01266,0.00256
10,tour,1,6,15,0.30,true,0.21563,0.00460,0.00311,1.78749,0.00462,0.4089,0.2062,0.4036,0.00209,0.00172
10,tour,1,6,15,0.40,true,0.22050,0.00464,0.00590,1.78540,0.00467,0.4787,0.1294,0.4759,0.00000,0.00000
10,tour,1,6,15,0.50,true,0.21937,0.00463,0.01039,1.79101,0.00470,0.5567,0.0762,0.5591,0.00561,0.00164
10,tour,1,6,15,0.60,true,0.21450,0.00459,0.01687,1.80237,0.00470,0.6415,0.0442,0.6482,0.01698,0.00220
10,tour,1,6,15,0.70,true,0.20725,0.00453,0.02589,1.81864,0.00470,0.7307,0.0230,0.7421,0.03325,0.00256
10,tour,1,6,15,0.80,true,0.19937,0.00447,0.03750,1.83813,0.00471,0.8238,0.0117,0.8379,0.05273,0.00282
10,tour,1,6,15,0.90,true,0.19012,0.00439,0.05192,1.86180,0.00472,0.9204,0.0056,0.9359,0.07640,0.00308
10,tour,1,6,15,1.00,true,0.17938,0.00429,0.06941,1.89004,0.00472,1.0208,0.0030,1.0360,0.10464,0.00331
10,tour,1,6,15,1.10,true,0.16887,0.00419,0.08926,1.92039,0.00473,1.1207,0.0017,1.1355,0.13500,0.00352
10,tour,1,6,15,1.20,true,0.15825,0.00408,0.11125,1.95302,0.00473,1.2196,0.0000,1.2350,0.16762,0.00374
10,tour,1,6,20,0.00,true,0.09825,0.00333,0.00445,1.90620,0.00335,0.3226,0.5417,0.3885,0.03113,0.00283
10,tour,1,6,20,0.10,true,0.11563,0.00358,0.00473,1.88910,0.00360,0.3701,0.4430,0.4034,0.01403,0.00234
10,tour,1,6,20,0.20,true,0.12837,0.00374,0.00622,1.87784,0.00377,0.4187,0.3440,0.4351,0.00277,0.00161
10,tour,1,6,20,0.30,true,0.13400,0.00381,0.00907,1.87507,0.00386,0.4772,0.2614,0.4818,0.00000,0.00000
10,tour,1,6,20,0.40,true,0.13837,0.00386,0.01348,1.87511,0.00394,0.5428,0.1929,0.5424,0.00003,0.00164
10,tour,1,6,20,0.50,true,0.13975,0.00388,0.01975,1.88000,0.00399,0.6129,0.1376,0.6133,0.00493,0.00217
10,tour,1,6,20,0.60,true,0.13925,0.00387,0.02813,1.88888,0.00404,0.6877,0.0944,0.6923,0.01381,0.00248
10,tour,1,6,20,0.70,true,0.13812,0.00386,0.03863,1.90051,0.00409,0.7666,0.0624,0.7766,0.02544,0.00270
10,tour,1,6,20,0.80,true,0.13425,0.00381,0.05159,1.91735,0.00412,0.8544,0.0429,0.8664,0.04227,0.00294
10,tour,1,6,20,0.90,true,0.12950,0.00375,0.06699,1.93750,0.00415,0.9454,0.0286,0.9602,0.06243,0.00317
10,tour,1,6,20,1.00,true,0.12425,0.00369,0.08460,1.96036,0.00417,1.0375,0.0186,1.0550,0.08529,0.00334
10,tour,1,6,20,1.10,true,0.11700,0.00359,0.10476,1.98778,0.00418,1.1331,0.0116,1.1527,0.11271,0.00353
10,tour,1,6,20,1.20,true,0.10887,0.00348,0.12662,2.01777,0.00416,1.2294,0.0074,1.2500,0.14270,0.00370
10,scratch,1,12,10,0.00,true,0.26088,0.00491,0.00014,1.73926,0.00491,0.1739,0.6227,0.2086,0.10962,0.00453
10,scratch,1,12,10,0.10,true,0.32050,0.00522,0.00039,1.67989,0.00522,0.2204,0.4281,0.2244,0.05024,0.00370
10,scratch,1,12,10,0.20,true,0.35613,0.00535,0.00114,1.64502,0.00536,0.2819,0.2598,0.2733,0.01537,0.00248
10,scratch,1,12,10,0.30,true,0.37325,0.00541,0.00290,1.62965,0.00543,0.3524,0.1350,0.3470,0.00000,0.00000
10,scratch,1,12,10,0.40,true,0.37488,0.00541,0.00633,1.63146,0.00547,0.4323,0.0608,0.4345,0.00181,0.00208
10,scratch,1,12,10,0.50,true,0.36375,0.00538,0.01244,1.64869,0.00549,0.5220,0.0275,0.5280,0.01904,0.00266
10,scratch,1,12,10,0.60,true,0.35150,0.00534,0.02161,1.67011,0.00553,0.6159,0.0106,0.6251,0.04046,0.00309
10,scratch,1,12,10,0.70,true,0.33713,0.00529,0.03421,1.69709,0.00558,0.7112,0.0043,0.7213,0.06744,0.00340
10,scratch,1,12,10,0.80,true,0.32262,0.00523,0.05086,1.72824,0.00566,0.8104,0.0020,0.8202,0.09859,0.00370
10,scratch,1,12,10,0.90,true,0.30838,0.00516,0.07148,1.76311,0.00575,0.9122,0.0009,0.9217,0.13346,0.00398
10,scratch,1,12,10,1.00,true,0.29650,0.00511,0.09381,1.79732,0.00585,1.0097,0.0004,1.0189,0.16767,0.00421
10,scratch,1,12,10,1.10,true,0.28225,0.00503,0.11926,1.83702,0.00594,1.1099,0.0000,1.1190,0.20738,0.00446
10,scratch,1,12,10,1.20,true,0.26737,0.00495,0.14788,1.88053,0.00603,1.2154,0.0000,1.2239,0.25088,0.00471
10,scratch,1,12,15,0.00,true,0.14288,0.00391,0.00216,1.85928,0.00392,0.2650,0.5723,0.3087,0.05170,0.00371
10,scratch,1,12,15,0.10,true,0.16887,0.00419,0.00342,1.83454,0.00421,0.3103,0.4456,0.3236,0.02696,0.00319
10,scratch,1,12,15,0.20,true,0.18900,0.00438,0.00598,1.81698,0.00442,0.3602,0.3235,0.3594,0.00940,0.00261
10,scratch,1,12,15,0.30,true,0.20225,0.00449,0.01035,1.80810,0.00456,0.4215,0.2252,0.4147,0.00051,0.00173
10,scratch,1,12,15,0.40,true,0.20938,0.00455,0.01696,1.80759,0.00467,0.4910,0.1499,0.4845,0.00000,0.00000
10,scratch,1,12,15,0.50,true,0.21138,0.00456,0.02633,1.81495,0.00475,0.5666,0.0916,0.5663,0.00737,0.00171
10,scratch,1,12,15,0.60,true,0.20688,0.00453,0.03877,1.83189,0.00480,0.6491,0.0556,0.6537,0.02431,0.00223
10,scratch,1,12,15,0.70,true,0.20350,0.00450,0.05438,1.85088,0.00488,0.7356,0.0303,0.7466,0.04330,0.00260
10,scratch,1,12,15,0.80,true,0.19600,0.00444,0.07311,1.87712,0.00494,0.8268,0.0168,0.8410,0.06953,0.00288
10,scratch,1,12,15,0.90,true,0.18625,0.00435,0.09515,1.90891,0.00498,0.9223,0.0094,0.9378,0.10132,0.00316
10,scratch,1,12,15,1.00,true,0.17938,0.00429,0.11923,1.93987,0.00505,1.0194,0.0055,1.0354,0.13228,0.00336
10,scratch,1,12,15,1.10,true,0.17087,0.00421,0.14551,1.97466,0.00511,1.1179,0.0039,1.1333,0.16707,0.00357
10,scratch,1,12,15,1.20,true,0.16225,0.00412,0.17385,2.01163,0.00515,1.2167,0.0015,1.2333,0.20405,0.00377
10,scratch,1,12,20,0.00,true,0.09037,0.00321,0.00847,1.91810,0.00325,0.3406,0.5439,0.4143,0.01364,0.00227
10,scratch,1,12,20,0.10,true,0.09925,0.00334,0.01068,1.91143,0.00340,0.3820,0.4435,0.4273,0.00697,0.00163
10,scratch,1,12,20,0.20,true,0.11038,0.00350,0.01483,1.90446,0.00359,0.4308,0.3497,0.4579,0.00000,0.00000
10,scratch,1,12,20,0.30,true,0.11525,0.00357,0.02140,1.90615,0.00370,0.4920,0.2747,0.5030,0.00169,0.00152
10,scratch,1,12,20,0.40,true,0.12150,0.00365,0.03030,1.90881,0.00384,0.5556,0.2080,0.5608,0.00435,0.00209
10,scratch,1,12,20,0.50,true,0.12650,0.00372,0.04200,1.91551,0.00398,0.6262,0.1524,0.6308,0.01105,0.00253
10,scratch,1,12,20,0.60,true,0.12575,0.00371,0.05642,1.93068,0.00406,0.7000,0.1101,0.7067,0.02622,0.00285
10,scratch,1,12,20,0.70,true,0.12437,0.00369,0.07368,1.94931,0.00414,0.7805,0.0798,0.7892,0.04485,0.00311
10,scratch,1,12,20,0.80,true,0.12162,0.00365,0.09356,1.97195,0.00422,0.8609,0.0525,0.8768,0.06749,0.00334
10,scratch,1,12,20,0.90,true,0.11950,0.00363,0.11646,1.99697,0.00432,0.9515,0.0353,0.9712,0.09251,0.00355
10,scratch,1,12,20,1.00,true,0.11663,0.00359,0.14052,2.02392,0.00440,1.0416,0.0241,1.0642,0.11946,0.00372
10,scratch,1,12,20,1.10,true,0.11088,0.00351,0.16704,2.05620,0.00444,1.1344,0.0156,1.1597,0.15174,0.00387
10,scratch,1,12,20,1.20,true,0.10650,0.00345,0.19431,2.08785,0.00449,1.2285,0.0101,1.2556,0.18339,0.00399
10,scratch,1,3,10,0.00,true,0.22750,0.00469,0.00017,1.77267,0.00469,0.1659,0.6097,0.2146,0.10861,0.00486
10,scratch,1,3,10,0.10,true,0.28537,0.00505,0.00032,1.71494,0.00505,0.2231,0.4121,0.2319,0.05088,0.00370
10,scratch,1,3,10,0.20,true,0.32262,0.00523,0.00098,1.67836,0.00523,0.2862,0.2438,0.2840,0.01429,0.00247
10,scratch,1,3,10,0.30,true,0.33837,0.00529,0.00244,1.66406,0.00531,0.3533,0.1334,0.3530,0.00000,0.00000
10,scratch,1,3,10,0.40,true,0.33425,0.00527,0.00542,1.67117,0.00532,0.4332,0.0685,0.4366,0.00711,0.00213
10,scratch,1,3,10,0.50,true,0.32863,0.00525,0.01031,1.68169,0.00534,0.5161,0.0318,0.5247,0.01762,0.00273
10,scratch,1,3,10,0.60,true,0.31675,0.00520,0.01859,1.70184,0.00535,0.6118,0.0139,0.6232,0.03778,0.00313
10,scratch,1,3,10,0.70,true,0.30462,0.00515,0.03025,1.72563,0.00539,0.7093,0.0050,0.7225,0.06156,0.00344
10,scratch,1,3,10,0.80,true,0.29175,0.00508,0.04588,1.75414,0.00544,0.8106,0.0026,0.8234,0.09007,0.00368
10,scratch,1,3,10,0.90,true,0.27750,0.00501,0.06491,1.78742,0.00550,0.9094,0.0010,0.9223,0.12335,0.00394
10,scratch,1,3,10,1.00,true,0.26325,0.00492,0.08781,1.82456,0.00557,1.0107,0.0002,1.0237,0.16050,0.00418
10,scratch,1,3,10,1.10,true,0.25275,0.00486,0.11300,1.86026,0.00567,1.1116,0.0000,1.1243,0.19620,0.00437
10,scratch,1,3,10,1.20,true,0.24050,0.00478,0.13848,1.89799,0.00574,1.2044,0.0000,1.2169,0.23393,0.00458
10,scratch,1,3,15,0.00,true,0.12987,0.00376,0.00199,1.87212,0.00377,0.2409,0.5666,0.3151,0.04840,0.00392
10,scratch,1,3,15,0.10,true,0.15525,0.00405,0.00274,1.84749,0.00406,0.3060,0.4343,0.3312,0.02377,0.00297
10,scratch,1,3,15,0.20,true,0.17150,0.00421,0.00455,1.83305,0.00424,0.3569,0.3291,0.3644,0.00933,0.00216
10,scratch,1,3,15,0.30,true,0.18438,0.00434,0.00809,1.82372,0.00439,0.4162,0.2297,0.4179,0.00000,0.00000
10,scratch,1,3,15,0.40,true,0.18875,0.00437,0.01369,1.82494,0.00446,0.4847,0.1562,0.4849,0.00122,0.00185
10,scratch,1,3,15,0.50,true,0.18925,0.00438,0.02161,1.83237,0.00452,0.5559,0.0996,0.5608,0.00865,0.00251
10,scratch,1,3,15,0.60,true,0.18800,0.00437,0.03335,1.84535,0.00459,0.6426,0.0596,0.6524,0.02163,0.00295
10,scratch,1,3,15,0.70,true,0.18150,0.00431,0.04850,1.86700,0.00463,0.7310,0.0321,0.7472,0.04328,0.00326
10,scratch,1,3,15,0.80,true,0.17425,0.00424,0.06514,1.89090,0.00466,0.8146,0.0174,0.8349,0.06718,0.00351
10,scratch,1,3,15,0.90,true,0.16637,0.00416,0.08587,1.91950,0.00470,0.9102,0.0112,0.9305,0.09578,0.00371
10,scratch,1,3,15,1.00,true,0.15987,0.00410,0.10827,1.94840,0.00476,1.0014,0.0049,1.0244,0.12468,0.00392
10,scratch,1,3,15,1.10,true,0.15088,0.00400,0.13509,1.98423,0.00480,1.1019,0.0019,1.1256,0.16051,0.00409
10,scratch,1,3,15,1.20,true,0.14288,0.00391,0.16250,2.01964,0.00484,1.1998,0.0010,1.2229,0.19592,0.00424
10,scratch,1,3,20,0.00,true,0.08712,0.00315,0.00975,1.92262,0.00320,0.3227,0.5398,0.4287,0.01827,0.00344
10,scratch,1,3,20,0.10,true,0.09750,0.00332,0.01122,1.91372,0.00338,0.3862,0.4406,0.4429,0.00937,0.00259
10,scratch,1,3,20,0.20,true,0.10850,0.00348,0.01452,1.90602,0.00356,0.4383,0.3589,0.4727,0.00167,0.00194
10,scratch,1,3,20,0.30,true,0.11613,0.00358,0.02047,1.90435,0.00370,0.4994,0.2783,0.5193,0.00000,0.00000
10,scratch,1,3,20,0.40,true,0.11663,0.00359,0.02867,1.91205,0.00376,0.5632,0.2137,0.5758,0.00770,0.00170
10,scratch,1,3,20,0.50,true,0.11600,0.00358,0.03953,1.92353,0.00382,0.6299,0.1585,0.6419,0.01918,0.00225
10,scratch,1,3,20,0.60,true,0.11750,0.00360,0.05405,1.93655,0.00393,0.7075,0.1112,0.7229,0.03220,0.00263
10,scratch,1,3,20,0.70,true,0.11538,0.00357,0.06928,1.95391,0.00400,0.7788,0.0803,0.7982,0.04956,0.00289
10,scratch,1,3,20,0.80,true,0.11200,0.00353,0.08726,1.97526,0.00405,0.8576,0.0572,0.8802,0.07092,0.00309
10,scratch,1,3,20,0.90,true,0.10925,0.00349,0.10990,2.00066,0.00414,0.9489,0.0375,0.9763,0.09632,0.00339
10,scratch,1,3,20,1.00,true,0.10525,0.00343,0.13450,2.02927,0.00420,1.0412,0.0246,1.0721,0.12493,0.00356
10,scratch,1,3,20,1.10,true,0.10063,0.00336,0.15903,2.05844,0.00425,1.1289,0.0163,1.1624,0.15409,0.00375
10,scratch,1,3,20,1.20,true,0.09550,0.00329,0.18632,2.09086,0.00428,1.2223,0.0097,1.2585,0.18651,0.00392
10,scratch,1,6,10,0.00,true,0.22337,0.00466,0.00022,1.77684,0.00466,0.1767,0.5925,0.2160,0.09044,0.00433
10,scratch,1,6,10,0.10,true,0.27725,0.00500,0.00022,1.72297,0.00501,0.2254,0.4023,0.2360,0.03657,0.00340
10,scratch,1,6,10,0.20,true,0.30375,0.00514,0.00060,1.69685,0.00515,0.2863,0.2417,0.2858,0.01045,0.00236
10,scratch,1,6,10,0.30,true,0.31525,0.00519,0.00165,1.68640,0.00521,0.3579,0.1313,0.3574,0.00000,0.00000
10,scratch,1,6,10,0.40,true,0.31650,0.00520,0.00400,1.68750,0.00523,0.4397,0.0635,0.4443,0.00110,0.00197
10,scratch,1,6,10,0.50,true,0.31000,0.00517,0.00826,1.69826,0.00524,0.5282,0.0284,0.5374,0.01186,0.00259
10,scratch,1,6,10,0.60,true,0.29875,0.00512,0.01525,1.71650,0.00524,0.6236,0.0119,0.6353,0.03010,0.00300
10,scratch,1,6,10,0.70,true,0.28375,0.00504,0.02544,1.74169,0.00524,0.7206,0.0052,0.7330,0.05529,0.00331
10,scratch,1,6,10,0.80,true,0.26863,0.00496,0.03870,1.77007,0.00524,0.8178,0.0031,0.8296,0.08367,0.00358
10,scratch,1,6,10,0.90,true,0.25488,0.00487,0.05570,1.80084,0.00527,0.9182,0.0012,0.9301,0.11443,0.00384
10,scratch,1,6,10,1.00,true,0.24025,0.00478,0.07610,1.83586,0.00531,1.0198,0.0003,1.0314,0.14946,0.00408
10,scratch,1,6,10,1.10,true,0.22587,0.00468,0.09854,1.87269,0.00533,1.1177,0.0002,1.1287,0.18628,0.00432
10,scratch,1,6,10,1.20,true,0.21400,0.00459,0.12435,1.91038,0.00539,1.2215,0.0000,1.2322,0.22397,0.00451
10,scratch,1,6,15,0.00,true,0.12925,0.00375,0.00219,1.87294,0.00376,0.2603,0.5528,0.3184,0.04352,0.00351
10,scratch,1,6,15,0.10,true,0.15388,0.00403,0.00236,1.84849,0.00405,0.3074,0.4272,0.3356,0.01907,0.00302
10,scratch,1,6,15,0.20,true,0.16875,0.00419,0.00374,1.83499,0.00421,0.3646,0.3173,0.3732,0.00557,0.00242
10,scratch,1,6,15,0.30,true,0.17563,0.00425,0.00658,1.83095,0.00429,0.4249,0.2215,0.4273,0.00153,0.00160
10,scratch,1,6,15,0.40,true,0.18188,0.00431,0.01130,1.82942,0.00438,0.4927,0.1464,0.4962,0.00000,0.00000
10,scratch,1,6,15,0.50,true,0.18050,0.00430,0.01835,1.83785,0.00442,0.5671,0.0901,0.5757,0.00843,0.00153
10,scratch,1,6,15,0.60,true,0.17575,0.00426,0.02788,1.85213,0.00443,0.6508,0.0591,0.6606,0.02271,0.00204
10,scratch,1,6,15,0.70,true,0.17112,0.00421,0.04050,1.86938,0.00446,0.7370,0.0321,0.7535,0.03995,0.00244
10,scratch,1,6,15,0.80,true,0.16387,0.00414,0.05597,1.89210,0.00448,0.8287,0.0182,0.8478,0.06268,0.00274
10,scratch,1,6,15,0.90,true,0.15600,0.00406,0.07426,1.91828,0.00451,0.9235,0.0108,0.9436,0.08885,0.00299
10,scratch,1,6,15,1.00,true,0.14900,0.00398,0.09552,1.94654,0.00454,1.0211,0.0051,1.0428,0.11712,0.00319
10,scratch,1,6,15,1.10,true,0.13925,0.00387,0.11938,1.98016,0.00455,1.1204,0.0030,1.1418,0.15074,0.00341
10,scratch,1,6,15,1.20,true,0.12900,0.00375,0.14493,2.01598,0.00454,1.2185,0.0019,1.2393,0.18656,0.00362
10,scratch,1,6,20,0.00,true,0.07700,0.00298,0.01006,1.93306,0.00303,0.3450,0.5328,0.4323,0.02099,0.00244
10,scratch,1,6,20,0.10,true,0.08900,0.00318,0.01059,1.92160,0.00324,0.3914,0.4413,0.4470,0.00953,0.00200
10,scratch,1,6,20,0.20,true,0.10088,0.00337,0.01304,1.91217,0.00344,0.4409,0.3499,0.4789,0.00010,0.00135
10,scratch,1,6,20,0.30,true,0.10537,0.00343,0.01744,1.91207,0.00353,0.4984,0.2754,0.5221,0.00000,0.00000
10,scratch,1,6,20,0.40,true,0.10900,0.00348,0.02410,1.91510,0.00362,0.5600,0.2064,0.5795,0.00303,0.00145
10,scratch,1,6,20,0.50,true,0.11013,0.00350,0.03308,1.92296,0.00369,0.6305,0.1562,0.6461,0.01089,0.00188
10,scratch,1,6,20,0.60,true,0.11075,0.00351,0.04456,1.93382,0.00377,0.7027,0.1113,0.7216,0.02175,0.00222
10,scratch,1,6,20,0.70,true,0.10887,0.00348,0.05850,1.94963,0.00383,0.7797,0.0779,0.8026,0.03756,0.00250
10,scratch,1,6,20,0.80,true,0.10575,0.00344,0.07514,1.96941,0.00388,0.8632,0.0527,0.8903,0.05734,0.00279
10,scratch,1,6,20,0.90,true,0.10000,0.00335,0.09426,1.99429,0.00389,0.9525,0.0383,0.9798,0.08222,0.00299
10,scratch,1,6,20,1.00,true,0.09588,0.00329,0.11542,2.01959,0.00393,1.0428,0.0261,1.0727,0.10752,0.00319
10,scratch,1,6,20,1.10,true,0.09175,0.00323,0.13870,2.04701,0.00398,1.1358,0.0173,1.1680,0.13494,0.00335
10,scratch,1,6,20,1.20,true,0.08413,0.00310,0.16442,2.08038,0.00395,1.2319,0.0115,1.2654,0.16831,0.00359
10,mid,1,12,10,0.00,true,0.20738,0.00453,0.00074,1.79337,0.00454,0.1900,0.5953,0.2334,0.07006,0.00419
10,mid,1,12,10,0.10,true,0.24988,0.00484,0.00156,1.75168,0.00485,0.2379,0.4208,0.2509,0.02838,0.00335
10,mid,1,12,10,0.20,true,0.27413,0.00499,0.00374,1.72962,0.00502,0.2963,0.2707,0.2960,0.00631,0.00234
10,mid,1,12,10,0.30,true,0.28487,0.00505,0.00818,1.72331,0.00511,0.3630,0.1522,0.3641,0.00000,0.00000
10,mid,1,12,10,0.40,true,0.28537,0.00505,0.01590,1.73053,0.00518,0.4418,0.0819,0.4465,0.00722,0.00196
10,mid,1,12,10,0.50,true,0.27937,0.00502,0.02785,1.74848,0.00524,0.5277,0.0390,0.5382,0.02517,0.00261
10,mid,1,12,10,0.60,true,0.26813,0.00495,0.04429,1.77617,0.00530,0.6182,0.0179,0.6320,0.05287,0.00303
10,mid,1,12,10,0.70,true,0.25562,0.00488,0.06533,1.80973,0.00537,0.7127,0.0081,0.7280,0.08642,0.00341
10,mid,1,12,10,0.80,true,0.24450,0.00481,0.09060,1.84613,0.00547,0.8095,0.0035,0.8254,0.12282,0.00370
10,mid,1,12,10,0.90,true,0.23312,0.00473,0.12009,1.88701,0.00558,0.9103,0.0020,0.9255,0.16371,0.00395
10,mid,1,12,10,1.00,true,0.22425,0.00466,0.15053,1.92635,0.00570,1.0065,0.0010,1.0214,0.20304,0.00415
10,mid,1,12,10,1.10,true,0.21338,0.00458,0.18417,1.97089,0.00579,1.1068,0.0005,1.1215,0.24758,0.00438
10,mid,1,12,10,1.20,true,0.20037,0.00448,0.22092,2.02068,0.00586,1.2118,0.0002,1.2260,0.29738,0.00460
10,mid,1,12,15,0.00,true,0.10812,0.00347,0.00774,1.89962,0.00351,0.2883,0.5566,0.3556,0.01954,0.00299
10,mid,1,12,15,0.10,true,0.12462,0.00369,0.01048,1.88586,0.00375,0.3314,0.4407,0.3705,0.00578,0.00249
10,mid,1,12,15,0.20,true,0.13462,0.00382,0.01594,1.88132,0.00391,0.3821,0.3315,0.4047,0.00124,0.00170
10,mid,1,12,15,0.30,true,0.14425,0.00393,0.02432,1.88008,0.00409,0.4410,0.2407,0.4558,0.00000,0.00000
10,mid,1,12,15,0.40,true,0.14875,0.00398,0.03626,1.88752,0.00422,0.5061,0.1655,0.5209,0.00744,0.00161
10,mid,1,12,15,0.50,true,0.14750,0.00396,0.05200,1.90452,0.00431,0.5818,0.1160,0.5952,0.02444,0.00214
10,mid,1,12,15,0.60,true,0.14613,0.00395,0.07172,1.92562,0.00442,0.6594,0.0725,0.6793,0.04555,0.00256
10,mid,1,12,15,0.70,true,0.14163,0.00390,0.09480,1.95321,0.00451,0.7429,0.0466,0.7663,0.07314,0.00284
10,mid,1,12,15,0.80,true,0.13825,0.00386,0.12112,1.98293,0.00462,0.8303,0.0273,0.8585,0.10285,0.00312
10,mid,1,12,15,0.90,true,0.13225,0.00379,0.15071,2.01855,0.00470,0.9226,0.0160,0.9532,0.13847,0.00333
10,mid,1,12,15,1.00,true,0.12525,0.00370,0.18238,2.05724,0.00475,1.0179,0.0101,1.0488,0.17717,0.00353
10,mid,1,12,15,1.10,true,0.11975,0.00363,0.21505,2.09545,0.00482,1.1130,0.0057,1.1449,0.21537,0.00371
10,mid,1,12,15,1.20,true,0.11263,0.00353,0.24950,2.13708,0.00485,1.2121,0.0039,1.2432,0.25700,0.00385
10,mid,1,12,20,0.00,true,0.05900,0.00263,0.02687,1.96788,0.00278,0.3697,0.5310,0.4901,0.00274,0.00137
10,mid,1,12,20,0.10,true,0.06600,0.00278,0.03113,1.96514,0.00295,0.4132,0.4421,0.5055,0.00000,0.00000
10,mid,1,12,20,0.20,true,0.07250,0.00290,0.03871,1.96622,0.00313,0.4625,0.3593,0.5351,0.00108,0.00129
10,mid,1,12,20,0.30,true,0.07637,0.00297,0.04974,1.97338,0.00327,0.5197,0.2880,0.5770,0.00825,0.00179
10,mid,1,12,20,0.40,true,0.07963,0.00303,0.06390,1.98430,0.00342,0.5802,0.2269,0.6290,0.01916,0.00209
10,mid,1,12,20,0.50,true,0.08400,0.00310,0.08177,1.99781,0.00361,0.6491,0.1744,0.6939,0.03267,0.00246
10,mid,1,12,20,0.60,true,0.08538,0.00312,0.10235,2.01703,0.00375,0.7200,0.1324,0.7644,0.05189,0.00273
10,mid,1,12,20,0.70,true,0.08375,0.00310,0.12638,2.04270,0.00385,0.7951,0.0975,0.8419,0.07756,0.00299
10,mid,1,12,20,0.80,true,0.08250,0.00308,0.15245,2.07005,0.00397,0.8760,0.0733,0.9237,0.10491,0.00320
10,mid,1,12,20,0.90,true,0.08100,0.00305,0.18138,2.10051,0.00407,0.9596,0.0506,1.0125,0.13537,0.00341
10,mid,1,12,20,1.00,true,0.07900,0.00302,0.21093,2.13210,0.00416,1.0463,0.0369,1.1011,0.16696,0.00357
10,mid,1,12,20,1.10,true,0.07712,0.00298,0.24224,2.16534,0.00425,1.1369,0.0256,1.1946,0.20021,0.00372
10,mid,1,12,20,1.20,true,0.07425,0.00293,0.27437,2.20042,0.00430,1.2310,0.0185,1.2897,0.23528,0.00389
10,mid,1,3,10,0.00,true,0.17925,0.00429,0.00093,1.82168,0.00429,0.1810,0.5839,0.2402,0.07245,0.00443
10,mid,1,3,10,0.10,true,0.22450,0.00467,0.00155,1.77705,0.00468,0.2388,0.4068,0.2592,0.02781,0.00336
10,mid,1,3,10,0.20,true,0.24888,0.00483,0.00361,1.75473,0.00486,0.3003,0.2568,0.3073,0.00550,0.00224
10,mid,1,3,10,0.30,true,0.25838,0.00489,0.00761,1.74924,0.00495,0.3645,0.1537,0.3707,0.00000,0.00000
10,mid,1,3,10,0.40,true,0.25938,0.00490,0.01465,1.75528,0.00501,0.4391,0.0829,0.4496,0.00605,0.00206
10,mid,1,3,10,0.50,true,0.25312,0.00486,0.02512,1.77201,0.00505,0.5215,0.0462,0.5344,0.02277,0.00265
10,mid,1,3,10,0.60,true,0.24475,0.00481,0.04059,1.79585,0.00511,0.6132,0.0232,0.6292,0.04662,0.00302
10,mid,1,3,10,0.70,true,0.23550,0.00474,0.06049,1.82501,0.00518,0.7082,0.0103,0.7269,0.07577,0.00334
10,mid,1,3,10,0.80,true,0.22262,0.00465,0.08553,1.86295,0.00525,0.8080,0.0045,0.8276,0.11371,0.00363
10,mid,1,3,10,0.90,true,0.21113,0.00456,0.11363,1.90257,0.00533,0.9074,0.0025,0.9266,0.15333,0.00388
10,mid,1,3,10,1.00,true,0.19812,0.00446,0.14556,1.94752,0.00540,1.0083,0.0011,1.0276,0.19828,0.00411
10,mid,1,3,10,1.10,true,0.18625,0.00435,0.17933,1.99320,0.00546,1.1088,0.0002,1.1282,0.24396,0.00434
10,mid,1,3,10,1.20,true,0.17713,0.00427,0.21077,2.03380,0.00552,1.1999,0.0000,1.2191,0.28457,0.00450
10,mid,1,3,15,0.00,true,0.09575,0.00329,0.00803,1.91228,0.00333,0.2663,0.5513,0.3632,0.01930,0.00347
10,mid,1,3,15,0.10,true,0.11138,0.00352,0.01006,1.89869,0.00357,0.3295,0.4340,0.3802,0.00571,0.00265
10,mid,1,3,15,0.20,true,0.12012,0.00363,0.01445,1.89433,0.00372,0.3793,0.3400,0.4112,0.00135,0.00195
10,mid,1,3,15,0.30,true,0.12925,0.00375,0.02222,1.89298,0.00388,0.4368,0.2459,0.4619,0.00000,0.00000
10,mid,1,3,15,0.40,true,0.13237,0.00379,0.03341,1.90104,0.00399,0.5052,0.1792,0.5244,0.00807,0.00170
10,mid,1,3,15,0.50,true,0.12937,0.00375,0.04791,1.91855,0.00405,0.5721,0.1220,0.5942,0.02557,0.00222
10,mid,1,3,15,0.60,true,0.12875,0.00374,0.06747,1.93875,0.00416,0.6537,0.0782,0.6801,0.04577,0.00270
10,mid,1,3,15,0.70,true,0.12587,0.00371,0.09075,1.96492,0.00426,0.7394,0.0479,0.7709,0.07194,0.00301
10,mid,1,3,15,0.80,true,0.12437,0.00369,0.11408,1.98977,0.00437,0.8202,0.0303,0.8554,0.09679,0.00325
10,mid,1,3,15,0.90,true,0.11862,0.00362,0.14188,2.02334,0.00444,0.9084,0.0172,0.9471,0.13037,0.00345
10,mid,1,3,15,1.00,true,0.11350,0.00355,0.17133,2.05795,0.00451,1.0012,0.0118,1.0395,0.16497,0.00367
10,mid,1,3,15,1.10,true,0.10762,0.00346,0.20465,2.09719,0.00456,1.0996,0.0060,1.1398,0.20421,0.00386
10,mid,1,3,15,1.20,true,0.10063,0.00336,0.23820,2.13779,0.00458,1.1961,0.0029,1.2371,0.24482,0.00402
10,mid,1,3,20,0.00,true,0.05937,0.00264,0.03121,1.97184,0.00281,0.3631,0.5294,0.5095,0.00232,0.00204
10,mid,1,3,20,0.10,true,0.06538,0.00276,0.03488,1.96952,0.00296,0.4233,0.4415,0.5266,0.00000,0.00000
10,mid,1,3,20,0.20,true,0.06963,0.00285,0.04125,1.97164,0.00308,0.4703,0.3661,0.5537,0.00212,0.00155
10,mid,1,3,20,0.30,true,0.07625,0.00297,0.05169,1.97547,0.00328,0.5305,0.2930,0.5982,0.00595,0.00217
10,mid,1,3,20,0.40,true,0.07775,0.00299,0.06520,1.98748,0.00339,0.5908,0.2316,0.6507,0.01796,0.00256
10,mid,1,3,20,0.50,true,0.07575,0.00296,0.08214,2.00644,0.00346,0.6563,0.1814,0.7112,0.03692,0.00283
10,mid,1,3,20,0.60,true,0.07950,0.00302,0.10350,2.02406,0.00365,0.7299,0.1323,0.7877,0.05454,0.00313
10,mid,1,3,20,0.70,true,0.07750,0.00299,0.12518,2.04777,0.00373,0.8027,0.1031,0.8598,0.07825,0.00344
10,mid,1,3,20,0.80,true,0.07462,0.00294,0.14946,2.07495,0.00380,0.8763,0.0759,0.9371,0.10543,0.00360
10,mid,1,3,20,0.90,true,0.07325,0.00291,0.17809,2.10499,0.00391,0.9637,0.0546,1.0272,0.13547,0.00381
10,mid,1,3,20,1.00,true,0.06875,0.00283,0.20860,2.14005,0.00395,1.0521,0.0385,1.1185,0.17053,0.00396
10,mid,1,3,20,1.10,true,0.06775,0.00281,0.23717,2.16967,0.00403,1.1358,0.0270,1.2056,0.20015,0.00409
10,mid,1,3,20,1.20,true,0.06313,0.00272,0.26839,2.20559,0.00404,1.2263,0.0191,1.2975,0.23607,0.00417
10,mid,1,6,10,0.00,true,0.17588,0.00426,0.00099,1.82512,0.00426,0.1915,0.5698,0.2430,0.05970,0.00390
10,mid,1,6,10,0.10,true,0.21375,0.00458,0.00129,1.78754,0.00459,0.2419,0.4017,0.2637,0.02212,0.00310
10,mid,1,6,10,0.20,true,0.23400,0.00473,0.00280,1.76880,0.00475,0.2992,0.2529,0.3102,0.00337,0.00218
10,mid,1,6,10,0.30,true,0.24075,0.00478,0.00617,1.76542,0.00482,0.3678,0.1454,0.3776,0.00000,0.00000
10,mid,1,6,10,0.40,true,0.24025,0.00478,0.01230,1.77205,0.00486,0.4483,0.0818,0.4590,0.00663,0.00184
10,mid,1,6,10,0.50,true,0.23588,0.00475,0.02170,1.78583,0.00490,0.5320,0.0398,0.5480,0.02040,0.00246
10,mid,1,6,10,0.60,true,0.22800,0.00469,0.03548,1.80749,0.00494,0.6262,0.0207,0.6437,0.04207,0.00285
10,mid,1,6,10,0.70,true,0.21962,0.00463,0.05338,1.83377,0.00500,0.7213,0.0091,0.7410,0.06835,0.00315
10,mid,1,6,10,0.80,true,0.20888,0.00454,0.07487,1.86603,0.00505,0.8175,0.0049,0.8371,0.10061,0.00340
10,mid,1,6,10,0.90,true,0.19850,0.00446,0.10048,1.90203,0.00511,0.9176,0.0028,0.9367,0.13661,0.00364
10,mid,1,6,10,1.00,true,0.18450,0.00434,0.12956,1.94515,0.00514,1.0181,0.0015,1.0368,0.17973,0.00390
10,mid,1,6,10,1.10,true,0.17300,0.00423,0.15965,1.98678,0.00518,1.1146,0.0005,1.1333,0.22136,0.00411
10,mid,1,6,10,1.20,true,0.16025,0.00410,0.19370,2.03365,0.00520,1.2185,0.0003,1.2366,0.26823,0.00435
10,mid,1,6,15,0.00,true,0.09475,0.00327,0.00842,1.91367,0.00332,0.2847,0.5392,0.3697,0.02039,0.00244
10,mid,1,6,15,0.10,true,0.11163,0.00352,0.00947,1.89785,0.00357,0.3308,0.4242,0.3880,0.00456,0.00166
10,mid,1,6,15,0.20,true,0.11987,0.00363,0.01316,1.89329,0.00370,0.3857,0.3248,0.4232,0.00000,0.00000
10,mid,1,6,15,0.30,true,0.12562,0.00371,0.01973,1.89411,0.00382,0.4459,0.2382,0.4743,0.00082,0.00163
10,mid,1,6,15,0.40,true,0.12975,0.00376,0.02944,1.89970,0.00393,0.5119,0.1673,0.5385,0.00641,0.00214
10,mid,1,6,15,0.50,true,0.12987,0.00376,0.04257,1.91271,0.00401,0.5831,0.1118,0.6126,0.01942,0.00248
10,mid,1,6,15,0.60,true,0.12587,0.00371,0.05905,1.93320,0.00406,0.6608,0.0734,0.6931,0.03991,0.00277
10,mid,1,6,15,0.70,true,0.11925,0.00362,0.07929,1.96009,0.00409,0.7463,0.0492,0.7797,0.06680,0.00302
10,mid,1,6,15,0.80,true,0.11313,0.00354,0.10244,1.98939,0.00413,0.8320,0.0288,0.8701,0.09610,0.00323
10,mid,1,6,15,0.90,true,0.10625,0.00345,0.12839,2.02224,0.00416,0.9234,0.0178,0.9630,0.12895,0.00343
10,mid,1,6,15,1.00,true,0.09900,0.00334,0.15746,2.05862,0.00418,1.0192,0.0104,1.0598,0.16533,0.00361
10,mid,1,6,15,1.10,true,0.09287,0.00325,0.18816,2.09551,0.00421,1.1158,0.0055,1.1574,0.20223,0.00378
10,mid,1,6,15,1.20,true,0.08488,0.00312,0.22032,2.13575,0.00419,1.2130,0.0031,1.2542,0.24246,0.00394
10,mid,1,6,20,0.00,true,0.05700,0.00259,0.03224,1.97525,0.00276,0.3766,0.5268,0.5182,0.00503,0.00132
10,mid,1,6,20,0.10,true,0.06400,0.00274,0.03420,1.97021,0.00292,0.4226,0.4442,0.5338,0.00000,0.00000
10,mid,1,6,20,0.20,true,0.06788,0.00281,0.03937,1.97151,0.00303,0.4726,0.3640,0.5633,0.00130,0.00135
10,mid,1,6,20,0.30,true,0.07112,0.00287,0.04791,1.97681,0.00315,0.5286,0.2919,0.6056,0.00660,0.00180
10,mid,1,6,20,0.40,true,0.07262,0.00290,0.05950,1.98691,0.00325,0.5872,0.2278,0.6578,0.01670,0.00211
10,mid,1,6,20,0.50,true,0.07412,0.00293,0.07403,1.99996,0.00336,0.6534,0.1770,0.7195,0.02974,0.00236
10,mid,1,6,20,0.60,true,0.07350,0.00292,0.09179,2.01836,0.00345,0.7241,0.1342,0.7895,0.04815,0.00262
10,mid,1,6,20,0.70,true,0.07175,0.00289,0.11228,2.04064,0.00353,0.7989,0.0998,0.8658,0.07042,0.00288
10,mid,1,6,20,0.80,true,0.07087,0.00287,0.13542,2.06469,0.00363,0.8781,0.0714,0.9486,0.09448,0.00312
10,mid,1,6,20,0.90,true,0.06925,0.00284,0.16056,2.09151,0.00372,0.9615,0.0509,1.0346,0.12130,0.00332
10,mid,1,6,20,1.00,true,0.06513,0.00276,0.18791,2.12306,0.00376,1.0502,0.0380,1.1230,0.15285,0.00348
10,mid,1,6,20,1.10,true,0.06112,0.00268,0.21700,2.15624,0.00378,1.1414,0.0276,1.2150,0.18603,0.00363
10,mid,1,6,20,1.20,true,0.05725,0.00260,0.24706,2.19028,0.00380,1.2329,0.0190,1.3083,0.22006,0.00379
10,high,1,12,10,0.00,true,0.16487,0.00415,0.00308,1.83821,0.00417,0.2081,0.5772,0.2613,0.04351,0.00336
10,high,1,12,10,0.10,true,0.19575,0.00444,0.00529,1.80954,0.00447,0.2558,0.4184,0.2799,0.01485,0.00234
10,high,1,12,10,0.20,true,0.21588,0.00460,0.01056,1.79469,0.00467,0.3134,0.2820,0.3234,0.00000,0.00000
10,high,1,12,10,0.30,true,0.22125,0.00464,0.01991,1.79868,0.00479,0.3781,0.1750,0.3858,0.00399,0.00210
10,high,1,12,10,0.40,true,0.22237,0.00465,0.03409,1.81175,0.00490,0.4527,0.1021,0.4633,0.01705,0.00272
10,high,1,12,10,0.50,true,0.22112,0.00464,0.05377,1.83269,0.00504,0.5357,0.0546,0.5516,0.03800,0.00318
10,high,1,12,10,0.60,true,0.21525,0.00460,0.07834,1.86317,0.00516,0.6235,0.0288,0.6430,0.06848,0.00350
10,high,1,12,10,0.70,true,0.20563,0.00452,0.10747,1.90196,0.00527,0.7148,0.0148,0.7365,0.10727,0.00381
10,high,1,12,10,0.80,true,0.19425,0.00442,0.14050,1.94643,0.00537,0.8091,0.0073,0.8320,0.15174,0.00406
10,high,1,12,10,0.90,true,0.18363,0.00433,0.17688,1.99352,0.00546,0.9079,0.0037,0.9310,0.19883,0.00429
10,high,1,12,10,1.00,true,0.17425,0.00424,0.21313,2.03924,0.00554,1.0039,0.0023,1.0264,0.24455,0.00450
10,high,1,12,10,1.10,true,0.16525,0.00415,0.25135,2.08659,0.00562,1.1043,0.0015,1.1263,0.29190,0.00470
10,high,1,12,10,1.20,true,0.15700,0.00407,0.29078,2.13445,0.00568,1.2085,0.0007,1.2304,0.33975,0.00486
10,high,1,12,15,0.00,true,0.08325,0.00309,0.02236,1.93913,0.00321,0.3152,0.5470,0.4088,0.00486,0.00224
10,high,1,12,15,0.10,true,0.09237,0.00324,0.02741,1.93506,0.00340,0.3591,0.4440,0.4240,0.00079,0.00167
10,high,1,12,15,0.20,true,0.10250,0.00339,0.03674,1.93427,0.00362,0.4094,0.3448,0.4578,0.00000,0.00000
10,high,1,12,15,0.30,true,0.10712,0.00346,0.05019,1.94311,0.00378,0.4641,0.2600,0.5041,0.00884,0.00134
10,high,1,12,15,0.40,true,0.11100,0.00351,0.06823,1.95731,0.00396,0.5274,0.1883,0.5651,0.02304,0.00200
10,high,1,12,15,0.50,true,0.10975,0.00349,0.09059,1.98095,0.00408,0.6001,0.1377,0.6350,0.04668,0.00242
10,high,1,12,15,0.60,true,0.10887,0.00348,0.11662,2.00792,0.00422,0.6743,0.0947,0.7129,0.07365,0.00272
10,high,1,12,15,0.70,true,0.10612,0.00344,0.14612,2.04023,0.00434,0.7551,0.0645,0.7970,0.10596,0.00304
10,high,1,12,15,0.80,true,0.10187,0.00338,0.17815,2.07660,0.00443,0.8387,0.0429,0.8841,0.14233,0.00326
10,high,1,12,15,0.90,true,0.09825,0.00333,0.21265,2.11484,0.00452,0.9276,0.0273,0.9765,0.18056,0.00349
10,high,1,12,15,1.00,true,0.09413,0.00326,0.24820,2.15465,0.00459,1.0186,0.0164,1.0705,0.22038,0.00367
10,high,1,12,15,1.10,true,0.08862,0.00318,0.28455,2.19667,0.00462,1.1138,0.0115,1.1653,0.26240,0.00384
10,high,1,12,15,1.20,true,0.08263,0.00308,0.32163,2.23996,0.00462,1.2102,0.0072,1.2623,0.30568,0.00397
10,high,1,12,20,0.00,true,0.04550,0.00233,0.06669,2.02128,0.00272,0.4053,0.5292,0.5774,0.00000,0.00000
10,high,1,12,20,0.10,true,0.04938,0.00242,0.07345,2.02418,0.00286,0.4479,0.4489,0.5932,0.00290,0.00114
10,high,1,12,20,0.20,true,0.05362,0.00252,0.08450,2.03099,0.00303,0.4976,0.3751,0.6220,0.00972,0.00166
10,high,1,12,20,0.30,true,0.05613,0.00257,0.09975,2.04378,0.00319,0.5527,0.3076,0.6620,0.02250,0.00204
10,high,1,12,20,0.40,true,0.05763,0.00261,0.11838,2.06095,0.00333,0.6115,0.2504,0.7107,0.03967,0.00232
10,high,1,12,20,0.50,true,0.06087,0.00267,0.14075,2.08013,0.00353,0.6774,0.2001,0.7705,0.05885,0.00263
10,high,1,12,20,0.60,true,0.06313,0.00272,0.16569,2.10289,0.00370,0.7459,0.1581,0.8369,0.08162,0.00293
10,high,1,12,20,0.70,true,0.06288,0.00271,0.19325,2.13080,0.00383,0.8174,0.1223,0.9092,0.10953,0.00316
10,high,1,12,20,0.80,true,0.06212,0.00270,0.22283,2.16125,0.00394,0.8936,0.0940,0.9869,0.13997,0.00338
10,high,1,12,20,0.90,true,0.06000,0.00266,0.25501,2.19571,0.00402,0.9769,0.0717,1.0714,0.17443,0.00359
10,high,1,12,20,1.00,true,0.05775,0.00261,0.28709,2.23021,0.00408,1.0571,0.0515,1.1570,0.20894,0.00377
10,high,1,12,20,1.10,true,0.05437,0.00254,0.32030,2.26701,0.00409,1.1459,0.0399,1.2456,0.24573,0.00389
10,high,1,12,20,1.20,true,0.05237,0.00249,0.35312,2.30207,0.00412,1.2336,0.0288,1.3365,0.28079,0.00400
10,high,1,3,10,0.00,true,0.14763,0.00397,0.00357,1.85595,0.00399,0.2017,0.5702,0.2709,0.04296,0.00365
10,high,1,3,10,0.10,true,0.17700,0.00427,0.00525,1.82826,0.00430,0.2575,0.4087,0.2897,0.01527,0.00241
10,high,1,3,10,0.20,true,0.19725,0.00445,0.01023,1.81299,0.00452,0.3186,0.2764,0.3347,0.00000,0.00000
10,high,1,3,10,0.30,true,0.20212,0.00449,0.01847,1.81636,0.00462,0.3792,0.1783,0.3929,0.00338,0.00205
10,high,1,3,10,0.40,true,0.20600,0.00452,0.03137,1.82540,0.00474,0.4512,0.1047,0.4684,0.01242,0.00277
10,high,1,3,10,0.50,true,0.20075,0.00448,0.04854,1.84785,0.00482,0.5283,0.0621,0.5482,0.03486,0.00313
10,high,1,3,10,0.60,true,0.19312,0.00441,0.07254,1.87951,0.00491,0.6190,0.0350,0.6415,0.06653,0.00347
10,high,1,3,10,0.70,true,0.18438,0.00434,0.10112,1.91690,0.00501,0.7125,0.0190,0.7375,0.10391,0.00377
10,high,1,3,10,0.80,true,0.17525,0.00425,0.13414,1.95913,0.00511,0.8097,0.0092,0.8368,0.14615,0.00402
10,high,1,3,10,0.90,true,0.16637,0.00416,0.16927,2.00323,0.00521,0.9077,0.0046,0.9357,0.19025,0.00425
10,high,1,3,10,1.00,true,0.15662,0.00406,0.20692,2.05077,0.00528,1.0074,0.0024,1.0355,0.23778,0.00446
10,high,1,3,10,1.10,true,0.14575,0.00395,0.24590,2.10077,0.00531,1.1076,0.0016,1.1352,0.28778,0.00465
10,high,1,3,10,1.20,true,0.13787,0.00385,0.28107,2.14398,0.00535,1.1982,0.0009,1.2259,0.33099,0.00477
10,high,1,3,15,0.00,true,0.07212,0.00289,0.02381,1.95171,0.00302,0.2990,0.5440,0.4190,0.00725,0.00210
10,high,1,3,15,0.10,true,0.08363,0.00309,0.02806,1.94446,0.00325,0.3580,0.4381,0.4370,0.00000,0.00000
10,high,1,3,15,0.20,true,0.08937,0.00319,0.03615,1.94681,0.00340,0.4074,0.3513,0.4679,0.00235,0.00171
10,high,1,3,15,0.30,true,0.09400,0.00326,0.04884,1.95490,0.00356,0.4645,0.2690,0.5144,0.01044,0.00239
10,high,1,3,15,0.40,true,0.09638,0.00330,0.06589,1.96961,0.00370,0.5260,0.1991,0.5723,0.02515,0.00274
10,high,1,3,15,0.50,true,0.09713,0.00331,0.08640,1.98942,0.00384,0.5935,0.1476,0.6382,0.04496,0.00301
10,high,1,3,15,0.60,true,0.09788,0.00332,0.11276,2.01509,0.00401,0.6714,0.1012,0.7194,0.07062,0.00336
10,high,1,3,15,0.70,true,0.09625,0.00330,0.14242,2.04646,0.00414,0.7547,0.0687,0.8060,0.10200,0.00365
10,high,1,3,15,0.80,true,0.09250,0.00324,0.17127,2.07916,0.00422,0.8300,0.0464,0.8859,0.13470,0.00384
10,high,1,3,15,0.90,true,0.08837,0.00317,0.20442,2.11656,0.00430,0.9169,0.0302,0.9761,0.17209,0.00405
10,high,1,3,15,1.00,true,0.08550,0.00313,0.23731,2.15246,0.00438,1.0029,0.0193,1.0648,0.20800,0.00420
10,high,1,3,15,1.10,true,0.08238,0.00307,0.27404,2.19251,0.00445,1.1007,0.0124,1.1637,0.24804,0.00437
10,high,1,3,15,1.20,true,0.07650,0.00297,0.31037,2.23493,0.00445,1.1962,0.0081,1.2596,0.29047,0.00450
10,high,1,3,20,0.00,true,0.04263,0.00226,0.07624,2.03372,0.00271,0.4138,0.5259,0.6024,0.00000,0.00000
10,high,1,3,20,0.10,true,0.04825,0.00240,0.08208,2.03395,0.00288,0.4616,0.4469,0.6197,0.00023,0.00177
10,high,1,3,20,0.20,true,0.05150,0.00247,0.09144,2.04009,0.00302,0.5079,0.3785,0.6473,0.00637,0.00225
10,high,1,3,20,0.30,true,0.05400,0.00253,0.10590,2.05210,0.00317,0.5661,0.3109,0.6890,0.01837,0.00270
10,high,1,3,20,0.40,true,0.05462,0.00254,0.12379,2.06942,0.00329,0.6267,0.2548,0.7393,0.03569,0.00303
10,high,1,3,20,0.50,true,0.05437,0.00254,0.14503,2.09098,0.00341,0.6916,0.2070,0.7975,0.05725,0.00328
10,high,1,3,20,0.60,true,0.05325,0.00251,0.17056,2.11774,0.00351,0.7621,0.1616,0.8664,0.08401,0.00350
10,high,1,3,20,0.70,true,0.05625,0.00258,0.19519,2.13947,0.00369,0.8276,0.1258,0.9360,0.10575,0.00375
10,high,1,3,20,0.80,true,0.05450,0.00254,0.22247,2.16863,0.00377,0.9003,0.0998,1.0089,0.13491,0.00389
10,high,1,3,20,0.90,true,0.05312,0.00251,0.25379,2.20151,0.00386,0.9814,0.0746,1.0934,0.16778,0.00406
10,high,1,3,20,1.00,true,0.05150,0.00247,0.28606,2.23562,0.00393,1.0687,0.0575,1.1817,0.20189,0.00420
10,high,1,3,20,1.10,true,0.04913,0.00242,0.31637,2.26852,0.00396,1.1480,0.0430,1.2648,0.23480,0.00428
10,high,1,3,20,1.20,true,0.04637,0.00235,0.34798,2.30315,0.00397,1.2339,0.0319,1.3532,0.26943,0.00436
10,high,1,6,10,0.00,true,0.14000,0.00388,0.00395,1.86395,0.00390,0.2109,0.5548,0.2744,0.03990,0.00351
10,high,1,6,10,0.10,true,0.16700,0.00417,0.00496,1.83796,0.00420,0.2593,0.4019,0.2950,0.01390,0.00276
10,high,1,6,10,0.20,true,0.18238,0.00432,0.00870,1.82633,0.00437,0.3170,0.2704,0.3392,0.00228,0.00186
10,high,1,6,10,0.30,true,0.19187,0.00440,0.01592,1.82406,0.00451,0.3837,0.1698,0.4026,0.00000,0.00000
10,high,1,6,10,0.40,true,0.19137,0.00440,0.02761,1.83626,0.00458,0.4597,0.1016,0.4793,0.01221,0.00170
10,high,1,6,10,0.50,true,0.18962,0.00438,0.04378,1.85420,0.00468,0.5427,0.0589,0.5651,0.03015,0.00231
10,high,1,6,10,0.60,true,0.18238,0.00432,0.06541,1.88312,0.00475,0.6320,0.0315,0.6579,0.05907,0.00278
10,high,1,6,10,0.70,true,0.17438,0.00424,0.09124,1.91701,0.00483,0.7243,0.0174,0.7518,0.09295,0.00309
10,high,1,6,10,0.80,true,0.16675,0.00417,0.12069,1.95416,0.00492,0.8184,0.0086,0.8478,0.13010,0.00340
10,high,1,6,10,0.90,true,0.15637,0.00406,0.15424,1.99819,0.00499,0.9172,0.0050,0.9462,0.17413,0.00366
10,high,1,6,10,1.00,true,0.14575,0.00395,0.19017,2.04489,0.00503,1.0165,0.0028,1.0453,0.22084,0.00388
10,high,1,6,10,1.10,true,0.13725,0.00385,0.22598,2.08939,0.00508,1.1131,0.0017,1.1415,0.26533,0.00407
10,high,1,6,10,1.20,true,0.12800,0.00374,0.26488,2.13779,0.00511,1.2156,0.0009,1.2439,0.31373,0.00425
10,high,1,6,15,0.00,true,0.07275,0.00290,0.02571,1.95298,0.00304,0.3113,0.5328,0.4274,0.01013,0.00167
10,high,1,6,15,0.10,true,0.08538,0.00312,0.02820,1.94285,0.00328,0.3582,0.4293,0.4470,0.00000,0.00000
10,high,1,6,15,0.20,true,0.09050,0.00321,0.03500,1.94454,0.00340,0.4127,0.3399,0.4808,0.00169,0.00151
10,high,1,6,15,0.30,true,0.09300,0.00325,0.04610,1.95316,0.00352,0.4711,0.2590,0.5287,0.01031,0.00207
10,high,1,6,15,0.40,true,0.09450,0.00327,0.06139,1.96699,0.00364,0.5342,0.1908,0.5885,0.02414,0.00241
10,high,1,6,15,0.50,true,0.09275,0.00324,0.08103,1.98842,0.00373,0.6040,0.1365,0.6583,0.04557,0.00273
10,high,1,6,15,0.60,true,0.09012,0.00320,0.10409,2.01418,0.00381,0.6759,0.0934,0.7341,0.07133,0.00297
10,high,1,6,15,0.70,true,0.08712,0.00315,0.13095,2.04412,0.00391,0.7574,0.0649,0.8170,0.10127,0.00320
10,high,1,6,15,0.80,true,0.08263,0.00308,0.16066,2.07845,0.00397,0.8440,0.0461,0.9041,0.13560,0.00343
10,high,1,6,15,0.90,true,0.07925,0.00302,0.19242,2.11374,0.00405,0.9295,0.0281,0.9946,0.17089,0.00364
10,high,1,6,15,1.00,true,0.07500,0.00294,0.22649,2.15226,0.00411,1.0229,0.0188,1.0887,0.20941,0.00381
10,high,1,6,15,1.10,true,0.07100,0.00287,0.26124,2.19125,0.00415,1.1159,0.0112,1.1837,0.24840,0.00393
10,high,1,6,15,1.20,true,0.06688,0.00279,0.29630,2.23072,0.00417,1.2117,0.0075,1.2793,0.28787,0.00406
10,high,1,6,20,0.00,true,0.04375,0.00229,0.07991,2.03627,0.00275,0.4129,0.5247,0.6150,0.00000,0.00000
10,high,1,6,20,0.10,true,0.04738,0.00238,0.08370,2.03646,0.00287,0.4598,0.4509,0.6318,0.00018,0.00112
10,high,1,6,20,0.20,true,0.05038,0.00245,0.09155,2.04134,0.00299,0.5067,0.3757,0.6608,0.00506,0.00161
10,high,1,6,20,0.30,true,0.05300,0.00250,0.10346,2.05067,0.00312,0.5610,0.3097,0.7011,0.01439,0.00198
10,high,1,6,20,0.40,true,0.05375,0.00252,0.11913,2.06566,0.00323,0.6183,0.2497,0.7506,0.02939,0.00228
10,high,1,6,20,0.50,true,0.05350,0.00252,0.13830,2.08516,0.00333,0.6808,0.1982,0.8086,0.04889,0.00256
10,high,1,6,20,0.60,true,0.05300,0.00250,0.16024,2.10771,0.00344,0.7518,0.1604,0.8736,0.07144,0.00279
10,high,1,6,20,0.70,true,0.05300,0.00250,0.18490,2.13251,0.00355,0.8228,0.1237,0.9462,0.09624,0.00308
10,high,1,6,20,0.80,true,0.05137,0.00247,0.21208,2.16149,0.00364,0.9000,0.0955,1.0239,0.12521,0.00333
10,high,1,6,20,0.90,true,0.05025,0.00244,0.24088,2.19162,0.00372,0.9791,0.0713,1.1062,0.15535,0.00357
10,high,1,6,20,1.00,true,0.04763,0.00238,0.27113,2.22475,0.00376,1.0615,0.0525,1.1914,0.18847,0.00375
10,high,1,6,20,1.10,true,0.04575,0.00234,0.30180,2.25758,0.00380,1.1494,0.0407,1.2788,0.22131,0.00386
10,high,1,6,20,1.20,true,0.04163,0.00223,0.33373,2.29396,0.00377,1.2387,0.0309,1.3685,0.25769,0.00399
10,hcp30,1,12,10,0.00,true,0.14625,0.00395,0.06156,1.91626,0.00442,0.4116,0.5744,0.4414,0.01028,0.00211
10,hcp30,1,12,10,0.10,true,0.16375,0.00414,0.06866,1.90598,0.00469,0.4623,0.4906,0.4598,0.00000,0.00000
10,hcp30,1,12,10,0.20,true,0.17363,0.00423,0.08109,1.90878,0.00490,0.5217,0.4178,0.4908,0.00280,0.00199
10,hcp30,1,12,10,0.30,true,0.18613,0.00435,0.09831,1.91389,0.00518,0.5837,0.3473,0.5373,0.00790,0.00285
10,hcp30,1,12,10,0.40,true,0.19212,0.00440,0.11983,1.92996,0.00542,0.6513,0.2887,0.5932,0.02397,0.00344
10,hcp30,1,12,10,0.50,true,0.19400,0.00442,0.14519,1.95418,0.00565,0.7212,0.2351,0.6593,0.04820,0.00399
10,hcp30,1,12,10,0.60,true,0.19487,0.00443,0.17345,1.98250,0.00587,0.7946,0.1893,0.7339,0.07652,0.00446
10,hcp30,1,12,10,0.70,true,0.19325,0.00441,0.20317,2.01498,0.00606,0.8713,0.1534,0.8129,0.10899,0.00489
10,hcp30,1,12,10,0.80,true,0.19175,0.00440,0.23463,2.04929,0.00626,0.9517,0.1220,0.8990,0.14331,0.00529
10,hcp30,1,12,10,0.90,true,0.18738,0.00436,0.26737,2.08802,0.00641,1.0351,0.0963,0.9891,0.18203,0.00562
10,hcp30,1,12,10,1.00,true,0.18075,0.00430,0.30010,2.12917,0.00652,1.1215,0.0786,1.0794,0.22318,0.00594
10,hcp30,1,12,10,1.10,true,0.17663,0.00426,0.33278,2.16806,0.00664,1.2094,0.0607,1.1757,0.26207,0.00623
10,hcp30,1,12,10,1.20,true,0.17087,0.00421,0.36760,2.21114,0.00674,1.3079,0.0467,1.2813,0.30515,0.00654
10,hcp30,1,12,15,0.00,true,0.08363,0.00309,0.15101,2.07100,0.00422,0.6231,0.5486,0.6596,0.00000,0.00000
10,hcp30,1,12,15,0.10,true,0.08912,0.00319,0.15837,2.07310,0.00437,0.6692,0.4916,0.6762,0.00211,0.00149
10,hcp30,1,12,15,0.20,true,0.09413,0.00326,0.16941,2.07957,0.00454,0.7254,0.4417,0.7025,0.00858,0.00215
10,hcp30,1,12,15,0.30,true,0.09838,0.00333,0.18412,2.09066,0.00472,0.7798,0.3904,0.7389,0.01966,0.00275
10,hcp30,1,12,15,0.40,true,0.10138,0.00337,0.20158,2.10595,0.00490,0.8411,0.3458,0.7833,0.03495,0.00324
10,hcp30,1,12,15,0.50,true,0.10425,0.00342,0.22143,2.12394,0.00508,0.9048,0.3037,0.8362,0.05295,0.00371
10,hcp30,1,12,15,0.60,true,0.10400,0.00341,0.24381,2.14782,0.00522,0.9686,0.2640,0.8948,0.07682,0.00412
10,hcp30,1,12,15,0.70,true,0.10587,0.00344,0.26724,2.17081,0.00539,1.0387,0.2301,0.9610,0.09981,0.00453
10,hcp30,1,12,15,0.80,true,0.10425,0.00342,0.29282,2.19969,0.00550,1.1100,0.1990,1.0322,0.12869,0.00492
10,hcp30,1,12,15,0.90,true,0.10287,0.00340,0.31981,2.22999,0.00561,1.1855,0.1705,1.1102,0.15900,0.00531
10,hcp30,1,12,15,1.00,true,0.10138,0.00337,0.34684,2.26068,0.00571,1.2665,0.1487,1.1912,0.18968,0.00563
10,hcp30,1,12,15,1.10,true,0.09750,0.00332,0.37354,2.29355,0.00576,1.3450,0.1301,1.2711,0.22255,0.00586
10,hcp30,1,12,15,1.20,true,0.09400,0.00326,0.40058,2.32667,0.00580,1.4288,0.1144,1.3558,0.25568,0.00605
10,hcp30,1,12,20,0.00,true,0.04838,0.00240,0.24225,2.20196,0.00410,0.8067,0.5253,0.8777,0.00000,0.00000
10,hcp30,1,12,20,0.10,true,0.05275,0.00250,0.24934,2.20504,0.00424,0.8532,0.4819,0.8962,0.00308,0.00112
10,hcp30,1,12,20,0.20,true,0.05437,0.00254,0.25921,2.21385,0.00434,0.9064,0.4427,0.9205,0.01189,0.00166
10,hcp30,1,12,20,0.30,true,0.05563,0.00256,0.27144,2.22562,0.00444,0.9664,0.4073,0.9525,0.02367,0.00218
10,hcp30,1,12,20,0.40,true,0.05788,0.00261,0.28530,2.23821,0.00457,1.0230,0.3706,0.9920,0.03626,0.00268
10,hcp30,1,12,20,0.50,true,0.05925,0.00264,0.30120,2.25395,0.00469,1.0782,0.3326,1.0378,0.05199,0.00311
10,hcp30,1,12,20,0.60,true,0.05912,0.00264,0.31861,2.27290,0.00478,1.1455,0.3046,1.0880,0.07094,0.00352
10,hcp30,1,12,20,0.70,true,0.05912,0.00264,0.33745,2.29337,0.00487,1.2136,0.2770,1.1445,0.09141,0.00392
10,hcp30,1,12,20,0.80,true,0.05850,0.00262,0.35701,2.31537,0.00495,1.2810,0.2511,1.2042,0.11341,0.00427
10,hcp30,1,12,20,0.90,true,0.05763,0.00261,0.37772,2.33902,0.00502,1.3511,0.2263,1.2693,0.13706,0.00457
10,hcp30,1,12,20,1.00,true,0.05775,0.00261,0.39835,2.36173,0.00510,1.4232,0.2048,1.3376,0.15977,0.00488
10,hcp30,1,12,20,1.10,true,0.05813,0.00262,0.42013,2.38562,0.00518,1.5028,0.1858,1.4129,0.18366,0.00520
10,hcp30,1,12,20,1.20,true,0.05575,0.00257,0.44212,2.41269,0.00520,1.5778,0.1671,1.4884,0.21073,0.00544
10,hcp30,1,3,10,0.00,true,0.12562,0.00371,0.06862,1.94413,0.00422,0.3874,0.5657,0.4522,0.00973,0.00286
10,hcp30,1,3,10,0.10,true,0.14225,0.00391,0.07532,1.93440,0.00449,0.4684,0.4837,0.4716,0.00000,0.00000
10,hcp30,1,3,10,0.20,true,0.15275,0.00402,0.08767,1.93660,0.00472,0.5284,0.4071,0.5052,0.00220,0.00232
10,hcp30,1,3,10,0.30,true,0.16150,0.00411,0.10323,1.94389,0.00495,0.5860,0.3442,0.5473,0.00949,0.00322
10,hcp30,1,3,10,0.40,true,0.16750,0.00417,0.12399,1.95935,0.00518,0.6516,0.2865,0.6027,0.02495,0.00383
10,hcp30,1,3,10,0.50,true,0.17162,0.00422,0.14768,1.97975,0.00541,0.7186,0.2357,0.6662,0.04535,0.00439
10,hcp30,1,3,10,0.60,true,0.17375,0.00424,0.17560,2.00665,0.00564,0.7920,0.1893,0.7410,0.07225,0.00486
10,hcp30,1,3,10,0.70,true,0.17300,0.00423,0.20557,2.03869,0.00584,0.8698,0.1528,0.8210,0.10429,0.00522
10,hcp30,1,3,10,0.80,true,0.16800,0.00418,0.23815,2.07786,0.00599,0.9518,0.1229,0.9065,0.14346,0.00558
10,hcp30,1,3,10,0.90,true,0.16600,0.00416,0.27110,2.11463,0.00616,1.0351,0.0949,0.9990,0.18023,0.00592
10,hcp30,1,3,10,1.00,true,0.15975,0.00410,0.30569,2.15757,0.00627,1.1242,0.0747,1.0945,0.22317,0.00622
10,hcp30,1,3,10,1.10,true,0.15113,0.00400,0.34006,2.20294,0.00632,1.2177,0.0624,1.1896,0.26854,0.00641
10,hcp30,1,3,10,1.20,true,0.14113,0.00389,0.37157,2.24681,0.00631,1.3005,0.0520,1.2761,0.31241,0.00655
10,hcp30,1,3,15,0.00,true,0.06725,0.00280,0.16162,2.09827,0.00396,0.5569,0.5381,0.6676,0.00308,0.00249
10,hcp30,1,3,15,0.10,true,0.07650,0.00297,0.16750,2.09520,0.00418,0.6548,0.4875,0.6847,0.00000,0.00000
10,hcp30,1,3,15,0.20,true,0.08125,0.00305,0.17690,2.10028,0.00433,0.7051,0.4386,0.7088,0.00508,0.00193
10,hcp30,1,3,15,0.30,true,0.08725,0.00316,0.19011,2.10816,0.00453,0.7661,0.3937,0.7441,0.01296,0.00284
10,hcp30,1,3,15,0.40,true,0.08862,0.00318,0.20712,2.12469,0.00467,0.8304,0.3510,0.7877,0.02949,0.00344
10,hcp30,1,3,15,0.50,true,0.08837,0.00317,0.22553,2.14441,0.00479,0.8895,0.3110,0.8347,0.04921,0.00380
10,hcp30,1,3,15,0.60,true,0.08875,0.00318,0.24862,2.16851,0.00494,0.9585,0.2701,0.8961,0.07332,0.00430
10,hcp30,1,3,15,0.70,true,0.09225,0.00324,0.27304,2.19104,0.00514,1.0333,0.2341,0.9667,0.09585,0.00476
10,hcp30,1,3,15,0.80,true,0.09012,0.00320,0.29663,2.21842,0.00523,1.1011,0.2066,1.0317,0.12323,0.00510
10,hcp30,1,3,15,0.90,true,0.08862,0.00318,0.32177,2.24702,0.00533,1.1755,0.1817,1.1041,0.15182,0.00534
10,hcp30,1,3,15,1.00,true,0.08488,0.00312,0.34713,2.27824,0.00538,1.2496,0.1610,1.1768,0.18304,0.00556
10,hcp30,1,3,15,1.10,true,0.08325,0.00309,0.37448,2.30970,0.00546,1.3289,0.1381,1.2612,0.21450,0.00576
10,hcp30,1,3,15,1.20,true,0.07988,0.00303,0.40080,2.34200,0.00549,1.4052,0.1186,1.3435,0.24680,0.00592
10,hcp30,1,3,20,0.00,true,0.04700,0.00237,0.25758,2.21957,0.00415,0.7547,0.5239,0.9014,0.00000,0.00000
10,hcp30,1,3,20,0.10,true,0.04838,0.00240,0.26385,2.22493,0.00422,0.8536,0.4776,0.9187,0.00536,0.00234
10,hcp30,1,3,20,0.20,true,0.05137,0.00247,0.27219,2.23088,0.00433,0.9161,0.4452,0.9435,0.01131,0.00301
10,hcp30,1,3,20,0.30,true,0.05300,0.00250,0.28431,2.24229,0.00443,0.9735,0.4031,0.9784,0.02272,0.00356
10,hcp30,1,3,20,0.40,true,0.05262,0.00250,0.29872,2.25822,0.00449,1.0336,0.3667,1.0189,0.03865,0.00393
10,hcp30,1,3,20,0.50,true,0.05050,0.00245,0.31454,2.27748,0.00452,1.0941,0.3339,1.0629,0.05791,0.00426
10,hcp30,1,3,20,0.60,true,0.05325,0.00251,0.33197,2.29377,0.00467,1.1662,0.3034,1.1186,0.07420,0.00458
10,hcp30,1,3,20,0.70,true,0.05375,0.00252,0.34869,2.31161,0.00476,1.2305,0.2789,1.1714,0.09204,0.00484
10,hcp30,1,3,20,0.80,true,0.05200,0.00248,0.36700,2.33354,0.00480,1.2991,0.2566,1.2283,0.11397,0.00507
10,hcp30,1,3,20,0.90,true,0.05075,0.00245,0.38805,2.35809,0.00485,1.3694,0.2298,1.2962,0.13852,0.00531
10,hcp30,1,3,20,1.00,true,0.05000,0.00244,0.40936,2.38259,0.00491,1.4435,0.2070,1.3676,0.16302,0.00556
10,hcp30,1,3,20,1.10,true,0.04863,0.00240,0.42873,2.40574,0.00494,1.5122,0.1887,1.4343,0.18617,0.00574
10,hcp30,1,3,20,1.20,true,0.04550,0.00233,0.45048,2.43341,0.00493,1.5890,0.1716,1.5087,0.21384,0.00588
10,hcp30,1,6,10,0.00,true,0.12512,0.00370,0.06784,1.94374,0.00420,0.4148,0.5522,0.4540,0.00565,0.00268
10,hcp30,1,6,10,0.10,true,0.13587,0.00383,0.07283,1.93816,0.00438,0.4678,0.4726,0.4734,0.00007,0.00192
10,hcp30,1,6,10,0.20,true,0.14675,0.00396,0.08329,1.93809,0.00460,0.5282,0.3995,0.5083,0.00000,0.00000
10,hcp30,1,6,10,0.30,true,0.15600,0.00406,0.09841,1.94446,0.00484,0.5940,0.3356,0.5559,0.00637,0.00183
10,hcp30,1,6,10,0.40,true,0.16125,0.00411,0.11815,1.95965,0.00506,0.6594,0.2750,0.6139,0.02156,0.00253
10,hcp30,1,6,10,0.50,true,0.16425,0.00414,0.14157,1.98098,0.00527,0.7307,0.2252,0.6808,0.04289,0.00311
10,hcp30,1,6,10,0.60,true,0.16212,0.00412,0.16888,2.01156,0.00545,0.8064,0.1825,0.7558,0.07347,0.00365
10,hcp30,1,6,10,0.70,true,0.15962,0.00409,0.19843,2.04498,0.00562,0.8830,0.1447,0.8371,0.10689,0.00416
10,hcp30,1,6,10,0.80,true,0.15425,0.00404,0.23021,2.08377,0.00575,0.9694,0.1199,0.9232,0.14568,0.00463
10,hcp30,1,6,10,0.90,true,0.15000,0.00399,0.26239,2.12206,0.00588,1.0541,0.0966,1.0125,0.18397,0.00498
10,hcp30,1,6,10,1.00,true,0.14350,0.00392,0.29685,2.16523,0.00597,1.1455,0.0779,1.1084,0.22714,0.00537
10,hcp30,1,6,10,1.10,true,0.13625,0.00384,0.33004,2.20801,0.00602,1.2329,0.0625,1.2018,0.26992,0.00570
10,hcp30,1,6,10,1.20,true,0.12862,0.00374,0.36507,2.25342,0.00605,1.3279,0.0489,1.3035,0.31533,0.00601
10,hcp30,1,6,15,0.00,true,0.07262,0.00290,0.15977,2.09081,0.00405,0.6159,0.5313,0.6726,0.00218,0.00154
10,hcp30,1,6,15,0.10,true,0.08063,0.00304,0.16522,2.08863,0.00423,0.6670,0.4746,0.6940,0.00000,0.00000
10,hcp30,1,6,15,0.20,true,0.08550,0.00313,0.17422,2.09330,0.00438,0.7265,0.4267,0.7231,0.00467,0.00144
10,hcp30,1,6,15,0.30,true,0.08887,0.00318,0.18691,2.10336,0.00453,0.7870,0.3803,0.7610,0.01474,0.00214
10,hcp30,1,6,15,0.40,true,0.08775,0.00316,0.20318,2.12174,0.00462,0.8504,0.3383,0.8053,0.03311,0.00269
10,hcp30,1,6,15,0.50,true,0.08837,0.00317,0.22196,2.14108,0.00476,0.9158,0.2986,0.8581,0.05245,0.00318
10,hcp30,1,6,15,0.60,true,0.08775,0.00316,0.24304,2.16418,0.00488,0.9827,0.2617,0.9180,0.07555,0.00369
10,hcp30,1,6,15,0.70,true,0.08550,0.00313,0.26628,2.19131,0.00497,1.0522,0.2285,0.9833,0.10268,0.00411
10,hcp30,1,6,15,0.80,true,0.08375,0.00310,0.29045,2.21906,0.00507,1.1231,0.1986,1.0534,0.13043,0.00449
10,hcp30,1,6,15,0.90,true,0.08038,0.00304,0.31602,2.25006,0.00513,1.1969,0.1721,1.1283,0.16143,0.00486
10,hcp30,1,6,15,1.00,true,0.07888,0.00301,0.34212,2.27998,0.00521,1.2738,0.1472,1.2097,0.19135,0.00518
10,hcp30,1,6,15,1.10,true,0.07587,0.00296,0.36812,2.31146,0.00526,1.3538,0.1282,1.2916,0.22284,0.00546
10,hcp30,1,6,15,1.20,true,0.07050,0.00286,0.39421,2.34560,0.00524,1.4285,0.1091,1.3735,0.25697,0.00567
10,hcp30,1,6,20,0.00,true,0.04600,0.00234,0.25581,2.21845,0.00409,0.8204,0.5194,0.9072,0.00000,0.00000
10,hcp30,1,6,20,0.10,true,0.04738,0.00238,0.26061,2.22239,0.00415,0.8739,0.4812,0.9245,0.00394,0.00111
10,hcp30,1,6,20,0.20,true,0.04900,0.00241,0.26852,2.22941,0.00423,0.9304,0.4431,0.9511,0.01095,0.00179
10,hcp30,1,6,20,0.30,true,0.05063,0.00245,0.27860,2.23880,0.00433,0.9904,0.4079,0.9844,0.02034,0.00233
10,hcp30,1,6,20,0.40,true,0.04975,0.00243,0.29132,2.25356,0.00438,1.0462,0.3708,1.0234,0.03511,0.00281
10,hcp30,1,6,20,0.50,true,0.04963,0.00243,0.30577,2.26949,0.00445,1.1018,0.3337,1.0697,0.05104,0.00330
10,hcp30,1,6,20,0.60,true,0.05013,0.00244,0.32103,2.28579,0.00454,1.1657,0.3039,1.1202,0.06734,0.00367
10,hcp30,1,6,20,0.70,true,0.04938,0.00242,0.33768,2.30494,0.00460,1.2339,0.2780,1.1752,0.08649,0.00402
10,hcp30,1,6,20,0.80,true,0.04800,0.00239,0.35557,2.32616,0.00465,1.2995,0.2513,1.2348,0.10771,0.00436
10,hcp30,1,6,20,0.90,true,0.04662,0.00236,0.37410,2.34820,0.00469,1.3674,0.2275,1.2979,0.12974,0.00466
10,hcp30,1,6,20,1.00,true,0.04575,0.00234,0.39327,2.37058,0.00475,1.4323,0.2025,1.3654,0.15213,0.00495
10,hcp30,1,6,20,1.10,true,0.04562,0.00233,0.41307,2.39306,0.00481,1.5084,0.1834,1.4385,0.17461,0.00523
10,hcp30,1,6,20,1.20,true,0.04312,0.00227,0.43389,2.41913,0.00481,1.5863,0.1667,1.5135,0.20068,0.00550
10,tour,2,12,10,0.00,true,0.30512,0.00515,0.00005,1.69492,0.00515,0.1666,0.6683,0.1941,0.14798,0.00505
10,tour,2,12,10,0.10,true,0.38775,0.00545,0.00017,1.61242,0.00545,0.2108,0.4573,0.2075,0.06548,0.00398
10,tour,2,12,10,0.20,true,0.43575,0.00554,0.00057,1.56482,0.00555,0.2704,0.2627,0.2572,0.01787,0.00268
10,tour,2,12,10,0.30,true,0.45463,0.00557,0.00157,1.54694,0.00558,0.3442,0.1320,0.3337,0.00000,0.00000
10,tour,2,12,10,0.40,true,0.45463,0.00557,0.00367,1.54905,0.00561,0.4260,0.0582,0.4230,0.00210,0.00211
10,tour,2,12,10,0.50,true,0.44550,0.00556,0.00761,1.56211,0.00564,0.5173,0.0216,0.5208,0.01516,0.00274
10,tour,2,12,10,0.60,true,0.43362,0.00554,0.01407,1.58044,0.00569,0.6126,0.0071,0.6193,0.03350,0.00311
10,tour,2,12,10,0.70,true,0.41587,0.00551,0.02374,1.60787,0.00575,0.7124,0.0021,0.7198,0.06092,0.00346
10,tour,2,12,10,0.80,true,0.40125,0.00548,0.03631,1.63506,0.00583,0.8110,0.0008,0.8181,0.08811,0.00373
10,tour,2,12,10,0.90,true,0.38850,0.00545,0.05132,1.66282,0.00594,0.9067,0.0002,0.9136,0.11588,0.00396
10,tour,2,12,10,1.00,true,0.37350,0.00541,0.06964,1.69614,0.00605,1.0052,0.0002,1.0115,0.14920,0.00421
10,tour,2,12,10,1.10,true,0.36088,0.00537,0.09045,1.72957,0.00618,1.1058,0.0000,1.1119,0.18263,0.00444
10,tour,2,12,10,1.20,true,0.34525,0.00532,0.11351,1.76826,0.00629,1.2059,0.0000,1.2116,0.22132,0.00469
10,tour,2,12,15,0.00,true,0.18900,0.00438,0.00076,1.81176,0.00438,0.2401,0.5942,0.2791,0.08524,0.00433
10,tour,2,12,15,0.10,true,0.22737,0.00469,0.00142,1.77404,0.00470,0.2859,0.4558,0.2929,0.04752,0.00376
10,tour,2,12,15,0.20,true,0.25525,0.00487,0.00286,1.74761,0.00490,0.3398,0.3246,0.3302,0.02109,0.00305
10,tour,2,12,15,0.30,true,0.27663,0.00500,0.00553,1.72891,0.00504,0.4062,0.2182,0.3904,0.00239,0.00197
10,tour,2,12,15,0.40,true,0.28337,0.00504,0.00990,1.72652,0.00512,0.4758,0.1369,0.4635,0.00000,0.00000
10,tour,2,12,15,0.50,true,0.28450,0.00504,0.01665,1.73215,0.00518,0.5553,0.0816,0.5485,0.00563,0.00183
10,tour,2,12,15,0.60,true,0.27900,0.00501,0.02623,1.74723,0.00522,0.6421,0.0480,0.6402,0.02071,0.00241
10,tour,2,12,15,0.70,true,0.27187,0.00497,0.03891,1.76704,0.00528,0.7321,0.0251,0.7363,0.04052,0.00277
10,tour,2,12,15,0.80,true,0.26450,0.00493,0.05359,1.78909,0.00534,0.8214,0.0124,0.8298,0.06257,0.00309
10,tour,2,12,15,0.90,true,0.25538,0.00488,0.07214,1.81677,0.00542,0.9200,0.0067,0.9297,0.09025,0.00332
10,tour,2,12,15,1.00,true,0.24500,0.00481,0.09313,1.84814,0.00549,1.0189,0.0043,1.0285,0.12162,0.00355
10,tour,2,12,15,1.10,true,0.23538,0.00474,0.11580,1.88042,0.00556,1.1154,0.0020,1.1259,0.15390,0.00378
10,tour,2,12,15,1.20,true,0.22612,0.00468,0.13956,1.91344,0.00563,1.2110,0.0015,1.2210,0.18692,0.00399
10,tour,2,12,20,0.00,true,0.12437,0.00369,0.00406,1.87969,0.00371,0.3307,0.5567,0.3741,0.03632,0.00352
10,tour,2,12,20,0.10,true,0.14450,0.00393,0.00588,1.86138,0.00397,0.3790,0.4632,0.3871,0.01801,0.00307
10,tour,2,12,20,0.20,true,0.15712,0.00407,0.00911,1.85198,0.00413,0.4295,0.3681,0.4168,0.00861,0.00250
10,tour,2,12,20,0.30,true,0.16787,0.00418,0.01412,1.84624,0.00427,0.4826,0.2753,0.4639,0.00287,0.00171
10,tour,2,12,20,0.40,true,0.17750,0.00427,0.02087,1.84337,0.00441,0.5426,0.1991,0.5244,0.00000,0.00000
10,tour,2,12,20,0.50,true,0.18050,0.00430,0.03044,1.84994,0.00451,0.6144,0.1377,0.5995,0.00657,0.00172
10,tour,2,12,20,0.60,true,0.18050,0.00430,0.04247,1.86197,0.00459,0.6924,0.0943,0.6822,0.01860,0.00228
10,tour,2,12,20,0.70,true,0.17975,0.00429,0.05622,1.87647,0.00468,0.7712,0.0639,0.7665,0.03310,0.00260
10,tour,2,12,20,0.80,true,0.17550,0.00425,0.07357,1.89807,0.00475,0.8606,0.0426,0.8603,0.05470,0.00290
10,tour,2,12,20,0.90,true,0.17050,0.00420,0.09219,1.92169,0.00481,0.9448,0.0264,0.9506,0.07832,0.00310
10,tour,2,12,20,1.00,true,0.16612,0.00416,0.11404,1.94792,0.00490,1.0394,0.0153,1.0497,0.10455,0.00333
10,tour,2,12,20,1.10,true,0.16137,0.00411,0.13777,1.97640,0.00498,1.1373,0.0098,1.1491,0.13304,0.00348
10,tour,2,12,20,1.20,true,0.15513,0.00405,0.16284,2.00773,0.00504,1.2344,0.0067,1.2468,0.16436,0.00366
10,tour,2,3,10,0.00,true,0.24413,0.00480,0.00008,1.75595,0.00480,0.1392,0.5907,0.2010,0.12219,0.00559
10,tour,2,3,10,0.10,true,0.31362,0.00519,0.00013,1.68651,0.00519,0.2032,0.4047,0.2188,0.05274,0.00459
10,tour,2,3,10,0.20,true,0.35113,0.00534,0.00041,1.64928,0.00534,0.2648,0.2425,0.2674,0.01552,0.00358
10,tour,2,3,10,0.30,true,0.36312,0.00538,0.00122,1.63809,0.00539,0.3354,0.1254,0.3392,0.00433,0.00245
10,tour,2,3,10,0.40,true,0.36925,0.00540,0.00301,1.63376,0.00542,0.4148,0.0606,0.4239,0.00000,0.00000
10,tour,2,3,10,0.50,true,0.36400,0.00538,0.00634,1.64234,0.00544,0.4959,0.0263,0.5095,0.00858,0.00203
10,tour,2,3,10,0.60,true,0.35150,0.00534,0.01298,1.66148,0.00545,0.5985,0.0098,0.6147,0.02771,0.00284
10,tour,2,3,10,0.70,true,0.34213,0.00530,0.02174,1.67961,0.00549,0.6911,0.0036,0.7089,0.04585,0.00330
10,tour,2,3,10,0.80,true,0.33175,0.00526,0.03413,1.70238,0.00555,0.7895,0.0015,0.8074,0.06862,0.00364
10,tour,2,3,10,0.90,true,0.32050,0.00522,0.05007,1.72957,0.00563,0.8892,0.0004,0.9074,0.09580,0.00396
10,tour,2,3,10,1.00,true,0.30450,0.00515,0.06979,1.76529,0.00570,0.9889,0.0002,1.0071,0.13152,0.00431
10,tour,2,3,10,1.10,true,0.29313,0.00509,0.09163,1.79851,0.00580,1.0869,0.0000,1.1052,0.16474,0.00456
10,tour,2,3,10,1.20,true,0.27913,0.00502,0.11729,1.83817,0.00589,1.1895,0.0000,1.2081,0.20441,0.00483
10,tour,2,3,15,0.00,true,0.14062,0.00389,0.00119,1.86057,0.00389,0.1839,0.5712,0.2919,0.07319,0.00509
10,tour,2,3,15,0.10,true,0.18125,0.00431,0.00154,1.82029,0.00432,0.2743,0.4253,0.3072,0.03291,0.00417
10,tour,2,3,15,0.20,true,0.19662,0.00444,0.00261,1.80598,0.00446,0.3301,0.3202,0.3405,0.01861,0.00336
10,tour,2,3,15,0.30,true,0.21338,0.00458,0.00503,1.79165,0.00461,0.3968,0.2115,0.4006,0.00428,0.00243
10,tour,2,3,15,0.40,true,0.22187,0.00465,0.00925,1.78738,0.00471,0.4671,0.1335,0.4736,0.00000,0.00000
10,tour,2,3,15,0.50,true,0.22175,0.00464,0.01575,1.79400,0.00475,0.5454,0.0821,0.5558,0.00662,0.00219
10,tour,2,3,15,0.60,true,0.21613,0.00460,0.02491,1.80878,0.00477,0.6284,0.0482,0.6437,0.02140,0.00291
10,tour,2,3,15,0.70,true,0.21113,0.00456,0.03681,1.82569,0.00482,0.7147,0.0280,0.7337,0.03831,0.00336
10,tour,2,3,15,0.80,true,0.20663,0.00453,0.05162,1.84499,0.00488,0.8065,0.0178,0.8270,0.05762,0.00374
10,tour,2,3,15,0.90,true,0.19950,0.00447,0.06994,1.87045,0.00493,0.9004,0.0094,0.9238,0.08307,0.00406
10,tour,2,3,15,1.00,true,0.19075,0.00439,0.09124,1.90049,0.00498,0.9959,0.0053,1.0205,0.11311,0.00428
10,tour,2,3,15,1.10,true,0.18100,0.00430,0.11544,1.93444,0.00503,1.0942,0.0029,1.1196,0.14707,0.00451
10,tour,2,3,15,1.20,true,0.17100,0.00421,0.14151,1.97051,0.00506,1.1920,0.0015,1.2179,0.18314,0.00475
10,tour,2,3,20,0.00,true,0.10325,0.00340,0.00491,1.90166,0.00343,0.2459,0.5463,0.3882,0.03016,0.00415
10,tour,2,3,20,0.10,true,0.11800,0.00361,0.00605,1.88805,0.00364,0.3530,0.4463,0.4022,0.01655,0.00327
10,tour,2,3,20,0.20,true,0.13150,0.00378,0.00856,1.87706,0.00383,0.4089,0.3493,0.4339,0.00555,0.00236
10,tour,2,3,20,0.30,true,0.14125,0.00389,0.01275,1.87150,0.00397,0.4712,0.2703,0.4812,0.00000,0.00000
10,tour,2,3,20,0.40,true,0.14688,0.00396,0.01899,1.87212,0.00407,0.5321,0.1988,0.5396,0.00061,0.00221
10,tour,2,3,20,0.50,true,0.14975,0.00399,0.02761,1.87786,0.00416,0.6013,0.1436,0.6093,0.00635,0.00290
10,tour,2,3,20,0.60,true,0.15088,0.00400,0.03878,1.88790,0.00425,0.6783,0.1028,0.6884,0.01640,0.00343
10,tour,2,3,20,0.70,true,0.14538,0.00394,0.05264,1.90727,0.00427,0.7541,0.0690,0.7704,0.03577,0.00381
10,tour,2,3,20,0.80,true,0.14062,0.00389,0.06941,1.92878,0.00432,0.8376,0.0460,0.8588,0.05728,0.00409
10,tour,2,3,20,0.90,true,0.13862,0.00386,0.08795,1.94933,0.00440,0.9223,0.0297,0.9482,0.07782,0.00432
10,tour,2,3,20,1.00,true,0.13200,0.00378,0.10939,1.97739,0.00444,1.0110,0.0181,1.0411,0.10589,0.00458
10,tour,2,3,20,1.10,true,0.13075,0.00377,0.13226,2.00151,0.00454,1.1027,0.0104,1.1365,0.13001,0.00477
10,tour,2,3,20,1.20,true,0.12425,0.00369,0.15731,2.03307,0.00457,1.1965,0.0063,1.2315,0.16156,0.00491
10,tour,2,6,10,0.00,true,0.25888,0.00490,0.00007,1.74120,0.00490,0.1672,0.6109,0.2005,0.10025,0.00459
10,tour,2,6,10,0.10,true,0.31975,0.00521,0.00005,1.68030,0.00521,0.2133,0.3997,0.2201,0.03935,0.00357
10,tour,2,6,10,0.20,true,0.34963,0.00533,0.00014,1.65052,0.00533,0.2726,0.2235,0.2715,0.00957,0.00246
10,tour,2,6,10,0.30,true,0.35950,0.00536,0.00045,1.64095,0.00537,0.3478,0.1052,0.3496,0.00000,0.00000
10,tour,2,6,10,0.40,true,0.35813,0.00536,0.00124,1.64311,0.00537,0.4329,0.0473,0.4386,0.00216,0.00197
10,tour,2,6,10,0.50,true,0.34625,0.00532,0.00299,1.65674,0.00534,0.5252,0.0180,0.5349,0.01579,0.00252
10,tour,2,6,10,0.60,true,0.33150,0.00526,0.00612,1.67462,0.00531,0.6202,0.0060,0.6315,0.03367,0.00296
10,tour,2,6,10,0.70,true,0.31762,0.00521,0.01122,1.69360,0.00530,0.7178,0.0018,0.7292,0.05265,0.00324
10,tour,2,6,10,0.80,true,0.30088,0.00513,0.01897,1.71809,0.00528,0.8186,0.0004,0.8295,0.07714,0.00353
10,tour,2,6,10,0.90,true,0.28375,0.00504,0.02970,1.74595,0.00526,0.9213,0.0003,0.9312,0.10500,0.00380
10,tour,2,6,10,1.00,true,0.26412,0.00493,0.04329,1.77917,0.00524,1.0212,0.0000,1.0305,0.13822,0.00408
10,tour,2,6,10,1.10,true,0.24163,0.00479,0.06120,1.81958,0.00520,1.1282,0.0000,1.1369,0.17863,0.00437
10,tour,2,6,10,1.20,true,0.22525,0.00467,0.07982,1.85458,0.00519,1.2249,0.0000,1.2331,0.21363,0.00460
10,tour,2,6,15,0.00,true,0.14688,0.00396,0.00108,1.85421,0.00396,0.2458,0.5727,0.2977,0.05741,0.00390
10,tour,2,6,15,0.10,true,0.17137,0.00421,0.00093,1.82955,0.00422,0.2911,0.4405,0.3109,0.03275,0.00341
10,tour,2,6,15,0.20,true,0.19025,0.00439,0.00134,1.81109,0.00440,0.3453,0.3172,0.3475,0.01429,0.00272
10,tour,2,6,15,0.30,true,0.20312,0.00450,0.00246,1.79933,0.00451,0.4071,0.2121,0.4044,0.00253,0.00179
10,tour,2,6,15,0.40,true,0.20775,0.00454,0.00455,1.79680,0.00456,0.4792,0.1374,0.4761,0.00000,0.00000
10,tour,2,6,15,0.50,true,0.20925,0.00455,0.00801,1.79876,0.00460,0.5575,0.0846,0.5583,0.00196,0.00158
10,tour,2,6,15,0.60,true,0.20638,0.00452,0.01327,1.80690,0.00461,0.6411,0.0471,0.6486,0.01010,0.00211
10,tour,2,6,15,0.70,true,0.19737,0.00445,0.02055,1.82317,0.00458,0.7284,0.0249,0.7408,0.02637,0.00253
10,tour,2,6,15,0.80,true,0.18725,0.00436,0.03031,1.84306,0.00455,0.8225,0.0138,0.8367,0.04626,0.00282
10,tour,2,6,15,0.90,true,0.17550,0.00425,0.04296,1.86747,0.00452,0.9226,0.0085,0.9369,0.07067,0.00313
10,tour,2,6,15,1.00,true,0.16587,0.00416,0.05763,1.89176,0.00450,1.0173,0.0030,1.0340,0.09496,0.00337
10,tour,2,6,15,1.10,true,0.15488,0.00404,0.07543,1.92057,0.00448,1.1186,0.0010,1.1353,0.12377,0.00360
10,tour,2,6,15,1.20,true,0.14313,0.00392,0.09488,1.95177,0.00444,1.2166,0.0003,1.2329,0.15497,0.00381
10,tour,2,6,20,0.00,true,0.09588,0.00329,0.00440,1.90852,0.00331,0.3248,0.5411,0.3908,0.03515,0.00318
10,tour,2,6,20,0.10,true,0.11038,0.00350,0.00421,1.89383,0.00352,0.3694,0.4423,0.4042,0.02046,0.00281
10,tour,2,6,20,0.20,true,0.12400,0.00368,0.00511,1.88111,0.00371,0.4199,0.3453,0.4362,0.00774,0.00231
10,tour,2,6,20,0.30,true,0.13325,0.00380,0.00723,1.87398,0.00384,0.4787,0.2602,0.4849,0.00061,0.00161
10,tour,2,6,20,0.40,true,0.13737,0.00385,0.01074,1.87337,0.00391,0.5407,0.1865,0.5461,0.00000,0.00000
10,tour,2,6,20,0.50,true,0.13850,0.00386,0.01591,1.87741,0.00395,0.6096,0.1284,0.6180,0.00404,0.00143
10,tour,2,6,20,0.60,true,0.13487,0.00382,0.02302,1.88815,0.00395,0.6852,0.0861,0.6976,0.01478,0.00191
10,tour,2,6,20,0.70,true,0.13100,0.00377,0.03212,1.90113,0.00396,0.7694,0.0596,0.7834,0.02776,0.00226
10,tour,2,6,20,0.80,true,0.12487,0.00370,0.04351,1.91864,0.00394,0.8561,0.0400,0.8728,0.04527,0.00252
10,tour,2,6,20,0.90,true,0.11812,0.00361,0.05706,1.93895,0.00393,0.9450,0.0251,0.9654,0.06558,0.00275
10,tour,2,6,20,1.00,true,0.11050,0.00351,0.07306,1.96257,0.00390,1.0386,0.0155,1.0613,0.08920,0.00297
10,tour,2,6,20,1.10,true,0.10312,0.00340,0.09069,1.98758,0.00388,1.1330,0.0100,1.1565,0.11421,0.00318
10,tour,2,6,20,1.20,true,0.09400,0.00326,0.11082,2.01684,0.00383,1.2311,0.0062,1.2552,0.14347,0.00341
10,scratch,2,12,10,0.00,true,0.26837,0.00495,0.00015,1.73178,0.00496,0.1777,0.6472,0.2082,0.12557,0.00479
10,scratch,2,12,10,0.10,true,0.33800,0.00529,0.00045,1.66245,0.00529,0.2239,0.4554,0.2226,0.05624,0.00383
10,scratch,2,12,10,0.20,true,0.37950,0.00543,0.00134,1.62184,0.00544,0.2827,0.2750,0.2705,0.01563,0.00252
10,scratch,2,12,10,0.30,true,0.39713,0.00547,0.00334,1.60621,0.00550,0.3525,0.1485,0.3422,0.00000,0.00000
10,scratch,2,12,10,0.40,true,0.39637,0.00547,0.00717,1.61079,0.00554,0.4327,0.0725,0.4288,0.00458,0.00217
10,scratch,2,12,10,0.50,true,0.38875,0.00545,0.01356,1.62481,0.00558,0.5202,0.0307,0.5233,0.01860,0.00283
10,scratch,2,12,10,0.60,true,0.37575,0.00541,0.02332,1.64757,0.00563,0.6131,0.0128,0.6196,0.04136,0.00324
10,scratch,2,12,10,0.70,true,0.36438,0.00538,0.03687,1.67250,0.00572,0.7105,0.0035,0.7197,0.06628,0.00352
10,scratch,2,12,10,0.80,true,0.34750,0.00532,0.05421,1.70671,0.00581,0.8088,0.0015,0.8178,0.10050,0.00383
10,scratch,2,12,10,0.90,true,0.33337,0.00527,0.07406,1.74069,0.00591,0.9041,0.0004,0.9130,0.13448,0.00410
10,scratch,2,12,10,1.00,true,0.32038,0.00522,0.09748,1.77711,0.00603,1.0037,0.0002,1.0120,0.17090,0.00434
10,scratch,2,12,10,1.10,true,0.30838,0.00516,0.12337,1.81500,0.00616,1.1049,0.0002,1.1128,0.20879,0.00458
10,scratch,2,12,10,1.20,true,0.29663,0.00511,0.15033,1.85372,0.00628,1.2042,0.0000,1.2118,0.24751,0.00478
10,scratch,2,12,15,0.00,true,0.15850,0.00408,0.00194,1.84344,0.00409,0.2560,0.5790,0.3036,0.05858,0.00365
10,scratch,2,12,15,0.10,true,0.18775,0.00437,0.00320,1.81545,0.00439,0.3021,0.4520,0.3176,0.03059,0.00299
10,scratch,2,12,15,0.20,true,0.20913,0.00455,0.00586,1.79673,0.00459,0.3554,0.3302,0.3537,0.01187,0.00214
10,scratch,2,12,15,0.30,true,0.22562,0.00467,0.01049,1.78487,0.00475,0.4216,0.2350,0.4097,0.00000,0.00000
10,scratch,2,12,15,0.40,true,0.23237,0.00472,0.01733,1.78496,0.00485,0.4867,0.1532,0.4784,0.00009,0.00185
10,scratch,2,12,15,0.50,true,0.23200,0.00472,0.02732,1.79532,0.00492,0.5621,0.0957,0.5589,0.01045,0.00247
10,scratch,2,12,15,0.60,true,0.22825,0.00469,0.04091,1.81266,0.00499,0.6485,0.0591,0.6494,0.02780,0.00292
10,scratch,2,12,15,0.70,true,0.22237,0.00465,0.05793,1.83556,0.00507,0.7384,0.0357,0.7437,0.05069,0.00322
10,scratch,2,12,15,0.80,true,0.21663,0.00461,0.07708,1.86046,0.00515,0.8253,0.0187,0.8365,0.07559,0.00351
10,scratch,2,12,15,0.90,true,0.21100,0.00456,0.10032,1.88932,0.00526,0.9237,0.0106,0.9368,0.10446,0.00372
10,scratch,2,12,15,1.00,true,0.20162,0.00449,0.12544,1.92382,0.00533,1.0189,0.0061,1.0331,0.13895,0.00390
10,scratch,2,12,15,1.10,true,0.19450,0.00443,0.15183,1.95735,0.00541,1.1152,0.0040,1.1294,0.17248,0.00408
10,scratch,2,12,15,1.20,true,0.18787,0.00437,0.17880,1.99095,0.00550,1.2088,0.0022,1.2236,0.20608,0.00423
10,scratch,2,12,20,0.00,true,0.09688,0.00331,0.00876,1.91188,0.00335,0.3529,0.5435,0.4120,0.01687,0.00237
10,scratch,2,12,20,0.10,true,0.10950,0.00349,0.01171,1.90221,0.00356,0.4015,0.4576,0.4253,0.00720,0.00165
10,scratch,2,12,20,0.20,true,0.12175,0.00366,0.01676,1.89501,0.00376,0.4542,0.3739,0.4548,0.00000,0.00000
10,scratch,2,12,20,0.30,true,0.12825,0.00374,0.02414,1.89589,0.00389,0.5033,0.2855,0.4985,0.00088,0.00165
10,scratch,2,12,20,0.40,true,0.13450,0.00381,0.03387,1.89937,0.00403,0.5608,0.2122,0.5554,0.00436,0.00224
10,scratch,2,12,20,0.50,true,0.13937,0.00387,0.04678,1.90741,0.00418,0.6303,0.1537,0.6258,0.01240,0.00263
10,scratch,2,12,20,0.60,true,0.14150,0.00390,0.06217,1.92068,0.00431,0.7056,0.1105,0.7037,0.02567,0.00294
10,scratch,2,12,20,0.70,true,0.14062,0.00389,0.07958,1.93896,0.00441,0.7808,0.0772,0.7844,0.04395,0.00319
10,scratch,2,12,20,0.80,true,0.13825,0.00386,0.10100,1.96276,0.00451,0.8677,0.0528,0.8758,0.06775,0.00342
10,scratch,2,12,20,0.90,true,0.13475,0.00382,0.12338,1.98864,0.00459,0.9543,0.0383,0.9646,0.09363,0.00363
10,scratch,2,12,20,1.00,true,0.12975,0.00376,0.14918,2.01944,0.00466,1.0435,0.0231,1.0603,0.12443,0.00380
10,scratch,2,12,20,1.10,true,0.12675,0.00372,0.17639,2.04967,0.00476,1.1390,0.0142,1.1593,0.15466,0.00398
10,scratch,2,12,20,1.20,true,0.12162,0.00365,0.20485,2.08325,0.00481,1.2365,0.0101,1.2571,0.18824,0.00414
10,scratch,2,3,10,0.00,true,0.21575,0.00460,0.00020,1.78445,0.00460,0.1480,0.5802,0.2154,0.10414,0.00506
10,scratch,2,3,10,0.10,true,0.27450,0.00499,0.00034,1.72584,0.00499,0.2127,0.4080,0.2326,0.04553,0.00393
10,scratch,2,3,10,0.20,true,0.30862,0.00516,0.00096,1.69234,0.00517,0.2741,0.2520,0.2802,0.01204,0.00273
10,scratch,2,3,10,0.30,true,0.32225,0.00522,0.00255,1.68030,0.00525,0.3439,0.1426,0.3482,0.00000,0.00000
10,scratch,2,3,10,0.40,true,0.32212,0.00522,0.00586,1.68373,0.00527,0.4216,0.0730,0.4309,0.00343,0.00258
10,scratch,2,3,10,0.50,true,0.31738,0.00520,0.01137,1.69400,0.00530,0.5018,0.0342,0.5164,0.01369,0.00320
10,scratch,2,3,10,0.60,true,0.30888,0.00517,0.02126,1.71238,0.00534,0.6026,0.0148,0.6199,0.03208,0.00366
10,scratch,2,3,10,0.70,true,0.29812,0.00511,0.03351,1.73539,0.00538,0.6921,0.0061,0.7118,0.05509,0.00404
10,scratch,2,3,10,0.80,true,0.28587,0.00505,0.05050,1.76463,0.00545,0.7912,0.0026,0.8113,0.08433,0.00438
10,scratch,2,3,10,0.90,true,0.27387,0.00499,0.07118,1.79731,0.00553,0.8898,0.0009,0.9104,0.11700,0.00466
10,scratch,2,3,10,1.00,true,0.26212,0.00492,0.09531,1.83319,0.00562,0.9891,0.0003,1.0098,0.15289,0.00491
10,scratch,2,3,10,1.10,true,0.25100,0.00485,0.12146,1.87047,0.00572,1.0863,0.0002,1.1070,0.19017,0.00512
10,scratch,2,3,10,1.20,true,0.23813,0.00476,0.15096,1.91285,0.00580,1.1869,0.0002,1.2078,0.23255,0.00530
10,scratch,2,3,15,0.00,true,0.12512,0.00370,0.00268,1.87755,0.00371,0.2003,0.5662,0.3177,0.04471,0.00446
10,scratch,2,3,15,0.10,true,0.15238,0.00402,0.00349,1.85112,0.00404,0.2908,0.4260,0.3338,0.01828,0.00337
10,scratch,2,3,15,0.20,true,0.16687,0.00417,0.00542,1.83855,0.00420,0.3473,0.3293,0.3663,0.00571,0.00247
10,scratch,2,3,15,0.30,true,0.17700,0.00427,0.00984,1.83284,0.00433,0.4155,0.2292,0.4238,0.00000,0.00000
10,scratch,2,3,15,0.40,true,0.18338,0.00433,0.01643,1.83305,0.00443,0.4830,0.1488,0.4942,0.00021,0.00243
10,scratch,2,3,15,0.50,true,0.18563,0.00435,0.02573,1.84011,0.00452,0.5581,0.0975,0.5718,0.00727,0.00308
10,scratch,2,3,15,0.60,true,0.18050,0.00430,0.03837,1.85787,0.00455,0.6388,0.0621,0.6563,0.02503,0.00356
10,scratch,2,3,15,0.70,true,0.17600,0.00426,0.05412,1.87812,0.00461,0.7213,0.0373,0.7438,0.04528,0.00388
10,scratch,2,3,15,0.80,true,0.16975,0.00420,0.07343,1.90369,0.00467,0.8121,0.0236,0.8369,0.07084,0.00421
10,scratch,2,3,15,0.90,true,0.16325,0.00413,0.09612,1.93288,0.00474,0.9053,0.0146,0.9323,0.10004,0.00444
10,scratch,2,3,15,1.00,true,0.15450,0.00404,0.12135,1.96687,0.00478,0.9976,0.0080,1.0272,0.13402,0.00463
10,scratch,2,3,15,1.10,true,0.14838,0.00397,0.14901,2.00066,0.00485,1.0949,0.0051,1.1251,0.16782,0.00484
10,scratch,2,3,15,1.20,true,0.14113,0.00389,0.17821,2.03712,0.00490,1.1916,0.0031,1.2226,0.20427,0.00504
10,scratch,2,3,20,0.00,true,0.08300,0.00308,0.01087,1.92787,0.00314,0.2810,0.5393,0.4322,0.01578,0.00388
10,scratch,2,3,20,0.10,true,0.09425,0.00327,0.01267,1.91842,0.00333,0.3815,0.4494,0.4455,0.00633,0.00308
10,scratch,2,3,20,0.20,true,0.10400,0.00341,0.01657,1.91257,0.00351,0.4352,0.3580,0.4759,0.00048,0.00223
10,scratch,2,3,20,0.30,true,0.11088,0.00351,0.02296,1.91209,0.00365,0.4945,0.2829,0.5199,0.00000,0.00000
10,scratch,2,3,20,0.40,true,0.11438,0.00356,0.03219,1.91781,0.00375,0.5579,0.2164,0.5769,0.00572,0.00214
10,scratch,2,3,20,0.50,true,0.11463,0.00356,0.04408,1.92946,0.00383,0.6232,0.1618,0.6414,0.01737,0.00276
10,scratch,2,3,20,0.60,true,0.11625,0.00358,0.05858,1.94234,0.00395,0.6950,0.1188,0.7153,0.03024,0.00325
10,scratch,2,3,20,0.70,true,0.11550,0.00357,0.07556,1.96007,0.00404,0.7690,0.0858,0.7932,0.04797,0.00359
10,scratch,2,3,20,0.80,true,0.11263,0.00353,0.09538,1.98276,0.00411,0.8476,0.0603,0.8765,0.07067,0.00388
10,scratch,2,3,20,0.90,true,0.11113,0.00351,0.11812,2.00701,0.00422,0.9319,0.0406,0.9664,0.09492,0.00415
10,scratch,2,3,20,1.00,true,0.10625,0.00345,0.14275,2.03653,0.00427,1.0195,0.0281,1.0569,0.12443,0.00433
10,scratch,2,3,20,1.10,true,0.10050,0.00336,0.16930,2.06884,0.00430,1.1077,0.0178,1.1493,0.15674,0.00448
10,scratch,2,3,20,1.20,true,0.09700,0.00331,0.19667,2.09971,0.00436,1.1984,0.0108,1.2434,0.18762,0.00460
10,scratch,2,6,10,0.00,true,0.22400,0.00466,0.00021,1.77621,0.00466,0.1787,0.5933,0.2163,0.08786,0.00425
10,scratch,2,6,10,0.10,true,0.27537,0.00499,0.00019,1.72481,0.00500,0.2256,0.3997,0.2365,0.03646,0.00334
10,scratch,2,6,10,0.20,true,0.30388,0.00514,0.00044,1.69657,0.00515,0.2835,0.2359,0.2858,0.00822,0.00235
10,scratch,2,6,10,0.30,true,0.31288,0.00518,0.00122,1.68835,0.00519,0.3550,0.1202,0.3591,0.00000,0.00000
10,scratch,2,6,10,0.40,true,0.30938,0.00517,0.00299,1.69361,0.00519,0.4396,0.0608,0.4458,0.00526,0.00201
10,scratch,2,6,10,0.50,true,0.30125,0.00513,0.00643,1.70518,0.00518,0.5298,0.0268,0.5403,0.01683,0.00256
10,scratch,2,6,10,0.60,true,0.28913,0.00507,0.01194,1.72282,0.00516,0.6213,0.0100,0.6348,0.03447,0.00295
10,scratch,2,6,10,0.70,true,0.27450,0.00499,0.02032,1.74582,0.00514,0.7188,0.0043,0.7324,0.05747,0.00326
10,scratch,2,6,10,0.80,true,0.25662,0.00488,0.03218,1.77555,0.00512,0.8197,0.0013,0.8332,0.08721,0.00360
10,scratch,2,6,10,0.90,true,0.23875,0.00477,0.04749,1.80874,0.00509,0.9218,0.0003,0.9347,0.12040,0.00391
10,scratch,2,6,10,1.00,true,0.22550,0.00467,0.06536,1.83987,0.00511,1.0215,0.0003,1.0335,0.15152,0.00411
10,scratch,2,6,10,1.10,true,0.20788,0.00454,0.08796,1.88011,0.00510,1.1283,0.0002,1.1396,0.19176,0.00436
10,scratch,2,6,10,1.20,true,0.19187,0.00440,0.11086,1.91902,0.00508,1.2242,0.0000,1.2352,0.23067,0.00458
10,scratch,2,6,15,0.00,true,0.11962,0.00363,0.00273,1.88310,0.00364,0.2636,0.5601,0.3264,0.04550,0.00357
10,scratch,2,6,15,0.10,true,0.13825,0.00386,0.00251,1.86426,0.00387,0.3084,0.4376,0.3401,0.02666,0.00312
10,scratch,2,6,15,0.20,true,0.15488,0.00404,0.00342,1.84854,0.00406,0.3626,0.3252,0.3755,0.01094,0.00252
10,scratch,2,6,15,0.30,true,0.16675,0.00417,0.00562,1.83887,0.00420,0.4231,0.2264,0.4297,0.00127,0.00170
10,scratch,2,6,15,0.40,true,0.17188,0.00422,0.00947,1.83760,0.00428,0.4926,0.1534,0.4974,0.00000,0.00000
10,scratch,2,6,15,0.50,true,0.17062,0.00421,0.01535,1.84473,0.00430,0.5682,0.0999,0.5752,0.00713,0.00162
10,scratch,2,6,15,0.60,true,0.16612,0.00416,0.02369,1.85756,0.00431,0.6513,0.0619,0.6627,0.01997,0.00222
10,scratch,2,6,15,0.70,true,0.16125,0.00411,0.03438,1.87314,0.00432,0.7358,0.0362,0.7524,0.03554,0.00251
10,scratch,2,6,15,0.80,true,0.15400,0.00404,0.04798,1.89399,0.00432,0.8266,0.0195,0.8475,0.05639,0.00283
10,scratch,2,6,15,0.90,true,0.14500,0.00394,0.06491,1.91992,0.00432,0.9248,0.0124,0.9457,0.08232,0.00306
10,scratch,2,6,15,1.00,true,0.13650,0.00384,0.08344,1.94697,0.00431,1.0189,0.0075,1.0405,0.10937,0.00329
10,scratch,2,6,15,1.10,true,0.12525,0.00370,0.10570,1.98049,0.00428,1.1177,0.0030,1.1411,0.14289,0.00355
10,scratch,2,6,15,1.20,true,0.11650,0.00359,0.12897,2.01253,0.00427,1.2142,0.0011,1.2377,0.17493,0.00374
10,scratch,2,6,20,0.00,true,0.07562,0.00296,0.00992,1.93429,0.00300,0.3468,0.5339,0.4354,0.02259,0.00264
10,scratch,2,6,20,0.10,true,0.08575,0.00313,0.00992,1.92417,0.00318,0.3914,0.4411,0.4497,0.01247,0.00219
10,scratch,2,6,20,0.20,true,0.09550,0.00329,0.01167,1.91617,0.00335,0.4438,0.3536,0.4812,0.00447,0.00158
10,scratch,2,6,20,0.30,true,0.10362,0.00341,0.01533,1.91170,0.00349,0.4969,0.2679,0.5274,0.00000,0.00000
10,scratch,2,6,20,0.40,true,0.10612,0.00344,0.02101,1.91489,0.00356,0.5624,0.2051,0.5850,0.00318,0.00144
10,scratch,2,6,20,0.50,true,0.10725,0.00346,0.02898,1.92174,0.00362,0.6270,0.1441,0.6537,0.01004,0.00194
10,scratch,2,6,20,0.60,true,0.10537,0.00343,0.03928,1.93392,0.00365,0.7013,0.1023,0.7297,0.02221,0.00226
10,scratch,2,6,20,0.70,true,0.10100,0.00337,0.05189,1.95091,0.00366,0.7793,0.0716,0.8100,0.03920,0.00245
10,scratch,2,6,20,0.80,true,0.09438,0.00327,0.06698,1.97262,0.00364,0.8642,0.0508,0.8960,0.06092,0.00268
10,scratch,2,6,20,0.90,true,0.08937,0.00319,0.08437,1.99503,0.00365,0.9512,0.0343,0.9858,0.08333,0.00287
10,scratch,2,6,20,1.00,true,0.08463,0.00311,0.10420,2.01962,0.00367,1.0429,0.0224,1.0801,0.10792,0.00307
10,scratch,2,6,20,1.10,true,0.07863,0.00301,0.12560,2.04704,0.00366,1.1346,0.0148,1.1731,0.13534,0.00324
10,scratch,2,6,20,1.20,true,0.07162,0.00288,0.14974,2.07821,0.00363,1.2323,0.0098,1.2712,0.16650,0.00347
10,mid,2,12,10,0.00,true,0.21213,0.00457,0.00078,1.78865,0.00458,0.1943,0.6162,0.2322,0.08089,0.00432
10,mid,2,12,10,0.10,true,0.26050,0.00491,0.00175,1.74125,0.00492,0.2382,0.4425,0.2468,0.03349,0.00354
10,mid,2,12,10,0.20,true,0.29063,0.00508,0.00431,1.71368,0.00511,0.2948,0.2835,0.2907,0.00592,0.00246
10,mid,2,12,10,0.30,true,0.30162,0.00513,0.00938,1.70776,0.00521,0.3605,0.1638,0.3567,0.00000,0.00000
10,mid,2,12,10,0.40,true,0.30262,0.00514,0.01790,1.71528,0.00529,0.4372,0.0875,0.4382,0.00752,0.00205
10,mid,2,12,10,0.50,true,0.29775,0.00511,0.03096,1.73321,0.00537,0.5245,0.0457,0.5295,0.02545,0.00267
10,mid,2,12,10,0.60,true,0.29063,0.00508,0.04847,1.75785,0.00548,0.6135,0.0199,0.6242,0.05009,0.00306
10,mid,2,12,10,0.70,true,0.27813,0.00501,0.07121,1.79309,0.00558,0.7097,0.0085,0.7226,0.08533,0.00342
10,mid,2,12,10,0.80,true,0.26663,0.00494,0.09752,1.83092,0.00570,0.8061,0.0029,0.8203,0.12316,0.00372
10,mid,2,12,10,0.90,true,0.25388,0.00487,0.12625,1.87240,0.00580,0.9013,0.0015,0.9150,0.16464,0.00400
10,mid,2,12,10,1.00,true,0.24200,0.00479,0.15812,1.91616,0.00592,1.0000,0.0008,1.0132,0.20840,0.00424
10,mid,2,12,10,1.10,true,0.23037,0.00471,0.19192,1.96161,0.00602,1.1000,0.0002,1.1131,0.25385,0.00448
10,mid,2,12,10,1.20,true,0.22037,0.00463,0.22565,2.00536,0.00612,1.1991,0.0002,1.2117,0.29760,0.00467
10,mid,2,12,15,0.00,true,0.11475,0.00356,0.00705,1.89231,0.00360,0.2792,0.5606,0.3474,0.02484,0.00272
10,mid,2,12,15,0.10,true,0.13275,0.00379,0.01021,1.87746,0.00385,0.3247,0.4438,0.3627,0.01000,0.00191
10,mid,2,12,15,0.20,true,0.14875,0.00398,0.01621,1.86746,0.00408,0.3778,0.3355,0.3976,0.00000,0.00000
10,mid,2,12,15,0.30,true,0.15787,0.00408,0.02565,1.86778,0.00425,0.4410,0.2489,0.4486,0.00031,0.00178
10,mid,2,12,15,0.40,true,0.16512,0.00415,0.03853,1.87341,0.00441,0.5051,0.1725,0.5134,0.00595,0.00242
10,mid,2,12,15,0.50,true,0.16650,0.00416,0.05547,1.88898,0.00454,0.5765,0.1147,0.5885,0.02152,0.00280
10,mid,2,12,15,0.60,true,0.16450,0.00414,0.07666,1.91218,0.00466,0.6580,0.0754,0.6730,0.04471,0.00313
10,mid,2,12,15,0.70,true,0.16062,0.00411,0.10191,1.94131,0.00478,0.7459,0.0487,0.7642,0.07385,0.00343
10,mid,2,12,15,0.80,true,0.15613,0.00406,0.12802,1.97193,0.00488,0.8294,0.0318,0.8509,0.10446,0.00363
10,mid,2,12,15,0.90,true,0.15138,0.00401,0.15870,2.00738,0.00499,0.9222,0.0178,0.9482,0.13991,0.00385
10,mid,2,12,15,1.00,true,0.14400,0.00393,0.19107,2.04714,0.00506,1.0168,0.0107,1.0444,0.17968,0.00405
10,mid,2,12,15,1.10,true,0.13787,0.00385,0.22377,2.08600,0.00514,1.1112,0.0067,1.1394,0.21854,0.00421
10,mid,2,12,15,1.20,true,0.13150,0.00378,0.25667,2.12531,0.00519,1.2057,0.0047,1.2335,0.25784,0.00436
10,mid,2,12,20,0.00,true,0.06575,0.00277,0.02580,1.96006,0.00292,0.3821,0.5321,0.4815,0.00210,0.00148
10,mid,2,12,20,0.10,true,0.07337,0.00292,0.03132,1.95796,0.00310,0.4300,0.4542,0.4956,0.00000,0.00000
10,mid,2,12,20,0.20,true,0.08088,0.00305,0.04027,1.95940,0.00330,0.4811,0.3770,0.5244,0.00144,0.00138
10,mid,2,12,20,0.30,true,0.08488,0.00312,0.05252,1.96766,0.00345,0.5326,0.3017,0.5653,0.00971,0.00188
10,mid,2,12,20,0.40,true,0.08975,0.00320,0.06793,1.97820,0.00363,0.5899,0.2352,0.6183,0.02024,0.00231
10,mid,2,12,20,0.50,true,0.09287,0.00325,0.08729,1.99444,0.00381,0.6543,0.1750,0.6840,0.03648,0.00268
10,mid,2,12,20,0.60,true,0.09262,0.00324,0.10943,2.01684,0.00393,0.7264,0.1321,0.7558,0.05889,0.00297
10,mid,2,12,20,0.70,true,0.09275,0.00324,0.13321,2.04051,0.00407,0.7981,0.0967,0.8318,0.08256,0.00322
10,mid,2,12,20,0.80,true,0.09162,0.00323,0.16089,2.06934,0.00419,0.8802,0.0696,0.9171,0.11138,0.00342
10,mid,2,12,20,0.90,true,0.08875,0.00318,0.18908,2.10043,0.00428,0.9614,0.0510,1.0010,0.14247,0.00360
10,mid,2,12,20,1.00,true,0.08475,0.00311,0.22093,2.13632,0.00434,1.0531,0.0376,1.0939,0.17836,0.00380
10,mid,2,12,20,1.10,true,0.08288,0.00308,0.25288,2.17019,0.00443,1.1413,0.0239,1.1880,0.21223,0.00392
10,mid,2,12,20,1.20,true,0.07963,0.00303,0.28538,2.20598,0.00448,1.2349,0.0168,1.2828,0.24803,0.00407
10,mid,2,3,10,0.00,true,0.17888,0.00428,0.00104,1.82216,0.00429,0.1665,0.5712,0.2413,0.06677,0.00479
10,mid,2,3,10,0.10,true,0.22125,0.00464,0.00157,1.78032,0.00465,0.2301,0.4133,0.2588,0.02492,0.00372
10,mid,2,3,10,0.20,true,0.24275,0.00479,0.00361,1.76086,0.00482,0.2881,0.2648,0.3030,0.00546,0.00258
10,mid,2,3,10,0.30,true,0.25275,0.00486,0.00814,1.75539,0.00492,0.3570,0.1591,0.3682,0.00000,0.00000
10,mid,2,3,10,0.40,true,0.25275,0.00486,0.01592,1.76317,0.00498,0.4310,0.0887,0.4459,0.00778,0.00248
10,mid,2,3,10,0.50,true,0.24638,0.00482,0.02735,1.78098,0.00502,0.5126,0.0539,0.5283,0.02559,0.00315
10,mid,2,3,10,0.60,true,0.24000,0.00477,0.04593,1.80594,0.00511,0.6081,0.0224,0.6306,0.05055,0.00369
10,mid,2,3,10,0.70,true,0.23137,0.00471,0.06693,1.83558,0.00520,0.6975,0.0120,0.7219,0.08019,0.00403
10,mid,2,3,10,0.80,true,0.22212,0.00465,0.09262,1.87054,0.00530,0.7917,0.0051,0.8180,0.11514,0.00431
10,mid,2,3,10,0.90,true,0.21088,0.00456,0.12254,1.91172,0.00539,0.8900,0.0024,0.9168,0.15633,0.00459
10,mid,2,3,10,1.00,true,0.20112,0.00448,0.15445,1.95340,0.00549,0.9871,0.0011,1.0143,0.19801,0.00481
10,mid,2,3,10,1.10,true,0.19237,0.00441,0.18711,1.99484,0.00558,1.0826,0.0003,1.1102,0.23945,0.00501
10,mid,2,3,10,1.20,true,0.18050,0.00430,0.22316,2.04281,0.00563,1.1836,0.0002,1.2113,0.28742,0.00523
10,mid,2,3,15,0.00,true,0.09600,0.00329,0.00978,1.91378,0.00335,0.2402,0.5560,0.3681,0.01828,0.00368
10,mid,2,3,15,0.10,true,0.11188,0.00352,0.01226,1.90039,0.00359,0.3203,0.4289,0.3846,0.00489,0.00231
10,mid,2,3,15,0.20,true,0.12150,0.00365,0.01699,1.89550,0.00375,0.3759,0.3401,0.4163,0.00000,0.00000
10,mid,2,3,15,0.30,true,0.12487,0.00370,0.02618,1.90131,0.00386,0.4408,0.2502,0.4675,0.00581,0.00223
10,mid,2,3,15,0.40,true,0.13162,0.00378,0.03863,1.90702,0.00402,0.5053,0.1749,0.5321,0.01152,0.00305
10,mid,2,3,15,0.50,true,0.13200,0.00378,0.05519,1.92321,0.00414,0.5765,0.1191,0.6059,0.02772,0.00355
10,mid,2,3,15,0.60,true,0.12987,0.00376,0.07539,1.94555,0.00423,0.6547,0.0823,0.6858,0.05005,0.00389
10,mid,2,3,15,0.70,true,0.12525,0.00370,0.09883,1.97362,0.00431,0.7333,0.0532,0.7695,0.07813,0.00416
10,mid,2,3,15,0.80,true,0.12175,0.00366,0.12535,2.00366,0.00441,0.8181,0.0337,0.8584,0.10817,0.00442
10,mid,2,3,15,0.90,true,0.11737,0.00360,0.15514,2.03786,0.00450,0.9100,0.0232,0.9515,0.14236,0.00461
10,mid,2,3,15,1.00,true,0.11250,0.00353,0.18609,2.07371,0.00457,1.0005,0.0149,1.0444,0.17821,0.00478
10,mid,2,3,15,1.10,true,0.10675,0.00345,0.21869,2.11211,0.00462,1.0927,0.0092,1.1387,0.21661,0.00487
10,mid,2,3,15,1.20,true,0.10038,0.00336,0.25266,2.15250,0.00464,1.1881,0.0058,1.2353,0.25700,0.00499
10,mid,2,3,20,0.00,true,0.05887,0.00263,0.03383,1.97496,0.00282,0.3486,0.5325,0.5153,0.00091,0.00310
10,mid,2,3,20,0.10,true,0.06075,0.00267,0.03819,1.97745,0.00289,0.4314,0.4537,0.5295,0.00340,0.00201
10,mid,2,3,20,0.20,true,0.07175,0.00289,0.04579,1.97405,0.00316,0.4799,0.3742,0.5588,0.00000,0.00000
10,mid,2,3,20,0.30,true,0.07600,0.00296,0.05644,1.98046,0.00331,0.5320,0.3038,0.5976,0.00641,0.00199
10,mid,2,3,20,0.40,true,0.07712,0.00298,0.07122,1.99412,0.00342,0.5938,0.2450,0.6488,0.02007,0.00260
10,mid,2,3,20,0.50,true,0.07963,0.00303,0.08856,2.00898,0.00358,0.6532,0.1895,0.7081,0.03493,0.00300
10,mid,2,3,20,0.60,true,0.07725,0.00299,0.10943,2.03224,0.00366,0.7227,0.1482,0.7754,0.05819,0.00338
10,mid,2,3,20,0.70,true,0.07925,0.00302,0.13234,2.05318,0.00382,0.7934,0.1109,0.8504,0.07912,0.00365
10,mid,2,3,20,0.80,true,0.07750,0.00299,0.15833,2.08095,0.00392,0.8699,0.0820,0.9310,0.10689,0.00386
10,mid,2,3,20,0.90,true,0.07325,0.00291,0.18604,2.11294,0.00397,0.9485,0.0602,1.0136,0.13889,0.00399
10,mid,2,3,20,1.00,true,0.06975,0.00285,0.21563,2.14607,0.00402,1.0328,0.0435,1.1015,0.17202,0.00412
10,mid,2,3,20,1.10,true,0.06725,0.00280,0.24600,2.17900,0.00408,1.1186,0.0298,1.1924,0.20495,0.00428
10,mid,2,3,20,1.20,true,0.06525,0.00276,0.27616,2.21123,0.00414,1.2074,0.0215,1.2834,0.23718,0.00439
10,mid,2,6,10,0.00,true,0.17700,0.00427,0.00099,1.82399,0.00427,0.1954,0.5718,0.2443,0.05847,0.00384
10,mid,2,6,10,0.10,true,0.21400,0.00459,0.00105,1.78705,0.00459,0.2403,0.3947,0.2649,0.02153,0.00309
10,mid,2,6,10,0.20,true,0.23250,0.00472,0.00212,1.76962,0.00474,0.2984,0.2472,0.3121,0.00410,0.00205
10,mid,2,6,10,0.30,true,0.23925,0.00477,0.00477,1.76552,0.00480,0.3675,0.1416,0.3797,0.00000,0.00000
10,mid,2,6,10,0.40,true,0.23325,0.00473,0.00972,1.77647,0.00480,0.4464,0.0730,0.4619,0.01095,0.00207
10,mid,2,6,10,0.50,true,0.22587,0.00468,0.01793,1.79206,0.00480,0.5365,0.0389,0.5535,0.02653,0.00258
10,mid,2,6,10,0.60,true,0.21750,0.00461,0.02931,1.81182,0.00481,0.6251,0.0171,0.6459,0.04630,0.00294
10,mid,2,6,10,0.70,true,0.20813,0.00454,0.04473,1.83662,0.00484,0.7206,0.0082,0.7418,0.07110,0.00320
10,mid,2,6,10,0.80,true,0.19437,0.00442,0.06438,1.87004,0.00484,0.8183,0.0037,0.8394,0.10451,0.00348
10,mid,2,6,10,0.90,true,0.18100,0.00430,0.08830,1.90736,0.00485,0.9193,0.0014,0.9403,0.14184,0.00376
10,mid,2,6,10,1.00,true,0.16812,0.00418,0.11477,1.94674,0.00486,1.0181,0.0008,1.0381,0.18122,0.00397
10,mid,2,6,10,1.10,true,0.15588,0.00406,0.14559,1.98987,0.00488,1.1237,0.0003,1.1432,0.22435,0.00420
10,mid,2,6,10,1.20,true,0.14338,0.00392,0.17590,2.03276,0.00487,1.2201,0.0003,1.2389,0.26724,0.00440
10,mid,2,6,15,0.00,true,0.08513,0.00312,0.00992,1.92480,0.00317,0.2872,0.5462,0.3790,0.02417,0.00280
10,mid,2,6,15,0.10,true,0.09650,0.00330,0.00997,1.91347,0.00335,0.3312,0.4353,0.3936,0.01284,0.00232
10,mid,2,6,15,0.20,true,0.10963,0.00349,0.01253,1.90291,0.00356,0.3861,0.3348,0.4283,0.00228,0.00168
10,mid,2,6,15,0.30,true,0.11725,0.00360,0.01787,1.90063,0.00370,0.4447,0.2443,0.4786,0.00000,0.00000
10,mid,2,6,15,0.40,true,0.12150,0.00365,0.02616,1.90467,0.00380,0.5115,0.1727,0.5424,0.00405,0.00155
10,mid,2,6,15,0.50,true,0.12037,0.00364,0.03739,1.91704,0.00386,0.5837,0.1199,0.6144,0.01641,0.00205
10,mid,2,6,15,0.60,true,0.11750,0.00360,0.05207,1.93460,0.00390,0.6626,0.0800,0.6957,0.03397,0.00242
10,mid,2,6,15,0.70,true,0.11400,0.00355,0.06970,1.95576,0.00396,0.7452,0.0521,0.7818,0.05513,0.00271
10,mid,2,6,15,0.80,true,0.10900,0.00348,0.09078,1.98186,0.00400,0.8324,0.0320,0.8728,0.08123,0.00294
10,mid,2,6,15,0.90,true,0.10262,0.00339,0.11524,2.01275,0.00403,0.9253,0.0185,0.9686,0.11212,0.00320
10,mid,2,6,15,1.00,true,0.09525,0.00328,0.14113,2.04607,0.00403,1.0182,0.0124,1.0612,0.14544,0.00342
10,mid,2,6,15,1.10,true,0.08737,0.00316,0.17024,2.08313,0.00403,1.1168,0.0089,1.1588,0.18250,0.00361
10,mid,2,6,15,1.20,true,0.07988,0.00303,0.19981,2.12029,0.00400,1.2096,0.0043,1.2535,0.21967,0.00377
10,mid,2,6,20,0.00,true,0.05050,0.00245,0.03353,1.98304,0.00263,0.3773,0.5250,0.5232,0.00873,0.00182
10,mid,2,6,20,0.10,true,0.05900,0.00263,0.03446,1.97548,0.00282,0.4226,0.4413,0.5402,0.00116,0.00135
10,mid,2,6,20,0.20,true,0.06425,0.00274,0.03855,1.97431,0.00295,0.4728,0.3615,0.5702,0.00000,0.00000
10,mid,2,6,20,0.30,true,0.06725,0.00280,0.04576,1.97854,0.00305,0.5265,0.2872,0.6124,0.00422,0.00129
10,mid,2,6,20,0.40,true,0.06975,0.00285,0.05606,1.98635,0.00316,0.5883,0.2245,0.6670,0.01204,0.00181
10,mid,2,6,20,0.50,true,0.07013,0.00285,0.06942,1.99936,0.00325,0.6519,0.1688,0.7301,0.02504,0.00210
10,mid,2,6,20,0.60,true,0.06800,0.00281,0.08571,2.01780,0.00330,0.7207,0.1241,0.8003,0.04349,0.00235
10,mid,2,6,20,0.70,true,0.06450,0.00275,0.10457,2.04020,0.00333,0.7936,0.0887,0.8762,0.06588,0.00256
10,mid,2,6,20,0.80,true,0.06125,0.00268,0.12592,2.06485,0.00337,0.8754,0.0659,0.9572,0.09053,0.00275
10,mid,2,6,20,0.90,true,0.05700,0.00259,0.14975,2.09298,0.00339,0.9616,0.0493,1.0426,0.11867,0.00294
10,mid,2,6,20,1.00,true,0.05287,0.00250,0.17575,2.12320,0.00341,1.0486,0.0343,1.1318,0.14888,0.00310
10,mid,2,6,20,1.10,true,0.04813,0.00239,0.20280,2.15509,0.00340,1.1372,0.0244,1.2211,0.18078,0.00325
10,mid,2,6,20,1.20,true,0.04512,0.00232,0.23158,2.18699,0.00343,1.2307,0.0171,1.3152,0.21268,0.00342
10,high,2,12,10,0.00,true,0.17087,0.00421,0.00288,1.83200,0.00423,0.2117,0.5985,0.2590,0.04963,0.00391
10,high,2,12,10,0.10,true,0.20363,0.00450,0.00527,1.80165,0.00454,0.2553,0.4398,0.2740,0.01928,0.00313
10,high,2,12,10,0.20,true,0.22650,0.00468,0.01089,1.78439,0.00476,0.3113,0.2975,0.3155,0.00202,0.00222
10,high,2,12,10,0.30,true,0.23800,0.00476,0.02036,1.78237,0.00492,0.3747,0.1860,0.3770,0.00000,0.00000
10,high,2,12,10,0.40,true,0.24000,0.00477,0.03500,1.79502,0.00505,0.4497,0.1107,0.4542,0.01265,0.00199
10,high,2,12,10,0.50,true,0.23550,0.00474,0.05554,1.82007,0.00517,0.5322,0.0616,0.5417,0.03770,0.00266
10,high,2,12,10,0.60,true,0.22925,0.00470,0.08110,1.85190,0.00531,0.6194,0.0334,0.6331,0.06953,0.00308
10,high,2,12,10,0.70,true,0.21912,0.00462,0.11220,1.89316,0.00544,0.7126,0.0165,0.7299,0.11079,0.00346
10,high,2,12,10,0.80,true,0.21075,0.00456,0.14612,1.93549,0.00559,0.8066,0.0076,0.8262,0.15312,0.00375
10,high,2,12,10,0.90,true,0.20200,0.00449,0.18139,1.97957,0.00571,0.8999,0.0034,0.9203,0.19720,0.00401
10,high,2,12,10,1.00,true,0.19162,0.00440,0.21960,2.02823,0.00581,0.9978,0.0019,1.0179,0.24586,0.00426
10,high,2,12,10,1.10,true,0.18038,0.00430,0.25930,2.07928,0.00588,1.0975,0.0009,1.1173,0.29691,0.00449
10,high,2,12,10,1.20,true,0.17313,0.00423,0.29755,2.12490,0.00597,1.1973,0.0003,1.2170,0.34253,0.00468
10,high,2,12,15,0.00,true,0.08925,0.00319,0.02008,1.93084,0.00330,0.3079,0.5523,0.3987,0.01071,0.00180
10,high,2,12,15,0.10,true,0.10562,0.00344,0.02574,1.92013,0.00359,0.3523,0.4461,0.4156,0.00000,0.00000
10,high,2,12,15,0.20,true,0.11388,0.00355,0.03590,1.92205,0.00378,0.4028,0.3467,0.4478,0.00192,0.00172
10,high,2,12,15,0.30,true,0.11775,0.00360,0.05051,1.93280,0.00394,0.4621,0.2661,0.4938,0.01266,0.00223
10,high,2,12,15,0.40,true,0.12337,0.00368,0.06945,1.94613,0.00414,0.5279,0.1988,0.5544,0.02599,0.00274
10,high,2,12,15,0.50,true,0.12550,0.00370,0.09295,1.96753,0.00432,0.5956,0.1382,0.6258,0.04740,0.00311
10,high,2,12,15,0.60,true,0.12212,0.00366,0.12107,1.99907,0.00444,0.6719,0.0948,0.7051,0.07893,0.00341
10,high,2,12,15,0.70,true,0.12012,0.00363,0.15288,2.03293,0.00459,0.7571,0.0661,0.7919,0.11280,0.00369
10,high,2,12,15,0.80,true,0.11675,0.00359,0.18470,2.06818,0.00471,0.8381,0.0460,0.8759,0.14805,0.00392
10,high,2,12,15,0.90,true,0.11300,0.00354,0.22066,2.10798,0.00482,0.9292,0.0311,0.9695,0.18785,0.00410
10,high,2,12,15,1.00,true,0.10925,0.00349,0.25712,2.14830,0.00491,1.0197,0.0195,1.0636,0.22817,0.00428
10,high,2,12,15,1.10,true,0.10512,0.00343,0.29315,2.18858,0.00498,1.1107,0.0124,1.1566,0.26845,0.00442
10,high,2,12,15,1.20,true,0.10013,0.00336,0.32909,2.22967,0.00502,1.2032,0.0082,1.2500,0.30954,0.00456
10,high,2,12,20,0.00,true,0.04713,0.00237,0.06176,2.01472,0.00274,0.4161,0.5272,0.5608,0.00000,0.00000
10,high,2,12,20,0.10,true,0.05362,0.00252,0.06994,2.01640,0.00295,0.4661,0.4581,0.5770,0.00168,0.00130
10,high,2,12,20,0.20,true,0.05738,0.00260,0.08232,2.02504,0.00312,0.5186,0.3912,0.6043,0.01032,0.00171
10,high,2,12,20,0.30,true,0.06075,0.00267,0.09871,2.03808,0.00331,0.5695,0.3226,0.6436,0.02336,0.00211
10,high,2,12,20,0.40,true,0.06137,0.00268,0.11870,2.05748,0.00345,0.6212,0.2577,0.6918,0.04276,0.00243
10,high,2,12,20,0.50,true,0.06450,0.00275,0.14270,2.07840,0.00365,0.6841,0.2020,0.7528,0.06368,0.00277
10,high,2,12,20,0.60,true,0.06663,0.00279,0.16941,2.10304,0.00384,0.7504,0.1544,0.8214,0.08833,0.00309
10,high,2,12,20,0.70,true,0.06650,0.00279,0.19711,2.13094,0.00397,0.8217,0.1224,0.8916,0.11623,0.00331
10,high,2,12,20,0.80,true,0.06600,0.00278,0.22889,2.16333,0.00410,0.8999,0.0917,0.9731,0.14861,0.00356
10,high,2,12,20,0.90,true,0.06475,0.00275,0.25997,2.19577,0.00419,0.9762,0.0690,1.0530,0.18106,0.00373
10,high,2,12,20,1.00,true,0.06100,0.00268,0.29431,2.23401,0.00422,1.0627,0.0523,1.1405,0.21930,0.00387
10,high,2,12,20,1.10,true,0.06062,0.00267,0.32836,2.26862,0.00431,1.1530,0.0397,1.2323,0.25390,0.00403
10,high,2,12,20,1.20,true,0.05825,0.00262,0.36178,2.30462,0.00434,1.2408,0.0289,1.3231,0.28990,0.00412
10,high,2,3,10,0.00,true,0.15013,0.00399,0.00371,1.85359,0.00401,0.1881,0.5658,0.2712,0.03734,0.00413
10,high,2,3,10,0.10,true,0.17913,0.00429,0.00548,1.82635,0.00432,0.2494,0.4165,0.2895,0.01011,0.00271
10,high,2,3,10,0.20,true,0.19425,0.00442,0.01049,1.81625,0.00449,0.3075,0.2836,0.3314,0.00000,0.00000
10,high,2,3,10,0.30,true,0.19962,0.00447,0.01951,1.81990,0.00460,0.3745,0.1838,0.3922,0.00365,0.00249
10,high,2,3,10,0.40,true,0.20162,0.00449,0.03326,1.83167,0.00472,0.4466,0.1130,0.4663,0.01542,0.00330
10,high,2,3,10,0.50,true,0.20087,0.00448,0.05134,1.85052,0.00484,0.5245,0.0690,0.5470,0.03428,0.00378
10,high,2,3,10,0.60,true,0.19387,0.00442,0.07756,1.88379,0.00496,0.6154,0.0360,0.6433,0.06755,0.00415
10,high,2,3,10,0.70,true,0.18513,0.00434,0.10545,1.92048,0.00505,0.7008,0.0201,0.7319,0.10423,0.00446
10,high,2,3,10,0.80,true,0.17700,0.00427,0.13825,1.96149,0.00516,0.7942,0.0109,0.8273,0.14524,0.00476
10,high,2,3,10,0.90,true,0.16850,0.00418,0.17367,2.00552,0.00526,0.8887,0.0053,0.9236,0.18927,0.00502
10,high,2,3,10,1.00,true,0.15850,0.00408,0.21098,2.05295,0.00533,0.9847,0.0031,1.0200,0.23670,0.00523
10,high,2,3,10,1.10,true,0.14950,0.00399,0.24850,2.09963,0.00539,1.0798,0.0015,1.1158,0.28338,0.00537
10,high,2,3,10,1.20,true,0.14200,0.00390,0.28755,2.14637,0.00545,1.1800,0.0004,1.2169,0.33012,0.00550
10,high,2,3,15,0.00,true,0.07462,0.00294,0.02686,1.95226,0.00309,0.2863,0.5492,0.4261,0.00634,0.00270
10,high,2,3,15,0.10,true,0.08575,0.00313,0.03164,1.94593,0.00332,0.3579,0.4386,0.4436,0.00000,0.00000
10,high,2,3,15,0.20,true,0.09087,0.00321,0.04016,1.94934,0.00346,0.4079,0.3534,0.4735,0.00341,0.00216
10,high,2,3,15,0.30,true,0.09275,0.00324,0.05467,1.96199,0.00358,0.4717,0.2713,0.5219,0.01606,0.00289
10,high,2,3,15,0.40,true,0.09838,0.00333,0.07250,1.97423,0.00379,0.5359,0.2059,0.5811,0.02830,0.00345
10,high,2,3,15,0.50,true,0.10013,0.00336,0.09461,1.99464,0.00395,0.6011,0.1475,0.6495,0.04871,0.00385
10,high,2,3,15,0.60,true,0.09888,0.00334,0.12064,2.02199,0.00408,0.6735,0.1038,0.7257,0.07606,0.00413
10,high,2,3,15,0.70,true,0.09588,0.00329,0.14913,2.05356,0.00419,0.7515,0.0760,0.8049,0.10763,0.00436
10,high,2,3,15,0.80,true,0.09613,0.00330,0.17990,2.08418,0.00434,0.8322,0.0523,0.8905,0.13826,0.00458
10,high,2,3,15,0.90,true,0.08925,0.00319,0.21402,2.12532,0.00438,0.9160,0.0340,0.9791,0.17939,0.00471
10,high,2,3,15,1.00,true,0.08450,0.00311,0.24851,2.16472,0.00443,1.0056,0.0254,1.0691,0.21879,0.00482
10,high,2,3,15,1.10,true,0.08025,0.00304,0.28437,2.20502,0.00447,1.0975,0.0175,1.1634,0.25910,0.00491
10,high,2,3,15,1.20,true,0.07650,0.00297,0.31979,2.24443,0.00451,1.1890,0.0114,1.2578,0.29851,0.00498
10,high,2,3,20,0.00,true,0.04038,0.00220,0.08028,2.04002,0.00269,0.4283,0.5283,0.6103,0.00273,0.00214
10,high,2,3,20,0.10,true,0.04888,0.00241,0.08603,2.03729,0.00294,0.4858,0.4630,0.6250,0.00000,0.00000
10,high,2,3,20,0.20,true,0.05275,0.00250,0.09668,2.04408,0.00310,0.5320,0.3934,0.6530,0.00680,0.00187
10,high,2,3,20,0.30,true,0.05500,0.00255,0.11120,2.05640,0.00324,0.5823,0.3287,0.6911,0.01912,0.00257
10,high,2,3,20,0.40,true,0.05625,0.00258,0.12893,2.07294,0.00338,0.6361,0.2707,0.7376,0.03565,0.00297
10,high,2,3,20,0.50,true,0.05613,0.00257,0.15045,2.09466,0.00351,0.6971,0.2204,0.7944,0.05737,0.00329
10,high,2,3,20,0.60,true,0.05613,0.00257,0.17445,2.11876,0.00364,0.7618,0.1772,0.8583,0.08147,0.00354
10,high,2,3,20,0.70,true,0.05600,0.00257,0.20053,2.14509,0.00376,0.8320,0.1431,0.9281,0.10780,0.00377
10,high,2,3,20,0.80,true,0.05525,0.00255,0.22851,2.17397,0.00387,0.9019,0.1117,1.0023,0.13668,0.00395
10,high,2,3,20,0.90,true,0.05488,0.00255,0.25820,2.20421,0.00397,0.9760,0.0841,1.0832,0.16692,0.00411
10,high,2,3,20,1.00,true,0.05450,0.00254,0.28845,2.23505,0.00407,1.0570,0.0665,1.1664,0.19776,0.00426
10,high,2,3,20,1.10,true,0.05175,0.00248,0.31996,2.26956,0.00410,1.1382,0.0496,1.2530,0.23227,0.00434
10,high,2,3,20,1.20,true,0.04938,0.00242,0.35089,2.30315,0.00412,1.2212,0.0371,1.3402,0.26586,0.00444
10,high,2,6,10,0.00,true,0.13875,0.00386,0.00368,1.86493,0.00388,0.2130,0.5562,0.2751,0.03608,0.00312
10,high,2,6,10,0.10,true,0.16262,0.00413,0.00421,1.84159,0.00415,0.2582,0.3945,0.2966,0.01273,0.00215
10,high,2,6,10,0.20,true,0.17838,0.00428,0.00722,1.82886,0.00432,0.3164,0.2634,0.3419,0.00000,0.00000
10,high,2,6,10,0.30,true,0.18413,0.00433,0.01353,1.82942,0.00442,0.3847,0.1653,0.4060,0.00056,0.00181
10,high,2,6,10,0.40,true,0.18225,0.00432,0.02358,1.84136,0.00447,0.4579,0.0945,0.4821,0.01251,0.00248
10,high,2,6,10,0.50,true,0.17863,0.00428,0.03845,1.85989,0.00453,0.5449,0.0554,0.5700,0.03103,0.00288
10,high,2,6,10,0.60,true,0.17125,0.00421,0.05719,1.88605,0.00458,0.6307,0.0296,0.6593,0.05719,0.00317
10,high,2,6,10,0.70,true,0.16325,0.00413,0.08057,1.91749,0.00463,0.7223,0.0143,0.7535,0.08863,0.00345
10,high,2,6,10,0.80,true,0.15363,0.00403,0.10835,1.95500,0.00468,0.8189,0.0069,0.8506,0.12614,0.00369
10,high,2,6,10,0.90,true,0.14513,0.00394,0.13960,1.99488,0.00475,0.9188,0.0037,0.9501,0.16602,0.00392
10,high,2,6,10,1.00,true,0.13487,0.00382,0.17275,2.03845,0.00478,1.0164,0.0020,1.0471,0.20959,0.00413
10,high,2,6,10,1.10,true,0.12175,0.00366,0.21107,2.09013,0.00476,1.1219,0.0007,1.1524,0.26128,0.00435
10,high,2,6,10,1.20,true,0.11125,0.00352,0.24676,2.13659,0.00473,1.2182,0.0003,1.2481,0.30773,0.00456
10,high,2,6,15,0.00,true,0.06600,0.00278,0.02858,1.96261,0.00293,0.3149,0.5397,0.4398,0.00751,0.00210
10,high,2,6,15,0.10,true,0.07350,0.00292,0.02968,1.95621,0.00308,0.3591,0.4387,0.4559,0.00112,0.00156
10,high,2,6,15,0.20,true,0.08000,0.00303,0.03504,1.95509,0.00323,0.4124,0.3470,0.4886,0.00000,0.00000
10,high,2,6,15,0.30,true,0.08525,0.00312,0.04445,1.95928,0.00338,0.4715,0.2682,0.5352,0.00418,0.00136
10,high,2,6,15,0.40,true,0.09037,0.00321,0.05805,1.96780,0.00355,0.5351,0.1972,0.5958,0.01271,0.00197
10,high,2,6,15,0.50,true,0.08825,0.00317,0.07536,1.98729,0.00361,0.6036,0.1429,0.6633,0.03219,0.00235
10,high,2,6,15,0.60,true,0.08737,0.00316,0.09650,2.00939,0.00372,0.6792,0.1016,0.7399,0.05430,0.00261
10,high,2,6,15,0.70,true,0.08438,0.00311,0.12055,2.03655,0.00380,0.7594,0.0728,0.8210,0.08145,0.00287
10,high,2,6,15,0.80,true,0.08000,0.00303,0.14818,2.06870,0.00386,0.8428,0.0480,0.9089,0.11360,0.00316
10,high,2,6,15,0.90,true,0.07337,0.00292,0.17907,2.10639,0.00387,0.9319,0.0313,1.0008,0.15130,0.00338
10,high,2,6,15,1.00,true,0.06975,0.00285,0.20974,2.14091,0.00392,1.0185,0.0192,1.0909,0.18581,0.00356
10,high,2,6,15,1.10,true,0.06513,0.00276,0.24287,2.17894,0.00395,1.1130,0.0130,1.1854,0.22384,0.00368
10,high,2,6,15,1.20,true,0.05925,0.00264,0.27607,2.21832,0.00392,1.2077,0.0102,1.2783,0.26323,0.00382
10,high,2,6,20,0.00,true,0.03637,0.00209,0.08350,2.04725,0.00259,0.4141,0.5235,0.6225,0.00319,0.00116
10,high,2,6,20,0.10,true,0.04225,0.00225,0.08616,2.04406,0.00276,0.4582,0.4473,0.6409,0.00000,0.00000
10,high,2,6,20,0.20,true,0.04462,0.00231,0.09306,2.04863,0.00286,0.5091,0.3768,0.6703,0.00457,0.00115
10,high,2,6,20,0.30,true,0.04688,0.00236,0.10382,2.05720,0.00297,0.5616,0.3096,0.7104,0.01313,0.00155
10,high,2,6,20,0.40,true,0.04913,0.00242,0.11822,2.06942,0.00311,0.6179,0.2466,0.7618,0.02536,0.00194
10,high,2,6,20,0.50,true,0.04788,0.00239,0.13615,2.08871,0.00318,0.6835,0.1978,0.8209,0.04464,0.00222
10,high,2,6,20,0.60,true,0.04650,0.00235,0.15689,2.11096,0.00325,0.7468,0.1497,0.8875,0.06689,0.00249
10,high,2,6,20,0.70,true,0.04512,0.00232,0.17995,2.13555,0.00333,0.8179,0.1144,0.9595,0.09148,0.00270
10,high,2,6,20,0.80,true,0.04275,0.00226,0.20526,2.16343,0.00338,0.8921,0.0851,1.0363,0.11937,0.00288
10,high,2,6,20,0.90,true,0.04050,0.00220,0.23265,2.19330,0.00342,0.9748,0.0657,1.1181,0.14924,0.00308
10,high,2,6,20,1.00,true,0.03787,0.00213,0.26181,2.22538,0.00345,1.0602,0.0495,1.2040,0.18131,0.00325
10,high,2,6,20,1.10,true,0.03425,0.00203,0.29149,2.25901,0.00343,1.1462,0.0377,1.2901,0.21494,0.00340
10,high,2,6,20,1.20,true,0.03163,0.00196,0.32223,2.29274,0.00343,1.2355,0.0276,1.3806,0.24868,0.00353
10,hcp30,2,12,10,0.00,true,0.15438,0.00404,0.05993,1.90651,0.00450,0.4166,0.5945,0.4438,0.00571,0.00284
10,hcp30,2,12,10,0.10,true,0.16800,0.00418,0.06796,1.90099,0.00473,0.4680,0.5185,0.4564,0.00020,0.00203
10,hcp30,2,12,10,0.20,true,0.18163,0.00431,0.08118,1.90079,0.00499,0.5197,0.4379,0.4850,0.00000,0.00000
10,hcp30,2,12,10,0.30,true,0.19412,0.00442,0.09914,1.90660,0.00527,0.5815,0.3673,0.5290,0.00581,0.00209
10,hcp30,2,12,10,0.40,true,0.20037,0.00448,0.12104,1.92275,0.00552,0.6446,0.3025,0.5832,0.02196,0.00287
10,hcp30,2,12,10,0.50,true,0.20713,0.00453,0.14596,1.94156,0.00580,0.7161,0.2486,0.6489,0.04077,0.00351
10,hcp30,2,12,10,0.60,true,0.21013,0.00455,0.17316,1.96657,0.00604,0.7852,0.1986,0.7214,0.06577,0.00402
10,hcp30,2,12,10,0.70,true,0.20950,0.00455,0.20310,1.99815,0.00625,0.8649,0.1621,0.8011,0.09736,0.00447
10,hcp30,2,12,10,0.80,true,0.20750,0.00453,0.23436,2.03263,0.00645,0.9455,0.1300,0.8865,0.13184,0.00491
10,hcp30,2,12,10,0.90,true,0.20400,0.00451,0.26564,2.06880,0.00661,1.0280,0.1063,0.9730,0.16800,0.00530
10,hcp30,2,12,10,1.00,true,0.20000,0.00447,0.29771,2.10651,0.00676,1.1115,0.0841,1.0643,0.20572,0.00563
10,hcp30,2,12,10,1.10,true,0.19587,0.00444,0.32971,2.14451,0.00689,1.1996,0.0670,1.1588,0.24372,0.00592
10,hcp30,2,12,10,1.20,true,0.19125,0.00440,0.36095,2.18250,0.00700,1.2906,0.0543,1.2549,0.28171,0.00616
10,hcp30,2,12,15,0.00,true,0.09012,0.00320,0.14582,2.05917,0.00429,0.6061,0.5516,0.6517,0.00000,0.00000
10,hcp30,2,12,15,0.10,true,0.09775,0.00332,0.15475,2.06065,0.00448,0.6543,0.4946,0.6686,0.00148,0.00157
10,hcp30,2,12,15,0.20,true,0.10750,0.00346,0.16679,2.06328,0.00473,0.7116,0.4437,0.6967,0.00411,0.00226
10,hcp30,2,12,15,0.30,true,0.11163,0.00352,0.18274,2.07564,0.00492,0.7732,0.3969,0.7324,0.01647,0.00283
10,hcp30,2,12,15,0.40,true,0.11812,0.00361,0.20068,2.08777,0.00514,0.8302,0.3484,0.7773,0.02860,0.00334
10,hcp30,2,12,15,0.50,true,0.11937,0.00362,0.22160,2.10834,0.00531,0.8941,0.3072,0.8281,0.04918,0.00377
10,hcp30,2,12,15,0.60,true,0.11850,0.00361,0.24509,2.13386,0.00545,0.9644,0.2707,0.8866,0.07469,0.00417
10,hcp30,2,12,15,0.70,true,0.11987,0.00363,0.26990,2.15863,0.00562,1.0413,0.2400,0.9528,0.09947,0.00457
10,hcp30,2,12,15,0.80,true,0.11887,0.00362,0.29510,2.18633,0.00574,1.1118,0.2110,1.0211,0.12716,0.00495
10,hcp30,2,12,15,0.90,true,0.11950,0.00363,0.32197,2.21437,0.00589,1.1816,0.1773,1.0995,0.15520,0.00531
10,hcp30,2,12,15,1.00,true,0.11862,0.00362,0.34862,2.24388,0.00601,1.2582,0.1525,1.1799,0.18471,0.00562
10,hcp30,2,12,15,1.10,true,0.11737,0.00360,0.37485,2.27354,0.00611,1.3355,0.1310,1.2624,0.21437,0.00590
10,hcp30,2,12,15,1.20,true,0.11300,0.00354,0.40082,2.30622,0.00614,1.4128,0.1141,1.3432,0.24706,0.00610
10,hcp30,2,12,20,0.00,true,0.05575,0.00257,0.24152,2.19391,0.00425,0.8277,0.5263,0.8833,0.00000,0.00000
10,hcp30,2,12,20,0.10,true,0.05775,0.00261,0.24905,2.19977,0.00436,0.8839,0.4906,0.8994,0.00585,0.00127
10,hcp30,2,12,20,0.20,true,0.06062,0.00267,0.25905,2.20743,0.00449,0.9392,0.4531,0.9240,0.01351,0.00187
10,hcp30,2,12,20,0.30,true,0.06338,0.00272,0.27119,2.21754,0.00463,0.9975,0.4183,0.9552,0.02363,0.00236
10,hcp30,2,12,20,0.40,true,0.06400,0.00274,0.28546,2.23212,0.00473,1.0600,0.3874,0.9916,0.03821,0.00281
10,hcp30,2,12,20,0.50,true,0.06625,0.00278,0.30187,2.24747,0.00488,1.1228,0.3535,1.0375,0.05356,0.00329
10,hcp30,2,12,20,0.60,true,0.06688,0.00279,0.31922,2.26557,0.00499,1.1792,0.3192,1.0867,0.07166,0.00368
10,hcp30,2,12,20,0.70,true,0.06688,0.00279,0.33723,2.28509,0.00508,1.2367,0.2887,1.1393,0.09117,0.00405
10,hcp30,2,12,20,0.80,true,0.06800,0.00281,0.35720,2.30577,0.00520,1.3034,0.2593,1.2018,0.11186,0.00442
10,hcp30,2,12,20,0.90,true,0.06713,0.00280,0.37679,2.32816,0.00527,1.3690,0.2348,1.2639,0.13425,0.00473
10,hcp30,2,12,20,1.00,true,0.06638,0.00278,0.39823,2.35262,0.00535,1.4364,0.2079,1.3349,0.15870,0.00504
10,hcp30,2,12,20,1.10,true,0.06563,0.00277,0.42022,2.37785,0.00542,1.5089,0.1842,1.4109,0.18394,0.00534
10,hcp30,2,12,20,1.20,true,0.06488,0.00275,0.44191,2.40290,0.00547,1.5866,0.1660,1.4882,0.20899,0.00561
10,hcp30,2,3,10,0.00,true,0.11200,0.00353,0.07705,1.96651,0.00410,0.3372,0.5548,0.4520,0.02127,0.00425
10,hcp30,2,3,10,0.10,true,0.13750,0.00385,0.08202,1.94611,0.00448,0.4402,0.4812,0.4682,0.00087,0.00277
10,hcp30,2,3,10,0.20,true,0.15063,0.00400,0.09394,1.94524,0.00474,0.5015,0.4053,0.5001,0.00000,0.00000
10,hcp30,2,3,10,0.30,true,0.16187,0.00412,0.11177,1.95238,0.00502,0.5712,0.3420,0.5475,0.00713,0.00252
10,hcp30,2,3,10,0.40,true,0.16812,0.00418,0.13223,1.96726,0.00525,0.6303,0.2822,0.6002,0.02202,0.00358
10,hcp30,2,3,10,0.50,true,0.16800,0.00418,0.15640,1.99244,0.00543,0.6964,0.2357,0.6599,0.04720,0.00422
10,hcp30,2,3,10,0.60,true,0.16475,0.00415,0.18851,2.02909,0.00562,0.7777,0.1904,0.7385,0.08385,0.00485
10,hcp30,2,3,10,0.70,true,0.16250,0.00412,0.21866,2.06285,0.00579,0.8514,0.1573,0.8136,0.11761,0.00540
10,hcp30,2,3,10,0.80,true,0.16000,0.00410,0.25084,2.09917,0.00595,0.9291,0.1271,0.8959,0.15393,0.00576
10,hcp30,2,3,10,0.90,true,0.15625,0.00406,0.28404,2.13801,0.00609,1.0103,0.1027,0.9822,0.19277,0.00608
10,hcp30,2,3,10,1.00,true,0.15163,0.00401,0.31787,2.17860,0.00620,1.0962,0.0834,1.0730,0.23336,0.00636
10,hcp30,2,3,10,1.10,true,0.14438,0.00393,0.35100,2.22139,0.00626,1.1812,0.0684,1.1625,0.27615,0.00651
10,hcp30,2,3,10,1.20,true,0.14025,0.00388,0.38463,2.26185,0.00634,1.2727,0.0544,1.2608,0.31661,0.00672
10,hcp30,2,3,15,0.00,true,0.06125,0.00268,0.17464,2.11830,0.00397,0.4416,0.5386,0.6712,0.00797,0.00323
10,hcp30,2,3,15,0.10,true,0.07450,0.00294,0.17970,2.11033,0.00425,0.6158,0.4761,0.6872,0.00000,0.00000
10,hcp30,2,3,15,0.20,true,0.08213,0.00307,0.19031,2.11381,0.00446,0.6855,0.4306,0.7156,0.00348,0.00263
10,hcp30,2,3,15,0.30,true,0.08712,0.00315,0.20639,2.12569,0.00465,0.7588,0.3816,0.7570,0.01536,0.00356
10,hcp30,2,3,15,0.40,true,0.08925,0.00319,0.22446,2.14260,0.00480,0.8262,0.3407,0.8025,0.03227,0.00422
10,hcp30,2,3,15,0.50,true,0.08737,0.00316,0.24541,2.16662,0.00489,0.8914,0.3024,0.8529,0.05629,0.00468
10,hcp30,2,3,15,0.60,true,0.08825,0.00317,0.26778,2.18952,0.00502,0.9560,0.2658,0.9103,0.07919,0.00503
10,hcp30,2,3,15,0.70,true,0.08712,0.00315,0.29234,2.21687,0.00513,1.0243,0.2331,0.9742,0.10655,0.00533
10,hcp30,2,3,15,0.80,true,0.08675,0.00315,0.31728,2.24405,0.00524,1.0939,0.2034,1.0428,0.13373,0.00562
10,hcp30,2,3,15,0.90,true,0.08438,0.00311,0.34468,2.27602,0.00532,1.1704,0.1773,1.1189,0.16570,0.00585
10,hcp30,2,3,15,1.00,true,0.08388,0.00310,0.37105,2.30524,0.00542,1.2440,0.1524,1.1979,0.19492,0.00607
10,hcp30,2,3,15,1.10,true,0.07812,0.00300,0.39890,2.34151,0.00540,1.3217,0.1327,1.2779,0.23118,0.00618
10,hcp30,2,3,15,1.20,true,0.07612,0.00297,0.42493,2.37233,0.00545,1.3983,0.1142,1.3607,0.26200,0.00630
10,hcp30,2,3,20,0.00,true,0.04462,0.00231,0.27298,2.23868,0.00418,0.5941,0.5292,0.9045,0.00000,0.00000
10,hcp30,2,3,20,0.10,true,0.05063,0.00245,0.27858,2.23868,0.00434,0.8146,0.4837,0.9219,0.00000,0.00275
10,hcp30,2,3,20,0.20,true,0.05237,0.00249,0.28787,2.24687,0.00443,0.8905,0.4455,0.9464,0.00819,0.00356
10,hcp30,2,3,20,0.30,true,0.05200,0.00248,0.29982,2.26007,0.00447,0.9536,0.4076,0.9775,0.02139,0.00395
10,hcp30,2,3,20,0.40,true,0.05350,0.00252,0.31439,2.27428,0.00457,1.0230,0.3748,1.0183,0.03560,0.00426
10,hcp30,2,3,20,0.50,true,0.05412,0.00253,0.33069,2.29136,0.00465,1.0928,0.3449,1.0649,0.05268,0.00450
10,hcp30,2,3,20,0.60,true,0.05362,0.00252,0.34797,2.31072,0.00471,1.1518,0.3120,1.1147,0.07204,0.00477
10,hcp30,2,3,20,0.70,true,0.05212,0.00249,0.36577,2.33182,0.00476,1.2137,0.2833,1.1678,0.09314,0.00499
10,hcp30,2,3,20,0.80,true,0.05162,0.00247,0.38488,2.35349,0.00482,1.2844,0.2589,1.2280,0.11481,0.00521
10,hcp30,2,3,20,0.90,true,0.05200,0.00248,0.40477,2.37528,0.00490,1.3537,0.2340,1.2940,0.13660,0.00542
10,hcp30,2,3,20,1.00,true,0.05200,0.00248,0.42470,2.39768,0.00497,1.4258,0.2127,1.3624,0.15900,0.00563
10,hcp30,2,3,20,1.10,true,0.05000,0.00244,0.44499,2.42264,0.00498,1.4929,0.1908,1.4321,0.18396,0.00581
10,hcp30,2,3,20,1.20,true,0.04763,0.00238,0.46490,2.44776,0.00498,1.5617,0.1719,1.5030,0.20908,0.00595
10,hcp30,2,6,10,0.00,true,0.12100,0.00365,0.06721,1.94720,0.00414,0.4198,0.5523,0.4524,0.00783,0.00197
10,hcp30,2,6,10,0.10,true,0.13237,0.00379,0.07056,1.93936,0.00431,0.4718,0.4727,0.4721,0.00000,0.00000
10,hcp30,2,6,10,0.20,true,0.14175,0.00390,0.07968,1.93948,0.00450,0.5257,0.3940,0.5065,0.00012,0.00182
10,hcp30,2,6,10,0.30,true,0.15025,0.00399,0.09399,1.94583,0.00472,0.5923,0.3282,0.5558,0.00647,0.00266
10,hcp30,2,6,10,0.40,true,0.15275,0.00402,0.11269,1.96278,0.00490,0.6578,0.2684,0.6139,0.02342,0.00322
10,hcp30,2,6,10,0.50,true,0.15538,0.00405,0.13580,1.98424,0.00511,0.7313,0.2158,0.6850,0.04488,0.00379
10,hcp30,2,6,10,0.60,true,0.15413,0.00404,0.16102,2.01188,0.00527,0.8061,0.1753,0.7592,0.07251,0.00425
10,hcp30,2,6,10,0.70,true,0.14900,0.00398,0.18917,2.04657,0.00540,0.8848,0.1429,0.8387,0.10721,0.00464
10,hcp30,2,6,10,0.80,true,0.14275,0.00391,0.22045,2.08583,0.00551,0.9644,0.1102,0.9264,0.14647,0.00507
10,hcp30,2,6,10,0.90,true,0.13687,0.00384,0.25308,2.12633,0.00562,1.0546,0.0896,1.0188,0.18696,0.00544
10,hcp30,2,6,10,1.00,true,0.13050,0.00377,0.28606,2.16790,0.00569,1.1420,0.0703,1.1130,0.22854,0.00579
10,hcp30,2,6,10,1.10,true,0.12112,0.00365,0.32221,2.21609,0.00571,1.2405,0.0567,1.2148,0.27673,0.00612
10,hcp30,2,6,10,1.20,true,0.11338,0.00354,0.35327,2.25745,0.00571,1.3288,0.0484,1.3047,0.31809,0.00631
10,hcp30,2,6,15,0.00,true,0.06513,0.00276,0.16881,2.10759,0.00395,0.6223,0.5364,0.6895,0.00000,0.00000
10,hcp30,2,6,15,0.10,true,0.06713,0.00280,0.17183,2.10900,0.00401,0.6743,0.4864,0.7049,0.00141,0.00127
10,hcp30,2,6,15,0.20,true,0.07175,0.00289,0.17902,2.11217,0.00415,0.7292,0.4340,0.7335,0.00459,0.00205
10,hcp30,2,6,15,0.30,true,0.07250,0.00290,0.18969,2.12289,0.00424,0.7874,0.3877,0.7681,0.01530,0.00257
10,hcp30,2,6,15,0.40,true,0.07450,0.00294,0.20387,2.13608,0.00437,0.8529,0.3456,0.8133,0.02849,0.00314
10,hcp30,2,6,15,0.50,true,0.07562,0.00296,0.22045,2.15276,0.00450,0.9171,0.3057,0.8649,0.04517,0.00363
10,hcp30,2,6,15,0.60,true,0.07525,0.00295,0.23958,2.17371,0.00461,0.9855,0.2698,0.9232,0.06612,0.00406
10,hcp30,2,6,15,0.70,true,0.07462,0.00294,0.26035,2.19674,0.00471,1.0508,0.2349,0.9864,0.08915,0.00447
10,hcp30,2,6,15,0.80,true,0.07412,0.00293,0.28368,2.22248,0.00482,1.1262,0.2047,1.0592,0.11489,0.00494
10,hcp30,2,6,15,0.90,true,0.07237,0.00290,0.30801,2.25072,0.00491,1.2023,0.1777,1.1352,0.14313,0.00530
10,hcp30,2,6,15,1.00,true,0.07037,0.00286,0.33161,2.27855,0.00497,1.2760,0.1552,1.2106,0.17097,0.00559
10,hcp30,2,6,15,1.10,true,0.06775,0.00281,0.35669,2.30878,0.00502,1.3569,0.1361,1.2920,0.20120,0.00586
10,hcp30,2,6,15,1.20,true,0.06438,0.00274,0.38114,2.33924,0.00504,1.4320,0.1176,1.3726,0.23165,0.00608
10,hcp30,2,6,20,0.00,true,0.03975,0.00218,0.25937,2.22812,0.00391,0.8217,0.5190,0.9052,0.00000,0.00000
10,hcp30,2,6,20,0.10,true,0.04275,0.00226,0.26270,2.22902,0.00400,0.8720,0.4790,0.9237,0.00090,0.00116
10,hcp30,2,6,20,0.20,true,0.04362,0.00228,0.26894,2.23516,0.00405,0.9250,0.4398,0.9488,0.00704,0.00178
10,hcp30,2,6,20,0.30,true,0.04487,0.00231,0.27766,2.24361,0.00414,0.9894,0.4081,0.9810,0.01549,0.00226
10,hcp30,2,6,20,0.40,true,0.04525,0.00232,0.28879,2.25558,0.00421,1.0397,0.3676,1.0202,0.02746,0.00278
10,hcp30,2,6,20,0.50,true,0.04462,0.00231,0.30239,2.27125,0.00427,1.1062,0.3365,1.0665,0.04313,0.00327
10,hcp30,2,6,20,0.60,true,0.04325,0.00227,0.31716,2.28903,0.00431,1.1652,0.3039,1.1163,0.06091,0.00367
10,hcp30,2,6,20,0.70,true,0.04350,0.00228,0.33311,2.30654,0.00440,1.2270,0.2734,1.1725,0.07843,0.00405
10,hcp30,2,6,20,0.80,true,0.04387,0.00229,0.35049,2.32558,0.00448,1.2953,0.2463,1.2353,0.09747,0.00444
10,hcp30,2,6,20,0.90,true,0.04238,0.00225,0.36824,2.34705,0.00452,1.3650,0.2235,1.2990,0.11893,0.00472
10,hcp30,2,6,20,1.00,true,0.04288,0.00226,0.38694,2.36767,0.00461,1.4371,0.2007,1.3699,0.13955,0.00502
10,hcp30,2,6,20,1.10,true,0.03887,0.00216,0.40652,2.39384,0.00457,1.5049,0.1800,1.4390,0.16572,0.00525
10,hcp30,2,6,20,1.20,true,0.03675,0.00210,0.42615,2.41837,0.00458,1.5727,0.1588,1.5130,0.19025,0.00546
10,tour,3,12,10,0.00,true,0.34013,0.00530,0.00006,1.65994,0.00530,0.1663,0.6774,0.1928,0.15509,0.00549
10,tour,3,12,10,0.10,true,0.43012,0.00554,0.00023,1.57011,0.00554,0.2171,0.4718,0.2082,0.06525,0.00459
10,tour,3,12,10,0.20,true,0.48113,0.00559,0.00073,1.51960,0.00559,0.2807,0.2799,0.2594,0.01475,0.00354
10,tour,3,12,10,0.30,true,0.49625,0.00559,0.00197,1.50572,0.00561,0.3538,0.1387,0.3378,0.00087,0.00231
10,tour,3,12,10,0.40,true,0.49962,0.00559,0.00448,1.50485,0.00564,0.4362,0.0512,0.4335,0.00000,0.00000
10,tour,3,12,10,0.50,true,0.48750,0.00559,0.00879,1.52129,0.00569,0.5240,0.0210,0.5263,0.01644,0.00180
10,tour,3,12,10,0.60,true,0.47425,0.00558,0.01562,1.54137,0.00576,0.6169,0.0081,0.6219,0.03652,0.00239
10,tour,3,12,10,0.70,true,0.45913,0.00557,0.02584,1.56672,0.00585,0.7146,0.0023,0.7210,0.06187,0.00282
10,tour,3,12,10,0.80,true,0.44075,0.00555,0.04045,1.59970,0.00598,0.8205,0.0004,0.8270,0.09484,0.00324
10,tour,3,12,10,0.90,true,0.42775,0.00553,0.05555,1.62780,0.00610,0.9111,0.0000,0.9173,0.12295,0.00351
10,tour,3,12,10,1.00,true,0.41275,0.00550,0.07485,1.66210,0.00625,1.0120,0.0000,1.0177,0.15725,0.00383
10,tour,3,12,10,1.10,true,0.39963,0.00548,0.09576,1.69613,0.00640,1.1116,0.0000,1.1170,0.19128,0.00409
10,tour,3,12,10,1.20,true,0.38625,0.00544,0.11838,1.73213,0.00655,1.2119,0.0000,1.2169,0.22728,0.00436
10,tour,3,12,15,0.00,true,0.22200,0.00465,0.00079,1.77879,0.00465,0.2461,0.6080,0.2780,0.08928,0.00454
10,tour,3,12,15,0.10,true,0.25925,0.00490,0.00160,1.74235,0.00491,0.2893,0.4720,0.2888,0.05284,0.00393
10,tour,3,12,15,0.20,true,0.29075,0.00508,0.00333,1.71258,0.00510,0.3423,0.3377,0.3250,0.02307,0.00316
10,tour,3,12,15,0.30,true,0.30988,0.00517,0.00640,1.69652,0.00522,0.4091,0.2333,0.3834,0.00701,0.00217
10,tour,3,12,15,0.40,true,0.32212,0.00522,0.01164,1.68951,0.00532,0.4809,0.1385,0.4628,0.00000,0.00000
10,tour,3,12,15,0.50,true,0.31975,0.00521,0.01928,1.69953,0.00538,0.5622,0.0832,0.5495,0.01002,0.00191
10,tour,3,12,15,0.60,true,0.31662,0.00520,0.02859,1.71196,0.00545,0.6413,0.0505,0.6345,0.02245,0.00249
10,tour,3,12,15,0.70,true,0.30825,0.00516,0.04179,1.73354,0.00552,0.7318,0.0293,0.7298,0.04403,0.00294
10,tour,3,12,15,0.80,true,0.30075,0.00513,0.05877,1.75802,0.00562,0.8290,0.0129,0.8336,0.06851,0.00323
10,tour,3,12,15,0.90,true,0.28987,0.00507,0.07639,1.78652,0.00569,0.9174,0.0067,0.9241,0.09700,0.00351
10,tour,3,12,15,1.00,true,0.28187,0.00503,0.09735,1.81548,0.00580,1.0150,0.0031,1.0231,0.12596,0.00373
10,tour,3,12,15,1.10,true,0.26925,0.00496,0.12098,1.85173,0.00588,1.1138,0.0017,1.1219,0.16222,0.00399
10,tour,3,12,15,1.20,true,0.26000,0.00490,0.14607,1.88608,0.00598,1.2140,0.0005,1.2227,0.19656,0.00420
10,tour,3,12,20,0.00,true,0.14613,0.00395,0.00359,1.85746,0.00397,0.3233,0.5689,0.3683,0.03928,0.00359
10,tour,3,12,20,0.10,true,0.16412,0.00414,0.00554,1.84142,0.00418,0.3645,0.4660,0.3790,0.02324,0.00310
10,tour,3,12,20,0.20,true,0.18075,0.00430,0.00900,1.82825,0.00436,0.4191,0.3729,0.4081,0.01007,0.00251
10,tour,3,12,20,0.30,true,0.19425,0.00442,0.01423,1.81998,0.00452,0.4781,0.2882,0.4537,0.00180,0.00183
10,tour,3,12,20,0.40,true,0.20363,0.00450,0.02181,1.81818,0.00466,0.5418,0.2106,0.5153,0.00000,0.00000
10,tour,3,12,20,0.50,true,0.20425,0.00451,0.03152,1.82727,0.00473,0.6115,0.1547,0.5847,0.00909,0.00160
10,tour,3,12,20,0.60,true,0.20850,0.00454,0.04408,1.83558,0.00486,0.6887,0.1063,0.6680,0.01740,0.00230
10,tour,3,12,20,0.70,true,0.20713,0.00453,0.05828,1.85115,0.00495,0.7626,0.0703,0.7507,0.03297,0.00268
10,tour,3,12,20,0.80,true,0.20237,0.00449,0.07576,1.87338,0.00503,0.8457,0.0447,0.8414,0.05520,0.00299
10,tour,3,12,20,0.90,true,0.19887,0.00446,0.09521,1.89634,0.00513,0.9353,0.0301,0.9348,0.07816,0.00325
10,tour,3,12,20,1.00,true,0.19412,0.00442,0.11700,1.92288,0.00522,1.0252,0.0171,1.0311,0.10470,0.00344
10,tour,3,12,20,1.10,true,0.18937,0.00438,0.14037,1.95100,0.00532,1.1192,0.0099,1.1285,0.13282,0.00362
10,tour,3,12,20,1.20,true,0.18388,0.00433,0.16524,1.98136,0.00540,1.2155,0.0058,1.2266,0.16318,0.00381
10,tour,3,3,10,0.00,true,0.19437,0.00442,0.00009,1.80572,0.00442,0.1000,0.5809,0.2055,0.14868,0.00596
10,tour,3,3,10,0.10,true,0.28437,0.00504,0.00019,1.71582,0.00505,0.2011,0.3857,0.2275,0.05878,0.00500
10,tour,3,3,10,0.20,true,0.32212,0.00522,0.00057,1.67845,0.00523,0.2631,0.2386,0.2756,0.02141,0.00390
10,tour,3,3,10,0.30,true,0.34250,0.00531,0.00166,1.65916,0.00532,0.3307,0.1234,0.3474,0.00212,0.00257
10,tour,3,3,10,0.40,true,0.34700,0.00532,0.00404,1.65704,0.00536,0.4098,0.0567,0.4327,0.00000,0.00000
10,tour,3,3,10,0.50,true,0.34425,0.00531,0.00822,1.66397,0.00538,0.4913,0.0254,0.5182,0.00693,0.00239
10,tour,3,3,10,0.60,true,0.33887,0.00529,0.01537,1.67649,0.00542,0.5820,0.0117,0.6109,0.01945,0.00317
10,tour,3,3,10,0.70,true,0.33300,0.00527,0.02578,1.69278,0.00549,0.6744,0.0036,0.7055,0.03574,0.00368
10,tour,3,3,10,0.80,true,0.32550,0.00524,0.04104,1.71554,0.00558,0.7777,0.0011,0.8096,0.05850,0.00412
10,tour,3,3,10,0.90,true,0.31675,0.00520,0.05822,1.74147,0.00568,0.8693,0.0000,0.9028,0.08443,0.00452
10,tour,3,3,10,1.00,true,0.30800,0.00516,0.07963,1.77163,0.00581,0.9660,0.0000,1.0004,0.11459,0.00484
10,tour,3,3,10,1.10,true,0.29862,0.00512,0.10398,1.80536,0.00594,1.0631,0.0000,1.0988,0.14832,0.00516
10,tour,3,3,10,1.20,true,0.28600,0.00505,0.13092,1.84492,0.00605,1.1601,0.0000,1.1971,0.18788,0.00543
10,tour,3,3,15,0.00,true,0.11500,0.00357,0.00147,1.88647,0.00357,0.1466,0.5620,0.2985,0.07794,0.00538
10,tour,3,3,15,0.10,true,0.15563,0.00405,0.00198,1.84635,0.00406,0.2653,0.4139,0.3159,0.03782,0.00479
10,tour,3,3,15,0.20,true,0.17888,0.00428,0.00344,1.82456,0.00431,0.3288,0.3017,0.3547,0.01603,0.00421
10,tour,3,3,15,0.30,true,0.19300,0.00441,0.00632,1.81332,0.00445,0.3912,0.2103,0.4096,0.00479,0.00344
10,tour,3,3,15,0.40,true,0.20112,0.00448,0.01121,1.81008,0.00456,0.4594,0.1389,0.4787,0.00155,0.00240
10,tour,3,3,15,0.50,true,0.20988,0.00455,0.01841,1.80854,0.00468,0.5319,0.0859,0.5573,0.00000,0.00000
10,tour,3,3,15,0.60,true,0.20900,0.00455,0.02869,1.81969,0.00474,0.6112,0.0520,0.6417,0.01116,0.00222
10,tour,3,3,15,0.70,true,0.20663,0.00453,0.04196,1.83534,0.00482,0.6935,0.0303,0.7288,0.02680,0.00303
10,tour,3,3,15,0.80,true,0.19762,0.00445,0.05852,1.86090,0.00485,0.7777,0.0168,0.8167,0.05236,0.00356
10,tour,3,3,15,0.90,true,0.19737,0.00445,0.07877,1.88139,0.00498,0.8715,0.0089,0.9134,0.07286,0.00404
10,tour,3,3,15,1.00,true,0.19162,0.00440,0.10201,1.91039,0.00507,0.9657,0.0048,1.0093,0.10185,0.00441
10,tour,3,3,15,1.10,true,0.18413,0.00433,0.12786,1.94374,0.00515,1.0607,0.0023,1.1060,0.13521,0.00472
10,tour,3,3,15,1.20,true,0.17950,0.00429,0.15420,1.97471,0.00525,1.1544,0.0015,1.2003,0.16617,0.00497
10,tour,3,3,20,0.00,true,0.08538,0.00312,0.00669,1.92131,0.00316,0.1957,0.5453,0.3957,0.03432,0.00436
10,tour,3,3,20,0.10,true,0.10600,0.00344,0.00778,1.90178,0.00348,0.3226,0.4340,0.4089,0.01479,0.00355
10,tour,3,3,20,0.20,true,0.12125,0.00365,0.01060,1.88935,0.00371,0.3959,0.3432,0.4425,0.00236,0.00248
10,tour,3,3,20,0.30,true,0.12837,0.00374,0.01537,1.88699,0.00383,0.4610,0.2692,0.4887,0.00000,0.00000
10,tour,3,3,20,0.40,true,0.13437,0.00381,0.02224,1.88787,0.00395,0.5205,0.1993,0.5454,0.00088,0.00240
10,tour,3,3,20,0.50,true,0.14188,0.00390,0.03187,1.89000,0.00410,0.5898,0.1446,0.6161,0.00301,0.00333
10,tour,3,3,20,0.60,true,0.14288,0.00391,0.04386,1.90099,0.00419,0.6601,0.1046,0.6891,0.01400,0.00378
10,tour,3,3,20,0.70,true,0.14213,0.00390,0.05955,1.91743,0.00428,0.7379,0.0724,0.7722,0.03044,0.00416
10,tour,3,3,20,0.80,true,0.13975,0.00388,0.07753,1.93778,0.00436,0.8180,0.0506,0.8563,0.05079,0.00446
10,tour,3,3,20,0.90,true,0.13650,0.00384,0.09852,1.96202,0.00445,0.9018,0.0340,0.9449,0.07503,0.00473
10,tour,3,3,20,1.00,true,0.13362,0.00380,0.12213,1.98851,0.00454,0.9901,0.0219,1.0380,0.10152,0.00493
10,tour,3,3,20,1.10,true,0.12950,0.00375,0.14694,2.01745,0.00461,1.0777,0.0144,1.1288,0.13046,0.00506
10,tour,3,3,20,1.20,true,0.12512,0.00370,0.17342,2.04830,0.00468,1.1697,0.0106,1.2221,0.16131,0.00519
10,tour,3,6,10,0.00,true,0.24863,0.00483,0.00008,1.75146,0.00483,0.1664,0.5982,0.2032,0.10860,0.00462
10,tour,3,6,10,0.10,true,0.30775,0.00516,0.00005,1.69230,0.00516,0.2179,0.4063,0.2227,0.04944,0.00369
10,tour,3,6,10,0.20,true,0.34513,0.00532,0.00012,1.65499,0.00532,0.2785,0.2281,0.2762,0.01214,0.00258
10,tour,3,6,10,0.30,true,0.35750,0.00536,0.00036,1.64286,0.00536,0.3509,0.1043,0.3543,0.00000,0.00000
10,tour,3,6,10,0.40,true,0.35163,0.00534,0.00093,1.64931,0.00535,0.4335,0.0443,0.4419,0.00645,0.00202
10,tour,3,6,10,0.50,true,0.33987,0.00530,0.00218,1.66231,0.00531,0.5283,0.0157,0.5404,0.01945,0.00263
10,tour,3,6,10,0.60,true,0.32362,0.00523,0.00447,1.68084,0.00527,0.6246,0.0059,0.6372,0.03798,0.00300
10,tour,3,6,10,0.70,true,0.30762,0.00516,0.00828,1.70066,0.00522,0.7223,0.0027,0.7341,0.05780,0.00330
10,tour,3,6,10,0.80,true,0.28687,0.00506,0.01460,1.72773,0.00517,0.8276,0.0009,0.8389,0.08487,0.00361
10,tour,3,6,10,0.90,true,0.26963,0.00496,0.02286,1.75323,0.00513,0.9247,0.0000,0.9356,0.11038,0.00386
10,tour,3,6,10,1.00,true,0.25138,0.00485,0.03386,1.78249,0.00509,1.0242,0.0000,1.0343,0.13963,0.00409
10,tour,3,6,10,1.10,true,0.22775,0.00469,0.04778,1.82004,0.00500,1.1237,0.0000,1.1331,0.17718,0.00436
10,tour,3,6,10,1.20,true,0.20225,0.00449,0.06548,1.86324,0.00489,1.2297,0.0000,1.2385,0.22038,0.00463
10,tour,3,6,15,0.00,true,0.14238,0.00391,0.00112,1.85874,0.00391,0.2389,0.5552,0.2954,0.05361,0.00385
10,tour,3,6,15,0.10,true,0.16800,0.00418,0.00083,1.83283,0.00418,0.2882,0.4246,0.3121,0.02770,0.00333
10,tour,3,6,15,0.20,true,0.18313,0.00432,0.00104,1.81792,0.00433,0.3421,0.3001,0.3503,0.01278,0.00270
10,tour,3,6,15,0.30,true,0.19250,0.00441,0.00183,1.80933,0.00442,0.4066,0.2005,0.4084,0.00420,0.00196
10,tour,3,6,15,0.40,true,0.19825,0.00446,0.00338,1.80513,0.00448,0.4803,0.1241,0.4838,0.00000,0.00000
10,tour,3,6,15,0.50,true,0.19612,0.00444,0.00598,1.80985,0.00448,0.5600,0.0746,0.5670,0.00472,0.00156
10,tour,3,6,15,0.60,true,0.19075,0.00439,0.00993,1.81918,0.00445,0.6438,0.0437,0.6545,0.01405,0.00204
10,tour,3,6,15,0.70,true,0.17963,0.00429,0.01586,1.83623,0.00439,0.7351,0.0229,0.7499,0.03110,0.00246
10,tour,3,6,15,0.80,true,0.16887,0.00419,0.02383,1.85496,0.00433,0.8305,0.0141,0.8454,0.04982,0.00273
10,tour,3,6,15,0.90,true,0.15600,0.00406,0.03425,1.87826,0.00425,0.9266,0.0081,0.9423,0.07312,0.00303
10,tour,3,6,15,1.00,true,0.14525,0.00394,0.04721,1.90197,0.00420,1.0251,0.0026,1.0431,0.09684,0.00330
10,tour,3,6,15,1.10,true,0.13275,0.00379,0.06284,1.93010,0.00413,1.1267,0.0006,1.1449,0.12497,0.00352
10,tour,3,6,15,1.20,true,0.12012,0.00363,0.07981,1.95971,0.00404,1.2244,0.0003,1.2416,0.15458,0.00371
10,tour,3,6,20,0.00,true,0.09312,0.00325,0.00496,1.91183,0.00327,0.3203,0.5315,0.3958,0.02855,0.00303
10,tour,3,6,20,0.10,true,0.10650,0.00345,0.00429,1.89779,0.00347,0.3655,0.4331,0.4106,0.01451,0.00266
10,tour,3,6,20,0.20,true,0.11450,0.00356,0.00467,1.89017,0.00358,0.4188,0.3412,0.4421,0.00689,0.00227
10,tour,3,6,20,0.30,true,0.12175,0.00366,0.00612,1.88437,0.00369,0.4766,0.2570,0.4897,0.00110,0.00158
10,tour,3,6,20,0.40,true,0.12550,0.00370,0.00878,1.88328,0.00375,0.5420,0.1887,0.5506,0.00000,0.00000
10,tour,3,6,20,0.50,true,0.12625,0.00371,0.01291,1.88666,0.00378,0.6134,0.1339,0.6223,0.00338,0.00140
10,tour,3,6,20,0.60,true,0.12525,0.00370,0.01858,1.89333,0.00380,0.6897,0.0905,0.7028,0.01005,0.00199
10,tour,3,6,20,0.70,true,0.12112,0.00365,0.02610,1.90498,0.00379,0.7727,0.0624,0.7879,0.02170,0.00227
10,tour,3,6,20,0.80,true,0.11438,0.00356,0.03563,1.92126,0.00375,0.8571,0.0399,0.8770,0.03799,0.00255
10,tour,3,6,20,0.90,true,0.10662,0.00345,0.04725,1.94063,0.00370,0.9478,0.0266,0.9696,0.05736,0.00278
10,tour,3,6,20,1.00,true,0.09838,0.00333,0.06134,1.96298,0.00365,1.0409,0.0153,1.0666,0.07970,0.00299
10,tour,3,6,20,1.10,true,0.09025,0.00320,0.07695,1.98672,0.00359,1.1346,0.0087,1.1622,0.10345,0.00318
10,tour,3,6,20,1.20,true,0.08075,0.00305,0.09470,2.01398,0.00350,1.2344,0.0069,1.2600,0.13071,0.00338
10,scratch,3,12,10,0.00,true,0.29675,0.00511,0.00018,1.70343,0.00511,0.1796,0.6504,0.2069,0.13305,0.00493
10,scratch,3,12,10,0.10,true,0.37475,0.00541,0.00053,1.62578,0.00542,0.2278,0.4596,0.2227,0.05540,0.00396
10,scratch,3,12,10,0.20,true,0.41625,0.00551,0.00151,1.58526,0.00553,0.2888,0.2852,0.2703,0.01488,0.00265
10,scratch,3,12,10,0.30,true,0.43338,0.00554,0.00375,1.57038,0.00558,0.3607,0.1531,0.3449,0.00000,0.00000
10,scratch,3,12,10,0.40,true,0.43338,0.00554,0.00806,1.57469,0.00562,0.4404,0.0664,0.4359,0.00431,0.00233
10,scratch,3,12,10,0.50,true,0.42738,0.00553,0.01480,1.58743,0.00568,0.5267,0.0288,0.5286,0.01705,0.00293
10,scratch,3,12,10,0.60,true,0.41237,0.00550,0.02507,1.61270,0.00576,0.6173,0.0119,0.6228,0.04232,0.00332
10,scratch,3,12,10,0.70,true,0.39900,0.00547,0.03920,1.64021,0.00586,0.7145,0.0060,0.7206,0.06983,0.00361
10,scratch,3,12,10,0.80,true,0.38375,0.00544,0.05857,1.67482,0.00600,0.8194,0.0012,0.8272,0.10444,0.00393
10,scratch,3,12,10,0.90,true,0.37212,0.00540,0.07768,1.70555,0.00613,0.9099,0.0004,0.9175,0.13517,0.00415
10,scratch,3,12,10,1.00,true,0.36012,0.00537,0.10116,1.74103,0.00628,1.0096,0.0000,1.0170,0.17066,0.00438
10,scratch,3,12,10,1.10,true,0.34687,0.00532,0.12687,1.78000,0.00643,1.1094,0.0000,1.1163,0.20963,0.00463
10,scratch,3,12,10,1.20,true,0.33513,0.00528,0.15354,1.81843,0.00658,1.2083,0.0000,1.2150,0.24805,0.00485
10,scratch,3,12,15,0.00,true,0.18425,0.00433,0.00182,1.81757,0.00435,0.2613,0.5873,0.3008,0.05816,0.00377
10,scratch,3,12,15,0.10,true,0.21388,0.00458,0.00337,1.78949,0.00461,0.3073,0.4643,0.3133,0.03009,0.00311
10,scratch,3,12,15,0.20,true,0.23650,0.00475,0.00641,1.76991,0.00480,0.3601,0.3414,0.3483,0.01050,0.00211
10,scratch,3,12,15,0.30,true,0.25200,0.00485,0.01141,1.75941,0.00494,0.4221,0.2418,0.4025,0.00000,0.00000
10,scratch,3,12,15,0.40,true,0.25988,0.00490,0.01931,1.75944,0.00506,0.4930,0.1550,0.4766,0.00003,0.00211
10,scratch,3,12,15,0.50,true,0.26125,0.00491,0.03024,1.76899,0.00515,0.5697,0.0941,0.5606,0.00959,0.00272
10,scratch,3,12,15,0.60,true,0.25575,0.00488,0.04318,1.78743,0.00522,0.6475,0.0618,0.6420,0.02802,0.00317
10,scratch,3,12,15,0.70,true,0.25088,0.00485,0.06046,1.80959,0.00532,0.7364,0.0380,0.7356,0.05019,0.00348
10,scratch,3,12,15,0.80,true,0.24238,0.00479,0.08264,1.84026,0.00542,0.8350,0.0216,0.8388,0.08086,0.00381
10,scratch,3,12,15,0.90,true,0.23475,0.00474,0.10437,1.86962,0.00551,0.9199,0.0103,0.9292,0.11022,0.00403
10,scratch,3,12,15,1.00,true,0.22537,0.00467,0.13025,1.90489,0.00560,1.0167,0.0063,1.0267,0.14548,0.00425
10,scratch,3,12,15,1.10,true,0.21750,0.00461,0.15760,1.94011,0.00570,1.1130,0.0029,1.1245,0.18070,0.00443
10,scratch,3,12,15,1.20,true,0.20913,0.00455,0.18684,1.97773,0.00579,1.2128,0.0016,1.2244,0.21832,0.00460
10,scratch,3,12,20,0.00,true,0.11650,0.00359,0.00744,1.89094,0.00363,0.3448,0.5543,0.4043,0.01788,0.00288
10,scratch,3,12,20,0.10,true,0.13125,0.00378,0.01064,1.87939,0.00384,0.3878,0.4610,0.4164,0.00633,0.00238
10,scratch,3,12,20,0.20,true,0.14150,0.00390,0.01597,1.87447,0.00400,0.4409,0.3738,0.4444,0.00141,0.00165
10,scratch,3,12,20,0.30,true,0.15063,0.00400,0.02368,1.87306,0.00416,0.4993,0.2961,0.4875,0.00000,0.00000
10,scratch,3,12,20,0.40,true,0.15762,0.00407,0.03428,1.87665,0.00431,0.5601,0.2220,0.5453,0.00359,0.00161
10,scratch,3,12,20,0.50,true,0.16050,0.00410,0.04725,1.88675,0.00443,0.6300,0.1705,0.6113,0.01369,0.00211
10,scratch,3,12,20,0.60,true,0.16262,0.00413,0.06343,1.90081,0.00456,0.7034,0.1233,0.6886,0.02775,0.00254
10,scratch,3,12,20,0.70,true,0.16237,0.00412,0.08146,1.91909,0.00468,0.7754,0.0861,0.7683,0.04603,0.00284
10,scratch,3,12,20,0.80,true,0.16062,0.00411,0.10277,1.94215,0.00480,0.8574,0.0590,0.8565,0.06909,0.00312
10,scratch,3,12,20,0.90,true,0.15800,0.00408,0.12583,1.96784,0.00491,0.9402,0.0386,0.9462,0.09478,0.00333
10,scratch,3,12,20,1.00,true,0.15400,0.00404,0.15146,1.99747,0.00501,1.0317,0.0267,1.0407,0.12441,0.00355
10,scratch,3,12,20,1.10,true,0.14938,0.00399,0.17845,2.02909,0.00510,1.1219,0.0159,1.1364,0.15603,0.00376
10,scratch,3,12,20,1.20,true,0.14350,0.00392,0.20666,2.06318,0.00516,1.2150,0.0096,1.2324,0.19012,0.00392
10,scratch,3,3,10,0.00,true,0.17725,0.00427,0.00027,1.82302,0.00427,0.1110,0.5798,0.2210,0.12579,0.00558
10,scratch,3,3,10,0.10,true,0.25350,0.00486,0.00053,1.74703,0.00487,0.2104,0.3953,0.2405,0.04980,0.00441
10,scratch,3,3,10,0.20,true,0.28687,0.00506,0.00141,1.71454,0.00507,0.2734,0.2494,0.2885,0.01731,0.00308
10,scratch,3,3,10,0.30,true,0.30625,0.00515,0.00348,1.69723,0.00518,0.3411,0.1434,0.3566,0.00000,0.00000
10,scratch,3,3,10,0.40,true,0.30988,0.00517,0.00796,1.69808,0.00524,0.4192,0.0712,0.4413,0.00086,0.00272
10,scratch,3,3,10,0.50,true,0.30825,0.00516,0.01501,1.70676,0.00529,0.4971,0.0334,0.5249,0.00953,0.00354
10,scratch,3,3,10,0.60,true,0.30500,0.00515,0.02582,1.72082,0.00536,0.5862,0.0174,0.6161,0.02359,0.00408
10,scratch,3,3,10,0.70,true,0.29663,0.00511,0.04073,1.74411,0.00544,0.6769,0.0071,0.7094,0.04688,0.00453
10,scratch,3,3,10,0.80,true,0.28725,0.00506,0.06173,1.77448,0.00555,0.7800,0.0023,0.8144,0.07726,0.00490
10,scratch,3,3,10,0.90,true,0.27987,0.00502,0.08334,1.80347,0.00567,0.8704,0.0009,0.9062,0.10625,0.00523
10,scratch,3,3,10,1.00,true,0.26725,0.00495,0.11011,1.84286,0.00577,0.9672,0.0000,1.0043,0.14564,0.00557
10,scratch,3,3,10,1.10,true,0.25600,0.00488,0.13901,1.88302,0.00589,1.0638,0.0000,1.1020,0.18580,0.00584
10,scratch,3,3,10,1.20,true,0.24650,0.00482,0.16888,1.92239,0.00600,1.1592,0.0000,1.1988,0.22516,0.00605
10,scratch,3,3,15,0.00,true,0.10237,0.00339,0.00352,1.90115,0.00341,0.1698,0.5581,0.3274,0.05712,0.00501
10,scratch,3,3,15,0.10,true,0.13387,0.00381,0.00460,1.87073,0.00383,0.2844,0.4216,0.3429,0.02670,0.00429
10,scratch,3,3,15,0.20,true,0.15438,0.00404,0.00738,1.85301,0.00408,0.3479,0.3186,0.3793,0.00898,0.00356
10,scratch,3,3,15,0.30,true,0.16637,0.00416,0.01240,1.84602,0.00424,0.4104,0.2317,0.4314,0.00199,0.00250
10,scratch,3,3,15,0.40,true,0.17588,0.00426,0.01990,1.84403,0.00439,0.4735,0.1562,0.4967,0.00000,0.00000
10,scratch,3,3,15,0.50,true,0.18050,0.00430,0.03073,1.85023,0.00451,0.5474,0.1062,0.5726,0.00620,0.00245
10,scratch,3,3,15,0.60,true,0.17800,0.00428,0.04531,1.86731,0.00458,0.6237,0.0669,0.6550,0.02328,0.00331
10,scratch,3,3,15,0.70,true,0.17488,0.00425,0.06283,1.88796,0.00467,0.7032,0.0418,0.7398,0.04393,0.00383
10,scratch,3,3,15,0.80,true,0.17238,0.00422,0.08372,1.91135,0.00477,0.7864,0.0248,0.8283,0.06732,0.00423
10,scratch,3,3,15,0.90,true,0.17037,0.00420,0.10806,1.93769,0.00490,0.8772,0.0145,0.9225,0.09366,0.00457
10,scratch,3,3,15,1.00,true,0.16437,0.00414,0.13486,1.97049,0.00499,0.9683,0.0081,1.0164,0.12646,0.00490
10,scratch,3,3,15,1.10,true,0.15762,0.00407,0.16395,2.00635,0.00506,1.0622,0.0053,1.1115,0.16232,0.00514
10,scratch,3,3,15,1.20,true,0.14975,0.00399,0.19404,2.04431,0.00511,1.1551,0.0028,1.2063,0.20028,0.00533
10,scratch,3,3,20,0.00,true,0.07362,0.00292,0.01377,1.94015,0.00300,0.2372,0.5453,0.4407,0.01896,0.00419
10,scratch,3,3,20,0.10,true,0.08675,0.00315,0.01596,1.92921,0.00324,0.3566,0.4421,0.4535,0.00802,0.00345
10,scratch,3,3,20,0.20,true,0.09875,0.00334,0.02062,1.92188,0.00346,0.4253,0.3566,0.4841,0.00068,0.00245
10,scratch,3,3,20,0.30,true,0.10675,0.00345,0.02794,1.92119,0.00362,0.4873,0.2863,0.5268,0.00000,0.00000
10,scratch,3,3,20,0.40,true,0.11400,0.00355,0.03764,1.92364,0.00379,0.5475,0.2245,0.5793,0.00245,0.00231
10,scratch,3,3,20,0.50,true,0.11700,0.00359,0.05144,1.93444,0.00392,0.6173,0.1696,0.6476,0.01325,0.00318
10,scratch,3,3,20,0.60,true,0.11737,0.00360,0.06752,1.95015,0.00403,0.6828,0.1228,0.7184,0.02896,0.00369
10,scratch,3,3,20,0.70,true,0.11713,0.00360,0.08682,1.96970,0.00414,0.7580,0.0903,0.7971,0.04851,0.00410
10,scratch,3,3,20,0.80,true,0.11525,0.00357,0.10829,1.99305,0.00424,0.8333,0.0647,0.8776,0.07186,0.00433
10,scratch,3,3,20,0.90,true,0.11213,0.00353,0.13257,2.02046,0.00432,0.9154,0.0469,0.9635,0.09927,0.00454
10,scratch,3,3,20,1.00,true,0.10725,0.00346,0.15895,2.05172,0.00438,0.9994,0.0330,1.0518,0.13053,0.00475
10,scratch,3,3,20,1.10,true,0.10250,0.00339,0.18701,2.08454,0.00443,1.0868,0.0226,1.1437,0.16335,0.00490
10,scratch,3,3,20,1.20,true,0.09738,0.00331,0.21554,2.11821,0.00446,1.1732,0.0154,1.2339,0.19701,0.00502
10,scratch,3,6,10,0.00,true,0.21925,0.00463,0.00021,1.78096,0.00463,0.1788,0.5845,0.2199,0.08765,0.00437
10,scratch,3,6,10,0.10,true,0.26575,0.00494,0.00014,1.73439,0.00494,0.2308,0.4086,0.2394,0.04107,0.00358
10,scratch,3,6,10,0.20,true,0.29500,0.00510,0.00029,1.70529,0.00510,0.2891,0.2427,0.2896,0.01198,0.00253
10,scratch,3,6,10,0.30,true,0.30750,0.00516,0.00082,1.69332,0.00517,0.3599,0.1208,0.3648,0.00000,0.00000
10,scratch,3,6,10,0.40,true,0.30525,0.00515,0.00200,1.69675,0.00516,0.4396,0.0561,0.4497,0.00344,0.00187
10,scratch,3,6,10,0.50,true,0.29500,0.00510,0.00444,1.70944,0.00513,0.5305,0.0230,0.5445,0.01613,0.00253
10,scratch,3,6,10,0.60,true,0.28025,0.00502,0.00855,1.72830,0.00508,0.6247,0.0092,0.6401,0.03498,0.00295
10,scratch,3,6,10,0.70,true,0.26613,0.00494,0.01480,1.74867,0.00505,0.7202,0.0043,0.7352,0.05535,0.00320
10,scratch,3,6,10,0.80,true,0.24875,0.00483,0.02445,1.77571,0.00501,0.8257,0.0020,0.8399,0.08239,0.00349
10,scratch,3,6,10,0.90,true,0.23075,0.00471,0.03634,1.80559,0.00496,0.9233,0.0006,0.9371,0.11228,0.00375
10,scratch,3,6,10,1.00,true,0.21113,0.00456,0.05169,1.84057,0.00490,1.0235,0.0000,1.0368,0.14726,0.00403
10,scratch,3,6,10,1.10,true,0.19150,0.00440,0.06983,1.87835,0.00483,1.1230,0.0000,1.1355,0.18503,0.00428
10,scratch,3,6,10,1.20,true,0.17050,0.00420,0.09215,1.92168,0.00473,1.2291,0.0000,1.2409,0.22837,0.00455
10,scratch,3,6,15,0.00,true,0.11675,0.00359,0.00258,1.88583,0.00360,0.2572,0.5446,0.3249,0.03890,0.00353
10,scratch,3,6,15,0.10,true,0.13612,0.00383,0.00214,1.86602,0.00384,0.3054,0.4215,0.3423,0.01908,0.00301
10,scratch,3,6,15,0.20,true,0.14888,0.00398,0.00264,1.85376,0.00399,0.3596,0.3096,0.3789,0.00683,0.00250
10,scratch,3,6,15,0.30,true,0.15600,0.00406,0.00420,1.84820,0.00408,0.4217,0.2153,0.4333,0.00126,0.00185
10,scratch,3,6,15,0.40,true,0.16012,0.00410,0.00706,1.84693,0.00414,0.4927,0.1405,0.5042,0.00000,0.00000
10,scratch,3,6,15,0.50,true,0.15900,0.00409,0.01163,1.85263,0.00416,0.5705,0.0886,0.5850,0.00570,0.00158
10,scratch,3,6,15,0.60,true,0.15375,0.00403,0.01807,1.86432,0.00414,0.6520,0.0554,0.6694,0.01739,0.00204
10,scratch,3,6,15,0.70,true,0.14638,0.00395,0.02718,1.88081,0.00411,0.7413,0.0328,0.7617,0.03388,0.00238
10,scratch,3,6,15,0.80,true,0.13812,0.00386,0.03888,1.90077,0.00408,0.8335,0.0183,0.8568,0.05383,0.00267
10,scratch,3,6,15,0.90,true,0.12650,0.00372,0.05311,1.92662,0.00401,0.9289,0.0122,0.9516,0.07969,0.00292
10,scratch,3,6,15,1.00,true,0.11750,0.00360,0.06992,1.95244,0.00397,1.0252,0.0065,1.0492,0.10551,0.00313
10,scratch,3,6,15,1.10,true,0.10787,0.00347,0.08972,1.98189,0.00393,1.1254,0.0024,1.1508,0.13495,0.00336
10,scratch,3,6,15,1.20,true,0.09588,0.00329,0.11098,2.01516,0.00383,1.2218,0.0008,1.2471,0.16823,0.00357
10,scratch,3,6,20,0.00,true,0.07375,0.00292,0.01076,1.93701,0.00298,0.3415,0.5238,0.4419,0.01761,0.00247
10,scratch,3,6,20,0.10,true,0.08350,0.00309,0.01003,1.92653,0.00314,0.3890,0.4343,0.4579,0.00713,0.00201
10,scratch,3,6,20,0.20,true,0.08850,0.00318,0.01097,1.92247,0.00323,0.4407,0.3481,0.4881,0.00307,0.00147
10,scratch,3,6,20,0.30,true,0.09425,0.00327,0.01365,1.91940,0.00334,0.4977,0.2680,0.5342,0.00000,0.00000
10,scratch,3,6,20,0.40,true,0.09688,0.00331,0.01814,1.92127,0.00340,0.5614,0.2032,0.5914,0.00187,0.00143
10,scratch,3,6,20,0.50,true,0.09850,0.00333,0.02461,1.92612,0.00346,0.6321,0.1518,0.6592,0.00672,0.00188
10,scratch,3,6,20,0.60,true,0.09625,0.00330,0.03320,1.93696,0.00348,0.7050,0.1083,0.7344,0.01756,0.00224
10,scratch,3,6,20,0.70,true,0.09413,0.00326,0.04410,1.94998,0.00350,0.7842,0.0753,0.8170,0.03059,0.00249
10,scratch,3,6,20,0.80,true,0.08800,0.00317,0.05735,1.96937,0.00347,0.8678,0.0524,0.9030,0.04997,0.00270
10,scratch,3,6,20,0.90,true,0.08400,0.00310,0.07259,1.98862,0.00348,0.9548,0.0352,0.9931,0.06923,0.00289
10,scratch,3,6,20,1.00,true,0.07675,0.00298,0.09058,2.01388,0.00344,1.0460,0.0226,1.0872,0.09448,0.00308
10,scratch,3,6,20,1.10,true,0.07000,0.00285,0.11008,2.04015,0.00340,1.1380,0.0147,1.1807,0.12075,0.00326
10,scratch,3,6,20,1.20,true,0.06237,0.00270,0.13164,2.06936,0.00334,1.2325,0.0088,1.2765,0.14996,0.00342
10,mid,3,12,10,0.00,true,0.23463,0.00474,0.00081,1.76618,0.00474,0.1947,0.6152,0.2291,0.09079,0.00447
10,mid,3,12,10,0.10,true,0.28800,0.00506,0.00201,1.71401,0.00508,0.2421,0.4436,0.2451,0.03862,0.00359
10,mid,3,12,10,0.20,true,0.31838,0.00521,0.00498,1.68661,0.00525,0.3030,0.2908,0.2908,0.01121,0.00245
10,mid,3,12,10,0.30,true,0.33537,0.00528,0.01077,1.67539,0.00537,0.3715,0.1711,0.3594,0.00000,0.00000
10,mid,3,12,10,0.40,true,0.33787,0.00529,0.02051,1.68263,0.00547,0.4485,0.0887,0.4442,0.00724,0.00212
10,mid,3,12,10,0.50,true,0.33213,0.00527,0.03412,1.70199,0.00557,0.5287,0.0421,0.5325,0.02660,0.00278
10,mid,3,12,10,0.60,true,0.32250,0.00523,0.05246,1.72996,0.00569,0.6177,0.0205,0.6254,0.05457,0.00319
10,mid,3,12,10,0.70,true,0.31200,0.00518,0.07561,1.76362,0.00583,0.7128,0.0100,0.7224,0.08823,0.00351
10,mid,3,12,10,0.80,true,0.29925,0.00512,0.10491,1.80567,0.00599,0.8178,0.0052,0.8280,0.13028,0.00384
10,mid,3,12,10,0.90,true,0.28900,0.00507,0.13225,1.84327,0.00613,0.9065,0.0014,0.9183,0.16788,0.00409
10,mid,3,12,10,1.00,true,0.27525,0.00499,0.16474,1.88952,0.00626,1.0055,0.0003,1.0173,0.21413,0.00435
10,mid,3,12,10,1.10,true,0.26388,0.00493,0.19818,1.93434,0.00639,1.1057,0.0003,1.1168,0.25895,0.00461
10,mid,3,12,10,1.20,true,0.25262,0.00486,0.23179,1.97922,0.00650,1.2042,0.0000,1.2152,0.30383,0.00482
10,mid,3,12,15,0.00,true,0.13025,0.00376,0.00687,1.87662,0.00380,0.2857,0.5637,0.3411,0.02295,0.00331
10,mid,3,12,15,0.10,true,0.14975,0.00399,0.01086,1.86111,0.00406,0.3321,0.4506,0.3562,0.00743,0.00265
10,mid,3,12,15,0.20,true,0.16287,0.00413,0.01771,1.85484,0.00425,0.3856,0.3452,0.3895,0.00116,0.00188
10,mid,3,12,15,0.30,true,0.17413,0.00424,0.02780,1.85367,0.00444,0.4434,0.2511,0.4403,0.00000,0.00000
10,mid,3,12,15,0.40,true,0.17850,0.00428,0.04262,1.86412,0.00459,0.5125,0.1738,0.5082,0.01045,0.00176
10,mid,3,12,15,0.50,true,0.18113,0.00431,0.06121,1.88009,0.00474,0.5851,0.1122,0.5869,0.02642,0.00238
10,mid,3,12,15,0.60,true,0.17863,0.00428,0.08135,1.90273,0.00486,0.6587,0.0779,0.6632,0.04906,0.00275
10,mid,3,12,15,0.70,true,0.17400,0.00424,0.10688,1.93289,0.00498,0.7435,0.0510,0.7519,0.07922,0.00309
10,mid,3,12,15,0.80,true,0.17037,0.00420,0.13708,1.96673,0.00512,0.8382,0.0322,0.8503,0.11306,0.00337
10,mid,3,12,15,0.90,true,0.16675,0.00417,0.16565,1.99894,0.00524,0.9236,0.0209,0.9390,0.14526,0.00361
10,mid,3,12,15,1.00,true,0.16025,0.00410,0.19843,2.03823,0.00534,1.0160,0.0115,1.0355,0.18455,0.00385
10,mid,3,12,15,1.10,true,0.15400,0.00404,0.23168,2.07775,0.00542,1.1101,0.0066,1.1311,0.22408,0.00402
10,mid,3,12,15,1.20,true,0.14738,0.00396,0.26661,2.11933,0.00549,1.2091,0.0040,1.2307,0.26565,0.00421
10,mid,3,12,20,0.00,true,0.08213,0.00307,0.02299,1.94087,0.00320,0.3759,0.5409,0.4710,0.00309,0.00146
10,mid,3,12,20,0.10,true,0.09137,0.00322,0.02915,1.93778,0.00340,0.4189,0.4573,0.4841,0.00000,0.00000
10,mid,3,12,20,0.20,true,0.09738,0.00331,0.03887,1.94150,0.00356,0.4712,0.3793,0.5110,0.00372,0.00141
10,mid,3,12,20,0.30,true,0.10312,0.00340,0.05197,1.94885,0.00374,0.5272,0.3061,0.5519,0.01107,0.00200
10,mid,3,12,20,0.40,true,0.10725,0.00346,0.06853,1.96129,0.00392,0.5870,0.2404,0.6044,0.02351,0.00240
10,mid,3,12,20,0.50,true,0.10800,0.00347,0.08808,1.98010,0.00405,0.6505,0.1854,0.6658,0.04232,0.00275
10,mid,3,12,20,0.60,true,0.10800,0.00347,0.11134,2.00336,0.00420,0.7245,0.1436,0.7373,0.06559,0.00308
10,mid,3,12,20,0.70,true,0.10825,0.00347,0.13573,2.02751,0.00434,0.7963,0.1093,0.8116,0.08973,0.00334
10,mid,3,12,20,0.80,true,0.10650,0.00345,0.16331,2.05685,0.00446,0.8708,0.0775,0.8932,0.11908,0.00355
10,mid,3,12,20,0.90,true,0.10362,0.00341,0.19262,2.08906,0.00456,0.9524,0.0566,0.9784,0.15128,0.00376
10,mid,3,12,20,1.00,true,0.10088,0.00337,0.22369,2.12291,0.00466,1.0373,0.0388,1.0689,0.18513,0.00394
10,mid,3,12,20,1.10,true,0.09738,0.00331,0.25557,2.15831,0.00473,1.1266,0.0276,1.1610,0.22053,0.00411
10,mid,3,12,20,1.20,true,0.09500,0.00328,0.28773,2.19288,0.00481,1.2179,0.0186,1.2558,0.25510,0.00426
10,mid,3,3,10,0.00,true,0.15687,0.00407,0.00129,1.84441,0.00407,0.1336,0.5800,0.2476,0.08185,0.00545
10,mid,3,3,10,0.10,true,0.20813,0.00454,0.00217,1.79404,0.00455,0.2293,0.4065,0.2660,0.03148,0.00434
10,mid,3,3,10,0.20,true,0.23488,0.00474,0.00465,1.76978,0.00477,0.2886,0.2653,0.3105,0.00721,0.00303
10,mid,3,3,10,0.30,true,0.24750,0.00482,0.01007,1.76257,0.00490,0.3568,0.1658,0.3751,0.00000,0.00000
10,mid,3,3,10,0.40,true,0.25188,0.00485,0.01993,1.76806,0.00500,0.4338,0.0927,0.4568,0.00550,0.00274
10,mid,3,3,10,0.50,true,0.24788,0.00483,0.03301,1.78515,0.00508,0.5089,0.0505,0.5377,0.02258,0.00362
10,mid,3,3,10,0.60,true,0.24213,0.00479,0.05175,1.80964,0.00518,0.5942,0.0244,0.6288,0.04708,0.00421
10,mid,3,3,10,0.70,true,0.23312,0.00473,0.07496,1.84186,0.00527,0.6849,0.0147,0.7205,0.07929,0.00460
10,mid,3,3,10,0.80,true,0.22612,0.00468,0.10420,1.87811,0.00542,0.7830,0.0055,0.8226,0.11554,0.00499
10,mid,3,3,10,0.90,true,0.21738,0.00461,0.13353,1.91622,0.00553,0.8730,0.0027,0.9145,0.15365,0.00531
10,mid,3,3,10,1.00,true,0.20625,0.00452,0.16679,1.96062,0.00562,0.9679,0.0011,1.0109,0.19806,0.00561
10,mid,3,3,10,1.10,true,0.19537,0.00443,0.20150,2.00625,0.00570,1.0626,0.0002,1.1074,0.24368,0.00583
10,mid,3,3,10,1.20,true,0.18713,0.00436,0.23631,2.04935,0.00579,1.1586,0.0000,1.2048,0.28678,0.00602
10,mid,3,3,15,0.00,true,0.08388,0.00310,0.01188,1.92801,0.00316,0.2217,0.5553,0.3804,0.02713,0.00401
10,mid,3,3,15,0.10,true,0.10437,0.00342,0.01507,1.91070,0.00350,0.3236,0.4384,0.3948,0.00983,0.00279
10,mid,3,3,15,0.20,true,0.12025,0.00364,0.02112,1.90088,0.00376,0.3800,0.3407,0.4274,0.00000,0.00000
10,mid,3,3,15,0.30,true,0.12687,0.00372,0.03105,1.90418,0.00392,0.4414,0.2601,0.4752,0.00330,0.00260
10,mid,3,3,15,0.40,true,0.13237,0.00379,0.04451,1.91215,0.00408,0.5027,0.1871,0.5359,0.01127,0.00347
10,mid,3,3,15,0.50,true,0.13987,0.00388,0.06131,1.92146,0.00428,0.5704,0.1337,0.6059,0.02058,0.00403
10,mid,3,3,15,0.60,true,0.13950,0.00387,0.08261,1.94314,0.00441,0.6455,0.0933,0.6847,0.04227,0.00450
10,mid,3,3,15,0.70,true,0.13350,0.00380,0.10681,1.97336,0.00448,0.7205,0.0630,0.7652,0.07249,0.00479
10,mid,3,3,15,0.80,true,0.12775,0.00373,0.13412,2.00644,0.00456,0.8004,0.0413,0.8509,0.10556,0.00503
10,mid,3,3,15,0.90,true,0.12387,0.00368,0.16501,2.04123,0.00467,0.8878,0.0258,0.9437,0.14036,0.00524
10,mid,3,3,15,1.00,true,0.11900,0.00362,0.19678,2.07792,0.00475,0.9757,0.0159,1.0358,0.17705,0.00538
10,mid,3,3,15,1.10,true,0.11125,0.00352,0.23040,2.11933,0.00477,1.0658,0.0097,1.1291,0.21846,0.00544
10,mid,3,3,15,1.20,true,0.10437,0.00342,0.26405,2.15993,0.00479,1.1575,0.0063,1.2228,0.25905,0.00552
10,mid,3,3,20,0.00,true,0.05625,0.00258,0.03952,1.98329,0.00281,0.3300,0.5387,0.5307,0.00329,0.00354
10,mid,3,3,20,0.10,true,0.06400,0.00274,0.04422,1.98024,0.00301,0.4262,0.4574,0.5417,0.00024,0.00247
10,mid,3,3,20,0.20,true,0.07300,0.00291,0.05298,1.98000,0.00324,0.4846,0.3813,0.5695,0.00000,0.00000
10,mid,3,3,20,0.30,true,0.07800,0.00300,0.06541,1.98744,0.00341,0.5454,0.3198,0.6091,0.00743,0.00233
10,mid,3,3,20,0.40,true,0.08088,0.00305,0.08068,1.99984,0.00356,0.6007,0.2589,0.6572,0.01984,0.00312
10,mid,3,3,20,0.50,true,0.08150,0.00306,0.09950,2.01805,0.00369,0.6603,0.2035,0.7161,0.03805,0.00365
10,mid,3,3,20,0.60,true,0.08200,0.00307,0.12073,2.03880,0.00383,0.7258,0.1608,0.7816,0.05880,0.00399
10,mid,3,3,20,0.70,true,0.08088,0.00305,0.14510,2.06433,0.00394,0.7938,0.1223,0.8544,0.08432,0.00421
10,mid,3,3,20,0.80,true,0.07875,0.00301,0.17082,2.09220,0.00403,0.8642,0.0929,0.9299,0.11220,0.00436
10,mid,3,3,20,0.90,true,0.07600,0.00296,0.19882,2.12300,0.00411,0.9420,0.0712,1.0116,0.14300,0.00451
10,mid,3,3,20,1.00,true,0.07325,0.00291,0.22799,2.15496,0.00418,1.0214,0.0530,1.0964,0.17496,0.00462
10,mid,3,3,20,1.10,true,0.07137,0.00288,0.25807,2.18700,0.00425,1.1056,0.0394,1.1856,0.20699,0.00475
10,mid,3,3,20,1.20,true,0.06963,0.00285,0.28834,2.21910,0.00431,1.1909,0.0294,1.2753,0.23909,0.00486
10,mid,3,6,10,0.00,true,0.16987,0.00420,0.00107,1.83120,0.00420,0.1953,0.5620,0.2483,0.06183,0.00372
10,mid,3,6,10,0.10,true,0.20175,0.00449,0.00093,1.79918,0.00449,0.2457,0.4040,0.2679,0.02981,0.00306
10,mid,3,6,10,0.20,true,0.22300,0.00465,0.00165,1.77865,0.00466,0.3026,0.2566,0.3145,0.00928,0.00211
10,mid,3,6,10,0.30,true,0.23425,0.00474,0.00362,1.76937,0.00476,0.3694,0.1440,0.3826,0.00000,0.00000
10,mid,3,6,10,0.40,true,0.23538,0.00474,0.00732,1.77194,0.00479,0.4449,0.0739,0.4632,0.00257,0.00187
10,mid,3,6,10,0.50,true,0.22687,0.00468,0.01375,1.78688,0.00478,0.5330,0.0362,0.5542,0.01751,0.00245
10,mid,3,6,10,0.60,true,0.21375,0.00458,0.02321,1.80947,0.00474,0.6249,0.0176,0.6477,0.04010,0.00284
10,mid,3,6,10,0.70,true,0.20312,0.00450,0.03592,1.83282,0.00473,0.7189,0.0074,0.7430,0.06345,0.00309
10,mid,3,6,10,0.80,true,0.18488,0.00434,0.05382,1.86899,0.00468,0.8237,0.0038,0.8466,0.09962,0.00341
10,mid,3,6,10,0.90,true,0.16925,0.00419,0.07394,1.90477,0.00464,0.9214,0.0023,0.9433,0.13540,0.00368
10,mid,3,6,10,1.00,true,0.15575,0.00405,0.09764,1.94202,0.00462,1.0214,0.0009,1.0430,0.17264,0.00392
10,mid,3,6,10,1.10,true,0.14113,0.00389,0.12372,1.98278,0.00457,1.1190,0.0001,1.1403,0.21341,0.00416
10,mid,3,6,10,1.20,true,0.12650,0.00372,0.15422,2.02799,0.00451,1.2241,0.0000,1.2447,0.25862,0.00438
10,mid,3,6,15,0.00,true,0.08200,0.00307,0.01007,1.92807,0.00312,0.2803,0.5313,0.3791,0.02134,0.00265
10,mid,3,6,15,0.10,true,0.09550,0.00329,0.00949,1.91400,0.00333,0.3285,0.4205,0.3978,0.00727,0.00211
10,mid,3,6,15,0.20,true,0.10387,0.00341,0.01118,1.90731,0.00347,0.3822,0.3197,0.4330,0.00058,0.00147
10,mid,3,6,15,0.30,true,0.10862,0.00348,0.01535,1.90673,0.00356,0.4443,0.2352,0.4841,0.00000,0.00000
10,mid,3,6,15,0.40,true,0.11213,0.00353,0.02219,1.91008,0.00365,0.5095,0.1604,0.5492,0.00335,0.00149
10,mid,3,6,15,0.50,true,0.11325,0.00354,0.03196,1.91873,0.00372,0.5858,0.1102,0.6248,0.01200,0.00203
10,mid,3,6,15,0.60,true,0.10862,0.00348,0.04479,1.93620,0.00373,0.6645,0.0733,0.7054,0.02948,0.00236
10,mid,3,6,15,0.70,true,0.10450,0.00342,0.06111,1.95667,0.00376,0.7501,0.0452,0.7948,0.04994,0.00267
10,mid,3,6,15,0.80,true,0.09650,0.00330,0.08023,1.98383,0.00373,0.8399,0.0297,0.8851,0.07710,0.00289
10,mid,3,6,15,0.90,true,0.08900,0.00318,0.10192,2.01307,0.00372,0.9301,0.0180,0.9771,0.10634,0.00310
10,mid,3,6,15,1.00,true,0.08300,0.00308,0.12623,2.04345,0.00373,1.0255,0.0121,1.0719,0.13672,0.00325
10,mid,3,6,15,1.10,true,0.07562,0.00296,0.15364,2.07832,0.00371,1.1248,0.0080,1.1708,0.17159,0.00345
10,mid,3,6,15,1.20,true,0.06675,0.00279,0.18186,2.11552,0.00364,1.2187,0.0044,1.2654,0.20879,0.00363
10,mid,3,6,20,0.00,true,0.04963,0.00243,0.03723,1.98761,0.00263,0.3733,0.5177,0.5333,0.00757,0.00124
10,mid,3,6,20,0.10,true,0.05688,0.00259,0.03691,1.98005,0.00279,0.4187,0.4353,0.5509,0.00000,0.00000
10,mid,3,6,20,0.20,true,0.05900,0.00263,0.03962,1.98064,0.00285,0.4713,0.3588,0.5804,0.00059,0.00119
10,mid,3,6,20,0.30,true,0.06275,0.00271,0.04531,1.98259,0.00296,0.5266,0.2858,0.6234,0.00254,0.00167
10,mid,3,6,20,0.40,true,0.06313,0.00272,0.05399,1.99091,0.00302,0.5853,0.2213,0.6762,0.01086,0.00202
10,mid,3,6,20,0.50,true,0.06475,0.00275,0.06573,2.00105,0.00312,0.6537,0.1711,0.7398,0.02100,0.00231
10,mid,3,6,20,0.60,true,0.06375,0.00273,0.08018,2.01653,0.00318,0.7256,0.1307,0.8094,0.03648,0.00252
10,mid,3,6,20,0.70,true,0.06137,0.00268,0.09733,2.03610,0.00322,0.7997,0.0954,0.8858,0.05605,0.00274
10,mid,3,6,20,0.80,true,0.05775,0.00261,0.11717,2.05962,0.00324,0.8806,0.0696,0.9676,0.07957,0.00294
10,mid,3,6,20,0.90,true,0.05425,0.00253,0.13911,2.08513,0.00327,0.9638,0.0500,1.0528,0.10508,0.00312
10,mid,3,6,20,1.00,true,0.04988,0.00243,0.16368,2.11418,0.00327,1.0528,0.0351,1.1433,0.13413,0.00330
10,mid,3,6,20,1.10,true,0.04550,0.00233,0.18907,2.14405,0.00327,1.1413,0.0251,1.2325,0.16400,0.00342
10,mid,3,6,20,1.20,true,0.04113,0.00222,0.21620,2.17568,0.00325,1.2322,0.0162,1.3257,0.19564,0.00356
10,high,3,12,10,0.00,true,0.19037,0.00439,0.00280,1.81243,0.00441,0.2122,0.5941,0.2548,0.05653,0.00413
10,high,3,12,10,0.10,true,0.23012,0.00471,0.00564,1.77552,0.00475,0.2602,0.4400,0.2717,0.01961,0.00337
10,high,3,12,10,0.20,true,0.25538,0.00488,0.01168,1.75630,0.00497,0.3176,0.3000,0.3144,0.00040,0.00228
10,high,3,12,10,0.30,true,0.26663,0.00494,0.02252,1.75590,0.00513,0.3861,0.1904,0.3793,0.00000,0.00000
10,high,3,12,10,0.40,true,0.27075,0.00497,0.03874,1.76801,0.00529,0.4626,0.1142,0.4591,0.01211,0.00196
10,high,3,12,10,0.50,true,0.26675,0.00494,0.05938,1.79265,0.00543,0.5370,0.0597,0.5431,0.03675,0.00266
10,high,3,12,10,0.60,true,0.25800,0.00489,0.08528,1.82732,0.00558,0.6219,0.0318,0.6327,0.07142,0.00312
10,high,3,12,10,0.70,true,0.24825,0.00483,0.11625,1.86806,0.00573,0.7128,0.0156,0.7273,0.11216,0.00347
10,high,3,12,10,0.80,true,0.23900,0.00477,0.15281,1.91390,0.00591,0.8155,0.0080,0.8311,0.15800,0.00380
10,high,3,12,10,0.90,true,0.22825,0.00469,0.18670,1.95859,0.00603,0.9045,0.0047,0.9205,0.20268,0.00406
10,high,3,12,10,1.00,true,0.21875,0.00462,0.22518,2.00662,0.00616,1.0037,0.0019,1.0206,0.25072,0.00435
10,high,3,12,10,1.10,true,0.20675,0.00453,0.26422,2.05773,0.00625,1.1020,0.0008,1.1189,0.30182,0.00460
10,high,3,12,10,1.20,true,0.19800,0.00446,0.30216,2.10450,0.00634,1.2011,0.0003,1.2178,0.34860,0.00478
10,high,3,12,15,0.00,true,0.09825,0.00333,0.01853,1.92029,0.00344,0.3127,0.5499,0.3883,0.00741,0.00186
10,high,3,12,15,0.10,true,0.11250,0.00353,0.02537,1.91288,0.00370,0.3604,0.4504,0.4045,0.00000,0.00000
10,high,3,12,15,0.20,true,0.12312,0.00367,0.03649,1.91339,0.00392,0.4131,0.3560,0.4366,0.00051,0.00167
10,high,3,12,15,0.30,true,0.13112,0.00377,0.05196,1.92086,0.00413,0.4678,0.2677,0.4839,0.00798,0.00230
10,high,3,12,15,0.40,true,0.13362,0.00380,0.07299,1.93941,0.00431,0.5368,0.1991,0.5463,0.02652,0.00277
10,high,3,12,15,0.50,true,0.13612,0.00383,0.09809,1.96203,0.00451,0.6049,0.1364,0.6197,0.04914,0.00316
10,high,3,12,15,0.60,true,0.13537,0.00383,0.12418,1.98889,0.00466,0.6729,0.0953,0.6928,0.07601,0.00348
10,high,3,12,15,0.70,true,0.13150,0.00378,0.15614,2.02477,0.00480,0.7584,0.0694,0.7781,0.11188,0.00379
10,high,3,12,15,0.80,true,0.12737,0.00373,0.19282,2.06562,0.00493,0.8494,0.0464,0.8730,0.15274,0.00408
10,high,3,12,15,0.90,true,0.12212,0.00366,0.22609,2.10420,0.00502,0.9304,0.0327,0.9568,0.19132,0.00423
10,high,3,12,15,1.00,true,0.11875,0.00362,0.26280,2.14437,0.00512,1.0222,0.0226,1.0510,0.23148,0.00440
10,high,3,12,15,1.10,true,0.11575,0.00358,0.29958,2.18425,0.00522,1.1137,0.0137,1.1465,0.27136,0.00455
10,high,3,12,15,1.20,true,0.11238,0.00353,0.33664,2.22480,0.00530,1.2086,0.0079,1.2442,0.31192,0.00468
10,high,3,12,20,0.00,true,0.06037,0.00266,0.05537,1.99506,0.00300,0.4122,0.5359,0.5468,0.00000,0.00000
10,high,3,12,20,0.10,true,0.06613,0.00278,0.06426,1.99821,0.00318,0.4540,0.4592,0.5607,0.00314,0.00129
10,high,3,12,20,0.20,true,0.07025,0.00286,0.07773,2.00755,0.00336,0.5075,0.3904,0.5873,0.01249,0.00178
10,high,3,12,20,0.30,true,0.07487,0.00294,0.09518,2.02040,0.00357,0.5624,0.3236,0.6263,0.02534,0.00224
10,high,3,12,20,0.40,true,0.07625,0.00297,0.11669,2.04056,0.00373,0.6215,0.2629,0.6754,0.04549,0.00260
10,high,3,12,20,0.50,true,0.07812,0.00300,0.14107,2.06309,0.00392,0.6828,0.2098,0.7334,0.06803,0.00294
10,high,3,12,20,0.60,true,0.07863,0.00301,0.16864,2.09021,0.00408,0.7519,0.1667,0.7996,0.09515,0.00322
10,high,3,12,20,0.70,true,0.07700,0.00298,0.19703,2.12028,0.00419,0.8212,0.1339,0.8677,0.12522,0.00344
10,high,3,12,20,0.80,true,0.07675,0.00298,0.22830,2.15187,0.00433,0.8962,0.1038,0.9453,0.15680,0.00365
10,high,3,12,20,0.90,true,0.07375,0.00292,0.26106,2.18772,0.00441,0.9710,0.0771,1.0262,0.19266,0.00385
10,high,3,12,20,1.00,true,0.07225,0.00289,0.29478,2.22305,0.00450,1.0526,0.0567,1.1127,0.22798,0.00406
10,high,3,12,20,1.10,true,0.07050,0.00286,0.32830,2.25846,0.00457,1.1348,0.0401,1.2008,0.26340,0.00419
10,high,3,12,20,1.20,true,0.06800,0.00281,0.36213,2.29495,0.00460,1.2251,0.0310,1.2917,0.29989,0.00430
10,high,3,3,10,0.00,true,0.13600,0.00383,0.00457,1.86857,0.00386,0.1596,0.5745,0.2784,0.04769,0.00529
10,high,3,3,10,0.10,true,0.16725,0.00417,0.00687,1.83963,0.00422,0.2521,0.4179,0.2957,0.01874,0.00422
10,high,3,3,10,0.20,true,0.19087,0.00439,0.01262,1.82175,0.00448,0.3107,0.2900,0.3379,0.00087,0.00300
10,high,3,3,10,0.30,true,0.20237,0.00449,0.02324,1.82088,0.00466,0.3780,0.1917,0.4004,0.00000,0.00000
10,high,3,3,10,0.40,true,0.20488,0.00451,0.03957,1.83474,0.00480,0.4503,0.1154,0.4771,0.01385,0.00288
10,high,3,3,10,0.50,true,0.20087,0.00448,0.05994,1.85913,0.00491,0.5241,0.0718,0.5551,0.03825,0.00360
10,high,3,3,10,0.60,true,0.19825,0.00446,0.08593,1.88780,0.00507,0.6057,0.0396,0.6436,0.06691,0.00421
10,high,3,3,10,0.70,true,0.18887,0.00438,0.11628,1.92758,0.00517,0.6906,0.0220,0.7326,0.10669,0.00464
10,high,3,3,10,0.80,true,0.17988,0.00429,0.15370,1.97409,0.00530,0.7902,0.0133,0.8342,0.15321,0.00497
10,high,3,3,10,0.90,true,0.17300,0.00423,0.18806,2.01543,0.00542,0.8751,0.0065,0.9234,0.19455,0.00530
10,high,3,3,10,1.00,true,0.16700,0.00417,0.22533,2.05885,0.00554,0.9682,0.0029,1.0193,0.23797,0.00558
10,high,3,3,10,1.10,true,0.15712,0.00407,0.26376,2.10732,0.00559,1.0619,0.0016,1.1146,0.28643,0.00576
10,high,3,3,10,1.20,true,0.14963,0.00399,0.30188,2.15315,0.00565,1.1568,0.0006,1.2117,0.33227,0.00593
10,high,3,3,15,0.00,true,0.07262,0.00290,0.03185,1.95926,0.00309,0.2789,0.5516,0.4423,0.00512,0.00305
10,high,3,3,15,0.10,true,0.08388,0.00310,0.03798,1.95414,0.00333,0.3719,0.4548,0.4561,0.00000,0.00000
10,high,3,3,15,0.20,true,0.09225,0.00324,0.04844,1.95624,0.00355,0.4228,0.3613,0.4873,0.00210,0.00260
10,high,3,3,15,0.30,true,0.10225,0.00339,0.06253,1.96036,0.00380,0.4781,0.2870,0.5306,0.00622,0.00349
10,high,3,3,15,0.40,true,0.10487,0.00343,0.08133,1.97658,0.00397,0.5374,0.2199,0.5862,0.02243,0.00405
10,high,3,3,15,0.50,true,0.10637,0.00345,0.10416,1.99795,0.00413,0.6019,0.1648,0.6518,0.04381,0.00445
10,high,3,3,15,0.60,true,0.10412,0.00341,0.13143,2.02755,0.00426,0.6745,0.1231,0.7261,0.07341,0.00469
10,high,3,3,15,0.70,true,0.10200,0.00338,0.16020,2.05853,0.00439,0.7454,0.0894,0.8027,0.10439,0.00490
10,high,3,3,15,0.80,true,0.09800,0.00332,0.19208,2.09453,0.00448,0.8225,0.0635,0.8861,0.14039,0.00506
10,high,3,3,15,0.90,true,0.09287,0.00325,0.22667,2.13439,0.00455,0.9043,0.0433,0.9745,0.18025,0.00522
10,high,3,3,15,1.00,true,0.08950,0.00319,0.26057,2.17184,0.00462,0.9868,0.0299,1.0622,0.21770,0.00534
10,high,3,3,15,1.10,true,0.08575,0.00313,0.29582,2.21106,0.00468,1.0741,0.0205,1.1540,0.25692,0.00542
10,high,3,3,15,1.20,true,0.07950,0.00302,0.33178,2.25354,0.00466,1.1625,0.0126,1.2476,0.29940,0.00545
10,high,3,3,20,0.00,true,0.04462,0.00231,0.08931,2.04485,0.00288,0.4269,0.5336,0.6313,0.00000,0.00000
10,high,3,3,20,0.10,true,0.04788,0.00239,0.09741,2.04970,0.00302,0.5127,0.4705,0.6448,0.00485,0.00275
10,high,3,3,20,0.20,true,0.05738,0.00260,0.10904,2.05186,0.00331,0.5621,0.4051,0.6724,0.00701,0.00342
10,high,3,3,20,0.30,true,0.05912,0.00264,0.12387,2.06498,0.00345,0.6136,0.3495,0.7069,0.02013,0.00374
10,high,3,3,20,0.40,true,0.05850,0.00262,0.14288,2.08467,0.00355,0.6666,0.2941,0.7521,0.03983,0.00388
10,high,3,3,20,0.50,true,0.06037,0.00266,0.16492,2.10493,0.00372,0.7241,0.2436,0.8076,0.06008,0.00410
10,high,3,3,20,0.60,true,0.06000,0.00266,0.18834,2.12883,0.00384,0.7818,0.1999,0.8669,0.08399,0.00427
10,high,3,3,20,0.70,true,0.05763,0.00261,0.21479,2.15779,0.00392,0.8442,0.1609,0.9333,0.11294,0.00440
10,high,3,3,20,0.80,true,0.05738,0.00260,0.24189,2.18530,0.00403,0.9090,0.1278,1.0049,0.14046,0.00457
10,high,3,3,20,0.90,true,0.05588,0.00257,0.27045,2.21556,0.00411,0.9793,0.1018,1.0807,0.17072,0.00471
10,high,3,3,20,1.00,true,0.05337,0.00251,0.30061,2.24845,0.00416,1.0549,0.0805,1.1618,0.20361,0.00479
10,high,3,3,20,1.10,true,0.05387,0.00252,0.33033,2.27795,0.00426,1.1321,0.0622,1.2468,0.23311,0.00493
10,high,3,3,20,1.20,true,0.05162,0.00247,0.36035,2.31055,0.00428,1.2136,0.0502,1.3322,0.26570,0.00499
10,high,3,6,10,0.00,true,0.13825,0.00386,0.00408,1.86583,0.00388,0.2139,0.5516,0.2807,0.03653,0.00292
10,high,3,6,10,0.10,true,0.16150,0.00411,0.00406,1.84256,0.00414,0.2624,0.4074,0.3000,0.01326,0.00214
10,high,3,6,10,0.20,true,0.17700,0.00427,0.00629,1.82930,0.00431,0.3183,0.2738,0.3438,0.00000,0.00000
10,high,3,6,10,0.30,true,0.18125,0.00431,0.01124,1.83001,0.00438,0.3831,0.1672,0.4072,0.00071,0.00193
10,high,3,6,10,0.40,true,0.18625,0.00435,0.01923,1.83302,0.00448,0.4566,0.0951,0.4847,0.00373,0.00257
10,high,3,6,10,0.50,true,0.17675,0.00426,0.03154,1.85486,0.00447,0.5409,0.0513,0.5718,0.02556,0.00296
10,high,3,6,10,0.60,true,0.16900,0.00419,0.04756,1.87868,0.00449,0.6297,0.0274,0.6628,0.04939,0.00326
10,high,3,6,10,0.70,true,0.15800,0.00408,0.06783,1.91002,0.00449,0.7220,0.0145,0.7561,0.08073,0.00350
10,high,3,6,10,0.80,true,0.14725,0.00396,0.09412,1.94719,0.00452,0.8252,0.0063,0.8602,0.11789,0.00377
10,high,3,6,10,0.90,true,0.13475,0.00382,0.12200,1.98772,0.00451,0.9229,0.0039,0.9567,0.15842,0.00404
10,high,3,6,10,1.00,true,0.12200,0.00366,0.15293,2.03160,0.00448,1.0209,0.0023,1.0539,0.20230,0.00424
10,high,3,6,10,1.10,true,0.11438,0.00356,0.18493,2.07147,0.00451,1.1178,0.0008,1.1509,0.24217,0.00443
10,high,3,6,10,1.20,true,0.10088,0.00337,0.22190,2.12228,0.00444,1.2222,0.0006,1.2544,0.29298,0.00463
10,high,3,6,15,0.00,true,0.06400,0.00274,0.02932,1.96534,0.00289,0.3084,0.5258,0.4421,0.01061,0.00202
10,high,3,6,15,0.10,true,0.07425,0.00293,0.02935,1.95514,0.00309,0.3556,0.4247,0.4620,0.00040,0.00136
10,high,3,6,15,0.20,true,0.07863,0.00301,0.03331,1.95474,0.00319,0.4090,0.3339,0.4958,0.00000,0.00000
10,high,3,6,15,0.30,true,0.08200,0.00307,0.04121,1.95930,0.00330,0.4691,0.2535,0.5446,0.00456,0.00141
10,high,3,6,15,0.40,true,0.08063,0.00304,0.05322,1.97273,0.00334,0.5348,0.1869,0.6048,0.01799,0.00194
10,high,3,6,15,0.50,true,0.08225,0.00307,0.06887,1.98683,0.00346,0.6064,0.1332,0.6761,0.03209,0.00235
10,high,3,6,15,0.60,true,0.08150,0.00306,0.08779,2.00659,0.00355,0.6809,0.0934,0.7527,0.05185,0.00261
10,high,3,6,15,0.70,true,0.07800,0.00300,0.11069,2.03311,0.00361,0.7638,0.0641,0.8371,0.07838,0.00286
10,high,3,6,15,0.80,true,0.07337,0.00292,0.13634,2.06355,0.00365,0.8486,0.0426,0.9245,0.10881,0.00306
10,high,3,6,15,0.90,true,0.06900,0.00283,0.16379,2.09558,0.00369,0.9366,0.0295,1.0130,0.14084,0.00324
10,high,3,6,15,1.00,true,0.06300,0.00272,0.19418,2.13222,0.00369,1.0283,0.0189,1.1063,0.17749,0.00343
10,high,3,6,15,1.10,true,0.05613,0.00257,0.22688,2.17212,0.00365,1.1254,0.0132,1.2026,0.21738,0.00362
10,high,3,6,15,1.20,true,0.05013,0.00244,0.25904,2.21064,0.00361,1.2194,0.0099,1.2956,0.25590,0.00377
10,high,3,6,20,0.00,true,0.03463,0.00204,0.09091,2.05644,0.00261,0.4080,0.5166,0.6351,0.00498,0.00113
10,high,3,6,20,0.10,true,0.04075,0.00221,0.09202,2.05145,0.00277,0.4522,0.4403,0.6550,0.00000,0.00000
10,high,3,6,20,0.20,true,0.04288,0.00226,0.09705,2.05441,0.00285,0.5037,0.3713,0.6844,0.00295,0.00093
10,high,3,6,20,0.30,true,0.04350,0.00228,0.10594,2.06274,0.00291,0.5582,0.3054,0.7245,0.01128,0.00137
10,high,3,6,20,0.40,true,0.04437,0.00230,0.11848,2.07450,0.00301,0.6185,0.2477,0.7755,0.02304,0.00179
10,high,3,6,20,0.50,true,0.04500,0.00232,0.13414,2.08965,0.00310,0.6814,0.1963,0.8344,0.03820,0.00206
10,high,3,6,20,0.60,true,0.04525,0.00232,0.15278,2.10819,0.00320,0.7503,0.1548,0.9010,0.05673,0.00233
10,high,3,6,20,0.70,true,0.04425,0.00230,0.17420,2.13079,0.00328,0.8249,0.1219,0.9736,0.07934,0.00257
10,high,3,6,20,0.80,true,0.04213,0.00225,0.19799,2.15694,0.00332,0.9000,0.0916,1.0515,0.10549,0.00281
10,high,3,6,20,0.90,true,0.04000,0.00219,0.22370,2.18505,0.00337,0.9799,0.0688,1.1335,0.13359,0.00304
10,high,3,6,20,1.00,true,0.03637,0.00209,0.25143,2.21672,0.00336,1.0660,0.0525,1.2195,0.16526,0.00322
10,high,3,6,20,1.10,true,0.03263,0.00199,0.27953,2.24893,0.00334,1.1509,0.0394,1.3056,0.19748,0.00337
10,high,3,6,20,1.20,true,0.02875,0.00187,0.30899,2.28269,0.00329,1.2385,0.0277,1.3961,0.23124,0.00354
10,hcp30,3,12,10,0.00,true,0.17300,0.00423,0.05697,1.88490,0.00468,0.4174,0.5919,0.4421,0.00799,0.00309
10,hcp30,3,12,10,0.10,true,0.18925,0.00438,0.06681,1.87857,0.00494,0.4713,0.5137,0.4574,0.00167,0.00213
10,hcp30,3,12,10,0.20,true,0.20575,0.00452,0.08144,1.87690,0.00523,0.5304,0.4389,0.4883,0.00000,0.00000
10,hcp30,3,12,10,0.30,true,0.22000,0.00463,0.10069,1.88224,0.00554,0.5929,0.3663,0.5340,0.00534,0.00220
10,hcp30,3,12,10,0.40,true,0.22950,0.00470,0.12388,1.89643,0.00583,0.6628,0.3047,0.5917,0.01952,0.00305
10,hcp30,3,12,10,0.50,true,0.23563,0.00474,0.14871,1.91574,0.00609,0.7307,0.2528,0.6550,0.03884,0.00363
10,hcp30,3,12,10,0.60,true,0.23800,0.00476,0.17596,1.94140,0.00634,0.8036,0.2090,0.7261,0.06449,0.00416
10,hcp30,3,12,10,0.70,true,0.23800,0.00476,0.20610,1.97254,0.00657,0.8825,0.1703,0.8071,0.09563,0.00467
10,hcp30,3,12,10,0.80,true,0.23775,0.00476,0.23892,2.00686,0.00681,0.9681,0.1350,0.8989,0.12996,0.00513
10,hcp30,3,12,10,0.90,true,0.23625,0.00475,0.26752,2.03824,0.00699,1.0447,0.1105,0.9814,0.16134,0.00547
10,hcp30,3,12,10,1.00,true,0.23275,0.00472,0.29813,2.07391,0.00715,1.1261,0.0877,1.0713,0.19701,0.00575
10,hcp30,3,12,10,1.10,true,0.22787,0.00469,0.32940,2.11189,0.00729,1.2115,0.0685,1.1657,0.23498,0.00605
10,hcp30,3,12,10,1.20,true,0.22250,0.00465,0.35982,2.14972,0.00741,1.2982,0.0527,1.2616,0.27282,0.00631
10,hcp30,3,12,15,0.00,true,0.10013,0.00336,0.14192,2.04528,0.00444,0.6155,0.5515,0.6511,0.00000,0.00000
10,hcp30,3,12,15,0.10,true,0.11000,0.00350,0.15220,2.04586,0.00468,0.6714,0.5008,0.6690,0.00058,0.00164
10,hcp30,3,12,15,0.20,true,0.11588,0.00358,0.16625,2.05439,0.00488,0.7295,0.4506,0.6958,0.00911,0.00239
10,hcp30,3,12,15,0.30,true,0.12050,0.00364,0.18272,2.06675,0.00507,0.7812,0.3985,0.7304,0.02147,0.00295
10,hcp30,3,12,15,0.40,true,0.12500,0.00370,0.20292,2.08320,0.00529,0.8511,0.3564,0.7761,0.03793,0.00346
10,hcp30,3,12,15,0.50,true,0.12950,0.00375,0.22526,2.10201,0.00551,0.9156,0.3113,0.8311,0.05674,0.00396
10,hcp30,3,12,15,0.60,true,0.13087,0.00377,0.24693,2.12336,0.00567,0.9741,0.2737,0.8856,0.07808,0.00437
10,hcp30,3,12,15,0.70,true,0.13150,0.00378,0.27193,2.14906,0.00584,1.0479,0.2417,0.9512,0.10378,0.00477
10,hcp30,3,12,15,0.80,true,0.13275,0.00379,0.29882,2.17631,0.00601,1.1242,0.2091,1.0260,0.13103,0.00514
10,hcp30,3,12,15,0.90,true,0.13050,0.00377,0.32345,2.20481,0.00611,1.1937,0.1847,1.0950,0.15953,0.00544
10,hcp30,3,12,15,1.00,true,0.13012,0.00376,0.34972,2.23340,0.00624,1.2694,0.1595,1.1747,0.18813,0.00573
10,hcp30,3,12,15,1.10,true,0.12950,0.00375,0.37528,2.26169,0.00635,1.3425,0.1358,1.2559,0.21641,0.00597
10,hcp30,3,12,15,1.20,true,0.12725,0.00373,0.40141,2.29243,0.00643,1.4224,0.1173,1.3407,0.24715,0.00617
10,hcp30,3,12,20,0.00,true,0.07100,0.00287,0.23319,2.17016,0.00452,0.8147,0.5348,0.8748,0.00000,0.00000
10,hcp30,3,12,20,0.10,true,0.07475,0.00294,0.24169,2.17516,0.00465,0.8651,0.4959,0.8909,0.00500,0.00126
10,hcp30,3,12,20,0.20,true,0.07775,0.00299,0.25270,2.18363,0.00479,0.9202,0.4578,0.9143,0.01347,0.00184
10,hcp30,3,12,20,0.30,true,0.08050,0.00304,0.26598,2.19484,0.00493,0.9750,0.4190,0.9455,0.02468,0.00240
10,hcp30,3,12,20,0.40,true,0.08125,0.00305,0.28183,2.21083,0.00504,1.0408,0.3867,0.9832,0.04067,0.00291
10,hcp30,3,12,20,0.50,true,0.08113,0.00305,0.29857,2.22877,0.00514,1.0997,0.3538,1.0247,0.05861,0.00333
10,hcp30,3,12,20,0.60,true,0.08213,0.00307,0.31708,2.24761,0.00527,1.1648,0.3222,1.0752,0.07745,0.00377
10,hcp30,3,12,20,0.70,true,0.08163,0.00306,0.33595,2.26844,0.00536,1.2294,0.2947,1.1279,0.09828,0.00418
10,hcp30,3,12,20,0.80,true,0.08200,0.00307,0.35587,2.28971,0.00547,1.2982,0.2682,1.1877,0.11955,0.00455
10,hcp30,3,12,20,0.90,true,0.08213,0.00307,0.37587,2.31150,0.00557,1.3643,0.2420,1.2513,0.14134,0.00488
10,hcp30,3,12,20,1.00,true,0.08038,0.00304,0.39672,2.33626,0.00563,1.4327,0.2178,1.3184,0.16610,0.00517
10,hcp30,3,12,20,1.10,true,0.08150,0.00306,0.41714,2.35785,0.00574,1.5050,0.1957,1.3914,0.18769,0.00546
10,hcp30,3,12,20,1.20,true,0.07975,0.00303,0.43791,2.38293,0.00579,1.5802,0.1775,1.4649,0.21276,0.00569
10,hcp30,3,3,10,0.00,true,0.08550,0.00313,0.09413,2.01068,0.00383,0.2190,0.5506,0.4592,0.02839,0.00448
10,hcp30,3,3,10,0.10,true,0.11500,0.00357,0.10018,1.98739,0.00433,0.4208,0.4626,0.4788,0.00511,0.00309
10,hcp30,3,3,10,0.20,true,0.13275,0.00379,0.11243,1.98229,0.00467,0.4964,0.3975,0.5117,0.00000,0.00000
10,hcp30,3,3,10,0.30,true,0.14350,0.00392,0.13021,1.98993,0.00494,0.5612,0.3360,0.5562,0.00764,0.00290
10,hcp30,3,3,10,0.40,true,0.14950,0.00399,0.15481,2.00946,0.00520,0.6319,0.2794,0.6151,0.02717,0.00407
10,hcp30,3,3,10,0.50,true,0.15163,0.00401,0.18047,2.03407,0.00540,0.6984,0.2368,0.6751,0.05179,0.00480
10,hcp30,3,3,10,0.60,true,0.15438,0.00404,0.20964,2.06185,0.00563,0.7660,0.1941,0.7450,0.07956,0.00543
10,hcp30,3,3,10,0.70,true,0.15600,0.00406,0.24154,2.09378,0.00585,0.8405,0.1591,0.8224,0.11149,0.00590
10,hcp30,3,3,10,0.80,true,0.15538,0.00405,0.27652,2.13147,0.00605,0.9209,0.1267,0.9094,0.14919,0.00630
10,hcp30,3,3,10,0.90,true,0.15000,0.00399,0.30865,2.17112,0.00614,0.9947,0.1046,0.9888,0.18883,0.00659
10,hcp30,3,3,10,1.00,true,0.14900,0.00398,0.34040,2.20631,0.00629,1.0756,0.0861,1.0752,0.22402,0.00684
10,hcp30,3,3,10,1.10,true,0.14388,0.00392,0.37314,2.24697,0.00637,1.1572,0.0689,1.1648,0.26468,0.00704
10,hcp30,3,3,10,1.20,true,0.13962,0.00388,0.40527,2.28643,0.00644,1.2450,0.0568,1.2579,0.30414,0.00720
10,hcp30,3,3,15,0.00,true,0.05013,0.00244,0.20207,2.15837,0.00392,0.3208,0.5481,0.6856,0.00589,0.00310
10,hcp30,3,3,15,0.10,true,0.06263,0.00271,0.20842,2.15248,0.00420,0.5804,0.4745,0.7012,0.00000,0.00000
10,hcp30,3,3,15,0.20,true,0.06875,0.00283,0.22043,2.15895,0.00439,0.6720,0.4267,0.7297,0.00647,0.00264
10,hcp30,3,3,15,0.30,true,0.07550,0.00295,0.23539,2.16800,0.00460,0.7426,0.3806,0.7674,0.01552,0.00366
10,hcp30,3,3,15,0.40,true,0.07963,0.00303,0.25273,2.18227,0.00477,0.8096,0.3409,0.8112,0.02979,0.00429
10,hcp30,3,3,15,0.50,true,0.08238,0.00307,0.27339,2.20154,0.00492,0.8751,0.3020,0.8636,0.04906,0.00469
10,hcp30,3,3,15,0.60,true,0.08525,0.00312,0.29589,2.22278,0.00509,0.9421,0.2666,0.9226,0.07029,0.00508
10,hcp30,3,3,15,0.70,true,0.08350,0.00309,0.32054,2.25110,0.00517,1.0115,0.2362,0.9857,0.09862,0.00536
10,hcp30,3,3,15,0.80,true,0.08300,0.00308,0.34436,2.27753,0.00527,1.0771,0.2080,1.0509,0.12505,0.00557
10,hcp30,3,3,15,0.90,true,0.08325,0.00309,0.37045,2.30585,0.00538,1.1542,0.1845,1.1255,0.15337,0.00583
10,hcp30,3,3,15,1.00,true,0.08088,0.00305,0.39643,2.33688,0.00543,1.2204,0.1582,1.2000,0.18440,0.00604
10,hcp30,3,3,15,1.10,true,0.07913,0.00302,0.42188,2.36703,0.00549,1.2974,0.1405,1.2776,0.21455,0.00621
10,hcp30,3,3,15,1.20,true,0.07913,0.00302,0.44748,2.39586,0.00557,1.3752,0.1220,1.3615,0.24338,0.00638
10,hcp30,3,3,20,0.00,true,0.03812,0.00214,0.30003,2.27490,0.00417,0.4173,0.5353,0.9138,0.00000,0.00000
10,hcp30,3,3,20,0.10,true,0.03975,0.00218,0.30583,2.27943,0.00423,0.7203,0.4797,0.9252,0.00452,0.00295
10,hcp30,3,3,20,0.20,true,0.04263,0.00226,0.31674,2.28819,0.00433,0.8340,0.4391,0.9520,0.01329,0.00352
10,hcp30,3,3,20,0.30,true,0.04612,0.00235,0.32886,2.29775,0.00445,0.9093,0.4013,0.9847,0.02285,0.00390
10,hcp30,3,3,20,0.40,true,0.04750,0.00238,0.34343,2.31219,0.00453,0.9819,0.3688,1.0240,0.03729,0.00417
10,hcp30,3,3,20,0.50,true,0.05087,0.00246,0.35971,2.32658,0.00466,1.0501,0.3364,1.0714,0.05168,0.00450
10,hcp30,3,3,20,0.60,true,0.05087,0.00246,0.37627,2.34484,0.00473,1.1159,0.3096,1.1187,0.06993,0.00473
10,hcp30,3,3,20,0.70,true,0.04913,0.00242,0.39524,2.36763,0.00475,1.1839,0.2833,1.1730,0.09273,0.00492
10,hcp30,3,3,20,0.80,true,0.05050,0.00245,0.41383,2.38708,0.00485,1.2525,0.2593,1.2325,0.11217,0.00516
10,hcp30,3,3,20,0.90,true,0.05050,0.00245,0.43353,2.40933,0.00491,1.3215,0.2360,1.2963,0.13443,0.00537
10,hcp30,3,3,20,1.00,true,0.05050,0.00245,0.45361,2.43221,0.00497,1.3933,0.2155,1.3638,0.15730,0.00558
10,hcp30,3,3,20,1.10,true,0.05187,0.00248,0.47236,2.45249,0.00505,1.4653,0.1978,1.4328,0.17759,0.00579
10,hcp30,3,3,20,1.20,true,0.05175,0.00248,0.49274,2.47629,0.00510,1.5390,0.1795,1.5078,0.20138,0.00595
10,hcp30,3,6,10,0.00,true,0.12387,0.00368,0.07012,1.94727,0.00419,0.4210,0.5520,0.4589,0.00921,0.00272
10,hcp30,3,6,10,0.10,true,0.13450,0.00381,0.07169,1.93843,0.00434,0.4766,0.4754,0.4789,0.00037,0.00186
10,hcp30,3,6,10,0.20,true,0.14263,0.00391,0.07905,1.93806,0.00450,0.5368,0.4028,0.5133,0.00000,0.00000
10,hcp30,3,6,10,0.30,true,0.14463,0.00393,0.09189,1.94950,0.00463,0.6004,0.3352,0.5605,0.01143,0.00195
10,hcp30,3,6,10,0.40,true,0.14750,0.00396,0.10895,1.96447,0.00480,0.6677,0.2765,0.6189,0.02641,0.00272
10,hcp30,3,6,10,0.50,true,0.14575,0.00395,0.13069,1.98902,0.00494,0.7411,0.2248,0.6880,0.05095,0.00333
10,hcp30,3,6,10,0.60,true,0.14363,0.00392,0.15493,2.01664,0.00509,0.8141,0.1803,0.7631,0.07857,0.00382
10,hcp30,3,6,10,0.70,true,0.13937,0.00387,0.18151,2.04896,0.00521,0.8930,0.1463,0.8437,0.11089,0.00430
10,hcp30,3,6,10,0.80,true,0.13587,0.00383,0.21260,2.08544,0.00536,0.9795,0.1118,0.9388,0.14738,0.00478
10,hcp30,3,6,10,0.90,true,0.13012,0.00376,0.24271,2.12330,0.00545,1.0608,0.0862,1.0290,0.18523,0.00518
10,hcp30,3,6,10,1.00,true,0.12037,0.00364,0.27448,2.16711,0.00546,1.1465,0.0686,1.1200,0.22905,0.00549
10,hcp30,3,6,10,1.10,true,0.11288,0.00354,0.30546,2.20805,0.00548,1.2328,0.0545,1.2118,0.26998,0.00576
10,hcp30,3,6,10,1.20,true,0.10325,0.00340,0.33886,2.25396,0.00545,1.3269,0.0434,1.3104,0.31590,0.00600
10,hcp30,3,6,15,0.00,true,0.06025,0.00266,0.16703,2.11073,0.00384,0.6110,0.5223,0.6817,0.00000,0.00000
10,hcp30,3,6,15,0.10,true,0.06300,0.00272,0.16977,2.11116,0.00391,0.6626,0.4677,0.7018,0.00043,0.00143
10,hcp30,3,6,15,0.20,true,0.06775,0.00281,0.17614,2.11341,0.00404,0.7239,0.4212,0.7314,0.00268,0.00206
10,hcp30,3,6,15,0.30,true,0.07175,0.00289,0.18630,2.12041,0.00417,0.7862,0.3756,0.7703,0.00968,0.00258
10,hcp30,3,6,15,0.40,true,0.07325,0.00291,0.19989,2.13356,0.00428,0.8477,0.3305,0.8172,0.02283,0.00310
10,hcp30,3,6,15,0.50,true,0.07100,0.00287,0.21658,2.15380,0.00434,0.9124,0.2912,0.8693,0.04306,0.00352
10,hcp30,3,6,15,0.60,true,0.07075,0.00287,0.23516,2.17411,0.00444,0.9798,0.2554,0.9289,0.06338,0.00396
10,hcp30,3,6,15,0.70,true,0.06775,0.00281,0.25653,2.20026,0.00450,1.0533,0.2242,0.9951,0.08953,0.00437
10,hcp30,3,6,15,0.80,true,0.06500,0.00276,0.27930,2.22777,0.00456,1.1230,0.1930,1.0657,0.11704,0.00473
10,hcp30,3,6,15,0.90,true,0.06250,0.00271,0.30239,2.25551,0.00462,1.1966,0.1684,1.1389,0.14478,0.00504
10,hcp30,3,6,15,1.00,true,0.06000,0.00266,0.32691,2.28497,0.00467,1.2713,0.1436,1.2184,0.17424,0.00536
10,hcp30,3,6,15,1.10,true,0.05962,0.00265,0.35184,2.31294,0.00475,1.3569,0.1256,1.3041,0.20221,0.00566
10,hcp30,3,6,15,1.20,true,0.05688,0.00259,0.37598,2.34256,0.00477,1.4342,0.1083,1.3865,0.23183,0.00589
10,hcp30,3,6,20,0.00,true,0.03700,0.00211,0.26715,2.23922,0.00387,0.8107,0.5116,0.9126,0.00019,0.00123
10,hcp30,3,6,20,0.10,true,0.04075,0.00221,0.27010,2.23903,0.00397,0.8641,0.4724,0.9336,0.00000,0.00000
10,hcp30,3,6,20,0.20,true,0.04175,0.00224,0.27573,2.24448,0.00402,0.9187,0.4337,0.9599,0.00545,0.00113
10,hcp30,3,6,20,0.30,true,0.04288,0.00226,0.28374,2.25241,0.00408,0.9786,0.3985,0.9935,0.01338,0.00174
10,hcp30,3,6,20,0.40,true,0.04063,0.00221,0.29419,2.26636,0.00408,1.0367,0.3636,1.0317,0.02733,0.00225
10,hcp30,3,6,20,0.50,true,0.04088,0.00221,0.30624,2.27960,0.00414,1.0996,0.3330,1.0765,0.04057,0.00262
10,hcp30,3,6,20,0.60,true,0.04025,0.00220,0.32021,2.29587,0.00419,1.1595,0.3005,1.1274,0.05684,0.00303
10,hcp30,3,6,20,0.70,true,0.03875,0.00216,0.33547,2.31451,0.00422,1.2255,0.2724,1.1832,0.07548,0.00344
10,hcp30,3,6,20,0.80,true,0.03637,0.00209,0.35255,2.33608,0.00422,1.2917,0.2449,1.2444,0.09704,0.00384
10,hcp30,3,6,20,0.90,true,0.03600,0.00208,0.36989,2.35606,0.00428,1.3593,0.2198,1.3099,0.11703,0.00418
10,hcp30,3,6,20,1.00,true,0.03625,0.00209,0.38786,2.37628,0.00435,1.4347,0.1988,1.3807,0.13725,0.00448
10,hcp30,3,6,20,1.10,true,0.03488,0.00205,0.40588,2.39829,0.00437,1.5092,0.1813,1.4508,0.15926,0.00472
10,hcp30,3,6,20,1.20,true,0.03375,0.00202,0.42460,2.42098,0.00439,1.5799,0.1612,1.5258,0.18195,0.00496
10,tour,4,12,10,0.00,true,0.39487,0.00547,0.00003,1.60516,0.00547,0.1652,0.7191,0.1902,0.17602,0.00535
10,tour,4,12,10,0.10,true,0.49288,0.00559,0.00016,1.50728,0.00559,0.2127,0.5179,0.1999,0.07815,0.00429
10,tour,4,12,10,0.20,true,0.55250,0.00556,0.00058,1.44808,0.00557,0.2759,0.3059,0.2502,0.01895,0.00282
10,tour,4,12,10,0.30,true,0.57250,0.00553,0.00164,1.42914,0.00555,0.3454,0.1497,0.3272,0.00000,0.00000
10,tour,4,12,10,0.40,true,0.57288,0.00553,0.00379,1.43091,0.00558,0.4257,0.0670,0.4168,0.00178,0.00228
10,tour,4,12,10,0.50,true,0.56237,0.00555,0.00781,1.44544,0.00565,0.5163,0.0257,0.5152,0.01630,0.00297
10,tour,4,12,10,0.60,true,0.54900,0.00556,0.01427,1.46527,0.00575,0.6118,0.0091,0.6148,0.03613,0.00340
10,tour,4,12,10,0.70,true,0.53300,0.00558,0.02361,1.49061,0.00588,0.7081,0.0040,0.7121,0.06147,0.00368
10,tour,4,12,10,0.80,true,0.51663,0.00559,0.03613,1.51950,0.00603,0.8063,0.0016,0.8108,0.09037,0.00398
10,tour,4,12,10,0.90,true,0.50000,0.00559,0.05188,1.55188,0.00620,0.9055,0.0005,0.9101,0.12275,0.00427
10,tour,4,12,10,1.00,true,0.48700,0.00559,0.06959,1.58259,0.00638,1.0046,0.0000,1.0092,0.15346,0.00452
10,tour,4,12,10,1.10,true,0.47175,0.00558,0.08956,1.61781,0.00657,1.1042,0.0000,1.1085,0.18867,0.00479
10,tour,4,12,10,1.20,true,0.45887,0.00557,0.11108,1.65220,0.00676,1.2060,0.0000,1.2101,0.22307,0.00505
10,tour,4,12,15,0.00,true,0.25900,0.00490,0.00080,1.74180,0.00490,0.2479,0.6122,0.2733,0.09411,0.00469
10,tour,4,12,15,0.10,true,0.30438,0.00514,0.00172,1.69734,0.00516,0.2941,0.4778,0.2865,0.04966,0.00405
10,tour,4,12,15,0.20,true,0.33500,0.00528,0.00363,1.66863,0.00531,0.3514,0.3498,0.3234,0.02095,0.00328
10,tour,4,12,15,0.30,true,0.35575,0.00535,0.00706,1.65131,0.00542,0.4185,0.2361,0.3851,0.00362,0.00224
10,tour,4,12,15,0.40,true,0.36488,0.00538,0.01256,1.64768,0.00550,0.4905,0.1452,0.4633,0.00000,0.00000
10,tour,4,12,15,0.50,true,0.36612,0.00539,0.01977,1.65364,0.00557,0.5641,0.0903,0.5442,0.00596,0.00189
10,tour,4,12,15,0.60,true,0.36288,0.00538,0.03011,1.66724,0.00566,0.6460,0.0469,0.6376,0.01955,0.00257
10,tour,4,12,15,0.70,true,0.35537,0.00535,0.04368,1.68830,0.00576,0.7394,0.0281,0.7347,0.04062,0.00300
10,tour,4,12,15,0.80,true,0.34650,0.00532,0.06017,1.71367,0.00587,0.8335,0.0142,0.8343,0.06599,0.00337
10,tour,4,12,15,0.90,true,0.33763,0.00529,0.07907,1.74145,0.00599,0.9286,0.0072,0.9323,0.09377,0.00362
10,tour,4,12,15,1.00,true,0.32800,0.00525,0.10056,1.77256,0.00612,1.0263,0.0028,1.0323,0.12487,0.00388
10,tour,4,12,15,1.10,true,0.31712,0.00520,0.12386,1.80674,0.00624,1.1253,0.0015,1.1316,0.15906,0.00414
10,tour,4,12,15,1.20,true,0.30562,0.00515,0.14860,1.84297,0.00636,1.2239,0.0005,1.2305,0.19529,0.00436
10,tour,4,12,20,0.00,true,0.16800,0.00418,0.00353,1.83553,0.00420,0.3217,0.5813,0.3568,0.05503,0.00400
10,tour,4,12,20,0.10,true,0.19450,0.00443,0.00571,1.81121,0.00446,0.3679,0.4840,0.3679,0.03070,0.00346
10,tour,4,12,20,0.20,true,0.21713,0.00461,0.00934,1.79221,0.00468,0.4206,0.3824,0.3989,0.01171,0.00279
10,tour,4,12,20,0.30,true,0.23212,0.00472,0.01505,1.78292,0.00483,0.4802,0.2878,0.4478,0.00242,0.00189
10,tour,4,12,20,0.40,true,0.24213,0.00479,0.02263,1.78050,0.00497,0.5448,0.2136,0.5093,0.00000,0.00000
10,tour,4,12,20,0.50,true,0.24538,0.00481,0.03195,1.78658,0.00506,0.6063,0.1516,0.5772,0.00607,0.00175
10,tour,4,12,20,0.60,true,0.24550,0.00481,0.04439,1.79889,0.00516,0.6806,0.1045,0.6573,0.01839,0.00231
10,tour,4,12,20,0.70,true,0.24313,0.00480,0.05942,1.81629,0.00526,0.7630,0.0733,0.7440,0.03579,0.00273
10,tour,4,12,20,0.80,true,0.23975,0.00477,0.07696,1.83721,0.00537,0.8476,0.0490,0.8352,0.05671,0.00304
10,tour,4,12,20,0.90,true,0.23538,0.00474,0.09678,1.86141,0.00548,0.9339,0.0304,0.9290,0.08091,0.00329
10,tour,4,12,20,1.00,true,0.22962,0.00470,0.11872,1.88910,0.00558,1.0241,0.0185,1.0246,0.10859,0.00352
10,tour,4,12,20,1.10,true,0.22437,0.00466,0.14216,1.91779,0.00569,1.1176,0.0116,1.1213,0.13729,0.00371
10,tour,4,12,20,1.20,true,0.21975,0.00463,0.16676,1.94701,0.00580,1.2127,0.0066,1.2193,0.16651,0.00389
10,tour,4,3,10,0.00,true,0.16487,0.00415,0.00014,1.83526,0.00415,0.0817,0.5598,0.2091,0.13975,0.00574
10,tour,4,3,10,0.10,true,0.24113,0.00478,0.00024,1.75911,0.00478,0.1778,0.3622,0.2309,0.06360,0.00511
10,tour,4,3,10,0.20,true,0.27437,0.00499,0.00070,1.72633,0.00499,0.2468,0.2157,0.2814,0.03081,0.00404
10,tour,4,3,10,0.30,true,0.29525,0.00510,0.00207,1.70682,0.00512,0.3172,0.1194,0.3521,0.01130,0.00277
10,tour,4,3,10,0.40,true,0.30938,0.00517,0.00489,1.69551,0.00521,0.3882,0.0590,0.4290,0.00000,0.00000
10,tour,4,3,10,0.50,true,0.31412,0.00519,0.01022,1.69609,0.00527,0.4663,0.0262,0.5133,0.00058,0.00248
10,tour,4,3,10,0.60,true,0.31800,0.00521,0.01864,1.70064,0.00536,0.5505,0.0119,0.6014,0.00513,0.00345
10,tour,4,3,10,0.70,true,0.31988,0.00521,0.03071,1.71083,0.00547,0.6404,0.0057,0.6937,0.01532,0.00410
10,tour,4,3,10,0.80,true,0.31962,0.00521,0.04670,1.72707,0.00560,0.7327,0.0028,0.7896,0.03156,0.00468
10,tour,4,3,10,0.90,true,0.31500,0.00519,0.06552,1.75052,0.00574,0.8213,0.0011,0.8809,0.05501,0.00511
10,tour,4,3,10,1.00,true,0.31038,0.00517,0.08788,1.77751,0.00589,0.9127,0.0005,0.9754,0.08200,0.00551
10,tour,4,3,10,1.10,true,0.30388,0.00514,0.11363,1.80976,0.00605,1.0065,0.0004,1.0729,0.11425,0.00592
10,tour,4,3,10,1.20,true,0.29688,0.00511,0.14082,1.84395,0.00621,1.0989,0.0002,1.1692,0.14844,0.00624
10,tour,4,3,15,0.00,true,0.10050,0.00336,0.00213,1.90163,0.00337,0.1295,0.5340,0.3036,0.07208,0.00497
10,tour,4,3,15,0.10,true,0.13875,0.00386,0.00288,1.86413,0.00388,0.2371,0.3865,0.3222,0.03458,0.00457
10,tour,4,3,15,0.20,true,0.16350,0.00413,0.00481,1.84131,0.00416,0.3119,0.2736,0.3655,0.01176,0.00377
10,tour,4,3,15,0.30,true,0.17513,0.00425,0.00813,1.83300,0.00430,0.3730,0.1890,0.4197,0.00345,0.00263
10,tour,4,3,15,0.40,true,0.18413,0.00433,0.01367,1.82955,0.00442,0.4393,0.1278,0.4855,0.00000,0.00000
10,tour,4,3,15,0.50,true,0.18825,0.00437,0.02227,1.83402,0.00452,0.5099,0.0819,0.5608,0.00447,0.00257
10,tour,4,3,15,0.60,true,0.19087,0.00439,0.03421,1.84333,0.00462,0.5864,0.0518,0.6428,0.01378,0.00346
10,tour,4,3,15,0.70,true,0.19450,0.00443,0.04901,1.85451,0.00476,0.6654,0.0298,0.7282,0.02496,0.00413
10,tour,4,3,15,0.80,true,0.19437,0.00442,0.06740,1.87303,0.00488,0.7493,0.0180,0.8165,0.04348,0.00464
10,tour,4,3,15,0.90,true,0.19437,0.00442,0.08917,1.89479,0.00502,0.8359,0.0106,0.9081,0.06525,0.00507
10,tour,4,3,15,1.00,true,0.18987,0.00438,0.11322,1.92335,0.00512,0.9218,0.0060,0.9971,0.09380,0.00537
10,tour,4,3,15,1.10,true,0.18313,0.00432,0.14020,1.95708,0.00521,1.0103,0.0031,1.0894,0.12753,0.00562
10,tour,4,3,15,1.20,true,0.17838,0.00428,0.16865,1.99028,0.00532,1.1006,0.0014,1.1834,0.16073,0.00583
10,tour,4,3,20,0.00,true,0.07100,0.00287,0.00938,1.93838,0.00292,0.1795,0.5256,0.4086,0.03487,0.00407
10,tour,4,3,20,0.10,true,0.08750,0.00316,0.01089,1.92339,0.00322,0.2909,0.4178,0.4215,0.01987,0.00352
10,tour,4,3,20,0.20,true,0.10512,0.00343,0.01397,1.90884,0.00351,0.3707,0.3371,0.4532,0.00533,0.00258
10,tour,4,3,20,0.30,true,0.11550,0.00357,0.01901,1.90351,0.00369,0.4342,0.2620,0.4972,0.00000,0.00000
10,tour,4,3,20,0.40,true,0.11987,0.00363,0.02694,1.90707,0.00379,0.4999,0.2025,0.5530,0.00355,0.00253
10,tour,4,3,20,0.50,true,0.12450,0.00369,0.03735,1.91285,0.00392,0.5647,0.1541,0.6166,0.00934,0.00343
10,tour,4,3,20,0.60,true,0.12800,0.00374,0.05137,1.92337,0.00406,0.6327,0.1078,0.6913,0.01986,0.00402
10,tour,4,3,20,0.70,true,0.13200,0.00378,0.06752,1.93552,0.00421,0.6999,0.0716,0.7682,0.03201,0.00444
10,tour,4,3,20,0.80,true,0.13475,0.00382,0.08662,1.95188,0.00436,0.7778,0.0514,0.8504,0.04836,0.00477
10,tour,4,3,20,0.90,true,0.13562,0.00383,0.10819,1.97257,0.00449,0.8570,0.0351,0.9355,0.06905,0.00504
10,tour,4,3,20,1.00,true,0.13187,0.00378,0.13325,2.00138,0.00458,0.9419,0.0240,1.0252,0.09787,0.00521
10,tour,4,3,20,1.10,true,0.12950,0.00375,0.15931,2.02982,0.00468,1.0284,0.0174,1.1152,0.12631,0.00538
10,tour,4,3,20,1.20,true,0.12600,0.00371,0.18686,2.06088,0.00477,1.1163,0.0123,1.2071,0.15736,0.00553
10,tour,4,6,10,0.00,true,0.23613,0.00475,0.00009,1.76397,0.00475,0.1644,0.6058,0.2017,0.10082,0.00453
10,tour,4,6,10,0.10,true,0.29550,0.00510,0.00004,1.70454,0.00510,0.2103,0.4021,0.2202,0.04139,0.00361
10,tour,4,6,10,0.20,true,0.32975,0.00526,0.00005,1.67030,0.00526,0.2715,0.2245,0.2726,0.00714,0.00240
10,tour,4,6,10,0.30,true,0.33700,0.00528,0.00015,1.66315,0.00529,0.3458,0.1105,0.3482,0.00000,0.00000
10,tour,4,6,10,0.40,true,0.33137,0.00526,0.00047,1.66909,0.00527,0.4294,0.0445,0.4380,0.00594,0.00205
10,tour,4,6,10,0.50,true,0.31825,0.00521,0.00121,1.68296,0.00522,0.5220,0.0178,0.5331,0.01980,0.00265
10,tour,4,6,10,0.60,true,0.29950,0.00512,0.00268,1.70318,0.00514,0.6180,0.0059,0.6306,0.04003,0.00306
10,tour,4,6,10,0.70,true,0.28313,0.00504,0.00525,1.72213,0.00508,0.7154,0.0023,0.7276,0.05897,0.00334
10,tour,4,6,10,0.80,true,0.26238,0.00492,0.00948,1.74711,0.00498,0.8188,0.0008,0.8302,0.08395,0.00365
10,tour,4,6,10,0.90,true,0.24300,0.00480,0.01523,1.77223,0.00490,0.9155,0.0007,0.9258,0.10908,0.00389
10,tour,4,6,10,1.00,true,0.21875,0.00462,0.02392,1.80518,0.00477,1.0230,0.0002,1.0328,0.14202,0.00417
10,tour,4,6,10,1.10,true,0.19550,0.00443,0.03457,1.83907,0.00464,1.1248,0.0000,1.1340,0.17592,0.00441
10,tour,4,6,10,1.20,true,0.17275,0.00423,0.04699,1.87425,0.00449,1.2221,0.0000,1.2307,0.21110,0.00464
10,tour,4,6,15,0.00,true,0.14438,0.00393,0.00121,1.85683,0.00394,0.2453,0.5560,0.3021,0.04971,0.00370
10,tour,4,6,15,0.10,true,0.16637,0.00416,0.00080,1.83442,0.00417,0.2905,0.4263,0.3173,0.02730,0.00320
10,tour,4,6,15,0.20,true,0.18025,0.00430,0.00084,1.82059,0.00430,0.3458,0.3077,0.3537,0.01346,0.00269
10,tour,4,6,15,0.30,true,0.19062,0.00439,0.00136,1.81073,0.00440,0.4091,0.2071,0.4108,0.00361,0.00186
10,tour,4,6,15,0.40,true,0.19537,0.00443,0.00250,1.80713,0.00445,0.4796,0.1275,0.4841,0.00000,0.00000
10,tour,4,6,15,0.50,true,0.19050,0.00439,0.00447,1.81397,0.00442,0.5566,0.0747,0.5657,0.00685,0.00169
10,tour,4,6,15,0.60,true,0.18575,0.00435,0.00759,1.82184,0.00439,0.6444,0.0413,0.6578,0.01472,0.00224
10,tour,4,6,15,0.70,true,0.17700,0.00427,0.01195,1.83496,0.00434,0.7331,0.0226,0.7496,0.02783,0.00259
10,tour,4,6,15,0.80,true,0.16387,0.00414,0.01815,1.85427,0.00424,0.8292,0.0121,0.8470,0.04715,0.00292
10,tour,4,6,15,0.90,true,0.14800,0.00397,0.02644,1.87845,0.00411,0.9301,0.0070,0.9477,0.07132,0.00320
10,tour,4,6,15,1.00,true,0.13462,0.00382,0.03655,1.90193,0.00401,1.0286,0.0025,1.0477,0.09481,0.00344
10,tour,4,6,15,1.10,true,0.12137,0.00365,0.04782,1.92646,0.00389,1.1220,0.0007,1.1411,0.11934,0.00364
10,tour,4,6,15,1.20,true,0.10275,0.00339,0.06282,1.96009,0.00369,1.2282,0.0003,1.2461,0.15297,0.00389
10,tour,4,6,20,0.00,true,0.09000,0.00320,0.00529,1.91529,0.00323,0.3189,0.5385,0.3987,0.02714,0.00280
10,tour,4,6,20,0.10,true,0.10100,0.00337,0.00429,1.90329,0.00339,0.3649,0.4448,0.4119,0.01515,0.00236
10,tour,4,6,20,0.20,true,0.10900,0.00348,0.00422,1.89522,0.00350,0.4150,0.3474,0.4420,0.00707,0.00171
10,tour,4,6,20,0.30,true,0.11700,0.00359,0.00515,1.88815,0.00362,0.4732,0.2627,0.4887,0.00000,0.00000
10,tour,4,6,20,0.40,true,0.11887,0.00362,0.00707,1.88819,0.00365,0.5357,0.1915,0.5475,0.00005,0.00156
10,tour,4,6,20,0.50,true,0.11812,0.00361,0.01022,1.89210,0.00366,0.6051,0.1317,0.6192,0.00395,0.00215
10,tour,4,6,20,0.60,true,0.11488,0.00357,0.01465,1.89978,0.00364,0.6822,0.0909,0.6981,0.01164,0.00248
10,tour,4,6,20,0.70,true,0.11238,0.00353,0.02066,1.90829,0.00364,0.7657,0.0601,0.7853,0.02015,0.00278
10,tour,4,6,20,0.80,true,0.10625,0.00345,0.02811,1.92187,0.00359,0.8509,0.0401,0.8731,0.03373,0.00298
10,tour,4,6,20,0.90,true,0.09688,0.00331,0.03771,1.94084,0.00349,0.9437,0.0259,0.9680,0.05270,0.00320
10,tour,4,6,20,1.00,true,0.08975,0.00320,0.04862,1.95889,0.00343,1.0349,0.0159,1.0617,0.07074,0.00338
10,tour,4,6,20,1.10,true,0.08050,0.00304,0.06133,1.98085,0.00333,1.1279,0.0098,1.1559,0.09271,0.00353
10,tour,4,6,20,1.20,true,0.07312,0.00291,0.07590,2.00281,0.00326,1.2251,0.0059,1.2536,0.11466,0.00367
10,scratch,4,12,10,0.00,true,0.35425,0.00535,0.00011,1.64586,0.00535,0.1748,0.6905,0.2027,0.14957,0.00519
10,scratch,4,12,10,0.10,true,0.43600,0.00554,0.00040,1.56440,0.00555,0.2234,0.5007,0.2139,0.06811,0.00415
10,scratch,4,12,10,0.20,true,0.48688,0.00559,0.00124,1.51437,0.00560,0.2848,0.3082,0.2614,0.01808,0.00279
10,scratch,4,12,10,0.30,true,0.50687,0.00559,0.00316,1.49628,0.00563,0.3530,0.1627,0.3347,0.00000,0.00000
10,scratch,4,12,10,0.40,true,0.50662,0.00559,0.00674,1.50012,0.00567,0.4297,0.0813,0.4190,0.00383,0.00228
10,scratch,4,12,10,0.50,true,0.49612,0.00559,0.01325,1.51712,0.00575,0.5196,0.0357,0.5167,0.02084,0.00304
10,scratch,4,12,10,0.60,true,0.48500,0.00559,0.02294,1.53794,0.00585,0.6118,0.0131,0.6148,0.04166,0.00344
10,scratch,4,12,10,0.70,true,0.46787,0.00558,0.03631,1.56843,0.00599,0.7077,0.0063,0.7119,0.07215,0.00380
10,scratch,4,12,10,0.80,true,0.45400,0.00557,0.05337,1.59937,0.00615,0.8065,0.0027,0.8117,0.10309,0.00409
10,scratch,4,12,10,0.90,true,0.43725,0.00555,0.07381,1.63656,0.00632,0.9051,0.0011,0.9106,0.14027,0.00441
10,scratch,4,12,10,1.00,true,0.42100,0.00552,0.09698,1.67598,0.00650,1.0046,0.0004,1.0101,0.17969,0.00470
10,scratch,4,12,10,1.10,true,0.40750,0.00549,0.12183,1.71433,0.00669,1.1050,0.0000,1.1105,0.21805,0.00496
10,scratch,4,12,10,1.20,true,0.39463,0.00546,0.14789,1.75327,0.00687,1.2057,0.0000,1.2109,0.25699,0.00522
10,scratch,4,12,15,0.00,true,0.21813,0.00462,0.00183,1.78371,0.00463,0.2648,0.5898,0.2953,0.06339,0.00434
10,scratch,4,12,15,0.10,true,0.25200,0.00485,0.00356,1.75156,0.00488,0.3106,0.4656,0.3090,0.03125,0.00380
10,scratch,4,12,15,0.20,true,0.27450,0.00499,0.00680,1.73230,0.00504,0.3673,0.3470,0.3453,0.01198,0.00307
10,scratch,4,12,15,0.30,true,0.29037,0.00508,0.01238,1.72200,0.00518,0.4342,0.2464,0.4033,0.00169,0.00210
10,scratch,4,12,15,0.40,true,0.30038,0.00513,0.02069,1.72032,0.00530,0.5037,0.1588,0.4780,0.00000,0.00000
10,scratch,4,12,15,0.50,true,0.30325,0.00514,0.03093,1.72768,0.00541,0.5742,0.1017,0.5559,0.00736,0.00185
10,scratch,4,12,15,0.60,true,0.29775,0.00511,0.04528,1.74753,0.00550,0.6544,0.0598,0.6448,0.02721,0.00254
10,scratch,4,12,15,0.70,true,0.29137,0.00508,0.06307,1.77169,0.00561,0.7435,0.0349,0.7401,0.05138,0.00304
10,scratch,4,12,15,0.80,true,0.28387,0.00504,0.08382,1.79995,0.00573,0.8356,0.0211,0.8359,0.07964,0.00335
10,scratch,4,12,15,0.90,true,0.27463,0.00499,0.10796,1.83334,0.00586,0.9315,0.0117,0.9355,0.11302,0.00369
10,scratch,4,12,15,1.00,true,0.26687,0.00495,0.13380,1.86693,0.00599,1.0276,0.0061,1.0343,0.14661,0.00392
10,scratch,4,12,15,1.10,true,0.25625,0.00488,0.16182,1.90558,0.00610,1.1252,0.0027,1.1337,0.18526,0.00419
10,scratch,4,12,15,1.20,true,0.24925,0.00484,0.19036,1.94112,0.00622,1.2248,0.0013,1.2337,0.22080,0.00440
10,scratch,4,12,20,0.00,true,0.13300,0.00380,0.00703,1.87403,0.00384,0.3431,0.5643,0.3894,0.03187,0.00319
10,scratch,4,12,20,0.10,true,0.15275,0.00402,0.01042,1.85767,0.00409,0.3879,0.4734,0.4010,0.01550,0.00261
10,scratch,4,12,20,0.20,true,0.16937,0.00419,0.01582,1.84645,0.00430,0.4386,0.3819,0.4294,0.00428,0.00192
10,scratch,4,12,20,0.30,true,0.18188,0.00431,0.02404,1.84217,0.00449,0.4964,0.2927,0.4761,0.00000,0.00000
10,scratch,4,12,20,0.40,true,0.18962,0.00438,0.03456,1.84494,0.00464,0.5594,0.2232,0.5340,0.00277,0.00170
10,scratch,4,12,20,0.50,true,0.19450,0.00443,0.04706,1.85256,0.00478,0.6228,0.1684,0.5986,0.01040,0.00220
10,scratch,4,12,20,0.60,true,0.19325,0.00441,0.06325,1.87000,0.00488,0.6938,0.1202,0.6747,0.02783,0.00262
10,scratch,4,12,20,0.70,true,0.19237,0.00441,0.08229,1.88992,0.00501,0.7730,0.0853,0.7589,0.04775,0.00301
10,scratch,4,12,20,0.80,true,0.18975,0.00438,0.10384,1.91409,0.00513,0.8572,0.0609,0.8474,0.07193,0.00330
10,scratch,4,12,20,0.90,true,0.18638,0.00435,0.12765,1.94128,0.00525,0.9427,0.0415,0.9391,0.09912,0.00353
10,scratch,4,12,20,1.00,true,0.17938,0.00429,0.15388,1.97451,0.00534,1.0303,0.0270,1.0327,0.13235,0.00376
10,scratch,4,12,20,1.10,true,0.17475,0.00425,0.18127,2.00653,0.00544,1.1213,0.0170,1.1285,0.16436,0.00397
10,scratch,4,12,20,1.20,true,0.16975,0.00420,0.20964,2.03991,0.00554,1.2150,0.0110,1.2250,0.19774,0.00415
10,scratch,4,3,10,0.00,true,0.15163,0.00401,0.00042,1.84880,0.00401,0.0925,0.5589,0.2255,0.11997,0.00571
10,scratch,4,3,10,0.10,true,0.21613,0.00460,0.00066,1.78453,0.00461,0.1889,0.3747,0.2455,0.05570,0.00515
10,scratch,4,3,10,0.20,true,0.24975,0.00484,0.00161,1.75186,0.00485,0.2577,0.2369,0.2930,0.02303,0.00416
10,scratch,4,3,10,0.30,true,0.26925,0.00496,0.00413,1.73488,0.00499,0.3285,0.1413,0.3618,0.00605,0.00277
10,scratch,4,3,10,0.40,true,0.28013,0.00502,0.00895,1.72883,0.00509,0.3978,0.0747,0.4378,0.00000,0.00000
10,scratch,4,3,10,0.50,true,0.28200,0.00503,0.01715,1.73515,0.00517,0.4730,0.0380,0.5194,0.00632,0.00262
10,scratch,4,3,10,0.60,true,0.28537,0.00505,0.02961,1.74424,0.00528,0.5561,0.0189,0.6076,0.01541,0.00355
10,scratch,4,3,10,0.70,true,0.28337,0.00504,0.04625,1.76288,0.00540,0.6430,0.0089,0.6982,0.03405,0.00428
10,scratch,4,3,10,0.80,true,0.28350,0.00504,0.06731,1.78382,0.00557,0.7344,0.0044,0.7936,0.05499,0.00488
10,scratch,4,3,10,0.90,true,0.27650,0.00500,0.09147,1.81498,0.00571,0.8242,0.0026,0.8857,0.08615,0.00533
10,scratch,4,3,10,1.00,true,0.27250,0.00498,0.11794,1.84546,0.00587,0.9142,0.0010,0.9795,0.11663,0.00573
10,scratch,4,3,10,1.10,true,0.26550,0.00494,0.14758,1.88211,0.00603,1.0074,0.0005,1.0764,0.15328,0.00608
10,scratch,4,3,10,1.20,true,0.26012,0.00490,0.17774,1.91765,0.00619,1.1002,0.0003,1.1730,0.18882,0.00638
10,scratch,4,3,15,0.00,true,0.09450,0.00327,0.00503,1.91053,0.00330,0.1528,0.5356,0.3335,0.05173,0.00472
10,scratch,4,3,15,0.10,true,0.12312,0.00367,0.00646,1.88333,0.00371,0.2601,0.3999,0.3508,0.02453,0.00404
10,scratch,4,3,15,0.20,true,0.13825,0.00386,0.00969,1.87144,0.00392,0.3352,0.3007,0.3889,0.01263,0.00285
10,scratch,4,3,15,0.30,true,0.15613,0.00406,0.01493,1.85880,0.00415,0.3934,0.2160,0.4406,0.00000,0.00000
10,scratch,4,3,15,0.40,true,0.16062,0.00411,0.02382,1.86320,0.00426,0.4596,0.1526,0.5045,0.00439,0.00271
10,scratch,4,3,15,0.50,true,0.16675,0.00417,0.03573,1.86899,0.00441,0.5278,0.1053,0.5765,0.01018,0.00369
10,scratch,4,3,15,0.60,true,0.17000,0.00420,0.05113,1.88114,0.00454,0.5995,0.0688,0.6554,0.02233,0.00440
10,scratch,4,3,15,0.70,true,0.17137,0.00421,0.07036,1.89900,0.00468,0.6764,0.0437,0.7390,0.04019,0.00487
10,scratch,4,3,15,0.80,true,0.16800,0.00418,0.09342,1.92543,0.00479,0.7578,0.0272,0.8264,0.06663,0.00521
10,scratch,4,3,15,0.90,true,0.16550,0.00415,0.12035,1.95486,0.00492,0.8453,0.0165,0.9202,0.09606,0.00553
10,scratch,4,3,15,1.00,true,0.15887,0.00409,0.14881,1.98996,0.00501,0.9309,0.0100,1.0097,0.13116,0.00569
10,scratch,4,3,15,1.10,true,0.15413,0.00404,0.17833,2.02425,0.00510,1.0182,0.0065,1.1007,0.16544,0.00588
10,scratch,4,3,15,1.20,true,0.15100,0.00400,0.20839,2.05745,0.00521,1.1054,0.0032,1.1928,0.19864,0.00605
10,scratch,4,3,20,0.00,true,0.06450,0.00275,0.01876,1.95426,0.00285,0.2222,0.5257,0.4573,0.01842,0.00401
10,scratch,4,3,20,0.10,true,0.07800,0.00300,0.02103,1.94303,0.00312,0.3330,0.4380,0.4682,0.00719,0.00351
10,scratch,4,3,20,0.20,true,0.08937,0.00319,0.02609,1.93671,0.00335,0.4087,0.3624,0.4957,0.00088,0.00261
10,scratch,4,3,20,0.30,true,0.09825,0.00333,0.03409,1.93584,0.00354,0.4743,0.2940,0.5376,0.00000,0.00000
10,scratch,4,3,20,0.40,true,0.10275,0.00339,0.04503,1.94229,0.00368,0.5344,0.2321,0.5887,0.00645,0.00253
10,scratch,4,3,20,0.50,true,0.10575,0.00344,0.05847,1.95273,0.00381,0.5960,0.1837,0.6469,0.01689,0.00348
10,scratch,4,3,20,0.60,true,0.11088,0.00351,0.07582,1.96496,0.00399,0.6626,0.1392,0.7172,0.02912,0.00406
10,scratch,4,3,20,0.70,true,0.11263,0.00353,0.09608,1.98347,0.00414,0.7291,0.1007,0.7923,0.04763,0.00441
10,scratch,4,3,20,0.80,true,0.11338,0.00354,0.11943,2.00608,0.00428,0.8025,0.0711,0.8746,0.07024,0.00469
10,scratch,4,3,20,0.90,true,0.11188,0.00352,0.14439,2.03255,0.00439,0.8807,0.0526,0.9579,0.09671,0.00493
10,scratch,4,3,20,1.00,true,0.11025,0.00350,0.17066,2.06045,0.00450,0.9583,0.0372,1.0428,0.12461,0.00514
10,scratch,4,3,20,1.10,true,0.10900,0.00348,0.19826,2.08932,0.00461,1.0403,0.0261,1.1313,0.15348,0.00534
10,scratch,4,3,20,1.20,true,0.10637,0.00345,0.22619,2.11990,0.00468,1.1225,0.0187,1.2188,0.18406,0.00547
10,scratch,4,6,10,0.00,true,0.20650,0.00453,0.00025,1.79375,0.00453,0.1756,0.5931,0.2179,0.08436,0.00436
10,scratch,4,6,10,0.10,true,0.25425,0.00487,0.00013,1.74588,0.00487,0.2224,0.4043,0.2369,0.03649,0.00351
10,scratch,4,6,10,0.20,true,0.28175,0.00503,0.00020,1.71845,0.00503,0.2823,0.2383,0.2868,0.00906,0.00241
10,scratch,4,6,10,0.30,true,0.29113,0.00508,0.00052,1.70939,0.00508,0.3532,0.1217,0.3595,0.00000,0.00000
10,scratch,4,6,10,0.40,true,0.28425,0.00504,0.00129,1.71704,0.00505,0.4348,0.0582,0.4446,0.00765,0.00199
10,scratch,4,6,10,0.50,true,0.27613,0.00500,0.00287,1.72674,0.00502,0.5240,0.0245,0.5377,0.01735,0.00255
10,scratch,4,6,10,0.60,true,0.26100,0.00491,0.00575,1.74475,0.00495,0.6204,0.0093,0.6359,0.03536,0.00296
10,scratch,4,6,10,0.70,true,0.24413,0.00480,0.01030,1.76618,0.00487,0.7163,0.0038,0.7317,0.05678,0.00327
10,scratch,4,6,10,0.80,true,0.22525,0.00467,0.01724,1.79199,0.00478,0.8172,0.0013,0.8321,0.08260,0.00353
10,scratch,4,6,10,0.90,true,0.20775,0.00454,0.02623,1.81849,0.00470,0.9138,0.0008,0.9275,0.10910,0.00378
10,scratch,4,6,10,1.00,true,0.18812,0.00437,0.03929,1.85117,0.00460,1.0230,0.0006,1.0357,0.14178,0.00405
10,scratch,4,6,10,1.10,true,0.16737,0.00417,0.05449,1.88714,0.00448,1.1253,0.0003,1.1374,0.17775,0.00430
10,scratch,4,6,10,1.20,true,0.14638,0.00395,0.07127,1.92494,0.00433,1.2206,0.0001,1.2322,0.21555,0.00453
10,scratch,4,6,15,0.00,true,0.11900,0.00362,0.00278,1.88378,0.00363,0.2641,0.5478,0.3322,0.03709,0.00342
10,scratch,4,6,15,0.10,true,0.13775,0.00385,0.00214,1.86439,0.00386,0.3079,0.4259,0.3480,0.01770,0.00301
10,scratch,4,6,15,0.20,true,0.14713,0.00396,0.00240,1.85528,0.00397,0.3628,0.3160,0.3831,0.00859,0.00249
10,scratch,4,6,15,0.30,true,0.15463,0.00404,0.00358,1.84896,0.00406,0.4259,0.2234,0.4370,0.00227,0.00175
10,scratch,4,6,15,0.40,true,0.15925,0.00409,0.00594,1.84669,0.00412,0.4952,0.1456,0.5075,0.00000,0.00000
10,scratch,4,6,15,0.50,true,0.15550,0.00405,0.00955,1.85406,0.00411,0.5675,0.0904,0.5840,0.00737,0.00157
10,scratch,4,6,15,0.60,true,0.14963,0.00399,0.01495,1.86532,0.00407,0.6510,0.0547,0.6709,0.01863,0.00211
10,scratch,4,6,15,0.70,true,0.14088,0.00389,0.02215,1.88129,0.00401,0.7382,0.0332,0.7604,0.03460,0.00249
10,scratch,4,6,15,0.80,true,0.13050,0.00377,0.03166,1.90117,0.00394,0.8294,0.0171,0.8555,0.05448,0.00280
10,scratch,4,6,15,0.90,true,0.12137,0.00365,0.04369,1.92234,0.00388,0.9294,0.0104,0.9553,0.07565,0.00301
10,scratch,4,6,15,1.00,true,0.10712,0.00346,0.05809,1.95100,0.00375,1.0292,0.0062,1.0548,0.10431,0.00332
10,scratch,4,6,15,1.10,true,0.09638,0.00330,0.07345,1.97712,0.00366,1.1211,0.0024,1.1481,0.13043,0.00352
10,scratch,4,6,15,1.20,true,0.08475,0.00311,0.09296,2.00828,0.00355,1.2268,0.0007,1.2535,0.16159,0.00371
10,scratch,4,6,20,0.00,true,0.06888,0.00283,0.01158,1.94270,0.00289,0.3423,0.5304,0.4464,0.01918,0.00252
10,scratch,4,6,20,0.10,true,0.07675,0.00298,0.01035,1.93360,0.00303,0.3859,0.4416,0.4601,0.01008,0.00208
10,scratch,4,6,20,0.20,true,0.08263,0.00308,0.01072,1.92809,0.00313,0.4378,0.3548,0.4895,0.00457,0.00146
10,scratch,4,6,20,0.30,true,0.08912,0.00319,0.01265,1.92352,0.00325,0.4947,0.2751,0.5341,0.00000,0.00000
10,scratch,4,6,20,0.40,true,0.08987,0.00320,0.01625,1.92638,0.00328,0.5566,0.2086,0.5894,0.00286,0.00140
10,scratch,4,6,20,0.50,true,0.09150,0.00322,0.02160,1.93011,0.00333,0.6227,0.1491,0.6571,0.00659,0.00193
10,scratch,4,6,20,0.60,true,0.08900,0.00318,0.02874,1.93975,0.00333,0.6952,0.1052,0.7316,0.01623,0.00227
10,scratch,4,6,20,0.70,true,0.08450,0.00311,0.03804,1.95356,0.00331,0.7771,0.0752,0.8138,0.03003,0.00254
10,scratch,4,6,20,0.80,true,0.08075,0.00305,0.04894,1.96822,0.00330,0.8587,0.0510,0.8989,0.04469,0.00276
10,scratch,4,6,20,0.90,true,0.07637,0.00297,0.06247,1.98613,0.00329,0.9510,0.0355,0.9921,0.06261,0.00296
10,scratch,4,6,20,1.00,true,0.07050,0.00286,0.07726,2.00682,0.00324,1.0396,0.0237,1.0828,0.08329,0.00314
10,scratch,4,6,20,1.10,true,0.06525,0.00276,0.09369,2.02852,0.00321,1.1299,0.0154,1.1748,0.10500,0.00327
10,scratch,4,6,20,1.20,true,0.05563,0.00256,0.11246,2.05694,0.00309,1.2241,0.0097,1.2698,0.13342,0.00341
10,mid,4,12,10,0.00,true,0.28400,0.00504,0.00056,1.71656,0.00505,0.1867,0.6426,0.2219,0.09926,0.00474
10,mid,4,12,10,0.10,true,0.34537,0.00532,0.00164,1.65627,0.00533,0.2376,0.4736,0.2357,0.03897,0.00383
10,mid,4,12,10,0.20,true,0.37975,0.00543,0.00443,1.62468,0.00547,0.2962,0.3027,0.2804,0.00739,0.00258
10,mid,4,12,10,0.30,true,0.39250,0.00546,0.00979,1.61729,0.00556,0.3638,0.1786,0.3479,0.00000,0.00000
10,mid,4,12,10,0.40,true,0.39425,0.00546,0.01856,1.62431,0.00565,0.4383,0.0962,0.4294,0.00701,0.00230
10,mid,4,12,10,0.50,true,0.38650,0.00544,0.03221,1.64571,0.00577,0.5235,0.0481,0.5214,0.02842,0.00300
10,mid,4,12,10,0.60,true,0.37588,0.00542,0.05067,1.67479,0.00591,0.6154,0.0228,0.6185,0.05750,0.00351
10,mid,4,12,10,0.70,true,0.36262,0.00538,0.07342,1.71080,0.00607,0.7083,0.0102,0.7149,0.09350,0.00387
10,mid,4,12,10,0.80,true,0.34800,0.00533,0.10048,1.75249,0.00624,0.8053,0.0050,0.8130,0.13519,0.00419
10,mid,4,12,10,0.90,true,0.33475,0.00528,0.13023,1.79549,0.00642,0.9032,0.0023,0.9116,0.17820,0.00450
10,mid,4,12,10,1.00,true,0.32138,0.00522,0.16231,1.84096,0.00659,1.0031,0.0013,1.0114,0.22366,0.00479
10,mid,4,12,10,1.10,true,0.30675,0.00516,0.19596,1.88924,0.00673,1.1029,0.0004,1.1114,0.27195,0.00508
10,mid,4,12,10,1.20,true,0.29762,0.00511,0.22856,1.93097,0.00689,1.2033,0.0002,1.2116,0.31368,0.00530
10,mid,4,12,15,0.00,true,0.15950,0.00409,0.00643,1.84693,0.00413,0.2897,0.5611,0.3331,0.02084,0.00288
10,mid,4,12,15,0.10,true,0.17775,0.00427,0.01086,1.83311,0.00435,0.3329,0.4453,0.3477,0.00702,0.00203
10,mid,4,12,15,0.20,true,0.19225,0.00441,0.01834,1.82609,0.00454,0.3888,0.3415,0.3827,0.00000,0.00000
10,mid,4,12,15,0.30,true,0.20325,0.00450,0.02944,1.82619,0.00472,0.4531,0.2512,0.4367,0.00009,0.00201
10,mid,4,12,15,0.40,true,0.20788,0.00454,0.04479,1.83692,0.00488,0.5212,0.1736,0.5056,0.01082,0.00269
10,mid,4,12,15,0.50,true,0.20888,0.00454,0.06236,1.85349,0.00502,0.5886,0.1188,0.5779,0.02739,0.00314
10,mid,4,12,15,0.60,true,0.20900,0.00455,0.08477,1.87578,0.00518,0.6675,0.0779,0.6626,0.04969,0.00351
10,mid,4,12,15,0.70,true,0.20550,0.00452,0.11088,1.90539,0.00533,0.7495,0.0464,0.7529,0.07930,0.00383
10,mid,4,12,15,0.80,true,0.19900,0.00446,0.14031,1.94133,0.00546,0.8400,0.0298,0.8468,0.11524,0.00413
10,mid,4,12,15,0.90,true,0.19362,0.00442,0.17175,1.97815,0.00560,0.9336,0.0192,0.9430,0.15206,0.00438
10,mid,4,12,15,1.00,true,0.18762,0.00436,0.20497,2.01739,0.00572,1.0287,0.0115,1.0410,0.19129,0.00460
10,mid,4,12,15,1.10,true,0.18138,0.00431,0.23870,2.05738,0.00583,1.1247,0.0067,1.1392,0.23129,0.00477
10,mid,4,12,15,1.20,true,0.17388,0.00424,0.27334,2.09955,0.00591,1.2223,0.0035,1.2384,0.27345,0.00496
10,mid,4,12,20,0.00,true,0.09162,0.00323,0.02049,1.92887,0.00335,0.3745,0.5486,0.4483,0.00624,0.00230
10,mid,4,12,20,0.10,true,0.10300,0.00340,0.02713,1.92413,0.00358,0.4168,0.4640,0.4607,0.00151,0.00166
10,mid,4,12,20,0.20,true,0.11463,0.00356,0.03724,1.92262,0.00382,0.4684,0.3826,0.4890,0.00000,0.00000
10,mid,4,12,20,0.30,true,0.12212,0.00366,0.05141,1.92930,0.00402,0.5251,0.3023,0.5326,0.00667,0.00158
10,mid,4,12,20,0.40,true,0.12637,0.00371,0.06837,1.94201,0.00419,0.5886,0.2415,0.5863,0.01938,0.00214
10,mid,4,12,20,0.50,true,0.13037,0.00376,0.08723,1.95687,0.00437,0.6499,0.1884,0.6469,0.03425,0.00259
10,mid,4,12,20,0.60,true,0.13087,0.00377,0.11035,1.97949,0.00453,0.7172,0.1389,0.7191,0.05687,0.00298
10,mid,4,12,20,0.70,true,0.12887,0.00375,0.13599,2.00715,0.00466,0.7912,0.1042,0.7957,0.08452,0.00322
10,mid,4,12,20,0.80,true,0.12700,0.00372,0.16412,2.03716,0.00479,0.8707,0.0767,0.8790,0.11453,0.00348
10,mid,4,12,20,0.90,true,0.12362,0.00368,0.19443,2.07086,0.00490,0.9544,0.0565,0.9662,0.14824,0.00372
10,mid,4,12,20,1.00,true,0.12037,0.00364,0.22634,2.10604,0.00500,1.0420,0.0408,1.0579,0.18341,0.00396
10,mid,4,12,20,1.10,true,0.11625,0.00358,0.25868,2.14253,0.00508,1.1286,0.0276,1.1501,0.21991,0.00414
10,mid,4,12,20,1.20,true,0.11213,0.00353,0.29116,2.17917,0.00514,1.2192,0.0197,1.2433,0.25654,0.00427
10,mid,4,3,10,0.00,true,0.13775,0.00385,0.00185,1.86410,0.00386,0.1157,0.5623,0.2536,0.08113,0.00547
10,mid,4,3,10,0.10,true,0.18525,0.00434,0.00278,1.81753,0.00436,0.2091,0.3989,0.2704,0.03457,0.00466
10,mid,4,3,10,0.20,true,0.21200,0.00457,0.00567,1.79367,0.00461,0.2774,0.2643,0.3152,0.01071,0.00329
10,mid,4,3,10,0.30,true,0.22887,0.00470,0.01184,1.78297,0.00478,0.3466,0.1689,0.3802,0.00000,0.00000
10,mid,4,3,10,0.40,true,0.23650,0.00475,0.02190,1.78541,0.00491,0.4156,0.1048,0.4526,0.00244,0.00286
10,mid,4,3,10,0.50,true,0.23788,0.00476,0.03646,1.79860,0.00503,0.4870,0.0582,0.5326,0.01563,0.00395
10,mid,4,3,10,0.60,true,0.23387,0.00473,0.05668,1.82282,0.00515,0.5657,0.0310,0.6186,0.03985,0.00467
10,mid,4,3,10,0.70,true,0.23175,0.00472,0.08118,1.84946,0.00531,0.6498,0.0159,0.7082,0.06649,0.00520
10,mid,4,3,10,0.80,true,0.22812,0.00469,0.11057,1.88249,0.00548,0.7408,0.0084,0.8040,0.09953,0.00565
10,mid,4,3,10,0.90,true,0.22600,0.00468,0.14043,1.91450,0.00566,0.8285,0.0048,0.8951,0.13154,0.00598
10,mid,4,3,10,1.00,true,0.22075,0.00464,0.17283,1.95218,0.00582,0.9176,0.0029,0.9879,0.16922,0.00628
10,mid,4,3,10,1.10,true,0.21400,0.00459,0.20799,1.99414,0.00596,1.0105,0.0013,1.0853,0.21117,0.00657
10,mid,4,3,10,1.20,true,0.20750,0.00453,0.24273,2.03543,0.00609,1.1024,0.0008,1.1812,0.25247,0.00673
10,mid,4,3,15,0.00,true,0.08025,0.00304,0.01590,1.93565,0.00313,0.2100,0.5344,0.3900,0.02417,0.00420
10,mid,4,3,15,0.10,true,0.09650,0.00330,0.01944,1.92294,0.00342,0.3083,0.4210,0.4041,0.01146,0.00306
10,mid,4,3,15,0.20,true,0.11575,0.00358,0.02723,1.91148,0.00375,0.3830,0.3347,0.4412,0.00000,0.00000
10,mid,4,3,15,0.30,true,0.12525,0.00370,0.03749,1.91225,0.00394,0.4379,0.2584,0.4864,0.00077,0.00288
10,mid,4,3,15,0.40,true,0.13262,0.00379,0.05161,1.91900,0.00413,0.4946,0.1899,0.5435,0.00752,0.00392
10,mid,4,3,15,0.50,true,0.13125,0.00378,0.07090,1.93968,0.00424,0.5621,0.1422,0.6112,0.02819,0.00450
10,mid,4,3,15,0.60,true,0.13075,0.00377,0.09444,1.96374,0.00439,0.6314,0.0979,0.6889,0.05225,0.00489
10,mid,4,3,15,0.70,true,0.13200,0.00378,0.12020,1.98826,0.00456,0.7065,0.0698,0.7698,0.07678,0.00520
10,mid,4,3,15,0.80,true,0.12825,0.00374,0.14916,2.02100,0.00467,0.7832,0.0480,0.8540,0.10951,0.00540
10,mid,4,3,15,0.90,true,0.12525,0.00370,0.18071,2.05558,0.00479,0.8639,0.0306,0.9443,0.14410,0.00560
10,mid,4,3,15,1.00,true,0.12337,0.00368,0.21220,2.08900,0.00491,0.9479,0.0222,1.0326,0.17751,0.00578
10,mid,4,3,15,1.10,true,0.12012,0.00363,0.24458,2.12469,0.00500,1.0307,0.0141,1.1225,0.21321,0.00591
10,mid,4,3,15,1.20,true,0.11775,0.00360,0.27707,2.15963,0.00510,1.1163,0.0088,1.2144,0.24815,0.00600
10,mid,4,3,20,0.00,true,0.05538,0.00256,0.05021,1.99486,0.00287,0.3223,0.5255,0.5543,0.00178,0.00371
10,mid,4,3,20,0.10,true,0.06212,0.00270,0.05613,1.99403,0.00305,0.4314,0.4619,0.5655,0.00095,0.00279
10,mid,4,3,20,0.20,true,0.07175,0.00289,0.06480,1.99308,0.00330,0.4928,0.3940,0.5886,0.00000,0.00000
10,mid,4,3,20,0.30,true,0.07262,0.00290,0.07810,2.00551,0.00341,0.5566,0.3389,0.6241,0.01243,0.00261
10,mid,4,3,20,0.40,true,0.07525,0.00295,0.09520,2.02000,0.00357,0.6165,0.2829,0.6722,0.02692,0.00352
10,mid,4,3,20,0.50,true,0.07975,0.00303,0.11395,2.03427,0.00377,0.6736,0.2346,0.7262,0.04119,0.00400
10,mid,4,3,20,0.60,true,0.08125,0.00305,0.13590,2.05474,0.00392,0.7341,0.1907,0.7881,0.06166,0.00437
10,mid,4,3,20,0.70,true,0.08325,0.00309,0.15879,2.07567,0.00409,0.7923,0.1527,0.8527,0.08258,0.00465
10,mid,4,3,20,0.80,true,0.08538,0.00312,0.18503,2.09982,0.00426,0.8592,0.1185,0.9291,0.10674,0.00485
10,mid,4,3,20,0.90,true,0.08413,0.00310,0.21185,2.12794,0.00436,0.9257,0.0913,1.0051,0.13486,0.00501
10,mid,4,3,20,1.00,true,0.08238,0.00307,0.24028,2.15820,0.00446,0.9991,0.0702,1.0873,0.16511,0.00514
10,mid,4,3,20,1.10,true,0.08163,0.00306,0.26904,2.18779,0.00455,1.0732,0.0514,1.1727,0.19471,0.00528
10,mid,4,3,20,1.20,true,0.08000,0.00303,0.29763,2.21811,0.00462,1.1504,0.0393,1.2577,0.22503,0.00538
10,mid,4,6,10,0.00,true,0.15837,0.00408,0.00116,1.84279,0.00409,0.1918,0.5699,0.2467,0.05976,0.00376
10,mid,4,6,10,0.10,true,0.19137,0.00440,0.00079,1.80941,0.00440,0.2374,0.4038,0.2652,0.02638,0.00311
10,mid,4,6,10,0.20,true,0.21400,0.00459,0.00118,1.78718,0.00459,0.2961,0.2535,0.3124,0.00415,0.00212
10,mid,4,6,10,0.30,true,0.21950,0.00463,0.00253,1.78303,0.00464,0.3655,0.1456,0.3801,0.00000,0.00000
10,mid,4,6,10,0.40,true,0.21588,0.00460,0.00530,1.78943,0.00463,0.4442,0.0778,0.4613,0.00640,0.00184
10,mid,4,6,10,0.50,true,0.20850,0.00454,0.01005,1.80156,0.00461,0.5297,0.0374,0.5509,0.01853,0.00242
10,mid,4,6,10,0.60,true,0.19850,0.00446,0.01734,1.81885,0.00457,0.6225,0.0179,0.6455,0.03582,0.00278
10,mid,4,6,10,0.70,true,0.18775,0.00437,0.02738,1.83966,0.00453,0.7166,0.0075,0.7409,0.05663,0.00305
10,mid,4,6,10,0.80,true,0.17175,0.00422,0.04119,1.86949,0.00446,0.8172,0.0035,0.8409,0.08646,0.00332
10,mid,4,6,10,0.90,true,0.15650,0.00406,0.05732,1.90090,0.00439,0.9122,0.0018,0.9350,0.11787,0.00355
10,mid,4,6,10,1.00,true,0.13825,0.00386,0.07898,1.94086,0.00429,1.0192,0.0007,1.0411,0.15783,0.00383
10,mid,4,6,10,1.10,true,0.12125,0.00365,0.10250,1.98145,0.00417,1.1202,0.0006,1.1410,0.19842,0.00409
10,mid,4,6,10,1.20,true,0.10187,0.00338,0.12783,2.02624,0.00399,1.2158,0.0006,1.2357,0.24321,0.00433
10,mid,4,6,15,0.00,true,0.08563,0.00313,0.01113,1.92551,0.00318,0.2882,0.5353,0.3887,0.01916,0.00222
10,mid,4,6,15,0.10,true,0.09850,0.00333,0.01013,1.91163,0.00338,0.3305,0.4240,0.4056,0.00528,0.00163
10,mid,4,6,15,0.20,true,0.10500,0.00343,0.01134,1.90635,0.00349,0.3863,0.3258,0.4401,0.00000,0.00000
10,mid,4,6,15,0.30,true,0.10837,0.00348,0.01488,1.90652,0.00355,0.4471,0.2407,0.4897,0.00017,0.00151
10,mid,4,6,15,0.40,true,0.11050,0.00351,0.02082,1.91034,0.00362,0.5135,0.1677,0.5542,0.00399,0.00209
10,mid,4,6,15,0.50,true,0.10700,0.00346,0.02898,1.92201,0.00361,0.5813,0.1114,0.6249,0.01566,0.00239
10,mid,4,6,15,0.60,true,0.10325,0.00340,0.04020,1.93700,0.00362,0.6619,0.0712,0.7081,0.03065,0.00271
10,mid,4,6,15,0.70,true,0.09813,0.00333,0.05365,1.95560,0.00362,0.7453,0.0456,0.7936,0.04925,0.00294
10,mid,4,6,15,0.80,true,0.09212,0.00323,0.07017,1.97817,0.00361,0.8358,0.0284,0.8857,0.07182,0.00318
10,mid,4,6,15,0.90,true,0.08363,0.00309,0.08998,2.00653,0.00356,0.9309,0.0166,0.9820,0.10018,0.00334
10,mid,4,6,15,1.00,true,0.07675,0.00298,0.11186,2.03536,0.00354,1.0283,0.0107,1.0789,0.12901,0.00352
10,mid,4,6,15,1.10,true,0.06763,0.00281,0.13433,2.06704,0.00345,1.1199,0.0076,1.1692,0.16069,0.00368
10,mid,4,6,15,1.20,true,0.05775,0.00261,0.16159,2.10430,0.00335,1.2211,0.0033,1.2717,0.19796,0.00384
10,mid,4,6,20,0.00,true,0.04412,0.00230,0.04106,1.99695,0.00253,0.3736,0.5253,0.5394,0.00690,0.00172
10,mid,4,6,20,0.10,true,0.04850,0.00240,0.03997,1.99149,0.00262,0.4157,0.4434,0.5547,0.00144,0.00126
10,mid,4,6,20,0.20,true,0.05175,0.00248,0.04177,1.99005,0.00271,0.4690,0.3678,0.5835,0.00000,0.00000
10,mid,4,6,20,0.30,true,0.05525,0.00255,0.04641,1.99120,0.00281,0.5209,0.2915,0.6248,0.00115,0.00118
10,mid,4,6,20,0.40,true,0.05738,0.00260,0.05384,1.99652,0.00290,0.5819,0.2295,0.6771,0.00647,0.00160
10,mid,4,6,20,0.50,true,0.05700,0.00259,0.06408,2.00716,0.00295,0.6474,0.1754,0.7392,0.01711,0.00194
10,mid,4,6,20,0.60,true,0.05912,0.00264,0.07669,2.01769,0.00306,0.7151,0.1286,0.8093,0.02764,0.00218
10,mid,4,6,20,0.70,true,0.05688,0.00259,0.09201,2.03530,0.00309,0.7920,0.0946,0.8862,0.04525,0.00241
10,mid,4,6,20,0.80,true,0.05325,0.00251,0.10915,2.05612,0.00310,0.8709,0.0702,0.9651,0.06607,0.00258
10,mid,4,6,20,0.90,true,0.04950,0.00243,0.12925,2.08006,0.00310,0.9563,0.0485,1.0530,0.09001,0.00278
10,mid,4,6,20,1.00,true,0.04550,0.00233,0.15020,2.10510,0.00310,1.0434,0.0363,1.1392,0.11505,0.00294
10,mid,4,6,20,1.10,true,0.04150,0.00223,0.17279,2.13180,0.00308,1.1306,0.0252,1.2280,0.14175,0.00309
10,mid,4,6,20,1.20,true,0.03737,0.00212,0.19739,2.16067,0.00306,1.2224,0.0165,1.3214,0.17062,0.00325
10,high,4,12,10,0.00,true,0.22987,0.00470,0.00227,1.77240,0.00472,0.2057,0.6122,0.2462,0.06374,0.00443
10,high,4,12,10,0.10,true,0.27225,0.00498,0.00521,1.73296,0.00502,0.2564,0.4584,0.2615,0.02429,0.00357
10,high,4,12,10,0.20,true,0.30012,0.00512,0.01139,1.71127,0.00522,0.3132,0.3077,0.3039,0.00260,0.00246
10,high,4,12,10,0.30,true,0.31325,0.00519,0.02191,1.70866,0.00538,0.3822,0.1986,0.3683,0.00000,0.00000
10,high,4,12,10,0.40,true,0.31562,0.00520,0.03674,1.72112,0.00553,0.4508,0.1163,0.4434,0.01246,0.00211
10,high,4,12,10,0.50,true,0.30588,0.00515,0.05813,1.75227,0.00567,0.5329,0.0670,0.5304,0.04360,0.00287
10,high,4,12,10,0.60,true,0.29688,0.00511,0.08435,1.78750,0.00584,0.6191,0.0356,0.6227,0.07883,0.00337
10,high,4,12,10,0.70,true,0.28875,0.00507,0.11509,1.82637,0.00603,0.7116,0.0183,0.7195,0.11771,0.00377
10,high,4,12,10,0.80,true,0.27763,0.00501,0.14922,1.87164,0.00620,0.8067,0.0090,0.8173,0.16298,0.00414
10,high,4,12,10,0.90,true,0.26550,0.00494,0.18593,1.92050,0.00636,0.9043,0.0046,0.9161,0.21184,0.00448
10,high,4,12,10,1.00,true,0.25612,0.00488,0.22298,1.96696,0.00652,1.0032,0.0029,1.0151,0.25830,0.00473
10,high,4,12,10,1.10,true,0.24588,0.00481,0.26024,2.01452,0.00666,1.1016,0.0018,1.1134,0.30585,0.00494
10,high,4,12,10,1.20,true,0.23513,0.00474,0.29759,2.06269,0.00676,1.2004,0.0008,1.2126,0.35402,0.00516
10,high,4,12,15,0.00,true,0.12212,0.00366,0.01686,1.89475,0.00377,0.3167,0.5446,0.3765,0.00539,0.00178
10,high,4,12,15,0.10,true,0.13537,0.00383,0.02472,1.88936,0.00399,0.3599,0.4415,0.3921,0.00000,0.00000
10,high,4,12,15,0.20,true,0.14375,0.00392,0.03687,1.89313,0.00419,0.4140,0.3470,0.4252,0.00377,0.00182
10,high,4,12,15,0.30,true,0.15038,0.00400,0.05384,1.90349,0.00439,0.4763,0.2639,0.4756,0.01413,0.00253
10,high,4,12,15,0.40,true,0.15375,0.00403,0.07563,1.92191,0.00458,0.5458,0.1979,0.5392,0.03255,0.00298
10,high,4,12,15,0.50,true,0.15538,0.00405,0.09936,1.94402,0.00476,0.6088,0.1415,0.6072,0.05466,0.00339
10,high,4,12,15,0.60,true,0.15375,0.00403,0.12825,1.97456,0.00493,0.6842,0.0997,0.6862,0.08520,0.00373
10,high,4,12,15,0.70,true,0.15313,0.00403,0.16034,2.00731,0.00511,0.7655,0.0688,0.7724,0.11795,0.00403
10,high,4,12,15,0.80,true,0.15025,0.00399,0.19486,2.04474,0.00527,0.8476,0.0421,0.8633,0.15537,0.00431
10,high,4,12,15,0.90,true,0.14513,0.00394,0.23124,2.08628,0.00539,0.9390,0.0294,0.9565,0.19692,0.00453
10,high,4,12,15,1.00,true,0.14163,0.00390,0.26777,2.12638,0.00551,1.0322,0.0202,1.0519,0.23702,0.00471
10,high,4,12,15,1.10,true,0.13750,0.00385,0.30470,2.16751,0.00560,1.1266,0.0132,1.1490,0.27815,0.00487
10,high,4,12,15,1.20,true,0.13350,0.00380,0.34103,2.20794,0.00568,1.2216,0.0081,1.2465,0.31858,0.00498
10,high,4,12,20,0.00,true,0.06750,0.00280,0.04764,1.98020,0.00311,0.4099,0.5410,0.5164,0.00000,0.00000
10,high,4,12,20,0.10,true,0.07425,0.00293,0.05770,1.98351,0.00331,0.4515,0.4649,0.5290,0.00331,0.00136
10,high,4,12,20,0.20,true,0.08163,0.00306,0.07203,1.99047,0.00355,0.5035,0.3925,0.5561,0.01027,0.00201
10,high,4,12,20,0.30,true,0.08450,0.00311,0.09118,2.00675,0.00373,0.5582,0.3187,0.5963,0.02655,0.00246
10,high,4,12,20,0.40,true,0.08937,0.00319,0.11290,2.02360,0.00396,0.6178,0.2585,0.6474,0.04341,0.00289
10,high,4,12,20,0.50,true,0.09062,0.00321,0.13619,2.04567,0.00412,0.6780,0.2114,0.7024,0.06548,0.00318
10,high,4,12,20,0.60,true,0.09237,0.00324,0.16384,2.07160,0.00431,0.7451,0.1655,0.7699,0.09141,0.00349
10,high,4,12,20,0.70,true,0.09237,0.00324,0.19384,2.10166,0.00447,0.8128,0.1242,0.8437,0.12146,0.00376
10,high,4,12,20,0.80,true,0.09162,0.00323,0.22548,2.13410,0.00460,0.8911,0.0984,0.9216,0.15390,0.00396
10,high,4,12,20,0.90,true,0.08912,0.00319,0.25886,2.17005,0.00470,0.9696,0.0742,1.0042,0.18986,0.00416
10,high,4,12,20,1.00,true,0.08725,0.00316,0.29267,2.20583,0.00479,1.0539,0.0582,1.0898,0.22563,0.00430
10,high,4,12,20,1.10,true,0.08413,0.00310,0.32686,2.24325,0.00485,1.1383,0.0438,1.1779,0.26305,0.00443
10,high,4,12,20,1.20,true,0.08150,0.00306,0.36081,2.27996,0.00490,1.2255,0.0329,1.2685,0.29976,0.00453
10,high,4,3,10,0.00,true,0.12150,0.00365,0.00639,1.88490,0.00369,0.1446,0.5643,0.2862,0.05062,0.00539
10,high,4,3,10,0.10,true,0.15588,0.00406,0.00891,1.85304,0.00411,0.2350,0.4182,0.3010,0.01877,0.00470
10,high,4,3,10,0.20,true,0.17650,0.00426,0.01551,1.83902,0.00437,0.3031,0.2945,0.3432,0.00474,0.00325
10,high,4,3,10,0.30,true,0.19300,0.00441,0.02725,1.83427,0.00461,0.3697,0.2003,0.4043,0.00000,0.00000
10,high,4,3,10,0.40,true,0.19887,0.00446,0.04364,1.84481,0.00478,0.4354,0.1336,0.4724,0.01053,0.00304
10,high,4,3,10,0.50,true,0.19825,0.00446,0.06603,1.86785,0.00493,0.5049,0.0822,0.5504,0.03357,0.00409
10,high,4,3,10,0.60,true,0.19600,0.00444,0.09371,1.89782,0.00511,0.5822,0.0512,0.6348,0.06354,0.00479
10,high,4,3,10,0.70,true,0.19400,0.00442,0.12473,1.93090,0.00529,0.6614,0.0295,0.7218,0.09662,0.00525
10,high,4,3,10,0.80,true,0.19187,0.00440,0.15984,1.96822,0.00549,0.7470,0.0150,0.8158,0.13394,0.00572
10,high,4,3,10,0.90,true,0.18987,0.00438,0.19433,2.00481,0.00567,0.8325,0.0093,0.9055,0.17054,0.00600
10,high,4,3,10,1.00,true,0.18338,0.00433,0.23136,2.04847,0.00580,0.9213,0.0055,0.9987,0.21420,0.00628
10,high,4,3,10,1.10,true,0.17463,0.00424,0.27039,2.09644,0.00588,1.0139,0.0033,1.0957,0.26216,0.00653
10,high,4,3,10,1.20,true,0.16500,0.00415,0.30740,2.14329,0.00592,1.1023,0.0022,1.1883,0.30901,0.00668
10,high,4,3,15,0.00,true,0.06763,0.00281,0.04035,1.97277,0.00306,0.2749,0.5301,0.4565,0.00882,0.00415
10,high,4,3,15,0.10,true,0.08125,0.00305,0.04769,1.96650,0.00336,0.3703,0.4373,0.4713,0.00255,0.00314
10,high,4,3,15,0.20,true,0.09488,0.00328,0.05876,1.96395,0.00366,0.4346,0.3627,0.5010,0.00000,0.00000
10,high,4,3,15,0.30,true,0.09838,0.00333,0.07518,1.97689,0.00384,0.4914,0.2943,0.5447,0.01295,0.00288
10,high,4,3,15,0.40,true,0.10138,0.00337,0.09614,1.99489,0.00402,0.5509,0.2342,0.5997,0.03094,0.00392
10,high,4,3,15,0.50,true,0.10312,0.00340,0.12001,2.01707,0.00420,0.6100,0.1817,0.6622,0.05312,0.00452
10,high,4,3,15,0.60,true,0.10225,0.00339,0.14809,2.04609,0.00435,0.6742,0.1369,0.7337,0.08214,0.00489
10,high,4,3,15,0.70,true,0.10325,0.00340,0.17807,2.07517,0.00453,0.7418,0.1004,0.8111,0.11122,0.00513
10,high,4,3,15,0.80,true,0.10088,0.00337,0.21042,2.11003,0.00465,0.8159,0.0752,0.8925,0.14608,0.00532
10,high,4,3,15,0.90,true,0.09938,0.00334,0.24375,2.14502,0.00477,0.8912,0.0536,0.9784,0.18107,0.00550
10,high,4,3,15,1.00,true,0.09825,0.00333,0.27637,2.17896,0.00488,0.9686,0.0384,1.0643,0.21501,0.00568
10,high,4,3,15,1.10,true,0.09688,0.00331,0.30955,2.21375,0.00498,1.0503,0.0281,1.1535,0.24980,0.00580
10,high,4,3,15,1.20,true,0.09025,0.00320,0.34345,2.25456,0.00497,1.1323,0.0207,1.2420,0.29061,0.00582
10,high,4,3,20,0.00,true,0.04612,0.00235,0.10803,2.06213,0.00305,0.4326,0.5226,0.6657,0.00000,0.00000
10,high,4,3,20,0.10,true,0.05162,0.00247,0.11643,2.06503,0.00324,0.5394,0.4736,0.6775,0.00290,0.00306
10,high,4,3,20,0.20,true,0.05100,0.00246,0.12949,2.07874,0.00332,0.6019,0.4189,0.7004,0.01661,0.00350
10,high,4,3,20,0.30,true,0.05488,0.00255,0.14524,2.09066,0.00351,0.6557,0.3669,0.7350,0.02853,0.00379
10,high,4,3,20,0.40,true,0.05675,0.00259,0.16302,2.10663,0.00366,0.7102,0.3237,0.7749,0.04450,0.00404
10,high,4,3,20,0.50,true,0.06175,0.00269,0.18280,2.12149,0.00388,0.7628,0.2814,0.8237,0.05936,0.00430
10,high,4,3,20,0.60,true,0.06475,0.00275,0.20616,2.14197,0.00408,0.8200,0.2390,0.8828,0.07984,0.00451
10,high,4,3,20,0.70,true,0.06350,0.00273,0.23022,2.16744,0.00417,0.8730,0.2009,0.9422,0.10531,0.00468
10,high,4,3,20,0.80,true,0.06400,0.00274,0.25568,2.19258,0.00430,0.9317,0.1676,1.0088,0.13045,0.00486
10,high,4,3,20,0.90,true,0.06388,0.00273,0.28163,2.21887,0.00441,0.9904,0.1370,1.0789,0.15674,0.00503
10,high,4,3,20,1.00,true,0.06263,0.00271,0.30886,2.24761,0.00448,1.0554,0.1120,1.1540,0.18549,0.00515
10,high,4,3,20,1.10,true,0.06288,0.00271,0.33633,2.27515,0.00458,1.1253,0.0911,1.2345,0.21302,0.00528
10,high,4,3,20,1.20,true,0.06087,0.00267,0.36395,2.30514,0.00462,1.1957,0.0732,1.3162,0.24301,0.00536
10,high,4,6,10,0.00,true,0.12525,0.00370,0.00434,1.87909,0.00372,0.2121,0.5603,0.2795,0.04380,0.00342
10,high,4,6,10,0.10,true,0.14913,0.00398,0.00358,1.85446,0.00400,0.2571,0.4071,0.2992,0.01916,0.00275
10,high,4,6,10,0.20,true,0.16562,0.00416,0.00479,1.83917,0.00418,0.3123,0.2670,0.3435,0.00388,0.00184
10,high,4,6,10,0.30,true,0.17300,0.00423,0.00827,1.83529,0.00428,0.3804,0.1682,0.4068,0.00000,0.00000
10,high,4,6,10,0.40,true,0.17288,0.00423,0.01463,1.84180,0.00432,0.4561,0.0975,0.4842,0.00650,0.00172
10,high,4,6,10,0.50,true,0.16575,0.00416,0.02422,1.85854,0.00430,0.5380,0.0536,0.5693,0.02325,0.00226
10,high,4,6,10,0.60,true,0.15538,0.00405,0.03773,1.88247,0.00428,0.6276,0.0280,0.6612,0.04718,0.00270
10,high,4,6,10,0.70,true,0.14575,0.00395,0.05449,1.90894,0.00426,0.7194,0.0149,0.7539,0.07365,0.00299
10,high,4,6,10,0.80,true,0.13200,0.00378,0.07600,1.94432,0.00421,0.8169,0.0065,0.8525,0.10903,0.00330
10,high,4,6,10,0.90,true,0.12025,0.00364,0.09949,1.97971,0.00418,0.9111,0.0036,0.9459,0.14442,0.00351
10,high,4,6,10,1.00,true,0.10375,0.00341,0.12935,2.02630,0.00407,1.0169,0.0018,1.0507,0.19100,0.00380
10,high,4,6,10,1.10,true,0.09187,0.00323,0.16010,2.06920,0.00400,1.1177,0.0008,1.1508,0.23390,0.00403
10,high,4,6,10,1.20,true,0.07988,0.00303,0.19107,2.11248,0.00389,1.2124,0.0007,1.2446,0.27719,0.00421
10,high,4,6,15,0.00,true,0.06738,0.00280,0.03302,1.96568,0.00298,0.3167,0.5312,0.4534,0.00889,0.00201
10,high,4,6,15,0.10,true,0.07287,0.00291,0.03222,1.95939,0.00308,0.3594,0.4312,0.4707,0.00260,0.00149
10,high,4,6,15,0.20,true,0.07850,0.00301,0.03522,1.95679,0.00320,0.4140,0.3399,0.5050,0.00000,0.00000
10,high,4,6,15,0.30,true,0.07925,0.00302,0.04191,1.96277,0.00325,0.4731,0.2601,0.5521,0.00598,0.00136
10,high,4,6,15,0.40,true,0.08038,0.00304,0.05216,1.97194,0.00333,0.5390,0.1942,0.6120,0.01515,0.00188
10,high,4,6,15,0.50,true,0.07875,0.00301,0.06569,1.98718,0.00338,0.6062,0.1389,0.6800,0.03039,0.00222
10,high,4,6,15,0.60,true,0.07612,0.00297,0.08280,2.00702,0.00343,0.6793,0.0931,0.7574,0.05023,0.00249
10,high,4,6,15,0.70,true,0.07437,0.00293,0.10227,2.02837,0.00350,0.7590,0.0637,0.8391,0.07158,0.00275
10,high,4,6,15,0.80,true,0.06813,0.00282,0.12518,2.05771,0.00349,0.8443,0.0424,0.9260,0.10092,0.00296
10,high,4,6,15,0.90,true,0.06263,0.00271,0.15137,2.08963,0.00350,0.9379,0.0281,1.0203,0.13284,0.00320
10,high,4,6,15,1.00,true,0.05600,0.00257,0.17903,2.12420,0.00346,1.0302,0.0176,1.1140,0.16741,0.00340
10,high,4,6,15,1.10,true,0.05137,0.00247,0.20615,2.15624,0.00346,1.1194,0.0121,1.2031,0.19945,0.00356
10,high,4,6,15,1.20,true,0.04512,0.00232,0.23791,2.19466,0.00340,1.2209,0.0081,1.3038,0.23787,0.00369
10,high,4,6,20,0.00,true,0.03037,0.00192,0.09981,2.06961,0.00255,0.4092,0.5256,0.6441,0.00500,0.00106
10,high,4,6,20,0.10,true,0.03525,0.00206,0.09964,2.06461,0.00269,0.4505,0.4504,0.6622,0.00000,0.00000
10,high,4,6,20,0.20,true,0.03700,0.00211,0.10334,2.06661,0.00275,0.5027,0.3814,0.6909,0.00201,0.00109
10,high,4,6,20,0.30,true,0.03950,0.00218,0.11070,2.07155,0.00286,0.5532,0.3104,0.7311,0.00694,0.00151
10,high,4,6,20,0.40,true,0.04175,0.00224,0.12123,2.07993,0.00297,0.6121,0.2531,0.7802,0.01532,0.00180
10,high,4,6,20,0.50,true,0.04025,0.00220,0.13513,2.09546,0.00300,0.6774,0.2036,0.8382,0.03086,0.00212
10,high,4,6,20,0.60,true,0.03938,0.00217,0.15168,2.11305,0.00306,0.7411,0.1565,0.9030,0.04844,0.00235
10,high,4,6,20,0.70,true,0.03875,0.00216,0.17096,2.13316,0.00313,0.8131,0.1194,0.9758,0.06855,0.00258
10,high,4,6,20,0.80,true,0.03762,0.00213,0.19177,2.15533,0.00319,0.8885,0.0921,1.0514,0.09072,0.00277
10,high,4,6,20,0.90,true,0.03550,0.00207,0.21548,2.18146,0.00322,0.9712,0.0695,1.1346,0.11685,0.00294
10,high,4,6,20,1.00,true,0.03363,0.00202,0.23955,2.20773,0.00325,1.0531,0.0523,1.2180,0.14313,0.00313
10,high,4,6,20,1.10,true,0.02975,0.00190,0.26513,2.23756,0.00321,1.1374,0.0388,1.3034,0.17295,0.00328
10,high,4,6,20,1.20,true,0.02825,0.00185,0.29165,2.26602,0.00323,1.2272,0.0292,1.3935,0.20141,0.00342
10,hcp30,4,12,10,0.00,true,0.20625,0.00452,0.05052,1.84511,0.00495,0.4096,0.6113,0.4337,0.01448,0.00336
10,hcp30,4,12,10,0.10,true,0.22762,0.00469,0.06035,1.83364,0.00523,0.4656,0.5323,0.4488,0.00302,0.00229
10,hcp30,4,12,10,0.20,true,0.24550,0.00481,0.07499,1.83062,0.00552,0.5259,0.4554,0.4782,0.00000,0.00000
10,hcp30,4,12,10,0.30,true,0.26262,0.00492,0.09333,1.83216,0.00582,0.5856,0.3814,0.5222,0.00154,0.00221
10,hcp30,4,12,10,0.40,true,0.27000,0.00496,0.11461,1.84651,0.00608,0.6483,0.3193,0.5740,0.01588,0.00306
10,hcp30,4,12,10,0.50,true,0.27513,0.00499,0.13953,1.86690,0.00635,0.7201,0.2654,0.6379,0.03627,0.00373
10,hcp30,4,12,10,0.60,true,0.28037,0.00502,0.16722,1.89010,0.00663,0.7950,0.2147,0.7139,0.05947,0.00438
10,hcp30,4,12,10,0.70,true,0.27900,0.00501,0.19646,1.92164,0.00686,0.8710,0.1746,0.7927,0.09102,0.00488
10,hcp30,4,12,10,0.80,true,0.27600,0.00500,0.22626,1.95555,0.00707,0.9499,0.1426,0.8753,0.12493,0.00526
10,hcp30,4,12,10,0.90,true,0.27500,0.00499,0.25642,1.98801,0.00729,1.0284,0.1107,0.9650,0.15739,0.00565
10,hcp30,4,12,10,1.00,true,0.27313,0.00498,0.28692,2.02192,0.00749,1.1145,0.0865,1.0602,0.19129,0.00601
10,hcp30,4,12,10,1.10,true,0.26475,0.00493,0.31784,2.06296,0.00762,1.2024,0.0717,1.1516,0.23234,0.00630
10,hcp30,4,12,10,1.20,true,0.25538,0.00488,0.34845,2.10496,0.00772,1.2890,0.0574,1.2451,0.27434,0.00654
10,hcp30,4,12,15,0.00,true,0.12700,0.00372,0.13510,2.01144,0.00479,0.6253,0.5500,0.6470,0.00000,0.00000
10,hcp30,4,12,15,0.10,true,0.13525,0.00382,0.14652,2.01484,0.00500,0.6733,0.4941,0.6652,0.00339,0.00176
10,hcp30,4,12,15,0.20,true,0.14100,0.00389,0.16150,2.02447,0.00520,0.7292,0.4419,0.6926,0.01303,0.00244
10,hcp30,4,12,15,0.30,true,0.14600,0.00395,0.17930,2.03784,0.00541,0.7929,0.3964,0.7292,0.02640,0.00299
10,hcp30,4,12,15,0.40,true,0.15138,0.00401,0.20016,2.05413,0.00565,0.8550,0.3472,0.7777,0.04269,0.00355
10,hcp30,4,12,15,0.50,true,0.15225,0.00402,0.22133,2.07535,0.00581,0.9198,0.3116,0.8271,0.06390,0.00401
10,hcp30,4,12,15,0.60,true,0.15500,0.00405,0.24481,2.09720,0.00601,0.9870,0.2741,0.8866,0.08576,0.00445
10,hcp30,4,12,15,0.70,true,0.15600,0.00406,0.26951,2.12225,0.00618,1.0585,0.2419,0.9516,0.11081,0.00481
10,hcp30,4,12,15,0.80,true,0.15563,0.00405,0.29550,2.15017,0.00634,1.1330,0.2130,1.0222,0.13873,0.00519
10,hcp30,4,12,15,0.90,true,0.15413,0.00404,0.32194,2.17987,0.00647,1.2050,0.1852,1.0963,0.16843,0.00551
10,hcp30,4,12,15,1.00,true,0.15475,0.00404,0.34811,2.20737,0.00662,1.2796,0.1588,1.1768,0.19593,0.00582
10,hcp30,4,12,15,1.10,true,0.15338,0.00403,0.37475,2.23759,0.00673,1.3575,0.1361,1.2610,0.22615,0.00609
10,hcp30,4,12,15,1.20,true,0.15000,0.00399,0.40117,2.26984,0.00681,1.4381,0.1176,1.3466,0.25840,0.00632
10,hcp30,4,12,20,0.00,true,0.08025,0.00304,0.21783,2.14530,0.00463,0.8094,0.5424,0.8531,0.00000,0.00000
10,hcp30,4,12,20,0.10,true,0.08400,0.00310,0.22730,2.15133,0.00477,0.8606,0.5050,0.8670,0.00603,0.00134
10,hcp30,4,12,20,0.20,true,0.08775,0.00316,0.23973,2.16053,0.00493,0.9125,0.4638,0.8901,0.01523,0.00203
10,hcp30,4,12,20,0.30,true,0.09200,0.00323,0.25457,2.17187,0.00511,0.9765,0.4269,0.9223,0.02657,0.00260
10,hcp30,4,12,20,0.40,true,0.09600,0.00329,0.27044,2.18466,0.00529,1.0335,0.3895,0.9608,0.03936,0.00310
10,hcp30,4,12,20,0.50,true,0.09825,0.00333,0.28652,2.19953,0.00543,1.0896,0.3575,1.0014,0.05423,0.00350
10,hcp30,4,12,20,0.60,true,0.09838,0.00333,0.30503,2.21922,0.00555,1.1505,0.3255,1.0490,0.07391,0.00390
10,hcp30,4,12,20,0.70,true,0.10075,0.00337,0.32419,2.23752,0.00570,1.2123,0.2934,1.1046,0.09221,0.00428
10,hcp30,4,12,20,0.80,true,0.10200,0.00338,0.34427,2.25806,0.00583,1.2813,0.2668,1.1645,0.11275,0.00463
10,hcp30,4,12,20,0.90,true,0.10200,0.00338,0.36576,2.28149,0.00594,1.3535,0.2423,1.2299,0.13618,0.00500
10,hcp30,4,12,20,1.00,true,0.10162,0.00338,0.38691,2.30514,0.00603,1.4209,0.2178,1.2971,0.15983,0.00527
10,hcp30,4,12,20,1.10,true,0.10187,0.00338,0.40792,2.32822,0.00613,1.4945,0.1972,1.3687,0.18291,0.00553
10,hcp30,4,12,20,1.20,true,0.10088,0.00337,0.42939,2.35321,0.00620,1.5695,0.1785,1.4432,0.20791,0.00576
10,hcp30,4,3,10,0.00,true,0.07000,0.00285,0.11639,2.04914,0.00372,0.1594,0.5538,0.4649,0.02331,0.00402
10,hcp30,4,3,10,0.10,true,0.09237,0.00324,0.12053,2.03106,0.00414,0.3512,0.4480,0.4807,0.00524,0.00299
10,hcp30,4,3,10,0.20,true,0.11013,0.00350,0.13258,2.02582,0.00450,0.4528,0.3805,0.5163,0.00000,0.00000
10,hcp30,4,3,10,0.30,true,0.12262,0.00367,0.15115,2.03263,0.00480,0.5331,0.3248,0.5652,0.00680,0.00297
10,hcp30,4,3,10,0.40,true,0.12900,0.00375,0.17427,2.05037,0.00504,0.6016,0.2770,0.6191,0.02455,0.00408
10,hcp30,4,3,10,0.50,true,0.13550,0.00383,0.20098,2.07185,0.00531,0.6641,0.2290,0.6812,0.04603,0.00488
10,hcp30,4,3,10,0.60,true,0.13662,0.00384,0.23167,2.10300,0.00551,0.7342,0.1926,0.7501,0.07718,0.00548
10,hcp30,4,3,10,0.70,true,0.13887,0.00387,0.26295,2.13390,0.00572,0.8035,0.1611,0.8222,0.10808,0.00592
10,hcp30,4,3,10,0.80,true,0.13925,0.00387,0.29672,2.16956,0.00591,0.8799,0.1362,0.9019,0.14374,0.00628
10,hcp30,4,3,10,0.90,true,0.14000,0.00388,0.32938,2.20394,0.00608,0.9533,0.1128,0.9825,0.17811,0.00657
10,hcp30,4,3,10,1.00,true,0.13962,0.00388,0.36062,2.23829,0.00623,1.0258,0.0928,1.0639,0.21247,0.00682
10,hcp30,4,3,10,1.10,true,0.13887,0.00387,0.39246,2.27399,0.00636,1.1055,0.0775,1.1508,0.24816,0.00704
10,hcp30,4,3,10,1.20,true,0.13625,0.00384,0.42330,2.31091,0.00646,1.1840,0.0628,1.2392,0.28508,0.00719
10,hcp30,4,3,15,0.00,true,0.04100,0.00222,0.23030,2.19758,0.00392,0.2437,0.5325,0.6864,0.00479,0.00289
10,hcp30,4,3,15,0.10,true,0.05162,0.00247,0.23584,2.19279,0.00417,0.4820,0.4628,0.7021,0.00000,0.00000
10,hcp30,4,3,15,0.20,true,0.06225,0.00270,0.24646,2.19338,0.00443,0.6047,0.4148,0.7313,0.00059,0.00275
10,hcp30,4,3,15,0.30,true,0.06825,0.00282,0.26082,2.20260,0.00460,0.6817,0.3687,0.7680,0.00981,0.00359
10,hcp30,4,3,15,0.40,true,0.07100,0.00287,0.27896,2.21920,0.00474,0.7548,0.3288,0.8128,0.02641,0.00410
10,hcp30,4,3,15,0.50,true,0.07275,0.00290,0.30021,2.24019,0.00486,0.8199,0.2889,0.8652,0.04741,0.00444
10,hcp30,4,3,15,0.60,true,0.07988,0.00303,0.32127,2.25581,0.00508,0.8898,0.2593,0.9236,0.06302,0.00490
10,hcp30,4,3,15,0.70,true,0.07875,0.00301,0.34650,2.28430,0.00516,0.9564,0.2277,0.9870,0.09151,0.00517
10,hcp30,4,3,15,0.80,true,0.08000,0.00303,0.37108,2.30997,0.00527,1.0273,0.2048,1.0529,0.11718,0.00545
10,hcp30,4,3,15,0.90,true,0.08125,0.00305,0.39676,2.33703,0.00538,1.0945,0.1796,1.1244,0.14424,0.00573
10,hcp30,4,3,15,1.00,true,0.07675,0.00298,0.42360,2.37136,0.00537,1.1638,0.1587,1.1961,0.17857,0.00587
10,hcp30,4,3,15,1.10,true,0.07650,0.00297,0.44971,2.40100,0.00545,1.2380,0.1408,1.2739,0.20821,0.00605
10,hcp30,4,3,15,1.20,true,0.07700,0.00298,0.47473,2.42902,0.00553,1.3137,0.1255,1.3539,0.23624,0.00625
10,hcp30,4,3,20,0.00,true,0.02763,0.00183,0.34103,2.33031,0.00411,0.3396,0.5301,0.9298,0.00006,0.00254
10,hcp30,4,3,20,0.10,true,0.03238,0.00198,0.34546,2.33025,0.00423,0.5915,0.4768,0.9409,0.00000,0.00000
10,hcp30,4,3,20,0.20,true,0.03750,0.00212,0.35410,2.33438,0.00436,0.7332,0.4387,0.9645,0.00413,0.00253
10,hcp30,4,3,20,0.30,true,0.04150,0.00223,0.36402,2.34117,0.00448,0.8298,0.4052,0.9928,0.01092,0.00327
10,hcp30,4,3,20,0.40,true,0.04437,0.00230,0.37762,2.35315,0.00457,0.9174,0.3763,1.0305,0.02290,0.00362
10,hcp30,4,3,20,0.50,true,0.04725,0.00237,0.39302,2.36721,0.00468,0.9924,0.3462,1.0755,0.03696,0.00391
10,hcp30,4,3,20,0.60,true,0.04775,0.00238,0.40932,2.38480,0.00473,1.0621,0.3185,1.1229,0.05455,0.00422
10,hcp30,4,3,20,0.70,true,0.04688,0.00236,0.42664,2.40510,0.00475,1.1273,0.2922,1.1739,0.07485,0.00447
10,hcp30,4,3,20,0.80,true,0.04775,0.00238,0.44412,2.42405,0.00482,1.1952,0.2696,1.2301,0.09380,0.00476
10,hcp30,4,3,20,0.90,true,0.04850,0.00240,0.46253,2.44433,0.00488,1.2654,0.2495,1.2909,0.11408,0.00500
10,hcp30,4,3,20,1.00,true,0.04788,0.00239,0.48262,2.46810,0.00491,1.3322,0.2263,1.3576,0.13785,0.00519
10,hcp30,4,3,20,1.10,true,0.04587,0.00234,0.50280,2.49363,0.00490,1.4038,0.2080,1.4260,0.16338,0.00533
10,hcp30,4,3,20,1.20,true,0.04587,0.00234,0.52137,2.51564,0.00494,1.4689,0.1888,1.4958,0.18540,0.00551
10,hcp30,4,6,10,0.00,true,0.10787,0.00347,0.07216,1.96537,0.00398,0.4175,0.5568,0.4561,0.01371,0.00262
10,hcp30,4,6,10,0.10,true,0.11925,0.00362,0.07262,1.95466,0.00414,0.4708,0.4801,0.4752,0.00300,0.00187
10,hcp30,4,6,10,0.20,true,0.12837,0.00374,0.07838,1.95166,0.00430,0.5259,0.4023,0.5087,0.00000,0.00000
10,hcp30,4,6,10,0.30,true,0.13362,0.00380,0.08921,1.95779,0.00445,0.5874,0.3334,0.5549,0.00613,0.00177
10,hcp30,4,6,10,0.40,true,0.13537,0.00383,0.10492,1.97252,0.00459,0.6537,0.2701,0.6141,0.02086,0.00260
10,hcp30,4,6,10,0.50,true,0.13837,0.00386,0.12448,1.99008,0.00477,0.7314,0.2214,0.6852,0.03842,0.00327
10,hcp30,4,6,10,0.60,true,0.13425,0.00381,0.14751,2.01848,0.00488,0.8069,0.1779,0.7611,0.06682,0.00378
10,hcp30,4,6,10,0.70,true,0.13075,0.00377,0.17228,2.04819,0.00499,0.8856,0.1445,0.8411,0.09653,0.00420
10,hcp30,4,6,10,0.80,true,0.12312,0.00367,0.20041,2.08573,0.00505,0.9670,0.1136,0.9283,0.13407,0.00462
10,hcp30,4,6,10,0.90,true,0.11363,0.00355,0.22897,2.12574,0.00507,1.0494,0.0921,1.0143,0.17408,0.00499
10,hcp30,4,6,10,1.00,true,0.10512,0.00343,0.26093,2.16859,0.00509,1.1407,0.0721,1.1118,0.21693,0.00531
10,hcp30,4,6,10,1.10,true,0.09800,0.00332,0.29107,2.20833,0.00510,1.2277,0.0574,1.2045,0.25667,0.00556
10,hcp30,4,6,10,1.20,true,0.08887,0.00318,0.31994,2.24887,0.00504,1.3084,0.0450,1.2919,0.29721,0.00574
10,hcp30,4,6,15,0.00,true,0.06313,0.00272,0.17864,2.11996,0.00394,0.6299,0.5272,0.6963,0.00234,0.00141
10,hcp30,4,6,15,0.10,true,0.06700,0.00280,0.17973,2.11763,0.00402,0.6827,0.4776,0.7152,0.00000,0.00000
10,hcp30,4,6,15,0.20,true,0.06888,0.00283,0.18438,2.12105,0.00408,0.7333,0.4245,0.7427,0.00343,0.00131
10,hcp30,4,6,15,0.30,true,0.07100,0.00287,0.19268,2.12812,0.00417,0.7939,0.3784,0.7803,0.01049,0.00199
10,hcp30,4,6,15,0.40,true,0.06913,0.00284,0.20468,2.14310,0.00420,0.8600,0.3364,0.8263,0.02548,0.00261
10,hcp30,4,6,15,0.50,true,0.06763,0.00281,0.21856,2.15976,0.00426,0.9215,0.2968,0.8768,0.04214,0.00305
10,hcp30,4,6,15,0.60,true,0.06575,0.00277,0.23560,2.18024,0.00431,0.9882,0.2592,0.9364,0.06261,0.00352
10,hcp30,4,6,15,0.70,true,0.06187,0.00269,0.25426,2.20450,0.00434,1.0590,0.2302,0.9983,0.08687,0.00389
10,hcp30,4,6,15,0.80,true,0.06112,0.00268,0.27495,2.22792,0.00442,1.1313,0.2002,1.0694,0.11029,0.00429
10,hcp30,4,6,15,0.90,true,0.05775,0.00261,0.29755,2.25617,0.00445,1.2045,0.1715,1.1456,0.13854,0.00463
10,hcp30,4,6,15,1.00,true,0.05450,0.00254,0.32063,2.28495,0.00447,1.2801,0.1475,1.2245,0.16733,0.00495
10,hcp30,4,6,15,1.10,true,0.05162,0.00247,0.34245,2.31209,0.00449,1.3524,0.1286,1.3002,0.19446,0.00520
10,hcp30,4,6,15,1.20,true,0.04875,0.00241,0.36691,2.34237,0.00450,1.4330,0.1083,1.3882,0.22475,0.00544
10,hcp30,4,6,20,0.00,true,0.03175,0.00196,0.28013,2.25823,0.00374,0.8091,0.5195,0.9164,0.00000,0.00000
10,hcp30,4,6,20,0.10,true,0.03250,0.00198,0.28152,2.25945,0.00376,0.8585,0.4815,0.9331,0.00122,0.00114
10,hcp30,4,6,20,0.20,true,0.03475,0.00205,0.28522,2.26169,0.00383,0.9099,0.4416,0.9582,0.00345,0.00165
10,hcp30,4,6,20,0.30,true,0.03425,0.00203,0.29156,2.26955,0.00384,0.9710,0.4081,0.9888,0.01132,0.00212
10,hcp30,4,6,20,0.40,true,0.03388,0.00202,0.30011,2.27970,0.00387,1.0304,0.3743,1.0262,0.02147,0.00256
10,hcp30,4,6,20,0.50,true,0.03575,0.00208,0.31002,2.28916,0.00396,1.0875,0.3396,1.0703,0.03093,0.00295
10,hcp30,4,6,20,0.60,true,0.03725,0.00212,0.32188,2.30117,0.00405,1.1461,0.3059,1.1208,0.04294,0.00336
10,hcp30,4,6,20,0.70,true,0.03413,0.00203,0.33596,2.32028,0.00403,1.2127,0.2780,1.1747,0.06205,0.00373
10,hcp30,4,6,20,0.80,true,0.03225,0.00198,0.35065,2.33886,0.00404,1.2782,0.2525,1.2320,0.08063,0.00407
10,hcp30,4,6,20,0.90,true,0.03188,0.00196,0.36682,2.35772,0.00409,1.3481,0.2271,1.2973,0.09949,0.00438
10,hcp30,4,6,20,1.00,true,0.03100,0.00194,0.38299,2.37715,0.00413,1.4183,0.2063,1.3632,0.11892,0.00466
10,hcp30,4,6,20,1.10,true,0.03025,0.00191,0.39963,2.39711,0.00416,1.4863,0.1850,1.4325,0.13888,0.00490
10,hcp30,4,6,20,1.20,true,0.02950,0.00189,0.41689,2.41792,0.00419,1.5580,0.1656,1.5060,0.15969,0.00511
10,tour,5,12,10,0.00,true,0.45750,0.00557,0.00004,1.54254,0.00557,0.1789,0.7705,0.1902,0.21390,0.00578
10,tour,5,12,10,0.10,true,0.57925,0.00552,0.00019,1.42094,0.00552,0.2324,0.5829,0.2008,0.09229,0.00463
10,tour,5,12,10,0.20,true,0.64975,0.00533,0.00064,1.35089,0.00534,0.2992,0.3512,0.2554,0.02225,0.00289
10,tour,5,12,10,0.30,true,0.67300,0.00524,0.00164,1.32864,0.00527,0.3699,0.1873,0.3353,0.00000,0.00000
10,tour,5,12,10,0.40,true,0.67175,0.00525,0.00384,1.33209,0.00531,0.4496,0.0765,0.4334,0.00344,0.00251
10,tour,5,12,10,0.50,true,0.65875,0.00530,0.00777,1.34902,0.00543,0.5410,0.0315,0.5343,0.02038,0.00323
10,tour,5,12,10,0.60,true,0.64350,0.00535,0.01395,1.37045,0.00557,0.6357,0.0112,0.6353,0.04180,0.00365
10,tour,5,12,10,0.70,true,0.62500,0.00541,0.02275,1.39775,0.00576,0.7315,0.0033,0.7341,0.06911,0.00403
10,tour,5,12,10,0.80,true,0.60775,0.00546,0.03467,1.42692,0.00596,0.8319,0.0010,0.8354,0.09827,0.00436
10,tour,5,12,10,0.90,true,0.59337,0.00549,0.04834,1.45496,0.00617,0.9296,0.0003,0.9331,0.12632,0.00464
10,tour,5,12,10,1.00,true,0.57825,0.00552,0.06447,1.48622,0.00640,1.0292,0.0003,1.0324,0.15757,0.00491
10,tour,5,12,10,1.10,true,0.56075,0.00555,0.08292,1.52217,0.00664,1.1299,0.0003,1.1328,0.19352,0.00520
10,tour,5,12,10,1.20,true,0.54538,0.00557,0.10237,1.55699,0.00686,1.2302,0.0003,1.2329,0.22835,0.00548
10,tour,5,12,15,0.00,true,0.31025,0.00517,0.00068,1.69043,0.00518,0.2500,0.6577,0.2703,0.12375,0.00507
10,tour,5,12,15,0.10,true,0.36062,0.00537,0.00159,1.64096,0.00538,0.2968,0.5259,0.2791,0.07428,0.00438
10,tour,5,12,15,0.20,true,0.40513,0.00549,0.00347,1.59834,0.00552,0.3539,0.3787,0.3169,0.03166,0.00341
10,tour,5,12,15,0.30,true,0.43212,0.00554,0.00633,1.57420,0.00561,0.4144,0.2677,0.3720,0.00753,0.00233
10,tour,5,12,15,0.40,true,0.44438,0.00556,0.01105,1.56668,0.00568,0.4863,0.1748,0.4468,0.00000,0.00000
10,tour,5,12,15,0.50,true,0.44850,0.00556,0.01813,1.56963,0.00576,0.5651,0.1070,0.5347,0.00295,0.00212
10,tour,5,12,15,0.60,true,0.44925,0.00556,0.02768,1.57843,0.00587,0.6494,0.0579,0.6318,0.01175,0.00285
10,tour,5,12,15,0.70,true,0.44375,0.00555,0.03994,1.59619,0.00599,0.7391,0.0308,0.7303,0.02951,0.00329
10,tour,5,12,15,0.80,true,0.43188,0.00554,0.05515,1.62327,0.00613,0.8333,0.0183,0.8285,0.05659,0.00366
10,tour,5,12,15,0.90,true,0.41850,0.00552,0.07314,1.65464,0.00628,0.9269,0.0086,0.9270,0.08796,0.00398
10,tour,5,12,15,1.00,true,0.40725,0.00549,0.09307,1.68582,0.00643,1.0240,0.0044,1.0262,0.11915,0.00425
10,tour,5,12,15,1.10,true,0.39663,0.00547,0.11423,1.71760,0.00659,1.1199,0.0015,1.1241,0.15092,0.00450
10,tour,5,12,15,1.20,true,0.38650,0.00544,0.13683,1.75033,0.00675,1.2180,0.0006,1.2226,0.18366,0.00471
10,tour,5,12,20,0.00,true,0.21363,0.00458,0.00342,1.78979,0.00461,0.3332,0.6039,0.3531,0.06135,0.00454
10,tour,5,12,20,0.10,true,0.24100,0.00478,0.00566,1.76466,0.00482,0.3712,0.5025,0.3620,0.03622,0.00409
10,tour,5,12,20,0.20,true,0.26425,0.00493,0.00961,1.74536,0.00501,0.4274,0.4021,0.3913,0.01692,0.00348
10,tour,5,12,20,0.30,true,0.27925,0.00502,0.01492,1.73567,0.00514,0.4795,0.3092,0.4351,0.00722,0.00285
10,tour,5,12,20,0.40,true,0.29263,0.00509,0.02240,1.72977,0.00528,0.5468,0.2325,0.4967,0.00133,0.00193
10,tour,5,12,20,0.50,true,0.30362,0.00514,0.03207,1.72845,0.00543,0.6198,0.1705,0.5709,0.00000,0.00000
10,tour,5,12,20,0.60,true,0.30612,0.00515,0.04445,1.73832,0.00555,0.6931,0.1162,0.6541,0.00988,0.00179
10,tour,5,12,20,0.70,true,0.30850,0.00516,0.05909,1.75059,0.00569,0.7718,0.0743,0.7451,0.02214,0.00246
10,tour,5,12,20,0.80,true,0.30750,0.00516,0.07600,1.76850,0.00583,0.8560,0.0468,0.8391,0.04006,0.00286
10,tour,5,12,20,0.90,true,0.30212,0.00513,0.09539,1.79326,0.00596,0.9443,0.0288,0.9350,0.06482,0.00318
10,tour,5,12,20,1.00,true,0.29513,0.00510,0.11713,1.82201,0.00609,1.0383,0.0183,1.0337,0.09356,0.00350
10,tour,5,12,20,1.10,true,0.28937,0.00507,0.14004,1.85067,0.00622,1.1328,0.0104,1.1330,0.12222,0.00375
10,tour,5,12,20,1.20,true,0.28287,0.00504,0.16455,1.88168,0.00636,1.2309,0.0058,1.2341,0.15323,0.00402
10,tour,5,3,10,0.00,true,0.14000,0.00388,0.00026,1.86026,0.00388,0.0850,0.5429,0.2162,0.12060,0.00550
10,tour,5,3,10,0.10,true,0.20763,0.00453,0.00044,1.79282,0.00454,0.1620,0.2633,0.2434,0.05315,0.00548
10,tour,5,3,10,0.20,true,0.23187,0.00472,0.00112,1.76924,0.00473,0.2372,0.1403,0.2972,0.02958,0.00484
10,tour,5,3,10,0.30,true,0.24863,0.00483,0.00303,1.75441,0.00485,0.3115,0.0792,0.3668,0.01475,0.00382
10,tour,5,3,10,0.40,true,0.26338,0.00492,0.00682,1.74344,0.00497,0.3842,0.0414,0.4441,0.00378,0.00267
10,tour,5,3,10,0.50,true,0.27375,0.00499,0.01341,1.73966,0.00509,0.4600,0.0208,0.5264,0.00000,0.00000
10,tour,5,3,10,0.60,true,0.28037,0.00502,0.02343,1.74306,0.00520,0.5379,0.0092,0.6123,0.00340,0.00244
10,tour,5,3,10,0.70,true,0.29100,0.00508,0.03674,1.74574,0.00537,0.6184,0.0044,0.7004,0.00608,0.00349
10,tour,5,3,10,0.80,true,0.29513,0.00510,0.05399,1.75887,0.00553,0.7006,0.0016,0.7910,0.01921,0.00419
10,tour,5,3,10,0.90,true,0.29613,0.00510,0.07434,1.77822,0.00569,0.7820,0.0007,0.8807,0.03856,0.00481
10,tour,5,3,10,1.00,true,0.29912,0.00512,0.09847,1.79935,0.00590,0.8697,0.0002,0.9772,0.05969,0.00532
10,tour,5,3,10,1.10,true,0.29825,0.00511,0.12319,1.82495,0.00608,0.9511,0.0000,1.0667,0.08529,0.00575
10,tour,5,3,10,1.20,true,0.29175,0.00508,0.15137,1.85963,0.00625,1.0359,0.0000,1.1613,0.11997,0.00620
10,tour,5,3,15,0.00,true,0.08163,0.00306,0.00397,1.92234,0.00308,0.1333,0.5301,0.3156,0.06936,0.00448
10,tour,5,3,15,0.10,true,0.11800,0.00361,0.00463,1.88663,0.00363,0.2052,0.3379,0.3354,0.03365,0.00425
10,tour,5,3,15,0.20,true,0.14463,0.00393,0.00653,1.86191,0.00397,0.2812,0.2261,0.3781,0.00893,0.00362
10,tour,5,3,15,0.30,true,0.15662,0.00406,0.01025,1.85363,0.00412,0.3553,0.1577,0.4345,0.00064,0.00259
10,tour,5,3,15,0.40,true,0.16362,0.00414,0.01661,1.85298,0.00424,0.4265,0.1063,0.5018,0.00000,0.00000
10,tour,5,3,15,0.50,true,0.16725,0.00417,0.02622,1.85897,0.00434,0.4983,0.0686,0.5772,0.00599,0.00266
10,tour,5,3,15,0.60,true,0.17137,0.00421,0.03898,1.86761,0.00446,0.5710,0.0456,0.6552,0.01463,0.00360
10,tour,5,3,15,0.70,true,0.17550,0.00425,0.05518,1.87969,0.00461,0.6463,0.0317,0.7363,0.02670,0.00430
10,tour,5,3,15,0.80,true,0.17638,0.00426,0.07487,1.89850,0.00474,0.7221,0.0208,0.8203,0.04552,0.00481
10,tour,5,3,15,0.90,true,0.17638,0.00426,0.09846,1.92209,0.00489,0.8035,0.0132,0.9098,0.06911,0.00526
10,tour,5,3,15,1.00,true,0.17863,0.00428,0.12325,1.94463,0.00506,0.8820,0.0079,0.9974,0.09165,0.00564
10,tour,5,3,15,1.10,true,0.17725,0.00427,0.15037,1.97314,0.00520,0.9620,0.0041,1.0864,0.12015,0.00587
10,tour,5,3,15,1.20,true,0.17625,0.00426,0.17849,2.00226,0.00534,1.0440,0.0024,1.1766,0.14928,0.00611
10,tour,5,3,20,0.00,true,0.05975,0.00265,0.01593,1.95618,0.00274,0.1879,0.5257,0.4226,0.02946,0.00367
10,tour,5,3,20,0.10,true,0.07562,0.00296,0.01720,1.94158,0.00305,0.2565,0.3789,0.4364,0.01486,0.00320
10,tour,5,3,20,0.20,true,0.09050,0.00321,0.02029,1.92979,0.00332,0.3329,0.2819,0.4699,0.00307,0.00226
10,tour,5,3,20,0.30,true,0.09900,0.00334,0.02572,1.92672,0.00349,0.4066,0.2113,0.5177,0.00000,0.00000
10,tour,5,3,20,0.40,true,0.10337,0.00340,0.03390,1.93052,0.00360,0.4784,0.1584,0.5762,0.00380,0.00242
10,tour,5,3,20,0.50,true,0.11175,0.00352,0.04532,1.93357,0.00379,0.5525,0.1199,0.6454,0.00685,0.00340
10,tour,5,3,20,0.60,true,0.11325,0.00354,0.06035,1.94710,0.00390,0.6271,0.0930,0.7184,0.02038,0.00398
10,tour,5,3,20,0.70,true,0.11550,0.00357,0.07838,1.96288,0.00403,0.6986,0.0694,0.7950,0.03616,0.00434
10,tour,5,3,20,0.80,true,0.11538,0.00357,0.09968,1.98431,0.00415,0.7715,0.0509,0.8751,0.05759,0.00461
10,tour,5,3,20,0.90,true,0.11550,0.00357,0.12338,2.00789,0.00428,0.8467,0.0373,0.9581,0.08117,0.00484
10,tour,5,3,20,1.00,true,0.11700,0.00359,0.14802,2.03104,0.00442,0.9224,0.0293,1.0407,0.10432,0.00506
10,tour,5,3,20,1.10,true,0.11825,0.00361,0.17423,2.05600,0.00457,0.9960,0.0187,1.1263,0.12928,0.00524
10,tour,5,3,20,1.20,true,0.11887,0.00362,0.20129,2.08245,0.00470,1.0725,0.0112,1.2137,0.15573,0.00542
10,tour,5,6,10,0.00,true,0.22700,0.00468,0.00012,1.77312,0.00468,0.1620,0.5794,0.2044,0.08672,0.00444
10,tour,5,6,10,0.10,true,0.27925,0.00502,0.00005,1.72080,0.00502,0.2114,0.3814,0.2259,0.03440,0.00350
10,tour,5,6,10,0.20,true,0.30662,0.00516,0.00006,1.69343,0.00516,0.2736,0.2086,0.2798,0.00703,0.00234
10,tour,5,6,10,0.30,true,0.31375,0.00519,0.00015,1.68640,0.00519,0.3503,0.1066,0.3553,0.00000,0.00000
10,tour,5,6,10,0.40,true,0.30950,0.00517,0.00042,1.69092,0.00517,0.4354,0.0458,0.4451,0.00452,0.00200
10,tour,5,6,10,0.50,true,0.29875,0.00512,0.00100,1.70225,0.00512,0.5252,0.0200,0.5372,0.01585,0.00259
10,tour,5,6,10,0.60,true,0.28100,0.00503,0.00223,1.72123,0.00504,0.6264,0.0080,0.6393,0.03482,0.00301
10,tour,5,6,10,0.70,true,0.26150,0.00491,0.00422,1.74272,0.00494,0.7249,0.0025,0.7383,0.05632,0.00335
10,tour,5,6,10,0.80,true,0.24063,0.00478,0.00730,1.76668,0.00483,0.8263,0.0008,0.8389,0.08027,0.00363
10,tour,5,6,10,0.90,true,0.21975,0.00463,0.01129,1.79155,0.00470,0.9220,0.0003,0.9337,0.10514,0.00389
10,tour,5,6,10,1.00,true,0.19575,0.00444,0.01692,1.82117,0.00453,1.0243,0.0002,1.0352,0.13477,0.00415
10,tour,5,6,10,1.10,true,0.16925,0.00419,0.02411,1.85487,0.00432,1.1265,0.0000,1.1367,0.16846,0.00441
10,tour,5,6,10,1.20,true,0.14288,0.00391,0.03299,1.89012,0.00408,1.2280,0.0000,1.2375,0.20372,0.00464
10,tour,5,6,15,0.00,true,0.12237,0.00366,0.00137,1.87899,0.00367,0.2445,0.5496,0.2988,0.05397,0.00367
10,tour,5,6,15,0.10,true,0.14800,0.00397,0.00091,1.85291,0.00397,0.2887,0.4219,0.3152,0.02789,0.00318
10,tour,5,6,15,0.20,true,0.16737,0.00417,0.00087,1.83349,0.00418,0.3418,0.2956,0.3542,0.00847,0.00256
10,tour,5,6,15,0.30,true,0.17413,0.00424,0.00127,1.82714,0.00425,0.4069,0.1984,0.4118,0.00212,0.00171
10,tour,5,6,15,0.40,true,0.17713,0.00427,0.00215,1.82502,0.00428,0.4773,0.1244,0.4837,0.00000,0.00000
10,tour,5,6,15,0.50,true,0.17500,0.00425,0.00372,1.82872,0.00427,0.5559,0.0700,0.5681,0.00370,0.00157
10,tour,5,6,15,0.60,true,0.16775,0.00418,0.00609,1.83834,0.00421,0.6423,0.0400,0.6574,0.01332,0.00212
10,tour,5,6,15,0.70,true,0.15712,0.00407,0.00954,1.85242,0.00412,0.7346,0.0197,0.7535,0.02740,0.00255
10,tour,5,6,15,0.80,true,0.14513,0.00394,0.01398,1.86886,0.00401,0.8275,0.0104,0.8474,0.04383,0.00282
10,tour,5,6,15,0.90,true,0.13337,0.00380,0.02012,1.88675,0.00390,0.9305,0.0056,0.9501,0.06173,0.00305
10,tour,5,6,15,1.00,true,0.11762,0.00360,0.02706,1.90944,0.00373,1.0242,0.0034,1.0431,0.08442,0.00329
10,tour,5,6,15,1.10,true,0.10138,0.00337,0.03608,1.93472,0.00354,1.1265,0.0014,1.1452,0.10969,0.00354
10,tour,5,6,15,1.20,true,0.08513,0.00312,0.04600,1.96090,0.00332,1.2236,0.0010,1.2413,0.13587,0.00375
10,tour,5,6,20,0.00,true,0.08200,0.00307,0.00596,1.92396,0.00310,0.3267,0.5339,0.4014,0.02760,0.00291
10,tour,5,6,20,0.10,true,0.09325,0.00325,0.00497,1.91172,0.00327,0.3672,0.4384,0.4153,0.01536,0.00259
10,tour,5,6,20,0.20,true,0.10375,0.00341,0.00491,1.90116,0.00343,0.4159,0.3385,0.4472,0.00480,0.00211
10,tour,5,6,20,0.30,true,0.10825,0.00347,0.00582,1.89757,0.00350,0.4749,0.2548,0.4947,0.00121,0.00149
10,tour,5,6,20,0.40,true,0.11125,0.00352,0.00761,1.89636,0.00355,0.5382,0.1858,0.5543,0.00000,0.00000
10,tour,5,6,20,0.50,true,0.11038,0.00350,0.01041,1.90004,0.00355,0.6093,0.1311,0.6255,0.00367,0.00136
10,tour,5,6,20,0.60,true,0.10537,0.00343,0.01435,1.90897,0.00350,0.6872,0.0894,0.7058,0.01261,0.00189
10,tour,5,6,20,0.70,true,0.10187,0.00338,0.01948,1.91761,0.00348,0.7687,0.0568,0.7926,0.02125,0.00220
10,tour,5,6,20,0.80,true,0.09312,0.00325,0.02592,1.93280,0.00337,0.8560,0.0350,0.8840,0.03644,0.00248
10,tour,5,6,20,0.90,true,0.08475,0.00311,0.03359,1.94885,0.00327,0.9490,0.0224,0.9783,0.05249,0.00272
10,tour,5,6,20,1.00,true,0.07475,0.00294,0.04228,1.96755,0.00313,1.0401,0.0143,1.0702,0.07119,0.00292
10,tour,5,6,20,1.10,true,0.06675,0.00279,0.05215,1.98543,0.00302,1.1326,0.0086,1.1638,0.08907,0.00308
10,tour,5,6,20,1.20,true,0.05763,0.00261,0.06403,2.00645,0.00288,1.2324,0.0045,1.2640,0.11008,0.00324
10,scratch,5,12,10,0.00,true,0.40800,0.00549,0.00011,1.59211,0.00550,0.1872,0.7268,0.2017,0.18465,0.00560
10,scratch,5,12,10,0.10,true,0.50862,0.00559,0.00043,1.49180,0.00559,0.2419,0.5464,0.2143,0.08434,0.00446
10,scratch,5,12,10,0.20,true,0.57188,0.00553,0.00136,1.42948,0.00555,0.3061,0.3364,0.2672,0.02202,0.00282
10,scratch,5,12,10,0.30,true,0.59575,0.00549,0.00321,1.40746,0.00553,0.3739,0.1923,0.3408,0.00000,0.00000
10,scratch,5,12,10,0.40,true,0.59625,0.00549,0.00703,1.41078,0.00559,0.4530,0.0898,0.4343,0.00332,0.00253
10,scratch,5,12,10,0.50,true,0.58713,0.00550,0.01338,1.42626,0.00569,0.5394,0.0363,0.5329,0.01880,0.00325
10,scratch,5,12,10,0.60,true,0.57475,0.00553,0.02297,1.44822,0.00585,0.6360,0.0156,0.6348,0.04075,0.00372
10,scratch,5,12,10,0.70,true,0.55788,0.00555,0.03587,1.47799,0.00603,0.7329,0.0071,0.7342,0.07053,0.00410
10,scratch,5,12,10,0.80,true,0.53812,0.00557,0.05261,1.51449,0.00625,0.8302,0.0016,0.8342,0.10702,0.00447
10,scratch,5,12,10,0.90,true,0.52087,0.00559,0.07126,1.55039,0.00647,0.9253,0.0008,0.9293,0.14292,0.00476
10,scratch,5,12,10,1.00,true,0.50675,0.00559,0.09229,1.58554,0.00669,1.0247,0.0003,1.0287,0.17807,0.00505
10,scratch,5,12,10,1.10,true,0.49100,0.00559,0.11578,1.62478,0.00692,1.1271,0.0002,1.1308,0.21732,0.00536
10,scratch,5,12,10,1.20,true,0.47713,0.00558,0.13950,1.66238,0.00714,1.2271,0.0002,1.2306,0.25491,0.00563
10,scratch,5,12,15,0.00,true,0.26238,0.00492,0.00152,1.73914,0.00493,0.2676,0.6292,0.2903,0.08963,0.00477
10,scratch,5,12,15,0.10,true,0.30462,0.00515,0.00319,1.69856,0.00517,0.3125,0.5053,0.3007,0.04904,0.00417
10,scratch,5,12,15,0.20,true,0.34087,0.00530,0.00636,1.66548,0.00536,0.3680,0.3732,0.3363,0.01597,0.00330
10,scratch,5,12,15,0.30,true,0.36050,0.00537,0.01093,1.65043,0.00547,0.4271,0.2717,0.3883,0.00091,0.00230
10,scratch,5,12,15,0.40,true,0.36875,0.00539,0.01827,1.64952,0.00557,0.4954,0.1826,0.4589,0.00000,0.00000
10,scratch,5,12,15,0.50,true,0.37438,0.00541,0.02849,1.65412,0.00569,0.5713,0.1155,0.5429,0.00460,0.00210
10,scratch,5,12,15,0.60,true,0.37325,0.00541,0.04192,1.66867,0.00582,0.6536,0.0722,0.6330,0.01915,0.00274
10,scratch,5,12,15,0.70,true,0.36675,0.00539,0.05897,1.69222,0.00596,0.7402,0.0405,0.7295,0.04270,0.00326
10,scratch,5,12,15,0.80,true,0.35837,0.00536,0.07894,1.72057,0.00611,0.8320,0.0230,0.8274,0.07105,0.00363
10,scratch,5,12,15,0.90,true,0.34787,0.00533,0.10151,1.75364,0.00626,0.9263,0.0142,0.9249,0.10412,0.00394
10,scratch,5,12,15,1.00,true,0.33675,0.00528,0.12643,1.78969,0.00642,1.0214,0.0072,1.0238,0.14017,0.00425
10,scratch,5,12,15,1.10,true,0.32875,0.00525,0.15163,1.82289,0.00657,1.1167,0.0041,1.1206,0.17337,0.00446
10,scratch,5,12,15,1.20,true,0.32088,0.00522,0.17860,1.85774,0.00673,1.2158,0.0017,1.2215,0.20822,0.00470
10,scratch,5,12,20,0.00,true,0.17137,0.00421,0.00675,1.83538,0.00426,0.3549,0.5791,0.3836,0.03371,0.00332
10,scratch,5,12,20,0.10,true,0.19175,0.00440,0.01032,1.81857,0.00448,0.3935,0.4887,0.3929,0.01690,0.00276
10,scratch,5,12,20,0.20,true,0.21038,0.00456,0.01630,1.80592,0.00468,0.4459,0.3943,0.4212,0.00425,0.00198
10,scratch,5,12,20,0.30,true,0.22237,0.00465,0.02404,1.80167,0.00484,0.4981,0.3102,0.4631,0.00000,0.00000
10,scratch,5,12,20,0.40,true,0.23250,0.00472,0.03479,1.80230,0.00501,0.5638,0.2391,0.5214,0.00063,0.00188
10,scratch,5,12,20,0.50,true,0.24013,0.00478,0.04810,1.80798,0.00517,0.6362,0.1821,0.5914,0.00631,0.00259
10,scratch,5,12,20,0.60,true,0.24500,0.00481,0.06433,1.81933,0.00534,0.7080,0.1285,0.6718,0.01766,0.00311
10,scratch,5,12,20,0.70,true,0.24150,0.00479,0.08318,1.84168,0.00546,0.7828,0.0888,0.7555,0.04002,0.00350
10,scratch,5,12,20,0.80,true,0.24100,0.00478,0.10447,1.86347,0.00562,0.8647,0.0595,0.8465,0.06180,0.00382
10,scratch,5,12,20,0.90,true,0.23763,0.00476,0.12835,1.89073,0.00576,0.9511,0.0380,0.9417,0.08906,0.00411
10,scratch,5,12,20,1.00,true,0.23137,0.00471,0.15389,1.92253,0.00588,1.0402,0.0249,1.0364,0.12086,0.00433
10,scratch,5,12,20,1.10,true,0.22637,0.00468,0.18054,1.95418,0.00601,1.1332,0.0163,1.1333,0.15251,0.00454
10,scratch,5,12,20,1.20,true,0.22062,0.00464,0.20844,1.98784,0.00612,1.2276,0.0099,1.2317,0.18617,0.00473
10,scratch,5,3,10,0.00,true,0.12500,0.00370,0.00075,1.87575,0.00370,0.0965,0.5421,0.2334,0.10859,0.00526
10,scratch,5,3,10,0.10,true,0.19075,0.00439,0.00114,1.81039,0.00440,0.1742,0.2895,0.2591,0.04323,0.00505
10,scratch,5,3,10,0.20,true,0.21363,0.00458,0.00248,1.78885,0.00460,0.2505,0.1731,0.3097,0.02170,0.00419
10,scratch,5,3,10,0.30,true,0.23000,0.00471,0.00564,1.77564,0.00474,0.3229,0.1029,0.3773,0.00848,0.00296
10,scratch,5,3,10,0.40,true,0.24425,0.00480,0.01141,1.76716,0.00489,0.3922,0.0561,0.4526,0.00000,0.00000
10,scratch,5,3,10,0.50,true,0.25238,0.00486,0.02085,1.76848,0.00501,0.4666,0.0309,0.5339,0.00132,0.00274
10,scratch,5,3,10,0.60,true,0.25938,0.00490,0.03415,1.77477,0.00516,0.5419,0.0162,0.6176,0.00762,0.00379
10,scratch,5,3,10,0.70,true,0.26613,0.00494,0.05216,1.78605,0.00534,0.6227,0.0083,0.7067,0.01889,0.00461
10,scratch,5,3,10,0.80,true,0.26837,0.00495,0.07400,1.80564,0.00552,0.7039,0.0041,0.7966,0.03848,0.00521
10,scratch,5,3,10,0.90,true,0.26863,0.00496,0.09868,1.83007,0.00571,0.7839,0.0015,0.8854,0.06292,0.00570
10,scratch,5,3,10,1.00,true,0.26600,0.00494,0.12829,1.86231,0.00590,0.8721,0.0007,0.9824,0.09516,0.00616
10,scratch,5,3,10,1.10,true,0.26250,0.00492,0.15736,1.89490,0.00608,0.9535,0.0002,1.0719,0.12774,0.00651
10,scratch,5,3,10,1.20,true,0.25750,0.00489,0.18905,1.93160,0.00624,1.0388,0.0000,1.1671,0.16445,0.00681
10,scratch,5,3,15,0.00,true,0.07362,0.00292,0.00848,1.93485,0.00296,0.1588,0.5299,0.3487,0.06215,0.00429
10,scratch,5,3,15,0.10,true,0.10450,0.00342,0.00977,1.90527,0.00347,0.2318,0.3668,0.3658,0.03256,0.00385
10,scratch,5,3,15,0.20,true,0.13262,0.00379,0.01281,1.88019,0.00387,0.3086,0.2666,0.4051,0.00748,0.00278
10,scratch,5,3,15,0.30,true,0.14600,0.00395,0.01870,1.87271,0.00406,0.3790,0.1888,0.4591,0.00000,0.00000
10,scratch,5,3,15,0.40,true,0.14675,0.00396,0.02807,1.88133,0.00413,0.4502,0.1383,0.5221,0.00862,0.00278
10,scratch,5,3,15,0.50,true,0.15213,0.00402,0.04093,1.88882,0.00428,0.5186,0.0980,0.5930,0.01611,0.00384
10,scratch,5,3,15,0.60,true,0.15662,0.00406,0.05738,1.90076,0.00444,0.5862,0.0649,0.6693,0.02805,0.00458
10,scratch,5,3,15,0.70,true,0.15625,0.00406,0.07817,1.92194,0.00456,0.6599,0.0456,0.7498,0.04923,0.00503
10,scratch,5,3,15,0.80,true,0.15787,0.00408,0.10112,1.94327,0.00472,0.7334,0.0335,0.8308,0.07056,0.00541
10,scratch,5,3,15,0.90,true,0.15762,0.00407,0.12843,1.97084,0.00488,0.8119,0.0224,0.9186,0.09813,0.00568
10,scratch,5,3,15,1.00,true,0.15937,0.00409,0.15698,1.99765,0.00506,0.8908,0.0149,1.0074,0.12494,0.00595
10,scratch,5,3,15,1.10,true,0.15488,0.00404,0.18798,2.03317,0.00516,0.9722,0.0105,1.0973,0.16046,0.00611
10,scratch,5,3,15,1.20,true,0.14975,0.00399,0.21969,2.07002,0.00525,1.0525,0.0059,1.1879,0.19732,0.00623
10,scratch,5,3,20,0.00,true,0.05575,0.00257,0.02972,1.97397,0.00275,0.2344,0.5259,0.4771,0.01641,0.00327
10,scratch,5,3,20,0.10,true,0.06688,0.00279,0.03205,1.96518,0.00299,0.3039,0.4039,0.4886,0.00763,0.00246
10,scratch,5,3,20,0.20,true,0.07950,0.00302,0.03705,1.95755,0.00325,0.3809,0.3203,0.5187,0.00000,0.00000
10,scratch,5,3,20,0.30,true,0.08712,0.00315,0.04490,1.95778,0.00343,0.4529,0.2543,0.5618,0.00022,0.00248
10,scratch,5,3,20,0.40,true,0.08975,0.00320,0.05625,1.96651,0.00354,0.5243,0.2034,0.6153,0.00895,0.00341
10,scratch,5,3,20,0.50,true,0.09663,0.00330,0.07096,1.97435,0.00374,0.5912,0.1594,0.6777,0.01679,0.00393
10,scratch,5,3,20,0.60,true,0.10075,0.00337,0.08966,1.98893,0.00391,0.6638,0.1259,0.7496,0.03138,0.00432
10,scratch,5,3,20,0.70,true,0.10212,0.00339,0.11096,2.00886,0.00405,0.7348,0.1014,0.8228,0.05130,0.00458
10,scratch,5,3,20,0.80,true,0.10275,0.00339,0.13463,2.03192,0.00419,0.8049,0.0807,0.8989,0.07436,0.00478
10,scratch,5,3,20,0.90,true,0.10487,0.00343,0.15992,2.05510,0.00435,0.8733,0.0612,0.9781,0.09755,0.00499
10,scratch,5,3,20,1.00,true,0.10737,0.00346,0.18607,2.07876,0.00452,0.9442,0.0471,1.0595,0.12120,0.00519
10,scratch,5,3,20,1.10,true,0.10412,0.00341,0.21459,2.11056,0.00459,1.0178,0.0359,1.1433,0.15301,0.00531
10,scratch,5,3,20,1.20,true,0.09975,0.00335,0.24388,2.14425,0.00464,1.0931,0.0276,1.2282,0.18670,0.00539
10,scratch,5,6,10,0.00,true,0.19562,0.00444,0.00030,1.80468,0.00444,0.1733,0.5669,0.2209,0.07734,0.00410
10,scratch,5,6,10,0.10,true,0.23713,0.00476,0.00016,1.76303,0.00476,0.2213,0.3826,0.2418,0.03570,0.00323
10,scratch,5,6,10,0.20,true,0.26338,0.00492,0.00020,1.73682,0.00493,0.2835,0.2235,0.2937,0.00949,0.00218
10,scratch,5,6,10,0.30,true,0.27313,0.00498,0.00046,1.72734,0.00498,0.3565,0.1183,0.3661,0.00000,0.00000
10,scratch,5,6,10,0.40,true,0.26800,0.00495,0.00113,1.73313,0.00496,0.4420,0.0598,0.4531,0.00580,0.00200
10,scratch,5,6,10,0.50,true,0.25875,0.00490,0.00241,1.74366,0.00491,0.5290,0.0270,0.5438,0.01632,0.00260
10,scratch,5,6,10,0.60,true,0.24100,0.00478,0.00485,1.76385,0.00481,0.6287,0.0114,0.6449,0.03651,0.00303
10,scratch,5,6,10,0.70,true,0.22512,0.00467,0.00850,1.78338,0.00472,0.7252,0.0052,0.7414,0.05604,0.00329
10,scratch,5,6,10,0.80,true,0.20650,0.00453,0.01386,1.80736,0.00461,0.8267,0.0017,0.8429,0.08003,0.00358
10,scratch,5,6,10,0.90,true,0.18787,0.00437,0.02044,1.83257,0.00449,0.9211,0.0006,0.9366,0.10523,0.00381
10,scratch,5,6,10,1.00,true,0.16525,0.00415,0.02928,1.86404,0.00431,1.0234,0.0003,1.0379,0.13670,0.00407
10,scratch,5,6,10,1.10,true,0.14263,0.00391,0.03996,1.89735,0.00411,1.1245,0.0001,1.1381,0.17002,0.00430
10,scratch,5,6,10,1.20,true,0.11925,0.00362,0.05260,1.93339,0.00387,1.2254,0.0000,1.2384,0.20605,0.00451
10,scratch,5,6,15,0.00,true,0.10075,0.00337,0.00308,1.90233,0.00338,0.2616,0.5416,0.3289,0.04347,0.00308
10,scratch,5,6,15,0.10,true,0.12037,0.00364,0.00239,1.88201,0.00365,0.3067,0.4249,0.3456,0.02315,0.00252
10,scratch,5,6,15,0.20,true,0.13412,0.00381,0.00249,1.86836,0.00382,0.3588,0.3092,0.3823,0.00950,0.00177
10,scratch,5,6,15,0.30,true,0.14463,0.00393,0.00348,1.85886,0.00395,0.4210,0.2125,0.4379,0.00000,0.00000
10,scratch,5,6,15,0.40,true,0.14500,0.00394,0.00539,1.86039,0.00397,0.4894,0.1412,0.5052,0.00153,0.00169
10,scratch,5,6,15,0.50,true,0.14275,0.00391,0.00855,1.86580,0.00396,0.5671,0.0876,0.5858,0.00694,0.00218
10,scratch,5,6,15,0.60,true,0.13600,0.00383,0.01293,1.87693,0.00390,0.6482,0.0508,0.6718,0.01807,0.00254
10,scratch,5,6,15,0.70,true,0.12837,0.00374,0.01892,1.89055,0.00384,0.7401,0.0300,0.7655,0.03169,0.00280
10,scratch,5,6,15,0.80,true,0.11900,0.00362,0.02612,1.90713,0.00375,0.8282,0.0150,0.8571,0.04827,0.00303
10,scratch,5,6,15,0.90,true,0.10737,0.00346,0.03573,1.92838,0.00364,0.9308,0.0085,0.9592,0.06952,0.00328
10,scratch,5,6,15,1.00,true,0.09362,0.00326,0.04604,1.95245,0.00347,1.0229,0.0052,1.0506,0.09359,0.00347
10,scratch,5,6,15,1.10,true,0.08013,0.00304,0.05897,1.97889,0.00330,1.1251,0.0034,1.1517,0.12003,0.00366
10,scratch,5,6,15,1.20,true,0.06813,0.00282,0.07270,2.00464,0.00313,1.2205,0.0019,1.2467,0.14579,0.00381
10,scratch,5,6,20,0.00,true,0.06450,0.00275,0.01385,1.94935,0.00282,0.3512,0.5291,0.4508,0.01818,0.00233
10,scratch,5,6,20,0.10,true,0.07437,0.00293,0.01280,1.93842,0.00300,0.3907,0.4389,0.4660,0.00726,0.00200
10,scratch,5,6,20,0.20,true,0.07875,0.00301,0.01326,1.93451,0.00308,0.4378,0.3465,0.4955,0.00335,0.00140
10,scratch,5,6,20,0.30,true,0.08413,0.00310,0.01529,1.93116,0.00318,0.4942,0.2659,0.5410,0.00000,0.00000
10,scratch,5,6,20,0.40,true,0.08762,0.00316,0.01879,1.93117,0.00326,0.5578,0.2026,0.5973,0.00001,0.00129
10,scratch,5,6,20,0.50,true,0.08563,0.00313,0.02391,1.93830,0.00325,0.6267,0.1467,0.6655,0.00713,0.00181
10,scratch,5,6,20,0.60,true,0.08338,0.00309,0.03055,1.94719,0.00325,0.7027,0.1056,0.7417,0.01603,0.00214
10,scratch,5,6,20,0.70,true,0.07712,0.00298,0.03879,1.96169,0.00318,0.7828,0.0731,0.8241,0.03052,0.00239
10,scratch,5,6,20,0.80,true,0.07175,0.00289,0.04867,1.97696,0.00313,0.8666,0.0475,0.9124,0.04579,0.00260
10,scratch,5,6,20,0.90,true,0.06438,0.00274,0.06003,1.99570,0.00304,0.9533,0.0298,1.0026,0.06454,0.00279
10,scratch,5,6,20,1.00,true,0.05713,0.00259,0.07240,2.01535,0.00294,1.0434,0.0207,1.0925,0.08418,0.00295
10,scratch,5,6,20,1.10,true,0.05000,0.00244,0.08601,2.03611,0.00284,1.1337,0.0142,1.1826,0.10494,0.00308
10,scratch,5,6,20,1.20,true,0.04500,0.00232,0.10190,2.05703,0.00278,1.2319,0.0086,1.2816,0.12587,0.00318
10,mid,5,12,10,0.00,true,0.32775,0.00525,0.00062,1.67287,0.00525,0.2000,0.6664,0.2194,0.13610,0.00521
10,mid,5,12,10,0.10,true,0.40563,0.00549,0.00190,1.59628,0.00551,0.2522,0.4965,0.2350,0.05951,0.00421
10,mid,5,12,10,0.20,true,0.45550,0.00557,0.00501,1.54951,0.00562,0.3163,0.3186,0.2854,0.01274,0.00273
10,mid,5,12,10,0.30,true,0.47337,0.00558,0.01014,1.53677,0.00570,0.3806,0.1963,0.3516,0.00000,0.00000
10,mid,5,12,10,0.40,true,0.47525,0.00558,0.01929,1.54404,0.00581,0.4549,0.1024,0.4372,0.00727,0.00242
10,mid,5,12,10,0.50,true,0.46963,0.00558,0.03263,1.56301,0.00596,0.5408,0.0497,0.5329,0.02624,0.00320
10,mid,5,12,10,0.60,true,0.45663,0.00557,0.05053,1.59391,0.00614,0.6324,0.0246,0.6303,0.05714,0.00371
10,mid,5,12,10,0.70,true,0.44338,0.00555,0.07241,1.62904,0.00635,0.7268,0.0106,0.7294,0.09227,0.00415
10,mid,5,12,10,0.80,true,0.42438,0.00553,0.09852,1.67415,0.00656,0.8248,0.0054,0.8287,0.13738,0.00454
10,mid,5,12,10,0.90,true,0.40775,0.00549,0.12604,1.71831,0.00676,0.9190,0.0019,0.9246,0.18154,0.00485
10,mid,5,12,10,1.00,true,0.39213,0.00546,0.15603,1.76392,0.00696,1.0181,0.0006,1.0242,0.22715,0.00518
10,mid,5,12,10,1.10,true,0.37762,0.00542,0.18674,1.80914,0.00715,1.1177,0.0002,1.1238,0.27237,0.00544
10,mid,5,12,10,1.20,true,0.36375,0.00538,0.21744,1.85373,0.00732,1.2169,0.0002,1.2226,0.31697,0.00569
10,mid,5,12,15,0.00,true,0.19487,0.00443,0.00561,1.81073,0.00447,0.2860,0.5904,0.3218,0.04314,0.00380
10,mid,5,12,15,0.10,true,0.22437,0.00466,0.00972,1.78535,0.00474,0.3304,0.4762,0.3345,0.01775,0.00312
10,mid,5,12,15,0.20,true,0.24300,0.00480,0.01714,1.77414,0.00493,0.3875,0.3641,0.3680,0.00654,0.00211
10,mid,5,12,15,0.30,true,0.25912,0.00490,0.02672,1.76760,0.00512,0.4430,0.2715,0.4170,0.00000,0.00000
10,mid,5,12,15,0.40,true,0.26763,0.00495,0.04050,1.77288,0.00530,0.5113,0.1947,0.4826,0.00529,0.00202
10,mid,5,12,15,0.50,true,0.27113,0.00497,0.05831,1.78719,0.00547,0.5844,0.1324,0.5604,0.01960,0.00278
10,mid,5,12,15,0.60,true,0.26863,0.00496,0.08002,1.81140,0.00563,0.6620,0.0861,0.6456,0.04380,0.00330
10,mid,5,12,15,0.70,true,0.26350,0.00493,0.10528,1.84179,0.00579,0.7476,0.0567,0.7368,0.07419,0.00373
10,mid,5,12,15,0.80,true,0.25888,0.00490,0.13312,1.87427,0.00597,0.8345,0.0334,0.8320,0.10667,0.00407
10,mid,5,12,15,0.90,true,0.25250,0.00486,0.16292,1.91045,0.00612,0.9258,0.0204,0.9280,0.14285,0.00433
10,mid,5,12,15,1.00,true,0.24400,0.00480,0.19427,1.95031,0.00626,1.0196,0.0136,1.0239,0.18272,0.00456
10,mid,5,12,15,1.10,true,0.23575,0.00475,0.22601,1.99032,0.00638,1.1119,0.0072,1.1201,0.22272,0.00478
10,mid,5,12,15,1.20,true,0.22712,0.00468,0.25867,2.03163,0.00648,1.2091,0.0049,1.2179,0.26403,0.00496
10,mid,5,12,20,0.00,true,0.11887,0.00362,0.01887,1.90000,0.00374,0.3830,0.5557,0.4340,0.00526,0.00173
10,mid,5,12,20,0.10,true,0.13125,0.00378,0.02598,1.89474,0.00396,0.4238,0.4741,0.4455,0.00000,0.00000
10,mid,5,12,20,0.20,true,0.14175,0.00390,0.03684,1.89510,0.00417,0.4746,0.3877,0.4734,0.00036,0.00176
10,mid,5,12,20,0.30,true,0.14788,0.00397,0.04999,1.90213,0.00434,0.5254,0.3135,0.5122,0.00739,0.00238
10,mid,5,12,20,0.40,true,0.15438,0.00404,0.06688,1.91252,0.00454,0.5877,0.2486,0.5655,0.01778,0.00286
10,mid,5,12,20,0.50,true,0.15900,0.00409,0.08681,1.92783,0.00473,0.6543,0.1929,0.6293,0.03309,0.00327
10,mid,5,12,20,0.60,true,0.16125,0.00411,0.10996,1.94873,0.00492,0.7299,0.1516,0.7025,0.05399,0.00366
10,mid,5,12,20,0.70,true,0.16300,0.00413,0.13551,1.97254,0.00510,0.8019,0.1105,0.7824,0.07780,0.00396
10,mid,5,12,20,0.80,true,0.16312,0.00413,0.16311,2.00003,0.00527,0.8778,0.0786,0.8668,0.10529,0.00420
10,mid,5,12,20,0.90,true,0.16350,0.00413,0.19233,2.02889,0.00545,0.9598,0.0542,0.9570,0.13415,0.00445
10,mid,5,12,20,1.00,true,0.15912,0.00409,0.22397,2.06493,0.00556,1.0471,0.0367,1.0512,0.17019,0.00470
10,mid,5,12,20,1.10,true,0.15563,0.00405,0.25504,2.09953,0.00567,1.1354,0.0253,1.1442,0.20479,0.00486
10,mid,5,12,20,1.20,true,0.15038,0.00400,0.28711,2.13688,0.00575,1.2274,0.0172,1.2398,0.24214,0.00500
10,mid,5,3,10,0.00,true,0.11363,0.00355,0.00325,1.88962,0.00356,0.1219,0.5420,0.2656,0.08030,0.00513
10,mid,5,3,10,0.10,true,0.16262,0.00413,0.00472,1.84210,0.00415,0.2018,0.3327,0.2873,0.03277,0.00453
10,mid,5,3,10,0.20,true,0.18937,0.00438,0.00863,1.81925,0.00444,0.2762,0.2219,0.3331,0.00993,0.00327
10,mid,5,3,10,0.30,true,0.20663,0.00453,0.01595,1.80933,0.00464,0.3422,0.1385,0.3954,0.00000,0.00000
10,mid,5,3,10,0.40,true,0.21513,0.00459,0.02775,1.81263,0.00479,0.4118,0.0906,0.4675,0.00330,0.00320
10,mid,5,3,10,0.50,true,0.22187,0.00465,0.04434,1.82248,0.00497,0.4804,0.0533,0.5459,0.01315,0.00443
10,mid,5,3,10,0.60,true,0.22700,0.00468,0.06605,1.83908,0.00517,0.5548,0.0327,0.6297,0.02975,0.00520
10,mid,5,3,10,0.70,true,0.22637,0.00468,0.09317,1.86684,0.00536,0.6346,0.0189,0.7193,0.05751,0.00578
10,mid,5,3,10,0.80,true,0.22275,0.00465,0.12339,1.90072,0.00553,0.7140,0.0092,0.8097,0.09139,0.00621
10,mid,5,3,10,0.90,true,0.22175,0.00464,0.15437,1.93272,0.00572,0.7936,0.0059,0.8982,0.12340,0.00656
10,mid,5,3,10,1.00,true,0.22050,0.00464,0.18813,1.96778,0.00592,0.8776,0.0026,0.9926,0.15846,0.00685
10,mid,5,3,10,1.10,true,0.21513,0.00459,0.22094,2.00602,0.00606,0.9574,0.0011,1.0812,0.19669,0.00708
10,mid,5,3,10,1.20,true,0.21100,0.00456,0.25495,2.04423,0.00620,1.0416,0.0005,1.1753,0.23490,0.00729
10,mid,5,3,15,0.00,true,0.06475,0.00275,0.02485,1.96011,0.00290,0.2190,0.5289,0.4138,0.03510,0.00392
10,mid,5,3,15,0.10,true,0.09050,0.00321,0.02846,1.93798,0.00338,0.2923,0.4060,0.4275,0.01296,0.00303
10,mid,5,3,15,0.20,true,0.11088,0.00351,0.03587,1.92501,0.00374,0.3686,0.3234,0.4602,0.00000,0.00000
10,mid,5,3,15,0.30,true,0.12187,0.00366,0.04776,1.92590,0.00397,0.4380,0.2517,0.5086,0.00089,0.00313
10,mid,5,3,15,0.40,true,0.12862,0.00374,0.06332,1.93473,0.00416,0.5009,0.1931,0.5655,0.00972,0.00419
10,mid,5,3,15,0.50,true,0.13012,0.00376,0.08270,1.95262,0.00430,0.5648,0.1497,0.6292,0.02761,0.00481
10,mid,5,3,15,0.60,true,0.12825,0.00374,0.10656,1.97838,0.00443,0.6314,0.1140,0.7012,0.05337,0.00514
10,mid,5,3,15,0.70,true,0.13037,0.00376,0.13316,2.00288,0.00461,0.6998,0.0847,0.7796,0.07787,0.00545
10,mid,5,3,15,0.80,true,0.12512,0.00370,0.16287,2.03787,0.00470,0.7681,0.0606,0.8603,0.11286,0.00559
10,mid,5,3,15,0.90,true,0.13012,0.00376,0.19308,2.06313,0.00493,0.8429,0.0443,0.9466,0.13812,0.00588
10,mid,5,3,15,1.00,true,0.12787,0.00373,0.22462,2.09699,0.00505,0.9179,0.0331,1.0323,0.17198,0.00604
10,mid,5,3,15,1.10,true,0.12712,0.00372,0.25553,2.12872,0.00518,0.9932,0.0252,1.1180,0.20371,0.00621
10,mid,5,3,15,1.20,true,0.12562,0.00371,0.28693,2.16172,0.00529,1.0703,0.0179,1.2071,0.23671,0.00633
10,mid,5,3,20,0.00,true,0.05013,0.00244,0.07202,2.02195,0.00293,0.3418,0.5249,0.5875,0.00200,0.00278
10,mid,5,3,20,0.10,true,0.05800,0.00261,0.07790,2.01995,0.00313,0.4172,0.4395,0.5980,0.00000,0.00000
10,mid,5,3,20,0.20,true,0.06613,0.00278,0.08753,2.02147,0.00335,0.4950,0.3752,0.6236,0.00152,0.00286
10,mid,5,3,20,0.30,true,0.06975,0.00285,0.10086,2.03118,0.00350,0.5650,0.3197,0.6605,0.01123,0.00368
10,mid,5,3,20,0.40,true,0.07312,0.00291,0.11790,2.04487,0.00367,0.6344,0.2743,0.7083,0.02491,0.00398
10,mid,5,3,20,0.50,true,0.07687,0.00298,0.13665,2.05989,0.00385,0.6913,0.2280,0.7612,0.03993,0.00425
10,mid,5,3,20,0.60,true,0.07938,0.00302,0.15792,2.07869,0.00401,0.7556,0.1954,0.8208,0.05873,0.00451
10,mid,5,3,20,0.70,true,0.08538,0.00312,0.18104,2.09585,0.00424,0.8193,0.1647,0.8882,0.07590,0.00479
10,mid,5,3,20,0.80,true,0.08588,0.00313,0.20763,2.12200,0.00438,0.8830,0.1335,0.9627,0.10205,0.00494
10,mid,5,3,20,0.90,true,0.08075,0.00305,0.23549,2.15506,0.00441,0.9514,0.1131,1.0368,0.13511,0.00502
10,mid,5,3,20,1.00,true,0.07963,0.00303,0.26314,2.18394,0.00450,1.0174,0.0924,1.1154,0.16399,0.00514
10,mid,5,3,20,1.10,true,0.07800,0.00300,0.29042,2.21295,0.00458,1.0840,0.0765,1.1939,0.19300,0.00524
10,mid,5,3,20,1.20,true,0.07612,0.00297,0.31794,2.24247,0.00464,1.1515,0.0626,1.2744,0.22252,0.00535
10,mid,5,6,10,0.00,true,0.15250,0.00402,0.00154,1.84905,0.00403,0.1888,0.5510,0.2506,0.05184,0.00371
10,mid,5,6,10,0.10,true,0.18263,0.00432,0.00107,1.81845,0.00433,0.2371,0.3840,0.2724,0.02124,0.00307
10,mid,5,6,10,0.20,true,0.19925,0.00447,0.00141,1.80216,0.00447,0.2980,0.2384,0.3213,0.00495,0.00200
10,mid,5,6,10,0.30,true,0.20538,0.00452,0.00258,1.79721,0.00453,0.3689,0.1375,0.3894,0.00000,0.00000
10,mid,5,6,10,0.40,true,0.20225,0.00449,0.00496,1.80271,0.00452,0.4511,0.0774,0.4713,0.00550,0.00181
10,mid,5,6,10,0.50,true,0.19462,0.00443,0.00874,1.81412,0.00448,0.5340,0.0402,0.5573,0.01691,0.00241
10,mid,5,6,10,0.60,true,0.18463,0.00434,0.01492,1.83031,0.00443,0.6316,0.0195,0.6567,0.03310,0.00280
10,mid,5,6,10,0.70,true,0.16962,0.00420,0.02314,1.85354,0.00433,0.7250,0.0093,0.7509,0.05633,0.00308
10,mid,5,6,10,0.80,true,0.15413,0.00404,0.03412,1.88004,0.00423,0.8253,0.0046,0.8509,0.08283,0.00332
10,mid,5,6,10,0.90,true,0.14012,0.00388,0.04673,1.90668,0.00413,0.9189,0.0017,0.9444,0.10947,0.00355
10,mid,5,6,10,1.00,true,0.12175,0.00366,0.06265,1.94103,0.00397,1.0191,0.0007,1.0437,0.14382,0.00380
10,mid,5,6,10,1.10,true,0.10337,0.00340,0.08099,1.97781,0.00379,1.1192,0.0003,1.1428,0.18060,0.00398
10,mid,5,6,10,1.20,true,0.08762,0.00316,0.10146,2.01412,0.00361,1.2191,0.0001,1.2419,0.21691,0.00414
10,mid,5,6,15,0.00,true,0.07537,0.00295,0.01267,1.93729,0.00302,0.2856,0.5322,0.3868,0.02420,0.00259
10,mid,5,6,15,0.10,true,0.08750,0.00316,0.01146,1.92396,0.00322,0.3299,0.4286,0.4033,0.01087,0.00216
10,mid,5,6,15,0.20,true,0.09563,0.00329,0.01234,1.91672,0.00335,0.3812,0.3238,0.4381,0.00363,0.00152
10,mid,5,6,15,0.30,true,0.10225,0.00339,0.01533,1.91309,0.00347,0.4387,0.2293,0.4898,0.00000,0.00000
10,mid,5,6,15,0.40,true,0.10275,0.00339,0.02040,1.91767,0.00350,0.5070,0.1637,0.5526,0.00458,0.00148
10,mid,5,6,15,0.50,true,0.09938,0.00334,0.02789,1.92855,0.00349,0.5809,0.1081,0.6278,0.01546,0.00197
10,mid,5,6,15,0.60,true,0.09362,0.00326,0.03739,1.94382,0.00345,0.6595,0.0692,0.7091,0.03073,0.00233
10,mid,5,6,15,0.70,true,0.08762,0.00316,0.04933,1.96179,0.00342,0.7455,0.0418,0.7981,0.04870,0.00259
10,mid,5,6,15,0.80,true,0.08100,0.00305,0.06279,1.98191,0.00337,0.8340,0.0279,0.8862,0.06883,0.00279
10,mid,5,6,15,0.90,true,0.07087,0.00287,0.07975,2.00906,0.00326,0.9300,0.0145,0.9848,0.09597,0.00302
10,mid,5,6,15,1.00,true,0.06338,0.00272,0.09671,2.03359,0.00318,1.0195,0.0091,1.0738,0.12051,0.00317
10,mid,5,6,15,1.10,true,0.05462,0.00254,0.11710,2.06283,0.00307,1.1201,0.0056,1.1733,0.14974,0.00334
10,mid,5,6,15,1.20,true,0.04788,0.00239,0.13776,2.09036,0.00299,1.2145,0.0037,1.2666,0.17727,0.00344
10,mid,5,6,20,0.00,true,0.04575,0.00234,0.04997,2.00424,0.00263,0.3826,0.5246,0.5488,0.00690,0.00164
10,mid,5,6,20,0.10,true,0.05050,0.00245,0.04932,1.99885,0.00274,0.4202,0.4413,0.5648,0.00151,0.00118
10,mid,5,6,20,0.20,true,0.05400,0.00253,0.05130,1.99734,0.00283,0.4676,0.3587,0.5942,0.00000,0.00000
10,mid,5,6,20,0.30,true,0.05750,0.00260,0.05605,1.99861,0.00293,0.5226,0.2840,0.6374,0.00127,0.00123
10,mid,5,6,20,0.40,true,0.05600,0.00257,0.06327,2.00736,0.00294,0.5833,0.2214,0.6900,0.01002,0.00168
10,mid,5,6,20,0.50,true,0.05738,0.00260,0.07293,2.01568,0.00303,0.6516,0.1699,0.7540,0.01834,0.00200
10,mid,5,6,20,0.60,true,0.05613,0.00257,0.08469,2.02873,0.00306,0.7231,0.1278,0.8241,0.03139,0.00219
10,mid,5,6,20,0.70,true,0.05287,0.00250,0.09866,2.04601,0.00306,0.8003,0.0937,0.9018,0.04867,0.00241
10,mid,5,6,20,0.80,true,0.04788,0.00239,0.11465,2.06708,0.00302,0.8813,0.0666,0.9846,0.06973,0.00260
10,mid,5,6,20,0.90,true,0.04387,0.00229,0.13217,2.08869,0.00300,0.9656,0.0456,1.0717,0.09135,0.00281
10,mid,5,6,20,1.00,true,0.03988,0.00219,0.15030,2.11093,0.00297,1.0488,0.0312,1.1568,0.11359,0.00294
10,mid,5,6,20,1.10,true,0.03537,0.00207,0.16946,2.13472,0.00292,1.1361,0.0229,1.2429,0.13738,0.00301
10,mid,5,6,20,1.20,true,0.03050,0.00192,0.19110,2.16140,0.00285,1.2320,0.0160,1.3380,0.16406,0.00313
10,high,5,12,10,0.00,true,0.26887,0.00496,0.00233,1.73346,0.00498,0.2170,0.6322,0.2410,0.09570,0.00490
10,high,5,12,10,0.10,true,0.32638,0.00524,0.00543,1.67906,0.00529,0.2659,0.4754,0.2566,0.04130,0.00396
10,high,5,12,10,0.20,true,0.36600,0.00539,0.01204,1.64604,0.00550,0.3292,0.3200,0.3040,0.00828,0.00260
10,high,5,12,10,0.30,true,0.38388,0.00544,0.02163,1.63776,0.00566,0.3924,0.2084,0.3669,0.00000,0.00000
10,high,5,12,10,0.40,true,0.38312,0.00544,0.03670,1.65358,0.00581,0.4653,0.1246,0.4458,0.01582,0.00235
10,high,5,12,10,0.50,true,0.37725,0.00542,0.05699,1.67975,0.00600,0.5462,0.0684,0.5357,0.04199,0.00321
10,high,5,12,10,0.60,true,0.36962,0.00540,0.08207,1.71247,0.00621,0.6338,0.0353,0.6313,0.07470,0.00374
10,high,5,12,10,0.70,true,0.35187,0.00534,0.11195,1.76011,0.00640,0.7242,0.0197,0.7256,0.12235,0.00420
10,high,5,12,10,0.80,true,0.33850,0.00529,0.14561,1.80717,0.00661,0.8200,0.0089,0.8256,0.16941,0.00457
10,high,5,12,10,0.90,true,0.32438,0.00523,0.18046,1.85616,0.00680,0.9163,0.0057,0.9222,0.21840,0.00490
10,high,5,12,10,1.00,true,0.31112,0.00518,0.21667,1.90566,0.00697,1.0126,0.0024,1.0204,0.26789,0.00519
10,high,5,12,10,1.10,true,0.29762,0.00511,0.25351,1.95604,0.00712,1.1108,0.0005,1.1196,0.31828,0.00544
10,high,5,12,10,1.20,true,0.28337,0.00504,0.29010,2.00694,0.00724,1.2090,0.0003,1.2176,0.36917,0.00567
10,high,5,12,15,0.00,true,0.15213,0.00402,0.01422,1.86210,0.00411,0.3140,0.5713,0.3611,0.01464,0.00292
10,high,5,12,15,0.10,true,0.17100,0.00421,0.02162,1.85063,0.00437,0.3589,0.4682,0.3748,0.00317,0.00208
10,high,5,12,15,0.20,true,0.18625,0.00435,0.03370,1.84746,0.00461,0.4162,0.3693,0.4078,0.00000,0.00000
10,high,5,12,15,0.30,true,0.19550,0.00443,0.04795,1.85247,0.00481,0.4660,0.2845,0.4510,0.00501,0.00178
10,high,5,12,15,0.40,true,0.20287,0.00450,0.06792,1.86507,0.00504,0.5312,0.2100,0.5128,0.01761,0.00259
10,high,5,12,15,0.50,true,0.20300,0.00450,0.09180,1.88884,0.00522,0.6012,0.1537,0.5830,0.04138,0.00308
10,high,5,12,15,0.60,true,0.20338,0.00450,0.11962,1.91630,0.00543,0.6767,0.1081,0.6632,0.06884,0.00351
10,high,5,12,15,0.70,true,0.20100,0.00448,0.15079,1.94987,0.00561,0.7579,0.0753,0.7496,0.10241,0.00388
10,high,5,12,15,0.80,true,0.19487,0.00443,0.18479,1.99003,0.00576,0.8420,0.0505,0.8401,0.14257,0.00422
10,high,5,12,15,0.90,true,0.18900,0.00438,0.22006,2.03122,0.00591,0.9279,0.0319,0.9330,0.18376,0.00449
10,high,5,12,15,1.00,true,0.18338,0.00433,0.25620,2.07304,0.00604,1.0195,0.0214,1.0280,0.22558,0.00471
10,high,5,12,15,1.10,true,0.17513,0.00425,0.29208,2.11724,0.00611,1.1096,0.0144,1.1209,0.26978,0.00486
10,high,5,12,15,1.20,true,0.16925,0.00419,0.32833,2.15946,0.00620,1.2055,0.0096,1.2189,0.31200,0.00502
10,high,5,12,20,0.00,true,0.08750,0.00316,0.04112,1.95366,0.00344,0.4186,0.5460,0.4932,0.00000,0.00000
10,high,5,12,20,0.10,true,0.09613,0.00330,0.05140,1.95532,0.00366,0.4598,0.4738,0.5054,0.00165,0.00146
10,high,5,12,20,0.20,true,0.10475,0.00342,0.06695,1.96226,0.00391,0.5113,0.3949,0.5339,0.00859,0.00219
10,high,5,12,20,0.30,true,0.10950,0.00349,0.08440,1.97497,0.00411,0.5655,0.3334,0.5702,0.02130,0.00262
10,high,5,12,20,0.40,true,0.11400,0.00355,0.10640,1.99248,0.00433,0.6200,0.2657,0.6202,0.03882,0.00308
10,high,5,12,20,0.50,true,0.11700,0.00359,0.13108,2.01419,0.00453,0.6855,0.2155,0.6786,0.06053,0.00343
10,high,5,12,20,0.60,true,0.12050,0.00364,0.15909,2.03874,0.00475,0.7567,0.1718,0.7475,0.08507,0.00381
10,high,5,12,20,0.70,true,0.12112,0.00365,0.18923,2.06830,0.00493,0.8310,0.1374,0.8216,0.11464,0.00410
10,high,5,12,20,0.80,true,0.12075,0.00364,0.22104,2.10054,0.00509,0.9027,0.1029,0.9012,0.14687,0.00436
10,high,5,12,20,0.90,true,0.11775,0.00360,0.25420,2.13678,0.00520,0.9784,0.0761,0.9844,0.18311,0.00454
10,high,5,12,20,1.00,true,0.11675,0.00359,0.28775,2.17142,0.00533,1.0601,0.0555,1.0728,0.21776,0.00472
10,high,5,12,20,1.10,true,0.11488,0.00357,0.32126,2.20691,0.00544,1.1446,0.0401,1.1633,0.25325,0.00488
10,high,5,12,20,1.20,true,0.11025,0.00350,0.35561,2.24603,0.00548,1.2323,0.0280,1.2567,0.29237,0.00500
10,high,5,3,10,0.00,true,0.10350,0.00341,0.01036,1.90687,0.00346,0.1503,0.5400,0.3021,0.05568,0.00520
10,high,5,3,10,0.10,true,0.13800,0.00386,0.01438,1.87639,0.00395,0.2359,0.3735,0.3208,0.02521,0.00468
10,high,5,3,10,0.20,true,0.16475,0.00415,0.02203,1.85730,0.00430,0.3061,0.2634,0.3624,0.00611,0.00344
10,high,5,3,10,0.30,true,0.18363,0.00433,0.03478,1.85119,0.00458,0.3722,0.1857,0.4206,0.00000,0.00000
10,high,5,3,10,0.40,true,0.18887,0.00438,0.05319,1.86437,0.00476,0.4363,0.1251,0.4887,0.01319,0.00344
10,high,5,3,10,0.50,true,0.19375,0.00442,0.07691,1.88325,0.00498,0.5040,0.0836,0.5654,0.03206,0.00460
10,high,5,3,10,0.60,true,0.19350,0.00442,0.10639,1.91303,0.00518,0.5763,0.0533,0.6494,0.06185,0.00544
10,high,5,3,10,0.70,true,0.19125,0.00440,0.13916,1.94813,0.00537,0.6511,0.0343,0.7355,0.09695,0.00601
10,high,5,3,10,0.80,true,0.19212,0.00440,0.17283,1.98102,0.00559,0.7265,0.0223,0.8223,0.12984,0.00641
10,high,5,3,10,0.90,true,0.19100,0.00439,0.20797,2.01741,0.00578,0.8025,0.0131,0.9105,0.16623,0.00673
10,high,5,3,10,1.00,true,0.18862,0.00437,0.24595,2.05793,0.00596,0.8871,0.0080,1.0061,0.20675,0.00698
10,high,5,3,10,1.10,true,0.18063,0.00430,0.28209,2.10227,0.00605,0.9643,0.0041,1.0937,0.25109,0.00712
10,high,5,3,10,1.20,true,0.17313,0.00423,0.31991,2.14786,0.00613,1.0484,0.0020,1.1888,0.29667,0.00726
10,high,5,3,15,0.00,true,0.06087,0.00267,0.05646,1.99569,0.00304,0.2834,0.5296,0.4869,0.01058,0.00405
10,high,5,3,15,0.10,true,0.07787,0.00300,0.06346,1.98568,0.00341,0.3634,0.4342,0.4994,0.00058,0.00328
10,high,5,3,15,0.20,true,0.09075,0.00321,0.07574,1.98511,0.00372,0.4411,0.3622,0.5296,0.00000,0.00000
10,high,5,3,15,0.30,true,0.10337,0.00340,0.09147,1.98823,0.00402,0.5080,0.3025,0.5717,0.00312,0.00327
10,high,5,3,15,0.40,true,0.10787,0.00347,0.11180,2.00410,0.00422,0.5687,0.2480,0.6233,0.01899,0.00439
10,high,5,3,15,0.50,true,0.10412,0.00341,0.13730,2.03343,0.00433,0.6295,0.1981,0.6850,0.04832,0.00477
10,high,5,3,15,0.60,true,0.10287,0.00340,0.16467,2.06213,0.00447,0.6905,0.1588,0.7518,0.07702,0.00509
10,high,5,3,15,0.70,true,0.10612,0.00344,0.19395,2.08827,0.00468,0.7576,0.1294,0.8263,0.10317,0.00537
10,high,5,3,15,0.80,true,0.10475,0.00342,0.22369,2.11953,0.00481,0.8175,0.1014,0.9000,0.13442,0.00559
10,high,5,3,15,0.90,true,0.10712,0.00346,0.25555,2.14920,0.00500,0.8868,0.0784,0.9833,0.16409,0.00582
10,high,5,3,15,1.00,true,0.10600,0.00344,0.28769,2.18270,0.00512,0.9566,0.0604,1.0674,0.19759,0.00598
10,high,5,3,15,1.10,true,0.10312,0.00340,0.31875,2.21690,0.00519,1.0256,0.0479,1.1489,0.23179,0.00611
10,high,5,3,15,1.20,true,0.09900,0.00334,0.35125,2.25386,0.00523,1.0976,0.0354,1.2361,0.26875,0.00619
10,high,5,3,20,0.00,true,0.04512,0.00232,0.13815,2.09346,0.00327,0.4595,0.5230,0.7122,0.00000,0.00000
10,high,5,3,20,0.10,true,0.05137,0.00247,0.14694,2.09600,0.00346,0.5461,0.4601,0.7241,0.00254,0.00310
10,high,5,3,20,0.20,true,0.05000,0.00244,0.16114,2.11160,0.00351,0.6263,0.4045,0.7486,0.01814,0.00360
10,high,5,3,20,0.30,true,0.05663,0.00258,0.17618,2.12006,0.00374,0.6961,0.3621,0.7822,0.02660,0.00397
10,high,5,3,20,0.40,true,0.06162,0.00269,0.19337,2.13232,0.00395,0.7589,0.3234,0.8233,0.03886,0.00426
10,high,5,3,20,0.50,true,0.06175,0.00269,0.21331,2.15223,0.00405,0.8160,0.2863,0.8700,0.05877,0.00446
10,high,5,3,20,0.60,true,0.06075,0.00267,0.23701,2.17709,0.00416,0.8785,0.2517,0.9284,0.08363,0.00456
10,high,5,3,20,0.70,true,0.06050,0.00267,0.26136,2.20188,0.00427,0.9340,0.2166,0.9907,0.10842,0.00472
10,high,5,3,20,0.80,true,0.06325,0.00272,0.28533,2.22332,0.00443,0.9956,0.1919,1.0561,0.12986,0.00496
10,high,5,3,20,0.90,true,0.06613,0.00278,0.30977,2.24516,0.00459,1.0562,0.1674,1.1265,0.15170,0.00517
10,high,5,3,20,1.00,true,0.06575,0.00277,0.33447,2.27056,0.00468,1.1135,0.1438,1.1980,0.17710,0.00532
10,high,5,3,20,1.10,true,0.06187,0.00269,0.36096,2.30133,0.00469,1.1721,0.1215,1.2731,0.20788,0.00537
10,high,5,3,20,1.20,true,0.06150,0.00269,0.38512,2.32631,0.00476,1.2360,0.1066,1.3487,0.23285,0.00548
10,high,5,6,10,0.00,true,0.11900,0.00362,0.00557,1.88657,0.00365,0.2086,0.5387,0.2852,0.03738,0.00326
10,high,5,6,10,0.10,true,0.13912,0.00387,0.00474,1.86562,0.00390,0.2550,0.3887,0.3064,0.01642,0.00265
10,high,5,6,10,0.20,true,0.15475,0.00404,0.00579,1.85105,0.00408,0.3151,0.2567,0.3531,0.00186,0.00179
10,high,5,6,10,0.30,true,0.15975,0.00410,0.00892,1.84919,0.00415,0.3829,0.1598,0.4168,0.00000,0.00000
10,high,5,6,10,0.40,true,0.15675,0.00406,0.01448,1.85777,0.00415,0.4612,0.0959,0.4941,0.00858,0.00171
10,high,5,6,10,0.50,true,0.15288,0.00402,0.02240,1.86959,0.00415,0.5426,0.0570,0.5768,0.02040,0.00220
10,high,5,6,10,0.60,true,0.14300,0.00391,0.03426,1.89138,0.00411,0.6371,0.0314,0.6729,0.04219,0.00266
10,high,5,6,10,0.70,true,0.13175,0.00378,0.04871,1.91715,0.00405,0.7276,0.0155,0.7659,0.06796,0.00293
10,high,5,6,10,0.80,true,0.11862,0.00362,0.06672,1.94840,0.00397,0.8254,0.0084,0.8637,0.09921,0.00315
10,high,5,6,10,0.90,true,0.10687,0.00345,0.08618,1.97975,0.00390,0.9174,0.0048,0.9553,0.13056,0.00336
10,high,5,6,10,1.00,true,0.09413,0.00326,0.10965,2.01617,0.00380,1.0174,0.0023,1.0550,0.16698,0.00358
10,high,5,6,10,1.10,true,0.08263,0.00308,0.13512,2.05341,0.00370,1.1162,0.0010,1.1535,0.20421,0.00375
10,high,5,6,10,1.20,true,0.06675,0.00279,0.16308,2.09756,0.00349,1.2159,0.0004,1.2523,0.24836,0.00397
10,high,5,6,15,0.00,true,0.05875,0.00263,0.03674,1.97804,0.00284,0.3129,0.5286,0.4519,0.01140,0.00191
10,high,5,6,15,0.10,true,0.06588,0.00277,0.03578,1.96996,0.00297,0.3576,0.4357,0.4691,0.00333,0.00148
10,high,5,6,15,0.20,true,0.07175,0.00289,0.03830,1.96664,0.00310,0.4082,0.3404,0.5029,0.00000,0.00000
10,high,5,6,15,0.30,true,0.07400,0.00293,0.04444,1.97056,0.00318,0.4649,0.2535,0.5515,0.00392,0.00144
10,high,5,6,15,0.40,true,0.07250,0.00290,0.05368,1.98136,0.00320,0.5287,0.1861,0.6104,0.01472,0.00192
10,high,5,6,15,0.50,true,0.07200,0.00289,0.06629,1.99455,0.00326,0.6023,0.1334,0.6821,0.02791,0.00226
10,high,5,6,15,0.60,true,0.06775,0.00281,0.08134,2.01395,0.00326,0.6763,0.0920,0.7581,0.04731,0.00249
10,high,5,6,15,0.70,true,0.06325,0.00272,0.09942,2.03667,0.00326,0.7573,0.0594,0.8430,0.07003,0.00270
10,high,5,6,15,0.80,true,0.05750,0.00260,0.11902,2.06221,0.00323,0.8411,0.0401,0.9278,0.09557,0.00289
10,high,5,6,15,0.90,true,0.05337,0.00251,0.14217,2.08971,0.00324,0.9369,0.0273,1.0229,0.12308,0.00305
10,high,5,6,15,1.00,true,0.04738,0.00238,0.16482,2.11863,0.00318,1.0215,0.0164,1.1102,0.15199,0.00320
10,high,5,6,15,1.10,true,0.04138,0.00223,0.19085,2.15100,0.00312,1.1191,0.0106,1.2072,0.18437,0.00337
10,high,5,6,15,1.20,true,0.03625,0.00209,0.21630,2.18195,0.00306,1.2115,0.0069,1.2991,0.21531,0.00348
10,high,5,6,20,0.00,true,0.03400,0.00203,0.11566,2.08193,0.00277,0.4191,0.5242,0.6587,0.00271,0.00092
10,high,5,6,20,0.10,true,0.03725,0.00212,0.11615,2.07922,0.00287,0.4578,0.4512,0.6764,0.00000,0.00000
10,high,5,6,20,0.20,true,0.04000,0.00219,0.12006,2.08046,0.00296,0.5060,0.3760,0.7072,0.00124,0.00106
10,high,5,6,20,0.30,true,0.04138,0.00223,0.12717,2.08629,0.00304,0.5603,0.3089,0.7482,0.00707,0.00147
10,high,5,6,20,0.40,true,0.04138,0.00223,0.13731,2.09655,0.00309,0.6170,0.2474,0.7987,0.01733,0.00183
10,high,5,6,20,0.50,true,0.04225,0.00225,0.15021,2.10875,0.00318,0.6816,0.1963,0.8587,0.02953,0.00212
10,high,5,6,20,0.60,true,0.04150,0.00223,0.16563,2.12511,0.00323,0.7509,0.1528,0.9265,0.04589,0.00240
10,high,5,6,20,0.70,true,0.03725,0.00212,0.18335,2.14731,0.00319,0.8241,0.1174,0.9989,0.06809,0.00258
10,high,5,6,20,0.80,true,0.03388,0.00202,0.20296,2.17058,0.00317,0.9025,0.0895,1.0773,0.09137,0.00275
10,high,5,6,20,0.90,true,0.03100,0.00194,0.22373,2.19455,0.00316,0.9815,0.0663,1.1586,0.11533,0.00290
10,high,5,6,20,1.00,true,0.02863,0.00186,0.24475,2.21830,0.00315,1.0600,0.0481,1.2404,0.13908,0.00304
10,high,5,6,20,1.10,true,0.02587,0.00178,0.26662,2.24333,0.00312,1.1433,0.0359,1.3244,0.16411,0.00314
10,high,5,6,20,1.20,true,0.02237,0.00165,0.29058,2.27128,0.00306,1.2341,0.0253,1.4161,0.19206,0.00321
10,hcp30,5,12,10,0.00,true,0.23788,0.00476,0.04625,1.80923,0.00518,0.4299,0.6310,0.4327,0.03229,0.00437
10,hcp30,5,12,10,0.10,true,0.26900,0.00496,0.05685,1.78887,0.00552,0.4895,0.5564,0.4490,0.01194,0.00355
10,hcp30,5,12,10,0.20,true,0.29363,0.00509,0.07198,1.77968,0.00584,0.5487,0.4741,0.4800,0.00274,0.00245
10,hcp30,5,12,10,0.30,true,0.31375,0.00519,0.08899,1.77694,0.00613,0.6086,0.4047,0.5231,0.00000,0.00000
10,hcp30,5,12,10,0.40,true,0.33000,0.00526,0.11004,1.78227,0.00645,0.6784,0.3390,0.5809,0.00533,0.00234
10,hcp30,5,12,10,0.50,true,0.33725,0.00529,0.13388,1.79954,0.00673,0.7477,0.2793,0.6468,0.02260,0.00329
10,hcp30,5,12,10,0.60,true,0.34487,0.00531,0.15963,1.81849,0.00702,0.8227,0.2265,0.7245,0.04156,0.00402
10,hcp30,5,12,10,0.70,true,0.34750,0.00532,0.18703,1.84429,0.00730,0.9017,0.1833,0.8083,0.06735,0.00462
10,hcp30,5,12,10,0.80,true,0.34437,0.00531,0.21532,1.87691,0.00753,0.9774,0.1447,0.8943,0.09997,0.00511
10,hcp30,5,12,10,0.90,true,0.33837,0.00529,0.24359,1.91254,0.00773,1.0581,0.1183,0.9806,0.13560,0.00552
10,hcp30,5,12,10,1.00,true,0.33313,0.00527,0.27279,1.94858,0.00793,1.1402,0.0920,1.0744,0.17164,0.00593
10,hcp30,5,12,10,1.10,true,0.32837,0.00525,0.30113,1.98349,0.00812,1.2305,0.0741,1.1715,0.20655,0.00626
10,hcp30,5,12,10,1.20,true,0.32262,0.00523,0.32911,2.01926,0.00828,1.3205,0.0587,1.2697,0.24232,0.00656
10,hcp30,5,12,15,0.00,true,0.15762,0.00407,0.11929,1.96501,0.00507,0.6178,0.5778,0.6378,0.00000,0.00000
10,hcp30,5,12,15,0.10,true,0.16825,0.00418,0.13049,1.96585,0.00530,0.6657,0.5227,0.6525,0.00084,0.00187
10,hcp30,5,12,15,0.20,true,0.18025,0.00430,0.14576,1.96958,0.00557,0.7299,0.4709,0.6805,0.00457,0.00270
10,hcp30,5,12,15,0.30,true,0.18600,0.00435,0.16153,1.98017,0.00578,0.7827,0.4252,0.7110,0.01516,0.00326
10,hcp30,5,12,15,0.40,true,0.19137,0.00440,0.18101,1.99507,0.00600,0.8482,0.3820,0.7528,0.03006,0.00379
10,hcp30,5,12,15,0.50,true,0.19862,0.00446,0.20208,2.00984,0.00625,0.9136,0.3391,0.8044,0.04483,0.00432
10,hcp30,5,12,15,0.60,true,0.20137,0.00448,0.22545,2.03164,0.00646,0.9743,0.2941,0.8628,0.06663,0.00480
10,hcp30,5,12,15,0.70,true,0.20425,0.00451,0.24921,2.05389,0.00666,1.0419,0.2565,0.9274,0.08888,0.00520
10,hcp30,5,12,15,0.80,true,0.20538,0.00452,0.27351,2.07861,0.00685,1.1160,0.2265,0.9964,0.11360,0.00555
10,hcp30,5,12,15,0.90,true,0.20800,0.00454,0.29865,2.10291,0.00705,1.1930,0.1967,1.0747,0.13790,0.00593
10,hcp30,5,12,15,1.00,true,0.20688,0.00453,0.32368,2.13104,0.00720,1.2679,0.1710,1.1527,0.16603,0.00621
10,hcp30,5,12,15,1.10,true,0.20525,0.00452,0.34858,2.15975,0.00733,1.3447,0.1483,1.2342,0.19474,0.00648
10,hcp30,5,12,15,1.20,true,0.20212,0.00449,0.37406,2.19080,0.00744,1.4272,0.1299,1.3195,0.22580,0.00672
10,hcp30,5,12,20,0.00,true,0.10337,0.00340,0.20367,2.10821,0.00495,0.8327,0.5523,0.8499,0.00000,0.00000
10,hcp30,5,12,20,0.10,true,0.10912,0.00349,0.21318,2.11237,0.00513,0.8786,0.5145,0.8638,0.00416,0.00139
10,hcp30,5,12,20,0.20,true,0.11425,0.00356,0.22613,2.12086,0.00531,0.9285,0.4711,0.8872,0.01265,0.00209
10,hcp30,5,12,20,0.30,true,0.11713,0.00360,0.23977,2.13242,0.00547,0.9795,0.4345,0.9143,0.02421,0.00259
10,hcp30,5,12,20,0.40,true,0.12000,0.00363,0.25652,2.14734,0.00563,1.0421,0.3991,0.9524,0.03913,0.00318
10,hcp30,5,12,20,0.50,true,0.12200,0.00366,0.27376,2.16381,0.00579,1.0998,0.3642,0.9944,0.05560,0.00360
10,hcp30,5,12,20,0.60,true,0.12375,0.00368,0.29230,2.18205,0.00594,1.1656,0.3344,1.0427,0.07384,0.00399
10,hcp30,5,12,20,0.70,true,0.12550,0.00370,0.31194,2.20163,0.00609,1.2265,0.3012,1.0982,0.09342,0.00440
10,hcp30,5,12,20,0.80,true,0.12575,0.00371,0.33209,2.22340,0.00622,1.2911,0.2724,1.1569,0.11519,0.00473
10,hcp30,5,12,20,0.90,true,0.12675,0.00372,0.35341,2.24585,0.00635,1.3662,0.2482,1.2233,0.13764,0.00510
10,hcp30,5,12,20,1.00,true,0.12900,0.00375,0.37417,2.26664,0.00650,1.4402,0.2252,1.2931,0.15843,0.00541
10,hcp30,5,12,20,1.10,true,0.13012,0.00376,0.39494,2.28878,0.00662,1.5134,0.2035,1.3654,0.18057,0.00569
10,hcp30,5,12,20,1.20,true,0.13037,0.00376,0.41598,2.31228,0.00673,1.5903,0.1844,1.4413,0.20407,0.00593
10,hcp30,5,3,10,0.00,true,0.05412,0.00253,0.15211,2.10198,0.00368,0.1513,0.5248,0.4736,0.02482,0.00357
10,hcp30,5,3,10,0.10,true,0.07525,0.00295,0.15377,2.08277,0.00409,0.2846,0.3933,0.4919,0.00561,0.00278
10,hcp30,5,3,10,0.20,true,0.09275,0.00324,0.16501,2.07716,0.00444,0.4014,0.3232,0.5323,0.00000,0.00000
10,hcp30,5,3,10,0.30,true,0.10175,0.00338,0.18293,2.08707,0.00469,0.4968,0.2807,0.5820,0.00991,0.00279
10,hcp30,5,3,10,0.40,true,0.11088,0.00351,0.20625,2.10258,0.00496,0.5729,0.2376,0.6410,0.02542,0.00396
10,hcp30,5,3,10,0.50,true,0.11475,0.00356,0.23464,2.12875,0.00516,0.6438,0.2026,0.7052,0.05159,0.00468
10,hcp30,5,3,10,0.60,true,0.11875,0.00362,0.26603,2.15818,0.00539,0.7139,0.1735,0.7752,0.08102,0.00517
10,hcp30,5,3,10,0.70,true,0.12175,0.00366,0.29781,2.18928,0.00559,0.7788,0.1466,0.8466,0.11212,0.00562
10,hcp30,5,3,10,0.80,true,0.12612,0.00371,0.33007,2.21978,0.00581,0.8486,0.1267,0.9227,0.14262,0.00602
10,hcp30,5,3,10,0.90,true,0.12650,0.00372,0.36215,2.25433,0.00596,0.9135,0.1072,0.9983,0.17717,0.00637
10,hcp30,5,3,10,1.00,true,0.12975,0.00376,0.39527,2.28759,0.00616,0.9847,0.0875,1.0838,0.21043,0.00669
10,hcp30,5,3,10,1.10,true,0.12862,0.00374,0.42556,2.32261,0.00627,1.0536,0.0727,1.1647,0.24545,0.00687
10,hcp30,5,3,10,1.20,true,0.12875,0.00374,0.45614,2.35718,0.00639,1.1308,0.0610,1.2543,0.28002,0.00705
10,hcp30,5,3,15,0.00,true,0.03188,0.00196,0.28220,2.26187,0.00398,0.2381,0.5154,0.7063,0.01425,0.00302
10,hcp30,5,3,15,0.10,true,0.04675,0.00236,0.28325,2.24833,0.00431,0.3639,0.4357,0.7198,0.00071,0.00246
10,hcp30,5,3,15,0.20,true,0.05588,0.00257,0.29096,2.24762,0.00452,0.4868,0.3768,0.7473,0.00000,0.00000
10,hcp30,5,3,15,0.30,true,0.06313,0.00272,0.30412,2.25461,0.00470,0.5929,0.3337,0.7866,0.00700,0.00259
10,hcp30,5,3,15,0.40,true,0.06413,0.00274,0.32312,2.27409,0.00476,0.6878,0.2987,0.8351,0.02647,0.00362
10,hcp30,5,3,15,0.50,true,0.06825,0.00282,0.34274,2.29129,0.00490,0.7675,0.2688,0.8878,0.04367,0.00419
10,hcp30,5,3,15,0.60,true,0.07037,0.00286,0.36437,2.31282,0.00500,0.8383,0.2400,0.9450,0.06521,0.00460
10,hcp30,5,3,15,0.70,true,0.07100,0.00287,0.38818,2.33835,0.00508,0.9106,0.2177,1.0068,0.09073,0.00490
10,hcp30,5,3,15,0.80,true,0.07325,0.00291,0.41241,2.36292,0.00519,0.9810,0.1980,1.0727,0.11530,0.00524
10,hcp30,5,3,15,0.90,true,0.07437,0.00293,0.43756,2.38995,0.00528,1.0503,0.1781,1.1428,0.14234,0.00552
10,hcp30,5,3,15,1.00,true,0.07575,0.00296,0.46140,2.41558,0.00537,1.1145,0.1589,1.2134,0.16796,0.00577
10,hcp30,5,3,15,1.10,true,0.07225,0.00289,0.48787,2.44929,0.00535,1.1844,0.1424,1.2890,0.20168,0.00590
10,hcp30,5,3,15,1.20,true,0.07237,0.00290,0.51094,2.47603,0.00541,1.2508,0.1276,1.3640,0.22842,0.00607
10,hcp30,5,3,20,0.00,true,0.02237,0.00165,0.39103,2.39112,0.00418,0.3380,0.5160,0.9481,0.00422,0.00215
10,hcp30,5,3,20,0.10,true,0.02838,0.00186,0.39248,2.38690,0.00433,0.4521,0.4481,0.9575,0.00000,0.00000
10,hcp30,5,3,20,0.20,true,0.03200,0.00197,0.39935,2.39091,0.00441,0.5811,0.3999,0.9802,0.00401,0.00227
10,hcp30,5,3,20,0.30,true,0.03687,0.00211,0.40874,2.39647,0.00453,0.6906,0.3618,1.0106,0.00957,0.00305
10,hcp30,5,3,20,0.40,true,0.03575,0.00208,0.42316,2.41350,0.00450,0.7929,0.3307,1.0486,0.02660,0.00330
10,hcp30,5,3,20,0.50,true,0.03850,0.00215,0.43808,2.42740,0.00457,0.8832,0.3055,1.0931,0.04050,0.00362
10,hcp30,5,3,20,0.60,true,0.04013,0.00219,0.45590,2.44568,0.00462,0.9710,0.2835,1.1454,0.05878,0.00390
10,hcp30,5,3,20,0.70,true,0.04075,0.00221,0.47459,2.46616,0.00465,1.0469,0.2597,1.2015,0.07926,0.00414
10,hcp30,5,3,20,0.80,true,0.04475,0.00231,0.49317,2.48333,0.00476,1.1198,0.2378,1.2633,0.09643,0.00446
10,hcp30,5,3,20,0.90,true,0.04662,0.00236,0.51217,2.50342,0.00483,1.1940,0.2200,1.3277,0.11652,0.00471
10,hcp30,5,3,20,1.00,true,0.04725,0.00237,0.53018,2.52397,0.00487,1.2626,0.2036,1.3914,0.13707,0.00491
10,hcp30,5,3,20,1.10,true,0.04637,0.00235,0.54886,2.54710,0.00487,1.3335,0.1888,1.4595,0.16020,0.00505
10,hcp30,5,3,20,1.20,true,0.04637,0.00235,0.56677,2.56867,0.00489,1.4018,0.1751,1.5282,0.18177,0.00524
10,hcp30,5,6,10,0.00,true,0.10375,0.00341,0.07848,1.97621,0.00397,0.4108,0.5382,0.4590,0.00799,0.00180
10,hcp30,5,6,10,0.10,true,0.11250,0.00353,0.07903,1.96822,0.00409,0.4617,0.4586,0.4798,0.00000,0.00000
10,hcp30,5,6,10,0.20,true,0.11850,0.00361,0.08486,1.96846,0.00421,0.5228,0.3841,0.5160,0.00024,0.00183
10,hcp30,5,6,10,0.30,true,0.12362,0.00368,0.09535,1.97442,0.00435,0.5881,0.3184,0.5651,0.00620,0.00257
10,hcp30,5,6,10,0.40,true,0.12600,0.00371,0.11015,1.98767,0.00448,0.6590,0.2594,0.6270,0.01945,0.00318
10,hcp30,5,6,10,0.50,true,0.12412,0.00369,0.12788,2.00830,0.00456,0.7298,0.2105,0.6949,0.04008,0.00369
10,hcp30,5,6,10,0.60,true,0.11975,0.00363,0.15033,2.03649,0.00464,0.8114,0.1676,0.7759,0.06828,0.00416
10,hcp30,5,6,10,0.70,true,0.11450,0.00356,0.17377,2.06672,0.00471,0.8918,0.1362,0.8568,0.09850,0.00452
10,hcp30,5,6,10,0.80,true,0.10875,0.00348,0.19951,2.10003,0.00476,0.9762,0.1093,0.9442,0.13181,0.00487
10,hcp30,5,6,10,0.90,true,0.10100,0.00337,0.22484,2.13503,0.00476,1.0589,0.0911,1.0280,0.16681,0.00516
10,hcp30,5,6,10,1.00,true,0.09187,0.00323,0.25265,2.17423,0.00473,1.1455,0.0738,1.1187,0.20602,0.00542
10,hcp30,5,6,10,1.10,true,0.08338,0.00309,0.28050,2.21305,0.00469,1.2310,0.0589,1.2098,0.24483,0.00562
10,hcp30,5,6,10,1.20,true,0.07512,0.00295,0.30906,2.25257,0.00463,1.3216,0.0476,1.3048,0.28435,0.00584
10,hcp30,5,6,15,0.00,true,0.05575,0.00257,0.18468,2.13422,0.00380,0.6193,0.5262,0.6886,0.00062,0.00114
10,hcp30,5,6,15,0.10,true,0.05713,0.00259,0.18502,2.13360,0.00381,0.6733,0.4812,0.7047,0.00000,0.00000
10,hcp30,5,6,15,0.20,true,0.05975,0.00265,0.18912,2.13572,0.00388,0.7263,0.4289,0.7327,0.00213,0.00142
10,hcp30,5,6,15,0.30,true,0.06137,0.00268,0.19702,2.14289,0.00395,0.7860,0.3801,0.7711,0.00929,0.00207
10,hcp30,5,6,15,0.40,true,0.06200,0.00270,0.20769,2.15403,0.00402,0.8469,0.3362,0.8162,0.02043,0.00257
10,hcp30,5,6,15,0.50,true,0.05900,0.00263,0.22140,2.17209,0.00403,0.9077,0.2910,0.8693,0.03850,0.00304
10,hcp30,5,6,15,0.60,true,0.05688,0.00259,0.23689,2.19125,0.00406,0.9715,0.2525,0.9282,0.05765,0.00345
10,hcp30,5,6,15,0.70,true,0.05638,0.00258,0.25467,2.21133,0.00413,1.0417,0.2168,0.9965,0.07773,0.00385
10,hcp30,5,6,15,0.80,true,0.05325,0.00251,0.27298,2.23468,0.00415,1.1136,0.1913,1.0635,0.10109,0.00415
10,hcp30,5,6,15,0.90,true,0.04975,0.00243,0.29362,2.26109,0.00416,1.1922,0.1663,1.1401,0.12750,0.00443
10,hcp30,5,6,15,1.00,true,0.04813,0.00239,0.31293,2.28424,0.00419,1.2646,0.1460,1.2133,0.15064,0.00468
10,hcp30,5,6,15,1.10,true,0.04425,0.00230,0.33488,2.31268,0.00417,1.3420,0.1244,1.2960,0.17908,0.00493
10,hcp30,5,6,15,1.20,true,0.04100,0.00222,0.35586,2.33955,0.00416,1.4173,0.1071,1.3764,0.20595,0.00513
10,hcp30,5,6,20,0.00,true,0.03163,0.00196,0.29742,2.27800,0.00379,0.8311,0.5180,0.9249,0.00000,0.00000
10,hcp30,5,6,20,0.10,true,0.03188,0.00196,0.29847,2.27939,0.00379,0.8720,0.4775,0.9417,0.00138,0.00101
10,hcp30,5,6,20,0.20,true,0.03288,0.00199,0.30198,2.28274,0.00382,0.9263,0.4384,0.9682,0.00474,0.00163
10,hcp30,5,6,20,0.30,true,0.03263,0.00199,0.30785,2.28994,0.00383,0.9833,0.4021,1.0004,0.01193,0.00207
10,hcp30,5,6,20,0.40,true,0.03200,0.00197,0.31583,2.29983,0.00384,1.0387,0.3653,1.0395,0.02182,0.00253
10,hcp30,5,6,20,0.50,true,0.03150,0.00195,0.32547,2.31147,0.00386,1.0963,0.3305,1.0844,0.03346,0.00290
10,hcp30,5,6,20,0.60,true,0.03075,0.00193,0.33642,2.32489,0.00388,1.1602,0.3009,1.1345,0.04689,0.00324
10,hcp30,5,6,20,0.70,true,0.03125,0.00195,0.34875,2.33866,0.00394,1.2216,0.2690,1.1918,0.06065,0.00359
10,hcp30,5,6,20,0.80,true,0.03037,0.00192,0.36221,2.35514,0.00396,1.2929,0.2448,1.2526,0.07713,0.00388
10,hcp30,5,6,20,0.90,true,0.02925,0.00188,0.37652,2.37287,0.00398,1.3581,0.2189,1.3169,0.09487,0.00416
10,hcp30,5,6,20,1.00,true,0.02913,0.00188,0.39090,2.38977,0.00401,1.4278,0.1984,1.3832,0.11177,0.00441
10,hcp30,5,6,20,1.10,true,0.02900,0.00188,0.40584,2.40739,0.00405,1.5006,0.1802,1.4533,0.12939,0.00467
10,hcp30,5,6,20,1.20,true,0.02712,0.00182,0.42234,2.42868,0.00404,1.5746,0.1605,1.5298,0.15068,0.00488
12,tour,0,12,10,0.00,true,0.27775,0.00501,0.00003,1.72228,0.00501,0.1607,0.6359,0.1948,0.13031,0.00478
12,tour,0,12,10,0.10,true,0.35187,0.00534,0.00008,1.64820,0.00534,0.2099,0.4285,0.2118,0.05623,0.00375
12,tour,0,12,10,0.20,true,0.39263,0.00546,0.00028,1.60766,0.00546,0.2704,0.2422,0.2634,0.01568,0.00239
12,tour,0,12,10,0.30,true,0.40887,0.00550,0.00085,1.59197,0.00550,0.3409,0.1140,0.3390,0.00000,0.00000
12,tour,0,12,10,0.40,true,0.40787,0.00549,0.00217,1.59429,0.00552,0.4250,0.0469,0.4295,0.00232,0.00204
12,tour,0,12,10,0.50,true,0.39563,0.00547,0.00475,1.60913,0.00551,0.5155,0.0192,0.5231,0.01715,0.00257
12,tour,0,12,10,0.60,true,0.38412,0.00544,0.00917,1.62505,0.00552,0.6113,0.0071,0.6206,0.03307,0.00292
12,tour,0,12,10,0.70,true,0.37038,0.00540,0.01600,1.64563,0.00554,0.7100,0.0014,0.7204,0.05366,0.00326
12,tour,0,12,10,0.80,true,0.35663,0.00536,0.02556,1.66893,0.00558,0.8095,0.0006,0.8190,0.07696,0.00349
12,tour,0,12,10,0.90,true,0.34463,0.00531,0.03798,1.69336,0.00564,0.9090,0.0004,0.9177,0.10139,0.00370
12,tour,0,12,10,1.00,true,0.33175,0.00526,0.05347,1.72172,0.00571,1.0090,0.0000,1.0174,0.12975,0.00393
12,tour,0,12,10,1.10,true,0.32025,0.00522,0.07155,1.75130,0.00580,1.1087,0.0000,1.1166,0.15933,0.00410
12,tour,0,12,10,1.20,true,0.30788,0.00516,0.09232,1.78445,0.00590,1.2098,0.0000,1.2173,0.19248,0.00433
12,tour,0,12,15,0.00,true,0.16237,0.00412,0.00072,1.83835,0.00413,0.2452,0.5781,0.2886,0.06944,0.00393
12,tour,0,12,15,0.10,true,0.19087,0.00439,0.00101,1.81014,0.00440,0.2903,0.4445,0.3019,0.04123,0.00341
12,tour,0,12,15,0.20,true,0.21613,0.00460,0.00194,1.78582,0.00461,0.3442,0.3191,0.3394,0.01691,0.00272
12,tour,0,12,15,0.30,true,0.23237,0.00472,0.00376,1.77138,0.00475,0.4069,0.2141,0.3974,0.00247,0.00187
12,tour,0,12,15,0.40,true,0.23800,0.00476,0.00691,1.76891,0.00481,0.4765,0.1337,0.4701,0.00000,0.00000
12,tour,0,12,15,0.50,true,0.24225,0.00479,0.01175,1.76950,0.00487,0.5546,0.0782,0.5542,0.00059,0.00165
12,tour,0,12,15,0.60,true,0.23975,0.00477,0.01869,1.77894,0.00491,0.6415,0.0483,0.6439,0.01003,0.00217
12,tour,0,12,15,0.70,true,0.23212,0.00472,0.02821,1.79609,0.00492,0.7293,0.0259,0.7371,0.02718,0.00256
12,tour,0,12,15,0.80,true,0.22425,0.00466,0.04035,1.81611,0.00494,0.8219,0.0135,0.8330,0.04720,0.00284
12,tour,0,12,15,0.90,true,0.21813,0.00462,0.05516,1.83704,0.00500,0.9194,0.0085,0.9307,0.06813,0.00305
12,tour,0,12,15,1.00,true,0.21113,0.00456,0.07264,1.86152,0.00505,1.0165,0.0043,1.0292,0.09261,0.00325
12,tour,0,12,15,1.10,true,0.20312,0.00450,0.09247,1.88935,0.00511,1.1144,0.0024,1.1272,0.12044,0.00343
12,tour,0,12,15,1.20,true,0.19500,0.00443,0.11472,1.91972,0.00517,1.2136,0.0012,1.2264,0.15081,0.00361
12,tour,0,12,20,0.00,true,0.10525,0.00343,0.00361,1.89836,0.00345,0.3201,0.5481,0.3843,0.04160,0.00325
12,tour,0,12,20,0.10,true,0.12187,0.00366,0.00433,1.88245,0.00368,0.3679,0.4507,0.3973,0.02569,0.00280
12,tour,0,12,20,0.20,true,0.13687,0.00384,0.00623,1.86935,0.00388,0.4200,0.3563,0.4280,0.01259,0.00228
12,tour,0,12,20,0.30,true,0.14988,0.00399,0.00951,1.85963,0.00405,0.4794,0.2738,0.4752,0.00288,0.00156
12,tour,0,12,20,0.40,true,0.15762,0.00407,0.01438,1.85676,0.00416,0.5410,0.2011,0.5346,0.00000,0.00000
12,tour,0,12,20,0.50,true,0.15962,0.00409,0.02116,1.86154,0.00423,0.6076,0.1415,0.6043,0.00478,0.00142
12,tour,0,12,20,0.60,true,0.15975,0.00410,0.03005,1.87030,0.00429,0.6842,0.1003,0.6827,0.01355,0.00190
12,tour,0,12,20,0.70,true,0.15550,0.00405,0.04126,1.88576,0.00431,0.7635,0.0678,0.7668,0.02900,0.00228
12,tour,0,12,20,0.80,true,0.15263,0.00402,0.05492,1.90230,0.00436,0.8486,0.0440,0.8575,0.04555,0.00262
12,tour,0,12,20,0.90,true,0.14838,0.00397,0.07082,1.92245,0.00441,0.9351,0.0277,0.9488,0.06569,0.00277
12,tour,0,12,20,1.00,true,0.14413,0.00393,0.08897,1.94485,0.00447,1.0257,0.0164,1.0435,0.08809,0.00299
12,tour,0,12,20,1.10,true,0.13862,0.00386,0.10926,1.97065,0.00451,1.1204,0.0102,1.1398,0.11389,0.00318
12,tour,0,12,20,1.20,true,0.13262,0.00379,0.13165,1.99904,0.00455,1.2180,0.0075,1.2369,0.14228,0.00335
12,scratch,0,12,10,0.00,true,0.24063,0.00478,0.00011,1.75949,0.00478,0.1711,0.6163,0.2093,0.10968,0.00456
12,scratch,0,12,10,0.10,true,0.30250,0.00514,0.00025,1.69775,0.00514,0.2210,0.4249,0.2271,0.04795,0.00366
12,scratch,0,12,10,0.20,true,0.33850,0.00529,0.00074,1.66224,0.00530,0.2799,0.2534,0.2758,0.01244,0.00242
12,scratch,0,12,10,0.30,true,0.35213,0.00534,0.00193,1.64981,0.00536,0.3498,0.1300,0.3489,0.00000,0.00000
12,scratch,0,12,10,0.40,true,0.35025,0.00533,0.00438,1.65413,0.00537,0.4308,0.0616,0.4349,0.00433,0.00198
12,scratch,0,12,10,0.50,true,0.34400,0.00531,0.00882,1.66482,0.00539,0.5186,0.0244,0.5285,0.01501,0.00253
12,scratch,0,12,10,0.60,true,0.33237,0.00527,0.01586,1.68349,0.00540,0.6133,0.0112,0.6241,0.03368,0.00290
12,scratch,0,12,10,0.70,true,0.32262,0.00523,0.02606,1.70343,0.00544,0.7104,0.0044,0.7221,0.05363,0.00314
12,scratch,0,12,10,0.80,true,0.31150,0.00518,0.03963,1.72814,0.00550,0.8085,0.0009,0.8209,0.07833,0.00338
12,scratch,0,12,10,0.90,true,0.29900,0.00512,0.05670,1.75771,0.00557,0.9087,0.0005,0.9201,0.10790,0.00363
12,scratch,0,12,10,1.00,true,0.28575,0.00505,0.07691,1.79116,0.00564,1.0095,0.0004,1.0202,0.14136,0.00389
12,scratch,0,12,10,1.10,true,0.27225,0.00498,0.09970,1.82746,0.00572,1.1096,0.0000,1.1200,0.17766,0.00414
12,scratch,0,12,10,1.20,true,0.25962,0.00490,0.12472,1.86512,0.00580,1.2100,0.0000,1.2199,0.21531,0.00436
12,scratch,0,12,15,0.00,true,0.13425,0.00381,0.00187,1.86762,0.00382,0.2638,0.5664,0.3155,0.04870,0.00361
12,scratch,0,12,15,0.10,true,0.15825,0.00408,0.00248,1.84423,0.00409,0.3076,0.4409,0.3298,0.02531,0.00315
12,scratch,0,12,15,0.20,true,0.17550,0.00425,0.00422,1.82872,0.00428,0.3611,0.3267,0.3652,0.00980,0.00259
12,scratch,0,12,15,0.30,true,0.18725,0.00436,0.00745,1.82020,0.00441,0.4216,0.2267,0.4199,0.00128,0.00169
12,scratch,0,12,15,0.40,true,0.19375,0.00442,0.01267,1.81892,0.00450,0.4903,0.1512,0.4888,0.00000,0.00000
12,scratch,0,12,15,0.50,true,0.19662,0.00444,0.02018,1.82356,0.00458,0.5647,0.0944,0.5682,0.00464,0.00152
12,scratch,0,12,15,0.60,true,0.19625,0.00444,0.03030,1.83406,0.00464,0.6476,0.0583,0.6554,0.01514,0.00206
12,scratch,0,12,15,0.70,true,0.19212,0.00440,0.04341,1.85128,0.00469,0.7351,0.0354,0.7468,0.03237,0.00240
12,scratch,0,12,15,0.80,true,0.18525,0.00434,0.05945,1.87421,0.00473,0.8254,0.0209,0.8402,0.05529,0.00267
12,scratch,0,12,15,0.90,true,0.17913,0.00429,0.07822,1.89910,0.00479,0.9180,0.0110,0.9358,0.08019,0.00288
12,scratch,0,12,15,1.00,true,0.17263,0.00423,0.09983,1.92722,0.00485,1.0168,0.0076,1.0340,0.10830,0.00313
12,scratch,0,12,15,1.10,true,0.16550,0.00415,0.12372,1.95823,0.00491,1.1140,0.0040,1.1322,0.13931,0.00333
12,scratch,0,12,15,1.20,true,0.15762,0.00407,0.14964,1.99204,0.00496,1.2125,0.0024,1.2308,0.17312,0.00353
12,scratch,0,12,20,0.00,true,0.08450,0.00311,0.00813,1.92363,0.00315,0.3425,0.5396,0.4266,0.02037,0.00265
12,scratch,0,12,20,0.10,true,0.09688,0.00331,0.00945,1.91258,0.00336,0.3909,0.4505,0.4401,0.00932,0.00225
12,scratch,0,12,20,0.20,true,0.10562,0.00344,0.01262,1.90699,0.00350,0.4418,0.3630,0.4690,0.00374,0.00167
12,scratch,0,12,20,0.30,true,0.11450,0.00356,0.01776,1.90326,0.00366,0.4969,0.2805,0.5138,0.00000,0.00000
12,scratch,0,12,20,0.40,true,0.12050,0.00364,0.02511,1.90461,0.00379,0.5613,0.2166,0.5705,0.00135,0.00138
12,scratch,0,12,20,0.50,true,0.12050,0.00364,0.03473,1.91423,0.00385,0.6265,0.1602,0.6358,0.01098,0.00185
12,scratch,0,12,20,0.60,true,0.12162,0.00365,0.04675,1.92513,0.00394,0.6973,0.1146,0.7102,0.02187,0.00219
12,scratch,0,12,20,0.70,true,0.12050,0.00364,0.06147,1.94098,0.00401,0.7745,0.0803,0.7915,0.03772,0.00249
12,scratch,0,12,20,0.80,true,0.11875,0.00362,0.07866,1.95992,0.00409,0.8574,0.0566,0.8774,0.05666,0.00270
12,scratch,0,12,20,0.90,true,0.11638,0.00359,0.09799,1.98163,0.00417,0.9428,0.0389,0.9664,0.07837,0.00287
12,scratch,0,12,20,1.00,true,0.11013,0.00350,0.12000,2.00990,0.00419,1.0305,0.0249,1.0586,0.10664,0.00308
12,scratch,0,12,20,1.10,true,0.10525,0.00343,0.14375,2.03853,0.00424,1.1220,0.0158,1.1529,0.13527,0.00326
12,scratch,0,12,20,1.20,true,0.10100,0.00337,0.16917,2.06821,0.00429,1.2175,0.0104,1.2494,0.16496,0.00342
12,mid,0,12,10,0.00,true,0.18388,0.00433,0.00065,1.81677,0.00433,0.1863,0.5885,0.2343,0.08215,0.00408
12,mid,0,12,10,0.10,true,0.22775,0.00469,0.00119,1.77344,0.00470,0.2356,0.4168,0.2528,0.03882,0.00326
12,mid,0,12,10,0.20,true,0.25738,0.00489,0.00285,1.74548,0.00491,0.2955,0.2675,0.2996,0.01086,0.00221
12,mid,0,12,10,0.30,true,0.27175,0.00497,0.00637,1.73462,0.00502,0.3625,0.1505,0.3681,0.00000,0.00000
12,mid,0,12,10,0.40,true,0.27025,0.00497,0.01273,1.74248,0.00506,0.4391,0.0762,0.4501,0.00786,0.00192
12,mid,0,12,10,0.50,true,0.26325,0.00492,0.02274,1.75949,0.00510,0.5256,0.0378,0.5401,0.02487,0.00254
12,mid,0,12,10,0.60,true,0.25438,0.00487,0.03677,1.78241,0.00514,0.6164,0.0179,0.6334,0.04779,0.00290
12,mid,0,12,10,0.70,true,0.24138,0.00478,0.05528,1.81393,0.00519,0.7110,0.0082,0.7290,0.07931,0.00322
12,mid,0,12,10,0.80,true,0.23000,0.00471,0.07772,1.84775,0.00525,0.8084,0.0044,0.8261,0.11313,0.00350
12,mid,0,12,10,0.90,true,0.22050,0.00464,0.10368,1.88323,0.00535,0.9056,0.0008,0.9243,0.14861,0.00372
12,mid,0,12,10,1.00,true,0.20950,0.00455,0.13271,1.92329,0.00543,1.0052,0.0005,1.0230,0.18867,0.00395
12,mid,0,12,10,1.10,true,0.19912,0.00446,0.16370,1.96469,0.00551,1.1047,0.0003,1.1216,0.23007,0.00415
12,mid,0,12,10,1.20,true,0.19000,0.00439,0.19610,2.00625,0.00559,1.2043,0.0002,1.2208,0.27163,0.00434
12,mid,0,12,15,0.00,true,0.09800,0.00332,0.00735,1.90935,0.00336,0.2865,0.5509,0.3639,0.02113,0.00287
12,mid,0,12,15,0.10,true,0.11275,0.00354,0.00917,1.89642,0.00359,0.3316,0.4376,0.3796,0.00820,0.00237
12,mid,0,12,15,0.20,true,0.12450,0.00369,0.01342,1.88892,0.00377,0.3841,0.3341,0.4138,0.00070,0.00170
12,mid,0,12,15,0.30,true,0.13237,0.00379,0.02059,1.88822,0.00391,0.4428,0.2436,0.4642,0.00000,0.00000
12,mid,0,12,15,0.40,true,0.13812,0.00386,0.03102,1.89290,0.00405,0.5080,0.1693,0.5287,0.00468,0.00154
12,mid,0,12,15,0.50,true,0.13687,0.00384,0.04482,1.90797,0.00412,0.5789,0.1137,0.6019,0.01974,0.00210
12,mid,0,12,15,0.60,true,0.13662,0.00384,0.06203,1.92543,0.00423,0.6572,0.0746,0.6833,0.03721,0.00244
12,mid,0,12,15,0.70,true,0.13612,0.00383,0.08260,1.94651,0.00435,0.7433,0.0498,0.7713,0.05829,0.00273
12,mid,0,12,15,0.80,true,0.13162,0.00378,0.10630,1.97474,0.00442,0.8294,0.0308,0.8612,0.08651,0.00293
12,mid,0,12,15,0.90,true,0.12600,0.00371,0.13278,2.00687,0.00449,0.9204,0.0205,0.9532,0.11865,0.00309
12,mid,0,12,15,1.00,true,0.12025,0.00364,0.16203,2.04190,0.00456,1.0131,0.0112,1.0488,0.15367,0.00333
12,mid,0,12,15,1.10,true,0.11525,0.00357,0.19269,2.07761,0.00463,1.1109,0.0083,1.1453,0.18939,0.00351
12,mid,0,12,15,1.20,true,0.11000,0.00350,0.22477,2.11499,0.00468,1.2079,0.0049,1.2431,0.22677,0.00369
12,mid,0,12,20,0.00,true,0.05750,0.00260,0.02768,1.97018,0.00275,0.3725,0.5304,0.5072,0.00470,0.00127
12,mid,0,12,20,0.10,true,0.06525,0.00276,0.03072,1.96548,0.00293,0.4190,0.4484,0.5217,0.00000,0.00000
12,mid,0,12,20,0.20,true,0.06900,0.00283,0.03694,1.96795,0.00304,0.4682,0.3676,0.5494,0.00247,0.00138
12,mid,0,12,20,0.30,true,0.07300,0.00291,0.04626,1.97328,0.00318,0.5244,0.2971,0.5903,0.00779,0.00184
12,mid,0,12,20,0.40,true,0.07800,0.00300,0.05869,1.98072,0.00335,0.5856,0.2350,0.6434,0.01524,0.00220
12,mid,0,12,20,0.50,true,0.07925,0.00302,0.07422,1.99501,0.00347,0.6501,0.1821,0.7047,0.02953,0.00244
12,mid,0,12,20,0.60,true,0.07762,0.00299,0.09297,2.01540,0.00355,0.7180,0.1367,0.7736,0.04992,0.00267
12,mid,0,12,20,0.70,true,0.07525,0.00295,0.11434,2.03917,0.00362,0.7913,0.1012,0.8488,0.07369,0.00289
12,mid,0,12,20,0.80,true,0.07412,0.00293,0.13816,2.06414,0.00373,0.8698,0.0741,0.9299,0.09866,0.00309
12,mid,0,12,20,0.90,true,0.07350,0.00292,0.16415,2.09080,0.00384,0.9541,0.0545,1.0160,0.12531,0.00331
12,mid,0,12,20,1.00,true,0.07212,0.00289,0.19184,2.11990,0.00393,1.0397,0.0383,1.1051,0.15442,0.00348
12,mid,0,12,20,1.10,true,0.06950,0.00284,0.22087,2.15162,0.00400,1.1279,0.0266,1.1959,0.18614,0.00362
12,mid,0,12,20,1.20,true,0.06688,0.00279,0.25112,2.18457,0.00405,1.2202,0.0186,1.2895,0.21909,0.00377
12,high,0,12,10,0.00,true,0.14538,0.00394,0.00286,1.85749,0.00396,0.2056,0.5706,0.2643,0.04870,0.00368
12,high,0,12,10,0.10,true,0.17625,0.00426,0.00431,1.82806,0.00429,0.2551,0.4176,0.2833,0.01927,0.00299
12,high,0,12,10,0.20,true,0.19700,0.00445,0.00842,1.81143,0.00450,0.3128,0.2821,0.3270,0.00264,0.00208
12,high,0,12,10,0.30,true,0.20738,0.00453,0.01615,1.80879,0.00465,0.3774,0.1732,0.3907,0.00000,0.00000
12,high,0,12,10,0.40,true,0.20713,0.00453,0.02821,1.82111,0.00473,0.4488,0.0970,0.4668,0.01232,0.00178
12,high,0,12,10,0.50,true,0.20325,0.00450,0.04532,1.84212,0.00482,0.5320,0.0546,0.5526,0.03333,0.00236
12,high,0,12,10,0.60,true,0.19775,0.00445,0.06747,1.86980,0.00492,0.6195,0.0277,0.6441,0.06101,0.00275
12,high,0,12,10,0.70,true,0.19062,0.00439,0.09399,1.90350,0.00503,0.7127,0.0159,0.7377,0.09471,0.00301
12,high,0,12,10,0.80,true,0.18213,0.00432,0.12471,1.94278,0.00513,0.8079,0.0076,0.8343,0.13399,0.00332
12,high,0,12,10,0.90,true,0.17313,0.00423,0.15850,1.98566,0.00522,0.9054,0.0045,0.9314,0.17687,0.00356
12,high,0,12,10,1.00,true,0.16575,0.00416,0.19389,2.02854,0.00532,1.0023,0.0015,1.0292,0.21975,0.00376
12,high,0,12,10,1.10,true,0.15825,0.00408,0.23050,2.07278,0.00541,1.1011,0.0004,1.1278,0.26399,0.00395
12,high,0,12,10,1.20,true,0.14938,0.00399,0.26797,2.11930,0.00546,1.2010,0.0003,1.2270,0.31051,0.00414
12,high,0,12,15,0.00,true,0.07350,0.00292,0.02228,1.94880,0.00304,0.3144,0.5430,0.4193,0.00832,0.00149
12,high,0,12,15,0.10,true,0.08550,0.00313,0.02595,1.94048,0.00327,0.3588,0.4404,0.4363,0.00000,0.00000
12,high,0,12,15,0.20,true,0.09300,0.00325,0.03367,1.94071,0.00344,0.4093,0.3454,0.4687,0.00023,0.00147
12,high,0,12,15,0.30,true,0.09950,0.00335,0.04559,1.94615,0.00362,0.4669,0.2636,0.5159,0.00567,0.00201
12,high,0,12,15,0.40,true,0.10275,0.00339,0.06173,1.95906,0.00378,0.5301,0.1945,0.5752,0.01859,0.00241
12,high,0,12,15,0.50,true,0.10400,0.00341,0.08196,1.97809,0.00392,0.5995,0.1390,0.6450,0.03761,0.00276
12,high,0,12,15,0.60,true,0.10187,0.00338,0.10601,2.00432,0.00403,0.6748,0.0984,0.7215,0.06384,0.00302
12,high,0,12,15,0.70,true,0.10025,0.00336,0.13335,2.03335,0.00416,0.7536,0.0657,0.8048,0.09288,0.00328
12,high,0,12,15,0.80,true,0.10038,0.00336,0.16322,2.06319,0.00431,0.8418,0.0470,0.8936,0.12271,0.00354
12,high,0,12,15,0.90,true,0.09550,0.00329,0.19574,2.10070,0.00438,0.9276,0.0301,0.9835,0.16022,0.00372
12,high,0,12,15,1.00,true,0.09162,0.00323,0.22962,2.13860,0.00446,1.0202,0.0211,1.0767,0.19812,0.00390
12,high,0,12,15,1.10,true,0.08712,0.00315,0.26467,2.17832,0.00451,1.1128,0.0131,1.1714,0.23785,0.00407
12,high,0,12,15,1.20,true,0.08400,0.00310,0.29977,2.21676,0.00457,1.2100,0.0094,1.2682,0.27628,0.00422
12,high,0,12,20,0.00,true,0.04163,0.00223,0.07079,2.02925,0.00265,0.4075,0.5273,0.5987,0.00000,0.00000
12,high,0,12,20,0.10,true,0.04612,0.00235,0.07600,2.02997,0.00279,0.4553,0.4542,0.6146,0.00072,0.00111
12,high,0,12,20,0.20,true,0.04888,0.00241,0.08517,2.03642,0.00292,0.5031,0.3802,0.6421,0.00717,0.00157
12,high,0,12,20,0.30,true,0.05187,0.00248,0.09828,2.04656,0.00307,0.5587,0.3167,0.6809,0.01731,0.00191
12,high,0,12,20,0.40,true,0.05575,0.00257,0.11499,2.05945,0.00326,0.6173,0.2569,0.7312,0.03020,0.00228
12,high,0,12,20,0.50,true,0.05738,0.00260,0.13501,2.07791,0.00341,0.6809,0.2066,0.7895,0.04866,0.00258
12,high,0,12,20,0.60,true,0.05738,0.00260,0.15788,2.10086,0.00354,0.7468,0.1632,0.8541,0.07161,0.00279
12,high,0,12,20,0.70,true,0.05613,0.00257,0.18359,2.12792,0.00364,0.8163,0.1257,0.9253,0.09867,0.00302
12,high,0,12,20,0.80,true,0.05462,0.00254,0.21135,2.15732,0.00373,0.8930,0.0981,1.0019,0.12806,0.00322
12,high,0,12,20,0.90,true,0.05312,0.00251,0.24064,2.18826,0.00381,0.9704,0.0735,1.0828,0.15901,0.00341
12,high,0,12,20,1.00,true,0.05100,0.00246,0.27119,2.22112,0.00386,1.0542,0.0569,1.1671,0.19186,0.00357
12,high,0,12,20,1.10,true,0.04938,0.00242,0.30250,2.25428,0.00392,1.1387,0.0418,1.2550,0.22503,0.00373
12,high,0,12,20,1.20,true,0.04800,0.00239,0.33410,2.28751,0.00396,1.2253,0.0298,1.3453,0.25826,0.00387
12,hcp30,0,12,10,0.00,true,0.12925,0.00375,0.05934,1.93091,0.00419,0.4050,0.5683,0.4409,0.01416,0.00278
12,hcp30,0,12,10,0.10,true,0.14600,0.00395,0.06474,1.91967,0.00444,0.4569,0.4870,0.4588,0.00292,0.00198
12,hcp30,0,12,10,0.20,true,0.16000,0.00410,0.07556,1.91675,0.00470,0.5191,0.4156,0.4918,0.00000,0.00000
12,hcp30,0,12,10,0.30,true,0.17025,0.00420,0.09107,1.92238,0.00494,0.5789,0.3459,0.5363,0.00563,0.00182
12,hcp30,0,12,10,0.40,true,0.17613,0.00426,0.11117,1.93713,0.00517,0.6481,0.2892,0.5920,0.02038,0.00256
12,hcp30,0,12,10,0.50,true,0.18188,0.00431,0.13482,1.95573,0.00542,0.7168,0.2336,0.6592,0.03898,0.00323
12,hcp30,0,12,10,0.60,true,0.18488,0.00434,0.16120,1.98000,0.00565,0.7899,0.1875,0.7338,0.06325,0.00374
12,hcp30,0,12,10,0.70,true,0.18475,0.00434,0.18906,2.00904,0.00585,0.8630,0.1492,0.8118,0.09229,0.00413
12,hcp30,0,12,10,0.80,true,0.18125,0.00431,0.21977,2.04457,0.00601,0.9431,0.1183,0.8971,0.12782,0.00455
12,hcp30,0,12,10,0.90,true,0.18050,0.00430,0.25005,2.07709,0.00619,1.0253,0.0935,0.9856,0.16034,0.00487
12,hcp30,0,12,10,1.00,true,0.17513,0.00425,0.28188,2.11604,0.00631,1.1098,0.0735,1.0768,0.19929,0.00518
12,hcp30,0,12,10,1.10,true,0.16937,0.00419,0.31399,2.15591,0.00641,1.1991,0.0582,1.1715,0.23916,0.00547
12,hcp30,0,12,10,1.20,true,0.16387,0.00414,0.34537,2.19504,0.00650,1.2918,0.0478,1.2673,0.27830,0.00569
12,hcp30,0,12,15,0.00,true,0.07662,0.00297,0.15220,2.07891,0.00408,0.6198,0.5433,0.6705,0.00000,0.00000
12,hcp30,0,12,15,0.10,true,0.08250,0.00308,0.15805,2.07913,0.00423,0.6691,0.4890,0.6875,0.00022,0.00147
12,hcp30,0,12,15,0.20,true,0.08787,0.00317,0.16773,2.08387,0.00440,0.7245,0.4389,0.7145,0.00495,0.00212
12,hcp30,0,12,15,0.30,true,0.09050,0.00321,0.18083,2.09494,0.00454,0.7793,0.3896,0.7495,0.01603,0.00263
12,hcp30,0,12,15,0.40,true,0.09388,0.00326,0.19679,2.10831,0.00471,0.8414,0.3467,0.7933,0.02940,0.00309
12,hcp30,0,12,15,0.50,true,0.09663,0.00330,0.21533,2.12511,0.00488,0.9067,0.3065,0.8456,0.04620,0.00355
12,hcp30,0,12,15,0.60,true,0.09713,0.00331,0.23598,2.14647,0.00502,0.9735,0.2698,0.9036,0.06755,0.00397
12,hcp30,0,12,15,0.70,true,0.09875,0.00334,0.25846,2.16875,0.00518,1.0425,0.2351,0.9693,0.08984,0.00439
12,hcp30,0,12,15,0.80,true,0.09800,0.00332,0.28254,2.19523,0.00531,1.1149,0.2050,1.0397,0.11632,0.00476
12,hcp30,0,12,15,0.90,true,0.09600,0.00329,0.30780,2.22435,0.00540,1.1861,0.1756,1.1148,0.14544,0.00511
12,hcp30,0,12,15,1.00,true,0.09575,0.00329,0.33275,2.25158,0.00551,1.2625,0.1523,1.1932,0.17267,0.00540
12,hcp30,0,12,15,1.10,true,0.09513,0.00328,0.35864,2.28038,0.00562,1.3454,0.1330,1.2773,0.20147,0.00570
12,hcp30,0,12,15,1.20,true,0.09125,0.00322,0.38491,2.31304,0.00565,1.4238,0.1140,1.3616,0.23413,0.00593
12,hcp30,0,12,20,0.00,true,0.04888,0.00241,0.24508,2.20387,0.00410,0.8083,0.5241,0.8976,0.00000,0.00000
12,hcp30,0,12,20,0.10,true,0.04975,0.00243,0.25078,2.20909,0.00415,0.8656,0.4875,0.9138,0.00521,0.00120
12,hcp30,0,12,20,0.20,true,0.05262,0.00250,0.25899,2.21502,0.00427,0.9210,0.4486,0.9397,0.01115,0.00184
12,hcp30,0,12,20,0.30,true,0.05200,0.00248,0.26980,2.22727,0.00432,0.9741,0.4097,0.9704,0.02340,0.00235
12,hcp30,0,12,20,0.40,true,0.05312,0.00251,0.28229,2.23962,0.00442,1.0347,0.3761,1.0081,0.03575,0.00279
12,hcp30,0,12,20,0.50,true,0.05550,0.00256,0.29655,2.25271,0.00455,1.1004,0.3454,1.0533,0.04884,0.00322
12,hcp30,0,12,20,0.60,true,0.05513,0.00255,0.31263,2.27057,0.00463,1.1621,0.3139,1.1026,0.06670,0.00363
12,hcp30,0,12,20,0.70,true,0.05625,0.00258,0.32962,2.28803,0.00474,1.2273,0.2850,1.1581,0.08416,0.00402
12,hcp30,0,12,20,0.80,true,0.05725,0.00260,0.34743,2.30660,0.00485,1.2943,0.2586,1.2179,0.10272,0.00436
12,hcp30,0,12,20,0.90,true,0.05613,0.00257,0.36635,2.32861,0.00491,1.3615,0.2337,1.2810,0.12473,0.00466
12,hcp30,0,12,20,1.00,true,0.05538,0.00256,0.38557,2.35074,0.00498,1.4349,0.2134,1.3480,0.14686,0.00494
12,hcp30,0,12,20,1.10,true,0.05437,0.00254,0.40514,2.37366,0.00503,1.5023,0.1907,1.4184,0.16979,0.00518
12,hcp30,0,12,20,1.20,true,0.05262,0.00250,0.42587,2.39872,0.00506,1.5806,0.1739,1.4933,0.19485,0.00544
12,tour,1,12,10,0.00,true,0.30762,0.00516,0.00003,1.69241,0.00516,0.1673,0.6579,0.1949,0.14336,0.00494
12,tour,1,12,10,0.10,true,0.38738,0.00545,0.00009,1.61271,0.00545,0.2122,0.4450,0.2102,0.06367,0.00393
12,tour,1,12,10,0.20,true,0.43288,0.00554,0.00033,1.56746,0.00554,0.2722,0.2510,0.2617,0.01841,0.00260
12,tour,1,12,10,0.30,true,0.45200,0.00556,0.00105,1.54905,0.00558,0.3455,0.1195,0.3401,0.00000,0.00000
12,tour,1,12,10,0.40,true,0.45012,0.00556,0.00266,1.55254,0.00559,0.4279,0.0486,0.4304,0.00349,0.00201
12,tour,1,12,10,0.50,true,0.44188,0.00555,0.00578,1.56391,0.00561,0.5195,0.0217,0.5247,0.01486,0.00251
12,tour,1,12,10,0.60,true,0.43138,0.00554,0.01097,1.57960,0.00565,0.6157,0.0084,0.6233,0.03055,0.00287
12,tour,1,12,10,0.70,true,0.41813,0.00551,0.01893,1.60080,0.00570,0.7153,0.0034,0.7233,0.05175,0.00316
12,tour,1,12,10,0.80,true,0.40613,0.00549,0.02951,1.62339,0.00578,0.8147,0.0021,0.8221,0.07434,0.00338
12,tour,1,12,10,0.90,true,0.39087,0.00546,0.04313,1.65226,0.00586,0.9131,0.0006,0.9207,0.10321,0.00367
12,tour,1,12,10,1.00,true,0.37712,0.00542,0.05915,1.68202,0.00596,1.0110,0.0004,1.0182,0.13298,0.00393
12,tour,1,12,10,1.10,true,0.36475,0.00538,0.07904,1.71429,0.00609,1.1173,0.0002,1.1241,0.16525,0.00417
12,tour,1,12,10,1.20,true,0.35163,0.00534,0.10048,1.74886,0.00621,1.2187,0.0000,1.2253,0.19981,0.00443
12,tour,1,12,15,0.00,true,0.17963,0.00429,0.00067,1.82105,0.00430,0.2482,0.5888,0.2854,0.08166,0.00417
12,tour,1,12,15,0.10,true,0.21875,0.00462,0.00116,1.78241,0.00463,0.2962,0.4568,0.3000,0.04302,0.00359
12,tour,1,12,15,0.20,true,0.24425,0.00480,0.00238,1.75813,0.00482,0.3472,0.3235,0.3379,0.01874,0.00286
12,tour,1,12,15,0.30,true,0.26250,0.00492,0.00469,1.74219,0.00495,0.4100,0.2166,0.3965,0.00280,0.00198
12,tour,1,12,15,0.40,true,0.26913,0.00496,0.00852,1.73939,0.00502,0.4814,0.1378,0.4699,0.00000,0.00000
12,tour,1,12,15,0.50,true,0.27025,0.00497,0.01424,1.74399,0.00507,0.5602,0.0851,0.5531,0.00460,0.00171
12,tour,1,12,15,0.60,true,0.26625,0.00494,0.02237,1.75612,0.00511,0.6434,0.0484,0.6431,0.01673,0.00230
12,tour,1,12,15,0.70,true,0.26125,0.00491,0.03309,1.77184,0.00516,0.7341,0.0276,0.7383,0.03245,0.00270
12,tour,1,12,15,0.80,true,0.25438,0.00487,0.04659,1.79222,0.00522,0.8263,0.0146,0.8344,0.05283,0.00293
12,tour,1,12,15,0.90,true,0.24713,0.00482,0.06305,1.81592,0.00529,0.9224,0.0060,0.9341,0.07653,0.00316
12,tour,1,12,15,1.00,true,0.23975,0.00477,0.08119,1.84145,0.00536,1.0175,0.0033,1.0295,0.10206,0.00335
12,tour,1,12,15,1.10,true,0.23237,0.00472,0.10285,1.87048,0.00545,1.1189,0.0011,1.1314,0.13109,0.00353
12,tour,1,12,15,1.20,true,0.22387,0.00466,0.12596,1.90209,0.00553,1.2181,0.0006,1.2302,0.16270,0.00374
12,tour,1,12,20,0.00,true,0.11887,0.00362,0.00315,1.88428,0.00363,0.3160,0.5658,0.3728,0.03893,0.00331
12,tour,1,12,20,0.10,true,0.13612,0.00383,0.00431,1.86819,0.00386,0.3594,0.4632,0.3835,0.02284,0.00286
12,tour,1,12,20,0.20,true,0.14975,0.00399,0.00667,1.85692,0.00403,0.4075,0.3624,0.4121,0.01157,0.00235
12,tour,1,12,20,0.30,true,0.16200,0.00412,0.01049,1.84849,0.00418,0.4621,0.2694,0.4587,0.00314,0.00159
12,tour,1,12,20,0.40,true,0.17075,0.00421,0.01610,1.84535,0.00431,0.5268,0.1945,0.5203,0.00000,0.00000
12,tour,1,12,20,0.50,true,0.17200,0.00422,0.02346,1.85146,0.00437,0.5985,0.1434,0.5891,0.00611,0.00149
12,tour,1,12,20,0.60,true,0.17175,0.00422,0.03355,1.86180,0.00444,0.6744,0.0957,0.6711,0.01645,0.00209
12,tour,1,12,20,0.70,true,0.16987,0.00420,0.04573,1.87586,0.00450,0.7551,0.0646,0.7564,0.03051,0.00242
12,tour,1,12,20,0.80,true,0.16462,0.00415,0.06081,1.89618,0.00454,0.8397,0.0411,0.8466,0.05083,0.00268
12,tour,1,12,20,0.90,true,0.16100,0.00411,0.07781,1.91682,0.00461,0.9267,0.0250,0.9389,0.07147,0.00289
12,tour,1,12,20,1.00,true,0.15513,0.00405,0.09794,1.94282,0.00466,1.0216,0.0157,1.0362,0.09747,0.00309
12,tour,1,12,20,1.10,true,0.15225,0.00402,0.11909,1.96684,0.00475,1.1157,0.0096,1.1322,0.12149,0.00324
12,tour,1,12,20,1.20,true,0.14725,0.00396,0.14255,1.99531,0.00482,1.2117,0.0048,1.2304,0.14996,0.00342
12,tour,1,3,10,0.00,true,0.26512,0.00493,0.00005,1.73492,0.00494,0.1477,0.6118,0.1969,0.13424,0.00520
12,tour,1,3,10,0.10,true,0.34700,0.00532,0.00010,1.65310,0.00532,0.2147,0.3982,0.2183,0.05241,0.00389
12,tour,1,3,10,0.20,true,0.38662,0.00544,0.00030,1.61367,0.00545,0.2695,0.2260,0.2688,0.01299,0.00257
12,tour,1,3,10,0.30,true,0.40025,0.00548,0.00093,1.60068,0.00549,0.3452,0.1190,0.3438,0.00000,0.00000
12,tour,1,3,10,0.40,true,0.39787,0.00547,0.00241,1.60454,0.00549,0.4284,0.0527,0.4329,0.00385,0.00212
12,tour,1,3,10,0.50,true,0.39225,0.00546,0.00551,1.61326,0.00551,0.5231,0.0179,0.5335,0.01258,0.00275
12,tour,1,3,10,0.60,true,0.38500,0.00544,0.00998,1.62498,0.00553,0.6132,0.0087,0.6244,0.02430,0.00312
12,tour,1,3,10,0.70,true,0.37450,0.00541,0.01692,1.64242,0.00557,0.7072,0.0036,0.7190,0.04173,0.00338
12,tour,1,3,10,0.80,true,0.36750,0.00539,0.02716,1.65966,0.00564,0.8102,0.0008,0.8226,0.05897,0.00361
12,tour,1,3,10,0.90,true,0.35400,0.00535,0.04073,1.68673,0.00571,0.9115,0.0004,0.9235,0.08604,0.00385
12,tour,1,3,10,1.00,true,0.34175,0.00530,0.05744,1.71569,0.00580,1.0132,0.0000,1.0250,0.11501,0.00405
12,tour,1,3,10,1.10,true,0.32725,0.00525,0.07691,1.74967,0.00589,1.1136,0.0000,1.1251,0.14898,0.00426
12,tour,1,3,10,1.20,true,0.31462,0.00519,0.09859,1.78397,0.00599,1.2153,0.0000,1.2266,0.18329,0.00449
12,tour,1,3,15,0.00,true,0.15475,0.00404,0.00082,1.84607,0.00405,0.2195,0.5753,0.2914,0.07366,0.00470
12,tour,1,3,15,0.10,true,0.18425,0.00433,0.00111,1.81686,0.00434,0.2819,0.4499,0.3031,0.04446,0.00387
12,tour,1,3,15,0.20,true,0.21425,0.00459,0.00223,1.78798,0.00460,0.3467,0.3209,0.3439,0.01557,0.00311
12,tour,1,3,15,0.30,true,0.22900,0.00470,0.00426,1.77526,0.00473,0.4065,0.2130,0.4012,0.00285,0.00215
12,tour,1,3,15,0.40,true,0.23513,0.00474,0.00753,1.77240,0.00479,0.4725,0.1360,0.4705,0.00000,0.00000
12,tour,1,3,15,0.50,true,0.23775,0.00476,0.01295,1.77520,0.00485,0.5536,0.0789,0.5570,0.00279,0.00199
12,tour,1,3,15,0.60,true,0.23575,0.00475,0.01998,1.78423,0.00489,0.6336,0.0492,0.6407,0.01182,0.00249
12,tour,1,3,15,0.70,true,0.22875,0.00470,0.02966,1.80091,0.00491,0.7199,0.0295,0.7301,0.02851,0.00286
12,tour,1,3,15,0.80,true,0.22225,0.00465,0.04305,1.82080,0.00495,0.8172,0.0153,0.8312,0.04840,0.00321
12,tour,1,3,15,0.90,true,0.21338,0.00458,0.05926,1.84589,0.00499,0.9151,0.0078,0.9312,0.07348,0.00343
12,tour,1,3,15,1.00,true,0.20550,0.00452,0.07640,1.87090,0.00503,1.0045,0.0035,1.0224,0.09850,0.00366
12,tour,1,3,15,1.10,true,0.19687,0.00445,0.09712,1.90024,0.00508,1.1022,0.0016,1.1204,0.12784,0.00384
12,tour,1,3,15,1.20,true,0.18937,0.00438,0.12004,1.93066,0.00514,1.2021,0.0008,1.2200,0.15826,0.00401
12,tour,1,3,20,0.00,true,0.10437,0.00342,0.00421,1.89984,0.00344,0.2863,0.5542,0.3876,0.04234,0.00373
12,tour,1,3,20,0.10,true,0.12362,0.00368,0.00489,1.88126,0.00371,0.3582,0.4543,0.3996,0.02377,0.00284
12,tour,1,3,20,0.20,true,0.14213,0.00390,0.00677,1.86464,0.00394,0.4121,0.3598,0.4307,0.00714,0.00195
12,tour,1,3,20,0.30,true,0.15238,0.00402,0.00987,1.85750,0.00408,0.4695,0.2793,0.4744,0.00000,0.00000
12,tour,1,3,20,0.40,true,0.15687,0.00407,0.01484,1.85796,0.00416,0.5321,0.2067,0.5326,0.00046,0.00191
12,tour,1,3,20,0.50,true,0.16100,0.00411,0.02207,1.86107,0.00425,0.6025,0.1448,0.6051,0.00357,0.00254
12,tour,1,3,20,0.60,true,0.16012,0.00410,0.03099,1.87086,0.00430,0.6746,0.1043,0.6794,0.01336,0.00294
12,tour,1,3,20,0.70,true,0.15862,0.00408,0.04248,1.88385,0.00436,0.7550,0.0729,0.7629,0.02636,0.00321
12,tour,1,3,20,0.80,true,0.15712,0.00407,0.05760,1.90048,0.00444,0.8430,0.0463,0.8575,0.04298,0.00344
12,tour,1,3,20,0.90,true,0.15288,0.00402,0.07309,1.92021,0.00448,0.9227,0.0295,0.9428,0.06271,0.00367
12,tour,1,3,20,1.00,true,0.14863,0.00398,0.09160,1.94298,0.00454,1.0148,0.0208,1.0357,0.08548,0.00386
12,tour,1,3,20,1.10,true,0.14263,0.00391,0.11223,1.96961,0.00458,1.1065,0.0139,1.1291,0.11211,0.00400
12,tour,1,3,20,1.20,true,0.13737,0.00385,0.13601,1.99864,0.00464,1.2083,0.0103,1.2307,0.14114,0.00418
12,tour,1,6,10,0.00,true,0.25238,0.00486,0.00005,1.74767,0.00486,0.1628,0.6176,0.2001,0.11686,0.00482
12,tour,1,6,10,0.10,true,0.31838,0.00521,0.00006,1.68169,0.00521,0.2119,0.4156,0.2177,0.05087,0.00398
12,tour,1,6,10,0.20,true,0.35400,0.00535,0.00020,1.64620,0.00535,0.2722,0.2370,0.2685,0.01538,0.00301
12,tour,1,6,10,0.30,true,0.36962,0.00540,0.00060,1.63097,0.00540,0.3443,0.1174,0.3431,0.00016,0.00204
12,tour,1,6,10,0.40,true,0.37075,0.00540,0.00157,1.63082,0.00541,0.4273,0.0495,0.4327,0.00000,0.00000
12,tour,1,6,10,0.50,true,0.36438,0.00538,0.00353,1.63915,0.00541,0.5196,0.0216,0.5276,0.00833,0.00155
12,tour,1,6,10,0.60,true,0.35275,0.00534,0.00699,1.65424,0.00540,0.6134,0.0079,0.6237,0.02342,0.00208
12,tour,1,6,10,0.70,true,0.34175,0.00530,0.01239,1.67064,0.00541,0.7102,0.0036,0.7203,0.03982,0.00244
12,tour,1,6,10,0.80,true,0.32712,0.00525,0.02043,1.69331,0.00541,0.8083,0.0009,0.8187,0.06249,0.00279
12,tour,1,6,10,0.90,true,0.31300,0.00518,0.03138,1.71838,0.00544,0.9094,0.0004,0.9191,0.08757,0.00310
12,tour,1,6,10,1.00,true,0.30038,0.00513,0.04486,1.74449,0.00548,1.0086,0.0000,1.0179,0.11367,0.00336
12,tour,1,6,10,1.10,true,0.28700,0.00506,0.06161,1.77461,0.00553,1.1113,0.0000,1.1200,0.14380,0.00359
12,tour,1,6,10,1.20,true,0.27063,0.00497,0.08070,1.81008,0.00556,1.2109,0.0000,1.2191,0.17927,0.00387
12,tour,1,6,15,0.00,true,0.16437,0.00414,0.00070,1.83633,0.00415,0.2407,0.5690,0.2888,0.06540,0.00380
12,tour,1,6,15,0.10,true,0.19387,0.00442,0.00077,1.80690,0.00442,0.2849,0.4280,0.3044,0.03598,0.00324
12,tour,1,6,15,0.20,true,0.21638,0.00460,0.00137,1.78499,0.00461,0.3400,0.3004,0.3441,0.01407,0.00249
12,tour,1,6,15,0.30,true,0.22887,0.00470,0.00265,1.77378,0.00471,0.4051,0.2030,0.4020,0.00285,0.00172
12,tour,1,6,15,0.40,true,0.23400,0.00473,0.00492,1.77092,0.00477,0.4743,0.1273,0.4734,0.00000,0.00000
12,tour,1,6,15,0.50,true,0.23475,0.00474,0.00863,1.77388,0.00480,0.5523,0.0732,0.5574,0.00295,0.00154
12,tour,1,6,15,0.60,true,0.22975,0.00470,0.01417,1.78443,0.00480,0.6370,0.0407,0.6469,0.01350,0.00204
12,tour,1,6,15,0.70,true,0.22350,0.00466,0.02194,1.79844,0.00481,0.7279,0.0221,0.7410,0.02752,0.00238
12,tour,1,6,15,0.80,true,0.21625,0.00460,0.03202,1.81578,0.00482,0.8224,0.0123,0.8370,0.04485,0.00265
12,tour,1,6,15,0.90,true,0.20763,0.00453,0.04459,1.83697,0.00483,0.9171,0.0062,0.9330,0.06605,0.00288
12,tour,1,6,15,1.00,true,0.19850,0.00446,0.05969,1.86119,0.00485,1.0142,0.0036,1.0299,0.09027,0.00309
12,tour,1,6,15,1.10,true,0.18775,0.00437,0.07829,1.89055,0.00486,1.1167,0.0015,1.1325,0.11963,0.00335
12,tour,1,6,15,1.20,true,0.17925,0.00429,0.09820,1.91897,0.00489,1.2157,0.0005,1.2314,0.14804,0.00355
12,tour,1,6,20,0.00,true,0.10275,0.00339,0.00344,1.90069,0.00341,0.3148,0.5517,0.3846,0.03318,0.00312
12,tour,1,6,20,0.10,true,0.11550,0.00357,0.00358,1.88808,0.00359,0.3590,0.4483,0.3967,0.02057,0.00266
12,tour,1,6,20,0.20,true,0.12812,0.00374,0.00476,1.87664,0.00376,0.4098,0.3507,0.4271,0.00913,0.00217
12,tour,1,6,20,0.30,true,0.13600,0.00383,0.00713,1.87113,0.00387,0.4657,0.2629,0.4730,0.00362,0.00146
12,tour,1,6,20,0.40,true,0.14338,0.00392,0.01088,1.86751,0.00398,0.5317,0.1944,0.5330,0.00000,0.00000
12,tour,1,6,20,0.50,true,0.14638,0.00395,0.01620,1.86982,0.00405,0.6005,0.1356,0.6042,0.00232,0.00150
12,tour,1,6,20,0.60,true,0.14550,0.00394,0.02353,1.87803,0.00408,0.6773,0.0941,0.6833,0.01053,0.00196
12,tour,1,6,20,0.70,true,0.14538,0.00394,0.03280,1.88743,0.00414,0.7552,0.0592,0.7687,0.01992,0.00228
12,tour,1,6,20,0.80,true,0.14150,0.00390,0.04434,1.90284,0.00416,0.8420,0.0399,0.8578,0.03533,0.00251
12,tour,1,6,20,0.90,true,0.13712,0.00385,0.05833,1.92121,0.00419,0.9316,0.0240,0.9518,0.05370,0.00274
12,tour,1,6,20,1.00,true,0.13050,0.00377,0.07455,1.94406,0.00420,1.0255,0.0155,1.0470,0.07655,0.00297
12,tour,1,6,20,1.10,true,0.12287,0.00367,0.09304,1.97017,0.00419,1.1213,0.0104,1.1432,0.10267,0.00316
12,tour,1,6,20,1.20,true,0.11663,0.00359,0.11315,1.99654,0.00421,1.2162,0.0055,1.2401,0.12904,0.00332
12,scratch,1,12,10,0.00,true,0.26837,0.00495,0.00013,1.73175,0.00496,0.1787,0.6366,0.2090,0.12749,0.00469
12,scratch,1,12,10,0.10,true,0.33437,0.00527,0.00033,1.66596,0.00528,0.2237,0.4372,0.2255,0.06169,0.00370
12,scratch,1,12,10,0.20,true,0.37412,0.00541,0.00099,1.62687,0.00542,0.2823,0.2630,0.2737,0.02260,0.00253
12,scratch,1,12,10,0.30,true,0.39825,0.00547,0.00251,1.60426,0.00550,0.3530,0.1346,0.3487,0.00000,0.00000
12,scratch,1,12,10,0.40,true,0.39775,0.00547,0.00560,1.60785,0.00553,0.4340,0.0629,0.4359,0.00359,0.00205
12,scratch,1,12,10,0.50,true,0.38700,0.00545,0.01096,1.62396,0.00555,0.5236,0.0308,0.5287,0.01970,0.00260
12,scratch,1,12,10,0.60,true,0.37325,0.00541,0.01937,1.64612,0.00559,0.6175,0.0138,0.6254,0.04186,0.00303
12,scratch,1,12,10,0.70,true,0.36300,0.00538,0.03145,1.66846,0.00566,0.7158,0.0047,0.7259,0.06419,0.00333
12,scratch,1,12,10,0.80,true,0.34875,0.00533,0.04691,1.69816,0.00575,0.8156,0.0031,0.8249,0.09390,0.00363
12,scratch,1,12,10,0.90,true,0.33613,0.00528,0.06546,1.72934,0.00585,0.9137,0.0013,0.9231,0.12507,0.00389
12,scratch,1,12,10,1.00,true,0.32300,0.00523,0.08657,1.76357,0.00595,1.0111,0.0007,1.0202,0.15931,0.00413
12,scratch,1,12,10,1.10,true,0.31012,0.00517,0.11172,1.80161,0.00607,1.1174,0.0004,1.1262,0.19734,0.00438
12,scratch,1,12,10,1.20,true,0.30050,0.00513,0.13672,1.83623,0.00620,1.2175,0.0002,1.2260,0.23197,0.00457
12,scratch,1,12,15,0.00,true,0.14888,0.00398,0.00182,1.85294,0.00399,0.2663,0.5728,0.3115,0.05610,0.00382
12,scratch,1,12,15,0.10,true,0.17825,0.00428,0.00289,1.82464,0.00430,0.3146,0.4519,0.3267,0.02779,0.00327
12,scratch,1,12,15,0.20,true,0.19700,0.00445,0.00522,1.80822,0.00448,0.3617,0.3264,0.3619,0.01138,0.00261
12,scratch,1,12,15,0.30,true,0.21125,0.00456,0.00931,1.79806,0.00463,0.4242,0.2290,0.4172,0.00122,0.00180
12,scratch,1,12,15,0.40,true,0.21875,0.00462,0.01559,1.79684,0.00473,0.4938,0.1534,0.4869,0.00000,0.00000
12,scratch,1,12,15,0.50,true,0.22087,0.00464,0.02441,1.80354,0.00481,0.5703,0.1001,0.5665,0.00669,0.00159
12,scratch,1,12,15,0.60,true,0.22062,0.00464,0.03612,1.81549,0.00490,0.6512,0.0609,0.6539,0.01865,0.00215
12,scratch,1,12,15,0.70,true,0.21550,0.00460,0.05097,1.83547,0.00496,0.7386,0.0376,0.7452,0.03863,0.00254
12,scratch,1,12,15,0.80,true,0.20863,0.00454,0.06920,1.86058,0.00503,0.8301,0.0207,0.8418,0.06374,0.00290
12,scratch,1,12,15,0.90,true,0.20062,0.00448,0.09009,1.88947,0.00509,0.9248,0.0120,0.9385,0.09263,0.00311
12,scratch,1,12,15,1.00,true,0.19462,0.00443,0.11228,1.91766,0.00517,1.0162,0.0053,1.0331,0.12082,0.00330
12,scratch,1,12,15,1.10,true,0.18738,0.00436,0.13816,1.95080,0.00525,1.1172,0.0029,1.1342,0.15396,0.00348
12,scratch,1,12,15,1.20,true,0.17950,0.00429,0.16489,1.98541,0.00532,1.2152,0.0014,1.2324,0.18857,0.00369
12,scratch,1,12,20,0.00,true,0.09450,0.00327,0.00730,1.91280,0.00331,0.3397,0.5555,0.4135,0.01708,0.00271
12,scratch,1,12,20,0.10,true,0.10700,0.00346,0.00941,1.90241,0.00351,0.3836,0.4608,0.4252,0.00669,0.00220
12,scratch,1,12,20,0.20,true,0.11513,0.00357,0.01353,1.89841,0.00365,0.4348,0.3712,0.4536,0.00268,0.00151
12,scratch,1,12,20,0.30,true,0.12387,0.00368,0.01960,1.89573,0.00380,0.4844,0.2802,0.4974,0.00000,0.00000
12,scratch,1,12,20,0.40,true,0.12887,0.00375,0.02806,1.89918,0.00392,0.5470,0.2099,0.5545,0.00346,0.00150
12,scratch,1,12,20,0.50,true,0.13112,0.00377,0.03873,1.90760,0.00402,0.6153,0.1559,0.6210,0.01188,0.00196
12,scratch,1,12,20,0.60,true,0.13350,0.00380,0.05216,1.91866,0.00414,0.6888,0.1108,0.6974,0.02294,0.00226
12,scratch,1,12,20,0.70,true,0.13225,0.00379,0.06806,1.93582,0.00422,0.7668,0.0785,0.7787,0.04009,0.00253
12,scratch,1,12,20,0.80,true,0.12837,0.00374,0.08670,1.95833,0.00428,0.8490,0.0542,0.8648,0.06260,0.00277
12,scratch,1,12,20,0.90,true,0.12387,0.00368,0.10765,1.98379,0.00434,0.9340,0.0362,0.9542,0.08806,0.00299
12,scratch,1,12,20,1.00,true,0.12062,0.00364,0.13154,2.01094,0.00442,1.0260,0.0226,1.0505,0.11521,0.00319
12,scratch,1,12,20,1.10,true,0.11762,0.00360,0.15607,2.03846,0.00450,1.1173,0.0150,1.1438,0.14274,0.00333
12,scratch,1,12,20,1.20,true,0.11400,0.00355,0.18276,2.06879,0.00457,1.2127,0.0093,1.2409,0.17306,0.00349
12,scratch,1,3,10,0.00,true,0.23613,0.00475,0.00014,1.76401,0.00475,0.1590,0.5979,0.2121,0.11120,0.00501
12,scratch,1,3,10,0.10,true,0.30050,0.00513,0.00028,1.69978,0.00513,0.2259,0.3992,0.2331,0.04697,0.00375
12,scratch,1,3,10,0.20,true,0.33675,0.00528,0.00076,1.66401,0.00529,0.2806,0.2397,0.2818,0.01120,0.00256
12,scratch,1,3,10,0.30,true,0.34925,0.00533,0.00206,1.65281,0.00535,0.3534,0.1300,0.3543,0.00000,0.00000
12,scratch,1,3,10,0.40,true,0.35150,0.00534,0.00476,1.65326,0.00538,0.4357,0.0655,0.4405,0.00045,0.00211
12,scratch,1,3,10,0.50,true,0.34813,0.00533,0.00995,1.66182,0.00541,0.5293,0.0270,0.5399,0.00901,0.00272
12,scratch,1,3,10,0.60,true,0.34213,0.00530,0.01694,1.67481,0.00545,0.6161,0.0116,0.6296,0.02200,0.00304
12,scratch,1,3,10,0.70,true,0.33013,0.00526,0.02716,1.69704,0.00549,0.7087,0.0052,0.7229,0.04423,0.00336
12,scratch,1,3,10,0.80,true,0.31725,0.00520,0.04175,1.72450,0.00555,0.8096,0.0022,0.8240,0.07169,0.00363
12,scratch,1,3,10,0.90,true,0.30250,0.00514,0.06009,1.75759,0.00562,0.9104,0.0009,0.9245,0.10478,0.00390
12,scratch,1,3,10,1.00,true,0.29213,0.00508,0.08176,1.78964,0.00573,1.0135,0.0004,1.0275,0.13683,0.00414
12,scratch,1,3,10,1.10,true,0.27687,0.00500,0.10613,1.82926,0.00580,1.1132,0.0000,1.1271,0.17645,0.00438
12,scratch,1,3,10,1.20,true,0.26625,0.00494,0.13211,1.86587,0.00591,1.2140,0.0000,1.2277,0.21306,0.00455
12,scratch,1,3,15,0.00,true,0.13025,0.00376,0.00213,1.87188,0.00377,0.2381,0.5678,0.3180,0.05227,0.00439
12,scratch,1,3,15,0.10,true,0.15263,0.00402,0.00272,1.85009,0.00404,0.2999,0.4492,0.3306,0.03048,0.00359
12,scratch,1,3,15,0.20,true,0.17513,0.00425,0.00477,1.82965,0.00428,0.3640,0.3290,0.3696,0.01004,0.00285
12,scratch,1,3,15,0.30,true,0.18787,0.00437,0.00824,1.82036,0.00442,0.4236,0.2323,0.4230,0.00075,0.00206
12,scratch,1,3,15,0.40,true,0.19387,0.00442,0.01349,1.81961,0.00451,0.4875,0.1555,0.4890,0.00000,0.00000
12,scratch,1,3,15,0.50,true,0.19437,0.00442,0.02176,1.82738,0.00457,0.5633,0.0940,0.5709,0.00777,0.00189
12,scratch,1,3,15,0.60,true,0.19375,0.00442,0.03183,1.83808,0.00463,0.6408,0.0603,0.6524,0.01847,0.00250
12,scratch,1,3,15,0.70,true,0.18713,0.00436,0.04536,1.85824,0.00466,0.7266,0.0383,0.7409,0.03862,0.00288
12,scratch,1,3,15,0.80,true,0.17875,0.00428,0.06291,1.88417,0.00470,0.8193,0.0213,0.8377,0.06456,0.00317
12,scratch,1,3,15,0.90,true,0.17475,0.00425,0.08360,1.90886,0.00478,0.9186,0.0126,0.9388,0.08924,0.00343
12,scratch,1,3,15,1.00,true,0.16787,0.00418,0.10444,1.93657,0.00484,1.0059,0.0072,1.0279,0.11696,0.00362
12,scratch,1,3,15,1.10,true,0.15975,0.00410,0.12936,1.96962,0.00488,1.1023,0.0037,1.1253,0.15001,0.00380
12,scratch,1,3,15,1.20,true,0.15263,0.00402,0.15589,2.00329,0.00494,1.1997,0.0019,1.2231,0.18367,0.00397
12,scratch,1,3,20,0.00,true,0.08500,0.00312,0.00939,1.92440,0.00317,0.3129,0.5473,0.4302,0.02381,0.00346
12,scratch,1,3,20,0.10,true,0.09913,0.00334,0.01058,1.91146,0.00340,0.3807,0.4529,0.4424,0.01087,0.00266
12,scratch,1,3,20,0.20,true,0.11188,0.00352,0.01358,1.90171,0.00360,0.4347,0.3659,0.4723,0.00112,0.00178
12,scratch,1,3,20,0.30,true,0.11800,0.00361,0.01859,1.90059,0.00372,0.4908,0.2897,0.5138,0.00000,0.00000
12,scratch,1,3,20,0.40,true,0.12225,0.00366,0.02594,1.90369,0.00382,0.5518,0.2212,0.5686,0.00311,0.00166
12,scratch,1,3,20,0.50,true,0.12625,0.00371,0.03625,1.91000,0.00394,0.6223,0.1637,0.6373,0.00941,0.00226
12,scratch,1,3,20,0.60,true,0.12725,0.00373,0.04831,1.92106,0.00403,0.6909,0.1195,0.7091,0.02048,0.00269
12,scratch,1,3,20,0.70,true,0.12712,0.00372,0.06339,1.93627,0.00412,0.7694,0.0879,0.7888,0.03568,0.00297
12,scratch,1,3,20,0.80,true,0.12287,0.00367,0.08311,1.96024,0.00418,0.8572,0.0596,0.8815,0.05966,0.00327
12,scratch,1,3,20,0.90,true,0.12087,0.00364,0.10196,1.98109,0.00426,0.9346,0.0407,0.9645,0.08051,0.00350
12,scratch,1,3,20,1.00,true,0.11513,0.00357,0.12468,2.00957,0.00430,1.0227,0.0273,1.0559,0.10898,0.00372
12,scratch,1,3,20,1.10,true,0.10988,0.00350,0.14871,2.03885,0.00434,1.1138,0.0198,1.1475,0.13827,0.00389
12,scratch,1,3,20,1.20,true,0.10537,0.00343,0.17533,2.06999,0.00440,1.2097,0.0134,1.2450,0.16940,0.00400
12,scratch,1,6,10,0.00,true,0.21850,0.00462,0.00019,1.78169,0.00462,0.1736,0.6019,0.2153,0.10423,0.00453
12,scratch,1,6,10,0.10,true,0.27275,0.00498,0.00020,1.72745,0.00498,0.2231,0.4163,0.2330,0.04999,0.00379
12,scratch,1,6,10,0.20,true,0.30538,0.00515,0.00049,1.69512,0.00515,0.2824,0.2534,0.2811,0.01766,0.00294
12,scratch,1,6,10,0.30,true,0.32225,0.00522,0.00131,1.67906,0.00524,0.3511,0.1300,0.3531,0.00160,0.00194
12,scratch,1,6,10,0.40,true,0.32562,0.00524,0.00309,1.67746,0.00526,0.4317,0.0625,0.4382,0.00000,0.00000
12,scratch,1,6,10,0.50,true,0.31538,0.00520,0.00655,1.69118,0.00525,0.5215,0.0305,0.5304,0.01372,0.00168
12,scratch,1,6,10,0.60,true,0.30562,0.00515,0.01227,1.70665,0.00525,0.6146,0.0130,0.6263,0.02919,0.00222
12,scratch,1,6,10,0.70,true,0.29375,0.00509,0.02083,1.72708,0.00526,0.7104,0.0057,0.7230,0.04962,0.00259
12,scratch,1,6,10,0.80,true,0.28113,0.00503,0.03249,1.75137,0.00528,0.8083,0.0028,0.8207,0.07391,0.00289
12,scratch,1,6,10,0.90,true,0.26725,0.00495,0.04771,1.78046,0.00530,0.9069,0.0005,0.9196,0.10300,0.00316
12,scratch,1,6,10,1.00,true,0.25588,0.00488,0.06580,1.80994,0.00535,1.0069,0.0003,1.0189,0.13248,0.00342
12,scratch,1,6,10,1.10,true,0.24325,0.00480,0.08729,1.84405,0.00541,1.1095,0.0000,1.1210,0.16659,0.00366
12,scratch,1,6,10,1.20,true,0.23225,0.00472,0.11056,1.87833,0.00547,1.2098,0.0000,1.2208,0.20087,0.00388
12,scratch,1,6,15,0.00,true,0.13912,0.00387,0.00192,1.86280,0.00388,0.2560,0.5570,0.3160,0.04623,0.00327
12,scratch,1,6,15,0.10,true,0.16012,0.00410,0.00204,1.84192,0.00411,0.3002,0.4264,0.3317,0.02535,0.00264
12,scratch,1,6,15,0.20,true,0.17938,0.00429,0.00313,1.82375,0.00431,0.3556,0.3098,0.3700,0.00718,0.00178
12,scratch,1,6,15,0.30,true,0.18887,0.00438,0.00544,1.81657,0.00441,0.4190,0.2168,0.4249,0.00000,0.00000
12,scratch,1,6,15,0.40,true,0.19225,0.00441,0.00938,1.81713,0.00447,0.4883,0.1430,0.4943,0.00056,0.00173
12,scratch,1,6,15,0.50,true,0.19350,0.00442,0.01534,1.82184,0.00452,0.5630,0.0882,0.5738,0.00527,0.00217
12,scratch,1,6,15,0.60,true,0.18950,0.00438,0.02370,1.83420,0.00454,0.6447,0.0534,0.6595,0.01763,0.00249
12,scratch,1,6,15,0.70,true,0.18325,0.00433,0.03500,1.85176,0.00455,0.7317,0.0289,0.7515,0.03519,0.00278
12,scratch,1,6,15,0.80,true,0.17675,0.00426,0.04922,1.87247,0.00458,0.8251,0.0170,0.8464,0.05590,0.00302
12,scratch,1,6,15,0.90,true,0.17025,0.00420,0.06612,1.89589,0.00462,0.9208,0.0104,0.9424,0.07932,0.00321
12,scratch,1,6,15,1.00,true,0.16325,0.00413,0.08550,1.92227,0.00465,1.0163,0.0057,1.0388,0.10570,0.00340
12,scratch,1,6,15,1.10,true,0.15750,0.00407,0.10778,1.95031,0.00471,1.1168,0.0034,1.1389,0.13374,0.00355
12,scratch,1,6,15,1.20,true,0.15075,0.00400,0.13152,1.98081,0.00476,1.2147,0.0015,1.2372,0.16424,0.00373
12,scratch,1,6,20,0.00,true,0.07950,0.00302,0.00820,1.92870,0.00306,0.3353,0.5405,0.4282,0.02262,0.00252
12,scratch,1,6,20,0.10,true,0.09025,0.00320,0.00851,1.91826,0.00324,0.3802,0.4450,0.4418,0.01219,0.00205
12,scratch,1,6,20,0.20,true,0.09925,0.00334,0.01053,1.91128,0.00340,0.4312,0.3576,0.4704,0.00521,0.00146
12,scratch,1,6,20,0.30,true,0.10825,0.00347,0.01432,1.90607,0.00355,0.4865,0.2745,0.5153,0.00000,0.00000
12,scratch,1,6,20,0.40,true,0.11000,0.00350,0.02018,1.91018,0.00361,0.5499,0.2088,0.5708,0.00411,0.00137
12,scratch,1,6,20,0.50,true,0.11288,0.00354,0.02815,1.91528,0.00370,0.6181,0.1539,0.6377,0.00920,0.00191
12,scratch,1,6,20,0.60,true,0.11175,0.00352,0.03868,1.92694,0.00375,0.6896,0.1074,0.7130,0.02086,0.00225
12,scratch,1,6,20,0.70,true,0.10950,0.00349,0.05162,1.94213,0.00379,0.7666,0.0737,0.7942,0.03606,0.00249
12,scratch,1,6,20,0.80,true,0.10725,0.00346,0.06711,1.95988,0.00385,0.8515,0.0510,0.8815,0.05380,0.00273
12,scratch,1,6,20,0.90,true,0.10462,0.00342,0.08500,1.98040,0.00391,0.9396,0.0350,0.9717,0.07433,0.00289
12,scratch,1,6,20,1.00,true,0.10113,0.00337,0.10495,2.00385,0.00396,1.0286,0.0218,1.0646,0.09778,0.00307
12,scratch,1,6,20,1.10,true,0.09738,0.00331,0.12704,2.02972,0.00400,1.1231,0.0145,1.1601,0.12364,0.00324
12,scratch,1,6,20,1.20,true,0.09025,0.00320,0.15098,2.06079,0.00399,1.2181,0.0102,1.2549,0.15472,0.00340
12,mid,1,12,10,0.00,true,0.20988,0.00455,0.00068,1.79080,0.00456,0.1928,0.6048,0.2328,0.08422,0.00428
12,mid,1,12,10,0.10,true,0.25788,0.00489,0.00138,1.74351,0.00490,0.2386,0.4260,0.2504,0.03692,0.00344
12,mid,1,12,10,0.20,true,0.28725,0.00506,0.00338,1.71613,0.00508,0.2980,0.2725,0.2970,0.00955,0.00230
12,mid,1,12,10,0.30,true,0.30088,0.00513,0.00746,1.70659,0.00519,0.3654,0.1575,0.3647,0.00000,0.00000
12,mid,1,12,10,0.40,true,0.30012,0.00512,0.01476,1.71464,0.00525,0.4419,0.0784,0.4484,0.00805,0.00206
12,mid,1,12,10,0.50,true,0.29625,0.00510,0.02575,1.72951,0.00532,0.5271,0.0373,0.5390,0.02292,0.00259
12,mid,1,12,10,0.60,true,0.28887,0.00507,0.04120,1.75233,0.00540,0.6203,0.0199,0.6334,0.04575,0.00295
12,mid,1,12,10,0.70,true,0.27700,0.00500,0.06159,1.78460,0.00549,0.7175,0.0104,0.7315,0.07802,0.00330
12,mid,1,12,10,0.80,true,0.26737,0.00495,0.08546,1.81810,0.00561,0.8132,0.0041,0.8288,0.11152,0.00355
12,mid,1,12,10,0.90,true,0.25525,0.00487,0.11273,1.85751,0.00571,0.9100,0.0027,0.9249,0.15093,0.00379
12,mid,1,12,10,1.00,true,0.24575,0.00481,0.14247,1.89677,0.00584,1.0081,0.0017,1.0226,0.19019,0.00404
12,mid,1,12,10,1.10,true,0.23475,0.00474,0.17615,1.94148,0.00596,1.1123,0.0007,1.1268,0.23489,0.00427
12,mid,1,12,10,1.20,true,0.22525,0.00467,0.20920,1.98405,0.00607,1.2125,0.0005,1.2265,0.27746,0.00446
12,mid,1,12,15,0.00,true,0.10912,0.00349,0.00706,1.89794,0.00352,0.2903,0.5549,0.3577,0.02377,0.00299
12,mid,1,12,15,0.10,true,0.12662,0.00372,0.00967,1.88305,0.00377,0.3391,0.4481,0.3733,0.00888,0.00245
12,mid,1,12,15,0.20,true,0.14025,0.00388,0.01495,1.87470,0.00397,0.3850,0.3341,0.4075,0.00053,0.00171
12,mid,1,12,15,0.30,true,0.14900,0.00398,0.02317,1.87417,0.00413,0.4456,0.2462,0.4583,0.00000,0.00000
12,mid,1,12,15,0.40,true,0.15413,0.00404,0.03481,1.88070,0.00427,0.5099,0.1695,0.5232,0.00652,0.00162
12,mid,1,12,15,0.50,true,0.15363,0.00403,0.05011,1.89649,0.00436,0.5842,0.1180,0.5974,0.02232,0.00215
12,mid,1,12,15,0.60,true,0.15463,0.00404,0.06904,1.91443,0.00450,0.6645,0.0801,0.6804,0.04026,0.00251
12,mid,1,12,15,0.70,true,0.15113,0.00400,0.09152,1.94042,0.00460,0.7465,0.0507,0.7678,0.06625,0.00282
12,mid,1,12,15,0.80,true,0.14638,0.00395,0.11720,1.97087,0.00470,0.8342,0.0332,0.8581,0.09669,0.00303
12,mid,1,12,15,0.90,true,0.14062,0.00389,0.14597,2.00541,0.00478,0.9249,0.0192,0.9532,0.13124,0.00327
12,mid,1,12,15,1.00,true,0.13537,0.00383,0.17552,2.04023,0.00487,1.0158,0.0119,1.0458,0.16605,0.00347
12,mid,1,12,15,1.10,true,0.12812,0.00374,0.20905,2.08104,0.00492,1.1141,0.0065,1.1457,0.20687,0.00367
12,mid,1,12,15,1.20,true,0.12162,0.00365,0.24183,2.12037,0.00497,1.2096,0.0037,1.2415,0.24619,0.00383
12,mid,1,12,20,0.00,true,0.06375,0.00273,0.02465,1.96090,0.00286,0.3729,0.5443,0.4908,0.00431,0.00136
12,mid,1,12,20,0.10,true,0.07225,0.00289,0.02884,1.95659,0.00305,0.4166,0.4596,0.5043,0.00000,0.00000
12,mid,1,12,20,0.20,true,0.07838,0.00300,0.03606,1.95769,0.00322,0.4639,0.3773,0.5312,0.00110,0.00126
12,mid,1,12,20,0.30,true,0.08450,0.00311,0.04641,1.96192,0.00339,0.5147,0.2986,0.5720,0.00533,0.00176
12,mid,1,12,20,0.40,true,0.08600,0.00313,0.06021,1.97423,0.00351,0.5727,0.2302,0.6241,0.01764,0.00211
12,mid,1,12,20,0.50,true,0.08787,0.00317,0.07677,1.98892,0.00365,0.6351,0.1739,0.6854,0.03233,0.00240
12,mid,1,12,20,0.60,true,0.08500,0.00312,0.09716,2.01220,0.00372,0.7108,0.1352,0.7557,0.05560,0.00266
12,mid,1,12,20,0.70,true,0.08612,0.00314,0.11963,2.03356,0.00387,0.7828,0.0971,0.8328,0.07697,0.00292
12,mid,1,12,20,0.80,true,0.08313,0.00309,0.14516,2.06211,0.00395,0.8632,0.0720,0.9141,0.10552,0.00313
12,mid,1,12,20,0.90,true,0.08125,0.00305,0.17215,2.09100,0.00404,0.9444,0.0522,0.9981,0.13440,0.00329
12,mid,1,12,20,1.00,true,0.08075,0.00305,0.20184,2.12122,0.00416,1.0336,0.0369,1.0900,0.16463,0.00345
12,mid,1,12,20,1.10,true,0.07838,0.00300,0.23196,2.15376,0.00424,1.1196,0.0240,1.1804,0.19717,0.00361
12,mid,1,12,20,1.20,true,0.07562,0.00296,0.26352,2.18812,0.00430,1.2130,0.0172,1.2743,0.23153,0.00373
12,mid,1,3,10,0.00,true,0.19037,0.00439,0.00073,1.81035,0.00439,0.1739,0.5740,0.2373,0.07871,0.00462
12,mid,1,3,10,0.10,true,0.23788,0.00476,0.00134,1.76347,0.00477,0.2434,0.3958,0.2607,0.03182,0.00346
12,mid,1,3,10,0.20,true,0.26450,0.00493,0.00302,1.73852,0.00495,0.2955,0.2537,0.3054,0.00688,0.00239
12,mid,1,3,10,0.30,true,0.27513,0.00499,0.00677,1.73165,0.00504,0.3647,0.1462,0.3734,0.00000,0.00000
12,mid,1,3,10,0.40,true,0.27450,0.00499,0.01360,1.73910,0.00509,0.4461,0.0829,0.4557,0.00746,0.00209
12,mid,1,3,10,0.50,true,0.26650,0.00494,0.02494,1.75845,0.00513,0.5367,0.0399,0.5514,0.02680,0.00284
12,mid,1,3,10,0.60,true,0.25788,0.00489,0.03844,1.78057,0.00518,0.6193,0.0194,0.6378,0.04893,0.00325
12,mid,1,3,10,0.70,true,0.24938,0.00484,0.05645,1.80709,0.00526,0.7106,0.0100,0.7301,0.07545,0.00353
12,mid,1,3,10,0.80,true,0.23588,0.00475,0.08011,1.84427,0.00532,0.8089,0.0047,0.8291,0.11262,0.00380
12,mid,1,3,10,0.90,true,0.22512,0.00467,0.10744,1.88236,0.00542,0.9080,0.0018,0.9288,0.15071,0.00404
12,mid,1,3,10,1.00,true,0.21563,0.00460,0.13815,1.92260,0.00553,1.0100,0.0008,1.0306,0.19095,0.00427
12,mid,1,3,10,1.10,true,0.20513,0.00451,0.17070,1.96567,0.00562,1.1105,0.0005,1.1308,0.23402,0.00448
12,mid,1,3,10,1.20,true,0.19525,0.00443,0.20456,2.00945,0.00570,1.2113,0.0003,1.2314,0.27780,0.00467
12,mid,1,3,15,0.00,true,0.09663,0.00330,0.00817,1.91155,0.00334,0.2736,0.5601,0.3686,0.02091,0.00309
12,mid,1,3,15,0.10,true,0.11088,0.00351,0.00990,1.89903,0.00356,0.3260,0.4465,0.3815,0.00839,0.00205
12,mid,1,3,15,0.20,true,0.12412,0.00369,0.01476,1.89064,0.00377,0.3874,0.3384,0.4175,0.00000,0.00000
12,mid,1,3,15,0.30,true,0.12975,0.00376,0.02230,1.89255,0.00389,0.4460,0.2491,0.4673,0.00191,0.00198
12,mid,1,3,15,0.40,true,0.13487,0.00382,0.03264,1.89778,0.00402,0.5061,0.1745,0.5284,0.00714,0.00265
12,mid,1,3,15,0.50,true,0.13525,0.00382,0.04781,1.91258,0.00412,0.5818,0.1164,0.6059,0.02194,0.00305
12,mid,1,3,15,0.60,true,0.13500,0.00382,0.06461,1.92964,0.00423,0.6550,0.0796,0.6824,0.03900,0.00336
12,mid,1,3,15,0.70,true,0.13300,0.00380,0.08529,1.95233,0.00433,0.7352,0.0519,0.7664,0.06169,0.00356
12,mid,1,3,15,0.80,true,0.12900,0.00375,0.11065,1.98171,0.00442,0.8266,0.0339,0.8598,0.09107,0.00375
12,mid,1,3,15,0.90,true,0.12525,0.00370,0.13881,2.01364,0.00453,0.9198,0.0203,0.9564,0.12300,0.00395
12,mid,1,3,15,1.00,true,0.12125,0.00365,0.16568,2.04454,0.00461,1.0049,0.0134,1.0428,0.15390,0.00411
12,mid,1,3,15,1.10,true,0.11575,0.00358,0.19713,2.08152,0.00467,1.1000,0.0078,1.1396,0.19088,0.00428
12,mid,1,3,15,1.20,true,0.11138,0.00352,0.22955,2.11837,0.00474,1.1978,0.0053,1.2372,0.22773,0.00444
12,mid,1,3,20,0.00,true,0.06288,0.00271,0.02985,1.96698,0.00288,0.3594,0.5407,0.5128,0.00577,0.00267
12,mid,1,3,20,0.10,true,0.07013,0.00285,0.03269,1.96258,0.00304,0.4168,0.4530,0.5265,0.00136,0.00164
12,mid,1,3,20,0.20,true,0.07750,0.00299,0.03870,1.96122,0.00321,0.4680,0.3753,0.5544,0.00000,0.00000
12,mid,1,3,20,0.30,true,0.07800,0.00300,0.04876,1.97078,0.00329,0.5260,0.3041,0.5959,0.00956,0.00161
12,mid,1,3,20,0.40,true,0.08075,0.00305,0.06146,1.98074,0.00342,0.5871,0.2438,0.6469,0.01952,0.00225
12,mid,1,3,20,0.50,true,0.08300,0.00308,0.07807,1.99511,0.00356,0.6532,0.1866,0.7106,0.03390,0.00266
12,mid,1,3,20,0.60,true,0.08463,0.00311,0.09621,2.01164,0.00370,0.7191,0.1442,0.7769,0.05042,0.00300
12,mid,1,3,20,0.70,true,0.08450,0.00311,0.11775,2.03332,0.00382,0.7906,0.1073,0.8514,0.07211,0.00325
12,mid,1,3,20,0.80,true,0.08213,0.00307,0.14392,2.06189,0.00391,0.8756,0.0795,0.9372,0.10067,0.00345
12,mid,1,3,20,0.90,true,0.08100,0.00305,0.16822,2.08735,0.00401,0.9507,0.0594,1.0157,0.12614,0.00366
12,mid,1,3,20,1.00,true,0.07863,0.00301,0.19612,2.11766,0.00409,1.0328,0.0411,1.1030,0.15644,0.00382
12,mid,1,3,20,1.10,true,0.07375,0.00292,0.22464,2.15110,0.00411,1.1167,0.0297,1.1886,0.18988,0.00393
12,mid,1,3,20,1.20,true,0.07025,0.00286,0.25605,2.18607,0.00416,1.2117,0.0219,1.2839,0.22485,0.00406
12,mid,1,6,10,0.00,true,0.17188,0.00422,0.00088,1.82901,0.00422,0.1886,0.5801,0.2422,0.06612,0.00387
12,mid,1,6,10,0.10,true,0.20900,0.00455,0.00109,1.79209,0.00455,0.2381,0.4143,0.2601,0.02920,0.00313
12,mid,1,6,10,0.20,true,0.23225,0.00472,0.00234,1.77009,0.00474,0.2958,0.2649,0.3056,0.00720,0.00213
12,mid,1,6,10,0.30,true,0.24225,0.00479,0.00514,1.76289,0.00483,0.3628,0.1532,0.3718,0.00000,0.00000
12,mid,1,6,10,0.40,true,0.24638,0.00482,0.01021,1.76383,0.00489,0.4409,0.0826,0.4531,0.00094,0.00184
12,mid,1,6,10,0.50,true,0.24000,0.00477,0.01849,1.77849,0.00491,0.5248,0.0406,0.5416,0.01560,0.00240
12,mid,1,6,10,0.60,true,0.23400,0.00473,0.03050,1.79651,0.00495,0.6175,0.0212,0.6357,0.03362,0.00274
12,mid,1,6,10,0.70,true,0.22175,0.00464,0.04631,1.82458,0.00497,0.7097,0.0101,0.7294,0.06168,0.00302
12,mid,1,6,10,0.80,true,0.21175,0.00457,0.06616,1.85444,0.00501,0.8069,0.0052,0.8266,0.09154,0.00327
12,mid,1,6,10,0.90,true,0.20087,0.00448,0.08985,1.88901,0.00507,0.9066,0.0030,0.9259,0.12612,0.00352
12,mid,1,6,10,1.00,true,0.19100,0.00439,0.11581,1.92488,0.00513,1.0035,0.0009,1.0232,0.16198,0.00374
12,mid,1,6,10,1.10,true,0.18338,0.00433,0.14510,1.96183,0.00522,1.1065,0.0005,1.1255,0.19894,0.00392
12,mid,1,6,10,1.20,true,0.17188,0.00422,0.17583,2.00411,0.00525,1.2055,0.0000,1.2243,0.24122,0.00414
12,mid,1,6,15,0.00,true,0.10162,0.00338,0.00751,1.90589,0.00342,0.2780,0.5418,0.3665,0.02443,0.00286
12,mid,1,6,15,0.10,true,0.11538,0.00357,0.00833,1.89296,0.00362,0.3240,0.4260,0.3837,0.01149,0.00233
12,mid,1,6,15,0.20,true,0.12862,0.00374,0.01144,1.88281,0.00381,0.3772,0.3185,0.4206,0.00135,0.00165
12,mid,1,6,15,0.30,true,0.13575,0.00383,0.01721,1.88146,0.00393,0.4384,0.2294,0.4730,0.00000,0.00000
12,mid,1,6,15,0.40,true,0.13925,0.00387,0.02581,1.88657,0.00403,0.5072,0.1628,0.5377,0.00511,0.00140
12,mid,1,6,15,0.50,true,0.13850,0.00386,0.03763,1.89915,0.00409,0.5804,0.1101,0.6119,0.01768,0.00191
12,mid,1,6,15,0.60,true,0.13562,0.00383,0.05264,1.91703,0.00415,0.6569,0.0698,0.6930,0.03557,0.00227
12,mid,1,6,15,0.70,true,0.13125,0.00378,0.07116,1.93994,0.00420,0.7404,0.0426,0.7804,0.05848,0.00256
12,mid,1,6,15,0.80,true,0.12775,0.00373,0.09275,1.96506,0.00428,0.8302,0.0259,0.8724,0.08360,0.00283
12,mid,1,6,15,0.90,true,0.12237,0.00366,0.11700,1.99471,0.00434,0.9226,0.0165,0.9652,0.11325,0.00302
12,mid,1,6,15,1.00,true,0.11713,0.00360,0.14361,2.02662,0.00440,1.0167,0.0102,1.0598,0.14515,0.00321
12,mid,1,6,15,1.10,true,0.11075,0.00351,0.17318,2.06261,0.00444,1.1154,0.0063,1.1582,0.18115,0.00340
12,mid,1,6,15,1.20,true,0.10475,0.00342,0.20371,2.09921,0.00447,1.2137,0.0043,1.2557,0.21775,0.00360
12,mid,1,6,20,0.00,true,0.05300,0.00250,0.02878,1.97578,0.00265,0.3651,0.5309,0.5140,0.00647,0.00175
12,mid,1,6,20,0.10,true,0.05912,0.00264,0.03024,1.97113,0.00279,0.4116,0.4477,0.5287,0.00181,0.00133
12,mid,1,6,20,0.20,true,0.06550,0.00277,0.03481,1.96932,0.00295,0.4632,0.3680,0.5581,0.00000,0.00000
12,mid,1,6,20,0.30,true,0.07100,0.00287,0.04232,1.97134,0.00311,0.5149,0.2904,0.5998,0.00202,0.00125
12,mid,1,6,20,0.40,true,0.07062,0.00286,0.05300,1.98240,0.00316,0.5744,0.2268,0.6506,0.01308,0.00166
12,mid,1,6,20,0.50,true,0.07337,0.00292,0.06646,1.99312,0.00330,0.6418,0.1769,0.7123,0.02380,0.00199
12,mid,1,6,20,0.60,true,0.07375,0.00292,0.08306,2.00936,0.00340,0.7106,0.1305,0.7826,0.04005,0.00226
12,mid,1,6,20,0.70,true,0.07162,0.00288,0.10233,2.03078,0.00346,0.7848,0.0963,0.8579,0.06146,0.00248
12,mid,1,6,20,0.80,true,0.07013,0.00285,0.12413,2.05412,0.00355,0.8622,0.0675,0.9395,0.08480,0.00271
12,mid,1,6,20,0.90,true,0.06800,0.00281,0.14862,2.08078,0.00363,0.9480,0.0484,1.0264,0.11146,0.00293
12,mid,1,6,20,1.00,true,0.06488,0.00275,0.17466,2.11001,0.00368,1.0353,0.0350,1.1144,0.14069,0.00308
12,mid,1,6,20,1.10,true,0.06250,0.00271,0.20254,2.14033,0.00374,1.1249,0.0235,1.2065,0.17101,0.00324
12,mid,1,6,20,1.20,true,0.05862,0.00263,0.23134,2.17309,0.00376,1.2175,0.0174,1.2982,0.20377,0.00337
12,high,1,12,10,0.00,true,0.16575,0.00416,0.00277,1.83702,0.00417,0.2119,0.5845,0.2609,0.05512,0.00381
12,high,1,12,10,0.10,true,0.19937,0.00447,0.00480,1.80543,0.00450,0.2559,0.4236,0.2783,0.02352,0.00313
12,high,1,12,10,0.20,true,0.22425,0.00466,0.00966,1.78541,0.00473,0.3143,0.2868,0.3223,0.00351,0.00214
12,high,1,12,10,0.30,true,0.23625,0.00475,0.01814,1.78190,0.00489,0.3790,0.1800,0.3849,0.00000,0.00000
12,high,1,12,10,0.40,true,0.23975,0.00477,0.03158,1.79185,0.00501,0.4518,0.0993,0.4639,0.00995,0.00196
12,high,1,12,10,0.50,true,0.23638,0.00475,0.05017,1.81383,0.00513,0.5342,0.0543,0.5507,0.03193,0.00253
12,high,1,12,10,0.60,true,0.22937,0.00470,0.07406,1.84474,0.00525,0.6236,0.0300,0.6426,0.06284,0.00293
12,high,1,12,10,0.70,true,0.22075,0.00464,0.10295,1.88229,0.00538,0.7184,0.0168,0.7388,0.10038,0.00326
12,high,1,12,10,0.80,true,0.21050,0.00456,0.13500,1.92464,0.00550,0.8131,0.0092,0.8346,0.14273,0.00355
12,high,1,12,10,0.90,true,0.20037,0.00448,0.16941,1.96923,0.00560,0.9074,0.0041,0.9302,0.18733,0.00380
12,high,1,12,10,1.00,true,0.19212,0.00440,0.20497,2.01313,0.00572,1.0044,0.0028,1.0265,0.23123,0.00403
12,high,1,12,10,1.10,true,0.18288,0.00432,0.24439,2.06191,0.00582,1.1101,0.0021,1.1314,0.28000,0.00426
12,high,1,12,10,1.20,true,0.17513,0.00425,0.28144,2.10684,0.00590,1.2088,0.0006,1.2309,0.32494,0.00444
12,high,1,12,15,0.00,true,0.08313,0.00309,0.02091,1.93780,0.00320,0.3179,0.5448,0.4106,0.00768,0.00227
12,high,1,12,15,0.10,true,0.09425,0.00327,0.02600,1.93177,0.00342,0.3656,0.4487,0.4263,0.00165,0.00167
12,high,1,12,15,0.20,true,0.10512,0.00343,0.03522,1.93012,0.00365,0.4124,0.3473,0.4598,0.00000,0.00000
12,high,1,12,15,0.30,true,0.11188,0.00352,0.04878,1.93694,0.00384,0.4700,0.2625,0.5081,0.00682,0.00158
12,high,1,12,15,0.40,true,0.11450,0.00356,0.06643,1.95199,0.00399,0.5334,0.1947,0.5673,0.02187,0.00206
12,high,1,12,15,0.50,true,0.11475,0.00356,0.08843,1.97378,0.00413,0.6041,0.1402,0.6380,0.04365,0.00254
12,high,1,12,15,0.60,true,0.11238,0.00353,0.11401,2.00176,0.00425,0.6791,0.1003,0.7143,0.07164,0.00282
12,high,1,12,15,0.70,true,0.11063,0.00351,0.14273,2.03229,0.00439,0.7606,0.0718,0.7974,0.10217,0.00308
12,high,1,12,15,0.80,true,0.10900,0.00348,0.17404,2.06530,0.00452,0.8423,0.0466,0.8853,0.13517,0.00330
12,high,1,12,15,0.90,true,0.10550,0.00343,0.20821,2.10306,0.00463,0.9330,0.0321,0.9779,0.17293,0.00353
12,high,1,12,15,1.00,true,0.10162,0.00338,0.24241,2.14125,0.00471,1.0216,0.0213,1.0694,0.21113,0.00374
12,high,1,12,15,1.10,true,0.09800,0.00332,0.27900,2.18161,0.00479,1.1170,0.0130,1.1674,0.25149,0.00390
12,high,1,12,15,1.20,true,0.09450,0.00327,0.31410,2.22037,0.00484,1.2114,0.0086,1.2628,0.29025,0.00404
12,high,1,12,20,0.00,true,0.04700,0.00237,0.06290,2.01597,0.00273,0.4083,0.5413,0.5774,0.00000,0.00000
12,high,1,12,20,0.10,true,0.05225,0.00249,0.06950,2.01732,0.00290,0.4536,0.4664,0.5922,0.00136,0.00126
12,high,1,12,20,0.20,true,0.05650,0.00258,0.08012,2.02371,0.00307,0.4986,0.3890,0.6192,0.00775,0.00171
12,high,1,12,20,0.30,true,0.05987,0.00265,0.09450,2.03474,0.00324,0.5473,0.3172,0.6572,0.01878,0.00202
12,high,1,12,20,0.40,true,0.06175,0.00269,0.11270,2.05110,0.00339,0.6029,0.2533,0.7058,0.03513,0.00230
12,high,1,12,20,0.50,true,0.06363,0.00273,0.13395,2.07052,0.00355,0.6647,0.2006,0.7635,0.05456,0.00261
12,high,1,12,20,0.60,true,0.06350,0.00273,0.15862,2.09539,0.00369,0.7322,0.1559,0.8293,0.07942,0.00283
12,high,1,12,20,0.70,true,0.06225,0.00270,0.18544,2.12353,0.00379,0.8072,0.1252,0.9001,0.10756,0.00307
12,high,1,12,20,0.80,true,0.06150,0.00269,0.21479,2.15373,0.00390,0.8817,0.0940,0.9780,0.13776,0.00329
12,high,1,12,20,0.90,true,0.06037,0.00266,0.24500,2.18518,0.00400,0.9602,0.0718,1.0584,0.16922,0.00347
12,high,1,12,20,1.00,true,0.05975,0.00265,0.27731,2.21827,0.00410,1.0444,0.0532,1.1454,0.20230,0.00362
12,high,1,12,20,1.10,true,0.05788,0.00261,0.30936,2.25236,0.00415,1.1281,0.0390,1.2320,0.23640,0.00373
12,high,1,12,20,1.20,true,0.05513,0.00255,0.34234,2.28830,0.00417,1.2161,0.0283,1.3221,0.27234,0.00384
12,high,1,3,10,0.00,true,0.15488,0.00404,0.00292,1.84805,0.00406,0.1956,0.5623,0.2671,0.04525,0.00436
12,high,1,3,10,0.10,true,0.18613,0.00435,0.00472,1.81860,0.00438,0.2615,0.4002,0.2896,0.01580,0.00336
12,high,1,3,10,0.20,true,0.20350,0.00450,0.00890,1.80541,0.00456,0.3151,0.2726,0.3328,0.00261,0.00232
12,high,1,3,10,0.30,true,0.21425,0.00459,0.01703,1.80280,0.00471,0.3808,0.1661,0.3977,0.00000,0.00000
12,high,1,3,10,0.40,true,0.21238,0.00457,0.03001,1.81766,0.00479,0.4588,0.1017,0.4752,0.01486,0.00204
12,high,1,3,10,0.50,true,0.20800,0.00454,0.04903,1.84108,0.00489,0.5459,0.0563,0.5661,0.03828,0.00270
12,high,1,3,10,0.60,true,0.20175,0.00449,0.07011,1.86844,0.00498,0.6250,0.0313,0.6494,0.06564,0.00307
12,high,1,3,10,0.70,true,0.19212,0.00440,0.09609,1.90409,0.00505,0.7119,0.0166,0.7388,0.10130,0.00339
12,high,1,3,10,0.80,true,0.18588,0.00435,0.12783,1.94214,0.00519,0.8113,0.0094,0.8389,0.13935,0.00368
12,high,1,3,10,0.90,true,0.17813,0.00428,0.16229,1.98443,0.00530,0.9095,0.0046,0.9383,0.18164,0.00393
12,high,1,3,10,1.00,true,0.16912,0.00419,0.19932,2.03057,0.00540,1.0096,0.0020,1.0389,0.22778,0.00414
12,high,1,3,10,1.10,true,0.16125,0.00411,0.23624,2.07549,0.00548,1.1082,0.0009,1.1376,0.27269,0.00432
12,high,1,3,10,1.20,true,0.15250,0.00402,0.27417,2.12233,0.00554,1.2088,0.0006,1.2379,0.31953,0.00449
12,high,1,3,15,0.00,true,0.07325,0.00291,0.02354,1.95031,0.00304,0.3095,0.5565,0.4245,0.00939,0.00237
12,high,1,3,15,0.10,true,0.08637,0.00314,0.02727,1.94092,0.00329,0.3574,0.4500,0.4404,0.00000,0.00000
12,high,1,3,15,0.20,true,0.09162,0.00323,0.03613,1.94454,0.00344,0.4145,0.3490,0.4738,0.00362,0.00182
12,high,1,3,15,0.30,true,0.09725,0.00331,0.04846,1.95126,0.00361,0.4735,0.2714,0.5202,0.01034,0.00247
12,high,1,3,15,0.40,true,0.10350,0.00341,0.06430,1.96089,0.00381,0.5327,0.2025,0.5775,0.01997,0.00290
12,high,1,3,15,0.50,true,0.10362,0.00341,0.08571,1.98220,0.00395,0.6022,0.1421,0.6486,0.04128,0.00320
12,high,1,3,15,0.60,true,0.10450,0.00342,0.10816,2.00384,0.00409,0.6715,0.1027,0.7205,0.06292,0.00348
12,high,1,3,15,0.70,true,0.10325,0.00340,0.13462,2.03161,0.00422,0.7489,0.0723,0.8007,0.09069,0.00375
12,high,1,3,15,0.80,true,0.09888,0.00334,0.16628,2.06773,0.00431,0.8361,0.0483,0.8913,0.12681,0.00400
12,high,1,3,15,0.90,true,0.09300,0.00325,0.20002,2.10745,0.00437,0.9267,0.0325,0.9840,0.16653,0.00419
12,high,1,3,15,1.00,true,0.08962,0.00319,0.23140,2.14234,0.00444,1.0101,0.0222,1.0699,0.20142,0.00437
12,high,1,3,15,1.10,true,0.08650,0.00314,0.26607,2.18029,0.00452,1.1031,0.0149,1.1644,0.23937,0.00453
12,high,1,3,15,1.20,true,0.08175,0.00306,0.30175,2.22091,0.00454,1.1972,0.0088,1.2608,0.27999,0.00467
12,high,1,3,20,0.00,true,0.04813,0.00239,0.07279,2.02475,0.00283,0.4128,0.5375,0.6058,0.00000,0.00000
12,high,1,3,20,0.10,true,0.05075,0.00245,0.07860,2.02796,0.00293,0.4621,0.4577,0.6226,0.00320,0.00200
12,high,1,3,20,0.20,true,0.05400,0.00253,0.08802,2.03414,0.00306,0.5138,0.3890,0.6508,0.00939,0.00255
12,high,1,3,20,0.30,true,0.05713,0.00259,0.10107,2.04410,0.00322,0.5655,0.3232,0.6892,0.01935,0.00297
12,high,1,3,20,0.40,true,0.05987,0.00265,0.11780,2.05813,0.00338,0.6254,0.2687,0.7373,0.03337,0.00327
12,high,1,3,20,0.50,true,0.06087,0.00267,0.13811,2.07750,0.00351,0.6863,0.2152,0.7942,0.05274,0.00351
12,high,1,3,20,0.60,true,0.06175,0.00269,0.16055,2.09914,0.00365,0.7490,0.1713,0.8572,0.07438,0.00377
12,high,1,3,20,0.70,true,0.06263,0.00271,0.18565,2.12346,0.00379,0.8188,0.1347,0.9279,0.09871,0.00397
12,high,1,3,20,0.80,true,0.06037,0.00266,0.21501,2.15520,0.00388,0.8964,0.1023,1.0077,0.13045,0.00414
12,high,1,3,20,0.90,true,0.05862,0.00263,0.24200,2.18407,0.00395,0.9697,0.0823,1.0815,0.15932,0.00428
12,high,1,3,20,1.00,true,0.05725,0.00260,0.27205,2.21567,0.00403,1.0479,0.0611,1.1648,0.19091,0.00442
12,high,1,3,20,1.10,true,0.05387,0.00252,0.30239,2.24958,0.00405,1.1276,0.0454,1.2482,0.22483,0.00450
12,high,1,3,20,1.20,true,0.05087,0.00246,0.33508,2.28552,0.00406,1.2178,0.0340,1.3400,0.26076,0.00459
12,high,1,6,10,0.00,true,0.13637,0.00384,0.00346,1.86709,0.00386,0.2070,0.5662,0.2730,0.04408,0.00347
12,high,1,6,10,0.10,true,0.16337,0.00413,0.00417,1.84080,0.00416,0.2562,0.4151,0.2918,0.01780,0.00283
12,high,1,6,10,0.20,true,0.18125,0.00431,0.00730,1.82606,0.00435,0.3130,0.2802,0.3351,0.00305,0.00197
12,high,1,6,10,0.30,true,0.19050,0.00439,0.01349,1.82300,0.00448,0.3784,0.1754,0.3974,0.00000,0.00000
12,high,1,6,10,0.40,true,0.19175,0.00440,0.02362,1.83190,0.00456,0.4523,0.1022,0.4737,0.00889,0.00176
12,high,1,6,10,0.50,true,0.18862,0.00437,0.03835,1.84977,0.00463,0.5355,0.0590,0.5591,0.02676,0.00233
12,high,1,6,10,0.60,true,0.18388,0.00433,0.05767,1.87387,0.00472,0.6221,0.0312,0.6494,0.05086,0.00266
12,high,1,6,10,0.70,true,0.17688,0.00427,0.08129,1.90453,0.00480,0.7134,0.0175,0.7420,0.08153,0.00293
12,high,1,6,10,0.80,true,0.16737,0.00417,0.10899,1.94180,0.00486,0.8076,0.0093,0.8370,0.11880,0.00321
12,high,1,6,10,0.90,true,0.15737,0.00407,0.14031,1.98321,0.00492,0.9042,0.0050,0.9337,0.16021,0.00344
12,high,1,6,10,1.00,true,0.14863,0.00398,0.17362,2.02540,0.00499,1.0015,0.0034,1.0302,0.20239,0.00366
12,high,1,6,10,1.10,true,0.14100,0.00389,0.21002,2.06960,0.00506,1.1030,0.0017,1.1318,0.24660,0.00386
12,high,1,6,10,1.20,true,0.13500,0.00382,0.24581,2.11159,0.00514,1.2011,0.0004,1.2303,0.28859,0.00403
12,high,1,6,15,0.00,true,0.07775,0.00299,0.02350,1.94577,0.00312,0.3062,0.5346,0.4251,0.01175,0.00215
12,high,1,6,15,0.10,true,0.08937,0.00319,0.02549,1.93613,0.00333,0.3508,0.4283,0.4439,0.00211,0.00149
12,high,1,6,15,0.20,true,0.09738,0.00331,0.03136,1.93402,0.00349,0.4029,0.3325,0.4785,0.00000,0.00000
12,high,1,6,15,0.30,true,0.10187,0.00338,0.04149,1.93966,0.00363,0.4620,0.2498,0.5275,0.00564,0.00147
12,high,1,6,15,0.40,true,0.10337,0.00340,0.05554,1.95224,0.00374,0.5291,0.1872,0.5875,0.01822,0.00193
12,high,1,6,15,0.50,true,0.10425,0.00342,0.07374,1.96961,0.00386,0.5987,0.1320,0.6581,0.03559,0.00229
12,high,1,6,15,0.60,true,0.10187,0.00338,0.09583,1.99413,0.00396,0.6755,0.0926,0.7362,0.06011,0.00262
12,high,1,6,15,0.70,true,0.09963,0.00335,0.12135,2.02199,0.00406,0.7556,0.0615,0.8202,0.08797,0.00289
12,high,1,6,15,0.80,true,0.09650,0.00330,0.14936,2.05322,0.00415,0.8390,0.0396,0.9072,0.11920,0.00311
12,high,1,6,15,0.90,true,0.09262,0.00324,0.18017,2.08805,0.00423,0.9286,0.0258,0.9984,0.15403,0.00334
12,high,1,6,15,1.00,true,0.08900,0.00318,0.21213,2.12380,0.00431,1.0204,0.0180,1.0899,0.18978,0.00349
12,high,1,6,15,1.10,true,0.08300,0.00308,0.24712,2.16501,0.00433,1.1173,0.0121,1.1867,0.23099,0.00368
12,high,1,6,15,1.20,true,0.07825,0.00300,0.28142,2.20432,0.00436,1.2110,0.0075,1.2812,0.27030,0.00380
12,high,1,6,20,0.00,true,0.03963,0.00218,0.07471,2.03518,0.00261,0.4013,0.5312,0.6110,0.00021,0.00109
12,high,1,6,20,0.10,true,0.04288,0.00226,0.07774,2.03497,0.00272,0.4456,0.4540,0.6268,0.00000,0.00000
12,high,1,6,20,0.20,true,0.04600,0.00234,0.08489,2.03902,0.00284,0.4944,0.3797,0.6551,0.00405,0.00110
12,high,1,6,20,0.30,true,0.04875,0.00241,0.09603,2.04745,0.00297,0.5477,0.3118,0.6947,0.01249,0.00154
12,high,1,6,20,0.40,true,0.05063,0.00245,0.11077,2.06038,0.00311,0.6047,0.2506,0.7439,0.02541,0.00185
12,high,1,6,20,0.50,true,0.05112,0.00246,0.12902,2.07820,0.00322,0.6690,0.2016,0.8010,0.04323,0.00212
12,high,1,6,20,0.60,true,0.05162,0.00247,0.15071,2.09949,0.00335,0.7369,0.1563,0.8680,0.06452,0.00244
12,high,1,6,20,0.70,true,0.05237,0.00249,0.17449,2.12264,0.00348,0.8079,0.1200,0.9401,0.08767,0.00269
12,high,1,6,20,0.80,true,0.05075,0.00245,0.20066,2.15058,0.00356,0.8848,0.0928,1.0167,0.11561,0.00291
12,high,1,6,20,0.90,true,0.05063,0.00245,0.22868,2.17892,0.00367,0.9629,0.0678,1.0991,0.14395,0.00311
12,high,1,6,20,1.00,true,0.04938,0.00242,0.25801,2.20971,0.00375,1.0459,0.0500,1.1843,0.17475,0.00328
12,high,1,6,20,1.10,true,0.04788,0.00239,0.28850,2.24197,0.00381,1.1342,0.0381,1.2726,0.20700,0.00343
12,high,1,6,20,1.20,true,0.04612,0.00235,0.31926,2.27477,0.00385,1.2218,0.0275,1.3621,0.23980,0.00358
12,hcp30,1,12,10,0.00,true,0.15038,0.00400,0.05713,1.90758,0.00443,0.4142,0.5829,0.4406,0.01176,0.00275
12,hcp30,1,12,10,0.10,true,0.16725,0.00417,0.06412,1.89778,0.00469,0.4580,0.4968,0.4561,0.00197,0.00198
12,hcp30,1,12,10,0.20,true,0.18163,0.00431,0.07632,1.89581,0.00494,0.5195,0.4254,0.4871,0.00000,0.00000
12,hcp30,1,12,10,0.30,true,0.19512,0.00443,0.09291,1.89925,0.00523,0.5821,0.3561,0.5325,0.00343,0.00204
12,hcp30,1,12,10,0.40,true,0.20275,0.00450,0.11375,1.91294,0.00548,0.6479,0.2935,0.5887,0.01712,0.00283
12,hcp30,1,12,10,0.50,true,0.20813,0.00454,0.13780,1.93224,0.00573,0.7176,0.2401,0.6544,0.03642,0.00345
12,hcp30,1,12,10,0.60,true,0.21275,0.00458,0.16496,1.95558,0.00598,0.7928,0.1939,0.7299,0.05977,0.00398
12,hcp30,1,12,10,0.70,true,0.21313,0.00458,0.19401,1.98526,0.00620,0.8719,0.1571,0.8107,0.08944,0.00441
12,hcp30,1,12,10,0.80,true,0.21238,0.00457,0.22482,2.01801,0.00641,0.9503,0.1227,0.8976,0.12220,0.00483
12,hcp30,1,12,10,0.90,true,0.20900,0.00455,0.25587,2.05382,0.00658,1.0320,0.0969,0.9865,0.15801,0.00520
12,hcp30,1,12,10,1.00,true,0.20738,0.00453,0.28601,2.08715,0.00675,1.1140,0.0749,1.0777,0.19134,0.00551
12,hcp30,1,12,10,1.10,true,0.20112,0.00448,0.31931,2.12866,0.00687,1.2085,0.0595,1.1773,0.23284,0.00580
12,hcp30,1,12,10,1.20,true,0.19575,0.00444,0.35045,2.16728,0.00698,1.2994,0.0465,1.2748,0.27146,0.00605
12,hcp30,1,12,15,0.00,true,0.08750,0.00316,0.14858,2.06440,0.00426,0.6261,0.5458,0.6684,0.00000,0.00000
12,hcp30,1,12,15,0.10,true,0.09350,0.00325,0.15655,2.06659,0.00442,0.6839,0.4975,0.6853,0.00219,0.00149
12,hcp30,1,12,15,0.20,true,0.09838,0.00333,0.16803,2.07358,0.00459,0.7398,0.4493,0.7108,0.00918,0.00213
12,hcp30,1,12,15,0.30,true,0.10362,0.00341,0.18267,2.08353,0.00478,0.7901,0.3960,0.7465,0.01913,0.00271
12,hcp30,1,12,15,0.40,true,0.10625,0.00345,0.20011,2.09907,0.00495,0.8468,0.3483,0.7904,0.03467,0.00323
12,hcp30,1,12,15,0.50,true,0.10912,0.00349,0.21929,2.11628,0.00513,0.9042,0.3038,0.8411,0.05188,0.00363
12,hcp30,1,12,15,0.60,true,0.11075,0.00351,0.24065,2.13716,0.00529,0.9751,0.2695,0.8999,0.07276,0.00405
12,hcp30,1,12,15,0.70,true,0.11338,0.00354,0.26356,2.15877,0.00547,1.0468,0.2360,0.9667,0.09437,0.00448
12,hcp30,1,12,15,0.80,true,0.11363,0.00355,0.28788,2.18435,0.00562,1.1167,0.2039,1.0375,0.11996,0.00485
12,hcp30,1,12,15,0.90,true,0.11275,0.00354,0.31345,2.21258,0.00574,1.1931,0.1772,1.1138,0.14818,0.00519
12,hcp30,1,12,15,1.00,true,0.11413,0.00355,0.33808,2.23772,0.00588,1.2703,0.1545,1.1928,0.17332,0.00550
12,hcp30,1,12,15,1.10,true,0.11175,0.00352,0.36486,2.26911,0.00596,1.3522,0.1340,1.2771,0.20472,0.00576
12,hcp30,1,12,15,1.20,true,0.10862,0.00348,0.39068,2.30043,0.00602,1.4327,0.1167,1.3610,0.23604,0.00598
12,hcp30,1,12,20,0.00,true,0.05437,0.00254,0.23342,2.18631,0.00418,0.8067,0.5383,0.8754,0.00000,0.00000
12,hcp30,1,12,20,0.10,true,0.05838,0.00262,0.23920,2.18839,0.00431,0.8594,0.4998,0.8909,0.00208,0.00118
12,hcp30,1,12,20,0.20,true,0.06100,0.00268,0.24763,2.19468,0.00442,0.9113,0.4611,0.9128,0.00837,0.00169
12,hcp30,1,12,20,0.30,true,0.06438,0.00274,0.25854,2.20289,0.00456,0.9633,0.4216,0.9432,0.01659,0.00224
12,hcp30,1,12,20,0.40,true,0.06538,0.00276,0.27193,2.21617,0.00467,1.0190,0.3846,0.9794,0.02986,0.00270
12,hcp30,1,12,20,0.50,true,0.06675,0.00279,0.28642,2.23031,0.00478,1.0789,0.3532,1.0204,0.04400,0.00308
12,hcp30,1,12,20,0.60,true,0.06838,0.00282,0.30304,2.24658,0.00491,1.1317,0.3152,1.0697,0.06027,0.00348
12,hcp30,1,12,20,0.70,true,0.06838,0.00282,0.32100,2.26599,0.00500,1.1940,0.2847,1.1235,0.07968,0.00387
12,hcp30,1,12,20,0.80,true,0.06725,0.00280,0.34001,2.28775,0.00507,1.2561,0.2560,1.1809,0.10144,0.00419
12,hcp30,1,12,20,0.90,true,0.06650,0.00279,0.35980,2.31013,0.00515,1.3235,0.2306,1.2441,0.12383,0.00453
12,hcp30,1,12,20,1.00,true,0.06563,0.00277,0.38163,2.33501,0.00522,1.3993,0.2067,1.3168,0.14871,0.00488
12,hcp30,1,12,20,1.10,true,0.06563,0.00277,0.40183,2.35739,0.00530,1.4684,0.1849,1.3873,0.17108,0.00513
12,hcp30,1,12,20,1.20,true,0.06538,0.00276,0.42246,2.38065,0.00536,1.5375,0.1633,1.4618,0.19434,0.00535
12,hcp30,1,3,10,0.00,true,0.13050,0.00377,0.06281,1.93327,0.00424,0.3675,0.5545,0.4440,0.01443,0.00392
12,hcp30,1,3,10,0.10,true,0.15213,0.00402,0.06990,1.91891,0.00456,0.4605,0.4691,0.4666,0.00007,0.00241
12,hcp30,1,3,10,0.20,true,0.16375,0.00414,0.08119,1.91884,0.00478,0.5215,0.4078,0.4979,0.00000,0.00000
12,hcp30,1,3,10,0.30,true,0.17288,0.00423,0.09796,1.92692,0.00502,0.5809,0.3378,0.5434,0.00808,0.00246
12,hcp30,1,3,10,0.40,true,0.17838,0.00428,0.11961,1.94369,0.00526,0.6495,0.2795,0.6013,0.02485,0.00318
12,hcp30,1,3,10,0.50,true,0.18400,0.00433,0.14577,1.96505,0.00552,0.7183,0.2180,0.6734,0.04621,0.00394
12,hcp30,1,3,10,0.60,true,0.18463,0.00434,0.17267,1.99229,0.00572,0.7910,0.1774,0.7468,0.07345,0.00453
12,hcp30,1,3,10,0.70,true,0.18500,0.00434,0.20015,2.02051,0.00592,0.8648,0.1445,0.8228,0.10166,0.00490
12,hcp30,1,3,10,0.80,true,0.18275,0.00432,0.23230,2.05635,0.00611,0.9517,0.1170,0.9117,0.13751,0.00533
12,hcp30,1,3,10,0.90,true,0.17950,0.00429,0.26441,2.09334,0.00627,1.0393,0.0958,1.0018,0.17450,0.00564
12,hcp30,1,3,10,1.00,true,0.17475,0.00425,0.29761,2.13318,0.00640,1.1299,0.0780,1.0963,0.21434,0.00591
12,hcp30,1,3,10,1.10,true,0.16925,0.00419,0.32964,2.17276,0.00650,1.2160,0.0618,1.1894,0.25392,0.00613
12,hcp30,1,3,10,1.20,true,0.16500,0.00415,0.36164,2.21134,0.00660,1.3084,0.0493,1.2877,0.29250,0.00632
12,hcp30,1,3,15,0.00,true,0.07187,0.00289,0.16000,2.09189,0.00406,0.5492,0.5428,0.6742,0.00303,0.00266
12,hcp30,1,3,15,0.10,true,0.08038,0.00304,0.16523,2.08885,0.00425,0.6470,0.4887,0.6909,0.00000,0.00000
12,hcp30,1,3,15,0.20,true,0.08800,0.00317,0.17550,2.09199,0.00446,0.7147,0.4341,0.7209,0.00313,0.00227
12,hcp30,1,3,15,0.30,true,0.09212,0.00323,0.18838,2.10138,0.00463,0.7796,0.3918,0.7560,0.01253,0.00297
12,hcp30,1,3,15,0.40,true,0.09362,0.00326,0.20475,2.11707,0.00476,0.8406,0.3496,0.7985,0.02821,0.00363
12,hcp30,1,3,15,0.50,true,0.09600,0.00329,0.22497,2.13600,0.00493,0.9145,0.3107,0.8533,0.04714,0.00414
12,hcp30,1,3,15,0.60,true,0.09488,0.00328,0.24534,2.15866,0.00504,0.9747,0.2754,0.9068,0.06981,0.00463
12,hcp30,1,3,15,0.70,true,0.09663,0.00330,0.26714,2.18007,0.00519,1.0392,0.2416,0.9681,0.09122,0.00496
12,hcp30,1,3,15,0.80,true,0.09550,0.00329,0.29334,2.20916,0.00531,1.1169,0.2108,1.0420,0.12030,0.00530
12,hcp30,1,3,15,0.90,true,0.09563,0.00329,0.31949,2.23711,0.00544,1.1906,0.1797,1.1208,0.14826,0.00564
12,hcp30,1,3,15,1.00,true,0.09413,0.00326,0.34238,2.26335,0.00552,1.2580,0.1580,1.1910,0.17450,0.00586
12,hcp30,1,3,15,1.10,true,0.09337,0.00325,0.36763,2.29155,0.00562,1.3305,0.1337,1.2723,0.20270,0.00607
12,hcp30,1,3,15,1.20,true,0.09087,0.00321,0.39261,2.32143,0.00567,1.4100,0.1171,1.3541,0.23257,0.00620
12,hcp30,1,3,20,0.00,true,0.04913,0.00242,0.25328,2.21252,0.00416,0.7195,0.5304,0.9047,0.00076,0.00252
12,hcp30,1,3,20,0.10,true,0.05488,0.00255,0.25796,2.21176,0.00431,0.8409,0.4913,0.9201,0.00000,0.00000
12,hcp30,1,3,20,0.20,true,0.05862,0.00263,0.26638,2.21698,0.00444,0.9041,0.4533,0.9457,0.00522,0.00211
12,hcp30,1,3,20,0.30,true,0.05950,0.00264,0.27722,2.22770,0.00451,0.9644,0.4179,0.9760,0.01594,0.00280
12,hcp30,1,3,20,0.40,true,0.06187,0.00269,0.28944,2.23846,0.00463,1.0210,0.3823,1.0125,0.02670,0.00334
12,hcp30,1,3,20,0.50,true,0.06200,0.00270,0.30448,2.25456,0.00471,1.0810,0.3457,1.0574,0.04280,0.00383
12,hcp30,1,3,20,0.60,true,0.06162,0.00269,0.32021,2.27197,0.00478,1.1454,0.3184,1.1044,0.06021,0.00427
12,hcp30,1,3,20,0.70,true,0.06087,0.00267,0.33718,2.29122,0.00485,1.2118,0.2918,1.1568,0.07946,0.00454
12,hcp30,1,3,20,0.80,true,0.06050,0.00267,0.35720,2.31352,0.00494,1.2840,0.2626,1.2210,0.10176,0.00484
12,hcp30,1,3,20,0.90,true,0.05925,0.00264,0.37544,2.33483,0.00499,1.3505,0.2414,1.2798,0.12307,0.00510
12,hcp30,1,3,20,1.00,true,0.05763,0.00261,0.39545,2.35862,0.00503,1.4212,0.2190,1.3464,0.14686,0.00533
12,hcp30,1,3,20,1.10,true,0.05775,0.00261,0.41513,2.38047,0.00510,1.4934,0.1985,1.4170,0.16871,0.00552
12,hcp30,1,3,20,1.20,true,0.05550,0.00256,0.43661,2.40685,0.00512,1.5684,0.1779,1.4934,0.19509,0.00570
12,hcp30,1,6,10,0.00,true,0.12212,0.00366,0.06448,1.94324,0.00414,0.4083,0.5639,0.4517,0.01322,0.00262
12,hcp30,1,6,10,0.10,true,0.13575,0.00383,0.06783,1.93311,0.00434,0.4608,0.4845,0.4692,0.00309,0.00188
12,hcp30,1,6,10,0.20,true,0.14788,0.00397,0.07658,1.93002,0.00456,0.5209,0.4125,0.5018,0.00000,0.00000
12,hcp30,1,6,10,0.30,true,0.15288,0.00402,0.09074,1.93963,0.00474,0.5825,0.3444,0.5463,0.00961,0.00186
12,hcp30,1,6,10,0.40,true,0.16125,0.00411,0.10901,1.95012,0.00498,0.6494,0.2848,0.6033,0.02010,0.00260
12,hcp30,1,6,10,0.50,true,0.16325,0.00413,0.13121,1.97111,0.00518,0.7202,0.2353,0.6676,0.04109,0.00314
12,hcp30,1,6,10,0.60,true,0.16475,0.00415,0.15643,1.99585,0.00538,0.7929,0.1899,0.7411,0.06583,0.00365
12,hcp30,1,6,10,0.70,true,0.16650,0.00416,0.18372,2.02258,0.00560,0.8690,0.1524,0.8208,0.09256,0.00409
12,hcp30,1,6,10,0.80,true,0.16375,0.00414,0.21264,2.05566,0.00575,0.9463,0.1223,0.9027,0.12564,0.00443
12,hcp30,1,6,10,0.90,true,0.16162,0.00412,0.24365,2.09047,0.00592,1.0331,0.0983,0.9935,0.16045,0.00483
12,hcp30,1,6,10,1.00,true,0.15712,0.00407,0.27534,2.12858,0.00604,1.1218,0.0801,1.0858,0.19856,0.00519
12,hcp30,1,6,10,1.10,true,0.15163,0.00401,0.30819,2.16912,0.00614,1.2127,0.0637,1.1827,0.23910,0.00550
12,hcp30,1,6,10,1.20,true,0.14688,0.00396,0.33915,2.20716,0.00622,1.2996,0.0494,1.2775,0.27714,0.00575
12,hcp30,1,6,15,0.00,true,0.07950,0.00302,0.14871,2.07237,0.00410,0.6024,0.5335,0.6626,0.00235,0.00139
12,hcp30,1,6,15,0.10,true,0.08675,0.00315,0.15329,2.07002,0.00426,0.6547,0.4796,0.6819,0.00000,0.00000
12,hcp30,1,6,15,0.20,true,0.09200,0.00323,0.16197,2.07395,0.00441,0.7082,0.4258,0.7109,0.00393,0.00144
12,hcp30,1,6,15,0.30,true,0.09488,0.00328,0.17420,2.08398,0.00455,0.7700,0.3801,0.7480,0.01396,0.00205
12,hcp30,1,6,15,0.40,true,0.09713,0.00331,0.18964,2.09804,0.00469,0.8285,0.3321,0.7941,0.02802,0.00263
12,hcp30,1,6,15,0.50,true,0.09825,0.00333,0.20810,2.11648,0.00483,0.8969,0.2923,0.8487,0.04646,0.00316
12,hcp30,1,6,15,0.60,true,0.10100,0.00337,0.22860,2.13551,0.00501,0.9645,0.2536,0.9109,0.06549,0.00364
12,hcp30,1,6,15,0.70,true,0.10100,0.00337,0.25095,2.15934,0.00514,1.0354,0.2212,0.9767,0.08932,0.00401
12,hcp30,1,6,15,0.80,true,0.09838,0.00333,0.27498,2.18771,0.00523,1.1118,0.1952,1.0469,0.11769,0.00437
12,hcp30,1,6,15,0.90,true,0.09475,0.00327,0.30057,2.21888,0.00530,1.1867,0.1686,1.1228,0.14886,0.00474
12,hcp30,1,6,15,1.00,true,0.09212,0.00323,0.32580,2.24880,0.00538,1.2612,0.1453,1.2005,0.17878,0.00503
12,hcp30,1,6,15,1.10,true,0.08962,0.00319,0.35262,2.28052,0.00545,1.3449,0.1256,1.2863,0.21050,0.00534
12,hcp30,1,6,15,1.20,true,0.08575,0.00313,0.37839,2.31267,0.00547,1.4234,0.1077,1.3702,0.24265,0.00557
12,hcp30,1,6,20,0.00,true,0.04437,0.00230,0.24521,2.20824,0.00397,0.7966,0.5262,0.8911,0.00000,0.00000
12,hcp30,1,6,20,0.10,true,0.04612,0.00235,0.24905,2.21076,0.00403,0.8459,0.4855,0.9071,0.00252,0.00108
12,hcp30,1,6,20,0.20,true,0.04738,0.00238,0.25618,2.21730,0.00410,0.9020,0.4468,0.9320,0.00906,0.00174
12,hcp30,1,6,20,0.30,true,0.04938,0.00242,0.26525,2.22519,0.00420,0.9591,0.4108,0.9628,0.01694,0.00219
12,hcp30,1,6,20,0.40,true,0.05100,0.00246,0.27683,2.23618,0.00430,1.0167,0.3746,1.0010,0.02794,0.00265
12,hcp30,1,6,20,0.50,true,0.05187,0.00248,0.29038,2.25008,0.00440,1.0772,0.3413,1.0450,0.04183,0.00310
12,hcp30,1,6,20,0.60,true,0.05225,0.00249,0.30538,2.26611,0.00449,1.1370,0.3086,1.0941,0.05787,0.00349
12,hcp30,1,6,20,0.70,true,0.05262,0.00250,0.32209,2.28408,0.00458,1.2004,0.2777,1.1502,0.07584,0.00391
12,hcp30,1,6,20,0.80,true,0.05087,0.00246,0.34011,2.30568,0.00462,1.2660,0.2502,1.2094,0.09744,0.00428
12,hcp30,1,6,20,0.90,true,0.05050,0.00245,0.35833,2.32627,0.00470,1.3342,0.2258,1.2726,0.11803,0.00457
12,hcp30,1,6,20,1.00,true,0.04888,0.00241,0.37745,2.34922,0.00474,1.4090,0.2063,1.3391,0.14098,0.00484
12,hcp30,1,6,20,1.10,true,0.04738,0.00238,0.39731,2.37296,0.00478,1.4819,0.1861,1.4100,0.16472,0.00511
12,hcp30,1,6,20,1.20,true,0.04625,0.00235,0.41717,2.39650,0.00481,1.5549,0.1671,1.4839,0.18825,0.00535
12,tour,2,12,10,0.00,true,0.32875,0.00525,0.00002,1.67127,0.00525,0.1569,0.6682,0.1923,0.15390,0.00504
12,tour,2,12,10,0.10,true,0.41437,0.00551,0.00009,1.58572,0.00551,0.2109,0.4728,0.2059,0.06835,0.00403
12,tour,2,12,10,0.20,true,0.46450,0.00558,0.00037,1.53587,0.00558,0.2723,0.2782,0.2556,0.01850,0.00267
12,tour,2,12,10,0.30,true,0.48375,0.00559,0.00112,1.51737,0.00560,0.3405,0.1346,0.3304,0.00000,0.00000
12,tour,2,12,10,0.40,true,0.48462,0.00559,0.00288,1.51825,0.00562,0.4270,0.0623,0.4222,0.00088,0.00215
12,tour,2,12,10,0.50,true,0.47350,0.00558,0.00635,1.53285,0.00565,0.5184,0.0242,0.5204,0.01548,0.00277
12,tour,2,12,10,0.60,true,0.46213,0.00557,0.01231,1.55019,0.00571,0.6157,0.0067,0.6224,0.03282,0.00314
12,tour,2,12,10,0.70,true,0.44675,0.00556,0.02089,1.57414,0.00578,0.7118,0.0020,0.7192,0.05677,0.00345
12,tour,2,12,10,0.80,true,0.43262,0.00554,0.03289,1.60027,0.00588,0.8120,0.0011,0.8188,0.08290,0.00369
12,tour,2,12,10,0.90,true,0.41887,0.00552,0.04735,1.62848,0.00599,0.9095,0.0006,0.9158,0.11110,0.00393
12,tour,2,12,10,1.00,true,0.40900,0.00550,0.06340,1.65441,0.00612,1.0028,0.0000,1.0092,0.13703,0.00413
12,tour,2,12,10,1.10,true,0.39575,0.00547,0.08284,1.68709,0.00626,1.1024,0.0000,1.1084,0.16972,0.00438
12,tour,2,12,10,1.20,true,0.38550,0.00544,0.10363,1.71814,0.00641,1.2014,0.0000,1.2071,0.20076,0.00458
12,tour,2,12,15,0.00,true,0.19887,0.00446,0.00074,1.80187,0.00447,0.2478,0.6020,0.2827,0.09469,0.00429
12,tour,2,12,15,0.10,true,0.23688,0.00475,0.00138,1.76451,0.00476,0.2930,0.4716,0.2938,0.05733,0.00367
12,tour,2,12,15,0.20,true,0.26875,0.00496,0.00282,1.73407,0.00498,0.3485,0.3458,0.3300,0.02690,0.00297
12,tour,2,12,15,0.30,true,0.29050,0.00508,0.00539,1.71489,0.00512,0.4093,0.2322,0.3879,0.00772,0.00204
12,tour,2,12,15,0.40,true,0.30238,0.00513,0.00955,1.70717,0.00521,0.4801,0.1489,0.4613,0.00000,0.00000
12,tour,2,12,15,0.50,true,0.30388,0.00514,0.01589,1.71201,0.00527,0.5567,0.0878,0.5458,0.00484,0.00181
12,tour,2,12,15,0.60,true,0.30200,0.00513,0.02474,1.72274,0.00534,0.6406,0.0489,0.6375,0.01557,0.00237
12,tour,2,12,15,0.70,true,0.29613,0.00510,0.03621,1.74009,0.00540,0.7296,0.0284,0.7308,0.03291,0.00272
12,tour,2,12,15,0.80,true,0.28737,0.00506,0.05082,1.76344,0.00547,0.8233,0.0156,0.8281,0.05627,0.00302
12,tour,2,12,15,0.90,true,0.28050,0.00502,0.06691,1.78641,0.00556,0.9138,0.0092,0.9204,0.07923,0.00322
12,tour,2,12,15,1.00,true,0.27375,0.00499,0.08735,1.81360,0.00567,1.0158,0.0040,1.0249,0.10643,0.00345
12,tour,2,12,15,1.10,true,0.26675,0.00494,0.10793,1.84118,0.00577,1.1096,0.0019,1.1193,0.13401,0.00364
12,tour,2,12,15,1.20,true,0.25862,0.00490,0.13108,1.87246,0.00587,1.2084,0.0012,1.2178,0.16529,0.00382
12,tour,2,12,20,0.00,true,0.13825,0.00386,0.00324,1.86499,0.00388,0.3293,0.5567,0.3716,0.04230,0.00345
12,tour,2,12,20,0.10,true,0.15687,0.00407,0.00493,1.84806,0.00410,0.3744,0.4593,0.3840,0.02537,0.00302
12,tour,2,12,20,0.20,true,0.17663,0.00426,0.00795,1.83133,0.00431,0.4293,0.3653,0.4169,0.00864,0.00234
12,tour,2,12,20,0.30,true,0.18762,0.00436,0.01269,1.82507,0.00445,0.4854,0.2793,0.4631,0.00238,0.00172
12,tour,2,12,20,0.40,true,0.19662,0.00444,0.01931,1.82269,0.00458,0.5479,0.2040,0.5249,0.00000,0.00000
12,tour,2,12,20,0.50,true,0.20287,0.00450,0.02819,1.82532,0.00470,0.6151,0.1389,0.5990,0.00263,0.00161
12,tour,2,12,20,0.60,true,0.20600,0.00452,0.03941,1.83341,0.00480,0.6916,0.0945,0.6812,0.01072,0.00214
12,tour,2,12,20,0.70,true,0.20175,0.00449,0.05326,1.85151,0.00487,0.7747,0.0667,0.7667,0.02882,0.00246
12,tour,2,12,20,0.80,true,0.20062,0.00448,0.06974,1.86911,0.00497,0.8621,0.0427,0.8609,0.04642,0.00276
12,tour,2,12,20,0.90,true,0.19737,0.00445,0.08788,1.89051,0.00506,0.9497,0.0277,0.9533,0.06782,0.00297
12,tour,2,12,20,1.00,true,0.19112,0.00440,0.10765,1.91653,0.00513,1.0371,0.0184,1.0437,0.09384,0.00319
12,tour,2,12,20,1.10,true,0.18625,0.00435,0.13022,1.94397,0.00522,1.1326,0.0118,1.1417,0.12128,0.00339
12,tour,2,12,20,1.20,true,0.17950,0.00429,0.15444,1.97494,0.00529,1.2268,0.0061,1.2394,0.15225,0.00360
12,tour,2,3,10,0.00,true,0.22250,0.00465,0.00007,1.77757,0.00465,0.1185,0.6029,0.2044,0.14632,0.00575
12,tour,2,3,10,0.10,true,0.30550,0.00515,0.00014,1.69464,0.00515,0.2074,0.4201,0.2211,0.06339,0.00480
12,tour,2,3,10,0.20,true,0.34375,0.00531,0.00037,1.65662,0.00531,0.2579,0.2589,0.2634,0.02537,0.00379
12,tour,2,3,10,0.30,true,0.36475,0.00538,0.00117,1.63642,0.00539,0.3271,0.1250,0.3367,0.00517,0.00251
12,tour,2,3,10,0.40,true,0.37175,0.00540,0.00300,1.63125,0.00543,0.4082,0.0609,0.4211,0.00000,0.00000
12,tour,2,3,10,0.50,true,0.37138,0.00540,0.00658,1.63520,0.00546,0.4952,0.0237,0.5145,0.00395,0.00231
12,tour,2,3,10,0.60,true,0.36575,0.00538,0.01244,1.64669,0.00550,0.5874,0.0087,0.6093,0.01544,0.00297
12,tour,2,3,10,0.70,true,0.35962,0.00537,0.02101,1.66138,0.00555,0.6838,0.0029,0.7061,0.03013,0.00344
12,tour,2,3,10,0.80,true,0.34987,0.00533,0.03301,1.68314,0.00562,0.7821,0.0006,0.8054,0.05189,0.00385
12,tour,2,3,10,0.90,true,0.34063,0.00530,0.04835,1.70773,0.00572,0.8818,0.0004,0.9048,0.07648,0.00420
12,tour,2,3,10,1.00,true,0.33287,0.00527,0.06637,1.73349,0.00583,0.9792,0.0000,1.0028,0.10224,0.00446
12,tour,2,3,10,1.10,true,0.32162,0.00522,0.08739,1.76577,0.00595,1.0770,0.0000,1.1011,0.13452,0.00475
12,tour,2,3,10,1.20,true,0.31188,0.00518,0.11009,1.79822,0.00607,1.1736,0.0000,1.1983,0.16697,0.00495
12,tour,2,3,15,0.00,true,0.12900,0.00375,0.00104,1.87204,0.00375,0.1677,0.5649,0.2922,0.08606,0.00512
12,tour,2,3,15,0.10,true,0.16887,0.00419,0.00137,1.83250,0.00420,0.2696,0.4273,0.3075,0.04652,0.00429
12,tour,2,3,15,0.20,true,0.19800,0.00446,0.00245,1.80445,0.00447,0.3299,0.3102,0.3459,0.01847,0.00348
12,tour,2,3,15,0.30,true,0.21775,0.00461,0.00464,1.78689,0.00464,0.3925,0.2100,0.4034,0.00091,0.00243
12,tour,2,3,15,0.40,true,0.22237,0.00465,0.00835,1.78598,0.00471,0.4575,0.1371,0.4695,0.00000,0.00000
12,tour,2,3,15,0.50,true,0.22425,0.00466,0.01402,1.78977,0.00476,0.5295,0.0869,0.5449,0.00379,0.00220
12,tour,2,3,15,0.60,true,0.22550,0.00467,0.02271,1.79721,0.00483,0.6128,0.0504,0.6342,0.01123,0.00301
12,tour,2,3,15,0.70,true,0.22337,0.00466,0.03408,1.81070,0.00489,0.6976,0.0293,0.7229,0.02472,0.00351
12,tour,2,3,15,0.80,true,0.22075,0.00464,0.04869,1.82794,0.00498,0.7892,0.0172,0.8169,0.04196,0.00391
12,tour,2,3,15,0.90,true,0.21538,0.00460,0.06641,1.85104,0.00505,0.8822,0.0094,0.9121,0.06506,0.00423
12,tour,2,3,15,1.00,true,0.21100,0.00456,0.08640,1.87540,0.00515,0.9771,0.0060,1.0076,0.08942,0.00450
12,tour,2,3,15,1.10,true,0.20525,0.00452,0.10934,1.90409,0.00524,1.0739,0.0024,1.1066,0.11811,0.00477
12,tour,2,3,15,1.20,true,0.19825,0.00446,0.13404,1.93580,0.00532,1.1708,0.0011,1.2043,0.14982,0.00501
12,tour,2,3,20,0.00,true,0.09550,0.00329,0.00513,1.90963,0.00331,0.2291,0.5517,0.3926,0.03909,0.00463
12,tour,2,3,20,0.10,true,0.11750,0.00360,0.00605,1.88855,0.00363,0.3413,0.4482,0.4058,0.01800,0.00398
12,tour,2,3,20,0.20,true,0.12975,0.00376,0.00832,1.87857,0.00380,0.4027,0.3569,0.4358,0.00802,0.00320
12,tour,2,3,20,0.30,true,0.14000,0.00388,0.01228,1.87228,0.00395,0.4638,0.2798,0.4803,0.00173,0.00234
12,tour,2,3,20,0.40,true,0.14825,0.00397,0.01880,1.87055,0.00409,0.5315,0.2081,0.5422,0.00000,0.00000
12,tour,2,3,20,0.50,true,0.15138,0.00401,0.02641,1.87504,0.00417,0.5886,0.1497,0.6043,0.00449,0.00194
12,tour,2,3,20,0.60,true,0.15275,0.00402,0.03735,1.88460,0.00426,0.6613,0.1042,0.6814,0.01405,0.00279
12,tour,2,3,20,0.70,true,0.15350,0.00403,0.05059,1.89709,0.00436,0.7389,0.0716,0.7636,0.02654,0.00335
12,tour,2,3,20,0.80,true,0.15338,0.00403,0.06626,1.91288,0.00445,0.8194,0.0484,0.8489,0.04234,0.00376
12,tour,2,3,20,0.90,true,0.15075,0.00400,0.08450,1.93375,0.00453,0.9063,0.0340,0.9381,0.06321,0.00406
12,tour,2,3,20,1.00,true,0.14700,0.00396,0.10520,1.95820,0.00461,0.9936,0.0204,1.0311,0.08766,0.00439
12,tour,2,3,20,1.10,true,0.14450,0.00393,0.12754,1.98304,0.00470,1.0847,0.0126,1.1254,0.11250,0.00463
12,tour,2,3,20,1.20,true,0.13962,0.00388,0.15192,2.01230,0.00477,1.1783,0.0083,1.2202,0.14176,0.00482
12,tour,2,6,10,0.00,true,0.24763,0.00483,0.00008,1.75246,0.00483,0.1603,0.6107,0.2023,0.11662,0.00449
12,tour,2,6,10,0.10,true,0.31100,0.00518,0.00006,1.68906,0.00518,0.2081,0.4066,0.2199,0.05321,0.00361
12,tour,2,6,10,0.20,true,0.34887,0.00533,0.00012,1.65125,0.00533,0.2711,0.2350,0.2713,0.01540,0.00243
12,tour,2,6,10,0.30,true,0.36450,0.00538,0.00034,1.63584,0.00538,0.3446,0.1164,0.3466,0.00000,0.00000
12,tour,2,6,10,0.40,true,0.36375,0.00538,0.00093,1.63718,0.00539,0.4306,0.0538,0.4363,0.00134,0.00202
12,tour,2,6,10,0.50,true,0.35625,0.00535,0.00217,1.64592,0.00537,0.5215,0.0239,0.5303,0.01008,0.00259
12,tour,2,6,10,0.60,true,0.34413,0.00531,0.00459,1.66047,0.00535,0.6180,0.0091,0.6291,0.02463,0.00295
12,tour,2,6,10,0.70,true,0.32913,0.00525,0.00856,1.67943,0.00532,0.7135,0.0034,0.7252,0.04359,0.00325
12,tour,2,6,10,0.80,true,0.31388,0.00519,0.01474,1.70087,0.00531,0.8131,0.0018,0.8240,0.06503,0.00349
12,tour,2,6,10,0.90,true,0.30025,0.00512,0.02342,1.72317,0.00531,0.9127,0.0007,0.9231,0.08733,0.00369
12,tour,2,6,10,1.00,true,0.28537,0.00505,0.03446,1.74909,0.00531,1.0104,0.0003,1.0203,0.11325,0.00391
12,tour,2,6,10,1.10,true,0.27237,0.00498,0.04800,1.77563,0.00533,1.1096,0.0002,1.1190,0.13979,0.00408
12,tour,2,6,10,1.20,true,0.25588,0.00488,0.06540,1.80954,0.00534,1.2168,0.0000,1.2258,0.17369,0.00431
12,tour,2,6,15,0.00,true,0.15075,0.00400,0.00081,1.85006,0.00400,0.2386,0.5668,0.2929,0.06594,0.00380
12,tour,2,6,15,0.10,true,0.18150,0.00431,0.00067,1.81917,0.00431,0.2832,0.4265,0.3087,0.03505,0.00323
12,tour,2,6,15,0.20,true,0.20037,0.00448,0.00098,1.80060,0.00448,0.3395,0.3061,0.3462,0.01648,0.00263
12,tour,2,6,15,0.30,true,0.21288,0.00458,0.00183,1.78896,0.00459,0.4041,0.2063,0.4038,0.00483,0.00187
12,tour,2,6,15,0.40,true,0.21937,0.00463,0.00350,1.78412,0.00465,0.4742,0.1260,0.4772,0.00000,0.00000
12,tour,2,6,15,0.50,true,0.21763,0.00461,0.00630,1.78867,0.00465,0.5524,0.0740,0.5599,0.00455,0.00169
12,tour,2,6,15,0.60,true,0.21300,0.00458,0.01051,1.79751,0.00465,0.6358,0.0418,0.6475,0.01339,0.00210
12,tour,2,6,15,0.70,true,0.20725,0.00453,0.01656,1.80931,0.00464,0.7282,0.0255,0.7410,0.02519,0.00241
12,tour,2,6,15,0.80,true,0.20125,0.00448,0.02490,1.82365,0.00464,0.8240,0.0139,0.8390,0.03952,0.00265
12,tour,2,6,15,0.90,true,0.19237,0.00441,0.03548,1.84311,0.00463,0.9193,0.0062,0.9368,0.05899,0.00292
12,tour,2,6,15,1.00,true,0.18300,0.00432,0.04837,1.86538,0.00462,1.0167,0.0028,1.0347,0.08125,0.00311
12,tour,2,6,15,1.10,true,0.17500,0.00425,0.06354,1.88854,0.00463,1.1164,0.0009,1.1344,0.10442,0.00329
12,tour,2,6,15,1.20,true,0.16762,0.00418,0.08097,1.91336,0.00465,1.2184,0.0005,1.2356,0.12923,0.00344
12,tour,2,6,20,0.00,true,0.09900,0.00334,0.00394,1.90494,0.00336,0.3143,0.5402,0.3921,0.02786,0.00304
12,tour,2,6,20,0.10,true,0.11163,0.00352,0.00356,1.89194,0.00354,0.3597,0.4384,0.4059,0.01486,0.00262
12,tour,2,6,20,0.20,true,0.12100,0.00365,0.00419,1.88319,0.00367,0.4134,0.3458,0.4367,0.00611,0.00208
12,tour,2,6,20,0.30,true,0.12750,0.00373,0.00583,1.87833,0.00376,0.4744,0.2683,0.4828,0.00126,0.00148
12,tour,2,6,20,0.40,true,0.13162,0.00378,0.00870,1.87708,0.00383,0.5358,0.1938,0.5425,0.00000,0.00000
12,tour,2,6,20,0.50,true,0.13300,0.00380,0.01302,1.88002,0.00387,0.6033,0.1339,0.6129,0.00295,0.00143
12,tour,2,6,20,0.60,true,0.13200,0.00378,0.01904,1.88704,0.00389,0.6808,0.0930,0.6922,0.00996,0.00192
12,tour,2,6,20,0.70,true,0.13062,0.00377,0.02677,1.89615,0.00392,0.7587,0.0598,0.7763,0.01908,0.00218
12,tour,2,6,20,0.80,true,0.12662,0.00372,0.03655,1.90993,0.00392,0.8433,0.0369,0.8658,0.03285,0.00244
12,tour,2,6,20,0.90,true,0.11900,0.00362,0.04871,1.92971,0.00389,0.9354,0.0241,0.9592,0.05264,0.00268
12,tour,2,6,20,1.00,true,0.11550,0.00357,0.06264,1.94715,0.00391,1.0288,0.0150,1.0544,0.07007,0.00284
12,tour,2,6,20,1.10,true,0.10837,0.00348,0.07908,1.97072,0.00390,1.1270,0.0100,1.1526,0.09364,0.00303
12,tour,2,6,20,1.20,true,0.10113,0.00337,0.09717,1.99607,0.00387,1.2247,0.0067,1.2502,0.11899,0.00322
12,scratch,2,12,10,0.00,true,0.28987,0.00507,0.00010,1.71022,0.00507,0.1698,0.6443,0.2067,0.12630,0.00483
12,scratch,2,12,10,0.10,true,0.36025,0.00537,0.00032,1.64007,0.00537,0.2229,0.4625,0.2210,0.05615,0.00388
12,scratch,2,12,10,0.20,true,0.40200,0.00548,0.00103,1.59903,0.00549,0.2842,0.2887,0.2682,0.01511,0.00260
12,scratch,2,12,10,0.30,true,0.41875,0.00552,0.00267,1.58392,0.00554,0.3520,0.1555,0.3395,0.00000,0.00000
12,scratch,2,12,10,0.40,true,0.42100,0.00552,0.00609,1.58509,0.00558,0.4321,0.0736,0.4275,0.00117,0.00211
12,scratch,2,12,10,0.50,true,0.41200,0.00550,0.01213,1.60013,0.00562,0.5215,0.0330,0.5230,0.01622,0.00276
12,scratch,2,12,10,0.60,true,0.40225,0.00548,0.02163,1.61938,0.00570,0.6174,0.0125,0.6237,0.03547,0.00315
12,scratch,2,12,10,0.70,true,0.38900,0.00545,0.03399,1.64499,0.00578,0.7101,0.0041,0.7187,0.06107,0.00344
12,scratch,2,12,10,0.80,true,0.37788,0.00542,0.05049,1.67261,0.00590,0.8099,0.0014,0.8187,0.08869,0.00367
12,scratch,2,12,10,0.90,true,0.36562,0.00538,0.06963,1.70401,0.00602,0.9083,0.0010,0.9164,0.12009,0.00392
12,scratch,2,12,10,1.00,true,0.35437,0.00535,0.09015,1.73578,0.00615,1.0016,0.0006,1.0093,0.15186,0.00416
12,scratch,2,12,10,1.10,true,0.34150,0.00530,0.11422,1.77272,0.00629,1.1007,0.0000,1.1085,0.18881,0.00441
12,scratch,2,12,10,1.20,true,0.32837,0.00525,0.14007,1.81170,0.00642,1.2006,0.0000,1.2080,0.22778,0.00466
12,scratch,2,12,15,0.00,true,0.16962,0.00420,0.00191,1.83229,0.00421,0.2651,0.5877,0.3074,0.06399,0.00400
12,scratch,2,12,15,0.10,true,0.19987,0.00447,0.00324,1.80336,0.00449,0.3109,0.4657,0.3197,0.03506,0.00349
12,scratch,2,12,15,0.20,true,0.22400,0.00466,0.00591,1.78191,0.00470,0.3632,0.3462,0.3541,0.01361,0.00278
12,scratch,2,12,15,0.30,true,0.23963,0.00477,0.01034,1.77071,0.00485,0.4234,0.2426,0.4082,0.00241,0.00191
12,scratch,2,12,15,0.40,true,0.24875,0.00483,0.01705,1.76830,0.00496,0.4924,0.1636,0.4775,0.00000,0.00000
12,scratch,2,12,15,0.50,true,0.25212,0.00485,0.02660,1.77447,0.00506,0.5676,0.1038,0.5584,0.00617,0.00166
12,scratch,2,12,15,0.60,true,0.25212,0.00485,0.03912,1.78700,0.00516,0.6508,0.0650,0.6470,0.01870,0.00222
12,scratch,2,12,15,0.70,true,0.24738,0.00482,0.05486,1.80749,0.00525,0.7358,0.0369,0.7393,0.03919,0.00261
12,scratch,2,12,15,0.80,true,0.24013,0.00478,0.07388,1.83375,0.00533,0.8279,0.0212,0.8357,0.06546,0.00295
12,scratch,2,12,15,0.90,true,0.23250,0.00472,0.09398,1.86148,0.00541,0.9158,0.0132,0.9255,0.09318,0.00317
12,scratch,2,12,15,1.00,true,0.22275,0.00465,0.11886,1.89612,0.00550,1.0157,0.0080,1.0266,0.12782,0.00343
12,scratch,2,12,15,1.10,true,0.21475,0.00459,0.14327,1.92853,0.00558,1.1069,0.0040,1.1197,0.16023,0.00364
12,scratch,2,12,15,1.20,true,0.20713,0.00453,0.17049,1.96338,0.00567,1.2046,0.0017,1.2184,0.19508,0.00383
12,scratch,2,12,20,0.00,true,0.11275,0.00354,0.00729,1.89454,0.00358,0.3512,0.5445,0.4090,0.02221,0.00242
12,scratch,2,12,20,0.10,true,0.12687,0.00372,0.01020,1.88332,0.00378,0.3983,0.4560,0.4226,0.01100,0.00183
12,scratch,2,12,20,0.20,true,0.14275,0.00391,0.01508,1.87233,0.00401,0.4510,0.3677,0.4542,0.00000,0.00000
12,scratch,2,12,20,0.30,true,0.14938,0.00399,0.02230,1.87292,0.00413,0.5062,0.2867,0.4985,0.00060,0.00156
12,scratch,2,12,20,0.40,true,0.15425,0.00404,0.03198,1.87773,0.00425,0.5677,0.2165,0.5567,0.00540,0.00220
12,scratch,2,12,20,0.50,true,0.15712,0.00407,0.04436,1.88723,0.00437,0.6346,0.1575,0.6259,0.01491,0.00263
12,scratch,2,12,20,0.60,true,0.15737,0.00407,0.05926,1.90188,0.00447,0.7056,0.1101,0.7029,0.02956,0.00296
12,scratch,2,12,20,0.70,true,0.15600,0.00406,0.07704,1.92104,0.00457,0.7855,0.0775,0.7868,0.04872,0.00321
12,scratch,2,12,20,0.80,true,0.15375,0.00403,0.09764,1.94390,0.00468,0.8729,0.0555,0.8768,0.07157,0.00344
12,scratch,2,12,20,0.90,true,0.15075,0.00400,0.11964,1.96889,0.00477,0.9564,0.0364,0.9668,0.09657,0.00365
12,scratch,2,12,20,1.00,true,0.14675,0.00396,0.14286,1.99612,0.00485,1.0425,0.0255,1.0557,0.12379,0.00381
12,scratch,2,12,20,1.10,true,0.14213,0.00390,0.16905,2.02694,0.00493,1.1351,0.0166,1.1516,0.15461,0.00399
12,scratch,2,12,20,1.20,true,0.13750,0.00385,0.19616,2.05868,0.00501,1.2299,0.0117,1.2476,0.18635,0.00413
12,scratch,2,3,10,0.00,true,0.20275,0.00450,0.00018,1.79743,0.00450,0.1275,0.5966,0.2192,0.11923,0.00571
12,scratch,2,3,10,0.10,true,0.26937,0.00496,0.00034,1.73096,0.00496,0.2175,0.4226,0.2354,0.05277,0.00467
12,scratch,2,3,10,0.20,true,0.30638,0.00515,0.00087,1.69449,0.00516,0.2683,0.2734,0.2758,0.01630,0.00379
12,scratch,2,3,10,0.30,true,0.32262,0.00523,0.00254,1.67991,0.00525,0.3377,0.1434,0.3468,0.00171,0.00257
12,scratch,2,3,10,0.40,true,0.32762,0.00525,0.00582,1.67820,0.00530,0.4160,0.0723,0.4295,0.00000,0.00000
12,scratch,2,3,10,0.50,true,0.32900,0.00525,0.01166,1.68266,0.00535,0.5014,0.0332,0.5208,0.00446,0.00235
12,scratch,2,3,10,0.60,true,0.32375,0.00523,0.02046,1.69671,0.00540,0.5928,0.0148,0.6152,0.01851,0.00305
12,scratch,2,3,10,0.70,true,0.31450,0.00519,0.03263,1.71813,0.00546,0.6861,0.0064,0.7096,0.03993,0.00353
12,scratch,2,3,10,0.80,true,0.30688,0.00516,0.04887,1.74200,0.00556,0.7834,0.0025,0.8083,0.06380,0.00394
12,scratch,2,3,10,0.90,true,0.29825,0.00511,0.06905,1.77081,0.00567,0.8819,0.0004,0.9079,0.09261,0.00430
12,scratch,2,3,10,1.00,true,0.28875,0.00507,0.09205,1.80330,0.00579,0.9791,0.0004,1.0050,0.12510,0.00460
12,scratch,2,3,10,1.10,true,0.28063,0.00502,0.11693,1.83631,0.00592,1.0743,0.0000,1.1009,0.15811,0.00483
12,scratch,2,3,10,1.20,true,0.27187,0.00497,0.14441,1.87254,0.00605,1.1735,0.0000,1.2007,0.19435,0.00511
12,scratch,2,3,15,0.00,true,0.11200,0.00353,0.00252,1.89052,0.00354,0.1879,0.5587,0.3193,0.06585,0.00496
12,scratch,2,3,15,0.10,true,0.14363,0.00392,0.00320,1.85957,0.00394,0.2867,0.4319,0.3338,0.03490,0.00418
12,scratch,2,3,15,0.20,true,0.16737,0.00417,0.00514,1.83776,0.00420,0.3465,0.3220,0.3701,0.01310,0.00342
12,scratch,2,3,15,0.30,true,0.18125,0.00431,0.00888,1.82763,0.00436,0.4091,0.2293,0.4239,0.00296,0.00233
12,scratch,2,3,15,0.40,true,0.19012,0.00439,0.01479,1.82467,0.00448,0.4733,0.1565,0.4884,0.00000,0.00000
12,scratch,2,3,15,0.50,true,0.18800,0.00437,0.02336,1.83536,0.00452,0.5435,0.1067,0.5597,0.01069,0.00212
12,scratch,2,3,15,0.60,true,0.19112,0.00440,0.03598,1.84486,0.00464,0.6247,0.0644,0.6480,0.02019,0.00298
12,scratch,2,3,15,0.70,true,0.19025,0.00439,0.05141,1.86116,0.00474,0.7071,0.0392,0.7354,0.03649,0.00345
12,scratch,2,3,15,0.80,true,0.18363,0.00433,0.07061,1.88699,0.00480,0.7957,0.0240,0.8268,0.06232,0.00386
12,scratch,2,3,15,0.90,true,0.17838,0.00428,0.09277,1.91439,0.00489,0.8878,0.0149,0.9210,0.08972,0.00422
12,scratch,2,3,15,1.00,true,0.17250,0.00422,0.11763,1.94514,0.00497,0.9812,0.0083,1.0170,0.12047,0.00453
12,scratch,2,3,15,1.10,true,0.16850,0.00418,0.14472,1.97623,0.00508,1.0787,0.0051,1.1156,0.15156,0.00481
12,scratch,2,3,15,1.20,true,0.16175,0.00412,0.17286,2.01112,0.00515,1.1725,0.0024,1.2112,0.18645,0.00503
12,scratch,2,3,20,0.00,true,0.08100,0.00305,0.01093,1.92993,0.00311,0.2640,0.5458,0.4366,0.01944,0.00403
12,scratch,2,3,20,0.10,true,0.09425,0.00327,0.01252,1.91827,0.00333,0.3711,0.4539,0.4487,0.00779,0.00317
12,scratch,2,3,20,0.20,true,0.10537,0.00343,0.01633,1.91096,0.00353,0.4288,0.3659,0.4778,0.00048,0.00225
12,scratch,2,3,20,0.30,true,0.11225,0.00353,0.02273,1.91048,0.00367,0.4907,0.2946,0.5203,0.00000,0.00000
12,scratch,2,3,20,0.40,true,0.11850,0.00361,0.03206,1.91356,0.00381,0.5582,0.2294,0.5776,0.00308,0.00219
12,scratch,2,3,20,0.50,true,0.12112,0.00365,0.04263,1.92151,0.00392,0.6124,0.1705,0.6366,0.01103,0.00283
12,scratch,2,3,20,0.60,true,0.12350,0.00368,0.05689,1.93339,0.00404,0.6810,0.1229,0.7095,0.02291,0.00340
12,scratch,2,3,20,0.70,true,0.12550,0.00370,0.07397,1.94848,0.00417,0.7565,0.0882,0.7891,0.03800,0.00383
12,scratch,2,3,20,0.80,true,0.12162,0.00365,0.09328,1.97166,0.00424,0.8322,0.0632,0.8686,0.06118,0.00410
12,scratch,2,3,20,0.90,true,0.12237,0.00366,0.11512,1.99276,0.00437,0.9163,0.0440,0.9571,0.08227,0.00437
12,scratch,2,3,20,1.00,true,0.12100,0.00365,0.13923,2.01824,0.00448,1.0057,0.0317,1.0489,0.10776,0.00462
12,scratch,2,3,20,1.10,true,0.11638,0.00359,0.16501,2.04866,0.00454,1.0921,0.0202,1.1405,0.13818,0.00480
12,scratch,2,3,20,1.20,true,0.11288,0.00354,0.19247,2.07963,0.00462,1.1834,0.0127,1.2354,0.16915,0.00493
12,scratch,2,6,10,0.00,true,0.21900,0.00462,0.00025,1.78125,0.00463,0.1706,0.5960,0.2182,0.09339,0.00430
12,scratch,2,6,10,0.10,true,0.26550,0.00494,0.00017,1.73467,0.00494,0.2193,0.4083,0.2356,0.04681,0.00343
12,scratch,2,6,10,0.20,true,0.29850,0.00512,0.00033,1.70183,0.00512,0.2810,0.2466,0.2850,0.01397,0.00225
12,scratch,2,6,10,0.30,true,0.31300,0.00518,0.00086,1.68786,0.00519,0.3516,0.1295,0.3568,0.00000,0.00000
12,scratch,2,6,10,0.40,true,0.31338,0.00519,0.00214,1.68877,0.00520,0.4348,0.0648,0.4427,0.00091,0.00204
12,scratch,2,6,10,0.50,true,0.30575,0.00515,0.00465,1.69890,0.00519,0.5249,0.0346,0.5340,0.01104,0.00259
12,scratch,2,6,10,0.60,true,0.29637,0.00511,0.00908,1.71270,0.00518,0.6174,0.0135,0.6308,0.02484,0.00296
12,scratch,2,6,10,0.70,true,0.28413,0.00504,0.01577,1.73165,0.00516,0.7122,0.0058,0.7266,0.04379,0.00320
12,scratch,2,6,10,0.80,true,0.27163,0.00497,0.02538,1.75376,0.00516,0.8111,0.0027,0.8251,0.06590,0.00343
12,scratch,2,6,10,0.90,true,0.25875,0.00490,0.03810,1.77936,0.00517,0.9119,0.0015,0.9251,0.09150,0.00364
12,scratch,2,6,10,1.00,true,0.24513,0.00481,0.05336,1.80824,0.00518,1.0092,0.0008,1.0220,0.12038,0.00385
12,scratch,2,6,10,1.10,true,0.23325,0.00473,0.07155,1.83831,0.00521,1.1089,0.0003,1.1213,0.15045,0.00404
12,scratch,2,6,10,1.20,true,0.21750,0.00461,0.09396,1.87648,0.00522,1.2150,0.0002,1.2269,0.18862,0.00426
12,scratch,2,6,15,0.00,true,0.12587,0.00371,0.00214,1.87626,0.00372,0.2555,0.5561,0.3215,0.04827,0.00345
12,scratch,2,6,15,0.10,true,0.14738,0.00396,0.00192,1.85454,0.00397,0.2999,0.4263,0.3373,0.02655,0.00290
12,scratch,2,6,15,0.20,true,0.16412,0.00414,0.00260,1.83847,0.00416,0.3557,0.3127,0.3744,0.01048,0.00232
12,scratch,2,6,15,0.30,true,0.17375,0.00424,0.00440,1.83065,0.00426,0.4182,0.2183,0.4287,0.00265,0.00160
12,scratch,2,6,15,0.40,true,0.17950,0.00429,0.00750,1.82800,0.00434,0.4863,0.1435,0.4969,0.00000,0.00000
12,scratch,2,6,15,0.50,true,0.18163,0.00431,0.01233,1.83071,0.00439,0.5637,0.0918,0.5765,0.00271,0.00151
12,scratch,2,6,15,0.60,true,0.17863,0.00428,0.01930,1.84068,0.00440,0.6447,0.0530,0.6634,0.01268,0.00205
12,scratch,2,6,15,0.70,true,0.17375,0.00424,0.02870,1.85495,0.00441,0.7345,0.0333,0.7545,0.02695,0.00234
12,scratch,2,6,15,0.80,true,0.16862,0.00419,0.04098,1.87236,0.00444,0.8304,0.0209,0.8513,0.04437,0.00258
12,scratch,2,6,15,0.90,true,0.16150,0.00411,0.05527,1.89378,0.00445,0.9213,0.0112,0.9450,0.06578,0.00279
12,scratch,2,6,15,1.00,true,0.15425,0.00404,0.07236,1.91813,0.00447,1.0168,0.0052,1.0423,0.09013,0.00299
12,scratch,2,6,15,1.10,true,0.14538,0.00394,0.09199,1.94665,0.00447,1.1153,0.0025,1.1408,0.11865,0.00319
12,scratch,2,6,15,1.20,true,0.13475,0.00382,0.11454,1.97984,0.00445,1.2169,0.0009,1.2422,0.15184,0.00345
12,scratch,2,6,20,0.00,true,0.07462,0.00294,0.00914,1.93452,0.00298,0.3381,0.5315,0.4378,0.02019,0.00245
12,scratch,2,6,20,0.10,true,0.08563,0.00313,0.00874,1.92311,0.00317,0.3851,0.4407,0.4528,0.00879,0.00200
12,scratch,2,6,20,0.20,true,0.09375,0.00326,0.01000,1.91625,0.00331,0.4347,0.3494,0.4833,0.00192,0.00141
12,scratch,2,6,20,0.30,true,0.09863,0.00333,0.01295,1.91433,0.00340,0.4949,0.2772,0.5272,0.00000,0.00000
12,scratch,2,6,20,0.40,true,0.09938,0.00334,0.01781,1.91844,0.00344,0.5571,0.2114,0.5826,0.00411,0.00132
12,scratch,2,6,20,0.50,true,0.10050,0.00336,0.02465,1.92415,0.00350,0.6195,0.1502,0.6484,0.00983,0.00179
12,scratch,2,6,20,0.60,true,0.10187,0.00338,0.03371,1.93185,0.00357,0.6950,0.1094,0.7237,0.01752,0.00208
12,scratch,2,6,20,0.70,true,0.10100,0.00337,0.04503,1.94404,0.00362,0.7727,0.0749,0.8058,0.02972,0.00239
12,scratch,2,6,20,0.80,true,0.09813,0.00333,0.05858,1.96047,0.00365,0.8545,0.0503,0.8915,0.04615,0.00260
12,scratch,2,6,20,0.90,true,0.09375,0.00326,0.07481,1.98108,0.00367,0.9425,0.0324,0.9829,0.06675,0.00281
12,scratch,2,6,20,1.00,true,0.08850,0.00318,0.09327,2.00480,0.00367,1.0348,0.0217,1.0764,0.09048,0.00300
12,scratch,2,6,20,1.10,true,0.08238,0.00307,0.11392,2.03159,0.00366,1.1302,0.0144,1.1722,0.11727,0.00318
12,scratch,2,6,20,1.20,true,0.07750,0.00299,0.13596,2.05853,0.00367,1.2265,0.0099,1.2683,0.14421,0.00332
12,mid,2,12,10,0.00,true,0.22687,0.00468,0.00053,1.77366,0.00469,0.1860,0.6087,0.2295,0.09031,0.00431
12,mid,2,12,10,0.10,true,0.27725,0.00500,0.00133,1.72408,0.00501,0.2369,0.4445,0.2447,0.04073,0.00350
12,mid,2,12,10,0.20,true,0.31000,0.00517,0.00357,1.69357,0.00520,0.2963,0.2909,0.2891,0.01022,0.00237
12,mid,2,12,10,0.30,true,0.32462,0.00524,0.00797,1.68335,0.00530,0.3623,0.1723,0.3549,0.00000,0.00000
12,mid,2,12,10,0.40,true,0.32500,0.00524,0.01597,1.69098,0.00538,0.4374,0.0889,0.4371,0.00763,0.00204
12,mid,2,12,10,0.50,true,0.31588,0.00520,0.02878,1.71290,0.00544,0.5266,0.0477,0.5296,0.02956,0.00273
12,mid,2,12,10,0.60,true,0.30688,0.00516,0.04640,1.73953,0.00555,0.6191,0.0220,0.6274,0.05618,0.00315
12,mid,2,12,10,0.70,true,0.29762,0.00511,0.06762,1.77001,0.00567,0.7117,0.0091,0.7235,0.08666,0.00348
12,mid,2,12,10,0.80,true,0.28550,0.00505,0.09378,1.80829,0.00580,0.8102,0.0031,0.8236,0.12494,0.00380
12,mid,2,12,10,0.90,true,0.27613,0.00500,0.12154,1.84543,0.00594,0.9065,0.0012,0.9199,0.16209,0.00401
12,mid,2,12,10,1.00,true,0.26475,0.00493,0.15050,1.88578,0.00606,1.0000,0.0009,1.0126,0.20244,0.00424
12,mid,2,12,10,1.10,true,0.25475,0.00487,0.18234,1.92763,0.00619,1.0997,0.0008,1.1115,0.24428,0.00446
12,mid,2,12,10,1.20,true,0.24675,0.00482,0.21448,1.96779,0.00632,1.1988,0.0000,1.2110,0.28445,0.00467
12,mid,2,12,15,0.00,true,0.12500,0.00370,0.00673,1.88173,0.00374,0.2900,0.5663,0.3509,0.02660,0.00320
12,mid,2,12,15,0.10,true,0.14300,0.00391,0.00990,1.86690,0.00398,0.3348,0.4571,0.3636,0.01177,0.00266
12,mid,2,12,15,0.20,true,0.16000,0.00410,0.01573,1.85573,0.00420,0.3866,0.3506,0.3967,0.00060,0.00184
12,mid,2,12,15,0.30,true,0.16950,0.00419,0.02463,1.85513,0.00436,0.4435,0.2556,0.4464,0.00000,0.00000
12,mid,2,12,15,0.40,true,0.17288,0.00423,0.03714,1.86427,0.00449,0.5091,0.1807,0.5101,0.00914,0.00173
12,mid,2,12,15,0.50,true,0.17563,0.00425,0.05347,1.87785,0.00463,0.5811,0.1227,0.5852,0.02272,0.00229
12,mid,2,12,15,0.60,true,0.17363,0.00423,0.07360,1.89998,0.00475,0.6596,0.0811,0.6681,0.04485,0.00269
12,mid,2,12,15,0.70,true,0.16937,0.00419,0.09726,1.92790,0.00486,0.7423,0.0518,0.7559,0.07277,0.00302
12,mid,2,12,15,0.80,true,0.16537,0.00415,0.12377,1.95842,0.00498,0.8298,0.0323,0.8476,0.10329,0.00324
12,mid,2,12,15,0.90,true,0.16025,0.00410,0.15119,1.99098,0.00507,0.9153,0.0204,0.9364,0.13585,0.00347
12,mid,2,12,15,1.00,true,0.15500,0.00405,0.18357,2.02863,0.00519,1.0143,0.0126,1.0372,0.17350,0.00368
12,mid,2,12,15,1.10,true,0.14975,0.00399,0.21448,2.06481,0.00527,1.1063,0.0081,1.1302,0.20967,0.00388
12,mid,2,12,15,1.20,true,0.14438,0.00393,0.24713,2.10287,0.00535,1.2022,0.0050,1.2269,0.24774,0.00403
12,mid,2,12,20,0.00,true,0.07587,0.00296,0.02266,1.94679,0.00309,0.3813,0.5306,0.4770,0.00317,0.00208
12,mid,2,12,20,0.10,true,0.08425,0.00311,0.02835,1.94410,0.00327,0.4274,0.4480,0.4925,0.00049,0.00148
12,mid,2,12,20,0.20,true,0.09362,0.00326,0.03723,1.94361,0.00349,0.4787,0.3684,0.5228,0.00000,0.00000
12,mid,2,12,20,0.30,true,0.09725,0.00331,0.04958,1.95234,0.00363,0.5352,0.2970,0.5651,0.00872,0.00129
12,mid,2,12,20,0.40,true,0.09875,0.00334,0.06487,1.96613,0.00375,0.5930,0.2330,0.6173,0.02252,0.00181
12,mid,2,12,20,0.50,true,0.09963,0.00335,0.08376,1.98416,0.00389,0.6591,0.1792,0.6811,0.04054,0.00222
12,mid,2,12,20,0.60,true,0.10175,0.00338,0.10537,2.00364,0.00405,0.7263,0.1311,0.7532,0.06003,0.00253
12,mid,2,12,20,0.70,true,0.10187,0.00338,0.13000,2.02816,0.00420,0.8025,0.0953,0.8330,0.08454,0.00283
12,mid,2,12,20,0.80,true,0.10075,0.00337,0.15740,2.05671,0.00432,0.8864,0.0701,0.9189,0.11309,0.00311
12,mid,2,12,20,0.90,true,0.09838,0.00333,0.18529,2.08699,0.00442,0.9698,0.0534,1.0031,0.14337,0.00329
12,mid,2,12,20,1.00,true,0.09663,0.00330,0.21404,2.11752,0.00452,1.0521,0.0382,1.0897,0.17390,0.00350
12,mid,2,12,20,1.10,true,0.09375,0.00326,0.24516,2.15154,0.00460,1.1399,0.0258,1.1818,0.20793,0.00366
12,mid,2,12,20,1.20,true,0.08987,0.00320,0.27691,2.18721,0.00465,1.2318,0.0188,1.2748,0.24359,0.00380
12,mid,2,3,10,0.00,true,0.17363,0.00423,0.00089,1.82726,0.00424,0.1473,0.5923,0.2447,0.07503,0.00523
12,mid,2,3,10,0.10,true,0.21675,0.00461,0.00149,1.78474,0.00462,0.2324,0.4250,0.2601,0.03251,0.00398
12,mid,2,3,10,0.20,true,0.24213,0.00479,0.00334,1.76122,0.00481,0.2856,0.2880,0.2995,0.00899,0.00281
12,mid,2,3,10,0.30,true,0.25588,0.00488,0.00811,1.75223,0.00494,0.3550,0.1663,0.3674,0.00000,0.00000
12,mid,2,3,10,0.40,true,0.26312,0.00492,0.01596,1.75283,0.00505,0.4292,0.0887,0.4470,0.00060,0.00255
12,mid,2,3,10,0.50,true,0.26038,0.00491,0.02769,1.76732,0.00512,0.5108,0.0477,0.5330,0.01509,0.00335
12,mid,2,3,10,0.60,true,0.25825,0.00489,0.04374,1.78550,0.00523,0.5980,0.0229,0.6249,0.03327,0.00385
12,mid,2,3,10,0.70,true,0.25000,0.00484,0.06382,1.81384,0.00532,0.6888,0.0118,0.7172,0.06160,0.00420
12,mid,2,3,10,0.80,true,0.24125,0.00478,0.08919,1.84797,0.00544,0.7852,0.0053,0.8157,0.09573,0.00453
12,mid,2,3,10,0.90,true,0.23438,0.00474,0.11684,1.88250,0.00558,0.8807,0.0023,0.9123,0.13027,0.00485
12,mid,2,3,10,1.00,true,0.22475,0.00467,0.14761,1.92291,0.00569,0.9766,0.0006,1.0092,0.17068,0.00511
12,mid,2,3,10,1.10,true,0.21513,0.00459,0.17988,1.96483,0.00579,1.0729,0.0003,1.1059,0.21260,0.00534
12,mid,2,3,10,1.20,true,0.20525,0.00452,0.21326,2.00812,0.00588,1.1697,0.0002,1.2032,0.25589,0.00555
12,mid,2,3,15,0.00,true,0.09125,0.00322,0.00901,1.91776,0.00327,0.2308,0.5554,0.3697,0.02886,0.00438
12,mid,2,3,15,0.10,true,0.10825,0.00347,0.01108,1.90283,0.00353,0.3159,0.4352,0.3842,0.01394,0.00338
12,mid,2,3,15,0.20,true,0.12312,0.00367,0.01591,1.89279,0.00377,0.3729,0.3386,0.4165,0.00389,0.00244
12,mid,2,3,15,0.30,true,0.13562,0.00383,0.02452,1.88890,0.00398,0.4350,0.2525,0.4674,0.00000,0.00000
12,mid,2,3,15,0.40,true,0.13962,0.00388,0.03643,1.89681,0.00411,0.4983,0.1819,0.5283,0.00792,0.00225
12,mid,2,3,15,0.50,true,0.13637,0.00384,0.05183,1.91547,0.00417,0.5657,0.1279,0.5968,0.02657,0.00288
12,mid,2,3,15,0.60,true,0.13512,0.00382,0.07220,1.93709,0.00428,0.6435,0.0860,0.6786,0.04820,0.00351
12,mid,2,3,15,0.70,true,0.13437,0.00381,0.09539,1.96105,0.00441,0.7237,0.0568,0.7636,0.07215,0.00394
12,mid,2,3,15,0.80,true,0.13225,0.00379,0.12167,1.98947,0.00454,0.8073,0.0357,0.8523,0.10057,0.00425
12,mid,2,3,15,0.90,true,0.12950,0.00375,0.15014,2.02071,0.00465,0.8961,0.0238,0.9433,0.13181,0.00454
12,mid,2,3,15,1.00,true,0.12725,0.00373,0.18031,2.05315,0.00478,0.9870,0.0155,1.0367,0.16425,0.00477
12,mid,2,3,15,1.10,true,0.12500,0.00370,0.21192,2.08705,0.00489,1.0801,0.0097,1.1321,0.19815,0.00499
12,mid,2,3,15,1.20,true,0.11925,0.00362,0.24452,2.12544,0.00494,1.1738,0.0068,1.2266,0.23654,0.00517
12,mid,2,3,20,0.00,true,0.06050,0.00267,0.03347,1.97298,0.00286,0.3420,0.5396,0.5220,0.00374,0.00254
12,mid,2,3,20,0.10,true,0.06850,0.00282,0.03773,1.96924,0.00304,0.4271,0.4605,0.5356,0.00000,0.00000
12,mid,2,3,20,0.20,true,0.07400,0.00293,0.04505,1.97107,0.00320,0.4774,0.3828,0.5616,0.00183,0.00217
12,mid,2,3,20,0.30,true,0.07825,0.00300,0.05613,1.97790,0.00335,0.5351,0.3171,0.6007,0.00866,0.00296
12,mid,2,3,20,0.40,true,0.08413,0.00310,0.07063,1.98653,0.00355,0.5994,0.2593,0.6517,0.01729,0.00347
12,mid,2,3,20,0.50,true,0.08662,0.00314,0.08656,1.99997,0.00369,0.6520,0.2041,0.7065,0.03073,0.00378
12,mid,2,3,20,0.60,true,0.08775,0.00316,0.10663,2.01892,0.00383,0.7135,0.1528,0.7735,0.04969,0.00405
12,mid,2,3,20,0.70,true,0.08675,0.00315,0.12978,2.04309,0.00395,0.7874,0.1184,0.8476,0.07385,0.00428
12,mid,2,3,20,0.80,true,0.08875,0.00318,0.15421,2.06555,0.00411,0.8605,0.0875,0.9265,0.09632,0.00453
12,mid,2,3,20,0.90,true,0.08488,0.00312,0.18101,2.09625,0.00417,0.9373,0.0646,1.0074,0.12701,0.00463
12,mid,2,3,20,1.00,true,0.08413,0.00310,0.20917,2.12520,0.00429,1.0204,0.0476,1.0942,0.15596,0.00476
12,mid,2,3,20,1.10,true,0.08075,0.00305,0.23813,2.15758,0.00434,1.1049,0.0358,1.1812,0.18835,0.00485
12,mid,2,3,20,1.20,true,0.07838,0.00300,0.26840,2.19029,0.00441,1.1937,0.0259,1.2733,0.22105,0.00494
12,mid,2,6,10,0.00,true,0.16725,0.00417,0.00107,1.83382,0.00418,0.1862,0.5721,0.2458,0.06719,0.00405
12,mid,2,6,10,0.10,true,0.20375,0.00450,0.00092,1.79717,0.00451,0.2347,0.4057,0.2642,0.03054,0.00342
12,mid,2,6,10,0.20,true,0.22875,0.00470,0.00159,1.77284,0.00471,0.2942,0.2587,0.3104,0.00621,0.00262
12,mid,2,6,10,0.30,true,0.23675,0.00475,0.00348,1.76673,0.00478,0.3626,0.1517,0.3763,0.00010,0.00179
12,mid,2,6,10,0.40,true,0.24063,0.00478,0.00725,1.76663,0.00483,0.4415,0.0830,0.4572,0.00000,0.00000
12,mid,2,6,10,0.50,true,0.23538,0.00474,0.01361,1.77824,0.00484,0.5272,0.0448,0.5452,0.01161,0.00162
12,mid,2,6,10,0.60,true,0.22612,0.00468,0.02354,1.79742,0.00484,0.6194,0.0229,0.6395,0.03079,0.00217
12,mid,2,6,10,0.70,true,0.21800,0.00462,0.03668,1.81869,0.00486,0.7117,0.0113,0.7334,0.05206,0.00249
12,mid,2,6,10,0.80,true,0.20713,0.00453,0.05404,1.84694,0.00489,0.8091,0.0050,0.8316,0.08031,0.00281
12,mid,2,6,10,0.90,true,0.19812,0.00446,0.07491,1.87683,0.00494,0.9088,0.0027,0.9308,0.11020,0.00305
12,mid,2,6,10,1.00,true,0.18812,0.00437,0.09851,1.91046,0.00498,1.0072,0.0018,1.0283,0.14383,0.00330
12,mid,2,6,10,1.10,true,0.17675,0.00426,0.12518,1.94856,0.00502,1.1065,0.0008,1.1274,0.18193,0.00356
12,mid,2,6,10,1.20,true,0.16550,0.00415,0.15571,1.99040,0.00505,1.2122,0.0004,1.2326,0.22377,0.00379
12,mid,2,6,15,0.00,true,0.09337,0.00325,0.00845,1.91507,0.00330,0.2801,0.5441,0.3758,0.02716,0.00273
12,mid,2,6,15,0.10,true,0.10712,0.00346,0.00839,1.90127,0.00350,0.3237,0.4278,0.3920,0.01335,0.00225
12,mid,2,6,15,0.20,true,0.12075,0.00364,0.01057,1.88982,0.00370,0.3761,0.3199,0.4281,0.00191,0.00156
12,mid,2,6,15,0.30,true,0.12725,0.00373,0.01516,1.88791,0.00381,0.4387,0.2349,0.4791,0.00000,0.00000
12,mid,2,6,15,0.40,true,0.13087,0.00377,0.02229,1.89142,0.00390,0.5070,0.1677,0.5426,0.00351,0.00142
12,mid,2,6,15,0.50,true,0.13100,0.00377,0.03230,1.90132,0.00396,0.5785,0.1112,0.6166,0.01341,0.00197
12,mid,2,6,15,0.60,true,0.12812,0.00374,0.04524,1.91715,0.00400,0.6556,0.0713,0.6973,0.02923,0.00233
12,mid,2,6,15,0.70,true,0.12425,0.00369,0.06160,1.93739,0.00405,0.7403,0.0447,0.7848,0.04948,0.00262
12,mid,2,6,15,0.80,true,0.11925,0.00362,0.08129,1.96211,0.00409,0.8322,0.0291,0.8769,0.07420,0.00284
12,mid,2,6,15,0.90,true,0.11350,0.00355,0.10308,1.98968,0.00413,0.9241,0.0203,0.9682,0.10177,0.00304
12,mid,2,6,15,1.00,true,0.10787,0.00347,0.12802,2.02029,0.00417,1.0182,0.0119,1.0642,0.13238,0.00325
12,mid,2,6,15,1.10,true,0.10050,0.00336,0.15558,2.05530,0.00418,1.1150,0.0061,1.1625,0.16739,0.00348
12,mid,2,6,15,1.20,true,0.09250,0.00324,0.18530,2.09311,0.00417,1.2153,0.0036,1.2623,0.20520,0.00367
12,mid,2,6,20,0.00,true,0.05112,0.00246,0.03214,1.98102,0.00263,0.3673,0.5240,0.5275,0.00696,0.00178
12,mid,2,6,20,0.10,true,0.05725,0.00260,0.03235,1.97511,0.00277,0.4163,0.4434,0.5442,0.00106,0.00128
12,mid,2,6,20,0.20,true,0.06150,0.00269,0.03554,1.97406,0.00287,0.4648,0.3599,0.5741,0.00000,0.00000
12,mid,2,6,20,0.30,true,0.06300,0.00272,0.04180,1.97882,0.00294,0.5230,0.2931,0.6150,0.00476,0.00117
12,mid,2,6,20,0.40,true,0.06600,0.00278,0.05112,1.98515,0.00306,0.5855,0.2321,0.6685,0.01109,0.00163
12,mid,2,6,20,0.50,true,0.06638,0.00278,0.06324,1.99692,0.00313,0.6470,0.1766,0.7292,0.02286,0.00188
12,mid,2,6,20,0.60,true,0.06538,0.00276,0.07832,2.01302,0.00320,0.7135,0.1281,0.7987,0.03896,0.00215
12,mid,2,6,20,0.70,true,0.06525,0.00276,0.09618,2.03103,0.00329,0.7936,0.0987,0.8759,0.05697,0.00241
12,mid,2,6,20,0.80,true,0.06288,0.00271,0.11623,2.05350,0.00335,0.8689,0.0690,0.9559,0.07944,0.00259
12,mid,2,6,20,0.90,true,0.06100,0.00268,0.13892,2.07812,0.00342,0.9521,0.0478,1.0421,0.10406,0.00276
12,mid,2,6,20,1.00,true,0.05950,0.00264,0.16351,2.10427,0.00349,1.0391,0.0322,1.1318,0.13021,0.00293
12,mid,2,6,20,1.10,true,0.05462,0.00254,0.19026,2.13598,0.00350,1.1315,0.0229,1.2236,0.16193,0.00308
12,mid,2,6,20,1.20,true,0.05075,0.00245,0.21760,2.16730,0.00350,1.2234,0.0157,1.3158,0.19325,0.00321
12,high,2,12,10,0.00,true,0.18500,0.00434,0.00224,1.81724,0.00435,0.2041,0.5879,0.2563,0.05082,0.00403
12,high,2,12,10,0.10,true,0.21838,0.00462,0.00441,1.78604,0.00465,0.2550,0.4375,0.2725,0.01961,0.00318
12,high,2,12,10,0.20,true,0.24025,0.00478,0.00959,1.76935,0.00485,0.3124,0.2999,0.3140,0.00292,0.00227
12,high,2,12,10,0.30,true,0.25225,0.00486,0.01867,1.76643,0.00500,0.3775,0.1907,0.3762,0.00000,0.00000
12,high,2,12,10,0.40,true,0.25512,0.00487,0.03310,1.77799,0.00514,0.4519,0.1123,0.4542,0.01156,0.00186
12,high,2,12,10,0.50,true,0.25000,0.00484,0.05355,1.80357,0.00526,0.5357,0.0630,0.5427,0.03715,0.00251
12,high,2,12,10,0.60,true,0.24513,0.00481,0.07905,1.83396,0.00542,0.6252,0.0338,0.6370,0.06753,0.00296
12,high,2,12,10,0.70,true,0.23725,0.00476,0.10813,1.87094,0.00557,0.7161,0.0187,0.7307,0.10452,0.00331
12,high,2,12,10,0.80,true,0.22837,0.00469,0.14200,1.91372,0.00572,0.8123,0.0084,0.8300,0.14729,0.00365
12,high,2,12,10,0.90,true,0.21763,0.00461,0.17701,1.95953,0.00585,0.9057,0.0032,0.9251,0.19310,0.00391
12,high,2,12,10,1.00,true,0.20875,0.00454,0.21149,2.00293,0.00596,0.9972,0.0016,1.0166,0.23650,0.00411
12,high,2,12,10,1.10,true,0.20100,0.00448,0.24870,2.04797,0.00608,1.0968,0.0011,1.1155,0.28154,0.00432
12,high,2,12,10,1.20,true,0.19300,0.00441,0.28555,2.09291,0.00618,1.1954,0.0008,1.2136,0.32648,0.00452
12,high,2,12,15,0.00,true,0.09300,0.00325,0.01859,1.92560,0.00336,0.3138,0.5532,0.3983,0.00879,0.00233
12,high,2,12,15,0.10,true,0.10500,0.00343,0.02431,1.91933,0.00358,0.3598,0.4543,0.4126,0.00252,0.00169
12,high,2,12,15,0.20,true,0.11737,0.00360,0.03416,1.91681,0.00382,0.4130,0.3614,0.4445,0.00000,0.00000
12,high,2,12,15,0.30,true,0.12350,0.00368,0.04846,1.92498,0.00401,0.4693,0.2752,0.4914,0.00818,0.00169
12,high,2,12,15,0.40,true,0.12837,0.00374,0.06711,1.93878,0.00420,0.5321,0.2025,0.5515,0.02197,0.00229
12,high,2,12,15,0.50,true,0.13125,0.00378,0.08966,1.95848,0.00438,0.6018,0.1468,0.6215,0.04167,0.00270
12,high,2,12,15,0.60,true,0.13012,0.00376,0.11616,1.98613,0.00454,0.6750,0.1017,0.6990,0.06932,0.00300
12,high,2,12,15,0.70,true,0.12925,0.00375,0.14562,2.01651,0.00470,0.7561,0.0722,0.7824,0.09970,0.00328
12,high,2,12,15,0.80,true,0.12625,0.00371,0.17837,2.05230,0.00483,0.8397,0.0475,0.8715,0.13550,0.00354
12,high,2,12,15,0.90,true,0.12287,0.00367,0.21058,2.08795,0.00494,0.9217,0.0319,0.9572,0.17114,0.00373
12,high,2,12,15,1.00,true,0.12112,0.00365,0.24731,2.12652,0.00508,1.0184,0.0213,1.0560,0.20971,0.00394
12,high,2,12,15,1.10,true,0.11600,0.00358,0.28193,2.16637,0.00514,1.1079,0.0150,1.1467,0.24956,0.00411
12,high,2,12,15,1.20,true,0.11200,0.00353,0.31759,2.20615,0.00521,1.2023,0.0099,1.2426,0.28934,0.00424
12,high,2,12,20,0.00,true,0.05575,0.00257,0.05603,2.00034,0.00290,0.4181,0.5261,0.5556,0.00000,0.00000
12,high,2,12,20,0.10,true,0.06075,0.00267,0.06467,2.00398,0.00307,0.4620,0.4496,0.5718,0.00364,0.00121
12,high,2,12,20,0.20,true,0.06575,0.00277,0.07728,2.01160,0.00326,0.5142,0.3807,0.6004,0.01126,0.00169
12,high,2,12,20,0.30,true,0.06813,0.00282,0.09427,2.02624,0.00342,0.5681,0.3121,0.6412,0.02589,0.00214
12,high,2,12,20,0.40,true,0.06988,0.00285,0.11442,2.04466,0.00358,0.6273,0.2556,0.6908,0.04432,0.00245
12,high,2,12,20,0.50,true,0.07137,0.00288,0.13813,2.06690,0.00375,0.6904,0.2023,0.7512,0.06656,0.00282
12,high,2,12,20,0.60,true,0.07362,0.00292,0.16435,2.09092,0.00394,0.7578,0.1587,0.8188,0.09058,0.00310
12,high,2,12,20,0.70,true,0.07325,0.00291,0.19353,2.12054,0.00408,0.8289,0.1211,0.8928,0.12020,0.00333
12,high,2,12,20,0.80,true,0.07275,0.00290,0.22484,2.15243,0.00421,0.9051,0.0903,0.9732,0.15209,0.00357
12,high,2,12,20,0.90,true,0.07175,0.00289,0.25617,2.18485,0.00431,0.9855,0.0700,1.0547,0.18451,0.00376
12,high,2,12,20,1.00,true,0.07037,0.00286,0.28726,2.21743,0.00440,1.0654,0.0545,1.1364,0.21709,0.00392
12,high,2,12,20,1.10,true,0.06963,0.00285,0.32028,2.25133,0.00449,1.1525,0.0414,1.2257,0.25099,0.00407
12,high,2,12,20,1.20,true,0.06788,0.00281,0.35312,2.28609,0.00454,1.2393,0.0299,1.3163,0.28575,0.00418
12,high,2,3,10,0.00,true,0.14663,0.00395,0.00346,1.85684,0.00397,0.1702,0.5858,0.2741,0.04539,0.00492
12,high,2,3,10,0.10,true,0.17738,0.00427,0.00527,1.82790,0.00430,0.2531,0.4309,0.2906,0.01645,0.00369
12,high,2,3,10,0.20,true,0.19412,0.00442,0.00978,1.81567,0.00449,0.3082,0.3102,0.3281,0.00422,0.00269
12,high,2,3,10,0.30,true,0.20750,0.00453,0.01894,1.81145,0.00467,0.3732,0.1931,0.3910,0.00000,0.00000
12,high,2,3,10,0.40,true,0.21150,0.00457,0.03230,1.82082,0.00480,0.4436,0.1145,0.4652,0.00937,0.00257
12,high,2,3,10,0.50,true,0.21225,0.00457,0.05060,1.83840,0.00494,0.5232,0.0676,0.5491,0.02695,0.00332
12,high,2,3,10,0.60,true,0.20763,0.00453,0.07373,1.86618,0.00507,0.6057,0.0352,0.6380,0.05473,0.00387
12,high,2,3,10,0.70,true,0.20325,0.00450,0.10035,1.89722,0.00521,0.6930,0.0188,0.7284,0.08577,0.00419
12,high,2,3,10,0.80,true,0.19312,0.00441,0.13247,1.93953,0.00531,0.7870,0.0110,0.8240,0.12807,0.00457
12,high,2,3,10,0.90,true,0.18638,0.00435,0.16656,1.98044,0.00545,0.8816,0.0058,0.9203,0.16899,0.00488
12,high,2,3,10,1.00,true,0.17950,0.00429,0.20236,2.02321,0.00557,0.9765,0.0027,1.0169,0.21176,0.00513
12,high,2,3,10,1.10,true,0.17200,0.00422,0.23867,2.06714,0.00566,1.0711,0.0011,1.1128,0.25569,0.00532
12,high,2,3,10,1.20,true,0.16375,0.00414,0.27564,2.11252,0.00573,1.1670,0.0003,1.2097,0.30107,0.00551
12,high,2,3,15,0.00,true,0.07262,0.00290,0.02540,1.95279,0.00304,0.2821,0.5502,0.4286,0.00889,0.00284
12,high,2,3,15,0.10,true,0.08612,0.00314,0.03000,1.94390,0.00331,0.3551,0.4449,0.4441,0.00000,0.00000
12,high,2,3,15,0.20,true,0.09312,0.00325,0.03898,1.94589,0.00349,0.4097,0.3562,0.4749,0.00199,0.00229
12,high,2,3,15,0.30,true,0.09913,0.00334,0.05272,1.95365,0.00367,0.4700,0.2778,0.5220,0.00975,0.00319
12,high,2,3,15,0.40,true,0.10425,0.00342,0.07008,1.96591,0.00386,0.5299,0.2081,0.5799,0.02201,0.00370
12,high,2,3,15,0.50,true,0.10200,0.00338,0.09101,1.98912,0.00396,0.5943,0.1567,0.6430,0.04522,0.00399
12,high,2,3,15,0.60,true,0.10500,0.00343,0.11664,2.01181,0.00416,0.6673,0.1119,0.7201,0.06790,0.00439
12,high,2,3,15,0.70,true,0.10425,0.00342,0.14459,2.04057,0.00431,0.7428,0.0794,0.8000,0.09667,0.00465
12,high,2,3,15,0.80,true,0.10212,0.00339,0.17534,2.07353,0.00443,0.8238,0.0561,0.8848,0.12963,0.00485
12,high,2,3,15,0.90,true,0.09988,0.00335,0.20789,2.10843,0.00455,0.9070,0.0372,0.9737,0.16453,0.00507
12,high,2,3,15,1.00,true,0.09825,0.00333,0.24078,2.14308,0.00466,0.9932,0.0259,1.0629,0.19917,0.00522
12,high,2,3,15,1.10,true,0.09438,0.00327,0.27552,2.18185,0.00473,1.0837,0.0181,1.1558,0.23795,0.00533
12,high,2,3,15,1.20,true,0.09287,0.00325,0.30960,2.21763,0.00482,1.1761,0.0132,1.2497,0.27373,0.00545
12,high,2,3,20,0.00,true,0.04487,0.00231,0.07960,2.03483,0.00280,0.4284,0.5338,0.6190,0.00000,0.00000
12,high,2,3,20,0.10,true,0.04963,0.00243,0.08620,2.03668,0.00296,0.4951,0.4710,0.6336,0.00186,0.00235
12,high,2,3,20,0.20,true,0.05750,0.00260,0.09603,2.03866,0.00321,0.5385,0.4042,0.6592,0.00383,0.00310
12,high,2,3,20,0.30,true,0.06212,0.00270,0.10985,2.04788,0.00340,0.5885,0.3423,0.6959,0.01306,0.00350
12,high,2,3,20,0.40,true,0.06250,0.00271,0.12861,2.06632,0.00353,0.6496,0.2848,0.7449,0.03150,0.00377
12,high,2,3,20,0.50,true,0.06375,0.00273,0.14706,2.08358,0.00366,0.7033,0.2403,0.7940,0.04875,0.00396
12,high,2,3,20,0.60,true,0.06538,0.00276,0.17034,2.10531,0.00383,0.7633,0.1918,0.8575,0.07049,0.00417
12,high,2,3,20,0.70,true,0.06838,0.00282,0.19551,2.12758,0.00401,0.8279,0.1505,0.9277,0.09276,0.00439
12,high,2,3,20,0.80,true,0.06638,0.00278,0.22265,2.15685,0.00410,0.8982,0.1201,1.0005,0.12202,0.00452
12,high,2,3,20,0.90,true,0.06263,0.00271,0.25108,2.18918,0.00414,0.9701,0.0948,1.0759,0.15436,0.00461
12,high,2,3,20,1.00,true,0.06125,0.00268,0.28102,2.22068,0.00422,1.0460,0.0714,1.1591,0.18586,0.00472
12,high,2,3,20,1.10,true,0.05875,0.00263,0.31081,2.25318,0.00426,1.1247,0.0552,1.2420,0.21836,0.00481
12,high,2,3,20,1.20,true,0.05850,0.00262,0.34123,2.28411,0.00434,1.2104,0.0431,1.3311,0.24928,0.00491
12,high,2,6,10,0.00,true,0.13387,0.00381,0.00386,1.86998,0.00383,0.2038,0.5611,0.2772,0.04702,0.00341
12,high,2,6,10,0.10,true,0.15925,0.00409,0.00372,1.84448,0.00411,0.2524,0.4099,0.2961,0.02151,0.00271
12,high,2,6,10,0.20,true,0.17825,0.00428,0.00571,1.82746,0.00431,0.3101,0.2743,0.3400,0.00450,0.00186
12,high,2,6,10,0.30,true,0.18750,0.00436,0.01045,1.82296,0.00443,0.3780,0.1769,0.4019,0.00000,0.00000
12,high,2,6,10,0.40,true,0.18800,0.00437,0.01880,1.83083,0.00449,0.4532,0.1045,0.4784,0.00787,0.00176
12,high,2,6,10,0.50,true,0.18775,0.00437,0.03108,1.84337,0.00457,0.5351,0.0603,0.5630,0.02041,0.00222
12,high,2,6,10,0.60,true,0.18363,0.00433,0.04795,1.86440,0.00464,0.6254,0.0361,0.6542,0.04144,0.00255
12,high,2,6,10,0.70,true,0.17450,0.00424,0.06885,1.89448,0.00468,0.7154,0.0195,0.7467,0.07152,0.00292
12,high,2,6,10,0.80,true,0.16625,0.00416,0.09405,1.92800,0.00475,0.8105,0.0097,0.8435,0.10504,0.00321
12,high,2,6,10,0.90,true,0.15762,0.00407,0.12274,1.96542,0.00481,0.9086,0.0050,0.9419,0.14246,0.00344
12,high,2,6,10,1.00,true,0.14763,0.00397,0.15337,2.00619,0.00485,1.0046,0.0028,1.0376,0.18323,0.00368
12,high,2,6,10,1.10,true,0.13812,0.00386,0.18642,2.04892,0.00488,1.1031,0.0020,1.1351,0.22596,0.00387
12,high,2,6,10,1.20,true,0.12912,0.00375,0.22306,2.09480,0.00492,1.2081,0.0011,1.2397,0.27184,0.00404
12,high,2,6,15,0.00,true,0.07362,0.00292,0.02604,1.95244,0.00306,0.3075,0.5380,0.4373,0.01196,0.00209
12,high,2,6,15,0.10,true,0.08175,0.00306,0.02682,1.94510,0.00321,0.3506,0.4325,0.4543,0.00462,0.00153
12,high,2,6,15,0.20,true,0.09100,0.00322,0.03144,1.94048,0.00339,0.4010,0.3324,0.4891,0.00000,0.00000
12,high,2,6,15,0.30,true,0.09375,0.00326,0.03985,1.94616,0.00349,0.4629,0.2567,0.5361,0.00568,0.00128
12,high,2,6,15,0.40,true,0.09550,0.00329,0.05208,1.95667,0.00359,0.5283,0.1897,0.5959,0.01619,0.00182
12,high,2,6,15,0.50,true,0.09675,0.00331,0.06793,1.97132,0.00371,0.5976,0.1356,0.6652,0.03084,0.00218
12,high,2,6,15,0.60,true,0.09613,0.00330,0.08741,1.99149,0.00381,0.6733,0.0943,0.7428,0.05101,0.00252
12,high,2,6,15,0.70,true,0.09275,0.00324,0.11055,2.01810,0.00388,0.7538,0.0630,0.8265,0.07762,0.00283
12,high,2,6,15,0.80,true,0.08737,0.00316,0.13723,2.05028,0.00393,0.8399,0.0407,0.9153,0.10980,0.00304
12,high,2,6,15,0.90,true,0.08413,0.00310,0.16527,2.08172,0.00400,0.9304,0.0292,1.0050,0.14124,0.00326
12,high,2,6,15,1.00,true,0.07812,0.00300,0.19607,2.11871,0.00402,1.0240,0.0212,1.0976,0.17824,0.00345
12,high,2,6,15,1.10,true,0.07400,0.00293,0.22826,2.15526,0.00406,1.1186,0.0140,1.1933,0.21479,0.00362
12,high,2,6,15,1.20,true,0.06838,0.00282,0.26223,2.19516,0.00406,1.2146,0.0078,1.2915,0.25468,0.00379
12,high,2,6,20,0.00,true,0.03712,0.00211,0.08234,2.04532,0.00260,0.4036,0.5229,0.6292,0.00208,0.00112
12,high,2,6,20,0.10,true,0.04100,0.00222,0.08412,2.04324,0.00271,0.4514,0.4496,0.6472,0.00000,0.00000
12,high,2,6,20,0.20,true,0.04425,0.00230,0.08994,2.04585,0.00282,0.4982,0.3733,0.6770,0.00261,0.00102
12,high,2,6,20,0.30,true,0.04675,0.00236,0.09965,2.05311,0.00294,0.5564,0.3118,0.7175,0.00987,0.00144
12,high,2,6,20,0.40,true,0.04775,0.00238,0.11317,2.06569,0.00304,0.6176,0.2553,0.7677,0.02245,0.00175
12,high,2,6,20,0.50,true,0.04900,0.00241,0.12959,2.08095,0.00316,0.6795,0.2048,0.8256,0.03771,0.00200
12,high,2,6,20,0.60,true,0.04838,0.00240,0.14899,2.10108,0.00324,0.7420,0.1570,0.8904,0.05784,0.00223
12,high,2,6,20,0.70,true,0.04700,0.00237,0.17120,2.12481,0.00332,0.8115,0.1184,0.9622,0.08157,0.00249
12,high,2,6,20,0.80,true,0.04487,0.00231,0.19560,2.15152,0.00337,0.8905,0.0936,1.0386,0.10827,0.00268
12,high,2,6,20,0.90,true,0.04300,0.00227,0.22213,2.18013,0.00343,0.9682,0.0683,1.1202,0.13689,0.00284
12,high,2,6,20,1.00,true,0.03988,0.00219,0.25034,2.21172,0.00345,1.0518,0.0503,1.2056,0.16848,0.00305
12,high,2,6,20,1.10,true,0.03737,0.00212,0.27975,2.24392,0.00347,1.1384,0.0357,1.2946,0.20068,0.00323
12,high,2,6,20,1.20,true,0.03475,0.00205,0.30942,2.27656,0.00348,1.2289,0.0269,1.3845,0.23332,0.00338
12,hcp30,2,12,10,0.00,true,0.16550,0.00415,0.05494,1.89024,0.00458,0.4041,0.5854,0.4412,0.01002,0.00213
12,hcp30,2,12,10,0.10,true,0.18375,0.00433,0.06311,1.88021,0.00484,0.4632,0.5130,0.4566,0.00000,0.00000
12,hcp30,2,12,10,0.20,true,0.19650,0.00444,0.07674,1.88128,0.00509,0.5208,0.4367,0.4865,0.00106,0.00213
12,hcp30,2,12,10,0.30,true,0.20888,0.00454,0.09428,1.88673,0.00537,0.5825,0.3691,0.5293,0.00651,0.00294
12,hcp30,2,12,10,0.40,true,0.21763,0.00461,0.11627,1.90040,0.00564,0.6489,0.3052,0.5850,0.02018,0.00357
12,hcp30,2,12,10,0.50,true,0.22237,0.00465,0.14177,1.92173,0.00589,0.7235,0.2541,0.6504,0.04151,0.00411
12,hcp30,2,12,10,0.60,true,0.22637,0.00468,0.16966,1.94637,0.00616,0.7959,0.2037,0.7254,0.06615,0.00461
12,hcp30,2,12,10,0.70,true,0.22775,0.00469,0.19870,1.97494,0.00639,0.8742,0.1664,0.8054,0.09473,0.00507
12,hcp30,2,12,10,0.80,true,0.22925,0.00470,0.22832,2.00414,0.00662,0.9533,0.1333,0.8905,0.12393,0.00543
12,hcp30,2,12,10,0.90,true,0.22612,0.00468,0.25859,2.03880,0.00680,1.0302,0.1048,0.9766,0.15858,0.00575
12,hcp30,2,12,10,1.00,true,0.22262,0.00465,0.28776,2.07287,0.00695,1.1107,0.0852,1.0626,0.19266,0.00605
12,hcp30,2,12,10,1.10,true,0.21788,0.00462,0.31842,2.10997,0.00709,1.1976,0.0682,1.1558,0.22976,0.00631
12,hcp30,2,12,10,1.20,true,0.21350,0.00458,0.34802,2.14584,0.00721,1.2878,0.0566,1.2497,0.26562,0.00652
12,hcp30,2,12,15,0.00,true,0.10300,0.00340,0.14229,2.04257,0.00447,0.6233,0.5576,0.6649,0.00000,0.00000
12,hcp30,2,12,15,0.10,true,0.10612,0.00344,0.15063,2.04793,0.00459,0.6720,0.5061,0.6772,0.00536,0.00151
12,hcp30,2,12,15,0.20,true,0.10963,0.00349,0.16293,2.05705,0.00475,0.7263,0.4554,0.7007,0.01448,0.00222
12,hcp30,2,12,15,0.30,true,0.11588,0.00358,0.17823,2.06658,0.00496,0.7852,0.4073,0.7359,0.02401,0.00287
12,hcp30,2,12,15,0.40,true,0.12012,0.00363,0.19644,2.08120,0.00516,0.8472,0.3630,0.7788,0.03863,0.00339
12,hcp30,2,12,15,0.50,true,0.12450,0.00369,0.21696,2.09819,0.00536,0.9093,0.3190,0.8308,0.05562,0.00388
12,hcp30,2,12,15,0.60,true,0.12825,0.00374,0.23915,2.11767,0.00557,0.9781,0.2813,0.8902,0.07510,0.00432
12,hcp30,2,12,15,0.70,true,0.12975,0.00376,0.26195,2.14017,0.00573,1.0445,0.2469,0.9522,0.09760,0.00466
12,hcp30,2,12,15,0.80,true,0.13175,0.00378,0.28614,2.16378,0.00591,1.1149,0.2145,1.0224,0.12121,0.00502
12,hcp30,2,12,15,0.90,true,0.13037,0.00376,0.30983,2.19037,0.00602,1.1823,0.1877,1.0912,0.14780,0.00531
12,hcp30,2,12,15,1.00,true,0.12975,0.00376,0.33627,2.21933,0.00615,1.2602,0.1614,1.1723,0.17676,0.00561
12,hcp30,2,12,15,1.10,true,0.13075,0.00377,0.36005,2.24400,0.00628,1.3379,0.1428,1.2506,0.20143,0.00585
12,hcp30,2,12,15,1.20,true,0.12837,0.00374,0.38556,2.27408,0.00636,1.4155,0.1233,1.3338,0.23151,0.00609
12,hcp30,2,12,20,0.00,true,0.06538,0.00276,0.23187,2.17376,0.00439,0.8261,0.5248,0.8778,0.00000,0.00000
12,hcp30,2,12,20,0.10,true,0.06925,0.00284,0.24036,2.17868,0.00453,0.8783,0.4860,0.8960,0.00492,0.00122
12,hcp30,2,12,20,0.20,true,0.07237,0.00290,0.25107,2.18675,0.00467,0.9327,0.4478,0.9210,0.01299,0.00182
12,hcp30,2,12,20,0.30,true,0.07375,0.00292,0.26428,2.19930,0.00478,0.9906,0.4112,0.9530,0.02554,0.00234
12,hcp30,2,12,20,0.40,true,0.07612,0.00297,0.27894,2.21247,0.00492,1.0520,0.3783,0.9916,0.03870,0.00281
12,hcp30,2,12,20,0.50,true,0.08025,0.00304,0.29531,2.22581,0.00510,1.1183,0.3464,1.0392,0.05205,0.00330
12,hcp30,2,12,20,0.60,true,0.08075,0.00305,0.31301,2.24430,0.00521,1.1753,0.3123,1.0895,0.07053,0.00368
12,hcp30,2,12,20,0.70,true,0.07988,0.00303,0.33176,2.26542,0.00530,1.2410,0.2846,1.1439,0.09165,0.00400
12,hcp30,2,12,20,0.80,true,0.07900,0.00302,0.35142,2.28765,0.00538,1.3091,0.2587,1.2036,0.11389,0.00432
12,hcp30,2,12,20,0.90,true,0.07725,0.00299,0.37175,2.31159,0.00545,1.3745,0.2334,1.2667,0.13783,0.00464
12,hcp30,2,12,20,1.00,true,0.07725,0.00299,0.39113,2.33293,0.00553,1.4399,0.2109,1.3318,0.15917,0.00490
12,hcp30,2,12,20,1.10,true,0.07825,0.00300,0.41176,2.35481,0.00564,1.5151,0.1903,1.4060,0.18105,0.00518
12,hcp30,2,12,20,1.20,true,0.07650,0.00297,0.43287,2.38011,0.00568,1.5866,0.1705,1.4803,0.20635,0.00541
12,hcp30,2,3,10,0.00,true,0.10262,0.00339,0.08002,1.97883,0.00398,0.2802,0.5607,0.4587,0.02661,0.00450
12,hcp30,2,3,10,0.10,true,0.13050,0.00377,0.08470,1.95577,0.00441,0.4390,0.4800,0.4745,0.00355,0.00298
12,hcp30,2,3,10,0.20,true,0.14513,0.00394,0.09548,1.95222,0.00468,0.5088,0.4236,0.5031,0.00000,0.00000
12,hcp30,2,3,10,0.30,true,0.15700,0.00407,0.11312,1.95852,0.00497,0.5763,0.3578,0.5478,0.00630,0.00268
12,hcp30,2,3,10,0.40,true,0.16687,0.00417,0.13425,1.97048,0.00525,0.6384,0.2971,0.6019,0.01826,0.00365
12,hcp30,2,3,10,0.50,true,0.17238,0.00422,0.15878,1.99040,0.00550,0.7072,0.2497,0.6643,0.03818,0.00451
12,hcp30,2,3,10,0.60,true,0.17275,0.00423,0.18589,2.01826,0.00571,0.7717,0.2019,0.7329,0.06603,0.00516
12,hcp30,2,3,10,0.70,true,0.17300,0.00423,0.21425,2.04767,0.00590,0.8410,0.1638,0.8063,0.09545,0.00557
12,hcp30,2,3,10,0.80,true,0.16912,0.00419,0.24610,2.08503,0.00606,0.9165,0.1310,0.8884,0.13281,0.00596
12,hcp30,2,3,10,0.90,true,0.17062,0.00421,0.27657,2.11578,0.00626,0.9956,0.1046,0.9747,0.16356,0.00631
12,hcp30,2,3,10,1.00,true,0.16787,0.00418,0.30808,2.15207,0.00640,1.0761,0.0832,1.0627,0.19984,0.00659
12,hcp30,2,3,10,1.10,true,0.16375,0.00414,0.33982,2.19024,0.00651,1.1612,0.0673,1.1535,0.23802,0.00682
12,hcp30,2,3,10,1.20,true,0.16100,0.00411,0.37001,2.22568,0.00662,1.2481,0.0547,1.2458,0.27346,0.00701
12,hcp30,2,3,15,0.00,true,0.05550,0.00256,0.17725,2.12648,0.00385,0.3934,0.5381,0.6726,0.00836,0.00305
12,hcp30,2,3,15,0.10,true,0.06975,0.00285,0.18293,2.11812,0.00417,0.5965,0.4770,0.6881,0.00000,0.00000
12,hcp30,2,3,15,0.20,true,0.07737,0.00299,0.19361,2.12163,0.00437,0.6752,0.4310,0.7146,0.00351,0.00263
12,hcp30,2,3,15,0.30,true,0.08238,0.00307,0.20858,2.13228,0.00455,0.7440,0.3874,0.7502,0.01416,0.00362
12,hcp30,2,3,15,0.40,true,0.08525,0.00312,0.22626,2.14797,0.00471,0.8051,0.3437,0.7930,0.02985,0.00429
12,hcp30,2,3,15,0.50,true,0.08987,0.00320,0.24547,2.16365,0.00490,0.8704,0.3067,0.8433,0.04553,0.00470
12,hcp30,2,3,15,0.60,true,0.09300,0.00325,0.26825,2.18470,0.00508,0.9396,0.2693,0.9041,0.06658,0.00512
12,hcp30,2,3,15,0.70,true,0.09425,0.00327,0.29111,2.20786,0.00523,1.0018,0.2336,0.9664,0.08974,0.00545
12,hcp30,2,3,15,0.80,true,0.09550,0.00329,0.31565,2.23296,0.00537,1.0723,0.2034,1.0364,0.11484,0.00577
12,hcp30,2,3,15,0.90,true,0.09175,0.00323,0.34118,2.26431,0.00542,1.1403,0.1758,1.1072,0.14619,0.00597
12,hcp30,2,3,15,1.00,true,0.09150,0.00322,0.36653,2.29219,0.00553,1.2197,0.1564,1.1839,0.17407,0.00619
12,hcp30,2,3,15,1.10,true,0.09150,0.00322,0.39189,2.32007,0.00563,1.2989,0.1376,1.2646,0.20195,0.00638
12,hcp30,2,3,15,1.20,true,0.08837,0.00317,0.41784,2.35188,0.00566,1.3748,0.1189,1.3463,0.23376,0.00651
12,hcp30,2,3,20,0.00,true,0.04025,0.00220,0.27823,2.24836,0.00409,0.5259,0.5387,0.9078,0.00000,0.00000
12,hcp30,2,3,20,0.10,true,0.04437,0.00230,0.28485,2.25122,0.00421,0.7763,0.4852,0.9243,0.00286,0.00294
12,hcp30,2,3,20,0.20,true,0.04975,0.00243,0.29310,2.25465,0.00437,0.8617,0.4473,0.9489,0.00629,0.00375
12,hcp30,2,3,20,0.30,true,0.05400,0.00253,0.30342,2.26147,0.00450,0.9364,0.4161,0.9795,0.01311,0.00415
12,hcp30,2,3,20,0.40,true,0.05638,0.00258,0.31736,2.27419,0.00462,1.0088,0.3814,1.0206,0.02583,0.00442
12,hcp30,2,3,20,0.50,true,0.05663,0.00258,0.33118,2.28894,0.00469,1.0626,0.3486,1.0605,0.04058,0.00463
12,hcp30,2,3,20,0.60,true,0.05650,0.00258,0.34733,2.30672,0.00476,1.1330,0.3230,1.1082,0.05836,0.00486
12,hcp30,2,3,20,0.70,true,0.05650,0.00258,0.36527,2.32642,0.00483,1.1983,0.2941,1.1627,0.07806,0.00509
12,hcp30,2,3,20,0.80,true,0.05650,0.00258,0.38299,2.34604,0.00490,1.2628,0.2687,1.2190,0.09769,0.00533
12,hcp30,2,3,20,0.90,true,0.05588,0.00257,0.40200,2.36787,0.00496,1.3335,0.2465,1.2805,0.11952,0.00551
12,hcp30,2,3,20,1.00,true,0.05663,0.00258,0.42132,2.38883,0.00505,1.4027,0.2237,1.3474,0.14047,0.00574
12,hcp30,2,3,20,1.10,true,0.05638,0.00258,0.44007,2.41039,0.00511,1.4735,0.2047,1.4150,0.16204,0.00590
12,hcp30,2,3,20,1.20,true,0.05638,0.00258,0.45897,2.43207,0.00517,1.5408,0.1841,1.4862,0.18371,0.00608
12,hcp30,2,6,10,0.00,true,0.12012,0.00363,0.06517,1.94590,0.00412,0.4001,0.5590,0.4531,0.01302,0.00253
12,hcp30,2,6,10,0.10,true,0.13262,0.00379,0.06688,1.93526,0.00429,0.4532,0.4800,0.4711,0.00238,0.00176
12,hcp30,2,6,10,0.20,true,0.14250,0.00391,0.07408,1.93288,0.00447,0.5146,0.4098,0.5031,0.00000,0.00000
12,hcp30,2,6,10,0.30,true,0.15250,0.00402,0.08641,1.93566,0.00468,0.5752,0.3388,0.5492,0.00278,0.00182
12,hcp30,2,6,10,0.40,true,0.15825,0.00408,0.10353,1.94766,0.00488,0.6443,0.2790,0.6073,0.01478,0.00261
12,hcp30,2,6,10,0.50,true,0.16062,0.00411,0.12433,1.96690,0.00507,0.7159,0.2281,0.6738,0.03402,0.00321
12,hcp30,2,6,10,0.60,true,0.16137,0.00411,0.14840,1.99127,0.00525,0.7947,0.1886,0.7480,0.05839,0.00365
12,hcp30,2,6,10,0.70,true,0.16137,0.00411,0.17407,2.01815,0.00543,0.8707,0.1532,0.8261,0.08527,0.00405
12,hcp30,2,6,10,0.80,true,0.15762,0.00407,0.20258,2.05191,0.00558,0.9491,0.1209,0.9106,0.11903,0.00445
12,hcp30,2,6,10,0.90,true,0.15363,0.00403,0.23280,2.08789,0.00571,1.0390,0.1004,1.0008,0.15501,0.00483
12,hcp30,2,6,10,1.00,true,0.15038,0.00400,0.26289,2.12314,0.00584,1.1250,0.0805,1.0926,0.19026,0.00521
12,hcp30,2,6,10,1.10,true,0.14200,0.00390,0.29486,2.16574,0.00589,1.2129,0.0642,1.1863,0.23286,0.00552
12,hcp30,2,6,10,1.20,true,0.13450,0.00381,0.32859,2.20963,0.00594,1.3121,0.0523,1.2891,0.27675,0.00582
12,hcp30,2,6,15,0.00,true,0.07500,0.00294,0.15655,2.08488,0.00406,0.6069,0.5370,0.6743,0.00166,0.00137
12,hcp30,2,6,15,0.10,true,0.07950,0.00302,0.15903,2.08321,0.00416,0.6556,0.4817,0.6917,0.00000,0.00000
12,hcp30,2,6,15,0.20,true,0.08288,0.00308,0.16565,2.08701,0.00426,0.7099,0.4291,0.7195,0.00379,0.00139
12,hcp30,2,6,15,0.30,true,0.08563,0.00313,0.17613,2.09548,0.00438,0.7672,0.3774,0.7576,0.01227,0.00213
12,hcp30,2,6,15,0.40,true,0.08975,0.00320,0.19010,2.10628,0.00455,0.8327,0.3318,0.8066,0.02307,0.00276
12,hcp30,2,6,15,0.50,true,0.09037,0.00321,0.20613,2.12280,0.00466,0.9002,0.2945,0.8584,0.03958,0.00317
12,hcp30,2,6,15,0.60,true,0.08787,0.00317,0.22542,2.14596,0.00474,0.9696,0.2591,0.9176,0.06274,0.00362
12,hcp30,2,6,15,0.70,true,0.08612,0.00314,0.24688,2.17074,0.00483,1.0418,0.2264,0.9840,0.08753,0.00405
12,hcp30,2,6,15,0.80,true,0.08413,0.00310,0.27016,2.19784,0.00492,1.1158,0.1953,1.0569,0.11463,0.00446
12,hcp30,2,6,15,0.90,true,0.08188,0.00307,0.29365,2.22554,0.00500,1.1932,0.1724,1.1309,0.14233,0.00480
12,hcp30,2,6,15,1.00,true,0.07850,0.00301,0.31821,2.25564,0.00505,1.2672,0.1483,1.2087,0.17243,0.00509
12,hcp30,2,6,15,1.10,true,0.07525,0.00295,0.34346,2.28655,0.00509,1.3441,0.1267,1.2909,0.20334,0.00536
12,hcp30,2,6,15,1.20,true,0.07312,0.00291,0.36912,2.31696,0.00514,1.4278,0.1091,1.3783,0.23375,0.00562
12,hcp30,2,6,20,0.00,true,0.04013,0.00219,0.25572,2.22338,0.00388,0.8006,0.5178,0.9052,0.00000,0.00000
12,hcp30,2,6,20,0.10,true,0.04200,0.00224,0.25916,2.22548,0.00394,0.8513,0.4772,0.9234,0.00209,0.00110
12,hcp30,2,6,20,0.20,true,0.04288,0.00226,0.26574,2.23193,0.00398,0.9127,0.4406,0.9505,0.00854,0.00180
12,hcp30,2,6,20,0.30,true,0.04375,0.00229,0.27402,2.24024,0.00405,0.9608,0.3990,0.9826,0.01686,0.00225
12,hcp30,2,6,20,0.40,true,0.04500,0.00232,0.28443,2.25052,0.00413,1.0266,0.3675,1.0221,0.02714,0.00268
12,hcp30,2,6,20,0.50,true,0.04537,0.00233,0.29697,2.26403,0.00421,1.0865,0.3332,1.0678,0.04064,0.00312
12,hcp30,2,6,20,0.60,true,0.04537,0.00233,0.31099,2.27957,0.00428,1.1590,0.3080,1.1185,0.05619,0.00352
12,hcp30,2,6,20,0.70,true,0.04425,0.00230,0.32611,2.29752,0.00433,1.2219,0.2794,1.1725,0.07413,0.00385
12,hcp30,2,6,20,0.80,true,0.04400,0.00229,0.34222,2.31577,0.00440,1.2905,0.2547,1.2316,0.09238,0.00418
12,hcp30,2,6,20,0.90,true,0.04250,0.00226,0.36052,2.33771,0.00444,1.3628,0.2309,1.2973,0.11433,0.00453
12,hcp30,2,6,20,1.00,true,0.04250,0.00226,0.37853,2.35801,0.00451,1.4319,0.2076,1.3657,0.13462,0.00481
12,hcp30,2,6,20,1.10,true,0.04175,0.00224,0.39705,2.37975,0.00456,1.5019,0.1859,1.4369,0.15637,0.00505
12,hcp30,2,6,20,1.20,true,0.04038,0.00220,0.41611,2.40283,0.00459,1.5700,0.1644,1.5110,0.17944,0.00529
12,tour,3,12,10,0.00,true,0.38562,0.00544,0.00004,1.61441,0.00544,0.1660,0.6997,0.1928,0.17104,0.00549
12,tour,3,12,10,0.10,true,0.48400,0.00559,0.00015,1.51615,0.00559,0.2178,0.5012,0.2066,0.07278,0.00462
12,tour,3,12,10,0.20,true,0.54212,0.00557,0.00053,1.45841,0.00558,0.2793,0.2888,0.2591,0.01503,0.00343
12,tour,3,12,10,0.30,true,0.55637,0.00555,0.00149,1.44511,0.00557,0.3562,0.1598,0.3351,0.00174,0.00219
12,tour,3,12,10,0.40,true,0.56025,0.00555,0.00362,1.44337,0.00560,0.4421,0.0722,0.4311,0.00000,0.00000
12,tour,3,12,10,0.50,true,0.55412,0.00556,0.00697,1.45284,0.00565,0.5238,0.0306,0.5216,0.00947,0.00178
12,tour,3,12,10,0.60,true,0.54012,0.00557,0.01291,1.47278,0.00574,0.6192,0.0125,0.6211,0.02941,0.00246
12,tour,3,12,10,0.70,true,0.52700,0.00558,0.02158,1.49458,0.00585,0.7162,0.0042,0.7208,0.05121,0.00288
12,tour,3,12,10,0.80,true,0.51262,0.00559,0.03314,1.52051,0.00599,0.8142,0.0013,0.8196,0.07714,0.00322
12,tour,3,12,10,0.90,true,0.49662,0.00559,0.04768,1.55106,0.00615,0.9141,0.0002,0.9196,0.10768,0.00357
12,tour,3,12,10,1.00,true,0.48175,0.00559,0.06446,1.58271,0.00632,1.0125,0.0000,1.0177,0.13934,0.00388
12,tour,3,12,10,1.10,true,0.46850,0.00558,0.08324,1.61474,0.00649,1.1119,0.0000,1.1167,0.17137,0.00414
12,tour,3,12,10,1.20,true,0.45775,0.00557,0.10321,1.64546,0.00667,1.2130,0.0000,1.2176,0.20208,0.00439
12,tour,3,12,15,0.00,true,0.23700,0.00475,0.00079,1.76379,0.00476,0.2512,0.6273,0.2785,0.09846,0.00467
12,tour,3,12,15,0.10,true,0.28300,0.00504,0.00163,1.71863,0.00505,0.2954,0.4897,0.2899,0.05330,0.00402
12,tour,3,12,15,0.20,true,0.31588,0.00520,0.00339,1.68752,0.00523,0.3543,0.3609,0.3262,0.02219,0.00318
12,tour,3,12,15,0.30,true,0.33750,0.00529,0.00633,1.66883,0.00534,0.4150,0.2468,0.3832,0.00350,0.00214
12,tour,3,12,15,0.40,true,0.34563,0.00532,0.01095,1.66533,0.00542,0.4826,0.1551,0.4567,0.00000,0.00000
12,tour,3,12,15,0.50,true,0.34787,0.00533,0.01753,1.66966,0.00549,0.5566,0.0935,0.5392,0.00433,0.00187
12,tour,3,12,15,0.60,true,0.34800,0.00533,0.02672,1.67872,0.00557,0.6402,0.0518,0.6319,0.01339,0.00253
12,tour,3,12,15,0.70,true,0.34237,0.00531,0.03883,1.69645,0.00566,0.7319,0.0329,0.7265,0.03112,0.00288
12,tour,3,12,15,0.80,true,0.33613,0.00528,0.05356,1.71743,0.00576,0.8236,0.0162,0.8249,0.05210,0.00320
12,tour,3,12,15,0.90,true,0.32775,0.00525,0.07058,1.74283,0.00587,0.9167,0.0082,0.9212,0.07750,0.00344
12,tour,3,12,15,1.00,true,0.31862,0.00521,0.09020,1.77158,0.00598,1.0126,0.0033,1.0196,0.10625,0.00367
12,tour,3,12,15,1.10,true,0.30975,0.00517,0.11197,1.80222,0.00610,1.1125,0.0024,1.1191,0.13689,0.00389
12,tour,3,12,15,1.20,true,0.30188,0.00513,0.13481,1.83294,0.00623,1.2110,0.0014,1.2178,0.16761,0.00409
12,tour,3,12,20,0.00,true,0.16600,0.00416,0.00291,1.83691,0.00418,0.3216,0.5799,0.3605,0.05383,0.00385
12,tour,3,12,20,0.10,true,0.18738,0.00436,0.00479,1.81741,0.00439,0.3643,0.4765,0.3710,0.03433,0.00337
12,tour,3,12,20,0.20,true,0.20900,0.00455,0.00801,1.79901,0.00460,0.4160,0.3756,0.4009,0.01593,0.00275
12,tour,3,12,20,0.30,true,0.22787,0.00469,0.01285,1.78497,0.00478,0.4773,0.2887,0.4493,0.00189,0.00182
12,tour,3,12,20,0.40,true,0.23713,0.00476,0.02020,1.78308,0.00491,0.5448,0.2094,0.5139,0.00000,0.00000
12,tour,3,12,20,0.50,true,0.24100,0.00478,0.02860,1.78760,0.00500,0.6094,0.1551,0.5798,0.00452,0.00156
12,tour,3,12,20,0.60,true,0.24125,0.00478,0.04005,1.79880,0.00509,0.6854,0.1107,0.6593,0.01572,0.00214
12,tour,3,12,20,0.70,true,0.24250,0.00479,0.05379,1.81129,0.00521,0.7634,0.0743,0.7454,0.02821,0.00249
12,tour,3,12,20,0.80,true,0.24038,0.00478,0.07019,1.82982,0.00532,0.8493,0.0499,0.8374,0.04674,0.00284
12,tour,3,12,20,0.90,true,0.23825,0.00476,0.08882,1.85057,0.00544,0.9372,0.0304,0.9334,0.06749,0.00313
12,tour,3,12,20,1.00,true,0.23300,0.00473,0.10958,1.87658,0.00554,1.0263,0.0165,1.0300,0.09350,0.00336
12,tour,3,12,20,1.10,true,0.22862,0.00470,0.13190,1.90327,0.00565,1.1207,0.0094,1.1280,0.12019,0.00354
12,tour,3,12,20,1.20,true,0.22262,0.00465,0.15566,1.93304,0.00576,1.2170,0.0058,1.2258,0.14996,0.00374
12,tour,3,3,10,0.00,true,0.17363,0.00423,0.00010,1.82647,0.00424,0.0879,0.5548,0.2066,0.15448,0.00585
12,tour,3,3,10,0.10,true,0.25650,0.00488,0.00020,1.74370,0.00488,0.1909,0.3784,0.2290,0.07171,0.00506
12,tour,3,3,10,0.20,true,0.30050,0.00513,0.00057,1.70007,0.00513,0.2536,0.2219,0.2794,0.02808,0.00399
12,tour,3,3,10,0.30,true,0.32100,0.00522,0.00162,1.68062,0.00523,0.3187,0.1193,0.3469,0.00863,0.00272
12,tour,3,3,10,0.40,true,0.33187,0.00526,0.00386,1.67199,0.00530,0.3917,0.0597,0.4247,0.00000,0.00000
12,tour,3,3,10,0.50,true,0.33337,0.00527,0.00822,1.67484,0.00534,0.4726,0.0266,0.5107,0.00285,0.00246
12,tour,3,3,10,0.60,true,0.33550,0.00528,0.01524,1.67974,0.00541,0.5601,0.0107,0.6018,0.00775,0.00334
12,tour,3,3,10,0.70,true,0.33337,0.00527,0.02564,1.69227,0.00549,0.6517,0.0047,0.6953,0.02028,0.00393
12,tour,3,3,10,0.80,true,0.32800,0.00525,0.03989,1.71189,0.00559,0.7461,0.0019,0.7918,0.03990,0.00448
12,tour,3,3,10,0.90,true,0.32262,0.00523,0.05723,1.73461,0.00571,0.8383,0.0006,0.8859,0.06262,0.00491
12,tour,3,3,10,1.00,true,0.31962,0.00521,0.07762,1.75800,0.00586,0.9317,0.0000,0.9817,0.08601,0.00529
12,tour,3,3,10,1.10,true,0.31612,0.00520,0.10044,1.78432,0.00602,1.0251,0.0000,1.0774,0.11233,0.00561
12,tour,3,3,10,1.20,true,0.30762,0.00516,0.12646,1.81884,0.00617,1.1207,0.0000,1.1755,0.14685,0.00592
12,tour,3,3,15,0.00,true,0.11150,0.00352,0.00164,1.89014,0.00353,0.1351,0.5384,0.3015,0.07855,0.00511
12,tour,3,3,15,0.10,true,0.14188,0.00390,0.00214,1.86027,0.00391,0.2437,0.4034,0.3177,0.04868,0.00453
12,tour,3,3,15,0.20,true,0.17538,0.00425,0.00374,1.82837,0.00427,0.3196,0.2913,0.3604,0.01678,0.00371
12,tour,3,3,15,0.30,true,0.19112,0.00440,0.00665,1.81553,0.00444,0.3824,0.2012,0.4163,0.00394,0.00262
12,tour,3,3,15,0.40,true,0.20000,0.00447,0.01159,1.81159,0.00455,0.4495,0.1352,0.4845,0.00000,0.00000
12,tour,3,3,15,0.50,true,0.20475,0.00451,0.01879,1.81404,0.00464,0.5177,0.0838,0.5588,0.00245,0.00242
12,tour,3,3,15,0.60,true,0.20650,0.00453,0.02868,1.82218,0.00472,0.5919,0.0520,0.6390,0.01060,0.00333
12,tour,3,3,15,0.70,true,0.20262,0.00449,0.04253,1.83991,0.00479,0.6766,0.0334,0.7260,0.02832,0.00395
12,tour,3,3,15,0.80,true,0.20050,0.00448,0.05974,1.85924,0.00488,0.7628,0.0191,0.8173,0.04765,0.00445
12,tour,3,3,15,0.90,true,0.19775,0.00445,0.07963,1.88188,0.00499,0.8483,0.0097,0.9077,0.07030,0.00486
12,tour,3,3,15,1.00,true,0.20037,0.00448,0.10232,1.90195,0.00516,0.9408,0.0050,1.0034,0.09036,0.00517
12,tour,3,3,15,1.10,true,0.19825,0.00446,0.12773,1.92948,0.00530,1.0347,0.0027,1.0998,0.11790,0.00550
12,tour,3,3,15,1.20,true,0.19650,0.00444,0.15314,1.95665,0.00543,1.1244,0.0014,1.1914,0.14507,0.00573
12,tour,3,3,20,0.00,true,0.07762,0.00299,0.00747,1.92984,0.00303,0.1837,0.5398,0.4053,0.03877,0.00427
12,tour,3,3,20,0.10,true,0.10350,0.00341,0.00882,1.90532,0.00345,0.3119,0.4201,0.4201,0.01424,0.00358
12,tour,3,3,20,0.20,true,0.11588,0.00358,0.01175,1.89587,0.00365,0.3839,0.3321,0.4513,0.00480,0.00269
12,tour,3,3,20,0.30,true,0.12562,0.00371,0.01670,1.89107,0.00381,0.4483,0.2555,0.4981,0.00000,0.00000
12,tour,3,3,20,0.40,true,0.13075,0.00377,0.02390,1.89315,0.00392,0.5141,0.1936,0.5567,0.00207,0.00248
12,tour,3,3,20,0.50,true,0.13587,0.00383,0.03390,1.89802,0.00404,0.5839,0.1460,0.6248,0.00695,0.00335
12,tour,3,3,20,0.60,true,0.14062,0.00389,0.04643,1.90580,0.00418,0.6546,0.1057,0.6990,0.01473,0.00402
12,tour,3,3,20,0.70,true,0.14200,0.00390,0.06238,1.92038,0.00430,0.7310,0.0774,0.7791,0.02931,0.00442
12,tour,3,3,20,0.80,true,0.14175,0.00390,0.08058,1.93883,0.00441,0.8054,0.0516,0.8619,0.04776,0.00477
12,tour,3,3,20,0.90,true,0.14213,0.00390,0.10116,1.95904,0.00454,0.8854,0.0342,0.9483,0.06797,0.00505
12,tour,3,3,20,1.00,true,0.14088,0.00389,0.12445,1.98358,0.00465,0.9704,0.0221,1.0385,0.09250,0.00526
12,tour,3,3,20,1.10,true,0.13887,0.00387,0.14831,2.00944,0.00476,1.0528,0.0144,1.1257,0.11837,0.00544
12,tour,3,3,20,1.20,true,0.13825,0.00386,0.17441,2.03617,0.00488,1.1430,0.0091,1.2190,0.14510,0.00563
12,tour,3,6,10,0.00,true,0.24225,0.00479,0.00007,1.75782,0.00479,0.1576,0.6081,0.2004,0.10453,0.00446
12,tour,3,6,10,0.10,true,0.30488,0.00515,0.00003,1.69515,0.00515,0.2068,0.4033,0.2193,0.04186,0.00351
12,tour,3,6,10,0.20,true,0.33713,0.00529,0.00005,1.66293,0.00529,0.2671,0.2274,0.2697,0.00963,0.00230
12,tour,3,6,10,0.30,true,0.34687,0.00532,0.00017,1.65330,0.00532,0.3407,0.1125,0.3441,0.00000,0.00000
12,tour,3,6,10,0.40,true,0.34575,0.00532,0.00049,1.65474,0.00532,0.4221,0.0462,0.4315,0.00145,0.00194
12,tour,3,6,10,0.50,true,0.33425,0.00527,0.00122,1.66697,0.00528,0.5145,0.0173,0.5269,0.01367,0.00258
12,tour,3,6,10,0.60,true,0.31912,0.00521,0.00265,1.68352,0.00523,0.6105,0.0068,0.6234,0.03023,0.00293
12,tour,3,6,10,0.70,true,0.30462,0.00515,0.00530,1.70067,0.00519,0.7119,0.0011,0.7254,0.04737,0.00323
12,tour,3,6,10,0.80,true,0.29050,0.00508,0.00936,1.71886,0.00515,0.8114,0.0002,0.8240,0.06557,0.00345
12,tour,3,6,10,0.90,true,0.27463,0.00499,0.01562,1.74099,0.00510,0.9152,0.0000,0.9267,0.08770,0.00367
12,tour,3,6,10,1.00,true,0.25900,0.00490,0.02356,1.76456,0.00506,1.0132,0.0000,1.0238,0.11127,0.00390
12,tour,3,6,10,1.10,true,0.24400,0.00480,0.03389,1.78989,0.00503,1.1131,0.0000,1.1231,0.13660,0.00410
12,tour,3,6,10,1.20,true,0.22775,0.00469,0.04685,1.81911,0.00499,1.2155,0.0000,1.2249,0.16581,0.00429
12,tour,3,6,15,0.00,true,0.14288,0.00391,0.00095,1.85808,0.00392,0.2446,0.5558,0.2977,0.06112,0.00374
12,tour,3,6,15,0.10,true,0.16912,0.00419,0.00067,1.83155,0.00419,0.2924,0.4280,0.3139,0.03458,0.00329
12,tour,3,6,15,0.20,true,0.18700,0.00436,0.00079,1.81379,0.00436,0.3462,0.3061,0.3517,0.01683,0.00266
12,tour,3,6,15,0.30,true,0.19850,0.00446,0.00134,1.80284,0.00447,0.4073,0.2013,0.4093,0.00587,0.00193
12,tour,3,6,15,0.40,true,0.20550,0.00452,0.00246,1.79696,0.00453,0.4771,0.1205,0.4835,0.00000,0.00000
12,tour,3,6,15,0.50,true,0.20413,0.00451,0.00441,1.80029,0.00453,0.5581,0.0732,0.5667,0.00332,0.00153
12,tour,3,6,15,0.60,true,0.20062,0.00448,0.00752,1.80690,0.00452,0.6426,0.0383,0.6574,0.00993,0.00204
12,tour,3,6,15,0.70,true,0.19262,0.00441,0.01203,1.81941,0.00448,0.7358,0.0215,0.7524,0.02245,0.00248
12,tour,3,6,15,0.80,true,0.18500,0.00434,0.01819,1.83319,0.00445,0.8293,0.0095,0.8490,0.03622,0.00275
12,tour,3,6,15,0.90,true,0.17788,0.00428,0.02605,1.84818,0.00443,0.9252,0.0044,0.9455,0.05122,0.00295
12,tour,3,6,15,1.00,true,0.16775,0.00418,0.03667,1.86892,0.00439,1.0295,0.0020,1.0494,0.07196,0.00316
12,tour,3,6,15,1.10,true,0.15650,0.00406,0.04919,1.89270,0.00434,1.1316,0.0009,1.1506,0.09574,0.00338
12,tour,3,6,15,1.20,true,0.14375,0.00392,0.06318,1.91944,0.00427,1.2292,0.0003,1.2475,0.12248,0.00362
12,tour,3,6,20,0.00,true,0.09475,0.00327,0.00464,1.90989,0.00330,0.3229,0.5388,0.3992,0.03146,0.00300
12,tour,3,6,20,0.10,true,0.10825,0.00347,0.00380,1.89555,0.00349,0.3670,0.4393,0.4139,0.01712,0.00257
12,tour,3,6,20,0.20,true,0.11875,0.00362,0.00387,1.88512,0.00364,0.4180,0.3434,0.4457,0.00669,0.00212
12,tour,3,6,20,0.30,true,0.12537,0.00370,0.00487,1.87950,0.00373,0.4782,0.2654,0.4915,0.00107,0.00154
12,tour,3,6,20,0.40,true,0.12850,0.00374,0.00693,1.87843,0.00378,0.5427,0.1949,0.5514,0.00000,0.00000
12,tour,3,6,20,0.50,true,0.13150,0.00378,0.01013,1.87863,0.00383,0.6133,0.1403,0.6217,0.00020,0.00145
12,tour,3,6,20,0.60,true,0.13125,0.00378,0.01484,1.88360,0.00386,0.6904,0.0963,0.7024,0.00517,0.00197
12,tour,3,6,20,0.70,true,0.13012,0.00376,0.02077,1.89065,0.00388,0.7689,0.0650,0.7854,0.01222,0.00226
12,tour,3,6,20,0.80,true,0.12250,0.00367,0.02874,1.90624,0.00382,0.8559,0.0437,0.8751,0.02781,0.00248
12,tour,3,6,20,0.90,true,0.11737,0.00360,0.03815,1.92078,0.00380,0.9425,0.0268,0.9666,0.04235,0.00268
12,tour,3,6,20,1.00,true,0.11100,0.00351,0.04951,1.93853,0.00377,1.0338,0.0163,1.0607,0.06010,0.00285
12,tour,3,6,20,1.10,true,0.10225,0.00339,0.06330,1.96106,0.00371,1.1321,0.0097,1.1602,0.08264,0.00305
12,tour,3,6,20,1.20,true,0.09400,0.00326,0.07851,1.98454,0.00365,1.2290,0.0051,1.2584,0.10611,0.00324
12,scratch,3,12,10,0.00,true,0.34525,0.00532,0.00012,1.65487,0.00532,0.1793,0.6730,0.2064,0.14369,0.00501
12,scratch,3,12,10,0.10,true,0.42488,0.00553,0.00039,1.57551,0.00553,0.2280,0.4855,0.2201,0.06433,0.00410
12,scratch,3,12,10,0.20,true,0.47613,0.00558,0.00122,1.52509,0.00560,0.2882,0.2906,0.2707,0.01392,0.00266
12,scratch,3,12,10,0.30,true,0.49188,0.00559,0.00305,1.51118,0.00562,0.3620,0.1685,0.3426,0.00000,0.00000
12,scratch,3,12,10,0.40,true,0.49200,0.00559,0.00686,1.51486,0.00567,0.4485,0.0881,0.4348,0.00368,0.00225
12,scratch,3,12,10,0.50,true,0.48588,0.00559,0.01243,1.52656,0.00573,0.5271,0.0394,0.5239,0.01538,0.00292
12,scratch,3,12,10,0.60,true,0.47287,0.00558,0.02162,1.54875,0.00583,0.6214,0.0185,0.6225,0.03757,0.00338
12,scratch,3,12,10,0.70,true,0.46163,0.00557,0.03431,1.57268,0.00595,0.7181,0.0079,0.7222,0.06151,0.00369
12,scratch,3,12,10,0.80,true,0.44775,0.00556,0.05040,1.60265,0.00610,0.8150,0.0027,0.8210,0.09147,0.00397
12,scratch,3,12,10,0.90,true,0.43362,0.00554,0.06946,1.63583,0.00627,0.9134,0.0007,0.9201,0.12466,0.00425
12,scratch,3,12,10,1.00,true,0.42013,0.00552,0.09081,1.67068,0.00644,1.0112,0.0000,1.0179,0.15951,0.00452
12,scratch,3,12,10,1.10,true,0.40550,0.00549,0.11457,1.70908,0.00661,1.1111,0.0000,1.1173,0.19790,0.00479
12,scratch,3,12,10,1.20,true,0.39363,0.00546,0.13963,1.74601,0.00679,1.2127,0.0000,1.2186,0.23483,0.00504
12,scratch,3,12,15,0.00,true,0.19537,0.00443,0.00190,1.80653,0.00444,0.2694,0.6028,0.3018,0.07492,0.00422
12,scratch,3,12,15,0.10,true,0.23075,0.00471,0.00354,1.77279,0.00474,0.3125,0.4745,0.3141,0.04117,0.00358
12,scratch,3,12,15,0.20,true,0.25800,0.00489,0.00655,1.74855,0.00494,0.3710,0.3607,0.3487,0.01694,0.00290
12,scratch,3,12,15,0.30,true,0.27750,0.00501,0.01126,1.73376,0.00510,0.4284,0.2554,0.4016,0.00214,0.00205
12,scratch,3,12,15,0.40,true,0.28675,0.00506,0.01836,1.73161,0.00521,0.4961,0.1712,0.4714,0.00000,0.00000
12,scratch,3,12,15,0.50,true,0.28900,0.00507,0.02793,1.73893,0.00530,0.5663,0.1079,0.5499,0.00732,0.00185
12,scratch,3,12,15,0.60,true,0.28750,0.00506,0.04070,1.75320,0.00540,0.6455,0.0658,0.6367,0.02159,0.00239
12,scratch,3,12,15,0.70,true,0.28550,0.00505,0.05665,1.77115,0.00552,0.7346,0.0406,0.7308,0.03954,0.00280
12,scratch,3,12,15,0.80,true,0.28075,0.00502,0.07541,1.79466,0.00565,0.8259,0.0245,0.8266,0.06305,0.00311
12,scratch,3,12,15,0.90,true,0.27425,0.00499,0.09686,1.82261,0.00577,0.9173,0.0127,0.9231,0.09100,0.00338
12,scratch,3,12,15,1.00,true,0.26562,0.00494,0.12091,1.85529,0.00588,1.0128,0.0068,1.0211,0.12367,0.00364
12,scratch,3,12,15,1.10,true,0.25912,0.00490,0.14646,1.88734,0.00601,1.1098,0.0030,1.1200,0.15573,0.00385
12,scratch,3,12,15,1.20,true,0.25238,0.00486,0.17343,1.92107,0.00614,1.2093,0.0023,1.2190,0.18945,0.00405
12,scratch,3,12,20,0.00,true,0.13425,0.00381,0.00632,1.87207,0.00385,0.3440,0.5630,0.3953,0.03193,0.00315
12,scratch,3,12,20,0.10,true,0.15013,0.00399,0.00948,1.85935,0.00405,0.3879,0.4704,0.4063,0.01921,0.00264
12,scratch,3,12,20,0.20,true,0.16725,0.00417,0.01459,1.84734,0.00427,0.4382,0.3753,0.4360,0.00720,0.00188
12,scratch,3,12,20,0.30,true,0.18175,0.00431,0.02189,1.84014,0.00447,0.5003,0.2977,0.4819,0.00000,0.00000
12,scratch,3,12,20,0.40,true,0.19012,0.00439,0.03223,1.84211,0.00462,0.5639,0.2209,0.5427,0.00197,0.00166
12,scratch,3,12,20,0.50,true,0.19275,0.00441,0.04383,1.85108,0.00473,0.6295,0.1705,0.6062,0.01094,0.00221
12,scratch,3,12,20,0.60,true,0.19100,0.00439,0.05904,1.86804,0.00482,0.7016,0.1245,0.6815,0.02790,0.00263
12,scratch,3,12,20,0.70,true,0.19112,0.00440,0.07707,1.88595,0.00495,0.7783,0.0870,0.7652,0.04581,0.00297
12,scratch,3,12,20,0.80,true,0.18837,0.00437,0.09757,1.90920,0.00507,0.8600,0.0604,0.8528,0.06906,0.00324
12,scratch,3,12,20,0.90,true,0.18625,0.00435,0.12024,1.93399,0.00519,0.9468,0.0413,0.9451,0.09386,0.00349
12,scratch,3,12,20,1.00,true,0.18263,0.00432,0.14480,1.96219,0.00531,1.0342,0.0260,1.0394,0.12205,0.00370
12,scratch,3,12,20,1.10,true,0.17850,0.00428,0.17091,1.99242,0.00542,1.1242,0.0148,1.1358,0.15228,0.00387
12,scratch,3,12,20,1.20,true,0.17313,0.00423,0.19808,2.02497,0.00551,1.2185,0.0094,1.2323,0.18483,0.00407
12,scratch,3,3,10,0.00,true,0.16025,0.00410,0.00031,1.84006,0.00410,0.0977,0.5540,0.2225,0.13263,0.00581
12,scratch,3,3,10,0.10,true,0.23037,0.00471,0.00053,1.77016,0.00471,0.2013,0.3887,0.2430,0.06273,0.00511
12,scratch,3,3,10,0.20,true,0.27100,0.00497,0.00133,1.73033,0.00498,0.2644,0.2426,0.2906,0.02291,0.00410
12,scratch,3,3,10,0.30,true,0.29125,0.00508,0.00339,1.71214,0.00511,0.3298,0.1397,0.3568,0.00472,0.00282
12,scratch,3,3,10,0.40,true,0.30012,0.00512,0.00755,1.70742,0.00518,0.4010,0.0738,0.4336,0.00000,0.00000
12,scratch,3,3,10,0.50,true,0.29875,0.00512,0.01462,1.71587,0.00524,0.4797,0.0387,0.5167,0.00844,0.00248
12,scratch,3,3,10,0.60,true,0.29712,0.00511,0.02560,1.72848,0.00532,0.5666,0.0183,0.6083,0.02106,0.00348
12,scratch,3,3,10,0.70,true,0.29137,0.00508,0.04074,1.74936,0.00541,0.6565,0.0074,0.7021,0.04194,0.00415
12,scratch,3,3,10,0.80,true,0.28763,0.00506,0.05962,1.77199,0.00553,0.7491,0.0035,0.7969,0.06457,0.00464
12,scratch,3,3,10,0.90,true,0.28350,0.00504,0.08119,1.79769,0.00568,0.8396,0.0016,0.8894,0.09027,0.00503
12,scratch,3,3,10,1.00,true,0.27825,0.00501,0.10667,1.82842,0.00583,0.9338,0.0005,0.9862,0.12100,0.00543
12,scratch,3,3,10,1.10,true,0.27387,0.00499,0.13350,1.85964,0.00599,1.0263,0.0000,1.0812,0.15221,0.00577
12,scratch,3,3,10,1.20,true,0.26737,0.00495,0.16270,1.89534,0.00615,1.1214,0.0000,1.1789,0.18792,0.00604
12,scratch,3,3,15,0.00,true,0.09950,0.00335,0.00391,1.90441,0.00337,0.1587,0.5353,0.3306,0.06214,0.00500
12,scratch,3,3,15,0.10,true,0.12625,0.00371,0.00494,1.87869,0.00374,0.2665,0.4190,0.3451,0.03642,0.00452
12,scratch,3,3,15,0.20,true,0.15588,0.00406,0.00782,1.85194,0.00410,0.3392,0.3098,0.3847,0.00967,0.00373
12,scratch,3,3,15,0.30,true,0.16675,0.00417,0.01295,1.84620,0.00425,0.4015,0.2223,0.4374,0.00393,0.00270
12,scratch,3,3,15,0.40,true,0.17800,0.00428,0.02027,1.84227,0.00441,0.4651,0.1554,0.5017,0.00000,0.00000
12,scratch,3,3,15,0.50,true,0.17775,0.00427,0.03132,1.85357,0.00448,0.5351,0.1031,0.5758,0.01130,0.00264
12,scratch,3,3,15,0.60,true,0.17638,0.00426,0.04527,1.86889,0.00456,0.6059,0.0662,0.6536,0.02662,0.00355
12,scratch,3,3,15,0.70,true,0.17550,0.00425,0.06334,1.88784,0.00468,0.6875,0.0432,0.7391,0.04557,0.00408
12,scratch,3,3,15,0.80,true,0.17488,0.00425,0.08510,1.91023,0.00481,0.7744,0.0283,0.8302,0.06796,0.00454
12,scratch,3,3,15,0.90,true,0.17388,0.00424,0.10812,1.93425,0.00494,0.8561,0.0172,0.9172,0.09198,0.00495
12,scratch,3,3,15,1.00,true,0.17162,0.00422,0.13517,1.96356,0.00507,0.9471,0.0095,1.0130,0.12129,0.00532
12,scratch,3,3,15,1.10,true,0.16800,0.00418,0.16366,1.99568,0.00519,1.0376,0.0051,1.1072,0.15341,0.00560
12,scratch,3,3,15,1.20,true,0.16437,0.00414,0.19270,2.02835,0.00530,1.1287,0.0030,1.2007,0.18608,0.00584
12,scratch,3,3,20,0.00,true,0.07212,0.00289,0.01550,1.94338,0.00298,0.2255,0.5364,0.4524,0.01773,0.00417
12,scratch,3,3,20,0.10,true,0.08825,0.00317,0.01813,1.92988,0.00327,0.3522,0.4362,0.4655,0.00423,0.00353
12,scratch,3,3,20,0.20,true,0.09688,0.00331,0.02287,1.92599,0.00344,0.4189,0.3506,0.4941,0.00035,0.00260
12,scratch,3,3,20,0.30,true,0.10487,0.00343,0.03052,1.92565,0.00361,0.4839,0.2796,0.5384,0.00000,0.00000
12,scratch,3,3,20,0.40,true,0.11163,0.00352,0.04048,1.92885,0.00377,0.5435,0.2165,0.5921,0.00320,0.00246
12,scratch,3,3,20,0.50,true,0.11400,0.00355,0.05414,1.94015,0.00390,0.6119,0.1692,0.6563,0.01450,0.00343
12,scratch,3,3,20,0.60,true,0.11887,0.00362,0.07078,1.95191,0.00407,0.6844,0.1302,0.7291,0.02627,0.00406
12,scratch,3,3,20,0.70,true,0.11962,0.00363,0.08984,1.97022,0.00420,0.7539,0.0971,0.8039,0.04458,0.00445
12,scratch,3,3,20,0.80,true,0.11937,0.00362,0.11153,1.99217,0.00432,0.8290,0.0718,0.8847,0.06652,0.00474
12,scratch,3,3,20,0.90,true,0.11912,0.00362,0.13516,2.01605,0.00445,0.9060,0.0517,0.9686,0.09041,0.00497
12,scratch,3,3,20,1.00,true,0.11925,0.00362,0.16053,2.04130,0.00458,0.9851,0.0348,1.0558,0.11565,0.00518
12,scratch,3,3,20,1.10,true,0.11750,0.00360,0.18692,2.06945,0.00468,1.0663,0.0242,1.1429,0.14381,0.00533
12,scratch,3,3,20,1.20,true,0.11425,0.00356,0.21579,2.10159,0.00476,1.1556,0.0164,1.2367,0.17594,0.00546
12,scratch,3,6,10,0.00,true,0.20950,0.00455,0.00020,1.79070,0.00455,0.1692,0.5930,0.2166,0.08605,0.00413
12,scratch,3,6,10,0.10,true,0.26188,0.00492,0.00010,1.73823,0.00492,0.2171,0.4030,0.2353,0.03358,0.00330
12,scratch,3,6,10,0.20,true,0.28837,0.00506,0.00019,1.71181,0.00507,0.2762,0.2413,0.2827,0.00716,0.00228
12,scratch,3,6,10,0.30,true,0.29587,0.00510,0.00052,1.70465,0.00511,0.3481,0.1287,0.3538,0.00000,0.00000
12,scratch,3,6,10,0.40,true,0.29613,0.00510,0.00132,1.70520,0.00511,0.4285,0.0606,0.4389,0.00055,0.00190
12,scratch,3,6,10,0.50,true,0.28763,0.00506,0.00298,1.71535,0.00508,0.5186,0.0256,0.5328,0.01071,0.00247
12,scratch,3,6,10,0.60,true,0.27600,0.00500,0.00587,1.72987,0.00504,0.6122,0.0105,0.6279,0.02522,0.00282
12,scratch,3,6,10,0.70,true,0.26312,0.00492,0.01069,1.74757,0.00500,0.7117,0.0036,0.7279,0.04292,0.00312
12,scratch,3,6,10,0.80,true,0.24975,0.00484,0.01763,1.76789,0.00496,0.8104,0.0008,0.8264,0.06324,0.00337
12,scratch,3,6,10,0.90,true,0.23725,0.00476,0.02761,1.79037,0.00494,0.9147,0.0002,0.9297,0.08572,0.00358
12,scratch,3,6,10,1.00,true,0.22412,0.00466,0.03960,1.81548,0.00492,1.0123,0.0000,1.0264,0.11084,0.00377
12,scratch,3,6,10,1.10,true,0.20713,0.00453,0.05470,1.84759,0.00488,1.1127,0.0000,1.1260,0.14295,0.00402
12,scratch,3,6,10,1.20,true,0.19137,0.00440,0.07248,1.88113,0.00483,1.2141,0.0000,1.2267,0.17649,0.00422
12,scratch,3,6,15,0.00,true,0.11975,0.00363,0.00233,1.88258,0.00364,0.2622,0.5457,0.3275,0.04196,0.00340
12,scratch,3,6,15,0.10,true,0.13637,0.00384,0.00189,1.86552,0.00385,0.3077,0.4245,0.3432,0.02489,0.00292
12,scratch,3,6,15,0.20,true,0.15238,0.00402,0.00226,1.84988,0.00403,0.3627,0.3143,0.3801,0.00925,0.00239
12,scratch,3,6,15,0.30,true,0.16012,0.00410,0.00352,1.84340,0.00412,0.4223,0.2160,0.4344,0.00277,0.00171
12,scratch,3,6,15,0.40,true,0.16525,0.00415,0.00588,1.84063,0.00419,0.4901,0.1396,0.5036,0.00000,0.00000
12,scratch,3,6,15,0.50,true,0.16637,0.00416,0.00965,1.84328,0.00422,0.5678,0.0874,0.5842,0.00265,0.00146
12,scratch,3,6,15,0.60,true,0.16487,0.00415,0.01515,1.85027,0.00424,0.6518,0.0525,0.6719,0.00965,0.00195
12,scratch,3,6,15,0.70,true,0.15850,0.00408,0.02269,1.86420,0.00422,0.7395,0.0285,0.7642,0.02357,0.00234
12,scratch,3,6,15,0.80,true,0.15250,0.00402,0.03229,1.87980,0.00421,0.8329,0.0167,0.8588,0.03917,0.00264
12,scratch,3,6,15,0.90,true,0.14400,0.00393,0.04415,1.90017,0.00418,0.9263,0.0079,0.9544,0.05954,0.00290
12,scratch,3,6,15,1.00,true,0.13612,0.00383,0.05925,1.92315,0.00416,1.0300,0.0041,1.0578,0.08252,0.00313
12,scratch,3,6,15,1.10,true,0.12550,0.00370,0.07646,1.95099,0.00412,1.1304,0.0019,1.1579,0.11037,0.00333
12,scratch,3,6,15,1.20,true,0.11463,0.00356,0.09485,1.98028,0.00405,1.2269,0.0010,1.2534,0.13965,0.00352
12,scratch,3,6,20,0.00,true,0.07387,0.00292,0.01056,1.93668,0.00298,0.3463,0.5308,0.4464,0.02109,0.00234
12,scratch,3,6,20,0.10,true,0.08450,0.00311,0.00951,1.92501,0.00316,0.3885,0.4373,0.4617,0.00942,0.00193
12,scratch,3,6,20,0.20,true,0.09362,0.00326,0.01000,1.91637,0.00331,0.4405,0.3502,0.4931,0.00078,0.00132
12,scratch,3,6,20,0.30,true,0.09650,0.00330,0.01209,1.91559,0.00336,0.4985,0.2763,0.5360,0.00000,0.00000
12,scratch,3,6,20,0.40,true,0.10025,0.00336,0.01593,1.91569,0.00344,0.5626,0.2102,0.5932,0.00010,0.00132
12,scratch,3,6,20,0.50,true,0.10150,0.00338,0.02157,1.92007,0.00349,0.6312,0.1560,0.6601,0.00448,0.00183
12,scratch,3,6,20,0.60,true,0.10175,0.00338,0.02912,1.92738,0.00354,0.7070,0.1141,0.7360,0.01179,0.00216
12,scratch,3,6,20,0.70,true,0.09913,0.00334,0.03839,1.93928,0.00355,0.7809,0.0799,0.8143,0.02369,0.00238
12,scratch,3,6,20,0.80,true,0.09550,0.00329,0.05012,1.95464,0.00356,0.8670,0.0565,0.9021,0.03905,0.00260
12,scratch,3,6,20,0.90,true,0.08975,0.00320,0.06368,1.97396,0.00353,0.9513,0.0378,0.9905,0.05838,0.00278
12,scratch,3,6,20,1.00,true,0.08425,0.00311,0.07931,1.99510,0.00352,1.0407,0.0244,1.0832,0.07951,0.00297
12,scratch,3,6,20,1.10,true,0.07775,0.00299,0.09766,2.01997,0.00349,1.1364,0.0153,1.1809,0.10438,0.00315
12,scratch,3,6,20,1.20,true,0.07125,0.00288,0.11697,2.04581,0.00345,1.2309,0.0096,1.2765,0.13022,0.00332
12,mid,3,12,10,0.00,true,0.27575,0.00500,0.00058,1.72483,0.00500,0.1936,0.6313,0.2265,0.09950,0.00473
12,mid,3,12,10,0.10,true,0.33000,0.00526,0.00159,1.67159,0.00527,0.2416,0.4567,0.2421,0.04627,0.00381
12,mid,3,12,10,0.20,true,0.36638,0.00539,0.00411,1.63774,0.00542,0.2993,0.2876,0.2889,0.01241,0.00258
12,mid,3,12,10,0.30,true,0.38375,0.00544,0.00907,1.62532,0.00553,0.3719,0.1726,0.3592,0.00000,0.00000
12,mid,3,12,10,0.40,true,0.38325,0.00544,0.01819,1.63495,0.00561,0.4559,0.0983,0.4459,0.00962,0.00222
12,mid,3,12,10,0.50,true,0.37675,0.00542,0.03020,1.65345,0.00571,0.5352,0.0564,0.5306,0.02813,0.00287
12,mid,3,12,10,0.60,true,0.36900,0.00539,0.04757,1.67857,0.00585,0.6252,0.0271,0.6275,0.05325,0.00336
12,mid,3,12,10,0.70,true,0.35763,0.00536,0.06934,1.71172,0.00600,0.7198,0.0142,0.7250,0.08639,0.00372
12,mid,3,12,10,0.80,true,0.34400,0.00531,0.09470,1.75070,0.00616,0.8142,0.0067,0.8219,0.12538,0.00404
12,mid,3,12,10,0.90,true,0.33187,0.00526,0.12296,1.79110,0.00633,0.9118,0.0030,0.9207,0.16577,0.00433
12,mid,3,12,10,1.00,true,0.31850,0.00521,0.15285,1.83437,0.00649,1.0077,0.0013,1.0171,0.20905,0.00458
12,mid,3,12,10,1.10,true,0.30450,0.00515,0.18520,1.88073,0.00663,1.1072,0.0002,1.1170,0.25540,0.00486
12,mid,3,12,10,1.20,true,0.29525,0.00510,0.21736,1.92216,0.00679,1.2088,0.0000,1.2184,0.29683,0.00507
12,mid,3,12,15,0.00,true,0.14625,0.00395,0.00645,1.86021,0.00399,0.2922,0.5772,0.3410,0.03376,0.00336
12,mid,3,12,15,0.10,true,0.17150,0.00421,0.01027,1.83877,0.00428,0.3364,0.4638,0.3546,0.01232,0.00272
12,mid,3,12,15,0.20,true,0.18775,0.00437,0.01686,1.82911,0.00449,0.3914,0.3600,0.3869,0.00266,0.00193
12,mid,3,12,15,0.30,true,0.20000,0.00447,0.02645,1.82645,0.00467,0.4491,0.2662,0.4365,0.00000,0.00000
12,mid,3,12,15,0.40,true,0.20738,0.00453,0.03986,1.83249,0.00484,0.5154,0.1869,0.5027,0.00604,0.00187
12,mid,3,12,15,0.50,true,0.20788,0.00454,0.05605,1.84818,0.00496,0.5824,0.1292,0.5739,0.02173,0.00241
12,mid,3,12,15,0.60,true,0.20725,0.00453,0.07649,1.86925,0.00511,0.6581,0.0828,0.6572,0.04281,0.00288
12,mid,3,12,15,0.70,true,0.20588,0.00452,0.10010,1.89424,0.00526,0.7415,0.0537,0.7456,0.06779,0.00318
12,mid,3,12,15,0.80,true,0.20162,0.00449,0.12687,1.92526,0.00540,0.8304,0.0349,0.8384,0.09882,0.00349
12,mid,3,12,15,0.90,true,0.19612,0.00444,0.15563,1.95954,0.00553,0.9215,0.0239,0.9315,0.13309,0.00373
12,mid,3,12,15,1.00,true,0.19100,0.00439,0.18655,1.99560,0.00566,1.0125,0.0130,1.0278,0.16915,0.00393
12,mid,3,12,15,1.10,true,0.18425,0.00433,0.21899,2.03480,0.00576,1.1076,0.0074,1.1252,0.20835,0.00412
12,mid,3,12,15,1.20,true,0.17600,0.00426,0.25229,2.07637,0.00583,1.2033,0.0041,1.2221,0.24993,0.00430
12,mid,3,12,20,0.00,true,0.09150,0.00322,0.01979,1.92829,0.00334,0.3755,0.5447,0.4571,0.00527,0.00161
12,mid,3,12,20,0.10,true,0.10287,0.00340,0.02589,1.92302,0.00356,0.4206,0.4620,0.4704,0.00000,0.00000
12,mid,3,12,20,0.20,true,0.11213,0.00353,0.03525,1.92313,0.00376,0.4698,0.3780,0.4984,0.00011,0.00156
12,mid,3,12,20,0.30,true,0.12050,0.00364,0.04782,1.92732,0.00397,0.5272,0.3056,0.5403,0.00430,0.00220
12,mid,3,12,20,0.40,true,0.12675,0.00372,0.06472,1.93798,0.00417,0.5914,0.2366,0.5977,0.01495,0.00267
12,mid,3,12,20,0.50,true,0.12750,0.00373,0.08258,1.95509,0.00430,0.6513,0.1850,0.6562,0.03207,0.00298
12,mid,3,12,20,0.60,true,0.12600,0.00371,0.10484,1.97886,0.00442,0.7217,0.1412,0.7267,0.05584,0.00328
12,mid,3,12,20,0.70,true,0.12337,0.00368,0.12966,2.00631,0.00453,0.7973,0.1085,0.8026,0.08329,0.00351
12,mid,3,12,20,0.80,true,0.12125,0.00365,0.15703,2.03582,0.00466,0.8739,0.0777,0.8857,0.11280,0.00373
12,mid,3,12,20,0.90,true,0.11887,0.00362,0.18581,2.06699,0.00477,0.9552,0.0565,0.9714,0.14396,0.00391
12,mid,3,12,20,1.00,true,0.11538,0.00357,0.21667,2.10137,0.00487,1.0417,0.0400,1.0624,0.17835,0.00411
12,mid,3,12,20,1.10,true,0.11350,0.00355,0.24787,2.13447,0.00498,1.1303,0.0278,1.1554,0.21144,0.00426
12,mid,3,12,20,1.20,true,0.11063,0.00351,0.27922,2.16873,0.00506,1.2169,0.0167,1.2485,0.24570,0.00437
12,mid,3,3,10,0.00,true,0.14363,0.00392,0.00140,1.85778,0.00393,0.1206,0.5533,0.2504,0.08902,0.00545
12,mid,3,3,10,0.10,true,0.19412,0.00442,0.00213,1.80801,0.00444,0.2195,0.4062,0.2672,0.03925,0.00452
12,mid,3,3,10,0.20,true,0.22662,0.00468,0.00457,1.77795,0.00471,0.2833,0.2732,0.3112,0.00919,0.00326
12,mid,3,3,10,0.30,true,0.24113,0.00478,0.00988,1.76876,0.00486,0.3474,0.1678,0.3747,0.00000,0.00000
12,mid,3,3,10,0.40,true,0.24300,0.00480,0.01893,1.77594,0.00494,0.4151,0.0936,0.4488,0.00718,0.00297
12,mid,3,3,10,0.50,true,0.23925,0.00477,0.03292,1.79368,0.00502,0.4934,0.0537,0.5315,0.02492,0.00384
12,mid,3,3,10,0.60,true,0.24238,0.00479,0.05120,1.80884,0.00518,0.5777,0.0299,0.6210,0.04008,0.00452
12,mid,3,3,10,0.70,true,0.23650,0.00475,0.07401,1.83753,0.00530,0.6621,0.0144,0.7109,0.06878,0.00497
12,mid,3,3,10,0.80,true,0.23337,0.00473,0.10141,1.86808,0.00547,0.7549,0.0070,0.8076,0.09932,0.00541
12,mid,3,3,10,0.90,true,0.22675,0.00468,0.13052,1.90383,0.00561,0.8437,0.0037,0.8988,0.13507,0.00573
12,mid,3,3,10,1.00,true,0.22162,0.00464,0.16255,1.94101,0.00576,0.9365,0.0016,0.9947,0.17225,0.00605
12,mid,3,3,10,1.10,true,0.21575,0.00460,0.19567,1.98005,0.00590,1.0294,0.0008,1.0902,0.21129,0.00635
12,mid,3,3,10,1.20,true,0.20913,0.00455,0.22929,2.02034,0.00602,1.1221,0.0002,1.1860,0.25158,0.00656
12,mid,3,3,15,0.00,true,0.08513,0.00312,0.01281,1.92769,0.00319,0.2127,0.5315,0.3852,0.02791,0.00412
12,mid,3,3,15,0.10,true,0.10662,0.00345,0.01570,1.90907,0.00354,0.3105,0.4361,0.3982,0.00929,0.00293
12,mid,3,3,15,0.20,true,0.12250,0.00367,0.02227,1.89978,0.00380,0.3785,0.3400,0.4319,0.00000,0.00000
12,mid,3,3,15,0.30,true,0.12700,0.00372,0.03250,1.90551,0.00393,0.4384,0.2563,0.4803,0.00573,0.00279
12,mid,3,3,15,0.40,true,0.13687,0.00384,0.04581,1.90895,0.00414,0.4997,0.1910,0.5399,0.00917,0.00377
12,mid,3,3,15,0.50,true,0.14075,0.00389,0.06368,1.92295,0.00431,0.5661,0.1353,0.6106,0.02317,0.00437
12,mid,3,3,15,0.60,true,0.13787,0.00385,0.08457,1.94673,0.00441,0.6346,0.0958,0.6847,0.04695,0.00480
12,mid,3,3,15,0.70,true,0.13625,0.00384,0.10962,1.97342,0.00454,0.7098,0.0637,0.7675,0.07364,0.00511
12,mid,3,3,15,0.80,true,0.13375,0.00381,0.13765,2.00398,0.00467,0.7905,0.0424,0.8546,0.10420,0.00536
12,mid,3,3,15,0.90,true,0.12925,0.00375,0.16742,2.03828,0.00477,0.8739,0.0299,0.9422,0.13850,0.00553
12,mid,3,3,15,1.00,true,0.12687,0.00372,0.19974,2.07301,0.00489,0.9631,0.0196,1.0369,0.17323,0.00571
12,mid,3,3,15,1.10,true,0.12487,0.00370,0.23254,2.10786,0.00501,1.0524,0.0119,1.1321,0.20808,0.00586
12,mid,3,3,15,1.20,true,0.11812,0.00361,0.26488,2.14701,0.00504,1.1384,0.0075,1.2220,0.24723,0.00593
12,mid,3,3,20,0.00,true,0.05912,0.00264,0.04359,1.98448,0.00290,0.3268,0.5338,0.5454,0.00216,0.00311
12,mid,3,3,20,0.10,true,0.06700,0.00280,0.04931,1.98233,0.00310,0.4349,0.4504,0.5571,0.00000,0.00000
12,mid,3,3,20,0.20,true,0.07187,0.00289,0.05838,1.98653,0.00326,0.4968,0.3805,0.5841,0.00420,0.00263
12,mid,3,3,20,0.30,true,0.07512,0.00295,0.07128,1.99618,0.00341,0.5543,0.3157,0.6231,0.01386,0.00348
12,mid,3,3,20,0.40,true,0.08100,0.00305,0.08683,2.00587,0.00361,0.6112,0.2592,0.6719,0.02355,0.00394
12,mid,3,3,20,0.50,true,0.08837,0.00317,0.10502,2.01670,0.00386,0.6697,0.2090,0.7297,0.03437,0.00430
12,mid,3,3,20,0.60,true,0.09012,0.00320,0.12644,2.03640,0.00402,0.7356,0.1691,0.7942,0.05407,0.00450
12,mid,3,3,20,0.70,true,0.09025,0.00320,0.15038,2.06024,0.00415,0.8038,0.1337,0.8662,0.07791,0.00471
12,mid,3,3,20,0.80,true,0.08875,0.00318,0.17635,2.08774,0.00426,0.8755,0.1052,0.9428,0.10542,0.00486
12,mid,3,3,20,0.90,true,0.08875,0.00318,0.20334,2.11478,0.00439,0.9467,0.0796,1.0230,0.13245,0.00502
12,mid,3,3,20,1.00,true,0.08463,0.00311,0.23211,2.14774,0.00444,1.0234,0.0616,1.1053,0.16541,0.00509
12,mid,3,3,20,1.10,true,0.08300,0.00308,0.26064,2.17796,0.00452,1.1012,0.0476,1.1897,0.19564,0.00521
12,mid,3,3,20,1.20,true,0.08175,0.00306,0.29018,2.20884,0.00460,1.1824,0.0346,1.2791,0.22651,0.00531
12,mid,3,6,10,0.00,true,0.16300,0.00413,0.00097,1.83797,0.00413,0.1867,0.5741,0.2455,0.05961,0.00368
12,mid,3,6,10,0.10,true,0.19825,0.00446,0.00069,1.80244,0.00446,0.2338,0.4021,0.2647,0.02409,0.00297
12,mid,3,6,10,0.20,true,0.21650,0.00460,0.00112,1.78462,0.00461,0.2916,0.2569,0.3094,0.00626,0.00204
12,mid,3,6,10,0.30,true,0.22412,0.00466,0.00248,1.77835,0.00468,0.3600,0.1464,0.3765,0.00000,0.00000
12,mid,3,6,10,0.40,true,0.22650,0.00468,0.00517,1.77867,0.00471,0.4360,0.0779,0.4554,0.00032,0.00163
12,mid,3,6,10,0.50,true,0.22025,0.00463,0.00999,1.78975,0.00470,0.5227,0.0378,0.5453,0.01139,0.00225
12,mid,3,6,10,0.60,true,0.21175,0.00457,0.01736,1.80561,0.00468,0.6138,0.0171,0.6387,0.02726,0.00262
12,mid,3,6,10,0.70,true,0.20100,0.00448,0.02811,1.82713,0.00466,0.7121,0.0077,0.7373,0.04878,0.00293
12,mid,3,6,10,0.80,true,0.18850,0.00437,0.04197,1.85350,0.00463,0.8095,0.0034,0.8343,0.07515,0.00319
12,mid,3,6,10,0.90,true,0.17713,0.00427,0.05988,1.88281,0.00463,0.9120,0.0008,0.9366,0.10446,0.00341
12,mid,3,6,10,1.00,true,0.16650,0.00416,0.07979,1.91338,0.00463,1.0095,0.0003,1.0331,0.13502,0.00362
12,mid,3,6,10,1.10,true,0.15438,0.00404,0.10296,1.94873,0.00462,1.1090,0.0001,1.1316,0.17038,0.00383
12,mid,3,6,10,1.20,true,0.14300,0.00391,0.12897,1.98618,0.00461,1.2099,0.0000,1.2318,0.20783,0.00402
12,mid,3,6,15,0.00,true,0.08563,0.00313,0.00945,1.92383,0.00318,0.2852,0.5318,0.3826,0.02253,0.00258
12,mid,3,6,15,0.10,true,0.09963,0.00335,0.00884,1.90921,0.00339,0.3324,0.4248,0.4005,0.00792,0.00214
12,mid,3,6,15,0.20,true,0.10812,0.00347,0.01028,1.90216,0.00353,0.3874,0.3275,0.4353,0.00087,0.00156
12,mid,3,6,15,0.30,true,0.11263,0.00353,0.01391,1.90130,0.00361,0.4460,0.2378,0.4860,0.00000,0.00000
12,mid,3,6,15,0.40,true,0.11700,0.00359,0.01980,1.90281,0.00370,0.5107,0.1659,0.5495,0.00152,0.00141
12,mid,3,6,15,0.50,true,0.11625,0.00358,0.02841,1.91218,0.00374,0.5805,0.1040,0.6253,0.01088,0.00201
12,mid,3,6,15,0.60,true,0.11313,0.00354,0.03979,1.92670,0.00376,0.6636,0.0713,0.7073,0.02540,0.00229
12,mid,3,6,15,0.70,true,0.11025,0.00350,0.05376,1.94356,0.00380,0.7477,0.0441,0.7951,0.04227,0.00256
12,mid,3,6,15,0.80,true,0.10550,0.00343,0.07081,1.96540,0.00383,0.8383,0.0263,0.8883,0.06411,0.00285
12,mid,3,6,15,0.90,true,0.10038,0.00336,0.09009,1.98984,0.00385,0.9306,0.0163,0.9814,0.08855,0.00307
12,mid,3,6,15,1.00,true,0.09513,0.00328,0.11308,2.01814,0.00388,1.0288,0.0083,1.0812,0.11685,0.00324
12,mid,3,6,15,1.10,true,0.09000,0.00320,0.13775,2.04802,0.00390,1.1280,0.0045,1.1801,0.14672,0.00340
12,mid,3,6,15,1.20,true,0.08338,0.00309,0.16303,2.08002,0.00389,1.2219,0.0022,1.2738,0.17872,0.00354
12,mid,3,6,20,0.00,true,0.05112,0.00246,0.03743,1.98631,0.00267,0.3799,0.5246,0.5403,0.01010,0.00178
12,mid,3,6,20,0.10,true,0.05638,0.00258,0.03661,1.98025,0.00278,0.4204,0.4383,0.5567,0.00403,0.00136
12,mid,3,6,20,0.20,true,0.06250,0.00271,0.03869,1.97621,0.00292,0.4716,0.3584,0.5882,0.00000,0.00000
12,mid,3,6,20,0.30,true,0.06425,0.00274,0.04364,1.97942,0.00298,0.5284,0.2912,0.6289,0.00321,0.00102
12,mid,3,6,20,0.40,true,0.06638,0.00278,0.05157,1.98524,0.00307,0.5914,0.2297,0.6828,0.00903,0.00156
12,mid,3,6,20,0.50,true,0.06563,0.00277,0.06200,1.99644,0.00311,0.6555,0.1778,0.7431,0.02023,0.00186
12,mid,3,6,20,0.60,true,0.06375,0.00273,0.07540,2.01174,0.00315,0.7282,0.1358,0.8133,0.03552,0.00218
12,mid,3,6,20,0.70,true,0.06350,0.00273,0.09066,2.02729,0.00323,0.8003,0.1008,0.8879,0.05107,0.00241
12,mid,3,6,20,0.80,true,0.05950,0.00264,0.10905,2.04973,0.00324,0.8795,0.0727,0.9693,0.07351,0.00259
12,mid,3,6,20,0.90,true,0.05750,0.00260,0.12916,2.07190,0.00329,0.9637,0.0542,1.0539,0.09569,0.00277
12,mid,3,6,20,1.00,true,0.05250,0.00249,0.15176,2.09958,0.00328,1.0495,0.0380,1.1424,0.12337,0.00297
12,mid,3,6,20,1.10,true,0.05038,0.00245,0.17617,2.12622,0.00333,1.1408,0.0254,1.2365,0.15001,0.00315
12,mid,3,6,20,1.20,true,0.04700,0.00237,0.20132,2.15486,0.00334,1.2311,0.0165,1.3290,0.17865,0.00329
12,high,3,12,10,0.00,true,0.22137,0.00464,0.00224,1.78087,0.00466,0.2123,0.6030,0.2510,0.06579,0.00430
12,high,3,12,10,0.10,true,0.26250,0.00492,0.00479,1.74229,0.00496,0.2591,0.4442,0.2680,0.02722,0.00350
12,high,3,12,10,0.20,true,0.28900,0.00507,0.01037,1.72137,0.00515,0.3164,0.2957,0.3122,0.00629,0.00240
12,high,3,12,10,0.30,true,0.30488,0.00515,0.01995,1.71508,0.00532,0.3861,0.1885,0.3780,0.00000,0.00000
12,high,3,12,10,0.40,true,0.30462,0.00515,0.03540,1.73078,0.00546,0.4666,0.1159,0.4592,0.01571,0.00212
12,high,3,12,10,0.50,true,0.29850,0.00512,0.05424,1.75575,0.00559,0.5434,0.0725,0.5401,0.04067,0.00281
12,high,3,12,10,0.60,true,0.28963,0.00507,0.07978,1.79018,0.00575,0.6292,0.0396,0.6327,0.07510,0.00330
12,high,3,12,10,0.70,true,0.28200,0.00503,0.10949,1.82752,0.00593,0.7215,0.0223,0.7288,0.11244,0.00368
12,high,3,12,10,0.80,true,0.27350,0.00498,0.14251,1.86906,0.00612,0.8159,0.0122,0.8260,0.15398,0.00399
12,high,3,12,10,0.90,true,0.26300,0.00492,0.17807,1.91515,0.00629,0.9121,0.0063,0.9242,0.20007,0.00430
12,high,3,12,10,1.00,true,0.25300,0.00486,0.21429,1.96141,0.00644,1.0084,0.0030,1.0218,0.24633,0.00457
12,high,3,12,10,1.10,true,0.24425,0.00480,0.25110,2.00701,0.00659,1.1074,0.0015,1.1213,0.29193,0.00480
12,high,3,12,10,1.20,true,0.23513,0.00474,0.28784,2.05295,0.00671,1.2068,0.0005,1.2210,0.33787,0.00500
12,high,3,12,15,0.00,true,0.11288,0.00354,0.01676,1.90390,0.00364,0.3210,0.5635,0.3867,0.01266,0.00256
12,high,3,12,15,0.10,true,0.13100,0.00377,0.02333,1.89234,0.00393,0.3619,0.4579,0.4009,0.00110,0.00184
12,high,3,12,15,0.20,true,0.14288,0.00391,0.03410,1.89124,0.00415,0.4175,0.3662,0.4319,0.00000,0.00000
12,high,3,12,15,0.30,true,0.15075,0.00400,0.04875,1.89802,0.00435,0.4724,0.2805,0.4774,0.00678,0.00167
12,high,3,12,15,0.40,true,0.15675,0.00406,0.06840,1.91168,0.00457,0.5392,0.2105,0.5388,0.02044,0.00236
12,high,3,12,15,0.50,true,0.15737,0.00407,0.09086,1.93353,0.00473,0.6043,0.1538,0.6061,0.04229,0.00282
12,high,3,12,15,0.60,true,0.15650,0.00406,0.11709,1.96065,0.00489,0.6748,0.1076,0.6820,0.06941,0.00313
12,high,3,12,15,0.70,true,0.15513,0.00405,0.14702,1.99198,0.00506,0.7538,0.0734,0.7664,0.10074,0.00347
12,high,3,12,15,0.80,true,0.15025,0.00399,0.17971,2.02959,0.00519,0.8368,0.0487,0.8549,0.13835,0.00376
12,high,3,12,15,0.90,true,0.14800,0.00397,0.21328,2.06545,0.00534,0.9242,0.0335,0.9456,0.17421,0.00397
12,high,3,12,15,1.00,true,0.14338,0.00392,0.24878,2.10563,0.00545,1.0166,0.0247,1.0388,0.21439,0.00416
12,high,3,12,15,1.10,true,0.13900,0.00387,0.28497,2.14628,0.00555,1.1083,0.0155,1.1345,0.25504,0.00435
12,high,3,12,15,1.20,true,0.13400,0.00381,0.32113,2.18754,0.00562,1.2010,0.0089,1.2307,0.29630,0.00451
12,high,3,12,20,0.00,true,0.06450,0.00275,0.04743,1.98298,0.00304,0.4106,0.5367,0.5268,0.00000,0.00000
12,high,3,12,20,0.10,true,0.07200,0.00289,0.05671,1.98476,0.00325,0.4552,0.4617,0.5411,0.00178,0.00139
12,high,3,12,20,0.20,true,0.07850,0.00301,0.07033,1.99189,0.00347,0.5085,0.3904,0.5691,0.00891,0.00197
12,high,3,12,20,0.30,true,0.08313,0.00309,0.08741,2.00435,0.00368,0.5587,0.3190,0.6075,0.02138,0.00235
12,high,3,12,20,0.40,true,0.08937,0.00319,0.10923,2.01994,0.00393,0.6234,0.2583,0.6609,0.03696,0.00275
12,high,3,12,20,0.50,true,0.09150,0.00322,0.13153,2.04013,0.00410,0.6784,0.2065,0.7154,0.05715,0.00301
12,high,3,12,20,0.60,true,0.09262,0.00324,0.15848,2.06600,0.00428,0.7495,0.1661,0.7821,0.08302,0.00330
12,high,3,12,20,0.70,true,0.09187,0.00323,0.18758,2.09589,0.00442,0.8196,0.1294,0.8540,0.11291,0.00355
12,high,3,12,20,0.80,true,0.08912,0.00319,0.21880,2.12991,0.00452,0.8969,0.1028,0.9308,0.14694,0.00375
12,high,3,12,20,0.90,true,0.08825,0.00317,0.25105,2.16311,0.00465,0.9731,0.0761,1.0135,0.18013,0.00395
12,high,3,12,20,1.00,true,0.08588,0.00313,0.28418,2.19871,0.00474,1.0545,0.0574,1.0986,0.21573,0.00410
12,high,3,12,20,1.10,true,0.08350,0.00309,0.31784,2.23485,0.00481,1.1397,0.0428,1.1875,0.25188,0.00425
12,high,3,12,20,1.20,true,0.08200,0.00307,0.35111,2.26975,0.00488,1.2281,0.0324,1.2785,0.28678,0.00438
12,high,3,3,10,0.00,true,0.12637,0.00371,0.00496,1.87858,0.00374,0.1458,0.5500,0.2818,0.05001,0.00480
12,high,3,3,10,0.10,true,0.16000,0.00410,0.00716,1.84717,0.00414,0.2434,0.4189,0.2975,0.01859,0.00340
12,high,3,3,10,0.20,true,0.18438,0.00434,0.01294,1.82858,0.00442,0.3069,0.2962,0.3392,0.00000,0.00000
12,high,3,3,10,0.30,true,0.19437,0.00442,0.02348,1.82912,0.00459,0.3700,0.1960,0.3991,0.00055,0.00328
12,high,3,3,10,0.40,true,0.20100,0.00448,0.03869,1.83772,0.00476,0.4357,0.1237,0.4694,0.00914,0.00416
12,high,3,3,10,0.50,true,0.20162,0.00449,0.05961,1.85804,0.00492,0.5087,0.0741,0.5493,0.02947,0.00477
12,high,3,3,10,0.60,true,0.19975,0.00447,0.08566,1.88601,0.00509,0.5906,0.0448,0.6367,0.05743,0.00527
12,high,3,3,10,0.70,true,0.19500,0.00443,0.11552,1.92067,0.00524,0.6732,0.0258,0.7254,0.09209,0.00567
12,high,3,3,10,0.80,true,0.18887,0.00438,0.14934,1.96069,0.00539,0.7611,0.0137,0.8189,0.13212,0.00597
12,high,3,3,10,0.90,true,0.18463,0.00434,0.18358,1.99927,0.00554,0.8485,0.0081,0.9098,0.17069,0.00621
12,high,3,3,10,1.00,true,0.18000,0.00430,0.22026,2.04070,0.00569,0.9405,0.0044,1.0056,0.21213,0.00645
12,high,3,3,10,1.10,true,0.17775,0.00427,0.25529,2.07812,0.00584,1.0297,0.0021,1.0986,0.24954,0.00667
12,high,3,3,10,1.20,true,0.16875,0.00419,0.29248,2.12449,0.00590,1.1221,0.0014,1.1938,0.29592,0.00678
12,high,3,3,15,0.00,true,0.07350,0.00292,0.03349,1.96003,0.00312,0.2735,0.5310,0.4477,0.01159,0.00320
12,high,3,3,15,0.10,true,0.09075,0.00321,0.03915,1.94844,0.00346,0.3656,0.4512,0.4614,0.00000,0.00000
12,high,3,3,15,0.20,true,0.09600,0.00329,0.05110,1.95515,0.00362,0.4315,0.3639,0.4939,0.00671,0.00299
12,high,3,3,15,0.30,true,0.10350,0.00341,0.06649,1.96306,0.00385,0.4870,0.2906,0.5378,0.01462,0.00386
12,high,3,3,15,0.40,true,0.10725,0.00346,0.08481,1.97766,0.00403,0.5427,0.2272,0.5911,0.02922,0.00446
12,high,3,3,15,0.50,true,0.10662,0.00345,0.10882,2.00234,0.00417,0.6057,0.1697,0.6578,0.05390,0.00477
12,high,3,3,15,0.60,true,0.10525,0.00343,0.13548,2.03044,0.00431,0.6727,0.1285,0.7294,0.08201,0.00500
12,high,3,3,15,0.70,true,0.10450,0.00342,0.16480,2.06060,0.00446,0.7436,0.0939,0.8075,0.11216,0.00521
12,high,3,3,15,0.80,true,0.10125,0.00337,0.19747,2.09663,0.00457,0.8192,0.0650,0.8929,0.14819,0.00536
12,high,3,3,15,0.90,true,0.09688,0.00331,0.22982,2.13349,0.00465,0.8968,0.0480,0.9761,0.18505,0.00551
12,high,3,3,15,1.00,true,0.09788,0.00332,0.26374,2.16658,0.00480,0.9821,0.0345,1.0681,0.21814,0.00571
12,high,3,3,15,1.10,true,0.09438,0.00327,0.29777,2.20431,0.00486,1.0661,0.0243,1.1585,0.25587,0.00580
12,high,3,3,15,1.20,true,0.09200,0.00323,0.33008,2.23922,0.00493,1.1489,0.0171,1.2470,0.29078,0.00587
12,high,3,3,20,0.00,true,0.04925,0.00242,0.09573,2.04664,0.00305,0.4356,0.5289,0.6518,0.00000,0.00000
12,high,3,3,20,0.10,true,0.05000,0.00244,0.10526,2.05543,0.00313,0.5364,0.4601,0.6658,0.00879,0.00305
12,high,3,3,20,0.20,true,0.05337,0.00251,0.11753,2.06435,0.00329,0.5932,0.4042,0.6917,0.01771,0.00357
12,high,3,3,20,0.30,true,0.05975,0.00265,0.13261,2.07310,0.00353,0.6427,0.3502,0.7272,0.02646,0.00390
12,high,3,3,20,0.40,true,0.06350,0.00273,0.15043,2.08722,0.00372,0.6926,0.3003,0.7703,0.04058,0.00415
12,high,3,3,20,0.50,true,0.06700,0.00280,0.17142,2.10480,0.00392,0.7470,0.2520,0.8244,0.05816,0.00436
12,high,3,3,20,0.60,true,0.06675,0.00279,0.19558,2.12932,0.00405,0.8069,0.2084,0.8863,0.08268,0.00452
12,high,3,3,20,0.70,true,0.06663,0.00279,0.22089,2.15489,0.00417,0.8696,0.1733,0.9522,0.10825,0.00470
12,high,3,3,20,0.80,true,0.06725,0.00280,0.24697,2.18051,0.00430,0.9346,0.1433,1.0226,0.13386,0.00487
12,high,3,3,20,0.90,true,0.06575,0.00277,0.27504,2.21027,0.00438,1.0032,0.1165,1.0988,0.16363,0.00500
12,high,3,3,20,1.00,true,0.06250,0.00271,0.30345,2.24218,0.00442,1.0720,0.0937,1.1761,0.19554,0.00509
12,high,3,3,20,1.10,true,0.06175,0.00269,0.33093,2.27068,0.00449,1.1425,0.0761,1.2548,0.22403,0.00520
12,high,3,3,20,1.20,true,0.06087,0.00267,0.36015,2.30110,0.00455,1.2214,0.0607,1.3417,0.25446,0.00529
12,high,3,6,10,0.00,true,0.13087,0.00377,0.00371,1.87284,0.00379,0.2048,0.5613,0.2781,0.04156,0.00331
12,high,3,6,10,0.10,true,0.15700,0.00407,0.00318,1.84619,0.00408,0.2517,0.4060,0.2980,0.01490,0.00265
12,high,3,6,10,0.20,true,0.16825,0.00418,0.00449,1.83624,0.00421,0.3082,0.2737,0.3400,0.00496,0.00187
12,high,3,6,10,0.30,true,0.17675,0.00426,0.00802,1.83128,0.00431,0.3747,0.1696,0.4031,0.00000,0.00000
12,high,3,6,10,0.40,true,0.17513,0.00425,0.01420,1.83910,0.00434,0.4496,0.1023,0.4779,0.00782,0.00162
12,high,3,6,10,0.50,true,0.17213,0.00422,0.02396,1.85189,0.00437,0.5321,0.0556,0.5641,0.02060,0.00218
12,high,3,6,10,0.60,true,0.16687,0.00417,0.03738,1.87059,0.00440,0.6202,0.0299,0.6546,0.03931,0.00253
12,high,3,6,10,0.70,true,0.15787,0.00408,0.05518,1.89745,0.00441,0.7141,0.0145,0.7503,0.06617,0.00283
12,high,3,6,10,0.80,true,0.14850,0.00398,0.07647,1.92820,0.00443,0.8097,0.0070,0.8464,0.09692,0.00310
12,high,3,6,10,0.90,true,0.13862,0.00386,0.10216,1.96390,0.00444,0.9105,0.0035,0.9466,0.13262,0.00331
12,high,3,6,10,1.00,true,0.12875,0.00374,0.12922,2.00100,0.00445,1.0058,0.0010,1.0420,0.16972,0.00353
12,high,3,6,10,1.10,true,0.12025,0.00364,0.15914,2.03964,0.00447,1.1047,0.0004,1.1400,0.20836,0.00370
12,high,3,6,10,1.20,true,0.10825,0.00347,0.19233,2.08511,0.00443,1.2064,0.0001,1.2408,0.25383,0.00393
12,high,3,6,15,0.00,true,0.06625,0.00278,0.02843,1.96220,0.00293,0.3125,0.5261,0.4457,0.00988,0.00196
12,high,3,6,15,0.10,true,0.07387,0.00292,0.02815,1.95430,0.00308,0.3602,0.4306,0.4641,0.00198,0.00144
12,high,3,6,15,0.20,true,0.07925,0.00302,0.03152,1.95232,0.00319,0.4153,0.3418,0.4984,0.00000,0.00000
12,high,3,6,15,0.30,true,0.08450,0.00311,0.03850,1.95408,0.00333,0.4728,0.2587,0.5472,0.00176,0.00137
12,high,3,6,15,0.40,true,0.08375,0.00310,0.04894,1.96531,0.00337,0.5340,0.1872,0.6068,0.01299,0.00189
12,high,3,6,15,0.50,true,0.08525,0.00312,0.06287,1.97780,0.00348,0.6030,0.1306,0.6776,0.02548,0.00225
12,high,3,6,15,0.60,true,0.08500,0.00312,0.08031,1.99557,0.00358,0.6801,0.0895,0.7566,0.04325,0.00252
12,high,3,6,15,0.70,true,0.08238,0.00307,0.10058,2.01857,0.00364,0.7625,0.0627,0.8395,0.06625,0.00274
12,high,3,6,15,0.80,true,0.07888,0.00301,0.12394,2.04559,0.00369,0.8476,0.0404,0.9280,0.09327,0.00297
12,high,3,6,15,0.90,true,0.07550,0.00295,0.14891,2.07411,0.00375,0.9348,0.0266,1.0168,0.12179,0.00316
12,high,3,6,15,1.00,true,0.07150,0.00288,0.17784,2.10729,0.00379,1.0325,0.0172,1.1151,0.15497,0.00338
12,high,3,6,15,1.10,true,0.06513,0.00276,0.20811,2.14423,0.00378,1.1275,0.0100,1.2114,0.19191,0.00356
12,high,3,6,15,1.20,true,0.05975,0.00265,0.23790,2.17972,0.00377,1.2202,0.0061,1.3042,0.22740,0.00371
12,high,3,6,20,0.00,true,0.03675,0.00210,0.09181,2.05519,0.00267,0.4146,0.5223,0.6440,0.00337,0.00106
12,high,3,6,20,0.10,true,0.04063,0.00221,0.09229,2.05183,0.00277,0.4570,0.4453,0.6631,0.00000,0.00000
12,high,3,6,20,0.20,true,0.04375,0.00229,0.09649,2.05295,0.00287,0.5066,0.3725,0.6938,0.00113,0.00111
12,high,3,6,20,0.30,true,0.04487,0.00231,0.10420,2.05960,0.00294,0.5603,0.3069,0.7341,0.00777,0.00150
12,high,3,6,20,0.40,true,0.04612,0.00235,0.11557,2.06980,0.00303,0.6234,0.2520,0.7850,0.01797,0.00181
12,high,3,6,20,0.50,true,0.04550,0.00233,0.12974,2.08471,0.00309,0.6858,0.2025,0.8422,0.03288,0.00206
12,high,3,6,20,0.60,true,0.04400,0.00229,0.14717,2.10378,0.00314,0.7544,0.1595,0.9082,0.05195,0.00234
12,high,3,6,20,0.70,true,0.04387,0.00229,0.16643,2.12333,0.00323,0.8260,0.1269,0.9782,0.07150,0.00256
12,high,3,6,20,0.80,true,0.04375,0.00229,0.18872,2.14596,0.00332,0.9020,0.0962,1.0570,0.09413,0.00276
12,high,3,6,20,0.90,true,0.04200,0.00224,0.21262,2.17186,0.00337,0.9807,0.0729,1.1379,0.12003,0.00296
12,high,3,6,20,1.00,true,0.04100,0.00222,0.23790,2.19843,0.00344,1.0660,0.0568,1.2232,0.14660,0.00314
12,high,3,6,20,1.10,true,0.03750,0.00212,0.26504,2.22943,0.00343,1.1529,0.0427,1.3114,0.17760,0.00324
12,high,3,6,20,1.20,true,0.03513,0.00206,0.29238,2.25953,0.00344,1.2383,0.0297,1.4013,0.20771,0.00339
12,hcp30,3,12,10,0.00,true,0.20000,0.00447,0.05138,1.85217,0.00490,0.4179,0.6011,0.4391,0.01452,0.00320
12,hcp30,3,12,10,0.10,true,0.22362,0.00466,0.06084,1.83808,0.00519,0.4710,0.5218,0.4558,0.00043,0.00223
12,hcp30,3,12,10,0.20,true,0.23900,0.00477,0.07560,1.83765,0.00546,0.5286,0.4428,0.4868,0.00000,0.00000
12,hcp30,3,12,10,0.30,true,0.25050,0.00484,0.09429,1.84514,0.00573,0.5906,0.3714,0.5316,0.00749,0.00218
12,hcp30,3,12,10,0.40,true,0.26212,0.00492,0.11742,1.85709,0.00603,0.6604,0.3022,0.5931,0.01944,0.00311
12,hcp30,3,12,10,0.50,true,0.26937,0.00496,0.14002,1.87296,0.00629,0.7263,0.2515,0.6553,0.03531,0.00369
12,hcp30,3,12,10,0.60,true,0.27325,0.00498,0.16698,1.89674,0.00655,0.8043,0.2071,0.7305,0.05909,0.00426
12,hcp30,3,12,10,0.70,true,0.27725,0.00500,0.19492,1.92154,0.00682,0.8835,0.1674,0.8132,0.08389,0.00475
12,hcp30,3,12,10,0.80,true,0.27250,0.00498,0.22486,1.95727,0.00701,0.9651,0.1381,0.8967,0.11962,0.00517
12,hcp30,3,12,10,0.90,true,0.26987,0.00496,0.25463,1.99088,0.00721,1.0513,0.1157,0.9844,0.15323,0.00551
12,hcp30,3,12,10,1.00,true,0.26625,0.00494,0.28405,2.02534,0.00739,1.1346,0.0944,1.0741,0.18769,0.00581
12,hcp30,3,12,10,1.10,true,0.26200,0.00492,0.31443,2.06163,0.00755,1.2257,0.0779,1.1698,0.22398,0.00614
12,hcp30,3,12,10,1.20,true,0.25688,0.00488,0.34375,2.09797,0.00769,1.3161,0.0638,1.2662,0.26032,0.00640
12,hcp30,3,12,15,0.00,true,0.11862,0.00362,0.13523,2.01984,0.00467,0.6318,0.5667,0.6597,0.00025,0.00166
12,hcp30,3,12,15,0.10,true,0.12862,0.00374,0.14481,2.01960,0.00489,0.6800,0.5131,0.6749,0.00000,0.00000
12,hcp30,3,12,15,0.20,true,0.13712,0.00385,0.15812,2.02474,0.00512,0.7352,0.4601,0.7008,0.00515,0.00167
12,hcp30,3,12,15,0.30,true,0.14413,0.00393,0.17374,2.03385,0.00534,0.7965,0.4152,0.7350,0.01426,0.00237
12,hcp30,3,12,15,0.40,true,0.15038,0.00400,0.19203,2.04656,0.00557,0.8597,0.3708,0.7784,0.02696,0.00295
12,hcp30,3,12,15,0.50,true,0.15300,0.00402,0.21098,2.06367,0.00574,0.9199,0.3326,0.8238,0.04408,0.00337
12,hcp30,3,12,15,0.60,true,0.15463,0.00404,0.23292,2.08498,0.00592,0.9827,0.2931,0.8793,0.06539,0.00384
12,hcp30,3,12,15,0.70,true,0.15700,0.00407,0.25651,2.10739,0.00611,1.0500,0.2561,0.9434,0.08780,0.00430
12,hcp30,3,12,15,0.80,true,0.15812,0.00408,0.28046,2.13158,0.00628,1.1208,0.2248,1.0117,0.11199,0.00467
12,hcp30,3,12,15,0.90,true,0.15937,0.00409,0.30431,2.15573,0.00644,1.1933,0.1976,1.0838,0.13613,0.00499
12,hcp30,3,12,15,1.00,true,0.16237,0.00412,0.32866,2.17884,0.00662,1.2701,0.1716,1.1640,0.15924,0.00532
12,hcp30,3,12,15,1.10,true,0.16162,0.00412,0.35323,2.20609,0.00674,1.3435,0.1476,1.2443,0.18650,0.00557
12,hcp30,3,12,15,1.20,true,0.15912,0.00409,0.37816,2.23568,0.00683,1.4221,0.1284,1.3274,0.21609,0.00582
12,hcp30,3,12,20,0.00,true,0.07938,0.00302,0.21756,2.14531,0.00460,0.8128,0.5390,0.8605,0.00000,0.00000
12,hcp30,3,12,20,0.10,true,0.08388,0.00310,0.22626,2.14977,0.00475,0.8632,0.5003,0.8758,0.00446,0.00127
12,hcp30,3,12,20,0.20,true,0.08750,0.00316,0.23836,2.15872,0.00490,0.9204,0.4611,0.9007,0.01341,0.00201
12,hcp30,3,12,20,0.30,true,0.09137,0.00322,0.25200,2.16914,0.00506,0.9786,0.4245,0.9320,0.02383,0.00254
12,hcp30,3,12,20,0.40,true,0.09262,0.00324,0.26854,2.18531,0.00519,1.0354,0.3846,0.9704,0.04000,0.00302
12,hcp30,3,12,20,0.50,true,0.09663,0.00330,0.28422,2.19795,0.00536,1.0946,0.3541,1.0125,0.05264,0.00344
12,hcp30,3,12,20,0.60,true,0.09825,0.00333,0.30254,2.21586,0.00549,1.1571,0.3216,1.0623,0.07055,0.00387
12,hcp30,3,12,20,0.70,true,0.09925,0.00334,0.32151,2.23524,0.00562,1.2250,0.2945,1.1163,0.08993,0.00424
12,hcp30,3,12,20,0.80,true,0.10187,0.00338,0.34104,2.25373,0.00577,1.2940,0.2678,1.1769,0.10842,0.00458
12,hcp30,3,12,20,0.90,true,0.10237,0.00339,0.36155,2.27555,0.00588,1.3593,0.2399,1.2420,0.13024,0.00493
12,hcp30,3,12,20,1.00,true,0.10275,0.00339,0.38183,2.29747,0.00599,1.4297,0.2166,1.3101,0.15216,0.00520
12,hcp30,3,12,20,1.10,true,0.10375,0.00341,0.40179,2.31858,0.00610,1.4998,0.1944,1.3817,0.17327,0.00546
12,hcp30,3,12,20,1.20,true,0.10200,0.00338,0.42280,2.34375,0.00616,1.5741,0.1750,1.4568,0.19844,0.00570
12,hcp30,3,3,10,0.00,true,0.07362,0.00292,0.10350,2.03209,0.00369,0.1835,0.5445,0.4628,0.02852,0.00418
12,hcp30,3,3,10,0.10,true,0.09988,0.00335,0.10913,2.01165,0.00417,0.3908,0.4570,0.4805,0.00807,0.00293
12,hcp30,3,3,10,0.20,true,0.12012,0.00363,0.12091,2.00357,0.00456,0.4779,0.3905,0.5146,0.00000,0.00000
12,hcp30,3,3,10,0.30,true,0.13462,0.00382,0.13777,2.00655,0.00488,0.5464,0.3331,0.5588,0.00298,0.00304
12,hcp30,3,3,10,0.40,true,0.14238,0.00391,0.16037,2.02230,0.00515,0.6143,0.2814,0.6143,0.01872,0.00420
12,hcp30,3,3,10,0.50,true,0.14713,0.00396,0.18625,2.04454,0.00538,0.6780,0.2338,0.6761,0.04097,0.00499
12,hcp30,3,3,10,0.60,true,0.14700,0.00396,0.21697,2.07685,0.00558,0.7486,0.1937,0.7468,0.07328,0.00567
12,hcp30,3,3,10,0.70,true,0.15175,0.00401,0.24734,2.10415,0.00583,0.8201,0.1611,0.8219,0.10058,0.00613
12,hcp30,3,3,10,0.80,true,0.15275,0.00402,0.27818,2.13590,0.00602,0.8906,0.1331,0.8982,0.13233,0.00647
12,hcp30,3,3,10,0.90,true,0.15375,0.00403,0.30915,2.16803,0.00620,0.9625,0.1083,0.9783,0.16446,0.00678
12,hcp30,3,3,10,1.00,true,0.15150,0.00401,0.34239,2.20612,0.00634,1.0427,0.0884,1.0656,0.20255,0.00699
12,hcp30,3,3,10,1.10,true,0.15063,0.00400,0.37228,2.23952,0.00647,1.1156,0.0701,1.1490,0.23594,0.00722
12,hcp30,3,3,10,1.20,true,0.14613,0.00395,0.40358,2.27845,0.00654,1.2003,0.0594,1.2377,0.27488,0.00736
12,hcp30,3,3,15,0.00,true,0.04662,0.00236,0.21428,2.17465,0.00393,0.2698,0.5317,0.6867,0.00401,0.00285
12,hcp30,3,3,15,0.10,true,0.05638,0.00258,0.21978,2.17064,0.00416,0.5135,0.4664,0.7010,0.00000,0.00000
12,hcp30,3,3,15,0.20,true,0.06350,0.00273,0.23123,2.17556,0.00436,0.6285,0.4131,0.7301,0.00492,0.00274
12,hcp30,3,3,15,0.30,true,0.07350,0.00292,0.24594,2.18112,0.00462,0.7110,0.3702,0.7705,0.01048,0.00371
12,hcp30,3,3,15,0.40,true,0.08063,0.00304,0.26221,2.19128,0.00484,0.7814,0.3345,0.8143,0.02064,0.00430
12,hcp30,3,3,15,0.50,true,0.08675,0.00315,0.28188,2.20614,0.00504,0.8525,0.3006,0.8672,0.03550,0.00477
12,hcp30,3,3,15,0.60,true,0.08675,0.00315,0.30437,2.23023,0.00514,0.9183,0.2685,0.9236,0.05959,0.00507
12,hcp30,3,3,15,0.70,true,0.08937,0.00319,0.32736,2.25244,0.00529,0.9803,0.2349,0.9854,0.08180,0.00537
12,hcp30,3,3,15,0.80,true,0.09062,0.00321,0.35167,2.27762,0.00542,1.0484,0.2076,1.0525,0.10698,0.00568
12,hcp30,3,3,15,0.90,true,0.09025,0.00320,0.37607,2.30477,0.00551,1.1150,0.1829,1.1214,0.13413,0.00591
12,hcp30,3,3,15,1.00,true,0.08850,0.00318,0.40307,2.33641,0.00558,1.1898,0.1600,1.1996,0.16577,0.00609
12,hcp30,3,3,15,1.10,true,0.08500,0.00312,0.43013,2.37006,0.00560,1.2631,0.1396,1.2782,0.19942,0.00624
12,hcp30,3,3,15,1.20,true,0.08538,0.00312,0.45389,2.39654,0.00568,1.3374,0.1241,1.3561,0.22590,0.00643
12,hcp30,3,3,20,0.00,true,0.03400,0.00203,0.32111,2.30161,0.00418,0.3679,0.5369,0.9302,0.00271,0.00304
12,hcp30,3,3,20,0.10,true,0.04075,0.00221,0.32487,2.29890,0.00435,0.6647,0.4751,0.9411,0.00000,0.00000
12,hcp30,3,3,20,0.20,true,0.04475,0.00231,0.33431,2.30509,0.00447,0.7934,0.4347,0.9670,0.00619,0.00273
12,hcp30,3,3,20,0.30,true,0.04775,0.00238,0.34655,2.31526,0.00457,0.8871,0.3997,1.0001,0.01637,0.00360
12,hcp30,3,3,20,0.40,true,0.05100,0.00246,0.36044,2.32719,0.00469,0.9698,0.3701,1.0406,0.02829,0.00398
12,hcp30,3,3,20,0.50,true,0.05400,0.00253,0.37499,2.34015,0.00480,1.0372,0.3400,1.0838,0.04126,0.00434
12,hcp30,3,3,20,0.60,true,0.05663,0.00258,0.39097,2.35526,0.00491,1.1084,0.3135,1.1341,0.05636,0.00466
12,hcp30,3,3,20,0.70,true,0.05525,0.00255,0.41002,2.37784,0.00494,1.1756,0.2849,1.1907,0.07894,0.00485
12,hcp30,3,3,20,0.80,true,0.05488,0.00255,0.42872,2.39917,0.00498,1.2404,0.2600,1.2488,0.10027,0.00508
12,hcp30,3,3,20,0.90,true,0.05538,0.00256,0.44773,2.42025,0.00504,1.3060,0.2359,1.3123,0.12135,0.00531
12,hcp30,3,3,20,1.00,true,0.05488,0.00255,0.46690,2.44275,0.00508,1.3762,0.2160,1.3786,0.14386,0.00550
12,hcp30,3,3,20,1.10,true,0.05287,0.00250,0.48696,2.46790,0.00507,1.4467,0.1980,1.4476,0.16900,0.00563
12,hcp30,3,3,20,1.20,true,0.05100,0.00246,0.50727,2.49361,0.00507,1.5149,0.1769,1.5221,0.19471,0.00575
12,hcp30,3,6,10,0.00,true,0.11837,0.00361,0.06640,1.94890,0.00409,0.4020,0.5588,0.4515,0.01497,0.00255
12,hcp30,3,6,10,0.10,true,0.12750,0.00373,0.06664,1.94018,0.00421,0.4536,0.4801,0.4679,0.00625,0.00185
12,hcp30,3,6,10,0.20,true,0.13962,0.00388,0.07222,1.93393,0.00440,0.5120,0.4040,0.5018,0.00000,0.00000
12,hcp30,3,6,10,0.30,true,0.14538,0.00394,0.08290,1.93933,0.00455,0.5744,0.3346,0.5479,0.00541,0.00179
12,hcp30,3,6,10,0.40,true,0.14813,0.00397,0.09766,1.95197,0.00470,0.6420,0.2782,0.6034,0.01804,0.00246
12,hcp30,3,6,10,0.50,true,0.14850,0.00398,0.11672,1.97150,0.00485,0.7121,0.2252,0.6698,0.03757,0.00301
12,hcp30,3,6,10,0.60,true,0.14713,0.00396,0.13892,1.99614,0.00499,0.7868,0.1829,0.7432,0.06222,0.00348
12,hcp30,3,6,10,0.70,true,0.14438,0.00393,0.16496,2.02629,0.00513,0.8670,0.1440,0.8273,0.09236,0.00398
12,hcp30,3,6,10,0.80,true,0.14113,0.00389,0.19169,2.05781,0.00526,0.9497,0.1173,0.9116,0.12388,0.00434
12,hcp30,3,6,10,0.90,true,0.13650,0.00384,0.22154,2.09416,0.00538,1.0388,0.0937,1.0048,0.16023,0.00473
12,hcp30,3,6,10,1.00,true,0.12825,0.00374,0.25090,2.13379,0.00542,1.1213,0.0746,1.0931,0.19986,0.00504
12,hcp30,3,6,10,1.10,true,0.12162,0.00365,0.28128,2.17308,0.00547,1.2106,0.0596,1.1875,0.23915,0.00534
12,hcp30,3,6,10,1.20,true,0.11188,0.00352,0.31290,2.21704,0.00545,1.3013,0.0471,1.2835,0.28311,0.00559
12,hcp30,3,6,15,0.00,true,0.06725,0.00280,0.16566,2.10211,0.00394,0.6211,0.5252,0.6864,0.00066,0.00131
12,hcp30,3,6,15,0.10,true,0.06988,0.00285,0.16721,2.10145,0.00400,0.6751,0.4757,0.7046,0.00000,0.00000
12,hcp30,3,6,15,0.20,true,0.07337,0.00292,0.17254,2.10389,0.00410,0.7319,0.4255,0.7339,0.00244,0.00141
12,hcp30,3,6,15,0.30,true,0.07525,0.00295,0.18171,2.11202,0.00420,0.7934,0.3793,0.7720,0.01057,0.00204
12,hcp30,3,6,15,0.40,true,0.07475,0.00294,0.19387,2.12569,0.00427,0.8580,0.3387,0.8168,0.02424,0.00256
12,hcp30,3,6,15,0.50,true,0.07475,0.00294,0.20884,2.14188,0.00436,0.9199,0.2969,0.8693,0.04043,0.00301
12,hcp30,3,6,15,0.60,true,0.07500,0.00294,0.22667,2.16092,0.00447,0.9874,0.2586,0.9307,0.05947,0.00348
12,hcp30,3,6,15,0.70,true,0.07375,0.00292,0.24584,2.18297,0.00456,1.0570,0.2267,0.9953,0.08152,0.00384
12,hcp30,3,6,15,0.80,true,0.07162,0.00288,0.26676,2.20787,0.00463,1.1243,0.1948,1.0647,0.10643,0.00417
12,hcp30,3,6,15,0.90,true,0.06988,0.00285,0.28858,2.23346,0.00470,1.1976,0.1692,1.1387,0.13201,0.00451
12,hcp30,3,6,15,1.00,true,0.06713,0.00280,0.31309,2.26310,0.00475,1.2766,0.1439,1.2220,0.16165,0.00486
12,hcp30,3,6,15,1.10,true,0.06475,0.00275,0.33744,2.29236,0.00479,1.3539,0.1208,1.3072,0.19091,0.00518
12,hcp30,3,6,15,1.20,true,0.06225,0.00270,0.36055,2.32054,0.00482,1.4318,0.1038,1.3899,0.21909,0.00542
12,hcp30,3,6,20,0.00,true,0.04088,0.00221,0.26926,2.23722,0.00395,0.8256,0.5184,0.9243,0.00000,0.00000
12,hcp30,3,6,20,0.10,true,0.04100,0.00222,0.27181,2.24022,0.00395,0.8685,0.4755,0.9420,0.00300,0.00109
12,hcp30,3,6,20,0.20,true,0.04138,0.00223,0.27733,2.24617,0.00398,0.9260,0.4375,0.9691,0.00895,0.00171
12,hcp30,3,6,20,0.30,true,0.04175,0.00224,0.28477,2.25422,0.00402,0.9874,0.4033,1.0025,0.01700,0.00223
12,hcp30,3,6,20,0.40,true,0.04325,0.00227,0.29414,2.26329,0.00410,1.0412,0.3643,1.0434,0.02607,0.00269
12,hcp30,3,6,20,0.50,true,0.04437,0.00230,0.30511,2.27450,0.00417,1.1035,0.3326,1.0891,0.03729,0.00309
12,hcp30,3,6,20,0.60,true,0.04425,0.00230,0.31787,2.28897,0.00423,1.1669,0.3021,1.1399,0.05175,0.00345
12,hcp30,3,6,20,0.70,true,0.04213,0.00225,0.33194,2.30692,0.00424,1.2361,0.2784,1.1930,0.06970,0.00379
12,hcp30,3,6,20,0.80,true,0.04088,0.00221,0.34768,2.32593,0.00427,1.3054,0.2522,1.2540,0.08871,0.00413
12,hcp30,3,6,20,0.90,true,0.03938,0.00217,0.36370,2.34558,0.00430,1.3716,0.2277,1.3168,0.10836,0.00443
12,hcp30,3,6,20,1.00,true,0.03938,0.00217,0.38011,2.36432,0.00436,1.4432,0.2065,1.3845,0.12710,0.00469
12,hcp30,3,6,20,1.10,true,0.03737,0.00212,0.39785,2.38665,0.00437,1.5170,0.1865,1.4560,0.14943,0.00492
12,hcp30,3,6,20,1.20,true,0.03612,0.00209,0.41539,2.40811,0.00439,1.5884,0.1674,1.5292,0.17089,0.00515
12,tour,4,12,10,0.00,true,0.43175,0.00554,0.00003,1.56828,0.00554,0.1723,0.7736,0.1884,0.23375,0.00597
12,tour,4,12,10,0.10,true,0.55450,0.00556,0.00015,1.44565,0.00556,0.2227,0.5766,0.1974,0.11111,0.00498
12,tour,4,12,10,0.20,true,0.62813,0.00540,0.00047,1.37235,0.00541,0.2867,0.3721,0.2439,0.03782,0.00383
12,tour,4,12,10,0.30,true,0.66275,0.00529,0.00132,1.33857,0.00531,0.3599,0.1853,0.3282,0.00404,0.00240
12,tour,4,12,10,0.40,true,0.66863,0.00526,0.00316,1.33453,0.00531,0.4440,0.0796,0.4271,0.00000,0.00000
12,tour,4,12,10,0.50,true,0.65812,0.00530,0.00659,1.34847,0.00541,0.5341,0.0282,0.5294,0.01393,0.00208
12,tour,4,12,10,0.60,true,0.64175,0.00536,0.01204,1.37029,0.00555,0.6278,0.0077,0.6298,0.03576,0.00276
12,tour,4,12,10,0.70,true,0.62713,0.00541,0.01982,1.39270,0.00571,0.7247,0.0037,0.7274,0.05817,0.00311
12,tour,4,12,10,0.80,true,0.61050,0.00545,0.03054,1.42004,0.00590,0.8241,0.0006,0.8280,0.08551,0.00348
12,tour,4,12,10,0.90,true,0.59237,0.00549,0.04357,1.45119,0.00611,0.9212,0.0003,0.9249,0.11666,0.00384
12,tour,4,12,10,1.00,true,0.57800,0.00552,0.05883,1.48083,0.00632,1.0217,0.0003,1.0251,0.14630,0.00414
12,tour,4,12,10,1.10,true,0.56463,0.00554,0.07513,1.51050,0.00654,1.1179,0.0000,1.1213,0.17597,0.00442
12,tour,4,12,10,1.20,true,0.55200,0.00556,0.09260,1.54061,0.00675,1.2150,0.0000,1.2182,0.20607,0.00468
12,tour,4,12,15,0.00,true,0.29063,0.00508,0.00073,1.71011,0.00508,0.2502,0.6580,0.2682,0.13172,0.00500
12,tour,4,12,15,0.10,true,0.34337,0.00531,0.00157,1.65819,0.00532,0.2915,0.5184,0.2762,0.07981,0.00434
12,tour,4,12,15,0.20,true,0.38888,0.00545,0.00323,1.61436,0.00548,0.3501,0.3762,0.3141,0.03598,0.00346
12,tour,4,12,15,0.30,true,0.41637,0.00551,0.00589,1.58952,0.00557,0.4087,0.2547,0.3713,0.01114,0.00234
12,tour,4,12,15,0.40,true,0.43188,0.00554,0.01026,1.57838,0.00565,0.4813,0.1608,0.4486,0.00000,0.00000
12,tour,4,12,15,0.50,true,0.43350,0.00554,0.01680,1.58330,0.00572,0.5607,0.0980,0.5355,0.00492,0.00205
12,tour,4,12,15,0.60,true,0.43138,0.00554,0.02594,1.59457,0.00582,0.6460,0.0525,0.6322,0.01619,0.00277
12,tour,4,12,15,0.70,true,0.42700,0.00553,0.03755,1.61055,0.00593,0.7355,0.0275,0.7298,0.03217,0.00314
12,tour,4,12,15,0.80,true,0.41813,0.00551,0.05169,1.63357,0.00606,0.8282,0.0157,0.8263,0.05518,0.00346
12,tour,4,12,15,0.90,true,0.40787,0.00549,0.06856,1.66068,0.00619,0.9244,0.0097,0.9245,0.08230,0.00371
12,tour,4,12,15,1.00,true,0.39563,0.00547,0.08788,1.69225,0.00634,1.0210,0.0054,1.0230,0.11387,0.00399
12,tour,4,12,15,1.10,true,0.38788,0.00545,0.10833,1.72045,0.00650,1.1180,0.0025,1.1219,0.14207,0.00420
12,tour,4,12,15,1.20,true,0.37825,0.00542,0.13066,1.75241,0.00665,1.2176,0.0008,1.2225,0.17403,0.00443
12,tour,4,12,20,0.00,true,0.20513,0.00451,0.00280,1.79768,0.00453,0.3228,0.6017,0.3470,0.06912,0.00414
12,tour,4,12,20,0.10,true,0.23325,0.00473,0.00479,1.77154,0.00476,0.3625,0.4963,0.3560,0.04298,0.00358
12,tour,4,12,20,0.20,true,0.26112,0.00491,0.00819,1.74706,0.00498,0.4160,0.3876,0.3873,0.01851,0.00280
12,tour,4,12,20,0.30,true,0.27613,0.00500,0.01280,1.73667,0.00510,0.4721,0.3051,0.4300,0.00812,0.00205
12,tour,4,12,20,0.40,true,0.29100,0.00508,0.01955,1.72855,0.00525,0.5358,0.2218,0.4932,0.00000,0.00000
12,tour,4,12,20,0.50,true,0.29862,0.00512,0.02856,1.72994,0.00537,0.6067,0.1559,0.5687,0.00138,0.00191
12,tour,4,12,20,0.60,true,0.30175,0.00513,0.04010,1.73835,0.00548,0.6824,0.1042,0.6533,0.00979,0.00256
12,tour,4,12,20,0.70,true,0.30238,0.00513,0.05374,1.75137,0.00561,0.7645,0.0695,0.7428,0.02282,0.00299
12,tour,4,12,20,0.80,true,0.29850,0.00512,0.07014,1.77164,0.00572,0.8510,0.0458,0.8362,0.04308,0.00333
12,tour,4,12,20,0.90,true,0.29363,0.00509,0.08915,1.79552,0.00585,0.9403,0.0267,0.9342,0.06697,0.00363
12,tour,4,12,20,1.00,true,0.28737,0.00506,0.11032,1.82294,0.00597,1.0354,0.0168,1.0335,0.09439,0.00391
12,tour,4,12,20,1.10,true,0.28013,0.00502,0.13300,1.85287,0.00609,1.1310,0.0108,1.1319,0.12432,0.00412
12,tour,4,12,20,1.20,true,0.27237,0.00498,0.15697,1.88460,0.00621,1.2276,0.0065,1.2309,0.15604,0.00433
12,tour,4,3,10,0.00,true,0.15200,0.00401,0.00022,1.84822,0.00402,0.0853,0.5215,0.2163,0.13317,0.00561
12,tour,4,3,10,0.10,true,0.21288,0.00458,0.00036,1.78748,0.00458,0.1651,0.2962,0.2421,0.07242,0.00547
12,tour,4,3,10,0.20,true,0.24525,0.00481,0.00092,1.75567,0.00482,0.2392,0.1774,0.2945,0.04061,0.00476
12,tour,4,3,10,0.30,true,0.26863,0.00496,0.00235,1.73373,0.00497,0.3069,0.1024,0.3604,0.01867,0.00383
12,tour,4,3,10,0.40,true,0.28375,0.00504,0.00542,1.72167,0.00508,0.3769,0.0545,0.4364,0.00661,0.00258
12,tour,4,3,10,0.50,true,0.29550,0.00510,0.01056,1.71506,0.00518,0.4476,0.0273,0.5148,0.00000,0.00000
12,tour,4,3,10,0.60,true,0.30175,0.00513,0.01847,1.71672,0.00528,0.5225,0.0129,0.5969,0.00166,0.00246
12,tour,4,3,10,0.70,true,0.30825,0.00516,0.03053,1.72228,0.00541,0.6104,0.0065,0.6901,0.00723,0.00344
12,tour,4,3,10,0.80,true,0.30950,0.00517,0.04574,1.73624,0.00554,0.6939,0.0029,0.7818,0.02118,0.00419
12,tour,4,3,10,0.90,true,0.31175,0.00518,0.06366,1.75191,0.00570,0.7771,0.0009,0.8710,0.03685,0.00468
12,tour,4,3,10,1.00,true,0.31200,0.00518,0.08446,1.77246,0.00587,0.8610,0.0002,0.9614,0.05741,0.00519
12,tour,4,3,10,1.10,true,0.31262,0.00518,0.10873,1.79611,0.00607,0.9493,0.0000,1.0574,0.08105,0.00568
12,tour,4,3,10,1.20,true,0.31100,0.00518,0.13321,1.82222,0.00625,1.0321,0.0000,1.1476,0.10716,0.00604
12,tour,4,3,15,0.00,true,0.08463,0.00311,0.00320,1.91857,0.00313,0.1311,0.5077,0.3131,0.06690,0.00454
12,tour,4,3,15,0.10,true,0.11675,0.00359,0.00379,1.88704,0.00361,0.2095,0.3457,0.3320,0.03536,0.00431
12,tour,4,3,15,0.20,true,0.14250,0.00391,0.00535,1.86285,0.00394,0.2829,0.2385,0.3724,0.01117,0.00369
12,tour,4,3,15,0.30,true,0.15188,0.00401,0.00862,1.85675,0.00406,0.3531,0.1589,0.4292,0.00507,0.00264
12,tour,4,3,15,0.40,true,0.16250,0.00412,0.01417,1.85167,0.00421,0.4230,0.1054,0.4967,0.00000,0.00000
12,tour,4,3,15,0.50,true,0.16762,0.00418,0.02253,1.85491,0.00432,0.4944,0.0704,0.5700,0.00323,0.00254
12,tour,4,3,15,0.60,true,0.17575,0.00426,0.03296,1.85721,0.00447,0.5637,0.0493,0.6442,0.00554,0.00348
12,tour,4,3,15,0.70,true,0.17763,0.00427,0.04886,1.87124,0.00459,0.6445,0.0292,0.7320,0.01956,0.00421
12,tour,4,3,15,0.80,true,0.18225,0.00432,0.06664,1.88439,0.00475,0.7213,0.0173,0.8168,0.03272,0.00472
12,tour,4,3,15,0.90,true,0.18525,0.00434,0.08768,1.90243,0.00492,0.8022,0.0101,0.9047,0.05076,0.00515
12,tour,4,3,15,1.00,true,0.18463,0.00434,0.11168,1.92706,0.00506,0.8853,0.0071,0.9936,0.07538,0.00544
12,tour,4,3,15,1.10,true,0.18488,0.00434,0.13775,1.95288,0.00522,0.9701,0.0051,1.0848,0.10121,0.00574
12,tour,4,3,15,1.20,true,0.18438,0.00434,0.16510,1.98074,0.00537,1.0535,0.0025,1.1758,0.12906,0.00598
12,tour,4,3,20,0.00,true,0.06288,0.00271,0.01344,1.95057,0.00279,0.1825,0.5313,0.4207,0.03638,0.00378
12,tour,4,3,20,0.10,true,0.08075,0.00305,0.01464,1.93389,0.00313,0.2611,0.3888,0.4349,0.01970,0.00334
12,tour,4,3,20,0.20,true,0.09463,0.00327,0.01737,1.92274,0.00337,0.3379,0.2919,0.4666,0.00856,0.00243
12,tour,4,3,20,0.30,true,0.10787,0.00347,0.02206,1.91419,0.00360,0.4120,0.2240,0.5146,0.00000,0.00000
12,tour,4,3,20,0.40,true,0.11525,0.00357,0.02966,1.91441,0.00375,0.4841,0.1698,0.5741,0.00022,0.00248
12,tour,4,3,20,0.50,true,0.11563,0.00358,0.04038,1.92476,0.00382,0.5564,0.1296,0.6406,0.01057,0.00342
12,tour,4,3,20,0.60,true,0.12075,0.00364,0.05361,1.93287,0.00397,0.6281,0.0998,0.7125,0.01868,0.00402
12,tour,4,3,20,0.70,true,0.12200,0.00366,0.06990,1.94791,0.00408,0.6970,0.0736,0.7871,0.03372,0.00443
12,tour,4,3,20,0.80,true,0.12325,0.00368,0.08921,1.96597,0.00421,0.7686,0.0530,0.8663,0.05178,0.00471
12,tour,4,3,20,0.90,true,0.12437,0.00369,0.11156,1.98719,0.00435,0.8448,0.0378,0.9504,0.07300,0.00491
12,tour,4,3,20,1.00,true,0.12275,0.00367,0.13584,2.01310,0.00446,0.9191,0.0239,1.0352,0.09891,0.00508
12,tour,4,3,20,1.10,true,0.12525,0.00370,0.16008,2.03485,0.00462,0.9946,0.0161,1.1192,0.12066,0.00529
12,tour,4,3,20,1.20,true,0.12512,0.00370,0.18655,2.06144,0.00474,1.0747,0.0109,1.2069,0.14726,0.00548
12,tour,4,6,10,0.00,true,0.22437,0.00466,0.00009,1.77571,0.00466,0.1621,0.6008,0.2053,0.10723,0.00442
12,tour,4,6,10,0.10,true,0.28350,0.00504,0.00003,1.71653,0.00504,0.2086,0.3990,0.2237,0.04805,0.00351
12,tour,4,6,10,0.20,true,0.31475,0.00519,0.00003,1.68528,0.00519,0.2718,0.2318,0.2742,0.01680,0.00233
12,tour,4,6,10,0.30,true,0.33163,0.00526,0.00010,1.66848,0.00526,0.3442,0.1120,0.3495,0.00000,0.00000
12,tour,4,6,10,0.40,true,0.33000,0.00526,0.00032,1.67032,0.00526,0.4312,0.0465,0.4413,0.00184,0.00207
12,tour,4,6,10,0.50,true,0.32000,0.00522,0.00084,1.68084,0.00522,0.5234,0.0189,0.5361,0.01236,0.00265
12,tour,4,6,10,0.60,true,0.30838,0.00516,0.00184,1.69347,0.00518,0.6180,0.0060,0.6325,0.02499,0.00294
12,tour,4,6,10,0.70,true,0.29313,0.00509,0.00354,1.71042,0.00512,0.7127,0.0019,0.7269,0.04194,0.00321
12,tour,4,6,10,0.80,true,0.27850,0.00501,0.00649,1.72799,0.00506,0.8196,0.0007,0.8327,0.05951,0.00344
12,tour,4,6,10,0.90,true,0.26212,0.00492,0.01019,1.74807,0.00499,0.9129,0.0002,0.9253,0.07959,0.00368
12,tour,4,6,10,1.00,true,0.24500,0.00481,0.01564,1.77064,0.00491,1.0148,0.0000,1.0264,0.10216,0.00388
12,tour,4,6,10,1.10,true,0.22850,0.00469,0.02247,1.79398,0.00484,1.1141,0.0000,1.1250,0.12550,0.00407
12,tour,4,6,10,1.20,true,0.20875,0.00454,0.03137,1.82263,0.00474,1.2173,0.0000,1.2275,0.15415,0.00427
12,tour,4,6,15,0.00,true,0.13287,0.00380,0.00115,1.86827,0.00380,0.2453,0.5672,0.3002,0.05817,0.00370
12,tour,4,6,15,0.10,true,0.15962,0.00409,0.00071,1.84109,0.00410,0.2862,0.4315,0.3150,0.03098,0.00324
12,tour,4,6,15,0.20,true,0.18200,0.00431,0.00068,1.81868,0.00432,0.3393,0.3036,0.3536,0.00857,0.00256
12,tour,4,6,15,0.30,true,0.18887,0.00438,0.00102,1.81214,0.00438,0.4003,0.1977,0.4104,0.00204,0.00172
12,tour,4,6,15,0.40,true,0.19175,0.00440,0.00185,1.81010,0.00441,0.4756,0.1268,0.4837,0.00000,0.00000
12,tour,4,6,15,0.50,true,0.18925,0.00438,0.00330,1.81405,0.00440,0.5537,0.0762,0.5653,0.00395,0.00157
12,tour,4,6,15,0.60,true,0.18638,0.00435,0.00558,1.81920,0.00439,0.6373,0.0415,0.6542,0.00910,0.00198
12,tour,4,6,15,0.70,true,0.17775,0.00427,0.00892,1.83117,0.00433,0.7271,0.0205,0.7479,0.02106,0.00232
12,tour,4,6,15,0.80,true,0.16787,0.00418,0.01341,1.84554,0.00425,0.8234,0.0122,0.8440,0.03544,0.00262
12,tour,4,6,15,0.90,true,0.15725,0.00407,0.01919,1.86194,0.00418,0.9173,0.0047,0.9399,0.05184,0.00286
12,tour,4,6,15,1.00,true,0.14363,0.00392,0.02660,1.88298,0.00406,1.0173,0.0025,1.0390,0.07288,0.00313
12,tour,4,6,15,1.10,true,0.13100,0.00377,0.03572,1.90473,0.00395,1.1199,0.0016,1.1403,0.09462,0.00335
12,tour,4,6,15,1.20,true,0.11875,0.00362,0.04673,1.92800,0.00385,1.2234,0.0004,1.2434,0.11789,0.00351
12,tour,4,6,20,0.00,true,0.09000,0.00320,0.00565,1.91565,0.00323,0.3253,0.5338,0.4063,0.03354,0.00296
12,tour,4,6,20,0.10,true,0.10150,0.00338,0.00459,1.90309,0.00340,0.3691,0.4396,0.4197,0.02098,0.00268
12,tour,4,6,20,0.20,true,0.11325,0.00354,0.00444,1.89119,0.00356,0.4215,0.3459,0.4515,0.00908,0.00209
12,tour,4,6,20,0.30,true,0.12150,0.00365,0.00518,1.88368,0.00368,0.4795,0.2631,0.4985,0.00157,0.00153
12,tour,4,6,20,0.40,true,0.12475,0.00369,0.00686,1.88211,0.00373,0.5436,0.1949,0.5575,0.00000,0.00000
12,tour,4,6,20,0.50,true,0.12500,0.00370,0.00953,1.88453,0.00375,0.6137,0.1387,0.6277,0.00242,0.00141
12,tour,4,6,20,0.60,true,0.12450,0.00369,0.01334,1.88884,0.00376,0.6933,0.0988,0.7075,0.00673,0.00191
12,tour,4,6,20,0.70,true,0.12025,0.00364,0.01833,1.89808,0.00373,0.7743,0.0656,0.7933,0.01597,0.00228
12,tour,4,6,20,0.80,true,0.11450,0.00356,0.02436,1.90987,0.00369,0.8573,0.0445,0.8795,0.02776,0.00252
12,tour,4,6,20,0.90,true,0.10675,0.00345,0.03223,1.92548,0.00362,0.9489,0.0283,0.9744,0.04337,0.00275
12,tour,4,6,20,1.00,true,0.09913,0.00334,0.04122,1.94211,0.00355,1.0401,0.0168,1.0690,0.06000,0.00292
12,tour,4,6,20,1.10,true,0.09312,0.00325,0.05138,1.95827,0.00350,1.1325,0.0092,1.1640,0.07616,0.00308
12,tour,4,6,20,1.20,true,0.08488,0.00312,0.06278,1.97793,0.00341,1.2263,0.0059,1.2576,0.09582,0.00322
12,scratch,4,12,10,0.00,true,0.38788,0.00545,0.00009,1.61222,0.00545,0.1819,0.7370,0.2004,0.20041,0.00581
12,scratch,4,12,10,0.10,true,0.49275,0.00559,0.00038,1.50763,0.00559,0.2329,0.5517,0.2107,0.09583,0.00493
12,scratch,4,12,10,0.20,true,0.55737,0.00555,0.00112,1.44374,0.00557,0.2956,0.3584,0.2575,0.03194,0.00379
12,scratch,4,12,10,0.30,true,0.58750,0.00550,0.00281,1.41531,0.00554,0.3663,0.1952,0.3342,0.00350,0.00234
12,scratch,4,12,10,0.40,true,0.59425,0.00549,0.00605,1.41180,0.00558,0.4451,0.0930,0.4264,0.00000,0.00000
12,scratch,4,12,10,0.50,true,0.58450,0.00551,0.01160,1.42710,0.00567,0.5339,0.0409,0.5255,0.01530,0.00219
12,scratch,4,12,10,0.60,true,0.57175,0.00553,0.01995,1.44820,0.00581,0.6262,0.0161,0.6252,0.03640,0.00285
12,scratch,4,12,10,0.70,true,0.55812,0.00555,0.03130,1.47318,0.00597,0.7215,0.0042,0.7252,0.06138,0.00328
12,scratch,4,12,10,0.80,true,0.53987,0.00557,0.04611,1.50623,0.00617,0.8196,0.0024,0.8233,0.09443,0.00366
12,scratch,4,12,10,0.90,true,0.52363,0.00558,0.06378,1.54016,0.00638,0.9190,0.0005,0.9235,0.12835,0.00400
12,scratch,4,12,10,1.00,true,0.50600,0.00559,0.08417,1.57817,0.00659,1.0197,0.0003,1.0240,0.16637,0.00438
12,scratch,4,12,10,1.10,true,0.49225,0.00559,0.10506,1.61281,0.00680,1.1159,0.0002,1.1199,0.20101,0.00464
12,scratch,4,12,10,1.20,true,0.47837,0.00558,0.12753,1.64916,0.00701,1.2141,0.0000,1.2182,0.23735,0.00493
12,scratch,4,12,15,0.00,true,0.24850,0.00483,0.00162,1.75312,0.00484,0.2685,0.6302,0.2899,0.09515,0.00469
12,scratch,4,12,15,0.10,true,0.28787,0.00506,0.00317,1.71530,0.00509,0.3100,0.4992,0.2995,0.05732,0.00402
12,scratch,4,12,15,0.20,true,0.32288,0.00523,0.00601,1.68314,0.00528,0.3644,0.3718,0.3337,0.02516,0.00324
12,scratch,4,12,15,0.30,true,0.34663,0.00532,0.01032,1.66370,0.00542,0.4221,0.2617,0.3878,0.00572,0.00223
12,scratch,4,12,15,0.40,true,0.35913,0.00536,0.01710,1.65798,0.00553,0.4920,0.1726,0.4607,0.00000,0.00000
12,scratch,4,12,15,0.50,true,0.36200,0.00537,0.02668,1.66468,0.00563,0.5699,0.1129,0.5433,0.00671,0.00192
12,scratch,4,12,15,0.60,true,0.36225,0.00537,0.03914,1.67690,0.00575,0.6514,0.0672,0.6346,0.01892,0.00259
12,scratch,4,12,15,0.70,true,0.35875,0.00536,0.05488,1.69613,0.00589,0.7392,0.0386,0.7308,0.03815,0.00301
12,scratch,4,12,15,0.80,true,0.35037,0.00533,0.07349,1.72312,0.00602,0.8292,0.0208,0.8276,0.06514,0.00339
12,scratch,4,12,15,0.90,true,0.34075,0.00530,0.09509,1.75434,0.00617,0.9258,0.0123,0.9272,0.09636,0.00372
12,scratch,4,12,15,1.00,true,0.33000,0.00526,0.11870,1.78871,0.00631,1.0218,0.0078,1.0247,0.13073,0.00398
12,scratch,4,12,15,1.10,true,0.32062,0.00522,0.14375,1.82313,0.00645,1.1184,0.0048,1.1226,0.16516,0.00423
12,scratch,4,12,15,1.20,true,0.31050,0.00517,0.17055,1.86006,0.00659,1.2165,0.0027,1.2218,0.20208,0.00446
12,scratch,4,12,20,0.00,true,0.16525,0.00415,0.00564,1.84039,0.00419,0.3417,0.5789,0.3768,0.03495,0.00384
12,scratch,4,12,20,0.10,true,0.18638,0.00435,0.00896,1.82259,0.00442,0.3839,0.4826,0.3875,0.01715,0.00336
12,scratch,4,12,20,0.20,true,0.20388,0.00450,0.01465,1.81078,0.00461,0.4404,0.3856,0.4185,0.00534,0.00263
12,scratch,4,12,20,0.30,true,0.21563,0.00460,0.02160,1.80598,0.00476,0.4940,0.3044,0.4612,0.00054,0.00182
12,scratch,4,12,20,0.40,true,0.22587,0.00468,0.03131,1.80544,0.00492,0.5557,0.2286,0.5201,0.00000,0.00000
12,scratch,4,12,20,0.50,true,0.23125,0.00471,0.04363,1.81238,0.00506,0.6239,0.1672,0.5906,0.00694,0.00175
12,scratch,4,12,20,0.60,true,0.23538,0.00474,0.05894,1.82356,0.00522,0.6986,0.1184,0.6713,0.01812,0.00235
12,scratch,4,12,20,0.70,true,0.23300,0.00473,0.07694,1.84394,0.00534,0.7768,0.0823,0.7562,0.03851,0.00277
12,scratch,4,12,20,0.80,true,0.23250,0.00472,0.09721,1.86471,0.00548,0.8602,0.0560,0.8467,0.05927,0.00310
12,scratch,4,12,20,0.90,true,0.22812,0.00469,0.12037,1.89225,0.00561,0.9482,0.0371,0.9412,0.08681,0.00341
12,scratch,4,12,20,1.00,true,0.22462,0.00467,0.14493,1.92031,0.00575,1.0378,0.0235,1.0370,0.11487,0.00366
12,scratch,4,12,20,1.10,true,0.21825,0.00462,0.17128,1.95304,0.00586,1.1297,0.0149,1.1331,0.14760,0.00388
12,scratch,4,12,20,1.20,true,0.21213,0.00457,0.19907,1.98696,0.00596,1.2261,0.0098,1.2318,0.18152,0.00409
12,scratch,4,3,10,0.00,true,0.13912,0.00387,0.00065,1.86152,0.00387,0.0971,0.5223,0.2342,0.11593,0.00565
12,scratch,4,3,10,0.10,true,0.19325,0.00441,0.00097,1.80772,0.00442,0.1770,0.3184,0.2575,0.06212,0.00552
12,scratch,4,3,10,0.20,true,0.22637,0.00468,0.00208,1.77571,0.00469,0.2516,0.2039,0.3073,0.03012,0.00491
12,scratch,4,3,10,0.30,true,0.24763,0.00483,0.00468,1.75705,0.00486,0.3164,0.1229,0.3702,0.01146,0.00398
12,scratch,4,3,10,0.40,true,0.26250,0.00492,0.00975,1.74725,0.00499,0.3867,0.0731,0.4452,0.00166,0.00270
12,scratch,4,3,10,0.50,true,0.27200,0.00498,0.01759,1.74559,0.00511,0.4550,0.0397,0.5223,0.00000,0.00000
12,scratch,4,3,10,0.60,true,0.27650,0.00500,0.02895,1.75245,0.00523,0.5272,0.0207,0.6027,0.00686,0.00260
12,scratch,4,3,10,0.70,true,0.27813,0.00501,0.04578,1.76765,0.00537,0.6129,0.0100,0.6950,0.02206,0.00367
12,scratch,4,3,10,0.80,true,0.28050,0.00502,0.06611,1.78562,0.00555,0.6972,0.0052,0.7876,0.04003,0.00442
12,scratch,4,3,10,0.90,true,0.27900,0.00501,0.08871,1.80972,0.00571,0.7791,0.0028,0.8752,0.06413,0.00494
12,scratch,4,3,10,1.00,true,0.27763,0.00501,0.11387,1.83626,0.00589,0.8610,0.0009,0.9643,0.09067,0.00546
12,scratch,4,3,10,1.10,true,0.27875,0.00501,0.14275,1.86403,0.00610,0.9514,0.0002,1.0627,0.11843,0.00593
12,scratch,4,3,10,1.20,true,0.27587,0.00500,0.17053,1.89469,0.00628,1.0339,0.0000,1.1524,0.14910,0.00631
12,scratch,4,3,15,0.00,true,0.07512,0.00295,0.00700,1.93187,0.00298,0.1556,0.5095,0.3451,0.05487,0.00452
12,scratch,4,3,15,0.10,true,0.10375,0.00341,0.00811,1.90436,0.00345,0.2352,0.3709,0.3619,0.02736,0.00436
12,scratch,4,3,15,0.20,true,0.12562,0.00371,0.01095,1.88533,0.00377,0.3086,0.2731,0.3985,0.00832,0.00378
12,scratch,4,3,15,0.30,true,0.13837,0.00386,0.01640,1.87803,0.00396,0.3789,0.1950,0.4529,0.00103,0.00279
12,scratch,4,3,15,0.40,true,0.14775,0.00397,0.02475,1.87700,0.00412,0.4438,0.1354,0.5156,0.00000,0.00000
12,scratch,4,3,15,0.50,true,0.15300,0.00402,0.03667,1.88368,0.00426,0.5129,0.0952,0.5866,0.00668,0.00266
12,scratch,4,3,15,0.60,true,0.16125,0.00411,0.05064,1.88939,0.00444,0.5785,0.0677,0.6584,0.01239,0.00372
12,scratch,4,3,15,0.70,true,0.16375,0.00414,0.07075,1.90701,0.00460,0.6573,0.0457,0.7435,0.03001,0.00446
12,scratch,4,3,15,0.80,true,0.16562,0.00416,0.09307,1.92746,0.00476,0.7331,0.0304,0.8276,0.05046,0.00493
12,scratch,4,3,15,0.90,true,0.16450,0.00414,0.11895,1.95447,0.00490,0.8131,0.0193,0.9162,0.07746,0.00530
12,scratch,4,3,15,1.00,true,0.16187,0.00412,0.14626,1.98441,0.00503,0.8912,0.0112,1.0033,0.10741,0.00560
12,scratch,4,3,15,1.10,true,0.16487,0.00415,0.17448,2.00964,0.00522,0.9742,0.0081,1.0931,0.13264,0.00593
12,scratch,4,3,15,1.20,true,0.16150,0.00411,0.20448,2.04303,0.00533,1.0571,0.0055,1.1828,0.16603,0.00610
12,scratch,4,3,20,0.00,true,0.05663,0.00258,0.02562,1.96900,0.00274,0.2287,0.5313,0.4734,0.02116,0.00375
12,scratch,4,3,20,0.10,true,0.07200,0.00289,0.02791,1.95591,0.00306,0.3102,0.4173,0.4858,0.00807,0.00336
12,scratch,4,3,20,0.20,true,0.08450,0.00311,0.03240,1.94790,0.00331,0.3848,0.3301,0.5140,0.00006,0.00260
12,scratch,4,3,20,0.30,true,0.09212,0.00323,0.03996,1.94784,0.00348,0.4569,0.2619,0.5578,0.00000,0.00000
12,scratch,4,3,20,0.40,true,0.09963,0.00335,0.05041,1.95079,0.00367,0.5282,0.2128,0.6114,0.00295,0.00251
12,scratch,4,3,20,0.50,true,0.10275,0.00339,0.06400,1.96126,0.00380,0.5930,0.1662,0.6723,0.01342,0.00357
12,scratch,4,3,20,0.60,true,0.10900,0.00348,0.08051,1.97152,0.00399,0.6604,0.1326,0.7393,0.02368,0.00416
12,scratch,4,3,20,0.70,true,0.10862,0.00348,0.10141,1.99280,0.00411,0.7335,0.1049,0.8152,0.04496,0.00449
12,scratch,4,3,20,0.80,true,0.10837,0.00348,0.12406,2.01571,0.00423,0.8030,0.0815,0.8916,0.06787,0.00468
12,scratch,4,3,20,0.90,true,0.10837,0.00348,0.14783,2.03949,0.00435,0.8702,0.0608,0.9693,0.09164,0.00493
12,scratch,4,3,20,1.00,true,0.10925,0.00349,0.17307,2.06387,0.00449,0.9401,0.0450,1.0498,0.11603,0.00514
12,scratch,4,3,20,1.10,true,0.11175,0.00352,0.19872,2.08704,0.00465,1.0099,0.0314,1.1321,0.13919,0.00535
12,scratch,4,3,20,1.20,true,0.11275,0.00354,0.22663,2.11397,0.00479,1.0873,0.0217,1.2203,0.16612,0.00553
12,scratch,4,6,10,0.00,true,0.19612,0.00444,0.00023,1.80411,0.00444,0.1744,0.5870,0.2227,0.08836,0.00413
12,scratch,4,6,10,0.10,true,0.24325,0.00480,0.00011,1.75686,0.00480,0.2213,0.4009,0.2414,0.04111,0.00331
12,scratch,4,6,10,0.20,true,0.26825,0.00495,0.00014,1.73189,0.00495,0.2824,0.2451,0.2889,0.01614,0.00223
12,scratch,4,6,10,0.30,true,0.28463,0.00504,0.00037,1.71575,0.00505,0.3528,0.1311,0.3600,0.00000,0.00000
12,scratch,4,6,10,0.40,true,0.28487,0.00505,0.00099,1.71611,0.00505,0.4358,0.0617,0.4472,0.00036,0.00190
12,scratch,4,6,10,0.50,true,0.27963,0.00502,0.00219,1.72257,0.00503,0.5253,0.0272,0.5402,0.00682,0.00248
12,scratch,4,6,10,0.60,true,0.26725,0.00495,0.00431,1.73706,0.00498,0.6177,0.0087,0.6361,0.02131,0.00287
12,scratch,4,6,10,0.70,true,0.25450,0.00487,0.00757,1.75307,0.00492,0.7122,0.0042,0.7297,0.03732,0.00309
12,scratch,4,6,10,0.80,true,0.23888,0.00477,0.01282,1.77394,0.00485,0.8193,0.0013,0.8362,0.05819,0.00336
12,scratch,4,6,10,0.90,true,0.22475,0.00467,0.01890,1.79415,0.00479,0.9110,0.0005,0.9271,0.07840,0.00356
12,scratch,4,6,10,1.00,true,0.21188,0.00457,0.02732,1.81546,0.00474,1.0125,0.0002,1.0277,0.09971,0.00375
12,scratch,4,6,10,1.10,true,0.19537,0.00443,0.03771,1.84235,0.00466,1.1130,0.0000,1.1275,0.12660,0.00396
12,scratch,4,6,10,1.20,true,0.17738,0.00427,0.05034,1.87299,0.00456,1.2146,0.0000,1.2284,0.15724,0.00414
12,scratch,4,6,15,0.00,true,0.10837,0.00348,0.00269,1.89432,0.00349,0.2618,0.5577,0.3301,0.04679,0.00310
12,scratch,4,6,15,0.10,true,0.12875,0.00374,0.00205,1.87330,0.00375,0.3040,0.4310,0.3462,0.02577,0.00249
12,scratch,4,6,15,0.20,true,0.14550,0.00394,0.00218,1.85668,0.00395,0.3561,0.3122,0.3832,0.00915,0.00170
12,scratch,4,6,15,0.30,true,0.15563,0.00405,0.00315,1.84752,0.00407,0.4162,0.2127,0.4378,0.00000,0.00000
12,scratch,4,6,15,0.40,true,0.15700,0.00407,0.00506,1.84806,0.00409,0.4871,0.1422,0.5058,0.00053,0.00159
12,scratch,4,6,15,0.50,true,0.15613,0.00406,0.00801,1.85188,0.00410,0.5641,0.0927,0.5836,0.00436,0.00211
12,scratch,4,6,15,0.60,true,0.15050,0.00400,0.01229,1.86179,0.00406,0.6462,0.0556,0.6699,0.01427,0.00247
12,scratch,4,6,15,0.70,true,0.14438,0.00393,0.01811,1.87374,0.00403,0.7337,0.0302,0.7620,0.02622,0.00272
12,scratch,4,6,15,0.80,true,0.13275,0.00379,0.02554,1.89279,0.00393,0.8262,0.0172,0.8558,0.04527,0.00297
12,scratch,4,6,15,0.90,true,0.12500,0.00370,0.03462,1.90963,0.00388,0.9213,0.0101,0.9510,0.06211,0.00315
12,scratch,4,6,15,1.00,true,0.11488,0.00357,0.04549,1.93064,0.00380,1.0163,0.0042,1.0475,0.08312,0.00332
12,scratch,4,6,15,1.10,true,0.10562,0.00344,0.05838,1.95279,0.00372,1.1163,0.0024,1.1465,0.10527,0.00345
12,scratch,4,6,15,1.20,true,0.09275,0.00324,0.07370,1.98101,0.00359,1.2204,0.0017,1.2490,0.13348,0.00362
12,scratch,4,6,20,0.00,true,0.07237,0.00290,0.01301,1.94064,0.00296,0.3478,0.5278,0.4550,0.01992,0.00242
12,scratch,4,6,20,0.10,true,0.07913,0.00302,0.01183,1.93270,0.00308,0.3913,0.4395,0.4690,0.01198,0.00207
12,scratch,4,6,20,0.20,true,0.08887,0.00318,0.01212,1.92325,0.00324,0.4440,0.3531,0.5003,0.00252,0.00148
12,scratch,4,6,20,0.30,true,0.09325,0.00325,0.01397,1.92072,0.00332,0.5022,0.2756,0.5454,0.00000,0.00000
12,scratch,4,6,20,0.40,true,0.09413,0.00326,0.01724,1.92312,0.00335,0.5628,0.2085,0.6009,0.00240,0.00131
12,scratch,4,6,20,0.50,true,0.09488,0.00328,0.02206,1.92720,0.00339,0.6319,0.1545,0.6678,0.00647,0.00180
12,scratch,4,6,20,0.60,true,0.09262,0.00324,0.02853,1.93592,0.00339,0.7083,0.1132,0.7433,0.01519,0.00215
12,scratch,4,6,20,0.70,true,0.08950,0.00319,0.03652,1.94704,0.00338,0.7862,0.0791,0.8247,0.02631,0.00241
12,scratch,4,6,20,0.80,true,0.08538,0.00312,0.04580,1.96045,0.00336,0.8669,0.0569,0.9070,0.03973,0.00259
12,scratch,4,6,20,0.90,true,0.08138,0.00306,0.05727,1.97593,0.00335,0.9547,0.0376,0.9987,0.05521,0.00276
12,scratch,4,6,20,1.00,true,0.07662,0.00297,0.06998,1.99340,0.00333,1.0444,0.0252,1.0904,0.07268,0.00289
12,scratch,4,6,20,1.10,true,0.07162,0.00288,0.08386,2.01230,0.00330,1.1340,0.0162,1.1821,0.09158,0.00300
12,scratch,4,6,20,1.20,true,0.06550,0.00277,0.09910,2.03370,0.00324,1.2257,0.0095,1.2759,0.11297,0.00315
12,mid,4,12,10,0.00,true,0.31575,0.00520,0.00056,1.68481,0.00520,0.1994,0.6821,0.2202,0.13836,0.00516
12,mid,4,12,10,0.10,true,0.39475,0.00546,0.00163,1.60688,0.00548,0.2458,0.5056,0.2326,0.06043,0.00416
12,mid,4,12,10,0.20,true,0.44425,0.00556,0.00410,1.55985,0.00560,0.3044,0.3369,0.2762,0.01341,0.00287
12,mid,4,12,10,0.30,true,0.46237,0.00557,0.00882,1.54645,0.00567,0.3723,0.2004,0.3447,0.00000,0.00000
12,mid,4,12,10,0.40,true,0.46875,0.00558,0.01698,1.54824,0.00578,0.4489,0.1028,0.4324,0.00179,0.00251
12,mid,4,12,10,0.50,true,0.46250,0.00557,0.02907,1.56657,0.00591,0.5354,0.0521,0.5270,0.02013,0.00322
12,mid,4,12,10,0.60,true,0.44812,0.00556,0.04578,1.59766,0.00607,0.6260,0.0247,0.6243,0.05121,0.00375
12,mid,4,12,10,0.70,true,0.43375,0.00554,0.06660,1.63286,0.00626,0.7200,0.0106,0.7229,0.08641,0.00414
12,mid,4,12,10,0.80,true,0.41800,0.00551,0.09130,1.67331,0.00646,0.8160,0.0030,0.8223,0.12686,0.00449
12,mid,4,12,10,0.90,true,0.40163,0.00548,0.11870,1.71708,0.00667,0.9145,0.0019,0.9205,0.17064,0.00482
12,mid,4,12,10,1.00,true,0.38688,0.00545,0.14830,1.76144,0.00687,1.0141,0.0006,1.0206,0.21500,0.00513
12,mid,4,12,10,1.10,true,0.37588,0.00542,0.17720,1.80136,0.00706,1.1111,0.0004,1.1174,0.25491,0.00536
12,mid,4,12,10,1.20,true,0.36338,0.00538,0.20717,1.84384,0.00723,1.2093,0.0002,1.2154,0.29739,0.00561
12,mid,4,12,15,0.00,true,0.18450,0.00434,0.00546,1.82096,0.00437,0.2911,0.5947,0.3238,0.04429,0.00385
12,mid,4,12,15,0.10,true,0.21200,0.00457,0.00936,1.79736,0.00464,0.3352,0.4784,0.3362,0.02068,0.00311
12,mid,4,12,15,0.20,true,0.23325,0.00473,0.01601,1.78276,0.00486,0.3876,0.3631,0.3696,0.00609,0.00222
12,mid,4,12,15,0.30,true,0.24850,0.00483,0.02517,1.77667,0.00504,0.4449,0.2688,0.4198,0.00000,0.00000
12,mid,4,12,15,0.40,true,0.25688,0.00488,0.03837,1.78150,0.00521,0.5106,0.1860,0.4868,0.00482,0.00211
12,mid,4,12,15,0.50,true,0.26050,0.00491,0.05551,1.79502,0.00537,0.5837,0.1239,0.5654,0.01834,0.00280
12,mid,4,12,15,0.60,true,0.25800,0.00489,0.07625,1.81826,0.00553,0.6634,0.0834,0.6498,0.04159,0.00323
12,mid,4,12,15,0.70,true,0.25338,0.00486,0.10035,1.84699,0.00568,0.7445,0.0506,0.7397,0.07031,0.00361
12,mid,4,12,15,0.80,true,0.24938,0.00484,0.12681,1.87745,0.00584,0.8315,0.0316,0.8321,0.10078,0.00388
12,mid,4,12,15,0.90,true,0.24275,0.00479,0.15664,1.91391,0.00599,0.9241,0.0182,0.9300,0.13724,0.00420
12,mid,4,12,15,1.00,true,0.23750,0.00476,0.18726,1.94980,0.00615,1.0199,0.0123,1.0272,0.17312,0.00440
12,mid,4,12,15,1.10,true,0.22912,0.00470,0.21966,1.99059,0.00627,1.1164,0.0081,1.1252,0.21392,0.00465
12,mid,4,12,15,1.20,true,0.22112,0.00464,0.25239,2.03133,0.00638,1.2131,0.0048,1.2237,0.25466,0.00485
12,mid,4,12,20,0.00,true,0.11113,0.00351,0.01710,1.90598,0.00362,0.3733,0.5532,0.4302,0.00860,0.00247
12,mid,4,12,20,0.10,true,0.12387,0.00368,0.02371,1.89984,0.00385,0.4142,0.4663,0.4420,0.00245,0.00177
12,mid,4,12,20,0.20,true,0.13650,0.00384,0.03388,1.89739,0.00408,0.4693,0.3807,0.4720,0.00000,0.00000
12,mid,4,12,20,0.30,true,0.14538,0.00394,0.04597,1.90061,0.00428,0.5207,0.3074,0.5121,0.00322,0.00162
12,mid,4,12,20,0.40,true,0.15100,0.00400,0.06185,1.91086,0.00446,0.5826,0.2434,0.5656,0.01347,0.00220
12,mid,4,12,20,0.50,true,0.15450,0.00404,0.08131,1.92682,0.00464,0.6483,0.1848,0.6314,0.02944,0.00274
12,mid,4,12,20,0.60,true,0.15662,0.00406,0.10363,1.94703,0.00481,0.7175,0.1375,0.7042,0.04964,0.00305
12,mid,4,12,20,0.70,true,0.15750,0.00407,0.12860,1.97113,0.00499,0.7920,0.1004,0.7841,0.07374,0.00334
12,mid,4,12,20,0.80,true,0.15413,0.00404,0.15627,2.00219,0.00511,0.8718,0.0729,0.8688,0.10480,0.00363
12,mid,4,12,20,0.90,true,0.15163,0.00401,0.18643,2.03485,0.00525,0.9575,0.0513,0.9603,0.13747,0.00392
12,mid,4,12,20,1.00,true,0.14888,0.00398,0.21671,2.06790,0.00537,1.0437,0.0360,1.0515,0.17052,0.00411
12,mid,4,12,20,1.10,true,0.14600,0.00395,0.24792,2.10201,0.00549,1.1318,0.0240,1.1450,0.20463,0.00428
12,mid,4,12,20,1.20,true,0.14125,0.00389,0.28020,2.13907,0.00556,1.2252,0.0173,1.2403,0.24168,0.00443
12,mid,4,3,10,0.00,true,0.12625,0.00371,0.00286,1.87661,0.00373,0.1224,0.5268,0.2658,0.08525,0.00518
12,mid,4,3,10,0.10,true,0.16862,0.00419,0.00405,1.83542,0.00421,0.2030,0.3560,0.2856,0.04406,0.00448
12,mid,4,3,10,0.20,true,0.19812,0.00446,0.00726,1.80914,0.00450,0.2759,0.2489,0.3298,0.01777,0.00324
12,mid,4,3,10,0.30,true,0.22187,0.00465,0.01324,1.79136,0.00474,0.3391,0.1674,0.3887,0.00000,0.00000
12,mid,4,3,10,0.40,true,0.23150,0.00472,0.02349,1.79200,0.00489,0.4045,0.1039,0.4603,0.00063,0.00324
12,mid,4,3,10,0.50,true,0.23650,0.00475,0.03770,1.80121,0.00504,0.4713,0.0663,0.5351,0.00984,0.00437
12,mid,4,3,10,0.60,true,0.23738,0.00476,0.05655,1.81919,0.00518,0.5404,0.0382,0.6149,0.02783,0.00514
12,mid,4,3,10,0.70,true,0.23513,0.00474,0.08205,1.84696,0.00535,0.6227,0.0204,0.7061,0.05559,0.00568
12,mid,4,3,10,0.80,true,0.23563,0.00474,0.11044,1.87486,0.00556,0.7056,0.0110,0.7992,0.08350,0.00615
12,mid,4,3,10,0.90,true,0.23538,0.00474,0.13951,1.90421,0.00575,0.7867,0.0067,0.8869,0.11284,0.00649
12,mid,4,3,10,1.00,true,0.23012,0.00471,0.17077,1.94075,0.00591,0.8674,0.0036,0.9752,0.14939,0.00677
12,mid,4,3,10,1.10,true,0.22775,0.00469,0.20495,1.97735,0.00610,0.9565,0.0024,1.0721,0.18599,0.00705
12,mid,4,3,10,1.20,true,0.22200,0.00465,0.23696,2.01517,0.00623,1.0367,0.0008,1.1607,0.22381,0.00721
12,mid,4,3,15,0.00,true,0.06825,0.00282,0.02068,1.95243,0.00294,0.2119,0.5131,0.4073,0.02836,0.00431
12,mid,4,3,15,0.10,true,0.08887,0.00318,0.02394,1.93507,0.00333,0.2926,0.4081,0.4205,0.01100,0.00395
12,mid,4,3,15,0.20,true,0.10487,0.00343,0.03065,1.92578,0.00362,0.3673,0.3276,0.4529,0.00171,0.00300
12,mid,4,3,15,0.30,true,0.11737,0.00360,0.04144,1.92408,0.00387,0.4314,0.2544,0.4990,0.00000,0.00000
12,mid,4,3,15,0.40,true,0.12837,0.00374,0.05600,1.92765,0.00411,0.4950,0.1946,0.5576,0.00357,0.00294
12,mid,4,3,15,0.50,true,0.13125,0.00378,0.07453,1.94331,0.00427,0.5544,0.1426,0.6219,0.01924,0.00399
12,mid,4,3,15,0.60,true,0.13175,0.00378,0.09606,1.96436,0.00441,0.6184,0.1086,0.6911,0.04028,0.00463
12,mid,4,3,15,0.70,true,0.13512,0.00382,0.12290,1.98784,0.00462,0.6935,0.0782,0.7745,0.06376,0.00517
12,mid,4,3,15,0.80,true,0.13387,0.00381,0.15087,2.01710,0.00476,0.7646,0.0564,0.8556,0.09302,0.00543
12,mid,4,3,15,0.90,true,0.13225,0.00379,0.18024,2.04813,0.00490,0.8384,0.0426,0.9376,0.12405,0.00566
12,mid,4,3,15,1.00,true,0.13462,0.00382,0.20988,2.07544,0.00508,0.9139,0.0312,1.0233,0.15136,0.00592
12,mid,4,3,15,1.10,true,0.13737,0.00385,0.23992,2.10279,0.00526,0.9892,0.0203,1.1115,0.17871,0.00617
12,mid,4,3,15,1.20,true,0.13262,0.00379,0.27208,2.13978,0.00533,1.0674,0.0125,1.2005,0.21570,0.00625
12,mid,4,3,20,0.00,true,0.05038,0.00245,0.06406,2.01372,0.00287,0.3337,0.5306,0.5800,0.00542,0.00286
12,mid,4,3,20,0.10,true,0.06125,0.00268,0.06951,2.00830,0.00314,0.4231,0.4535,0.5907,0.00000,0.00000
12,mid,4,3,20,0.20,true,0.06788,0.00281,0.07840,2.01057,0.00333,0.4976,0.3829,0.6160,0.00227,0.00290
12,mid,4,3,20,0.30,true,0.07200,0.00289,0.09010,2.01815,0.00349,0.5597,0.3250,0.6497,0.00985,0.00366
12,mid,4,3,20,0.40,true,0.07512,0.00295,0.10634,2.03128,0.00365,0.6257,0.2745,0.6977,0.02298,0.00400
12,mid,4,3,20,0.50,true,0.08100,0.00305,0.12475,2.04384,0.00386,0.6893,0.2320,0.7533,0.03554,0.00432
12,mid,4,3,20,0.60,true,0.08550,0.00313,0.14497,2.05958,0.00406,0.7489,0.1960,0.8119,0.05128,0.00460
12,mid,4,3,20,0.70,true,0.08563,0.00313,0.16799,2.08251,0.00419,0.8101,0.1636,0.8764,0.07421,0.00477
12,mid,4,3,20,0.80,true,0.08812,0.00317,0.19251,2.10459,0.00436,0.8749,0.1363,0.9477,0.09629,0.00497
12,mid,4,3,20,0.90,true,0.09000,0.00320,0.21763,2.12790,0.00451,0.9380,0.1115,1.0211,0.11960,0.00516
12,mid,4,3,20,1.00,true,0.09162,0.00323,0.24416,2.15288,0.00466,1.0057,0.0915,1.0994,0.14458,0.00534
12,mid,4,3,20,1.10,true,0.09050,0.00321,0.27143,2.18136,0.00475,1.0744,0.0756,1.1787,0.17306,0.00546
12,mid,4,3,20,1.20,true,0.08912,0.00319,0.30004,2.21147,0.00484,1.1438,0.0575,1.2645,0.20317,0.00556
12,mid,4,6,10,0.00,true,0.15300,0.00402,0.00116,1.84816,0.00403,0.1917,0.5692,0.2531,0.06478,0.00369
12,mid,4,6,10,0.10,true,0.18525,0.00434,0.00080,1.81555,0.00435,0.2377,0.4049,0.2714,0.03217,0.00302
12,mid,4,6,10,0.20,true,0.20775,0.00454,0.00113,1.79338,0.00454,0.2956,0.2595,0.3162,0.01001,0.00211
12,mid,4,6,10,0.30,true,0.21887,0.00462,0.00225,1.78338,0.00464,0.3643,0.1523,0.3823,0.00000,0.00000
12,mid,4,6,10,0.40,true,0.21875,0.00462,0.00456,1.78581,0.00465,0.4437,0.0790,0.4650,0.00244,0.00182
12,mid,4,6,10,0.50,true,0.21263,0.00457,0.00831,1.79569,0.00463,0.5290,0.0397,0.5533,0.01232,0.00236
12,mid,4,6,10,0.60,true,0.20450,0.00451,0.01398,1.80949,0.00460,0.6206,0.0195,0.6466,0.02612,0.00272
12,mid,4,6,10,0.70,true,0.19650,0.00444,0.02160,1.82512,0.00458,0.7101,0.0068,0.7387,0.04175,0.00290
12,mid,4,6,10,0.80,true,0.18425,0.00433,0.03270,1.84849,0.00453,0.8154,0.0034,0.8425,0.06511,0.00315
12,mid,4,6,10,0.90,true,0.17300,0.00423,0.04475,1.87181,0.00449,0.9067,0.0017,0.9330,0.08843,0.00332
12,mid,4,6,10,1.00,true,0.16037,0.00410,0.06047,1.90019,0.00445,1.0077,0.0006,1.0332,0.11682,0.00354
12,mid,4,6,10,1.10,true,0.14663,0.00395,0.07856,1.93208,0.00438,1.1082,0.0003,1.1327,0.14871,0.00375
12,mid,4,6,10,1.20,true,0.13312,0.00380,0.09914,1.96624,0.00432,1.2099,0.0001,1.2336,0.18286,0.00395
12,mid,4,6,15,0.00,true,0.07975,0.00303,0.01166,1.93191,0.00309,0.2884,0.5479,0.3893,0.02215,0.00271
12,mid,4,6,15,0.10,true,0.09362,0.00326,0.01063,1.91701,0.00331,0.3287,0.4337,0.4059,0.00726,0.00226
12,mid,4,6,15,0.20,true,0.10150,0.00338,0.01167,1.91018,0.00344,0.3788,0.3251,0.4404,0.00042,0.00147
12,mid,4,6,15,0.30,true,0.10500,0.00343,0.01475,1.90976,0.00350,0.4346,0.2291,0.4907,0.00000,0.00000
12,mid,4,6,15,0.40,true,0.10737,0.00346,0.01995,1.91258,0.00357,0.5024,0.1588,0.5548,0.00283,0.00133
12,mid,4,6,15,0.50,true,0.10737,0.00346,0.02711,1.91976,0.00361,0.5792,0.1126,0.6281,0.01001,0.00183
12,mid,4,6,15,0.60,true,0.10287,0.00340,0.03672,1.93389,0.00359,0.6587,0.0736,0.7098,0.02413,0.00218
12,mid,4,6,15,0.70,true,0.09888,0.00334,0.04862,1.94981,0.00360,0.7427,0.0455,0.7972,0.04005,0.00240
12,mid,4,6,15,0.80,true,0.09062,0.00321,0.06280,1.97227,0.00354,0.8303,0.0261,0.8880,0.06252,0.00268
12,mid,4,6,15,0.90,true,0.08350,0.00309,0.07862,1.99526,0.00349,0.9210,0.0164,0.9785,0.08550,0.00285
12,mid,4,6,15,1.00,true,0.07587,0.00296,0.09666,2.02099,0.00344,1.0158,0.0104,1.0726,0.11123,0.00303
12,mid,4,6,15,1.10,true,0.06900,0.00283,0.11696,2.04825,0.00339,1.1120,0.0048,1.1699,0.13849,0.00319
12,mid,4,6,15,1.20,true,0.06087,0.00267,0.13982,2.07934,0.00331,1.2151,0.0029,1.2715,0.16958,0.00335
12,mid,4,6,20,0.00,true,0.04625,0.00235,0.04680,2.00057,0.00262,0.3806,0.5191,0.5519,0.00789,0.00166
12,mid,4,6,20,0.10,true,0.05087,0.00246,0.04602,1.99516,0.00272,0.4237,0.4392,0.5682,0.00249,0.00127
12,mid,4,6,20,0.20,true,0.05525,0.00255,0.04789,1.99267,0.00283,0.4760,0.3617,0.5987,0.00000,0.00000
12,mid,4,6,20,0.30,true,0.05862,0.00263,0.05240,1.99382,0.00293,0.5319,0.2923,0.6404,0.00115,0.00114
12,mid,4,6,20,0.40,true,0.06112,0.00268,0.05931,1.99825,0.00302,0.5909,0.2301,0.6927,0.00557,0.00155
12,mid,4,6,20,0.50,true,0.06062,0.00267,0.06868,2.00815,0.00306,0.6573,0.1783,0.7544,0.01547,0.00181
12,mid,4,6,20,0.60,true,0.06012,0.00266,0.08042,2.02042,0.00312,0.7281,0.1341,0.8248,0.02774,0.00203
12,mid,4,6,20,0.70,true,0.05925,0.00264,0.09403,2.03495,0.00317,0.8052,0.1027,0.9002,0.04228,0.00222
12,mid,4,6,20,0.80,true,0.05675,0.00259,0.10901,2.05249,0.00319,0.8789,0.0743,0.9777,0.05982,0.00239
12,mid,4,6,20,0.90,true,0.05412,0.00253,0.12672,2.07290,0.00321,0.9651,0.0535,1.0653,0.08023,0.00257
12,mid,4,6,20,1.00,true,0.05087,0.00246,0.14551,2.09503,0.00322,1.0511,0.0377,1.1535,0.10236,0.00273
12,mid,4,6,20,1.10,true,0.04612,0.00235,0.16522,2.11961,0.00318,1.1386,0.0271,1.2415,0.12694,0.00285
12,mid,4,6,20,1.20,true,0.04150,0.00223,0.18609,2.14523,0.00313,1.2275,0.0185,1.3317,0.15255,0.00301
12,high,4,12,10,0.00,true,0.25800,0.00489,0.00209,1.74409,0.00491,0.2185,0.6456,0.2431,0.09164,0.00487
12,high,4,12,10,0.10,true,0.31300,0.00518,0.00496,1.69196,0.00523,0.2648,0.4865,0.2564,0.03951,0.00395
12,high,4,12,10,0.20,true,0.34813,0.00533,0.01053,1.66241,0.00543,0.3190,0.3323,0.2974,0.00996,0.00262
12,high,4,12,10,0.30,true,0.36738,0.00539,0.01982,1.65245,0.00559,0.3867,0.2144,0.3616,0.00000,0.00000
12,high,4,12,10,0.40,true,0.37150,0.00540,0.03396,1.66247,0.00574,0.4608,0.1255,0.4423,0.01002,0.00242
12,high,4,12,10,0.50,true,0.36738,0.00539,0.05300,1.68563,0.00592,0.5396,0.0672,0.5310,0.03319,0.00316
12,high,4,12,10,0.60,true,0.35975,0.00537,0.07675,1.71702,0.00611,0.6282,0.0385,0.6247,0.06457,0.00362
12,high,4,12,10,0.70,true,0.34937,0.00533,0.10519,1.75584,0.00632,0.7203,0.0192,0.7226,0.10340,0.00406
12,high,4,12,10,0.80,true,0.33700,0.00528,0.13701,1.80006,0.00652,0.8154,0.0092,0.8213,0.14761,0.00443
12,high,4,12,10,0.90,true,0.32488,0.00524,0.17108,1.84627,0.00672,0.9124,0.0030,0.9215,0.19382,0.00478
12,high,4,12,10,1.00,true,0.31125,0.00518,0.20638,1.89522,0.00689,1.0108,0.0018,1.0197,0.24278,0.00507
12,high,4,12,10,1.10,true,0.29850,0.00512,0.24126,1.94290,0.00704,1.1074,0.0014,1.1159,0.29045,0.00532
12,high,4,12,10,1.20,true,0.28825,0.00506,0.27565,1.98758,0.00718,1.2044,0.0004,1.2137,0.33514,0.00555
12,high,4,12,15,0.00,true,0.13825,0.00386,0.01379,1.87555,0.00395,0.3173,0.5731,0.3630,0.01819,0.00276
12,high,4,12,15,0.10,true,0.16100,0.00411,0.02081,1.85982,0.00426,0.3626,0.4709,0.3772,0.00247,0.00191
12,high,4,12,15,0.20,true,0.17463,0.00424,0.03197,1.85735,0.00449,0.4123,0.3674,0.4081,0.00000,0.00000
12,high,4,12,15,0.30,true,0.18750,0.00436,0.04614,1.85865,0.00472,0.4682,0.2842,0.4541,0.00130,0.00189
12,high,4,12,15,0.40,true,0.19537,0.00443,0.06548,1.87013,0.00495,0.5304,0.2038,0.5170,0.01278,0.00267
12,high,4,12,15,0.50,true,0.19650,0.00444,0.08902,1.89256,0.00513,0.6018,0.1464,0.5896,0.03521,0.00319
12,high,4,12,15,0.60,true,0.19587,0.00444,0.11607,1.92025,0.00532,0.6779,0.1020,0.6703,0.06290,0.00361
12,high,4,12,15,0.70,true,0.19462,0.00443,0.14599,1.95144,0.00551,0.7595,0.0714,0.7563,0.09409,0.00391
12,high,4,12,15,0.80,true,0.18937,0.00438,0.17854,1.98927,0.00566,0.8419,0.0470,0.8454,0.13192,0.00421
12,high,4,12,15,0.90,true,0.18425,0.00433,0.21306,2.02896,0.00580,0.9297,0.0297,0.9392,0.17161,0.00445
12,high,4,12,15,1.00,true,0.17938,0.00429,0.24860,2.06942,0.00594,1.0216,0.0193,1.0347,0.21207,0.00467
12,high,4,12,15,1.10,true,0.17313,0.00423,0.28450,2.11164,0.00604,1.1156,0.0133,1.1306,0.25429,0.00488
12,high,4,12,15,1.20,true,0.16762,0.00418,0.32023,2.15296,0.00613,1.2115,0.0090,1.2281,0.29560,0.00504
12,high,4,12,20,0.00,true,0.08313,0.00309,0.03917,1.95608,0.00334,0.4089,0.5441,0.4917,0.00000,0.00000
12,high,4,12,20,0.10,true,0.09000,0.00320,0.04915,1.95919,0.00354,0.4502,0.4647,0.5045,0.00311,0.00149
12,high,4,12,20,0.20,true,0.09800,0.00332,0.06373,1.96578,0.00378,0.5048,0.3891,0.5327,0.00970,0.00213
12,high,4,12,20,0.30,true,0.10562,0.00344,0.08024,1.97467,0.00401,0.5535,0.3210,0.5706,0.01859,0.00257
12,high,4,12,20,0.40,true,0.10887,0.00348,0.10120,1.99240,0.00421,0.6146,0.2624,0.6203,0.03632,0.00295
12,high,4,12,20,0.50,true,0.11150,0.00352,0.12540,2.01400,0.00440,0.6765,0.2072,0.6801,0.05791,0.00329
12,high,4,12,20,0.60,true,0.11288,0.00354,0.15272,2.03997,0.00459,0.7451,0.1625,0.7485,0.08389,0.00361
12,high,4,12,20,0.70,true,0.11150,0.00352,0.18244,2.07111,0.00473,0.8148,0.1230,0.8230,0.11503,0.00387
12,high,4,12,20,0.80,true,0.11238,0.00353,0.21356,2.10141,0.00490,0.8911,0.0935,0.9032,0.14533,0.00410
12,high,4,12,20,0.90,true,0.11063,0.00351,0.24644,2.13610,0.00503,0.9716,0.0710,0.9873,0.18002,0.00429
12,high,4,12,20,1.00,true,0.10925,0.00349,0.27970,2.17082,0.00515,1.0540,0.0522,1.0751,0.21474,0.00447
12,high,4,12,20,1.10,true,0.10875,0.00348,0.31323,2.20495,0.00527,1.1422,0.0396,1.1663,0.24887,0.00464
12,high,4,12,20,1.20,true,0.10625,0.00345,0.34738,2.24173,0.00535,1.2303,0.0278,1.2597,0.28564,0.00477
12,high,4,3,10,0.00,true,0.11125,0.00352,0.00939,1.89815,0.00357,0.1522,0.5277,0.3018,0.06042,0.00518
12,high,4,3,10,0.10,true,0.14863,0.00398,0.01236,1.86375,0.00405,0.2342,0.3867,0.3197,0.02602,0.00463
12,high,4,3,10,0.20,true,0.17363,0.00423,0.01888,1.84527,0.00436,0.3032,0.2876,0.3579,0.00755,0.00332
12,high,4,3,10,0.30,true,0.19237,0.00441,0.03008,1.83773,0.00462,0.3666,0.2074,0.4136,0.00000,0.00000
12,high,4,3,10,0.40,true,0.20112,0.00448,0.04701,1.84592,0.00483,0.4294,0.1377,0.4828,0.00819,0.00334
12,high,4,3,10,0.50,true,0.20413,0.00451,0.06766,1.86361,0.00501,0.4940,0.0972,0.5539,0.02588,0.00456
12,high,4,3,10,0.60,true,0.20513,0.00451,0.09338,1.88836,0.00520,0.5623,0.0632,0.6336,0.05063,0.00532
12,high,4,3,10,0.70,true,0.20062,0.00448,0.12552,1.92506,0.00538,0.6391,0.0375,0.7223,0.08733,0.00585
12,high,4,3,10,0.80,true,0.20087,0.00448,0.15830,1.95767,0.00559,0.7160,0.0227,0.8113,0.11994,0.00630
12,high,4,3,10,0.90,true,0.20050,0.00448,0.19189,1.99173,0.00579,0.7962,0.0141,0.9002,0.15400,0.00661
12,high,4,3,10,1.00,true,0.19350,0.00442,0.22643,2.03339,0.00591,0.8741,0.0093,0.9862,0.19567,0.00679
12,high,4,3,10,1.10,true,0.19000,0.00439,0.26450,2.07515,0.00608,0.9635,0.0056,1.0851,0.23742,0.00701
12,high,4,3,10,1.20,true,0.18250,0.00432,0.29916,2.11751,0.00616,1.0438,0.0034,1.1740,0.27978,0.00714
12,high,4,3,15,0.00,true,0.06237,0.00270,0.04864,1.98633,0.00302,0.2739,0.5149,0.4778,0.00884,0.00402
12,high,4,3,15,0.10,true,0.07675,0.00298,0.05534,1.97866,0.00334,0.3623,0.4330,0.4916,0.00117,0.00308
12,high,4,3,15,0.20,true,0.08887,0.00318,0.06629,1.97749,0.00362,0.4359,0.3662,0.5200,0.00000,0.00000
12,high,4,3,15,0.30,true,0.09325,0.00325,0.08221,1.98907,0.00380,0.4990,0.3025,0.5609,0.01158,0.00303
12,high,4,3,15,0.40,true,0.10562,0.00344,0.10145,1.99596,0.00412,0.5590,0.2475,0.6139,0.01847,0.00416
12,high,4,3,15,0.50,true,0.10837,0.00348,0.12501,2.01682,0.00432,0.6184,0.1980,0.6750,0.03933,0.00477
12,high,4,3,15,0.60,true,0.10812,0.00347,0.14963,2.04177,0.00446,0.6705,0.1550,0.7370,0.06427,0.00503
12,high,4,3,15,0.70,true,0.10963,0.00349,0.18099,2.07172,0.00466,0.7430,0.1192,0.8181,0.09423,0.00531
12,high,4,3,15,0.80,true,0.11263,0.00353,0.20872,2.09656,0.00485,0.8051,0.0940,0.8909,0.11907,0.00560
12,high,4,3,15,0.90,true,0.11388,0.00355,0.23918,2.12593,0.00502,0.8725,0.0705,0.9722,0.14844,0.00580
12,high,4,3,15,1.00,true,0.11263,0.00353,0.27076,2.15895,0.00514,0.9440,0.0540,1.0555,0.18146,0.00596
12,high,4,3,15,1.10,true,0.10837,0.00348,0.30335,2.19603,0.00521,1.0190,0.0422,1.1410,0.21853,0.00605
12,high,4,3,15,1.20,true,0.10575,0.00344,0.33541,2.23099,0.00528,1.0972,0.0331,1.2296,0.25350,0.00616
12,high,4,3,20,0.00,true,0.04675,0.00236,0.12649,2.08006,0.00323,0.4490,0.5290,0.7016,0.00000,0.00000
12,high,4,3,20,0.10,true,0.05187,0.00248,0.13509,2.08353,0.00339,0.5501,0.4697,0.7135,0.00347,0.00318
12,high,4,3,20,0.20,true,0.05563,0.00256,0.14666,2.09138,0.00355,0.6254,0.4164,0.7357,0.01132,0.00373
12,high,4,3,20,0.30,true,0.05588,0.00257,0.16183,2.10634,0.00365,0.6882,0.3669,0.7683,0.02628,0.00397
12,high,4,3,20,0.40,true,0.05925,0.00264,0.17850,2.11969,0.00382,0.7441,0.3234,0.8081,0.03963,0.00421
12,high,4,3,20,0.50,true,0.06275,0.00271,0.19802,2.13581,0.00400,0.8007,0.2826,0.8580,0.05575,0.00443
12,high,4,3,20,0.60,true,0.07025,0.00286,0.21813,2.14855,0.00426,0.8615,0.2510,0.9143,0.06849,0.00472
12,high,4,3,20,0.70,true,0.07212,0.00289,0.24028,2.16898,0.00441,0.9163,0.2190,0.9730,0.08892,0.00493
12,high,4,3,20,0.80,true,0.06988,0.00285,0.26475,2.19590,0.00449,0.9756,0.1912,1.0370,0.11584,0.00504
12,high,4,3,20,0.90,true,0.06875,0.00283,0.29008,2.22261,0.00458,1.0362,0.1651,1.1066,0.14255,0.00517
12,high,4,3,20,1.00,true,0.07037,0.00286,0.31520,2.24640,0.00471,1.0992,0.1427,1.1805,0.16634,0.00535
12,high,4,3,20,1.10,true,0.07237,0.00290,0.33883,2.26835,0.00484,1.1577,0.1225,1.2529,0.18829,0.00552
12,high,4,3,20,1.20,true,0.06975,0.00285,0.36577,2.29833,0.00488,1.2228,0.1035,1.3326,0.21827,0.00559
12,high,4,6,10,0.00,true,0.12237,0.00366,0.00471,1.88234,0.00369,0.2090,0.5572,0.2868,0.04389,0.00326
12,high,4,6,10,0.10,true,0.14350,0.00392,0.00398,1.86048,0.00394,0.2566,0.4120,0.3054,0.02203,0.00264
12,high,4,6,10,0.20,true,0.16075,0.00411,0.00512,1.84437,0.00414,0.3117,0.2742,0.3483,0.00592,0.00182
12,high,4,6,10,0.30,true,0.16975,0.00420,0.00819,1.83845,0.00425,0.3786,0.1765,0.4094,0.00000,0.00000
12,high,4,6,10,0.40,true,0.17350,0.00423,0.01374,1.84027,0.00432,0.4540,0.0997,0.4877,0.00182,0.00169
12,high,4,6,10,0.50,true,0.17175,0.00422,0.02174,1.85004,0.00435,0.5371,0.0566,0.5728,0.01159,0.00225
12,high,4,6,10,0.60,true,0.16362,0.00414,0.03271,1.86918,0.00433,0.6236,0.0296,0.6621,0.03073,0.00256
12,high,4,6,10,0.70,true,0.15725,0.00407,0.04622,1.88912,0.00435,0.7139,0.0174,0.7525,0.05067,0.00276
12,high,4,6,10,0.80,true,0.14813,0.00397,0.06441,1.91653,0.00435,0.8141,0.0062,0.8552,0.07808,0.00302
12,high,4,6,10,0.90,true,0.13650,0.00384,0.08321,1.94708,0.00431,0.9057,0.0038,0.9455,0.10863,0.00325
12,high,4,6,10,1.00,true,0.12612,0.00371,0.10627,1.98068,0.00429,1.0061,0.0019,1.0451,0.14223,0.00346
12,high,4,6,10,1.10,true,0.11688,0.00359,0.13131,2.01519,0.00428,1.1051,0.0007,1.1436,0.17674,0.00364
12,high,4,6,10,1.20,true,0.10512,0.00343,0.15898,2.05488,0.00422,1.2061,0.0004,1.2437,0.21643,0.00382
12,high,4,6,15,0.00,true,0.05813,0.00262,0.03538,1.97728,0.00281,0.3167,0.5439,0.4543,0.01312,0.00201
12,high,4,6,15,0.10,true,0.06713,0.00280,0.03477,1.96769,0.00299,0.3555,0.4386,0.4721,0.00353,0.00148
12,high,4,6,15,0.20,true,0.07350,0.00292,0.03760,1.96417,0.00313,0.4050,0.3396,0.5062,0.00000,0.00000
12,high,4,6,15,0.30,true,0.07737,0.00299,0.04380,1.96652,0.00323,0.4602,0.2509,0.5548,0.00236,0.00140
12,high,4,6,15,0.40,true,0.07662,0.00297,0.05316,1.97668,0.00327,0.5252,0.1833,0.6142,0.01252,0.00182
12,high,4,6,15,0.50,true,0.07550,0.00295,0.06534,1.99005,0.00332,0.5970,0.1333,0.6830,0.02588,0.00216
12,high,4,6,15,0.60,true,0.07137,0.00288,0.08063,2.00956,0.00333,0.6757,0.0953,0.7605,0.04539,0.00246
12,high,4,6,15,0.70,true,0.06775,0.00281,0.09869,2.03137,0.00335,0.7572,0.0645,0.8444,0.06720,0.00267
12,high,4,6,15,0.80,true,0.06500,0.00276,0.11873,2.05432,0.00339,0.8417,0.0428,0.9315,0.09015,0.00285
12,high,4,6,15,0.90,true,0.06062,0.00267,0.14055,2.08071,0.00340,0.9268,0.0267,1.0197,0.11654,0.00299
12,high,4,6,15,1.00,true,0.05625,0.00258,0.16440,2.10917,0.00340,1.0175,0.0168,1.1115,0.14500,0.00316
12,high,4,6,15,1.10,true,0.05150,0.00247,0.19031,2.14012,0.00338,1.1144,0.0119,1.2068,0.17596,0.00329
12,high,4,6,15,1.20,true,0.04575,0.00234,0.21852,2.17444,0.00333,1.2140,0.0067,1.3070,0.21028,0.00345
12,high,4,6,20,0.00,true,0.03475,0.00205,0.11010,2.07556,0.00276,0.4186,0.5199,0.6614,0.00239,0.00097
12,high,4,6,20,0.10,true,0.03762,0.00213,0.11054,2.07317,0.00284,0.4615,0.4482,0.6793,0.00000,0.00000
12,high,4,6,20,0.20,true,0.04125,0.00222,0.11439,2.07346,0.00295,0.5118,0.3768,0.7099,0.00029,0.00106
12,high,4,6,20,0.30,true,0.04375,0.00229,0.12141,2.07806,0.00305,0.5647,0.3099,0.7506,0.00489,0.00146
12,high,4,6,20,0.40,true,0.04462,0.00231,0.13128,2.08716,0.00313,0.6241,0.2540,0.8004,0.01399,0.00179
12,high,4,6,20,0.50,true,0.04475,0.00231,0.14390,2.09979,0.00319,0.6866,0.2027,0.8586,0.02662,0.00202
12,high,4,6,20,0.60,true,0.04387,0.00229,0.15906,2.11599,0.00324,0.7547,0.1594,0.9247,0.04282,0.00225
12,high,4,6,20,0.70,true,0.04238,0.00225,0.17629,2.13492,0.00328,0.8282,0.1253,0.9964,0.06175,0.00246
12,high,4,6,20,0.80,true,0.04050,0.00220,0.19480,2.15554,0.00331,0.9035,0.0998,1.0705,0.08237,0.00264
12,high,4,6,20,0.90,true,0.03875,0.00216,0.21596,2.17873,0.00334,0.9825,0.0737,1.1536,0.10556,0.00281
12,high,4,6,20,1.00,true,0.03712,0.00211,0.23783,2.20254,0.00336,1.0660,0.0563,1.2380,0.12937,0.00296
12,high,4,6,20,1.10,true,0.03250,0.00198,0.26056,2.23026,0.00329,1.1491,0.0425,1.3225,0.15709,0.00308
12,high,4,6,20,1.20,true,0.02900,0.00188,0.28376,2.25736,0.00325,1.2315,0.0299,1.4087,0.18419,0.00319
12,hcp30,4,12,10,0.00,true,0.23412,0.00473,0.04556,1.81218,0.00514,0.4332,0.6413,0.4378,0.02723,0.00430
12,hcp30,4,12,10,0.10,true,0.25788,0.00489,0.05538,1.79839,0.00542,0.4881,0.5651,0.4494,0.01344,0.00348
12,hcp30,4,12,10,0.20,true,0.28075,0.00502,0.06812,1.78848,0.00571,0.5401,0.4887,0.4745,0.00353,0.00254
12,hcp30,4,12,10,0.30,true,0.30138,0.00513,0.08487,1.78495,0.00602,0.5984,0.4099,0.5175,0.00000,0.00000
12,hcp30,4,12,10,0.40,true,0.31525,0.00519,0.10549,1.79217,0.00631,0.6651,0.3405,0.5735,0.00722,0.00240
12,hcp30,4,12,10,0.50,true,0.32650,0.00524,0.12836,1.80440,0.00661,0.7393,0.2840,0.6399,0.01945,0.00329
12,hcp30,4,12,10,0.60,true,0.33325,0.00527,0.15306,1.82309,0.00689,0.8123,0.2323,0.7140,0.03814,0.00398
12,hcp30,4,12,10,0.70,true,0.33437,0.00527,0.18008,1.84993,0.00715,0.8912,0.1906,0.7947,0.06498,0.00455
12,hcp30,4,12,10,0.80,true,0.33550,0.00528,0.20798,1.87780,0.00740,0.9701,0.1509,0.8831,0.09285,0.00509
12,hcp30,4,12,10,0.90,true,0.33487,0.00528,0.23554,1.90725,0.00763,1.0496,0.1193,0.9729,0.12230,0.00549
12,hcp30,4,12,10,1.00,true,0.32950,0.00526,0.26467,1.94326,0.00783,1.1329,0.0930,1.0672,0.15831,0.00589
12,hcp30,4,12,10,1.10,true,0.32725,0.00525,0.29123,1.97369,0.00802,1.2179,0.0734,1.1616,0.18874,0.00622
12,hcp30,4,12,10,1.20,true,0.32038,0.00522,0.31818,2.00936,0.00817,1.3067,0.0609,1.2548,0.22441,0.00648
12,hcp30,4,12,15,0.00,true,0.14313,0.00392,0.11806,1.97797,0.00488,0.6287,0.5819,0.6362,0.00166,0.00195
12,hcp30,4,12,15,0.10,true,0.15625,0.00406,0.12926,1.97632,0.00515,0.6774,0.5256,0.6525,0.00000,0.00000
12,hcp30,4,12,15,0.20,true,0.16962,0.00420,0.14374,1.97784,0.00543,0.7359,0.4736,0.6792,0.00153,0.00182
12,hcp30,4,12,15,0.30,true,0.17700,0.00427,0.15955,1.98682,0.00565,0.7872,0.4253,0.7102,0.01050,0.00249
12,hcp30,4,12,15,0.40,true,0.18338,0.00433,0.17839,2.00003,0.00589,0.8479,0.3795,0.7518,0.02371,0.00307
12,hcp30,4,12,15,0.50,true,0.18762,0.00436,0.19930,2.01760,0.00610,0.9092,0.3348,0.8015,0.04128,0.00360
12,hcp30,4,12,15,0.60,true,0.19375,0.00442,0.22186,2.03512,0.00634,0.9753,0.2924,0.8620,0.05880,0.00415
12,hcp30,4,12,15,0.70,true,0.19687,0.00445,0.24523,2.05666,0.00655,1.0437,0.2556,0.9268,0.08034,0.00457
12,hcp30,4,12,15,0.80,true,0.19762,0.00445,0.26964,2.08179,0.00673,1.1144,0.2226,0.9967,0.10547,0.00496
12,hcp30,4,12,15,0.90,true,0.20112,0.00448,0.29465,2.10498,0.00693,1.1906,0.1917,1.0761,0.12866,0.00536
12,hcp30,4,12,15,1.00,true,0.20075,0.00448,0.31988,2.13247,0.00709,1.2659,0.1645,1.1568,0.15615,0.00569
12,hcp30,4,12,15,1.10,true,0.20087,0.00448,0.34419,2.15869,0.00723,1.3421,0.1414,1.2394,0.18237,0.00596
12,hcp30,4,12,15,1.20,true,0.19825,0.00446,0.36966,2.18912,0.00735,1.4267,0.1236,1.3265,0.21280,0.00623
12,hcp30,4,12,20,0.00,true,0.09913,0.00334,0.19683,2.10468,0.00483,0.8090,0.5490,0.8342,0.00000,0.00000
12,hcp30,4,12,20,0.10,true,0.10187,0.00338,0.20652,2.11200,0.00496,0.8534,0.5080,0.8466,0.00732,0.00134
12,hcp30,4,12,20,0.20,true,0.10675,0.00345,0.21981,2.12104,0.00515,0.9091,0.4647,0.8717,0.01635,0.00213
12,hcp30,4,12,20,0.30,true,0.11025,0.00350,0.23343,2.13189,0.00531,0.9621,0.4285,0.9004,0.02721,0.00264
12,hcp30,4,12,20,0.40,true,0.11575,0.00358,0.24999,2.14393,0.00551,1.0259,0.3927,0.9406,0.03924,0.00321
12,hcp30,4,12,20,0.50,true,0.11812,0.00361,0.26723,2.15993,0.00567,1.0876,0.3602,0.9828,0.05525,0.00359
12,hcp30,4,12,20,0.60,true,0.12187,0.00366,0.28586,2.17615,0.00585,1.1452,0.3243,1.0333,0.07146,0.00400
12,hcp30,4,12,20,0.70,true,0.12475,0.00369,0.30579,2.19475,0.00601,1.2142,0.2949,1.0905,0.09007,0.00439
12,hcp30,4,12,20,0.80,true,0.12625,0.00371,0.32598,2.21515,0.00616,1.2811,0.2675,1.1500,0.11047,0.00473
12,hcp30,4,12,20,0.90,true,0.12550,0.00370,0.34695,2.23882,0.00626,1.3537,0.2449,1.2127,0.13413,0.00501
12,hcp30,4,12,20,1.00,true,0.12812,0.00374,0.36758,2.25892,0.00641,1.4194,0.2175,1.2829,0.15424,0.00531
12,hcp30,4,12,20,1.10,true,0.12812,0.00374,0.38871,2.28238,0.00652,1.4936,0.1968,1.3550,0.17770,0.00556
12,hcp30,4,12,20,1.20,true,0.12900,0.00375,0.41012,2.30547,0.00664,1.5699,0.1762,1.4336,0.20079,0.00582
12,hcp30,4,3,10,0.00,true,0.05825,0.00262,0.14214,2.08741,0.00370,0.1533,0.5177,0.4742,0.02922,0.00365
12,hcp30,4,3,10,0.10,true,0.08138,0.00306,0.14437,2.06674,0.00413,0.2999,0.4187,0.4937,0.00855,0.00280
12,hcp30,4,3,10,0.20,true,0.09975,0.00335,0.15368,2.05819,0.00449,0.4148,0.3596,0.5304,0.00000,0.00000
12,hcp30,4,3,10,0.30,true,0.10812,0.00347,0.16916,2.06609,0.00471,0.4987,0.3113,0.5751,0.00790,0.00265
12,hcp30,4,3,10,0.40,true,0.12000,0.00363,0.19038,2.07656,0.00501,0.5764,0.2699,0.6330,0.01836,0.00387
12,hcp30,4,3,10,0.50,true,0.12837,0.00374,0.21370,2.09277,0.00527,0.6374,0.2303,0.6915,0.03458,0.00466
12,hcp30,4,3,10,0.60,true,0.13150,0.00378,0.24152,2.11911,0.00547,0.7001,0.1955,0.7563,0.06092,0.00524
12,hcp30,4,3,10,0.70,true,0.13250,0.00379,0.27340,2.15211,0.00566,0.7666,0.1617,0.8294,0.09392,0.00566
12,hcp30,4,3,10,0.80,true,0.13500,0.00382,0.30462,2.18311,0.00585,0.8311,0.1350,0.9039,0.12491,0.00609
12,hcp30,4,3,10,0.90,true,0.13725,0.00385,0.33473,2.21349,0.00604,0.8990,0.1159,0.9779,0.15529,0.00637
12,hcp30,4,3,10,1.00,true,0.14012,0.00388,0.36486,2.24358,0.00622,0.9698,0.0991,1.0571,0.18538,0.00666
12,hcp30,4,3,10,1.10,true,0.14363,0.00392,0.39491,2.27330,0.00642,1.0407,0.0812,1.1415,0.21511,0.00700
12,hcp30,4,3,10,1.20,true,0.14438,0.00393,0.42318,2.30420,0.00655,1.1137,0.0694,1.2239,0.24600,0.00722
12,hcp30,4,3,15,0.00,true,0.03300,0.00200,0.26775,2.24488,0.00390,0.2338,0.5067,0.7042,0.00847,0.00303
12,hcp30,4,3,15,0.10,true,0.04175,0.00224,0.26973,2.23839,0.00410,0.3826,0.4414,0.7160,0.00198,0.00240
12,hcp30,4,3,15,0.20,true,0.05200,0.00248,0.27737,2.23641,0.00435,0.5103,0.3924,0.7432,0.00000,0.00000
12,hcp30,4,3,15,0.30,true,0.06000,0.00266,0.29025,2.24226,0.00455,0.6172,0.3540,0.7818,0.00585,0.00259
12,hcp30,4,3,15,0.40,true,0.06700,0.00280,0.30697,2.25325,0.00474,0.7037,0.3159,0.8294,0.01685,0.00358
12,hcp30,4,3,15,0.50,true,0.06825,0.00282,0.32719,2.27380,0.00483,0.7820,0.2840,0.8814,0.03740,0.00407
12,hcp30,4,3,15,0.60,true,0.06900,0.00283,0.34773,2.29535,0.00491,0.8482,0.2567,0.9347,0.05895,0.00438
12,hcp30,4,3,15,0.70,true,0.07325,0.00291,0.37106,2.31665,0.00507,0.9181,0.2266,0.9997,0.08025,0.00480
12,hcp30,4,3,15,0.80,true,0.07537,0.00295,0.39408,2.33991,0.00518,0.9835,0.2028,1.0640,0.10350,0.00513
12,hcp30,4,3,15,0.90,true,0.07162,0.00288,0.42008,2.37247,0.00517,1.0459,0.1773,1.1321,0.13606,0.00532
12,hcp30,4,3,15,1.00,true,0.07600,0.00296,0.44244,2.39327,0.00533,1.1096,0.1579,1.2021,0.15687,0.00564
12,hcp30,4,3,15,1.10,true,0.08050,0.00304,0.46507,2.41460,0.00549,1.1808,0.1429,1.2773,0.17819,0.00592
12,hcp30,4,3,15,1.20,true,0.07938,0.00302,0.49015,2.44448,0.00553,1.2531,0.1279,1.3555,0.20808,0.00608
12,hcp30,4,3,20,0.00,true,0.02287,0.00167,0.37830,2.37573,0.00413,0.3314,0.5227,0.9474,0.00445,0.00224
12,hcp30,4,3,20,0.10,true,0.02962,0.00190,0.38029,2.37128,0.00431,0.4807,0.4637,0.9579,0.00000,0.00000
12,hcp30,4,3,20,0.20,true,0.03587,0.00208,0.38596,2.37134,0.00446,0.6160,0.4142,0.9796,0.00006,0.00249
12,hcp30,4,3,20,0.30,true,0.03687,0.00211,0.39692,2.38237,0.00448,0.7353,0.3803,1.0105,0.01109,0.00300
12,hcp30,4,3,20,0.40,true,0.03725,0.00212,0.41092,2.39734,0.00449,0.8336,0.3467,1.0493,0.02606,0.00332
12,hcp30,4,3,20,0.50,true,0.04200,0.00224,0.42574,2.40901,0.00462,0.9207,0.3177,1.0965,0.03773,0.00369
12,hcp30,4,3,20,0.60,true,0.04612,0.00235,0.44101,2.42199,0.00474,1.0005,0.2942,1.1465,0.05071,0.00404
12,hcp30,4,3,20,0.70,true,0.04788,0.00239,0.45777,2.43915,0.00480,1.0775,0.2736,1.2004,0.06787,0.00433
12,hcp30,4,3,20,0.80,true,0.04763,0.00238,0.47595,2.46010,0.00482,1.1522,0.2540,1.2589,0.08882,0.00455
12,hcp30,4,3,20,0.90,true,0.05038,0.00245,0.49352,2.47752,0.00491,1.2218,0.2351,1.3205,0.10624,0.00485
12,hcp30,4,3,20,1.00,true,0.04863,0.00240,0.51282,2.50173,0.00489,1.2895,0.2155,1.3857,0.13046,0.00500
12,hcp30,4,3,20,1.10,true,0.04775,0.00238,0.53202,2.52518,0.00489,1.3585,0.1989,1.4539,0.15390,0.00512
12,hcp30,4,3,20,1.20,true,0.04850,0.00240,0.54944,2.54533,0.00494,1.4247,0.1830,1.5230,0.17405,0.00533
12,hcp30,4,6,10,0.00,true,0.10725,0.00346,0.07619,1.97016,0.00399,0.4126,0.5571,0.4626,0.01709,0.00243
12,hcp30,4,6,10,0.10,true,0.12025,0.00364,0.07587,1.95701,0.00417,0.4642,0.4805,0.4809,0.00394,0.00170
12,hcp30,4,6,10,0.20,true,0.12912,0.00375,0.08047,1.95307,0.00431,0.5229,0.4101,0.5121,0.00000,0.00000
12,hcp30,4,6,10,0.30,true,0.13625,0.00384,0.08965,1.95563,0.00447,0.5808,0.3391,0.5566,0.00256,0.00168
12,hcp30,4,6,10,0.40,true,0.13900,0.00387,0.10380,1.96778,0.00461,0.6509,0.2774,0.6155,0.01471,0.00246
12,hcp30,4,6,10,0.50,true,0.14188,0.00390,0.12056,1.98256,0.00477,0.7232,0.2284,0.6815,0.02950,0.00300
12,hcp30,4,6,10,0.60,true,0.14025,0.00388,0.14071,2.00548,0.00488,0.8021,0.1887,0.7559,0.05241,0.00351
12,hcp30,4,6,10,0.70,true,0.13862,0.00386,0.16204,2.02974,0.00500,0.8766,0.1537,0.8324,0.07667,0.00389
12,hcp30,4,6,10,0.80,true,0.13562,0.00383,0.18800,2.06039,0.00512,0.9621,0.1195,0.9245,0.10732,0.00432
12,hcp30,4,6,10,0.90,true,0.12912,0.00375,0.21214,2.09271,0.00517,1.0390,0.0967,1.0063,0.13964,0.00464
12,hcp30,4,6,10,1.00,true,0.12075,0.00364,0.24010,2.13114,0.00520,1.1288,0.0773,1.1008,0.17808,0.00501
12,hcp30,4,6,10,1.10,true,0.11463,0.00356,0.26776,2.16719,0.00523,1.2176,0.0610,1.1959,0.21412,0.00533
12,hcp30,4,6,10,1.20,true,0.10675,0.00345,0.29602,2.20581,0.00522,1.3095,0.0490,1.2924,0.25274,0.00558
12,hcp30,4,6,15,0.00,true,0.05475,0.00254,0.17994,2.12984,0.00375,0.6281,0.5413,0.6876,0.00382,0.00146
12,hcp30,4,6,15,0.10,true,0.05975,0.00265,0.18072,2.12601,0.00385,0.6725,0.4854,0.7057,0.00000,0.00000
12,hcp30,4,6,15,0.20,true,0.06363,0.00273,0.18513,2.12716,0.00395,0.7257,0.4332,0.7334,0.00115,0.00141
12,hcp30,4,6,15,0.30,true,0.06575,0.00277,0.19285,2.13357,0.00403,0.7776,0.3811,0.7693,0.00756,0.00193
12,hcp30,4,6,15,0.40,true,0.07000,0.00285,0.20342,2.14093,0.00417,0.8395,0.3359,0.8156,0.01492,0.00242
12,hcp30,4,6,15,0.50,true,0.07025,0.00286,0.21652,2.15500,0.00425,0.9031,0.2951,0.8678,0.02898,0.00289
12,hcp30,4,6,15,0.60,true,0.06988,0.00285,0.23200,2.17230,0.00432,0.9649,0.2532,0.9280,0.04628,0.00331
12,hcp30,4,6,15,0.70,true,0.06650,0.00279,0.24976,2.19511,0.00435,1.0328,0.2172,0.9942,0.06910,0.00371
12,hcp30,4,6,15,0.80,true,0.06338,0.00272,0.26841,2.21871,0.00437,1.1076,0.1908,1.0636,0.09270,0.00403
12,hcp30,4,6,15,0.90,true,0.05937,0.00264,0.28822,2.24452,0.00437,1.1793,0.1648,1.1365,0.11851,0.00434
12,hcp30,4,6,15,1.00,true,0.05613,0.00257,0.30880,2.27054,0.00438,1.2574,0.1445,1.2133,0.14453,0.00461
12,hcp30,4,6,15,1.10,true,0.05262,0.00250,0.33045,2.29813,0.00438,1.3383,0.1260,1.2950,0.17211,0.00486
12,hcp30,4,6,15,1.20,true,0.04950,0.00243,0.35331,2.32682,0.00438,1.4232,0.1089,1.3825,0.20080,0.00509
12,hcp30,4,6,20,0.00,true,0.03562,0.00207,0.29115,2.26660,0.00387,0.8274,0.5157,0.9352,0.00000,0.00000
12,hcp30,4,6,20,0.10,true,0.03762,0.00213,0.29261,2.26662,0.00392,0.8749,0.4771,0.9535,0.00002,0.00104
12,hcp30,4,6,20,0.20,true,0.03850,0.00215,0.29654,2.27047,0.00395,0.9294,0.4388,0.9793,0.00387,0.00157
12,hcp30,4,6,20,0.30,true,0.03900,0.00216,0.30236,2.27678,0.00398,0.9873,0.4040,1.0107,0.01018,0.00196
12,hcp30,4,6,20,0.40,true,0.04013,0.00219,0.31008,2.28456,0.00404,1.0466,0.3704,1.0495,0.01797,0.00238
12,hcp30,4,6,20,0.50,true,0.04088,0.00221,0.31958,2.29471,0.00409,1.1077,0.3375,1.0948,0.02812,0.00277
12,hcp30,4,6,20,0.60,true,0.03975,0.00218,0.33131,2.30921,0.00411,1.1702,0.3049,1.1468,0.04262,0.00320
12,hcp30,4,6,20,0.70,true,0.03862,0.00215,0.34384,2.32468,0.00412,1.2394,0.2790,1.2022,0.05808,0.00355
12,hcp30,4,6,20,0.80,true,0.03812,0.00214,0.35696,2.34021,0.00416,1.3036,0.2535,1.2604,0.07361,0.00387
12,hcp30,4,6,20,0.90,true,0.03687,0.00211,0.37194,2.35868,0.00417,1.3720,0.2271,1.3266,0.09208,0.00419
12,hcp30,4,6,20,1.00,true,0.03450,0.00204,0.38736,2.37885,0.00416,1.4413,0.2044,1.3940,0.11225,0.00446
12,hcp30,4,6,20,1.10,true,0.03275,0.00199,0.40270,2.39841,0.00415,1.5130,0.1856,1.4631,0.13181,0.00469
12,hcp30,4,6,20,1.20,true,0.03087,0.00193,0.41812,2.41832,0.00414,1.5831,0.1675,1.5340,0.15173,0.00489
12,tour,5,12,10,0.00,true,0.54263,0.00557,0.00001,1.45738,0.00557,0.1846,0.9002,0.1882,0.29486,0.00603
12,tour,5,12,10,0.10,true,0.69863,0.00513,0.00007,1.30144,0.00513,0.2355,0.7669,0.1840,0.13892,0.00502
12,tour,5,12,10,0.20,true,0.78738,0.00457,0.00025,1.21287,0.00458,0.2997,0.5732,0.2191,0.05035,0.00384
12,tour,5,12,10,0.30,true,0.82975,0.00420,0.00067,1.17092,0.00422,0.3679,0.3238,0.3004,0.00840,0.00240
12,tour,5,12,10,0.40,true,0.83913,0.00411,0.00165,1.16252,0.00415,0.4527,0.1492,0.4102,0.00000,0.00000
12,tour,5,12,10,0.50,true,0.83425,0.00416,0.00363,1.16938,0.00425,0.5469,0.0520,0.5300,0.00686,0.00203
12,tour,5,12,10,0.60,true,0.81625,0.00433,0.00708,1.19083,0.00450,0.6412,0.0177,0.6364,0.02830,0.00273
12,tour,5,12,10,0.70,true,0.79888,0.00448,0.01226,1.21339,0.00477,0.7398,0.0081,0.7382,0.05086,0.00317
12,tour,5,12,10,0.80,true,0.78125,0.00462,0.01931,1.23806,0.00505,0.8394,0.0034,0.8397,0.07554,0.00360
12,tour,5,12,10,0.90,true,0.76362,0.00475,0.02859,1.26496,0.00534,0.9413,0.0000,0.9439,0.10244,0.00402
12,tour,5,12,10,1.00,true,0.75013,0.00484,0.03828,1.28815,0.00561,1.0348,0.0000,1.0372,0.12563,0.00431
12,tour,5,12,10,1.10,true,0.73425,0.00494,0.04993,1.31569,0.00589,1.1321,0.0000,1.1344,0.15316,0.00465
12,tour,5,12,10,1.20,true,0.71988,0.00502,0.06252,1.34265,0.00617,1.2296,0.0000,1.2317,0.18013,0.00496
12,tour,5,12,15,0.00,true,0.39975,0.00548,0.00049,1.60074,0.00548,0.2564,0.7453,0.2638,0.19596,0.00556
12,tour,5,12,15,0.10,true,0.48263,0.00559,0.00118,1.51856,0.00560,0.3056,0.6163,0.2693,0.11378,0.00483
12,tour,5,12,15,0.20,true,0.53763,0.00557,0.00237,1.46475,0.00560,0.3595,0.4820,0.2985,0.05997,0.00391
12,tour,5,12,15,0.30,true,0.57913,0.00552,0.00444,1.42532,0.00558,0.4232,0.3380,0.3566,0.02054,0.00265
12,tour,5,12,15,0.40,true,0.60313,0.00547,0.00790,1.40477,0.00559,0.4978,0.2154,0.4398,0.00000,0.00000
12,tour,5,12,15,0.50,true,0.60413,0.00547,0.01319,1.40907,0.00566,0.5773,0.1295,0.5330,0.00429,0.00239
12,tour,5,12,15,0.60,true,0.60062,0.00548,0.02042,1.41980,0.00578,0.6625,0.0745,0.6318,0.01502,0.00310
12,tour,5,12,15,0.70,true,0.59588,0.00549,0.02983,1.43395,0.00592,0.7544,0.0387,0.7369,0.02918,0.00361
12,tour,5,12,15,0.80,true,0.58950,0.00550,0.04101,1.45151,0.00609,0.8483,0.0174,0.8414,0.04674,0.00397
12,tour,5,12,15,0.90,true,0.57850,0.00552,0.05439,1.47589,0.00628,0.9455,0.0095,0.9424,0.07112,0.00428
12,tour,5,12,15,1.00,true,0.56275,0.00555,0.07020,1.50745,0.00650,1.0419,0.0049,1.0415,0.10268,0.00460
12,tour,5,12,15,1.10,true,0.54850,0.00556,0.08770,1.53921,0.00671,1.1414,0.0025,1.1425,0.13443,0.00489
12,tour,5,12,15,1.20,true,0.53775,0.00557,0.10590,1.56816,0.00692,1.2424,0.0008,1.2449,0.16338,0.00513
12,tour,5,12,20,0.00,true,0.29825,0.00511,0.00246,1.70421,0.00514,0.3333,0.6651,0.3437,0.11477,0.00517
12,tour,5,12,20,0.10,true,0.33850,0.00529,0.00427,1.66577,0.00533,0.3741,0.5573,0.3500,0.07633,0.00459
12,tour,5,12,20,0.20,true,0.37225,0.00540,0.00700,1.63475,0.00547,0.4289,0.4616,0.3750,0.04531,0.00394
12,tour,5,12,20,0.30,true,0.40475,0.00549,0.01116,1.60641,0.00561,0.4857,0.3576,0.4211,0.01697,0.00313
12,tour,5,12,20,0.40,true,0.42350,0.00552,0.01706,1.59356,0.00571,0.5473,0.2628,0.4833,0.00412,0.00215
12,tour,5,12,20,0.50,true,0.43550,0.00554,0.02494,1.58944,0.00582,0.6219,0.1922,0.5598,0.00000,0.00000
12,tour,5,12,20,0.60,true,0.44062,0.00555,0.03487,1.59424,0.00595,0.6992,0.1356,0.6452,0.00481,0.00189
12,tour,5,12,20,0.70,true,0.44325,0.00555,0.04695,1.60370,0.00609,0.7807,0.0894,0.7397,0.01426,0.00265
12,tour,5,12,20,0.80,true,0.44100,0.00555,0.06122,1.62022,0.00624,0.8685,0.0566,0.8398,0.03078,0.00320
12,tour,5,12,20,0.90,true,0.43300,0.00554,0.07776,1.64476,0.00639,0.9570,0.0355,0.9379,0.05533,0.00361
12,tour,5,12,20,1.00,true,0.42438,0.00553,0.09596,1.67159,0.00655,1.0476,0.0213,1.0366,0.08215,0.00393
12,tour,5,12,20,1.10,true,0.41650,0.00551,0.11560,1.69911,0.00672,1.1450,0.0137,1.1381,0.10967,0.00423
12,tour,5,12,20,1.20,true,0.40725,0.00549,0.13712,1.72988,0.00689,1.2446,0.0080,1.2417,0.14044,0.00453
12,tour,5,3,10,0.00,true,0.11837,0.00361,0.00109,1.88272,0.00362,0.1019,0.5450,0.2288,0.09656,0.00483
12,tour,5,3,10,0.10,true,0.18000,0.00430,0.00113,1.82113,0.00430,0.1525,0.2419,0.2554,0.03497,0.00464
12,tour,5,3,10,0.20,true,0.20200,0.00449,0.00165,1.79965,0.00450,0.2207,0.0926,0.3064,0.01349,0.00427
12,tour,5,3,10,0.30,true,0.21125,0.00456,0.00341,1.79216,0.00459,0.3085,0.0371,0.3807,0.00601,0.00353
12,tour,5,3,10,0.40,true,0.21850,0.00462,0.00715,1.78865,0.00467,0.3909,0.0178,0.4594,0.00250,0.00253
12,tour,5,3,10,0.50,true,0.22762,0.00469,0.01378,1.78615,0.00478,0.4710,0.0089,0.5429,0.00000,0.00000
12,tour,5,3,10,0.60,true,0.23488,0.00474,0.02414,1.78927,0.00490,0.5487,0.0047,0.6294,0.00312,0.00245
12,tour,5,3,10,0.70,true,0.23975,0.00477,0.03811,1.79836,0.00504,0.6217,0.0026,0.7147,0.01221,0.00343
12,tour,5,3,10,0.80,true,0.24625,0.00482,0.05593,1.80969,0.00521,0.6941,0.0017,0.8029,0.02354,0.00420
12,tour,5,3,10,0.90,true,0.25362,0.00486,0.07665,1.82303,0.00542,0.7642,0.0007,0.8908,0.03688,0.00486
12,tour,5,3,10,1.00,true,0.25638,0.00488,0.10001,1.84365,0.00560,0.8326,0.0002,0.9781,0.05750,0.00537
12,tour,5,3,10,1.10,true,0.26350,0.00493,0.12408,1.86061,0.00582,0.9006,0.0002,1.0658,0.07446,0.00585
12,tour,5,3,10,1.20,true,0.26575,0.00494,0.14964,1.88392,0.00602,0.9696,0.0000,1.1553,0.09777,0.00623
12,tour,5,3,15,0.00,true,0.07800,0.00300,0.01040,1.93240,0.00306,0.1643,0.5297,0.3417,0.04246,0.00337
12,tour,5,3,15,0.10,true,0.10200,0.00338,0.01058,1.90858,0.00344,0.2093,0.3351,0.3585,0.01863,0.00282
12,tour,5,3,15,0.20,true,0.11950,0.00363,0.01219,1.89269,0.00370,0.2724,0.1878,0.4006,0.00274,0.00203
12,tour,5,3,15,0.30,true,0.12587,0.00371,0.01582,1.88994,0.00380,0.3456,0.1001,0.4583,0.00000,0.00000
12,tour,5,3,15,0.40,true,0.12937,0.00375,0.02173,1.89235,0.00388,0.4210,0.0540,0.5247,0.00241,0.00190
12,tour,5,3,15,0.50,true,0.13562,0.00383,0.03170,1.89608,0.00401,0.5089,0.0318,0.6056,0.00613,0.00292
12,tour,5,3,15,0.60,true,0.13887,0.00387,0.04446,1.90559,0.00413,0.5881,0.0200,0.6836,0.01564,0.00352
12,tour,5,3,15,0.70,true,0.13975,0.00388,0.06200,1.92226,0.00424,0.6711,0.0129,0.7693,0.03231,0.00409
12,tour,5,3,15,0.80,true,0.14088,0.00389,0.08319,1.94232,0.00437,0.7501,0.0074,0.8561,0.05238,0.00451
12,tour,5,3,15,0.90,true,0.14425,0.00393,0.10724,1.96301,0.00454,0.8275,0.0044,0.9441,0.07306,0.00487
12,tour,5,3,15,1.00,true,0.14863,0.00398,0.13203,1.98343,0.00473,0.9007,0.0031,1.0296,0.09349,0.00515
12,tour,5,3,15,1.10,true,0.15038,0.00400,0.15900,2.00867,0.00489,0.9749,0.0022,1.1183,0.11872,0.00538
12,tour,5,3,15,1.20,true,0.15600,0.00406,0.18533,2.02939,0.00509,1.0466,0.0012,1.2069,0.13944,0.00565
12,tour,5,3,20,0.00,true,0.05162,0.00247,0.03318,1.98156,0.00269,0.2278,0.5320,0.4621,0.02608,0.00297
12,tour,5,3,20,0.10,true,0.06638,0.00278,0.03332,1.96694,0.00299,0.2714,0.3936,0.4736,0.01146,0.00246
12,tour,5,3,20,0.20,true,0.07650,0.00297,0.03551,1.95901,0.00319,0.3289,0.2760,0.5040,0.00353,0.00176
12,tour,5,3,20,0.30,true,0.08463,0.00311,0.04010,1.95548,0.00335,0.3930,0.1828,0.5495,0.00000,0.00000
12,tour,5,3,20,0.40,true,0.08862,0.00318,0.04762,1.95900,0.00346,0.4654,0.1185,0.6075,0.00352,0.00177
12,tour,5,3,20,0.50,true,0.09225,0.00324,0.05856,1.96632,0.00358,0.5431,0.0759,0.6755,0.01084,0.00244
12,tour,5,3,20,0.60,true,0.09550,0.00329,0.07262,1.97713,0.00370,0.6228,0.0500,0.7486,0.02165,0.00299
12,tour,5,3,20,0.70,true,0.10013,0.00336,0.09066,1.99055,0.00386,0.7068,0.0325,0.8299,0.03507,0.00345
12,tour,5,3,20,0.80,true,0.10162,0.00338,0.11120,2.00960,0.00399,0.7894,0.0232,0.9114,0.05412,0.00388
12,tour,5,3,20,0.90,true,0.09975,0.00335,0.13374,2.03402,0.00406,0.8675,0.0169,0.9913,0.07854,0.00415
12,tour,5,3,20,1.00,true,0.10300,0.00340,0.15810,2.05515,0.00422,0.9468,0.0117,1.0769,0.09967,0.00442
12,tour,5,3,20,1.10,true,0.10550,0.00343,0.18433,2.07889,0.00438,1.0266,0.0082,1.1653,0.12341,0.00467
12,tour,5,3,20,1.20,true,0.10562,0.00344,0.21067,2.10513,0.00449,1.1030,0.0063,1.2517,0.14965,0.00485
12,tour,5,6,10,0.00,true,0.22237,0.00465,0.00012,1.77774,0.00465,0.1638,0.5895,0.2043,0.09726,0.00427
12,tour,5,6,10,0.10,true,0.27600,0.00500,0.00008,1.72408,0.00500,0.2099,0.3878,0.2244,0.04359,0.00332
12,tour,5,6,10,0.20,true,0.30850,0.00516,0.00014,1.69164,0.00516,0.2706,0.2151,0.2768,0.01115,0.00219
12,tour,5,6,10,0.30,true,0.31988,0.00521,0.00036,1.68049,0.00522,0.3452,0.1024,0.3532,0.00000,0.00000
12,tour,5,6,10,0.40,true,0.31962,0.00521,0.00088,1.68126,0.00522,0.4311,0.0402,0.4442,0.00077,0.00188
12,tour,5,6,10,0.50,true,0.30488,0.00515,0.00186,1.69698,0.00516,0.5221,0.0155,0.5370,0.01650,0.00242
12,tour,5,6,10,0.60,true,0.29025,0.00507,0.00346,1.71321,0.00510,0.6207,0.0072,0.6348,0.03272,0.00281
12,tour,5,6,10,0.70,true,0.27463,0.00499,0.00576,1.73114,0.00503,0.7163,0.0024,0.7305,0.05065,0.00312
12,tour,5,6,10,0.80,true,0.25762,0.00489,0.00896,1.75133,0.00495,0.8175,0.0007,0.8310,0.07085,0.00340
12,tour,5,6,10,0.90,true,0.24075,0.00478,0.01287,1.77212,0.00486,0.9167,0.0000,0.9294,0.09164,0.00365
12,tour,5,6,10,1.00,true,0.22050,0.00464,0.01765,1.79715,0.00474,1.0191,0.0000,1.0308,0.11667,0.00390
12,tour,5,6,10,1.10,true,0.19837,0.00446,0.02322,1.82486,0.00459,1.1221,0.0000,1.1330,0.14437,0.00413
12,tour,5,6,10,1.20,true,0.17638,0.00426,0.02934,1.85298,0.00442,1.2238,0.0000,1.2340,0.17249,0.00433
12,tour,5,6,15,0.00,true,0.13675,0.00384,0.00168,1.86493,0.00385,0.2459,0.5501,0.3059,0.04524,0.00363
12,tour,5,6,15,0.10,true,0.15363,0.00403,0.00140,1.84777,0.00404,0.2917,0.4276,0.3207,0.02809,0.00313
12,tour,5,6,15,0.20,true,0.17150,0.00421,0.00166,1.83016,0.00422,0.3445,0.3030,0.3585,0.01047,0.00251
12,tour,5,6,15,0.30,true,0.18088,0.00430,0.00247,1.82159,0.00432,0.4077,0.2025,0.4159,0.00190,0.00175
12,tour,5,6,15,0.40,true,0.18425,0.00433,0.00394,1.81969,0.00436,0.4791,0.1247,0.4889,0.00000,0.00000
12,tour,5,6,15,0.50,true,0.18163,0.00431,0.00612,1.82449,0.00435,0.5565,0.0733,0.5703,0.00480,0.00160
12,tour,5,6,15,0.60,true,0.17538,0.00425,0.00922,1.83384,0.00430,0.6439,0.0408,0.6614,0.01415,0.00220
12,tour,5,6,15,0.70,true,0.16650,0.00416,0.01321,1.84671,0.00424,0.7364,0.0211,0.7571,0.02702,0.00253
12,tour,5,6,15,0.80,true,0.15613,0.00406,0.01807,1.86195,0.00416,0.8329,0.0117,0.8541,0.04226,0.00280
12,tour,5,6,15,0.90,true,0.14288,0.00391,0.02356,1.88069,0.00404,0.9289,0.0073,0.9494,0.06100,0.00303
12,tour,5,6,15,1.00,true,0.13075,0.00377,0.02965,1.89891,0.00392,1.0230,0.0035,1.0442,0.07922,0.00323
12,tour,5,6,15,1.10,true,0.11713,0.00360,0.03705,1.91994,0.00377,1.1281,0.0017,1.1486,0.10025,0.00342
12,tour,5,6,15,1.20,true,0.10412,0.00341,0.04410,1.94000,0.00361,1.2226,0.0010,1.2424,0.12031,0.00359
12,tour,5,6,20,0.00,true,0.08263,0.00308,0.00852,1.92590,0.00312,0.3320,0.5234,0.4156,0.02098,0.00256
12,tour,5,6,20,0.10,true,0.08975,0.00320,0.00802,1.91827,0.00323,0.3780,0.4379,0.4293,0.01336,0.00213
12,tour,5,6,20,0.20,true,0.10038,0.00336,0.00864,1.90827,0.00340,0.4281,0.3431,0.4612,0.00335,0.00147
12,tour,5,6,20,0.30,true,0.10537,0.00343,0.01029,1.90491,0.00348,0.4844,0.2621,0.5065,0.00000,0.00000
12,tour,5,6,20,0.40,true,0.10775,0.00347,0.01296,1.90521,0.00353,0.5442,0.1904,0.5640,0.00030,0.00136
12,tour,5,6,20,0.50,true,0.10875,0.00348,0.01660,1.90786,0.00357,0.6157,0.1337,0.6358,0.00294,0.00193
12,tour,5,6,20,0.60,true,0.10612,0.00344,0.02113,1.91501,0.00355,0.6924,0.0912,0.7152,0.01010,0.00231
12,tour,5,6,20,0.70,true,0.10237,0.00339,0.02675,1.92438,0.00352,0.7787,0.0614,0.8037,0.01947,0.00258
12,tour,5,6,20,0.80,true,0.09788,0.00332,0.03281,1.93494,0.00348,0.8614,0.0405,0.8899,0.03003,0.00277
12,tour,5,6,20,0.90,true,0.09125,0.00322,0.04002,1.94879,0.00341,0.9554,0.0271,0.9849,0.04387,0.00292
12,tour,5,6,20,1.00,true,0.08375,0.00310,0.04787,1.96414,0.00332,1.0496,0.0173,1.0807,0.05923,0.00302
12,tour,5,6,20,1.10,true,0.07712,0.00298,0.05592,1.97883,0.00324,1.1424,0.0106,1.1750,0.07392,0.00315
12,tour,5,6,20,1.20,true,0.06875,0.00283,0.06418,1.99548,0.00311,1.2346,0.0078,1.2662,0.09056,0.00325
12,scratch,5,12,10,0.00,true,0.50938,0.00559,0.00004,1.49067,0.00559,0.1877,0.8601,0.1995,0.25280,0.00623
12,scratch,5,12,10,0.10,true,0.64363,0.00535,0.00020,1.35658,0.00536,0.2431,0.7078,0.1991,0.11871,0.00526
12,scratch,5,12,10,0.20,true,0.71813,0.00503,0.00061,1.28249,0.00504,0.2997,0.5078,0.2352,0.04462,0.00407
12,scratch,5,12,10,0.30,true,0.75475,0.00481,0.00173,1.24698,0.00485,0.3766,0.2895,0.3178,0.00912,0.00256
12,scratch,5,12,10,0.40,true,0.76600,0.00473,0.00387,1.23787,0.00482,0.4615,0.1432,0.4218,0.00000,0.00000
12,scratch,5,12,10,0.50,true,0.75650,0.00480,0.00784,1.25134,0.00496,0.5506,0.0626,0.5298,0.01347,0.00219
12,scratch,5,12,10,0.60,true,0.74513,0.00487,0.01392,1.26879,0.00515,0.6466,0.0231,0.6394,0.03092,0.00291
12,scratch,5,12,10,0.70,true,0.72913,0.00497,0.02210,1.29298,0.00540,0.7393,0.0078,0.7388,0.05511,0.00335
12,scratch,5,12,10,0.80,true,0.70925,0.00508,0.03301,1.32376,0.00568,0.8369,0.0047,0.8370,0.08590,0.00379
12,scratch,5,12,10,0.90,true,0.69150,0.00516,0.04620,1.35470,0.00597,0.9354,0.0012,0.9375,0.11683,0.00419
12,scratch,5,12,10,1.00,true,0.67437,0.00524,0.06061,1.38624,0.00625,1.0292,0.0000,1.0321,0.14837,0.00456
12,scratch,5,12,10,1.10,true,0.65838,0.00530,0.07717,1.41880,0.00654,1.1294,0.0000,1.1321,0.18093,0.00492
12,scratch,5,12,10,1.20,true,0.64087,0.00536,0.09536,1.45450,0.00683,1.2297,0.0000,1.2322,0.21663,0.00528
12,scratch,5,12,15,0.00,true,0.34563,0.00532,0.00128,1.65566,0.00533,0.2775,0.6999,0.2835,0.14746,0.00566
12,scratch,5,12,15,0.10,true,0.41000,0.00550,0.00265,1.59265,0.00553,0.3231,0.5716,0.2913,0.08446,0.00502
12,scratch,5,12,15,0.20,true,0.45575,0.00557,0.00483,1.54908,0.00562,0.3733,0.4467,0.3210,0.04089,0.00432
12,scratch,5,12,15,0.30,true,0.48838,0.00559,0.00866,1.52028,0.00569,0.4372,0.3247,0.3755,0.01208,0.00340
12,scratch,5,12,15,0.40,true,0.50625,0.00559,0.01445,1.50820,0.00577,0.5056,0.2185,0.4494,0.00001,0.00237
12,scratch,5,12,15,0.50,true,0.51450,0.00559,0.02270,1.50820,0.00588,0.5842,0.1344,0.5413,0.00000,0.00000
12,scratch,5,12,15,0.60,true,0.51550,0.00559,0.03316,1.51766,0.00601,0.6663,0.0813,0.6359,0.00946,0.00191
12,scratch,5,12,15,0.70,true,0.50962,0.00559,0.04653,1.53691,0.00618,0.7548,0.0466,0.7354,0.02871,0.00269
12,scratch,5,12,15,0.80,true,0.50038,0.00559,0.06282,1.56246,0.00637,0.8498,0.0268,0.8381,0.05426,0.00325
12,scratch,5,12,15,0.90,true,0.48588,0.00559,0.08154,1.59568,0.00656,0.9419,0.0129,0.9380,0.08748,0.00372
12,scratch,5,12,15,1.00,true,0.47300,0.00558,0.10198,1.62900,0.00676,1.0383,0.0076,1.0370,0.12080,0.00406
12,scratch,5,12,15,1.10,true,0.46013,0.00557,0.12442,1.66431,0.00696,1.1365,0.0039,1.1376,0.15612,0.00439
12,scratch,5,12,15,1.20,true,0.44488,0.00556,0.14883,1.70399,0.00715,1.2376,0.0025,1.2394,0.19579,0.00472
12,scratch,5,12,20,0.00,true,0.24288,0.00479,0.00518,1.76230,0.00483,0.3566,0.6269,0.3710,0.07010,0.00448
12,scratch,5,12,20,0.10,true,0.27400,0.00499,0.00831,1.73431,0.00506,0.3961,0.5255,0.3795,0.04211,0.00382
12,scratch,5,12,20,0.20,true,0.29738,0.00511,0.01282,1.71545,0.00523,0.4500,0.4401,0.4040,0.02325,0.00316
12,scratch,5,12,20,0.30,true,0.31900,0.00521,0.01953,1.70054,0.00539,0.5056,0.3475,0.4473,0.00834,0.00219
12,scratch,5,12,20,0.40,true,0.33637,0.00528,0.02857,1.69220,0.00556,0.5662,0.2597,0.5084,0.00000,0.00000
12,scratch,5,12,20,0.50,true,0.34663,0.00532,0.04003,1.69341,0.00572,0.6394,0.1949,0.5816,0.00122,0.00210
12,scratch,5,12,20,0.60,true,0.35050,0.00533,0.05406,1.70357,0.00587,0.7148,0.1420,0.6631,0.01137,0.00279
12,scratch,5,12,20,0.70,true,0.35063,0.00533,0.07013,1.71952,0.00602,0.7919,0.1011,0.7490,0.02732,0.00327
12,scratch,5,12,20,0.80,true,0.34937,0.00533,0.08864,1.73928,0.00619,0.8747,0.0684,0.8426,0.04709,0.00368
12,scratch,5,12,20,0.90,true,0.34537,0.00532,0.10977,1.76442,0.00636,0.9628,0.0443,0.9413,0.07222,0.00405
12,scratch,5,12,20,1.00,true,0.33725,0.00529,0.13233,1.79511,0.00651,1.0509,0.0292,1.0368,0.10291,0.00434
12,scratch,5,12,20,1.10,true,0.33025,0.00526,0.15620,1.82599,0.00667,1.1423,0.0187,1.1344,0.13379,0.00457
12,scratch,5,12,20,1.20,true,0.32088,0.00522,0.18169,1.86086,0.00681,1.2375,0.0120,1.2337,0.16867,0.00481
12,scratch,5,3,10,0.00,true,0.10650,0.00345,0.00254,1.89604,0.00346,0.1168,0.5441,0.2495,0.08711,0.00456
12,scratch,5,3,10,0.10,true,0.16012,0.00410,0.00269,1.84257,0.00412,0.1668,0.2771,0.2736,0.03364,0.00414
12,scratch,5,3,10,0.20,true,0.18588,0.00435,0.00370,1.81783,0.00437,0.2323,0.1248,0.3221,0.00890,0.00363
12,scratch,5,3,10,0.30,true,0.19725,0.00445,0.00674,1.80949,0.00449,0.3165,0.0548,0.3934,0.00056,0.00254
12,scratch,5,3,10,0.40,true,0.20338,0.00450,0.01230,1.80893,0.00458,0.3968,0.0300,0.4691,0.00000,0.00000
12,scratch,5,3,10,0.50,true,0.20975,0.00455,0.02182,1.81208,0.00470,0.4751,0.0172,0.5505,0.00315,0.00257
12,scratch,5,3,10,0.60,true,0.22012,0.00463,0.03596,1.81585,0.00488,0.5521,0.0104,0.6362,0.00692,0.00366
12,scratch,5,3,10,0.70,true,0.22437,0.00466,0.05412,1.82976,0.00504,0.6243,0.0068,0.7206,0.02083,0.00450
12,scratch,5,3,10,0.80,true,0.22912,0.00470,0.07666,1.84757,0.00524,0.6961,0.0047,0.8080,0.03863,0.00517
12,scratch,5,3,10,0.90,true,0.23438,0.00474,0.10146,1.86713,0.00545,0.7638,0.0021,0.8939,0.05819,0.00568
12,scratch,5,3,10,1.00,true,0.23588,0.00475,0.12880,1.89299,0.00564,0.8323,0.0013,0.9810,0.08406,0.00608
12,scratch,5,3,10,1.10,true,0.24275,0.00479,0.15652,1.91386,0.00589,0.9012,0.0007,1.0699,0.10493,0.00646
12,scratch,5,3,10,1.20,true,0.24525,0.00481,0.18485,1.93973,0.00609,0.9695,0.0002,1.1586,0.13079,0.00678
12,scratch,5,3,15,0.00,true,0.06850,0.00282,0.01988,1.95138,0.00294,0.1972,0.5280,0.3810,0.03868,0.00346
12,scratch,5,3,15,0.10,true,0.09112,0.00322,0.02056,1.92944,0.00334,0.2420,0.3624,0.3974,0.01674,0.00289
12,scratch,5,3,15,0.20,true,0.10537,0.00343,0.02345,1.91808,0.00358,0.3040,0.2345,0.4345,0.00538,0.00210
12,scratch,5,3,15,0.30,true,0.11650,0.00359,0.02919,1.91270,0.00377,0.3751,0.1443,0.4898,0.00000,0.00000
12,scratch,5,3,15,0.40,true,0.12137,0.00365,0.03763,1.91627,0.00388,0.4462,0.0926,0.5508,0.00357,0.00207
12,scratch,5,3,15,0.50,true,0.12675,0.00372,0.05083,1.92410,0.00403,0.5260,0.0571,0.6259,0.01140,0.00302
12,scratch,5,3,15,0.60,true,0.12787,0.00373,0.06751,1.93966,0.00415,0.6043,0.0401,0.7022,0.02696,0.00372
12,scratch,5,3,15,0.70,true,0.12900,0.00375,0.08881,1.95984,0.00428,0.6845,0.0281,0.7854,0.04714,0.00431
12,scratch,5,3,15,0.80,true,0.12962,0.00376,0.11372,1.98415,0.00442,0.7622,0.0201,0.8703,0.07145,0.00470
12,scratch,5,3,15,0.90,true,0.13550,0.00383,0.13986,2.00444,0.00464,0.8356,0.0139,0.9553,0.09174,0.00508
12,scratch,5,3,15,1.00,true,0.13850,0.00386,0.16776,2.02936,0.00483,0.9083,0.0102,1.0409,0.11666,0.00534
12,scratch,5,3,15,1.10,true,0.13837,0.00386,0.19697,2.05873,0.00496,0.9793,0.0068,1.1274,0.14603,0.00556
12,scratch,5,3,15,1.20,true,0.13950,0.00387,0.22730,2.08799,0.00512,1.0531,0.0046,1.2181,0.17529,0.00580
12,scratch,5,3,20,0.00,true,0.04775,0.00238,0.05651,2.00877,0.00277,0.2850,0.5318,0.5281,0.01252,0.00292
12,scratch,5,3,20,0.10,true,0.05713,0.00259,0.05779,2.00067,0.00298,0.3314,0.4221,0.5383,0.00443,0.00250
12,scratch,5,3,20,0.20,true,0.06525,0.00276,0.06172,1.99649,0.00316,0.3864,0.3215,0.5649,0.00024,0.00180
12,scratch,5,3,20,0.30,true,0.07237,0.00290,0.06860,1.99624,0.00334,0.4492,0.2393,0.6056,0.00000,0.00000
12,scratch,5,3,20,0.40,true,0.07913,0.00302,0.07883,1.99974,0.00351,0.5201,0.1794,0.6582,0.00349,0.00190
12,scratch,5,3,20,0.50,true,0.08363,0.00309,0.09229,2.00870,0.00366,0.5916,0.1312,0.7191,0.01246,0.00273
12,scratch,5,3,20,0.60,true,0.08475,0.00311,0.10899,2.02430,0.00376,0.6668,0.1001,0.7853,0.02805,0.00322
12,scratch,5,3,20,0.70,true,0.09225,0.00324,0.12920,2.03703,0.00399,0.7469,0.0752,0.8630,0.04079,0.00366
12,scratch,5,3,20,0.80,true,0.09200,0.00323,0.15213,2.06023,0.00410,0.8233,0.0563,0.9407,0.06399,0.00400
12,scratch,5,3,20,0.90,true,0.09262,0.00324,0.17545,2.08296,0.00422,0.8956,0.0437,1.0168,0.08671,0.00432
12,scratch,5,3,20,1.00,true,0.09600,0.00329,0.20080,2.10497,0.00438,0.9709,0.0332,1.0998,0.10873,0.00462
12,scratch,5,3,20,1.10,true,0.09675,0.00331,0.22772,2.13118,0.00451,1.0459,0.0256,1.1843,0.13494,0.00483
12,scratch,5,3,20,1.20,true,0.09788,0.00332,0.25501,2.15741,0.00463,1.1208,0.0202,1.2704,0.16117,0.00501
12,scratch,5,6,10,0.00,true,0.19575,0.00444,0.00030,1.80455,0.00444,0.1766,0.5782,0.2219,0.08148,0.00400
12,scratch,5,6,10,0.10,true,0.23975,0.00477,0.00024,1.76049,0.00477,0.2224,0.3953,0.2414,0.03742,0.00325
12,scratch,5,6,10,0.20,true,0.26863,0.00496,0.00042,1.73180,0.00496,0.2812,0.2309,0.2915,0.00873,0.00214
12,scratch,5,6,10,0.30,true,0.27787,0.00501,0.00095,1.72307,0.00502,0.3536,0.1215,0.3635,0.00000,0.00000
12,scratch,5,6,10,0.40,true,0.27475,0.00499,0.00202,1.72728,0.00501,0.4373,0.0534,0.4522,0.00420,0.00195
12,scratch,5,6,10,0.50,true,0.26538,0.00494,0.00380,1.73843,0.00496,0.5269,0.0221,0.5449,0.01536,0.00246
12,scratch,5,6,10,0.60,true,0.25275,0.00486,0.00648,1.75373,0.00490,0.6227,0.0105,0.6404,0.03066,0.00280
12,scratch,5,6,10,0.70,true,0.23875,0.00477,0.01007,1.77132,0.00483,0.7184,0.0048,0.7359,0.04825,0.00308
12,scratch,5,6,10,0.80,true,0.22237,0.00465,0.01480,1.79243,0.00474,0.8181,0.0016,0.8353,0.06936,0.00334
12,scratch,5,6,10,0.90,true,0.20488,0.00451,0.02041,1.81554,0.00464,0.9168,0.0005,0.9332,0.09247,0.00358
12,scratch,5,6,10,1.00,true,0.18725,0.00436,0.02704,1.83981,0.00452,1.0181,0.0000,1.0338,0.11674,0.00381
12,scratch,5,6,10,1.10,true,0.16837,0.00418,0.03468,1.86633,0.00437,1.1202,0.0000,1.1349,0.14326,0.00400
12,scratch,5,6,10,1.20,true,0.14738,0.00396,0.04306,1.89572,0.00418,1.2215,0.0000,1.2353,0.17265,0.00419
12,scratch,5,6,15,0.00,true,0.11113,0.00351,0.00411,1.89299,0.00353,0.2644,0.5406,0.3371,0.03153,0.00300
12,scratch,5,6,15,0.10,true,0.12612,0.00371,0.00387,1.87774,0.00373,0.3097,0.4268,0.3529,0.01629,0.00252
12,scratch,5,6,15,0.20,true,0.13925,0.00387,0.00462,1.86537,0.00390,0.3627,0.3131,0.3892,0.00392,0.00181
12,scratch,5,6,15,0.30,true,0.14488,0.00394,0.00633,1.86146,0.00397,0.4233,0.2175,0.4428,0.00000,0.00000
12,scratch,5,6,15,0.40,true,0.14638,0.00395,0.00907,1.86269,0.00400,0.4914,0.1412,0.5113,0.00124,0.00156
12,scratch,5,6,15,0.50,true,0.14550,0.00394,0.01283,1.86734,0.00401,0.5680,0.0881,0.5907,0.00588,0.00217
12,scratch,5,6,15,0.60,true,0.14113,0.00389,0.01774,1.87662,0.00399,0.6528,0.0541,0.6778,0.01517,0.00251
12,scratch,5,6,15,0.70,true,0.13387,0.00381,0.02382,1.88996,0.00393,0.7416,0.0299,0.7705,0.02850,0.00279
12,scratch,5,6,15,0.80,true,0.12462,0.00369,0.03093,1.90632,0.00385,0.8361,0.0176,0.8659,0.04486,0.00299
12,scratch,5,6,15,0.90,true,0.11613,0.00358,0.03868,1.92258,0.00378,0.9302,0.0107,0.9601,0.06113,0.00315
12,scratch,5,6,15,1.00,true,0.10600,0.00344,0.04711,1.94115,0.00367,1.0227,0.0062,1.0528,0.07969,0.00330
12,scratch,5,6,15,1.10,true,0.09450,0.00327,0.05725,1.96281,0.00354,1.1285,0.0032,1.1583,0.10135,0.00350
12,scratch,5,6,15,1.20,true,0.08513,0.00312,0.06681,1.98177,0.00342,1.2207,0.0016,1.2502,0.12031,0.00360
12,scratch,5,6,20,0.00,true,0.06500,0.00276,0.02032,1.95532,0.00286,0.3557,0.5179,0.4667,0.01247,0.00232
12,scratch,5,6,20,0.10,true,0.07100,0.00287,0.02025,1.94925,0.00298,0.4016,0.4393,0.4812,0.00640,0.00195
12,scratch,5,6,20,0.20,true,0.07825,0.00300,0.02185,1.94361,0.00312,0.4513,0.3512,0.5122,0.00075,0.00135
12,scratch,5,6,20,0.30,true,0.08213,0.00307,0.02497,1.94285,0.00320,0.5064,0.2735,0.5561,0.00000,0.00000
12,scratch,5,6,20,0.40,true,0.08100,0.00305,0.02948,1.94850,0.00321,0.5666,0.2063,0.6110,0.00564,0.00126
12,scratch,5,6,20,0.50,true,0.08150,0.00306,0.03529,1.95380,0.00325,0.6354,0.1520,0.6777,0.01095,0.00173
12,scratch,5,6,20,0.60,true,0.08150,0.00306,0.04219,1.96071,0.00328,0.7102,0.1102,0.7528,0.01786,0.00201
12,scratch,5,6,20,0.70,true,0.07900,0.00302,0.05035,1.97139,0.00328,0.7919,0.0761,0.8373,0.02853,0.00230
12,scratch,5,6,20,0.80,true,0.07612,0.00297,0.05890,1.98282,0.00327,0.8705,0.0524,0.9194,0.03997,0.00245
12,scratch,5,6,20,0.90,true,0.07050,0.00286,0.06887,1.99844,0.00321,0.9616,0.0360,1.0116,0.05559,0.00263
12,scratch,5,6,20,1.00,true,0.06338,0.00272,0.07950,2.01622,0.00311,1.0548,0.0250,1.1053,0.07337,0.00278
12,scratch,5,6,20,1.10,true,0.05887,0.00263,0.09023,2.03148,0.00306,1.1456,0.0167,1.1973,0.08862,0.00289
12,scratch,5,6,20,1.20,true,0.05400,0.00253,0.10116,2.04731,0.00300,1.2349,0.0108,1.2878,0.10446,0.00298
12,mid,5,12,10,0.00,true,0.42750,0.00553,0.00038,1.57288,0.00553,0.2043,0.7670,0.2168,0.19373,0.00554
12,mid,5,12,10,0.10,true,0.53075,0.00558,0.00123,1.47048,0.00560,0.2556,0.6036,0.2226,0.09133,0.00453
12,mid,5,12,10,0.20,true,0.59388,0.00549,0.00303,1.40915,0.00553,0.3125,0.4297,0.2618,0.03001,0.00316
12,mid,5,12,10,0.30,true,0.62762,0.00540,0.00677,1.37914,0.00551,0.3800,0.2521,0.3353,0.00000,0.00000
12,mid,5,12,10,0.40,true,0.63350,0.00539,0.01321,1.37971,0.00560,0.4607,0.1361,0.4277,0.00057,0.00270
12,mid,5,12,10,0.50,true,0.63050,0.00540,0.02268,1.39219,0.00576,0.5498,0.0690,0.5295,0.01304,0.00349
12,mid,5,12,10,0.60,true,0.61413,0.00544,0.03645,1.42233,0.00600,0.6427,0.0321,0.6331,0.04319,0.00408
12,mid,5,12,10,0.70,true,0.59662,0.00548,0.05332,1.45671,0.00627,0.7367,0.0124,0.7352,0.07757,0.00454
12,mid,5,12,10,0.80,true,0.57600,0.00553,0.07344,1.49746,0.00655,0.8326,0.0053,0.8342,0.11832,0.00496
12,mid,5,12,10,0.90,true,0.55800,0.00555,0.09534,1.53736,0.00682,0.9297,0.0031,0.9318,0.15822,0.00531
12,mid,5,12,10,1.00,true,0.53975,0.00557,0.11836,1.57865,0.00708,1.0230,0.0019,1.0255,0.19951,0.00566
12,mid,5,12,10,1.10,true,0.52400,0.00558,0.14297,1.61902,0.00734,1.1208,0.0000,1.1248,0.23988,0.00599
12,mid,5,12,10,1.20,true,0.50438,0.00559,0.16961,1.66531,0.00758,1.2199,0.0000,1.2236,0.28617,0.00632
12,mid,5,12,15,0.00,true,0.26450,0.00493,0.00480,1.74030,0.00497,0.3005,0.6416,0.3129,0.07740,0.00493
12,mid,5,12,15,0.10,true,0.30662,0.00516,0.00861,1.70198,0.00523,0.3424,0.5215,0.3223,0.03909,0.00425
12,mid,5,12,15,0.20,true,0.33637,0.00528,0.01422,1.67785,0.00542,0.3878,0.4027,0.3529,0.01496,0.00345
12,mid,5,12,15,0.30,true,0.35513,0.00535,0.02281,1.66769,0.00558,0.4513,0.3030,0.4031,0.00479,0.00239
12,mid,5,12,15,0.40,true,0.37188,0.00540,0.03476,1.66290,0.00576,0.5198,0.2109,0.4742,0.00000,0.00000
12,mid,5,12,15,0.50,true,0.37512,0.00541,0.05007,1.67496,0.00593,0.5933,0.1408,0.5553,0.01206,0.00219
12,mid,5,12,15,0.60,true,0.37088,0.00540,0.06930,1.69844,0.00611,0.6725,0.0906,0.6443,0.03554,0.00297
12,mid,5,12,15,0.70,true,0.36375,0.00538,0.09142,1.72771,0.00629,0.7566,0.0582,0.7366,0.06481,0.00349
12,mid,5,12,15,0.80,true,0.35875,0.00536,0.11620,1.75750,0.00649,0.8469,0.0347,0.8354,0.09460,0.00394
12,mid,5,12,15,0.90,true,0.34963,0.00533,0.14316,1.79360,0.00668,0.9396,0.0217,0.9333,0.13070,0.00432
12,mid,5,12,15,1.00,true,0.34050,0.00530,0.17233,1.83192,0.00686,1.0350,0.0112,1.0350,0.16902,0.00465
12,mid,5,12,15,1.10,true,0.32887,0.00525,0.20229,1.87353,0.00702,1.1324,0.0075,1.1339,0.21063,0.00493
12,mid,5,12,15,1.20,true,0.31912,0.00521,0.23314,1.91417,0.00718,1.2337,0.0044,1.2371,0.25127,0.00521
12,mid,5,12,20,0.00,true,0.16950,0.00419,0.01514,1.84564,0.00431,0.3849,0.5837,0.4141,0.02124,0.00342
12,mid,5,12,20,0.10,true,0.18900,0.00438,0.02179,1.83279,0.00455,0.4267,0.4948,0.4249,0.00839,0.00278
12,mid,5,12,20,0.20,true,0.20287,0.00450,0.03049,1.82762,0.00474,0.4744,0.4157,0.4485,0.00322,0.00203
12,mid,5,12,20,0.30,true,0.21825,0.00462,0.04264,1.82440,0.00497,0.5323,0.3387,0.4899,0.00000,0.00000
12,mid,5,12,20,0.40,true,0.22937,0.00470,0.05774,1.82839,0.00519,0.5880,0.2607,0.5448,0.00398,0.00187
12,mid,5,12,20,0.50,true,0.23412,0.00473,0.07572,1.84163,0.00538,0.6528,0.2004,0.6090,0.01722,0.00252
12,mid,5,12,20,0.60,true,0.23625,0.00475,0.09683,1.86063,0.00556,0.7249,0.1519,0.6839,0.03623,0.00302
12,mid,5,12,20,0.70,true,0.23813,0.00476,0.12017,1.88211,0.00576,0.8012,0.1132,0.7658,0.05771,0.00344
12,mid,5,12,20,0.80,true,0.23450,0.00474,0.14596,1.91154,0.00591,0.8812,0.0841,0.8514,0.08714,0.00378
12,mid,5,12,20,0.90,true,0.23237,0.00472,0.17374,1.94148,0.00609,0.9657,0.0591,0.9446,0.11708,0.00414
12,mid,5,12,20,1.00,true,0.22762,0.00469,0.20304,1.97557,0.00623,1.0523,0.0401,1.0399,0.15117,0.00447
12,mid,5,12,20,1.10,true,0.22087,0.00464,0.23382,2.01314,0.00635,1.1436,0.0281,1.1368,0.18874,0.00472
12,mid,5,12,20,1.20,true,0.21763,0.00461,0.26373,2.04635,0.00649,1.2361,0.0187,1.2349,0.22195,0.00491
12,mid,5,3,10,0.00,true,0.09087,0.00321,0.00811,1.91724,0.00326,0.1506,0.5410,0.2886,0.07652,0.00434
12,mid,5,3,10,0.10,true,0.13075,0.00377,0.00933,1.87858,0.00382,0.1988,0.3284,0.3082,0.03787,0.00376
12,mid,5,3,10,0.20,true,0.15950,0.00409,0.01273,1.85324,0.00417,0.2616,0.1896,0.3516,0.01253,0.00283
12,mid,5,3,10,0.30,true,0.17963,0.00429,0.02033,1.84071,0.00443,0.3409,0.1070,0.4173,0.00000,0.00000
12,mid,5,3,10,0.40,true,0.18375,0.00433,0.03253,1.84880,0.00455,0.4165,0.0663,0.4884,0.00809,0.00287
12,mid,5,3,10,0.50,true,0.19250,0.00441,0.04996,1.85750,0.00475,0.4915,0.0447,0.5663,0.01678,0.00406
12,mid,5,3,10,0.60,true,0.19875,0.00446,0.07261,1.87392,0.00496,0.5646,0.0296,0.6490,0.03320,0.00491
12,mid,5,3,10,0.70,true,0.20488,0.00451,0.09791,1.89312,0.00519,0.6326,0.0198,0.7309,0.05240,0.00565
12,mid,5,3,10,0.80,true,0.21075,0.00456,0.12691,1.91629,0.00543,0.7020,0.0135,0.8169,0.07558,0.00613
12,mid,5,3,10,0.90,true,0.21025,0.00456,0.15779,1.94772,0.00563,0.7693,0.0092,0.9022,0.10701,0.00646
12,mid,5,3,10,1.00,true,0.21063,0.00456,0.18944,1.97907,0.00582,0.8373,0.0063,0.9893,0.13835,0.00676
12,mid,5,3,10,1.10,true,0.21075,0.00456,0.22149,2.01108,0.00602,0.9071,0.0048,1.0789,0.17037,0.00703
12,mid,5,3,10,1.20,true,0.21088,0.00456,0.25216,2.04173,0.00619,0.9733,0.0027,1.1665,0.20101,0.00729
12,mid,5,3,15,0.00,true,0.05800,0.00261,0.04797,1.99000,0.00293,0.2735,0.5264,0.4609,0.01932,0.00362
12,mid,5,3,15,0.10,true,0.07375,0.00292,0.05168,1.97797,0.00326,0.3190,0.4034,0.4758,0.00729,0.00317
12,mid,5,3,15,0.20,true,0.08750,0.00316,0.05905,1.97160,0.00355,0.3815,0.3067,0.5078,0.00092,0.00241
12,mid,5,3,15,0.30,true,0.09925,0.00334,0.06987,1.97068,0.00380,0.4495,0.2299,0.5540,0.00000,0.00000
12,mid,5,3,15,0.40,true,0.10975,0.00349,0.08389,1.97422,0.00404,0.5173,0.1755,0.6090,0.00355,0.00244
12,mid,5,3,15,0.50,true,0.11400,0.00355,0.10363,1.98974,0.00422,0.5924,0.1309,0.6770,0.01906,0.00358
12,mid,5,3,15,0.60,true,0.11375,0.00355,0.12528,2.01168,0.00434,0.6599,0.1013,0.7439,0.04100,0.00428
12,mid,5,3,15,0.70,true,0.11538,0.00357,0.15148,2.03630,0.00451,0.7324,0.0773,0.8213,0.06562,0.00472
12,mid,5,3,15,0.80,true,0.11875,0.00362,0.17916,2.06067,0.00470,0.8033,0.0594,0.9019,0.09000,0.00510
12,mid,5,3,15,0.90,true,0.12412,0.00369,0.20824,2.08445,0.00493,0.8755,0.0464,0.9872,0.11378,0.00540
12,mid,5,3,15,1.00,true,0.12175,0.00366,0.23831,2.11700,0.00503,0.9434,0.0367,1.0693,0.14632,0.00561
12,mid,5,3,15,1.10,true,0.12162,0.00365,0.26831,2.14725,0.00516,1.0125,0.0299,1.1545,0.17657,0.00581
12,mid,5,3,15,1.20,true,0.12250,0.00367,0.29777,2.17598,0.00530,1.0811,0.0245,1.2409,0.20530,0.00599
12,mid,5,3,20,0.00,true,0.04113,0.00222,0.11689,2.07591,0.00304,0.4179,0.5295,0.6658,0.00093,0.00182
12,mid,5,3,20,0.10,true,0.04738,0.00238,0.12220,2.07499,0.00321,0.4690,0.4576,0.6755,0.00000,0.00000
12,mid,5,3,20,0.20,true,0.05287,0.00250,0.13036,2.07766,0.00338,0.5249,0.3847,0.6981,0.00267,0.00198
12,mid,5,3,20,0.30,true,0.05763,0.00261,0.14121,2.08378,0.00353,0.5873,0.3242,0.7306,0.00880,0.00281
12,mid,5,3,20,0.40,true,0.06338,0.00272,0.15494,2.09180,0.00372,0.6534,0.2728,0.7731,0.01682,0.00334
12,mid,5,3,20,0.50,true,0.06763,0.00281,0.17191,2.10458,0.00389,0.7218,0.2271,0.8254,0.02959,0.00371
12,mid,5,3,20,0.60,true,0.07287,0.00291,0.19085,2.11834,0.00408,0.7971,0.1964,0.8846,0.04335,0.00401
12,mid,5,3,20,0.70,true,0.07900,0.00302,0.21153,2.13297,0.00429,0.8704,0.1691,0.9495,0.05798,0.00433
12,mid,5,3,20,0.80,true,0.07913,0.00302,0.23416,2.15557,0.00439,0.9361,0.1421,1.0165,0.08058,0.00454
12,mid,5,3,20,0.90,true,0.08063,0.00304,0.25724,2.17727,0.00452,1.0036,0.1221,1.0873,0.10228,0.00473
12,mid,5,3,20,1.00,true,0.08063,0.00304,0.28164,2.20181,0.00462,1.0689,0.1025,1.1621,0.12682,0.00491
12,mid,5,3,20,1.10,true,0.08088,0.00305,0.30759,2.22769,0.00472,1.1400,0.0873,1.2438,0.15271,0.00505
12,mid,5,3,20,1.20,true,0.08687,0.00315,0.33047,2.24476,0.00493,1.2092,0.0769,1.3247,0.16978,0.00529
12,mid,5,6,10,0.00,true,0.15288,0.00402,0.00161,1.84873,0.00403,0.1935,0.5629,0.2522,0.05791,0.00359
12,mid,5,6,10,0.10,true,0.18325,0.00433,0.00149,1.81824,0.00433,0.2381,0.3949,0.2723,0.02742,0.00292
12,mid,5,6,10,0.20,true,0.20525,0.00452,0.00219,1.79694,0.00453,0.2960,0.2479,0.3195,0.00612,0.00198
12,mid,5,6,10,0.30,true,0.21300,0.00458,0.00382,1.79083,0.00460,0.3653,0.1395,0.3877,0.00000,0.00000
12,mid,5,6,10,0.40,true,0.20900,0.00455,0.00665,1.79766,0.00459,0.4460,0.0710,0.4709,0.00683,0.00180
12,mid,5,6,10,0.50,true,0.20463,0.00451,0.01072,1.80611,0.00458,0.5332,0.0344,0.5608,0.01528,0.00232
12,mid,5,6,10,0.60,true,0.19225,0.00441,0.01624,1.82401,0.00450,0.6251,0.0153,0.6543,0.03318,0.00268
12,mid,5,6,10,0.70,true,0.17938,0.00429,0.02303,1.84369,0.00443,0.7192,0.0087,0.7470,0.05287,0.00293
12,mid,5,6,10,0.80,true,0.16550,0.00415,0.03146,1.86601,0.00433,0.8182,0.0043,0.8453,0.07519,0.00315
12,mid,5,6,10,0.90,true,0.15363,0.00403,0.04095,1.88742,0.00426,0.9151,0.0016,0.9420,0.09659,0.00334
12,mid,5,6,10,1.00,true,0.13925,0.00387,0.05185,1.91273,0.00414,1.0156,0.0006,1.0417,0.12191,0.00353
12,mid,5,6,10,1.10,true,0.12412,0.00369,0.06411,1.94016,0.00401,1.1176,0.0003,1.1426,0.14934,0.00372
12,mid,5,6,10,1.20,true,0.11000,0.00350,0.07729,1.96755,0.00386,1.2181,0.0000,1.2424,0.17672,0.00385
12,mid,5,6,15,0.00,true,0.07775,0.00299,0.01771,1.93997,0.00309,0.2884,0.5283,0.3960,0.01453,0.00253
12,mid,5,6,15,0.10,true,0.08675,0.00315,0.01775,1.93101,0.00324,0.3330,0.4253,0.4129,0.00557,0.00204
12,mid,5,6,15,0.20,true,0.09388,0.00326,0.01990,1.92604,0.00337,0.3860,0.3250,0.4475,0.00060,0.00147
12,mid,5,6,15,0.30,true,0.09863,0.00333,0.02404,1.92544,0.00347,0.4441,0.2359,0.4976,0.00000,0.00000
12,mid,5,6,15,0.40,true,0.10013,0.00336,0.03005,1.92996,0.00352,0.5106,0.1629,0.5620,0.00452,0.00139
12,mid,5,6,15,0.50,true,0.09938,0.00334,0.03760,1.93828,0.00355,0.5837,0.1098,0.6356,0.01284,0.00190
12,mid,5,6,15,0.60,true,0.09675,0.00331,0.04675,1.95008,0.00356,0.6637,0.0709,0.7178,0.02464,0.00221
12,mid,5,6,15,0.70,true,0.09250,0.00324,0.05738,1.96500,0.00355,0.7505,0.0456,0.8059,0.03956,0.00240
12,mid,5,6,15,0.80,true,0.08812,0.00317,0.06908,1.98113,0.00354,0.8397,0.0265,0.8984,0.05569,0.00261
12,mid,5,6,15,0.90,true,0.08325,0.00309,0.08150,1.99848,0.00351,0.9314,0.0172,0.9899,0.07304,0.00275
12,mid,5,6,15,1.00,true,0.07637,0.00297,0.09461,2.01854,0.00344,1.0223,0.0107,1.0808,0.09310,0.00288
12,mid,5,6,15,1.10,true,0.06863,0.00283,0.10996,2.04175,0.00336,1.1261,0.0074,1.1828,0.11631,0.00301
12,mid,5,6,15,1.20,true,0.06125,0.00268,0.12422,2.06349,0.00326,1.2160,0.0041,1.2731,0.13805,0.00312
12,mid,5,6,20,0.00,true,0.04375,0.00229,0.06882,2.02512,0.00271,0.3881,0.5136,0.5680,0.00324,0.00168
12,mid,5,6,20,0.10,true,0.04788,0.00239,0.06987,2.02206,0.00282,0.4344,0.4410,0.5856,0.00018,0.00120
12,mid,5,6,20,0.20,true,0.05162,0.00247,0.07342,2.02188,0.00293,0.4832,0.3619,0.6158,0.00000,0.00000
12,mid,5,6,20,0.30,true,0.05425,0.00253,0.07935,2.02521,0.00303,0.5385,0.2916,0.6582,0.00333,0.00116
12,mid,5,6,20,0.40,true,0.05387,0.00252,0.08715,2.03342,0.00307,0.5987,0.2312,0.7099,0.01154,0.00155
12,mid,5,6,20,0.50,true,0.05337,0.00251,0.09657,2.04339,0.00311,0.6612,0.1752,0.7710,0.02151,0.00178
12,mid,5,6,20,0.60,true,0.05237,0.00249,0.10733,2.05521,0.00314,0.7296,0.1306,0.8397,0.03333,0.00201
12,mid,5,6,20,0.70,true,0.05162,0.00247,0.11968,2.06839,0.00318,0.8096,0.0971,0.9187,0.04651,0.00224
12,mid,5,6,20,0.80,true,0.04900,0.00241,0.13228,2.08371,0.00317,0.8861,0.0712,0.9968,0.06183,0.00241
12,mid,5,6,20,0.90,true,0.04562,0.00233,0.14645,2.10137,0.00315,0.9720,0.0506,1.0842,0.07949,0.00255
12,mid,5,6,20,1.00,true,0.04325,0.00227,0.16111,2.11853,0.00315,1.0609,0.0365,1.1736,0.09665,0.00266
12,mid,5,6,20,1.10,true,0.03950,0.00218,0.17578,2.13711,0.00310,1.1490,0.0265,1.2616,0.11522,0.00276
12,mid,5,6,20,1.20,true,0.03637,0.00209,0.19057,2.15519,0.00306,1.2355,0.0192,1.3484,0.13331,0.00281
12,high,5,12,10,0.00,true,0.36462,0.00538,0.00160,1.63698,0.00540,0.2245,0.7149,0.2375,0.13629,0.00533
12,high,5,12,10,0.10,true,0.43812,0.00555,0.00421,1.56608,0.00559,0.2750,0.5553,0.2468,0.06540,0.00434
12,high,5,12,10,0.20,true,0.48862,0.00559,0.00850,1.51988,0.00569,0.3274,0.4004,0.2845,0.01920,0.00309
12,high,5,12,10,0.30,true,0.51550,0.00559,0.01618,1.50068,0.00580,0.3944,0.2546,0.3515,0.00000,0.00000
12,high,5,12,10,0.40,true,0.52500,0.00558,0.02750,1.50251,0.00595,0.4703,0.1487,0.4370,0.00183,0.00268
12,high,5,12,10,0.50,true,0.51950,0.00559,0.04347,1.52399,0.00615,0.5540,0.0827,0.5317,0.02330,0.00354
12,high,5,12,10,0.60,true,0.50813,0.00559,0.06393,1.55583,0.00640,0.6445,0.0450,0.6314,0.05515,0.00417
12,high,5,12,10,0.70,true,0.48988,0.00559,0.08867,1.59885,0.00666,0.7352,0.0218,0.7306,0.09817,0.00467
12,high,5,12,10,0.80,true,0.47025,0.00558,0.11706,1.64689,0.00693,0.8303,0.0099,0.8310,0.14621,0.00514
12,high,5,12,10,0.90,true,0.45437,0.00557,0.14642,1.69216,0.00719,0.9261,0.0048,0.9291,0.19148,0.00550
12,high,5,12,10,1.00,true,0.43762,0.00555,0.17579,1.73832,0.00741,1.0180,0.0033,1.0212,0.23763,0.00581
12,high,5,12,10,1.10,true,0.41813,0.00551,0.20863,1.79071,0.00762,1.1156,0.0021,1.1192,0.29003,0.00614
12,high,5,12,10,1.20,true,0.40250,0.00548,0.24113,1.83892,0.00782,1.2152,0.0010,1.2195,0.33824,0.00645
12,high,5,12,15,0.00,true,0.20262,0.00449,0.01182,1.80921,0.00459,0.3235,0.6045,0.3460,0.03424,0.00331
12,high,5,12,15,0.10,true,0.23175,0.00472,0.01906,1.78732,0.00488,0.3690,0.4967,0.3582,0.01235,0.00230
12,high,5,12,15,0.20,true,0.25350,0.00486,0.02845,1.77497,0.00512,0.4148,0.3957,0.3874,0.00000,0.00000
12,high,5,12,15,0.30,true,0.26713,0.00495,0.04241,1.77531,0.00533,0.4748,0.3031,0.4356,0.00034,0.00226
12,high,5,12,15,0.40,true,0.27850,0.00501,0.05978,1.78133,0.00556,0.5397,0.2245,0.4984,0.00635,0.00307
12,high,5,12,15,0.50,true,0.28237,0.00503,0.08167,1.79937,0.00578,0.6108,0.1582,0.5746,0.02439,0.00369
12,high,5,12,15,0.60,true,0.28275,0.00503,0.10723,1.82458,0.00600,0.6886,0.1082,0.6603,0.04961,0.00423
12,high,5,12,15,0.70,true,0.27613,0.00500,0.13536,1.85937,0.00618,0.7680,0.0755,0.7459,0.08440,0.00458
12,high,5,12,15,0.80,true,0.27050,0.00497,0.16644,1.89614,0.00637,0.8533,0.0504,0.8387,0.12116,0.00491
12,high,5,12,15,0.90,true,0.26650,0.00494,0.19896,1.93272,0.00657,0.9428,0.0320,0.9357,0.15774,0.00524
12,high,5,12,15,1.00,true,0.25812,0.00489,0.23346,1.97568,0.00672,1.0365,0.0214,1.0337,0.20071,0.00552
12,high,5,12,15,1.10,true,0.25025,0.00484,0.26813,2.01833,0.00686,1.1302,0.0123,1.1330,0.24336,0.00574
12,high,5,12,15,1.20,true,0.24125,0.00478,0.30351,2.06285,0.00698,1.2289,0.0079,1.2341,0.28788,0.00593
12,high,5,12,20,0.00,true,0.12687,0.00372,0.03184,1.90501,0.00395,0.4196,0.5664,0.4642,0.00220,0.00177
12,high,5,12,20,0.10,true,0.13912,0.00387,0.04188,1.90281,0.00419,0.4600,0.4857,0.4754,0.00000,0.00000
12,high,5,12,20,0.20,true,0.14800,0.00397,0.05490,1.90697,0.00440,0.5065,0.4118,0.4993,0.00415,0.00178
12,high,5,12,20,0.30,true,0.15787,0.00408,0.07155,1.91377,0.00464,0.5632,0.3442,0.5372,0.01096,0.00249
12,high,5,12,20,0.40,true,0.16587,0.00416,0.09161,1.92586,0.00489,0.6217,0.2798,0.5873,0.02304,0.00299
12,high,5,12,20,0.50,true,0.16812,0.00418,0.11512,1.94716,0.00509,0.6798,0.2168,0.6479,0.04434,0.00345
12,high,5,12,20,0.60,true,0.17162,0.00422,0.14091,1.96950,0.00531,0.7509,0.1722,0.7176,0.06669,0.00381
12,high,5,12,20,0.70,true,0.17250,0.00422,0.16914,1.99692,0.00550,0.8239,0.1340,0.7939,0.09411,0.00417
12,high,5,12,20,0.80,true,0.17137,0.00421,0.19929,2.02829,0.00567,0.9018,0.1041,0.8756,0.12547,0.00445
12,high,5,12,20,0.90,true,0.16750,0.00417,0.23115,2.06412,0.00581,0.9811,0.0791,0.9608,0.16131,0.00468
12,high,5,12,20,1.00,true,0.16762,0.00418,0.26312,2.09610,0.00598,1.0632,0.0580,1.0510,0.19329,0.00493
12,high,5,12,20,1.10,true,0.16387,0.00414,0.29673,2.13362,0.00609,1.1504,0.0425,1.1446,0.23081,0.00513
12,high,5,12,20,1.20,true,0.15887,0.00409,0.33050,2.17258,0.00618,1.2391,0.0303,1.2397,0.26976,0.00529
12,high,5,3,10,0.00,true,0.07975,0.00303,0.02132,1.94160,0.00316,0.1874,0.5391,0.3328,0.05464,0.00442
12,high,5,3,10,0.10,true,0.11038,0.00350,0.02478,1.91443,0.00366,0.2351,0.3664,0.3495,0.02747,0.00397
12,high,5,3,10,0.20,true,0.13587,0.00383,0.03158,1.89575,0.00404,0.2974,0.2476,0.3873,0.00879,0.00309
12,high,5,3,10,0.30,true,0.15762,0.00407,0.04452,1.88696,0.00438,0.3746,0.1632,0.4478,0.00000,0.00000
12,high,5,3,10,0.40,true,0.16675,0.00417,0.06271,1.89606,0.00460,0.4456,0.1122,0.5142,0.00910,0.00305
12,high,5,3,10,0.50,true,0.17300,0.00423,0.08594,1.91309,0.00483,0.5165,0.0810,0.5875,0.02613,0.00436
12,high,5,3,10,0.60,true,0.18113,0.00431,0.11278,1.93187,0.00509,0.5843,0.0595,0.6650,0.04491,0.00538
12,high,5,3,10,0.70,true,0.18325,0.00433,0.14363,1.96069,0.00531,0.6515,0.0444,0.7458,0.07373,0.00592
12,high,5,3,10,0.80,true,0.18762,0.00436,0.17658,1.98940,0.00556,0.7199,0.0332,0.8316,0.10244,0.00639
12,high,5,3,10,0.90,true,0.18862,0.00437,0.21061,2.02260,0.00578,0.7861,0.0237,0.9180,0.13564,0.00672
12,high,5,3,10,1.00,true,0.18400,0.00433,0.24539,2.06221,0.00592,0.8505,0.0167,1.0031,0.17525,0.00696
12,high,5,3,10,1.10,true,0.18425,0.00433,0.27846,2.09528,0.00610,0.9164,0.0124,1.0903,0.20832,0.00721
12,high,5,3,10,1.20,true,0.18125,0.00431,0.31137,2.13150,0.00623,0.9822,0.0089,1.1779,0.24454,0.00738
12,high,5,3,15,0.00,true,0.05063,0.00245,0.09509,2.04473,0.00312,0.3571,0.5244,0.5511,0.00644,0.00320
12,high,5,3,15,0.10,true,0.06375,0.00273,0.10228,2.03881,0.00344,0.4039,0.4280,0.5663,0.00052,0.00244
12,high,5,3,15,0.20,true,0.07462,0.00294,0.11260,2.03829,0.00371,0.4655,0.3515,0.5933,0.00000,0.00000
12,high,5,3,15,0.30,true,0.08500,0.00312,0.12676,2.04212,0.00397,0.5357,0.2903,0.6337,0.00384,0.00265
12,high,5,3,15,0.40,true,0.09375,0.00326,0.14392,2.05060,0.00422,0.6019,0.2399,0.6824,0.01231,0.00372
12,high,5,3,15,0.50,true,0.10050,0.00336,0.16620,2.06623,0.00445,0.6767,0.1968,0.7448,0.02794,0.00437
12,high,5,3,15,0.60,true,0.09988,0.00335,0.19059,2.09137,0.00457,0.7452,0.1657,0.8082,0.05308,0.00473
12,high,5,3,15,0.70,true,0.10187,0.00338,0.21688,2.11584,0.00474,0.8136,0.1389,0.8787,0.07755,0.00505
12,high,5,3,15,0.80,true,0.10462,0.00342,0.24429,2.14069,0.00492,0.8795,0.1169,0.9531,0.10240,0.00535
12,high,5,3,15,0.90,true,0.10400,0.00341,0.27357,2.17086,0.00504,0.9429,0.0963,1.0312,0.13257,0.00553
12,high,5,3,15,1.00,true,0.10475,0.00342,0.30368,2.20055,0.00518,1.0120,0.0808,1.1160,0.16226,0.00571
12,high,5,3,15,1.10,true,0.10550,0.00343,0.33205,2.22856,0.00531,1.0770,0.0689,1.1988,0.19027,0.00590
12,high,5,3,15,1.20,true,0.10650,0.00345,0.35964,2.25561,0.00544,1.1364,0.0548,1.2829,0.21732,0.00607
12,high,5,3,20,0.00,true,0.03737,0.00212,0.19862,2.16234,0.00346,0.5641,0.5282,0.8200,0.00000,0.00000
12,high,5,3,20,0.10,true,0.04250,0.00226,0.20613,2.16477,0.00362,0.6178,0.4747,0.8305,0.00243,0.00213
12,high,5,3,20,0.20,true,0.04612,0.00235,0.21577,2.17083,0.00375,0.6756,0.4221,0.8487,0.00850,0.00296
12,high,5,3,20,0.30,true,0.04900,0.00241,0.22911,2.18140,0.00388,0.7460,0.3763,0.8794,0.01906,0.00334
12,high,5,3,20,0.40,true,0.05050,0.00245,0.24487,2.19579,0.00398,0.8148,0.3320,0.9188,0.03346,0.00367
12,high,5,3,20,0.50,true,0.05538,0.00256,0.25992,2.20612,0.00415,0.8815,0.2981,0.9602,0.04378,0.00402
12,high,5,3,20,0.60,true,0.05962,0.00265,0.27879,2.22096,0.00433,0.9537,0.2657,1.0147,0.05863,0.00426
12,high,5,3,20,0.70,true,0.06275,0.00271,0.29914,2.23847,0.00448,1.0273,0.2377,1.0752,0.07614,0.00450
12,high,5,3,20,0.80,true,0.06450,0.00275,0.32015,2.25808,0.00460,1.0996,0.2147,1.1395,0.09575,0.00470
12,high,5,3,20,0.90,true,0.06725,0.00280,0.33920,2.27477,0.00473,1.1623,0.1945,1.2022,0.11243,0.00494
12,high,5,3,20,1.00,true,0.06988,0.00285,0.35959,2.29297,0.00487,1.2296,0.1786,1.2699,0.13063,0.00513
12,high,5,3,20,1.10,true,0.07062,0.00286,0.37967,2.31282,0.00496,1.2897,0.1617,1.3388,0.15048,0.00533
12,high,5,3,20,1.20,true,0.07150,0.00288,0.40137,2.33430,0.00506,1.3538,0.1451,1.4166,0.17196,0.00544
12,high,5,6,10,0.00,true,0.12350,0.00368,0.00623,1.88274,0.00371,0.2138,0.5516,0.2877,0.03557,0.00328
12,high,5,6,10,0.10,true,0.14250,0.00391,0.00610,1.86361,0.00394,0.2576,0.3990,0.3079,0.01644,0.00266
12,high,5,6,10,0.20,true,0.15887,0.00409,0.00795,1.84909,0.00413,0.3135,0.2648,0.3524,0.00193,0.00187
12,high,5,6,10,0.30,true,0.16462,0.00415,0.01176,1.84717,0.00422,0.3815,0.1628,0.4168,0.00000,0.00000
12,high,5,6,10,0.40,true,0.16312,0.00413,0.01768,1.85462,0.00424,0.4577,0.0925,0.4946,0.00745,0.00156
12,high,5,6,10,0.50,true,0.16012,0.00410,0.02548,1.86546,0.00425,0.5419,0.0508,0.5811,0.01829,0.00209
12,high,5,6,10,0.60,true,0.15238,0.00402,0.03530,1.88309,0.00423,0.6304,0.0249,0.6726,0.03593,0.00244
12,high,5,6,10,0.70,true,0.14313,0.00392,0.04669,1.90381,0.00418,0.7221,0.0133,0.7644,0.05665,0.00268
12,high,5,6,10,0.80,true,0.13087,0.00377,0.06017,1.92965,0.00410,0.8204,0.0081,0.8610,0.08249,0.00292
12,high,5,6,10,0.90,true,0.11912,0.00362,0.07494,1.95630,0.00402,0.9167,0.0043,0.9569,0.10914,0.00312
12,high,5,6,10,1.00,true,0.10800,0.00347,0.09120,1.98387,0.00393,1.0150,0.0021,1.0547,0.13670,0.00330
12,high,5,6,10,1.10,true,0.09725,0.00331,0.10896,2.01261,0.00384,1.1148,0.0007,1.1541,0.16544,0.00344
12,high,5,6,10,1.20,true,0.08463,0.00311,0.12793,2.04446,0.00370,1.2151,0.0004,1.2534,0.19730,0.00359
12,high,5,6,15,0.00,true,0.05650,0.00258,0.04948,1.99307,0.00287,0.3148,0.5228,0.4621,0.00766,0.00190
12,high,5,6,15,0.10,true,0.06450,0.00275,0.05044,1.98606,0.00305,0.3618,0.4328,0.4810,0.00065,0.00133
12,high,5,6,15,0.20,true,0.06950,0.00284,0.05475,1.98541,0.00318,0.4130,0.3389,0.5153,0.00000,0.00000
12,high,5,6,15,0.30,true,0.07175,0.00289,0.06189,1.99036,0.00326,0.4676,0.2541,0.5623,0.00495,0.00124
12,high,5,6,15,0.40,true,0.07462,0.00294,0.07157,1.99725,0.00337,0.5348,0.1887,0.6234,0.01184,0.00171
12,high,5,6,15,0.50,true,0.07425,0.00293,0.08321,2.00938,0.00343,0.6030,0.1325,0.6928,0.02396,0.00203
12,high,5,6,15,0.60,true,0.07387,0.00292,0.09678,2.02346,0.00349,0.6818,0.0934,0.7714,0.03805,0.00228
12,high,5,6,15,0.70,true,0.07100,0.00287,0.11190,2.04163,0.00351,0.7650,0.0640,0.8558,0.05622,0.00247
12,high,5,6,15,0.80,true,0.06763,0.00281,0.12816,2.06147,0.00352,0.8512,0.0429,0.9438,0.07606,0.00263
12,high,5,6,15,0.90,true,0.06275,0.00271,0.14492,2.08336,0.00349,0.9358,0.0269,1.0315,0.09795,0.00276
12,high,5,6,15,1.00,true,0.05563,0.00256,0.16237,2.10821,0.00340,1.0239,0.0180,1.1196,0.12280,0.00287
12,high,5,6,15,1.10,true,0.04963,0.00243,0.18220,2.13441,0.00333,1.1245,0.0120,1.2192,0.14900,0.00300
12,high,5,6,15,1.20,true,0.04387,0.00229,0.20049,2.15882,0.00325,1.2140,0.0088,1.3077,0.17341,0.00310
12,high,5,6,20,0.00,true,0.03075,0.00193,0.14693,2.11667,0.00290,0.4267,0.5137,0.6826,0.00103,0.00097
12,high,5,6,20,0.10,true,0.03400,0.00203,0.14907,2.11564,0.00301,0.4719,0.4489,0.7016,0.00000,0.00000
12,high,5,6,20,0.20,true,0.03700,0.00211,0.15403,2.11771,0.00312,0.5219,0.3775,0.7335,0.00207,0.00107
12,high,5,6,20,0.30,true,0.03837,0.00215,0.16147,2.12392,0.00320,0.5737,0.3107,0.7744,0.00828,0.00149
12,high,5,6,20,0.40,true,0.03887,0.00216,0.17121,2.13335,0.00326,0.6330,0.2549,0.8241,0.01771,0.00177
12,high,5,6,20,0.50,true,0.03737,0.00212,0.18308,2.14693,0.00328,0.6925,0.2006,0.8818,0.03129,0.00196
12,high,5,6,20,0.60,true,0.03675,0.00210,0.19616,2.16089,0.00331,0.7605,0.1591,0.9468,0.04525,0.00214
12,high,5,6,20,0.70,true,0.03637,0.00209,0.21079,2.17620,0.00335,0.8327,0.1209,1.0205,0.06056,0.00230
12,high,5,6,20,0.80,true,0.03550,0.00207,0.22560,2.19222,0.00338,0.9074,0.0950,1.0948,0.07658,0.00247
12,high,5,6,20,0.90,true,0.03425,0.00203,0.24208,2.21036,0.00339,0.9902,0.0712,1.1794,0.09472,0.00265
12,high,5,6,20,1.00,true,0.03188,0.00196,0.25889,2.22999,0.00336,1.0715,0.0515,1.2641,0.11435,0.00272
12,high,5,6,20,1.10,true,0.03037,0.00192,0.27558,2.24867,0.00335,1.1568,0.0396,1.3494,0.13303,0.00281
12,high,5,6,20,1.20,true,0.02675,0.00180,0.29233,2.26956,0.00328,1.2401,0.0301,1.4331,0.15393,0.00286
12,hcp30,5,12,10,0.00,true,0.32738,0.00525,0.03506,1.70842,0.00561,0.4523,0.7106,0.4347,0.06581,0.00542
12,hcp30,5,12,10,0.10,true,0.36850,0.00539,0.04336,1.67583,0.00589,0.5147,0.6354,0.4457,0.03322,0.00460
12,hcp30,5,12,10,0.20,true,0.39925,0.00548,0.05366,1.65570,0.00614,0.5640,0.5595,0.4695,0.01309,0.00377
12,hcp30,5,12,10,0.30,true,0.42362,0.00552,0.06771,1.64583,0.00640,0.6264,0.4815,0.5086,0.00322,0.00266
12,hcp30,5,12,10,0.40,true,0.44375,0.00555,0.08404,1.64261,0.00666,0.6925,0.4056,0.5630,0.00000,0.00000
12,hcp30,5,12,10,0.50,true,0.45737,0.00557,0.10284,1.64850,0.00694,0.7632,0.3347,0.6307,0.00589,0.00262
12,hcp30,5,12,10,0.60,true,0.46563,0.00558,0.12447,1.66279,0.00723,0.8425,0.2735,0.7111,0.02018,0.00368
12,hcp30,5,12,10,0.70,true,0.47137,0.00558,0.14720,1.68086,0.00753,0.9211,0.2166,0.8011,0.03824,0.00445
12,hcp30,5,12,10,0.80,true,0.47300,0.00558,0.17047,1.70371,0.00780,1.0025,0.1717,0.8940,0.06110,0.00510
12,hcp30,5,12,10,0.90,true,0.46937,0.00558,0.19508,1.73339,0.00806,1.0881,0.1378,0.9893,0.09078,0.00566
12,hcp30,5,12,10,1.00,true,0.46313,0.00557,0.21917,1.76526,0.00830,1.1699,0.1108,1.0818,0.12265,0.00615
12,hcp30,5,12,10,1.10,true,0.45713,0.00557,0.24344,1.79733,0.00852,1.2567,0.0880,1.1797,0.15472,0.00655
12,hcp30,5,12,10,1.20,true,0.45150,0.00556,0.26724,1.82873,0.00873,1.3465,0.0697,1.2799,0.18612,0.00691
12,hcp30,5,12,15,0.00,true,0.21313,0.00458,0.09811,1.88808,0.00548,0.6501,0.6197,0.6337,0.00596,0.00218
12,hcp30,5,12,15,0.10,true,0.23075,0.00471,0.10928,1.88212,0.00576,0.7025,0.5653,0.6474,0.00000,0.00000
12,hcp30,5,12,15,0.20,true,0.24363,0.00480,0.12208,1.88263,0.00601,0.7521,0.5135,0.6695,0.00052,0.00205
12,hcp30,5,12,15,0.30,true,0.25588,0.00488,0.13734,1.88642,0.00627,0.8035,0.4584,0.7015,0.00431,0.00291
12,hcp30,5,12,15,0.40,true,0.26600,0.00494,0.15499,1.89491,0.00652,0.8613,0.4055,0.7448,0.01279,0.00366
12,hcp30,5,12,15,0.50,true,0.27350,0.00498,0.17472,1.90830,0.00677,0.9296,0.3596,0.7978,0.02618,0.00428
12,hcp30,5,12,15,0.60,true,0.27800,0.00501,0.19587,1.92630,0.00700,0.9961,0.3154,0.8574,0.04418,0.00482
12,hcp30,5,12,15,0.70,true,0.28163,0.00503,0.21776,1.94608,0.00723,1.0712,0.2801,0.9229,0.06396,0.00528
12,hcp30,5,12,15,0.80,true,0.28500,0.00505,0.24068,1.96737,0.00745,1.1446,0.2441,0.9963,0.08525,0.00573
12,hcp30,5,12,15,0.90,true,0.28675,0.00506,0.26407,1.99095,0.00766,1.2180,0.2105,1.0748,0.10884,0.00613
12,hcp30,5,12,15,1.00,true,0.28787,0.00506,0.28849,2.01642,0.00786,1.2966,0.1801,1.1605,0.13430,0.00652
12,hcp30,5,12,15,1.10,true,0.28713,0.00506,0.31254,2.04360,0.00803,1.3798,0.1564,1.2479,0.16149,0.00683
12,hcp30,5,12,15,1.20,true,0.28550,0.00505,0.33650,2.07181,0.00820,1.4633,0.1344,1.3389,0.18970,0.00713
12,hcp30,5,12,20,0.00,true,0.15075,0.00400,0.16852,2.02489,0.00539,0.8357,0.5790,0.8344,0.00000,0.00000
12,hcp30,5,12,20,0.10,true,0.15925,0.00409,0.18005,2.02863,0.00561,0.8824,0.5357,0.8495,0.00373,0.00176
12,hcp30,5,12,20,0.20,true,0.16587,0.00416,0.19204,2.03484,0.00581,0.9321,0.4974,0.8694,0.00994,0.00240
12,hcp30,5,12,20,0.30,true,0.17363,0.00423,0.20646,2.04256,0.00604,0.9882,0.4573,0.8996,0.01766,0.00304
12,hcp30,5,12,20,0.40,true,0.17613,0.00426,0.22250,2.05735,0.00621,1.0469,0.4203,0.9338,0.03246,0.00357
12,hcp30,5,12,20,0.50,true,0.18013,0.00430,0.23931,2.07160,0.00640,1.1131,0.3888,0.9746,0.04670,0.00400
12,hcp30,5,12,20,0.60,true,0.18538,0.00434,0.25764,2.08633,0.00661,1.1818,0.3566,1.0254,0.06144,0.00448
12,hcp30,5,12,20,0.70,true,0.19025,0.00439,0.27633,2.10194,0.00681,1.2440,0.3231,1.0810,0.07705,0.00489
12,hcp30,5,12,20,0.80,true,0.19337,0.00442,0.29593,2.12051,0.00699,1.3110,0.2920,1.1428,0.09561,0.00528
12,hcp30,5,12,20,0.90,true,0.19487,0.00443,0.31602,2.14134,0.00715,1.3735,0.2602,1.2085,0.11645,0.00561
12,hcp30,5,12,20,1.00,true,0.19612,0.00444,0.33666,2.16319,0.00730,1.4400,0.2309,1.2802,0.13830,0.00596
12,hcp30,5,12,20,1.10,true,0.19700,0.00445,0.35649,2.18479,0.00745,1.5172,0.2097,1.3539,0.15990,0.00622
12,hcp30,5,12,20,1.20,true,0.19587,0.00444,0.37720,2.20953,0.00757,1.5942,0.1889,1.4317,0.18464,0.00647
12,hcp30,5,3,10,0.00,true,0.04337,0.00228,0.20847,2.17087,0.00385,0.1799,0.5233,0.4948,0.02872,0.00268
12,hcp30,5,3,10,0.10,true,0.05813,0.00262,0.20368,2.15156,0.00412,0.2313,0.3522,0.5091,0.00941,0.00195
12,hcp30,5,3,10,0.20,true,0.07087,0.00287,0.20642,2.14215,0.00435,0.3036,0.2493,0.5413,0.00000,0.00000
12,hcp30,5,3,10,0.30,true,0.08163,0.00306,0.21860,2.14472,0.00456,0.3982,0.1877,0.5939,0.00257,0.00238
12,hcp30,5,3,10,0.40,true,0.09087,0.00321,0.23751,2.15587,0.00478,0.4876,0.1594,0.6532,0.01372,0.00330
12,hcp30,5,3,10,0.50,true,0.09112,0.00322,0.26449,2.18457,0.00487,0.5738,0.1377,0.7199,0.04242,0.00392
12,hcp30,5,3,10,0.60,true,0.09488,0.00328,0.29491,2.21355,0.00503,0.6549,0.1235,0.7915,0.07140,0.00444
12,hcp30,5,3,10,0.70,true,0.09625,0.00330,0.32820,2.24810,0.00516,0.7290,0.1090,0.8664,0.10595,0.00484
12,hcp30,5,3,10,0.80,true,0.10075,0.00337,0.36074,2.27906,0.00536,0.8023,0.1009,0.9435,0.13691,0.00529
12,hcp30,5,3,10,0.90,true,0.10462,0.00342,0.39170,2.30924,0.00554,0.8685,0.0923,1.0195,0.16709,0.00567
12,hcp30,5,3,10,1.00,true,0.10837,0.00348,0.42176,2.33891,0.00572,0.9343,0.0848,1.0979,0.19676,0.00600
12,hcp30,5,3,10,1.10,true,0.10938,0.00349,0.45102,2.37087,0.00584,0.9946,0.0744,1.1769,0.22872,0.00627
12,hcp30,5,3,10,1.20,true,0.11338,0.00354,0.47743,2.39711,0.00602,1.0560,0.0664,1.2575,0.25496,0.00655
12,hcp30,5,3,15,0.00,true,0.03000,0.00191,0.35364,2.33999,0.00427,0.2954,0.5146,0.7494,0.01147,0.00225
12,hcp30,5,3,15,0.10,true,0.03737,0.00212,0.35106,2.33040,0.00442,0.3400,0.4035,0.7599,0.00187,0.00168
12,hcp30,5,3,15,0.20,true,0.04250,0.00226,0.35351,2.32853,0.00452,0.4080,0.3200,0.7836,0.00000,0.00000
12,hcp30,5,3,15,0.30,true,0.04725,0.00237,0.36164,2.33316,0.00461,0.4875,0.2585,0.8200,0.00464,0.00189
12,hcp30,5,3,15,0.40,true,0.05050,0.00245,0.37399,2.34382,0.00467,0.5660,0.2127,0.8640,0.01529,0.00269
12,hcp30,5,3,15,0.50,true,0.05337,0.00251,0.39182,2.36092,0.00474,0.6596,0.1842,0.9211,0.03239,0.00320
12,hcp30,5,3,15,0.60,true,0.05513,0.00255,0.41204,2.38173,0.00478,0.7465,0.1662,0.9805,0.05320,0.00359
12,hcp30,5,3,15,0.70,true,0.05950,0.00264,0.43426,2.40229,0.00489,0.8311,0.1489,1.0477,0.07377,0.00399
12,hcp30,5,3,15,0.80,true,0.06012,0.00266,0.45795,2.42834,0.00493,0.9129,0.1374,1.1162,0.09981,0.00432
12,hcp30,5,3,15,0.90,true,0.06237,0.00270,0.48126,2.45260,0.00500,0.9914,0.1282,1.1876,0.12407,0.00466
12,hcp30,5,3,15,1.00,true,0.06175,0.00269,0.50588,2.48140,0.00501,1.0671,0.1195,1.2616,0.15287,0.00489
12,hcp30,5,3,15,1.10,true,0.06012,0.00266,0.52999,2.51098,0.00500,1.1381,0.1104,1.3370,0.18245,0.00507
12,hcp30,5,3,15,1.20,true,0.06212,0.00270,0.55150,2.53438,0.00508,1.2055,0.1020,1.4137,0.20586,0.00532
12,hcp30,5,3,20,0.00,true,0.01762,0.00147,0.47014,2.48410,0.00426,0.4080,0.5190,1.0139,0.00559,0.00203
12,hcp30,5,3,20,0.10,true,0.02113,0.00161,0.46925,2.48010,0.00435,0.4571,0.4453,1.0207,0.00159,0.00145
12,hcp30,5,3,20,0.20,true,0.02550,0.00176,0.47127,2.47851,0.00445,0.5191,0.3799,1.0383,0.00000,0.00000
12,hcp30,5,3,20,0.30,true,0.02913,0.00188,0.47637,2.48118,0.00453,0.5905,0.3242,1.0655,0.00267,0.00169
12,hcp30,5,3,20,0.40,true,0.03275,0.00199,0.48392,2.48665,0.00461,0.6655,0.2755,1.1010,0.00814,0.00240
12,hcp30,5,3,20,0.50,true,0.03238,0.00198,0.49520,2.50033,0.00457,0.7543,0.2445,1.1431,0.02182,0.00273
12,hcp30,5,3,20,0.60,true,0.03438,0.00204,0.50822,2.51367,0.00460,0.8425,0.2186,1.1933,0.03516,0.00304
12,hcp30,5,3,20,0.70,true,0.03637,0.00209,0.52300,2.52911,0.00464,0.9322,0.1974,1.2498,0.05060,0.00335
12,hcp30,5,3,20,0.80,true,0.03875,0.00216,0.53804,2.54466,0.00469,1.0158,0.1789,1.3100,0.06615,0.00365
12,hcp30,5,3,20,0.90,true,0.03988,0.00219,0.55479,2.56341,0.00471,1.1014,0.1669,1.3737,0.08490,0.00388
12,hcp30,5,3,20,1.00,true,0.04125,0.00222,0.57176,2.58249,0.00474,1.1853,0.1554,1.4421,0.10398,0.00408
12,hcp30,5,3,20,1.10,true,0.04275,0.00226,0.58792,2.60076,0.00478,1.2632,0.1444,1.5115,0.12225,0.00435
12,hcp30,5,3,20,1.20,true,0.04300,0.00227,0.60392,2.62036,0.00479,1.3389,0.1356,1.5817,0.14185,0.00454
12,hcp30,5,6,10,0.00,true,0.10700,0.00346,0.08593,1.98101,0.00404,0.4206,0.5515,0.4610,0.00989,0.00253
12,hcp30,5,6,10,0.10,true,0.11613,0.00358,0.08672,1.97283,0.00417,0.4692,0.4698,0.4812,0.00170,0.00170
12,hcp30,5,6,10,0.20,true,0.12350,0.00368,0.09205,1.97113,0.00430,0.5274,0.3959,0.5154,0.00000,0.00000
12,hcp30,5,6,10,0.30,true,0.12937,0.00375,0.10146,1.97520,0.00444,0.5936,0.3286,0.5647,0.00407,0.00182
12,hcp30,5,6,10,0.40,true,0.13362,0.00380,0.11438,1.98461,0.00457,0.6610,0.2648,0.6260,0.01348,0.00254
12,hcp30,5,6,10,0.50,true,0.13287,0.00380,0.12962,2.00150,0.00466,0.7322,0.2149,0.6936,0.03038,0.00301
12,hcp30,5,6,10,0.60,true,0.12937,0.00375,0.14719,2.02367,0.00471,0.8075,0.1717,0.7698,0.05254,0.00348
12,hcp30,5,6,10,0.70,true,0.12587,0.00371,0.16560,2.04682,0.00477,0.8852,0.1399,0.8483,0.07569,0.00380
12,hcp30,5,6,10,0.80,true,0.12000,0.00363,0.18626,2.07484,0.00479,0.9693,0.1119,0.9358,0.10371,0.00415
12,hcp30,5,6,10,0.90,true,0.11263,0.00353,0.20701,2.10460,0.00478,1.0485,0.0878,1.0221,0.13347,0.00442
12,hcp30,5,6,10,1.00,true,0.10525,0.00343,0.22859,2.13540,0.00475,1.1330,0.0685,1.1132,0.16427,0.00467
12,hcp30,5,6,10,1.10,true,0.09713,0.00331,0.25101,2.16802,0.00471,1.2249,0.0557,1.2080,0.19690,0.00491
12,hcp30,5,6,10,1.20,true,0.09037,0.00321,0.27337,2.19939,0.00467,1.3148,0.0427,1.3048,0.22826,0.00513
12,hcp30,5,6,15,0.00,true,0.05688,0.00259,0.20569,2.15596,0.00390,0.6238,0.5234,0.6989,0.00159,0.00137
12,hcp30,5,6,15,0.10,true,0.05887,0.00263,0.20582,2.15438,0.00393,0.6741,0.4735,0.7174,0.00000,0.00000
12,hcp30,5,6,15,0.20,true,0.06175,0.00269,0.20897,2.15517,0.00399,0.7321,0.4250,0.7463,0.00080,0.00134
12,hcp30,5,6,15,0.30,true,0.06400,0.00274,0.21467,2.15934,0.00405,0.7895,0.3786,0.7827,0.00497,0.00183
12,hcp30,5,6,15,0.40,true,0.06313,0.00272,0.22320,2.16971,0.00407,0.8544,0.3364,0.8281,0.01534,0.00232
12,hcp30,5,6,15,0.50,true,0.06075,0.00267,0.23404,2.18409,0.00406,0.9167,0.2943,0.8809,0.02971,0.00278
12,hcp30,5,6,15,0.60,true,0.05912,0.00264,0.24652,2.19959,0.00408,0.9812,0.2547,0.9409,0.04521,0.00315
12,hcp30,5,6,15,0.70,true,0.05900,0.00263,0.26023,2.21501,0.00413,1.0556,0.2244,1.0073,0.06063,0.00347
12,hcp30,5,6,15,0.80,true,0.05700,0.00259,0.27508,2.23363,0.00414,1.1263,0.1939,1.0780,0.07926,0.00377
12,hcp30,5,6,15,0.90,true,0.05588,0.00257,0.29003,2.25159,0.00417,1.1967,0.1681,1.1502,0.09721,0.00402
12,hcp30,5,6,15,1.00,true,0.05312,0.00251,0.30555,2.27189,0.00416,1.2689,0.1465,1.2242,0.11751,0.00425
12,hcp30,5,6,15,1.10,true,0.05125,0.00247,0.32333,2.29398,0.00417,1.3519,0.1249,1.3113,0.13960,0.00452
12,hcp30,5,6,15,1.20,true,0.04700,0.00237,0.33944,2.31664,0.00412,1.4263,0.1098,1.3878,0.16226,0.00470
12,hcp30,5,6,20,0.00,true,0.03225,0.00198,0.32840,2.31210,0.00386,0.8438,0.5076,0.9561,0.00000,0.00000
12,hcp30,5,6,20,0.10,true,0.03250,0.00198,0.32890,2.31278,0.00386,0.8989,0.4752,0.9746,0.00069,0.00100
12,hcp30,5,6,20,0.20,true,0.03400,0.00203,0.33104,2.31412,0.00390,0.9534,0.4375,1.0018,0.00202,0.00155
12,hcp30,5,6,20,0.30,true,0.03313,0.00200,0.33509,2.31996,0.00388,1.0131,0.4043,1.0338,0.00786,0.00197
12,hcp30,5,6,20,0.40,true,0.03313,0.00200,0.34053,2.32652,0.00389,1.0689,0.3701,1.0715,0.01443,0.00230
12,hcp30,5,6,20,0.50,true,0.03363,0.00202,0.34730,2.33414,0.00392,1.1275,0.3367,1.1164,0.02204,0.00264
12,hcp30,5,6,20,0.60,true,0.03350,0.00201,0.35514,2.34364,0.00393,1.1871,0.3052,1.1663,0.03154,0.00297
12,hcp30,5,6,20,0.70,true,0.03338,0.00201,0.36443,2.35487,0.00395,1.2582,0.2784,1.2242,0.04277,0.00330
12,hcp30,5,6,20,0.80,true,0.03338,0.00201,0.37389,2.36621,0.00398,1.3176,0.2513,1.2816,0.05411,0.00355
12,hcp30,5,6,20,0.90,true,0.03225,0.00198,0.38488,2.38051,0.00398,1.3918,0.2294,1.3466,0.06841,0.00379
12,hcp30,5,6,20,1.00,true,0.03037,0.00192,0.39646,2.39631,0.00395,1.4551,0.2039,1.4134,0.08421,0.00397
12,hcp30,5,6,20,1.10,true,0.02900,0.00188,0.40819,2.41183,0.00394,1.5222,0.1833,1.4816,0.09974,0.00415
12,hcp30,5,6,20,1.20,true,0.02838,0.00186,0.42007,2.42686,0.00395,1.5906,0.1652,1.5519,0.11476,0.00434
